date,open,high,low,close,volume
2025-02-13 20:00:00,96294.8515625,96758.71875,96294.8515625,96459.5390625,0
2025-02-13 22:00:00,96475.9375,96635.0234375,96307.3515625,96635.0234375,0
2025-02-14 00:00:00,96619.46875,96904.4609375,96410.453125,96528.9921875,174026752
2025-02-14 02:00:00,96546.3046875,97163.3828125,96496.953125,97135.3046875,0
2025-02-14 04:00:00,97128.875,97196.390625,96606.828125,96718.59375,251568128
2025-02-14 06:00:00,96691.8984375,97068.9140625,96637.140625,96987.0625,0
2025-02-14 08:00:00,96959.125,97144.6953125,96819.8828125,97125.2421875,488927232
2025-02-14 10:00:00,97133.296875,97190.4609375,96850.2578125,96908.1484375,128049152
2025-02-14 12:00:00,96899.21875,96963.0,96491.5078125,96816.3984375,179136512
2025-02-14 14:00:00,96807.546875,97576.1171875,96385.234375,96957.0390625,224151552
2025-02-14 16:00:00,96946.6328125,98803.4921875,96585.59375,98700.9453125,2136637440
2025-02-14 18:00:00,98557.3203125,98694.6171875,97778.40625,97927.0,1712160768
2025-02-14 20:00:00,97971.6640625,98237.5625,96774.5703125,97487.7890625,1575866368
2025-02-14 22:00:00,97491.8828125,97563.03125,97016.3203125,97524.21875,649467904
2025-02-15 00:00:00,97502.3671875,97813.6953125,97277.6484375,97812.96875,141225984
2025-02-15 02:00:00,97807.7265625,97967.2734375,97656.984375,97699.7265625,514560000
2025-02-15 04:00:00,97697.5234375,97783.59375,97491.1328125,97602.203125,0
2025-02-15 06:00:00,97604.9140625,97661.3125,97390.5625,97391.671875,0
2025-02-15 08:00:00,97380.78125,97593.125,97333.7890625,97559.6953125,589467648
2025-02-15 10:00:00,97567.0390625,97724.453125,97465.6875,97623.078125,481648640
2025-02-15 12:00:00,97625.125,97909.6171875,97581.6953125,97758.671875,0
2025-02-15 14:00:00,97742.4453125,97742.4453125,97484.6796875,97640.9921875,0
2025-02-15 16:00:00,97641.4921875,97704.515625,97353.421875,97403.1171875,0
2025-02-15 18:00:00,97411.765625,97657.6171875,97410.0625,97574.125,0
2025-02-15 20:00:00,97562.640625,97695.703125,97450.7578125,97673.296875,0
2025-02-15 22:00:00,97687.375,97743.703125,97464.0546875,97579.46875,488832000
2025-02-16 00:00:00,97586.359375,97717.9140625,97574.328125,97659.6171875,0
2025-02-16 02:00:00,97656.5625,97656.5625,97472.5234375,97558.046875,645299200
2025-02-16 04:00:00,97559.0078125,97648.3515625,97493.84375,97618.9921875,600890368
2025-02-16 06:00:00,97616.484375,97625.2265625,97234.515625,97243.625,0
2025-02-16 08:00:00,97258.953125,97370.4921875,97086.625,97370.4921875,860876800
2025-02-16 10:00:00,97355.0390625,97375.765625,97190.859375,97338.5703125,1209800704
2025-02-16 12:00:00,97343.0,97343.0,96836.9375,96888.46875,603999232
2025-02-16 14:00:00,96871.046875,97079.1953125,96696.9609375,96984.8046875,582150144
2025-02-16 16:00:00,96951.65625,97154.7265625,96921.3984375,96954.6328125,0
2025-02-16 18:00:00,96979.140625,97110.71875,96772.15625,97065.0078125,1290348544
2025-02-16 20:00:00,97068.1953125,97208.984375,96888.765625,97159.875,161660928
2025-02-16 22:00:00,97172.75,97180.4765625,96069.96875,96201.59375,1626263552
2025-02-17 00:00:00,96092.5078125,96508.5078125,96092.5078125,96508.5078125,684758016
2025-02-17 02:00:00,96510.25,96586.1484375,96094.0625,96230.0546875,815854592
2025-02-17 04:00:00,96217.7578125,96314.7265625,95865.640625,96241.78125,503412736
2025-02-17 06:00:00,96252.8671875,96431.6875,95914.03125,96078.15625,1877547008
2025-02-17 08:00:00,96080.671875,96304.15625,95973.2890625,96198.5,745906176
2025-02-17 10:00:00,96175.546875,96387.421875,96015.03125,96065.359375,987707392
2025-02-17 12:00:00,96058.3671875,96480.7109375,96058.3671875,96390.5859375,0
2025-02-17 14:00:00,96403.953125,96990.8515625,95600.3515625,95600.3515625,2391562240
2025-02-17 16:00:00,95675.4765625,95936.0546875,95327.359375,95580.140625,3053776896
2025-02-17 18:00:00,95567.6796875,95757.546875,95243.546875,95568.09375,1627832320
2025-02-17 20:00:00,95554.03125,96386.9765625,95539.1171875,96386.9765625,497520640
2025-02-17 22:00:00,96403.34375,96403.34375,95738.75,95765.453125,12853248
2025-02-18 00:00:00,95839.125,96265.6796875,95567.7734375,96265.6796875,546478080
2025-02-18 02:00:00,96261.15625,96311.9375,96037.515625,96192.21875,685152256
2025-02-18 04:00:00,96186.234375,96287.5390625,95591.265625,95592.453125,538640384
2025-02-18 06:00:00,95598.0546875,95658.34375,95293.2734375,95475.21875,1861296128
2025-02-18 08:00:00,95446.0234375,95707.28125,95146.3125,95702.375,195129344
2025-02-18 10:00:00,95758.4375,95839.5625,95554.859375,95607.7265625,568115200
2025-02-18 12:00:00,95620.4140625,96364.7109375,95606.1875,96216.2265625,817395712
2025-02-18 14:00:00,96211.0859375,96695.375,95292.8203125,95501.640625,667187200
2025-02-18 16:00:00,95513.6640625,95576.09375,94084.515625,94095.6640625,1020100608
2025-02-18 18:00:00,93827.203125,94270.9765625,93410.84375,94083.1953125,3807449088
2025-02-18 20:00:00,93985.1484375,95231.1796875,93739.703125,94915.5546875,1983064064
2025-02-18 22:00:00,94986.0625,95524.3046875,94878.515625,95524.3046875,1754210304
2025-02-19 00:00:00,95607.8671875,95709.4453125,95015.7109375,95403.3984375,609251328
2025-02-19 02:00:00,95429.359375,95891.9140625,95429.359375,95655.0078125,1045356544
2025-02-19 04:00:00,95715.203125,95715.203125,95030.28125,95238.6953125,1311555584
2025-02-19 06:00:00,95260.5546875,95790.3359375,95212.171875,95731.9609375,402067456
2025-02-19 08:00:00,95648.7109375,95947.8046875,95605.9296875,95947.8046875,0
2025-02-19 10:00:00,95893.265625,96396.5625,95893.265625,96359.7890625,1575497728
2025-02-19 12:00:00,96391.0078125,96477.3046875,96168.1875,96303.8515625,202031104
2025-02-19 14:00:00,96313.109375,96686.515625,95603.1328125,95955.5859375,0
2025-02-19 16:00:00,95929.3046875,96461.5390625,95929.3046875,96432.1640625,0
2025-02-19 18:00:00,96382.4921875,96382.4921875,95469.34375,96116.8984375,134600704
2025-02-19 20:00:00,96173.3203125,96456.609375,96053.90625,96292.7734375,0
2025-02-19 22:00:00,96279.0,96820.328125,96279.0,96636.1015625,601972736
2025-02-20 00:00:00,96624.4140625,96918.640625,96447.5,96720.0078125,692264960
2025-02-20 02:00:00,96747.8515625,97317.1796875,96747.8515625,97083.515625,1534529536
2025-02-20 04:00:00,97067.046875,97326.8125,96919.109375,96919.109375,340649984
2025-02-20 06:00:00,96915.9765625,97067.9453125,96816.453125,96971.84375,90304512
2025-02-20 08:00:00,96874.21875,97272.4140625,96821.203125,97177.8046875,660498432
2025-02-20 10:00:00,97193.109375,97372.9765625,97114.6796875,97206.3984375,0
2025-02-20 12:00:00,97204.3125,97546.59375,97204.3125,97546.59375,945913856
2025-02-20 14:00:00,97567.1796875,98037.09375,96900.9296875,96919.6640625,1311037440
2025-02-20 16:00:00,96908.984375,98005.625,96908.984375,98005.625,1297106944
2025-02-20 18:00:00,97990.8671875,98516.453125,97990.8671875,98443.15625,1691473920
2025-02-20 20:00:00,98457.296875,98744.1484375,98062.7890625,98136.078125,1125087232
2025-02-20 22:00:00,98123.0546875,98523.765625,98114.4375,98337.09375,152301568
2025-02-21 00:00:00,98338.84375,98513.1875,98139.4453125,98369.3828125,189640704
2025-02-21 02:00:00,98346.1328125,98385.28125,98142.5625,98177.390625,472440832
2025-02-21 04:00:00,98172.65625,98390.1953125,98172.65625,98361.609375,0
2025-02-21 06:00:00,98366.09375,98605.90625,98206.9453125,98206.9453125,286978048
2025-02-21 08:00:00,98219.5,98903.5859375,98173.75,98355.3515625,1319944192
2025-02-21 10:00:00,98369.0,98787.4375,98293.484375,98658.140625,1129195520
2025-02-21 12:00:00,98656.6953125,99473.7265625,98559.0546875,99392.0,2466197504
2025-02-21 14:00:00,99374.125,99392.78125,97269.3359375,98071.1015625,3873384448
2025-02-21 16:00:00,98107.578125,98756.734375,96885.609375,97009.53125,4977545216
2025-02-21 18:00:00,96968.1171875,97164.671875,95240.9375,95375.4140625,3618451456
2025-02-21 20:00:00,95265.703125,95523.546875,94918.8359375,95339.3671875,2638753792
2025-02-21 22:00:00,95321.34375,96148.875,95193.3046875,96134.921875,1613709312
2025-02-22 00:00:00,96117.0703125,96458.5078125,95781.3203125,96223.53125,295985152
2025-02-22 02:00:00,96231.0,96439.34375,96105.078125,96290.859375,0
2025-02-22 04:00:00,96291.625,96507.1796875,96291.625,96491.34375,0
2025-02-22 06:00:00,96509.984375,96570.6640625,96340.8828125,96344.3828125,0
2025-02-22 08:00:00,96297.8046875,96482.109375,96136.5625,96468.9375,0
2025-02-22 10:00:00,96485.546875,96599.1015625,96447.421875,96590.453125,500469760
2025-02-22 12:00:00,96591.28125,96893.484375,96556.9375,96558.0078125,0
2025-02-22 14:00:00,96574.7265625,96704.5078125,96509.1015625,96638.5390625,0
2025-02-22 16:00:00,96610.8046875,96787.90625,96501.6875,96629.7734375,0
2025-02-22 18:00:00,96635.6875,96772.453125,96383.890625,96627.0703125,0
2025-02-22 20:00:00,96625.40625,96677.328125,96534.984375,96677.328125,0
2025-02-22 22:00:00,96672.796875,96700.234375,96543.0,96580.2578125,0
2025-02-23 00:00:00,96571.046875,96657.171875,96431.5546875,96484.4609375,406853632
2025-02-23 02:00:00,96481.46875,96587.9921875,96421.8359375,96453.9375,579642368
2025-02-23 04:00:00,96440.796875,96532.4765625,96239.4921875,96239.4921875,32309248
2025-02-23 06:00:00,96231.703125,96580.109375,96192.765625,96557.984375,20264960
2025-02-23 08:00:00,96558.4375,96561.6640625,96286.9921875,96320.21875,236633088
2025-02-23 10:00:00,96320.53125,96320.53125,96120.1953125,96135.6328125,0
2025-02-23 12:00:00,96124.6640625,96143.1171875,95698.21875,95948.7109375,279678976
2025-02-23 14:00:00,95938.984375,96038.765625,95469.6484375,95469.6484375,0
2025-02-23 16:00:00,95450.5625,95732.828125,95280.578125,95665.6484375,595776512
2025-02-23 18:00:00,95664.78125,95879.8671875,95644.5703125,95751.15625,0
2025-02-23 20:00:00,95772.375,95813.9765625,95686.2109375,95768.4921875,0
2025-02-23 22:00:00,95759.4296875,96304.7265625,95572.515625,96277.328125,954991616
2025-02-24 00:00:00,96267.8515625,96476.515625,95834.2265625,95980.046875,1785368576
2025-02-24 02:00:00,95983.8125,96176.6484375,95332.796875,95527.703125,1598750720
2025-02-24 04:00:00,95478.3125,95750.265625,95125.3828125,95730.8203125,2515027968
2025-02-24 06:00:00,95715.265625,95948.5859375,95663.3046875,95889.6796875,490678272
2025-02-24 08:00:00,95898.1953125,96150.0703125,95436.7109375,95790.734375,1482668032
2025-02-24 10:00:00,95762.65625,95894.6171875,95415.5859375,95831.7265625,1004304384
2025-02-24 12:00:00,95827.7578125,96062.9375,95383.390625,95601.734375,693639168
2025-02-24 14:00:00,95612.0,95691.8046875,93901.578125,94246.828125,5623078912
2025-02-24 16:00:00,94301.5703125,95150.75,94190.4375,94658.1875,2491140096
2025-02-24 18:00:00,94635.5,94833.4453125,93743.8671875,93894.8671875,2332553216
2025-02-24 20:00:00,93889.203125,94515.7265625,93677.65625,93997.890625,2564657152
2025-02-24 22:00:00,93959.84375,93959.84375,91393.390625,91393.390625,6010236928
2025-02-25 00:00:00,91496.140625,92354.2578125,91029.2265625,91970.921875,5617709056
2025-02-25 02:00:00,92168.9296875,92498.59375,91626.609375,92197.296875,1480724480
2025-02-25 04:00:00,92152.765625,92294.921875,91723.8359375,92003.671875,1170288640
2025-02-25 06:00:00,92037.7734375,92037.7734375,88355.9453125,89398.484375,7821660160
2025-02-25 08:00:00,89266.65625,89958.46875,88284.1796875,88284.1796875,5904965632
2025-02-25 10:00:00,88268.3359375,89292.828125,87190.7734375,89198.6328125,9792704512
2025-02-25 12:00:00,89198.71875,89463.6484375,88747.3984375,88818.2109375,4174831616
2025-02-25 14:00:00,88696.40625,89293.6484375,86138.2734375,87301.0390625,4202299392
2025-02-25 16:00:00,87007.546875,87694.015625,86128.4375,87117.859375,4186513408
2025-02-25 18:00:00,87152.171875,87924.3828125,86448.5078125,87863.0859375,1900347392
2025-02-25 20:00:00,87816.71875,88873.140625,87594.2734375,88598.2109375,2607030272
2025-02-25 22:00:00,88692.203125,89344.90625,88446.0390625,88701.9140625,102842368
2025-02-26 00:00:00,88491.3359375,88711.40625,88054.53125,88691.546875,0
2025-02-26 02:00:00,88609.4140625,89260.65625,88355.8828125,88822.1015625,133988352
2025-02-26 04:00:00,88797.0390625,89089.84375,88421.0546875,88421.0546875,0
2025-02-26 06:00:00,88345.0234375,89015.40625,88345.0234375,88659.96875,2232434688
2025-02-26 08:00:00,88641.875,89208.5078125,88178.828125,89055.546875,0
2025-02-26 10:00:00,89059.828125,89222.5390625,88611.8515625,88611.8515625,0
2025-02-26 12:00:00,88550.4609375,88573.2265625,87053.234375,87053.234375,0
2025-02-26 14:00:00,87072.828125,88288.6484375,85422.9375,87413.8359375,1632796672
2025-02-26 16:00:00,87454.171875,87614.5078125,85626.4609375,85626.4609375,0
2025-02-26 18:00:00,86165.1171875,86317.1484375,83683.5703125,83755.3671875,8962310144
2025-02-26 20:00:00,83783.140625,84807.203125,82242.9921875,84336.375,3264200704
2025-02-26 22:00:00,84439.328125,85122.9375,83836.8515625,83993.6328125,2340999168
2025-02-27 00:00:00,84136.3046875,85265.8984375,83977.671875,84706.546875,3868168192
2025-02-27 02:00:00,84641.421875,85228.046875,84222.7578125,85164.9921875,2459906048
2025-02-27 04:00:00,85134.2265625,85825.984375,84637.1875,85825.984375,39010304
2025-02-27 06:00:00,85809.0703125,86478.65625,85646.515625,86256.140625,1699446784
2025-02-27 08:00:00,86210.6171875,86354.3515625,85848.9609375,86044.6171875,394551296
2025-02-27 10:00:00,86091.75,86939.5859375,85984.9921875,86640.7734375,300687360
2025-02-27 12:00:00,86625.2265625,86690.9453125,85830.1484375,86042.0703125,549568512
2025-02-27 14:00:00,86045.0078125,86308.4765625,84633.4375,85580.4296875,413724672
2025-02-27 16:00:00,85452.5625,85571.2421875,84315.375,84459.4609375,0
2025-02-27 18:00:00,84607.59375,84865.40625,83514.484375,84054.6875,0
2025-02-27 20:00:00,84011.53125,84283.9296875,82745.171875,84168.375,0
2025-02-27 22:00:00,84263.1171875,84818.4453125,83801.3828125,84763.90625,0
2025-02-28 00:00:00,84671.1640625,84780.2265625,81298.96875,82081.1875,3953508352
2025-02-28 02:00:00,81728.8515625,82737.0078125,79691.9921875,80283.3203125,7202115584
2025-02-28 04:00:00,80326.78125,80767.7890625,79269.7890625,79616.3828125,5084102656
2025-02-28 06:00:00,79828.8203125,80258.7421875,78790.59375,79049.0703125,7179022336
2025-02-28 08:00:00,79098.65625,80598.0234375,78260.9453125,80267.109375,5479399424
2025-02-28 10:00:00,80307.71875,80701.8828125,79612.2578125,80416.671875,186572800
2025-02-28 12:00:00,80365.3671875,81659.5390625,80095.1484375,81466.1328125,2929655808
2025-02-28 14:00:00,81461.2578125,84298.5859375,81163.875,83971.3203125,2926567424
2025-02-28 16:00:00,83973.015625,84853.7734375,83516.125,83610.40625,1399037952
2025-02-28 18:00:00,83613.265625,84907.5703125,83197.3515625,84374.546875,2557575168
2025-02-28 20:00:00,84421.984375,84730.734375,83612.28125,84189.390625,0
2025-02-28 22:00:00,84231.65625,84467.6171875,83874.7734375,84374.015625,0
2025-03-01 00:00:00,84330.8515625,84741.8984375,83794.234375,84626.71875,692592640
2025-03-01 02:00:00,84609.890625,85482.8515625,84341.359375,85235.5546875,0
2025-03-01 04:00:00,85321.8203125,86501.0625,85302.6328125,85599.203125,0
2025-03-01 06:00:00,85592.25,85614.6484375,84726.09375,84726.09375,0
2025-03-01 08:00:00,84719.984375,85458.3203125,84719.984375,85324.2734375,0
2025-03-01 10:00:00,85343.6640625,85368.859375,84371.1875,84591.546875,0
2025-03-01 12:00:00,84591.2578125,84862.359375,84344.234375,84457.3203125,0
2025-03-01 14:00:00,84477.421875,84797.265625,84416.390625,84757.4921875,0
2025-03-01 16:00:00,84759.65625,85279.7421875,84671.75,85179.8828125,0
2025-03-01 18:00:00,85171.2734375,85439.1015625,85055.7421875,85425.2734375,0
2025-03-01 20:00:00,85439.9765625,86096.625,85307.3828125,85966.1484375,0
2025-03-01 22:00:00,86033.0390625,86158.0546875,85650.8984375,86039.7578125,942098432
2025-03-02 00:00:00,86024.3515625,86305.265625,85795.5625,86305.265625,171909120
2025-03-02 02:00:00,86311.03125,86443.1015625,85671.1640625,85876.8125,224946176
2025-03-02 04:00:00,85832.9765625,85970.875,85523.25,85900.9765625,0
2025-03-02 06:00:00,85954.640625,86448.6484375,85907.3125,86202.1796875,0
2025-03-02 08:00:00,86207.8046875,86207.8046875,85687.28125,85966.28125,112064512
2025-03-02 10:00:00,85870.0546875,86152.9375,85780.1796875,86088.3046875,0
2025-03-02 12:00:00,86072.5078125,86072.5078125,85502.3125,85609.3125,0
2025-03-02 14:00:00,85651.078125,88340.078125,85058.875,87533.5859375,6875162624
2025-03-02 16:00:00,87428.8984375,95026.0703125,87428.8984375,94013.328125,18447603712
2025-03-02 18:00:00,94334.9921875,94334.9921875,92431.09375,93525.1015625,6825607168
2025-03-02 20:00:00,93585.9765625,94424.3515625,93585.9765625,94161.7890625,4074532864
2025-03-02 22:00:00,94261.5,94827.9609375,93960.6640625,94247.1171875,2587545600
2025-03-03 00:00:00,94292.2421875,94339.484375,92675.1796875,93088.609375,5417267200
2025-03-03 02:00:00,93069.6484375,93401.65625,92473.046875,92698.84375,2712252416
2025-03-03 04:00:00,92711.625,93298.859375,92594.5859375,93231.8203125,1594667008
2025-03-03 06:00:00,93280.8515625,93280.8515625,91229.96875,92395.4609375,1701994496
2025-03-03 08:00:00,92348.125,92348.125,91212.109375,91879.140625,3869581312
2025-03-03 10:00:00,91861.0859375,92769.8046875,91551.8125,92667.03125,1873977344
2025-03-03 12:00:00,92768.5703125,93611.7265625,92768.5703125,93450.296875,1455849472
2025-03-03 14:00:00,93394.1875,93657.9765625,89251.515625,90045.546875,3930898432
2025-03-03 16:00:00,90016.3359375,90887.7890625,89689.953125,90238.265625,0
2025-03-03 18:00:00,90211.15625,90224.3046875,85657.0546875,85657.0546875,1972494336
2025-03-03 20:00:00,85509.328125,86436.1171875,85105.40625,85105.40625,2980102144
2025-03-03 22:00:00,85279.1796875,86916.234375,85279.1796875,86016.4140625,1734221824
2025-03-04 00:00:00,86054.0859375,86654.75,82873.3828125,83278.0390625,3164618752
2025-03-04 02:00:00,83301.390625,84319.7109375,82499.4375,84031.1875,3038552064
2025-03-04 04:00:00,83919.765625,84422.0546875,83356.859375,84237.296875,1778712576
2025-03-04 06:00:00,84199.8125,84306.2265625,83106.3828125,83106.3828125,0
2025-03-04 08:00:00,83135.375,84075.59375,83135.375,83712.28125,506363904
2025-03-04 10:00:00,83741.515625,84204.0234375,83497.9609375,83919.5859375,1177010176
2025-03-04 12:00:00,83831.8046875,83890.4609375,82531.5546875,82667.4921875,369909760
2025-03-04 14:00:00,82716.390625,84527.5859375,81727.140625,82764.75,628817920
2025-03-04 16:00:00,82918.7734375,85439.9765625,82022.4140625,85285.953125,2973409280
2025-03-04 18:00:00,85382.3359375,88386.1796875,85161.0078125,88205.2109375,63504384
2025-03-04 20:00:00,88222.8671875,88817.5546875,86619.328125,87414.578125,986300416
2025-03-04 22:00:00,87488.734375,87886.2109375,87124.875,87257.0625,1079480320
2025-03-05 00:00:00,87137.171875,87705.1796875,86420.6484375,87596.6015625,0
2025-03-05 02:00:00,87633.3515625,87852.875,87076.4296875,87157.25,0
2025-03-05 04:00:00,86814.0078125,87308.4609375,86814.0078125,87125.46875,11972608
2025-03-05 06:00:00,87117.515625,87674.078125,87013.640625,87645.96875,0
2025-03-05 08:00:00,87603.2578125,88761.953125,87603.2578125,88472.4609375,156962816
2025-03-05 10:00:00,88483.6171875,90529.8125,88388.109375,89764.7734375,2587070464
2025-03-05 12:00:00,89939.6875,90717.359375,89118.96875,89484.78125,2438901760
2025-03-05 14:00:00,89519.3203125,89762.734375,88037.046875,88401.6484375,0
2025-03-05 16:00:00,88260.9140625,90396.796875,87635.90625,89736.671875,0
2025-03-05 18:00:00,89493.328125,89973.28125,88971.9375,89806.296875,0
2025-03-05 20:00:00,89903.8515625,90514.1328125,89684.0390625,90385.6328125,0
2025-03-05 22:00:00,90444.1953125,90971.359375,90038.046875,90589.9453125,904544256
2025-03-06 00:00:00,90613.234375,91825.0625,90014.40625,91088.4453125,1270988800
2025-03-06 02:00:00,91097.4375,91968.609375,91044.7578125,91573.2578125,2097827840
2025-03-06 04:00:00,91613.8203125,92790.6953125,91569.125,92790.6953125,674365440
2025-03-06 06:00:00,92760.453125,92760.453125,91296.7890625,91348.1953125,1501085696
2025-03-06 08:00:00,91376.328125,91558.28125,90692.484375,90729.6015625,16502784
2025-03-06 10:00:00,90728.7265625,91654.5,90652.21875,91345.90625,0
2025-03-06 12:00:00,91345.125,91345.125,89739.2890625,89744.9140625,0
2025-03-06 14:00:00,89484.1953125,91301.0859375,89317.0390625,90799.7734375,868216832
2025-03-06 16:00:00,90861.84375,91020.8671875,88091.46875,88692.0,814784512
2025-03-06 18:00:00,88622.34375,89312.828125,87877.71875,88649.78125,0
2025-03-06 20:00:00,88639.53125,89806.3203125,88639.53125,89535.140625,1488420864
2025-03-06 22:00:00,90050.75,90751.953125,89693.46875,89978.21875,903745536
2025-03-07 00:00:00,89959.1640625,91160.8203125,85159.578125,88077.8828125,10110251008
2025-03-07 02:00:00,88240.4375,88396.703125,86859.4296875,87044.4921875,1280704512
2025-03-07 04:00:00,86947.3828125,88351.9765625,86947.3828125,88194.0390625,184934400
2025-03-07 06:00:00,88225.03125,88569.796875,87881.6015625,88309.765625,476745728
2025-03-07 08:00:00,88362.4765625,89554.8828125,88034.25,88965.375,1606164480
2025-03-07 10:00:00,88875.140625,89414.7890625,88852.65625,88943.453125,0
2025-03-07 12:00:00,89023.0546875,90157.0390625,88375.078125,89316.9609375,1119588352
2025-03-07 14:00:00,89195.1484375,91070.7421875,88088.3828125,88445.3125,6803640320
2025-03-07 16:00:00,88447.5625,88709.609375,86656.8515625,87475.8359375,2668081152
2025-03-07 18:00:00,87655.828125,88942.0546875,87470.9921875,87831.1328125,4344459264
2025-03-07 20:00:00,87772.1328125,88194.9296875,85881.21875,86367.4453125,2519678976
2025-03-07 22:00:00,86304.8671875,86803.734375,85688.6796875,86745.3359375,0
2025-03-08 00:00:00,86713.375,86835.4765625,85270.2265625,86018.5859375,0
2025-03-08 02:00:00,86046.6328125,86273.421875,85463.78125,85973.9140625,0
2025-03-08 04:00:00,85889.4375,86449.71875,85683.9296875,86260.0859375,0
2025-03-08 06:00:00,86261.6484375,86599.8203125,86158.4375,86158.4375,251752448
2025-03-08 08:00:00,86180.0390625,86414.34375,85859.4375,85883.7734375,0
2025-03-08 10:00:00,85925.34375,86209.6484375,85780.2265625,85908.1796875,118697984
2025-03-08 12:00:00,85926.3671875,86469.2421875,85794.1796875,86302.4296875,0
2025-03-08 14:00:00,86327.578125,86572.1484375,86221.4375,86357.7734375,0
2025-03-08 16:00:00,86369.515625,86412.6328125,85783.515625,85918.03125,0
2025-03-08 18:00:00,85843.640625,86410.5859375,85807.0,86203.9453125,0
2025-03-08 20:00:00,86199.9296875,86475.3828125,86191.3828125,86204.2109375,0
2025-03-08 22:00:00,86201.9453125,86342.15625,85879.4921875,86141.828125,0
2025-03-09 00:00:00,86186.640625,86462.125,86099.09375,86154.484375,0
2025-03-09 02:00:00,86170.1171875,86239.59375,85967.9140625,86132.6953125,0
2025-03-09 04:00:00,86104.3828125,86109.9375,85937.28125,86008.6328125,0
2025-03-09 06:00:00,86006.015625,86099.5390625,85794.7890625,85966.078125,0
2025-03-09 08:00:00,85973.40625,86028.65625,85505.1640625,85505.1640625,0
2025-03-09 10:00:00,85501.7265625,85568.2265625,84647.6640625,85021.28125,1388224512
2025-03-09 12:00:00,85004.2421875,85004.2421875,83788.1953125,83788.1953125,907496448
2025-03-09 14:00:00,83587.734375,83736.078125,82901.25,83052.2109375,2626280448
2025-03-09 16:00:00,83072.875,83604.15625,82247.1796875,82289.1640625,2735833088
2025-03-09 18:00:00,82440.6484375,83270.1875,82330.546875,82561.703125,2897252352
2025-03-09 20:00:00,82606.859375,83454.203125,81766.1015625,81810.59375,2135193600
2025-03-09 22:00:00,81810.984375,81928.5,80052.484375,80646.7421875,4303255552
2025-03-10 00:00:00,80770.46875,81792.8671875,80126.015625,81737.1796875,4116187136
2025-03-10 02:00:00,81748.78125,82626.8828125,81610.078125,82018.3359375,2697564160
2025-03-10 04:00:00,82028.390625,82712.0078125,82028.390625,82306.625,811782144
2025-03-10 06:00:00,82310.2578125,82633.34375,82041.6640625,82315.0234375,965701632
2025-03-10 08:00:00,82351.6015625,83733.84375,81272.6328125,82369.4375,2990784512
2025-03-10 10:00:00,82480.7421875,83616.3984375,81780.0703125,83615.34375,1234890752
2025-03-10 12:00:00,83552.71875,83740.6640625,81517.265625,81565.6796875,1811394560
2025-03-10 14:00:00,81451.265625,81451.265625,79359.875,80071.046875,4554625024
2025-03-10 16:00:00,80183.703125,80183.703125,78339.2109375,78535.3828125,2142982144
2025-03-10 18:00:00,78412.4765625,79365.3046875,77524.5390625,78910.546875,3285192704
2025-03-10 20:00:00,78939.75,79798.0546875,78406.3125,79573.90625,1650933760
2025-03-10 22:00:00,79472.25,79766.28125,78668.078125,78668.078125,0
2025-03-11 00:00:00,78582.15625,79143.609375,76653.53125,78985.453125,3586191360
2025-03-11 02:00:00,79066.78125,79708.5234375,78953.375,79451.7734375,142254080
2025-03-11 04:00:00,79485.09375,80298.7109375,79446.1875,80213.359375,1576136704
2025-03-11 06:00:00,80244.46875,80525.34375,80093.0234375,80423.3125,233230336
2025-03-11 08:00:00,80449.15625,81803.2109375,80342.4921875,81494.078125,1389555712
2025-03-11 10:00:00,81333.40625,81938.7265625,81300.96875,81693.25,769753088
2025-03-11 12:00:00,81725.5703125,81874.59375,80567.5546875,81030.8203125,2057674752
2025-03-11 14:00:00,80699.609375,81432.5,79082.2265625,81285.9140625,0
2025-03-11 16:00:00,81206.703125,81782.1640625,80635.65625,81263.265625,418308096
2025-03-11 18:00:00,81305.203125,83525.40625,81305.203125,82996.8828125,0
2025-03-11 20:00:00,83118.8046875,83188.8203125,82603.8828125,83045.484375,0
2025-03-11 22:00:00,83118.46875,83265.4921875,82574.3515625,82833.953125,0
2025-03-12 00:00:00,82902.7890625,83737.453125,82603.9609375,83278.796875,0
2025-03-12 02:00:00,83298.28125,83298.28125,82135.1953125,82135.1953125,0
2025-03-12 04:00:00,82061.4375,82095.0078125,81610.6953125,81972.265625,260124672
2025-03-12 06:00:00,81945.71875,82463.9921875,81344.078125,82402.3671875,1150636032
2025-03-12 08:00:00,82400.9140625,82873.171875,82083.2421875,82632.7734375,0
2025-03-12 10:00:00,82666.046875,82992.484375,82124.5234375,82992.484375,156532736
2025-03-12 12:00:00,82995.28125,84230.234375,82405.8046875,82637.3515625,1886887936
2025-03-12 14:00:00,82597.171875,82845.453125,80809.8125,81690.6796875,0
2025-03-12 16:00:00,81703.8359375,82847.671875,81665.5390625,81872.828125,184537088
2025-03-12 18:00:00,81902.6640625,83055.46875,81877.4921875,83055.46875,0
2025-03-12 20:00:00,82908.828125,83293.8984375,82732.375,82980.1796875,86810624
2025-03-12 22:00:00,83214.2578125,83825.421875,83212.9375,83746.859375,131297280
2025-03-13 00:00:00,83672.03125,84106.40625,83317.5703125,83950.2265625,0
2025-03-13 02:00:00,83944.5546875,84259.671875,83572.59375,83572.59375,410984448
2025-03-13 04:00:00,83557.53125,83648.2890625,83091.203125,83152.875,84410368
2025-03-13 06:00:00,83173.875,83486.859375,82905.40625,83177.5625,94195712
2025-03-13 08:00:00,83137.734375,83450.71875,82470.828125,83399.921875,694329344
2025-03-13 10:00:00,83416.9921875,83418.25,82745.609375,82837.328125,612470784
2025-03-13 12:00:00,82920.5703125,83289.3203125,81671.8359375,81725.8359375,0
2025-03-13 14:00:00,81606.4609375,82308.171875,80997.8125,81059.4375,0
2025-03-13 16:00:00,81018.625,81198.6875,79932.3515625,79976.3671875,480040960
2025-03-13 18:00:00,80026.421875,80948.859375,80026.421875,80251.234375,563146752
2025-03-13 20:00:00,80147.9765625,80815.7734375,80147.9765625,80737.2578125,372406272
2025-03-13 22:00:00,80732.109375,81408.6171875,80732.109375,81075.5234375,0
2025-03-14 00:00:00,80988.4921875,81833.0078125,80858.3359375,81566.78125,139757568
2025-03-14 02:00:00,81591.5859375,82136.2578125,81579.921875,81852.265625,0
2025-03-14 04:00:00,81901.4921875,82138.5,81821.1015625,82131.671875,0
2025-03-14 06:00:00,82113.5234375,82426.1015625,81784.3828125,82242.9140625,0
2025-03-14 08:00:00,82191.2421875,82888.765625,82191.2421875,82778.734375,0
2025-03-14 10:00:00,82789.4609375,83297.265625,82673.4765625,83294.6953125,153321472
2025-03-14 12:00:00,83215.4921875,83819.3828125,83085.265625,83581.6015625,0
2025-03-14 14:00:00,83223.7734375,85160.1796875,82682.328125,84746.7265625,3205791744
2025-03-14 16:00:00,84797.484375,84884.5546875,84067.921875,84346.9921875,479569920
2025-03-14 18:00:00,84490.59375,84912.21875,84247.5078125,84609.84375,0
2025-03-14 20:00:00,84522.0078125,84522.0078125,83792.546875,84204.203125,381278208
2025-03-14 22:00:00,84222.9921875,84510.6875,83979.75,83979.75,303788032
2025-03-15 00:00:00,83989.8046875,84525.078125,83989.8046875,84352.7421875,0
2025-03-15 02:00:00,84362.03125,84672.671875,84197.03125,84468.109375,0
2025-03-15 04:00:00,84499.9921875,84551.1875,84297.6875,84297.6875,0
2025-03-15 06:00:00,84280.75,84306.765625,83826.9921875,83839.515625,66426880
2025-03-15 08:00:00,83862.0703125,83997.15625,83657.2890625,83947.3046875,170979328
2025-03-15 10:00:00,83948.6484375,84158.7578125,83716.2578125,84126.5625,0
2025-03-15 12:00:00,84080.2578125,84472.65625,84043.65625,84463.7578125,0
2025-03-15 14:00:00,84445.6015625,84445.6015625,84151.0390625,84352.6640625,0
2025-03-15 16:00:00,84375.828125,84477.4296875,84196.3359375,84414.0625,0
2025-03-15 18:00:00,84435.0859375,84468.7734375,84132.34375,84284.9609375,0
2025-03-15 20:00:00,84329.734375,84455.8671875,84243.375,84398.9609375,0
2025-03-15 22:00:00,84398.875,84443.921875,84297.3828125,84335.3984375,0
2025-03-16 00:00:00,84348.484375,84356.4921875,83909.4375,83923.203125,0
2025-03-16 02:00:00,83903.84375,84345.296875,83771.9609375,84315.3984375,0
2025-03-16 04:00:00,84333.21875,84408.8828125,84263.8046875,84370.25,35328000
2025-03-16 06:00:00,84385.8671875,84392.9453125,84012.796875,84268.8515625,0
2025-03-16 08:00:00,84311.25,84312.59375,83826.0625,83906.2421875,0
2025-03-16 10:00:00,83902.3046875,84031.8828125,82393.5703125,82430.28125,1193441280
2025-03-16 12:00:00,82408.6484375,83083.390625,82408.6484375,82571.0390625,1080616960
2025-03-16 14:00:00,82597.984375,83449.8671875,82597.984375,83346.25,706557952
2025-03-16 16:00:00,83323.5390625,84746.09375,83323.5390625,83886.9296875,3045236736
2025-03-16 18:00:00,83898.9921875,84023.3515625,82805.671875,83061.34375,1233188864
2025-03-16 20:00:00,83093.25,83400.6640625,82721.9140625,82736.6953125,742952960
2025-03-16 22:00:00,82733.265625,82801.65625,82024.1015625,82602.9296875,1700749312
2025-03-17 00:00:00,82571.1484375,83331.1484375,82567.265625,83217.6328125,794394624
2025-03-17 02:00:00,83224.78125,83700.8125,82996.46875,83700.8125,895641600
2025-03-17 04:00:00,83725.4921875,83828.5390625,83154.734375,83154.734375,793073664
2025-03-17 06:00:00,83141.2421875,83568.6640625,82723.8046875,83521.328125,905832448
2025-03-17 08:00:00,83558.0078125,83746.40625,83227.2890625,83634.953125,913256448
2025-03-17 10:00:00,83652.15625,83665.6796875,83233.0703125,83574.890625,154716160
2025-03-17 12:00:00,83656.25,83676.015625,82840.234375,83026.0859375,1286782976
2025-03-17 14:00:00,83036.8046875,83671.8046875,82492.15625,83540.578125,1808728064
2025-03-17 16:00:00,83525.4453125,84298.578125,83133.21875,84228.1796875,479576064
2025-03-17 18:00:00,84177.640625,84708.28125,84024.1953125,84482.6953125,419952640
2025-03-17 20:00:00,84475.2734375,84475.2734375,83887.921875,84076.0703125,206561280
2025-03-17 22:00:00,84085.515625,84214.8671875,83807.5390625,84094.3515625,0
2025-03-18 00:00:00,84033.265625,84033.265625,83044.3515625,83083.734375,0
2025-03-18 02:00:00,83164.0703125,83475.9140625,83007.6953125,83120.5234375,185198592
2025-03-18 04:00:00,83134.6796875,83182.1484375,82888.3984375,82981.3671875,80478208
2025-03-18 06:00:00,83006.1875,83174.6484375,82285.6484375,83156.2734375,1069578240
2025-03-18 08:00:00,83196.5546875,83432.578125,82831.6171875,82831.6171875,154632192
2025-03-18 10:00:00,82821.421875,82916.46875,82524.484375,82590.125,252278784
2025-03-18 12:00:00,82541.46875,82793.1953125,81195.4765625,81241.859375,627849216
2025-03-18 14:00:00,81373.0234375,82122.34375,81197.75,81558.828125,143249408
2025-03-18 16:00:00,81581.9609375,82072.9765625,81379.7734375,81379.7734375,29644800
2025-03-18 18:00:00,81450.2109375,82428.3515625,81323.03125,82428.3515625,0
2025-03-18 20:00:00,82281.984375,82315.4453125,81864.796875,81987.9296875,196714496
2025-03-18 22:00:00,81999.640625,82784.3984375,81999.640625,82717.046875,779563008
2025-03-19 00:00:00,82675.2421875,83204.2421875,82620.40625,82708.3828125,368760832
2025-03-19 02:00:00,82627.109375,83053.9140625,82600.421875,83053.9140625,38770688
2025-03-19 04:00:00,83051.015625,83299.3046875,82797.3671875,83239.0234375,141819904
2025-03-19 06:00:00,83244.7734375,83345.109375,83131.109375,83184.4296875,0
2025-03-19 08:00:00,83207.765625,83572.953125,83207.765625,83528.375,300193792
2025-03-19 10:00:00,83527.4296875,84035.0,83412.140625,83870.390625,669779968
2025-03-19 12:00:00,83875.796875,84319.984375,83568.1640625,84198.3046875,737308672
2025-03-19 14:00:00,84110.1640625,84841.0859375,83905.6484375,84726.921875,423798784
2025-03-19 16:00:00,84738.7109375,84794.890625,83850.1171875,84153.84375,1040515072
2025-03-19 18:00:00,84190.765625,85915.640625,83650.09375,85317.53125,5864671232
2025-03-19 20:00:00,85445.6875,85900.703125,85251.1796875,85585.96875,641312768
2025-03-19 22:00:00,85635.7265625,87001.984375,85635.7265625,86802.453125,2516109312
2025-03-20 00:00:00,86870.8671875,87412.5625,85789.5703125,85861.0,598372352
2025-03-20 02:00:00,85876.796875,86140.390625,85701.515625,85890.8671875,916336640
2025-03-20 04:00:00,85894.4453125,85928.875,85466.7109375,85831.9296875,519258112
2025-03-20 06:00:00,85811.765625,86000.6875,85667.3671875,85840.359375,847601664
2025-03-20 08:00:00,85831.3671875,86286.1484375,85724.4296875,85850.390625,744435712
2025-03-20 10:00:00,85872.4765625,85939.46875,84882.2265625,85451.2109375,631877632
2025-03-20 12:00:00,85477.9765625,85796.6875,85110.1875,85414.2109375,0
2025-03-20 14:00:00,85508.1328125,86481.3671875,84666.453125,84720.1484375,1216905216
2025-03-20 16:00:00,84658.609375,84764.0859375,83685.1015625,84018.6796875,876400640
2025-03-20 18:00:00,84048.0859375,84356.421875,83906.2265625,84188.125,0
2025-03-20 20:00:00,84124.71875,84558.46875,84124.71875,84311.0390625,0
2025-03-20 22:00:00,84295.859375,84438.3828125,83910.2421875,84251.8828125,0
2025-03-21 00:00:00,84175.25,84726.2421875,84164.03125,84726.2421875,0
2025-03-21 02:00:00,84724.390625,84768.9140625,84263.7421875,84417.5390625,0
2025-03-21 04:00:00,84416.515625,84778.296875,84331.09375,84367.3359375,0
2025-03-21 06:00:00,84419.546875,84431.1796875,83756.0390625,83877.890625,443750400
2025-03-21 08:00:00,83893.7421875,84238.3203125,83743.9765625,84069.890625,60403712
2025-03-21 10:00:00,84115.359375,84240.5,83894.703125,84026.7890625,0
2025-03-21 12:00:00,84007.71875,84273.2109375,83189.5234375,83999.9453125,870658048
2025-03-21 14:00:00,83841.1015625,84213.953125,83546.0546875,83559.28125,0
2025-03-21 16:00:00,83541.1953125,84098.7734375,83360.9140625,83973.1640625,0
2025-03-21 18:00:00,83980.6328125,84325.0,83766.9921875,83962.1796875,0
2025-03-21 20:00:00,83943.96875,84519.140625,83833.7890625,84267.171875,143124480
2025-03-21 22:00:00,84303.078125,84333.53125,84023.2578125,84032.3046875,0
2025-03-22 00:00:00,84038.984375,84279.15625,83984.7421875,84048.125,0
2025-03-22 02:00:00,84002.7421875,84264.4296875,84002.7421875,84231.3046875,0
2025-03-22 04:00:00,84228.1953125,84397.78125,84200.5546875,84274.3046875,0
2025-03-22 06:00:00,84306.2109375,84353.40625,84146.3828125,84237.8515625,0
2025-03-22 08:00:00,84249.21875,84502.8515625,84145.53125,84372.5,0
2025-03-22 10:00:00,84334.2734375,84424.8671875,84215.2578125,84221.40625,0
2025-03-22 12:00:00,84219.328125,84266.828125,84048.8359375,84144.578125,0
2025-03-22 14:00:00,84164.359375,84205.90625,83972.9921875,84091.9453125,0
2025-03-22 16:00:00,84069.65625,84248.765625,84042.0078125,84248.765625,0
2025-03-22 18:00:00,84221.6796875,84289.9296875,84171.5234375,84174.2734375,0
2025-03-22 20:00:00,84170.5703125,84201.078125,83886.46875,84030.8125,0
2025-03-22 22:00:00,84010.0546875,84058.3515625,83684.5546875,83811.0,23847936
2025-03-23 00:00:00,83831.8359375,84125.9609375,83803.234375,84054.3671875,0
2025-03-23 02:00:00,84055.859375,84257.34375,84006.734375,84203.9921875,0
2025-03-23 04:00:00,84221.8515625,84226.2421875,84060.296875,84223.2734375,53281792
2025-03-23 06:00:00,84216.6484375,84339.9140625,84189.0546875,84279.0703125,0
2025-03-23 08:00:00,84298.015625,84363.671875,84269.3203125,84320.2890625,0
2025-03-23 10:00:00,84317.0390625,84984.34375,84311.8125,84657.6328125,779089920
2025-03-23 12:00:00,84709.6953125,85010.859375,84594.1953125,85010.859375,358268928
2025-03-23 14:00:00,85059.0390625,85215.3359375,84872.171875,85162.8203125,767335424
2025-03-23 16:00:00,85182.9609375,85379.03125,84962.59375,84984.203125,665968640
2025-03-23 18:00:00,84996.359375,85071.9140625,84838.828125,85016.375,269197312
2025-03-23 20:00:00,85004.8515625,85253.2890625,84942.4140625,85163.9453125,0
2025-03-23 22:00:00,85267.2734375,85944.6171875,85217.609375,85944.6171875,903709696
2025-03-24 00:00:00,86046.8828125,86606.125,85555.7578125,85555.7578125,1920220160
2025-03-24 02:00:00,85541.1953125,86467.078125,85541.1953125,86461.7265625,1454396416
2025-03-24 04:00:00,86538.1953125,87006.21875,86538.1953125,86892.9609375,2035524608
2025-03-24 06:00:00,86907.15625,87242.59375,86789.203125,86898.8359375,1823490048
2025-03-24 08:00:00,86899.140625,87493.1484375,86899.140625,87161.921875,1516795904
2025-03-24 10:00:00,87168.8203125,87818.2890625,87163.4375,87699.4765625,882993152
2025-03-24 12:00:00,87681.7890625,87681.7890625,87158.4375,87659.21875,1939406848
2025-03-24 14:00:00,87704.0546875,88702.109375,87696.9296875,88324.6015625,4254969856
2025-03-24 16:00:00,88403.78125,88493.046875,87734.8203125,88429.625,1913704448
2025-03-24 18:00:00,88459.125,88538.6484375,88059.015625,88243.6875,1938935808
2025-03-24 20:00:00,88284.34375,88510.640625,87869.96875,88157.9375,1965494272
2025-03-24 22:00:00,88160.0859375,88160.0859375,87144.3359375,87453.65625,585711616
2025-03-25 00:00:00,87510.625,87669.4140625,86866.03125,87076.015625,0
2025-03-25 02:00:00,87094.71875,87094.71875,86420.203125,86508.71875,89462784
2025-03-25 04:00:00,86530.4609375,86780.6953125,86370.9765625,86696.5234375,236576768
2025-03-25 06:00:00,86702.640625,86875.4375,86380.3125,86449.3203125,0
2025-03-25 08:00:00,86463.0703125,87330.390625,86463.0703125,87244.703125,348160000
2025-03-25 10:00:00,87244.5234375,87491.9296875,86991.90625,87411.875,122216448
2025-03-25 12:00:00,87442.1171875,87924.1875,87000.140625,87625.765625,633769984
2025-03-25 14:00:00,87635.859375,88218.2265625,87424.90625,87877.5,0
2025-03-25 16:00:00,87882.3046875,88326.3203125,87693.140625,87990.75,0
2025-03-25 18:00:00,87973.71875,88272.265625,87646.4140625,88272.265625,0
2025-03-25 20:00:00,88198.7421875,88535.40625,87779.1875,87779.1875,343998464
2025-03-25 22:00:00,87773.96875,87827.1953125,87205.109375,87493.1484375,85012480
2025-03-26 00:00:00,87438.8671875,87884.9921875,87287.40625,87854.8203125,0
2025-03-26 02:00:00,87860.453125,87860.453125,87117.8515625,87159.25,0
2025-03-26 04:00:00,87129.5234375,87613.4921875,87129.5234375,87536.5,0
2025-03-26 06:00:00,87529.203125,88288.796875,87486.734375,88172.15625,364918784
2025-03-26 08:00:00,88169.9921875,88218.921875,87867.296875,87908.0078125,0
2025-03-26 10:00:00,87948.5859375,88275.2421875,87948.5859375,88017.3671875,30167040
2025-03-26 12:00:00,88000.09375,88017.921875,86875.4296875,86875.4296875,315447296
2025-03-26 14:00:00,86965.8125,87259.5,86487.515625,86724.765625,616669184
2025-03-26 16:00:00,86744.6015625,87000.890625,86443.6484375,86526.0625,151568384
2025-03-26 18:00:00,86550.1015625,86735.09375,85897.734375,86650.890625,347074560
2025-03-26 20:00:00,86573.3359375,87391.3046875,86573.3359375,87185.8125,0
2025-03-26 22:00:00,87156.15625,87156.15625,86585.125,86908.4765625,0
2025-03-27 00:00:00,86960.8828125,87492.65625,86820.3515625,87386.78125,303136768
2025-03-27 02:00:00,87404.2734375,87770.09375,87404.2734375,87692.8046875,0
2025-03-27 04:00:00,87689.1796875,87689.1796875,87300.90625,87313.0859375,0
2025-03-27 06:00:00,87318.5078125,87531.5625,87301.078125,87425.8828125,0
2025-03-27 08:00:00,87426.75,87612.6953125,87298.3984375,87492.5546875,0
2025-03-27 10:00:00,87428.9921875,87605.8984375,86835.171875,86971.6171875,73019392
2025-03-27 12:00:00,86872.2265625,87112.140625,85859.390625,86437.390625,923838464
2025-03-27 14:00:00,86380.765625,87521.609375,86258.1015625,86969.8046875,819136512
2025-03-27 16:00:00,86921.296875,87215.640625,86803.5390625,86942.4765625,40534016
2025-03-27 18:00:00,86912.53125,87411.8125,86912.53125,87150.8359375,0
2025-03-27 20:00:00,87031.5,87694.921875,86960.3671875,87500.7890625,0
2025-03-27 22:00:00,87564.2890625,87599.8203125,87126.8203125,87184.421875,0
2025-03-28 00:00:00,87214.2109375,87482.96875,86948.859375,87228.7890625,0
2025-03-28 02:00:00,87219.375,87303.4921875,86768.609375,86820.4921875,315947008
2025-03-28 04:00:00,86783.8359375,86805.84375,85837.3046875,86046.0390625,1761282048
2025-03-28 06:00:00,86056.6171875,86200.9375,85166.1875,85196.1015625,1790713856
2025-03-28 08:00:00,85178.9375,85375.71875,85024.3984375,85112.96875,1691568128
2025-03-28 10:00:00,85122.515625,85223.4609375,84818.9609375,85199.296875,1178875904
2025-03-28 12:00:00,85212.1953125,85499.3828125,84881.71875,84992.0546875,742995968
2025-03-28 14:00:00,84969.015625,85065.28125,83976.4375,84025.6171875,951896064
2025-03-28 16:00:00,84020.3125,84134.6484375,83580.6171875,83907.9609375,1318424576
2025-03-28 18:00:00,83934.8125,84078.1484375,83593.921875,83789.859375,579076096
2025-03-28 20:00:00,83733.7421875,84042.046875,83663.984375,83947.0859375,434722816
2025-03-28 22:00:00,83989.8671875,84467.8828125,83989.8671875,84346.375,403050496
2025-03-29 00:00:00,84370.78125,84567.3359375,84182.578125,84254.4453125,0
2025-03-29 02:00:00,84242.046875,84381.3203125,83705.03125,84140.6171875,178647040
2025-03-29 04:00:00,84140.484375,84195.359375,83822.828125,83981.40625,0
2025-03-29 06:00:00,83974.078125,83974.078125,83644.9140625,83715.7578125,0
2025-03-29 08:00:00,83696.5390625,83901.7109375,83390.09375,83517.90625,0
2025-03-29 10:00:00,83516.09375,83522.828125,81998.0546875,82248.4921875,684879872
2025-03-29 12:00:00,82247.03125,82790.359375,82148.109375,82790.359375,0
2025-03-29 14:00:00,82800.8359375,82826.7890625,82372.671875,82383.3671875,0
2025-03-29 16:00:00,82452.3359375,82637.1484375,81640.1328125,82299.703125,0
2025-03-29 18:00:00,82312.0078125,82611.109375,82190.8046875,82454.1640625,0
2025-03-29 20:00:00,82657.21875,82734.953125,82381.890625,82547.03125,0
2025-03-29 22:00:00,82490.0625,82651.4921875,82254.609375,82614.953125,0
2025-03-30 00:00:00,82589.46875,83011.921875,82487.6953125,82907.8125,191179776
2025-03-30 02:00:00,82917.0703125,83456.3984375,82917.0703125,83045.8125,0
2025-03-30 04:00:00,83056.1953125,83268.78125,82924.078125,82934.78125,0
2025-03-30 06:00:00,82947.1953125,83281.6484375,82847.2734375,83063.2578125,333272064
2025-03-30 08:00:00,83066.1484375,83481.5703125,83066.1484375,83474.765625,38398976
2025-03-30 10:00:00,83481.7109375,83500.78125,82981.7109375,83089.59375,0
2025-03-30 12:00:00,83125.3515625,83230.578125,82630.6953125,82692.9609375,0
2025-03-30 14:00:00,82662.4375,82996.25,82620.0234375,82716.0625,256441344
2025-03-30 16:00:00,82708.40625,82786.453125,82049.5859375,82362.203125,0
2025-03-30 18:00:00,82436.4609375,82856.8828125,82436.4609375,82528.140625,0
2025-03-30 20:00:00,82529.40625,82627.3203125,82070.1953125,82142.296875,32527360
2025-03-30 22:00:00,82077.09375,82700.359375,81573.25,82313.90625,1525795840
2025-03-31 00:00:00,82418.125,82418.125,81305.1484375,81976.9453125,1684751360
2025-03-31 02:00:00,81922.09375,82141.4609375,81493.984375,81503.3359375,570467328
2025-03-31 04:00:00,81506.890625,82260.0234375,81434.5625,82115.7578125,697830400
2025-03-31 06:00:00,82142.5234375,82254.6640625,81772.6171875,81849.046875,651677696
2025-03-31 08:00:00,81890.1796875,82226.9296875,81357.96875,81478.2109375,1494016000
2025-03-31 10:00:00,81468.15625,82237.640625,81322.078125,82138.8203125,1102938112
2025-03-31 12:00:00,82184.1953125,83017.7109375,81729.1171875,82607.1328125,2542893056
2025-03-31 14:00:00,82489.6484375,83853.171875,82489.6484375,83500.625,3945996288
2025-03-31 16:00:00,83405.09375,83680.265625,82612.34375,82687.046875,146685952
2025-03-31 18:00:00,82808.796875,83533.8125,82426.8046875,82571.0078125,1543854080
2025-03-31 20:00:00,82412.2265625,82761.140625,82365.28125,82563.484375,1005662208
2025-03-31 22:00:00,82547.8046875,82681.3515625,82268.4375,82538.5234375,0
2025-04-01 00:00:00,82536.34375,82753.1796875,82443.8046875,82688.3046875,0
2025-04-01 02:00:00,82682.09375,83208.359375,82644.3671875,82928.46875,0
2025-04-01 04:00:00,82949.0078125,83302.4375,82881.40625,83000.96875,21956608
2025-04-01 06:00:00,82994.9453125,83590.9140625,82917.921875,83456.796875,0
2025-04-01 08:00:00,83454.5625,84375.15625,83454.5625,84357.8515625,418750464
2025-04-01 10:00:00,84354.25,84468.9921875,83862.1171875,83928.7109375,155672576
2025-04-01 12:00:00,83921.3984375,84137.328125,83438.6953125,83608.6171875,0
2025-04-01 14:00:00,83354.5390625,85461.2890625,82620.53125,85272.8984375,1794129920
2025-04-01 16:00:00,85361.71875,85457.1328125,84826.1015625,85142.109375,889286656
2025-04-01 18:00:00,85123.984375,85145.2109375,84732.8515625,84829.515625,0
2025-04-01 20:00:00,84964.9765625,85466.1796875,84814.8828125,85259.28125,0
2025-04-01 22:00:00,85264.265625,85469.8203125,85006.03125,85190.859375,350892032
2025-04-02 00:00:00,85173.4453125,85233.7109375,84868.8828125,85159.953125,0
2025-04-02 02:00:00,85077.2265625,85112.2890625,84527.6640625,84590.5390625,380837888
2025-04-02 04:00:00,84550.4921875,84694.078125,84140.9609375,84145.1328125,185128960
2025-04-02 06:00:00,84104.1015625,84431.3046875,83939.875,84431.3046875,328404992
2025-04-02 08:00:00,84418.3515625,85383.4140625,84265.9375,85007.203125,3371008
2025-04-02 10:00:00,85035.3125,85267.6171875,84545.7109375,84545.7109375,0
2025-04-02 12:00:00,84575.4296875,86001.6796875,84488.28125,85468.5078125,1241688064
2025-04-02 14:00:00,85263.046875,87282.9609375,85263.046875,86824.46875,2603151360
2025-04-02 16:00:00,86696.90625,87278.6875,86387.3046875,86601.21875,2222151680
2025-04-02 18:00:00,86606.0234375,86891.4609375,86215.5390625,86891.4609375,26427392
2025-04-02 20:00:00,86924.0078125,88143.375,84252.09375,84802.3203125,9604753408
2025-04-02 22:00:00,84599.65625,84599.65625,82402.765625,82599.9609375,4750712832
2025-04-03 00:00:00,82510.796875,83874.5390625,82220.53125,83801.3671875,5097529344
2025-04-03 02:00:00,83770.46875,83863.21875,83273.6796875,83483.140625,673263616
2025-04-03 04:00:00,83515.6328125,83699.3203125,83295.421875,83401.625,208539648
2025-04-03 06:00:00,83328.4921875,83466.2265625,83014.3359375,83466.2265625,571326464
2025-04-03 08:00:00,83520.9609375,83745.03125,83457.890625,83457.890625,248111104
2025-04-03 10:00:00,83470.09375,83720.4453125,83040.90625,83040.90625,610885632
2025-04-03 12:00:00,83061.203125,83100.4296875,81786.21875,82280.1640625,1241862144
2025-04-03 14:00:00,82252.7578125,82332.6875,81289.203125,82032.515625,280674304
2025-04-03 16:00:00,82155.0234375,82299.5546875,81632.15625,81817.703125,0
2025-04-03 18:00:00,81892.21875,82299.4140625,81560.5078125,82066.6015625,765628416
2025-04-03 20:00:00,81925.2578125,82809.6171875,81776.453125,82809.6171875,0
2025-04-03 22:00:00,82687.2578125,83226.75,82493.5625,83105.1328125,0
2025-04-04 00:00:00,83141.15625,83361.875,82575.4921875,82590.4453125,0
2025-04-04 02:00:00,82794.0625,83128.7421875,82669.21875,82782.6328125,73422848
2025-04-04 04:00:00,82791.515625,83173.125,82610.453125,83173.125,1546240
2025-04-04 06:00:00,83167.8046875,83966.15625,83031.03125,83951.1875,1018710016
2025-04-04 08:00:00,83975.84375,84644.9453125,83975.84375,84644.9453125,1523662848
2025-04-04 10:00:00,84574.9453125,84657.0390625,81732.2734375,82632.359375,4778332160
2025-04-04 12:00:00,82661.0859375,83290.8359375,82167.2265625,83290.8359375,918581248
2025-04-04 14:00:00,83347.046875,83605.40625,81834.4453125,82845.3671875,1934278656
2025-04-04 16:00:00,83038.1640625,84508.8125,82726.0,84344.4609375,2459361280
2025-04-04 18:00:00,84488.5,84488.5,83738.0546875,83918.0,565927936
2025-04-04 20:00:00,83965.828125,84392.859375,83478.296875,84184.0546875,0
2025-04-04 22:00:00,84147.203125,84202.28125,83648.203125,83843.578125,0
2025-04-05 00:00:00,83852.8203125,84197.6328125,83459.515625,83950.75,0
2025-04-05 02:00:00,83943.6484375,84047.828125,83616.3359375,83630.8671875,0
2025-04-05 04:00:00,83625.609375,83818.125,83602.9921875,83673.015625,0
2025-04-05 06:00:00,83665.7265625,83674.4453125,83319.515625,83486.171875,0
2025-04-05 08:00:00,83489.4375,83812.390625,83369.0390625,83812.390625,0
2025-04-05 10:00:00,83821.7578125,83847.15625,83435.171875,83435.46875,0
2025-04-05 12:00:00,83440.546875,83509.328125,82538.2421875,82702.96875,0
2025-04-05 14:00:00,82726.2734375,82986.0,82398.4140625,82566.140625,0
2025-04-05 16:00:00,82588.0703125,82910.8125,82576.5234375,82846.6796875,0
2025-04-05 18:00:00,82840.328125,83073.0234375,82751.9140625,82787.0,0
2025-04-05 20:00:00,82888.6015625,83179.40625,82858.484375,82919.4921875,0
2025-04-05 22:00:00,82914.1328125,83538.65625,82914.1328125,83463.734375,113639424
2025-04-06 00:00:00,83501.859375,83704.71875,83401.921875,83411.1328125,37421056
2025-04-06 02:00:00,83406.0859375,83438.0,83177.546875,83312.640625,0
2025-04-06 04:00:00,83311.1015625,83491.4453125,83248.6640625,83413.171875,0
2025-04-06 06:00:00,83420.5703125,83420.5703125,82996.9609375,82996.9609375,38711296
2025-04-06 08:00:00,82976.3359375,83094.96875,82722.390625,83011.796875,0
2025-04-06 10:00:00,83012.984375,83012.984375,82638.5703125,82799.0546875,55005184
2025-04-06 12:00:00,82802.96875,82917.3046875,82252.421875,82264.3671875,0
2025-04-06 14:00:00,82262.3203125,82725.609375,82234.921875,82554.34375,439710720
2025-04-06 16:00:00,82522.015625,82522.015625,80675.3046875,80709.6640625,3166813184
2025-04-06 18:00:00,80661.125,80661.125,78659.8125,79597.0703125,7480692736
2025-04-06 20:00:00,79494.3515625,79805.9921875,78633.4375,78929.84375,3779446784
2025-04-06 22:00:00,78901.71875,79001.1875,77128.8671875,78088.5625,8489877504
2025-04-07 00:00:00,78312.203125,79247.484375,77450.3671875,79159.6953125,5184450560
2025-04-07 02:00:00,79091.9296875,79122.3828125,77342.484375,77584.984375,3161223168
2025-04-07 04:00:00,77712.2421875,77875.6640625,76646.1875,76824.09375,5563797504
2025-04-07 06:00:00,76977.8125,77183.125,74467.703125,75091.953125,10856112128
2025-04-07 08:00:00,75052.453125,76750.765625,75032.59375,76193.9609375,5986877440
2025-04-07 10:00:00,76238.8125,77456.6875,76125.984375,76615.1015625,4882944000
2025-04-07 12:00:00,76837.25,78259.15625,75796.3125,78259.15625,5533474816
2025-04-07 14:00:00,78373.0234375,81111.015625,77910.9921875,78540.28125,21105065984
2025-04-07 16:00:00,78457.703125,79064.859375,77345.265625,79064.859375,615145472
2025-04-07 18:00:00,78956.015625,79222.3203125,78087.6953125,78234.46875,0
2025-04-07 20:00:00,78064.828125,79447.1875,78064.828125,79300.4921875,0
2025-04-07 22:00:00,79318.25,80167.3984375,79133.5,79133.5,0
2025-04-08 00:00:00,79116.515625,80726.1640625,78901.0,80670.8671875,232579072
2025-04-08 02:00:00,80548.6484375,80823.890625,79751.0546875,79824.203125,0
2025-04-08 04:00:00,79871.03125,80328.3515625,79519.5234375,79820.359375,0
2025-04-08 06:00:00,79785.828125,79785.828125,79252.625,79475.4921875,0
2025-04-08 08:00:00,79471.5625,79478.328125,78854.5390625,78946.40625,0
2025-04-08 10:00:00,78906.515625,79980.859375,78843.546875,79980.859375,0
2025-04-08 12:00:00,80102.0390625,80266.390625,79503.0546875,79938.78125,0
2025-04-08 14:00:00,79777.796875,80197.1328125,78179.15625,78486.2109375,0
2025-04-08 16:00:00,78467.6171875,78467.6171875,76529.359375,77295.171875,0
2025-04-08 18:00:00,77288.375,77803.859375,76331.171875,76786.71875,627417088
2025-04-08 20:00:00,76826.328125,77184.7109375,76575.5546875,77004.3671875,350687232
2025-04-08 22:00:00,76945.140625,76945.140625,76222.8515625,76261.375,0
2025-04-09 00:00:00,76261.1015625,76724.09375,74680.7734375,75992.8359375,2800672768
2025-04-09 02:00:00,76021.21875,76278.2734375,75003.03125,75003.03125,969052160
2025-04-09 04:00:00,75322.1015625,76786.8125,75299.4140625,76621.6484375,2582298624
2025-04-09 06:00:00,76676.265625,77879.0234375,76676.265625,77739.625,3182592000
2025-04-09 08:00:00,77674.0625,77821.7734375,77067.4453125,77472.4765625,0
2025-04-09 10:00:00,77460.75,77512.109375,75773.0703125,76133.125,3136839680
2025-04-09 12:00:00,76178.4453125,77725.1484375,76028.3671875,77719.2109375,1345236992
2025-04-09 14:00:00,77653.09375,78174.265625,76906.5546875,77112.640625,957132800
2025-04-09 16:00:00,77192.15625,82134.9296875,77139.09375,82134.9296875,7960363008
2025-04-09 18:00:00,82167.4609375,82842.078125,81798.703125,82227.609375,7643185152
2025-04-09 20:00:00,82288.203125,83528.5703125,81998.890625,83268.90625,5335834624
2025-04-09 22:00:00,83382.9296875,83432.890625,82527.4140625,82527.4140625,1380155392
2025-04-10 00:00:00,82610.3125,82691.390625,82074.28125,82207.5546875,0
2025-04-10 02:00:00,82215.4765625,82515.8125,81449.4296875,81660.9296875,0
2025-04-10 04:00:00,81787.625,82171.1796875,81631.2890625,82140.8125,0
2025-04-10 06:00:00,82133.65625,82290.09375,81335.40625,81566.0546875,0
2025-04-10 08:00:00,81562.390625,82012.5859375,81342.109375,82011.4140625,514596864
2025-04-10 10:00:00,82008.109375,82086.09375,81472.75,81824.625,243310592
2025-04-10 12:00:00,81835.203125,82138.859375,80770.359375,80862.578125,513482752
2025-04-10 14:00:00,80826.859375,81739.796875,78640.9453125,78640.9453125,1327046656
2025-04-10 16:00:00,78699.6171875,79568.171875,78473.2578125,79343.8125,2340438016
2025-04-10 18:00:00,79287.015625,79899.8046875,79226.125,79790.328125,0
2025-04-10 20:00:00,79589.046875,79959.46875,79525.96875,79672.046875,0
2025-04-10 22:00:00,79652.296875,79851.0078125,79404.1015625,79560.1484375,116011008
2025-04-11 00:00:00,79553.265625,80377.7890625,78969.890625,80377.7890625,26558464
2025-04-11 02:00:00,80356.7890625,80792.703125,80119.875,80762.4921875,1101811712
2025-04-11 04:00:00,80779.1328125,80954.515625,80485.4375,80766.9609375,774815744
2025-04-11 06:00:00,80760.78125,81361.5625,80760.78125,81211.6484375,923131904
2025-04-11 08:00:00,81220.4921875,82334.3671875,80829.265625,82296.140625,2144403456
2025-04-11 10:00:00,82313.53125,82893.015625,81984.59375,82134.5859375,1107984384
2025-04-11 12:00:00,82098.9140625,83216.5234375,81812.0234375,82794.6875,448671744
2025-04-11 14:00:00,82898.828125,82898.828125,81316.6796875,82480.0625,0
2025-04-11 16:00:00,82462.4765625,83951.640625,82008.125,83846.5859375,0
2025-04-11 18:00:00,83846.921875,84140.921875,83574.8984375,83853.390625,221515776
2025-04-11 20:00:00,83822.890625,84199.625,83621.578125,83678.4453125,1299824640
2025-04-11 22:00:00,83646.21875,83663.7265625,83135.8671875,83434.4453125,0
2025-04-12 00:00:00,83414.2421875,83485.6953125,83120.5625,83152.859375,0
2025-04-12 02:00:00,83160.015625,83230.1171875,82815.3203125,82927.84375,78069760
2025-04-12 04:00:00,82923.2421875,83431.2109375,82833.3359375,83296.09375,0
2025-04-12 06:00:00,83296.4765625,83764.359375,83296.4765625,83667.4140625,89047040
2025-04-12 08:00:00,83696.9296875,83951.8984375,83417.546875,83499.5546875,0
2025-04-12 10:00:00,83499.859375,83588.53125,83287.6953125,83494.9140625,0
2025-04-12 12:00:00,83488.9140625,84592.8515625,83461.3984375,84445.9453125,0
2025-04-12 14:00:00,84442.265625,85359.71875,84331.7421875,85001.0234375,420292608
2025-04-12 16:00:00,84980.9296875,85128.8359375,84425.6484375,84733.359375,368056320
2025-04-12 18:00:00,84729.3984375,85188.5546875,84729.3984375,84894.3671875,0
2025-04-12 20:00:00,84919.4453125,85852.0234375,84896.0625,85374.140625,341655552
2025-04-12 22:00:00,85381.0078125,85652.109375,85168.8359375,85271.6171875,0
2025-04-13 00:00:00,85273.875,85862.5,85019.9609375,85231.5078125,964362240
2025-04-13 02:00:00,85231.40625,85623.09375,84773.6171875,85383.8203125,2325422080
2025-04-13 04:00:00,85408.8125,85408.8125,84386.4453125,84484.6484375,1961814016
2025-04-13 06:00:00,84489.28125,84768.1796875,84444.5546875,84448.8515625,0
2025-04-13 08:00:00,84401.25,84893.1953125,84264.90625,84883.3828125,0
2025-04-13 10:00:00,84882.828125,84904.203125,84296.3828125,84445.3359375,894849024
2025-04-13 12:00:00,84457.4296875,84622.046875,83492.0390625,83510.0,0
2025-04-13 14:00:00,83541.3125,84069.71875,83541.3125,83793.859375,0
2025-04-13 16:00:00,83803.90625,84850.1484375,83803.90625,84791.5703125,1190674432
2025-04-13 18:00:00,84753.703125,84912.96875,83140.8515625,83916.5859375,1381150720
2025-04-13 20:00:00,83926.84375,84331.765625,83037.5,83598.8125,923617280
2025-04-13 22:00:00,83560.4140625,83747.453125,83154.5625,83702.3515625,1234771968
2025-04-14 00:00:00,83714.0,84921.4765625,83706.9453125,84093.171875,1532538880
2025-04-14 02:00:00,84190.953125,85436.59375,84030.53125,84494.984375,1831342080
2025-04-14 04:00:00,84533.3125,85041.1953125,84333.8203125,84511.09375,0
2025-04-14 06:00:00,84524.1171875,84725.046875,84264.40625,84559.5859375,299986944
2025-04-14 08:00:00,84533.75,84863.71875,84254.3671875,84421.1875,1003177984
2025-04-14 10:00:00,84428.375,84902.59375,84334.375,84902.25,404672512
2025-04-14 12:00:00,84903.578125,85243.421875,84098.703125,84460.9765625,157374464
2025-04-14 14:00:00,84370.6484375,85766.5,83778.3203125,84114.8125,3684546560
2025-04-14 16:00:00,84089.7578125,84874.984375,83876.3046875,84874.984375,83849216
2025-04-14 18:00:00,84852.34375,85164.6015625,84750.203125,84881.8125,1044619264
2025-04-14 20:00:00,84871.65625,84932.6328125,84471.296875,84709.9296875,0
2025-04-14 22:00:00,84685.1875,84722.859375,84440.9609375,84518.3515625,333803520
2025-04-15 00:00:00,84561.34375,85109.796875,84366.171875,84973.4140625,414574592
2025-04-15 02:00:00,84938.859375,85353.8046875,84746.90625,85353.8046875,0
2025-04-15 04:00:00,85357.7109375,85795.9921875,85154.375,85557.0390625,420657152
2025-04-15 06:00:00,85545.765625,85739.0,85344.5078125,85661.09375,672102400
2025-04-15 08:00:00,85695.6875,85940.515625,85622.7734375,85940.515625,250662912
2025-04-15 10:00:00,85955.703125,85962.03125,85385.03125,85554.703125,110467072
2025-04-15 12:00:00,85567.8046875,86411.9296875,85461.8359375,85642.75,179382272
2025-04-15 14:00:00,85584.046875,85926.1953125,84646.859375,84793.171875,1779957760
2025-04-15 16:00:00,84873.625,85088.8125,84456.7578125,84512.1015625,0
2025-04-15 18:00:00,84483.015625,84561.9375,83923.1328125,84010.5234375,284069888
2025-04-15 20:00:00,84000.375,84203.8984375,83828.2109375,84188.2578125,0
2025-04-15 22:00:00,84181.140625,84181.140625,83606.3515625,83628.125,1123444736
2025-04-16 00:00:00,83617.484375,83654.8828125,83145.7109375,83613.2421875,239351808
2025-04-16 02:00:00,83603.3984375,83924.328125,83603.3984375,83704.734375,42477568
2025-04-16 04:00:00,83696.3125,83774.890625,83228.90625,83435.265625,432144384
2025-04-16 06:00:00,83363.046875,83715.1953125,83299.4296875,83325.65625,222099456
2025-04-16 08:00:00,83334.8125,84035.0234375,83169.203125,83608.578125,933885952
2025-04-16 10:00:00,83627.953125,84106.3046875,83626.46875,84029.796875,712536064
2025-04-16 12:00:00,84025.234375,84217.9765625,83598.4375,83806.1171875,0
2025-04-16 14:00:00,83784.7109375,85232.09375,83780.84375,84879.2421875,1359015936
2025-04-16 16:00:00,84836.3984375,85414.34375,83360.2109375,83360.2109375,1304793088
2025-04-16 18:00:00,83314.8515625,84471.5625,83314.8515625,84382.3984375,2405556224
2025-04-16 20:00:00,84350.5546875,84665.296875,84255.0859375,84572.296875,634488832
2025-04-16 22:00:00,84548.7578125,84581.9375,84031.1328125,84035.1328125,306606080
2025-04-17 00:00:00,84028.8828125,84472.234375,83944.1875,84307.5078125,0
2025-04-17 02:00:00,84309.5859375,84309.5859375,83832.2734375,83994.875,140847104
2025-04-17 04:00:00,83992.5078125,84459.9765625,83906.1875,84381.140625,288423936
2025-04-17 06:00:00,84363.625,84970.3046875,84346.015625,84622.6953125,0
2025-04-17 08:00:00,84637.96875,84737.1875,84344.1015625,84462.0703125,469020672
2025-04-17 10:00:00,84456.1796875,84705.734375,84217.328125,84553.984375,568154112
2025-04-17 12:00:00,84540.609375,84826.5859375,84344.3828125,84406.1875,59475968
2025-04-17 14:00:00,84437.015625,84658.421875,83798.46875,84502.734375,0
2025-04-17 16:00:00,84520.0234375,85190.1328125,84412.265625,85147.125,2637375488
2025-04-17 18:00:00,85113.640625,85440.8671875,84551.8671875,84896.4375,0
2025-04-17 20:00:00,84870.2265625,85137.7265625,84870.2265625,85067.6640625,0
2025-04-17 22:00:00,85063.0,85078.625,84748.84375,84896.9921875,504631296
2025-04-18 00:00:00,84921.125,85076.953125,84755.0078125,84937.5390625,582914048
2025-04-18 02:00:00,84930.28125,84972.78125,84738.859375,84816.9921875,0
2025-04-18 04:00:00,84823.7890625,84827.1640625,84548.484375,84729.234375,0
2025-04-18 06:00:00,84727.484375,84747.1171875,84443.1640625,84624.2265625,0
2025-04-18 08:00:00,84624.9296875,84744.4140625,84528.546875,84549.546875,601878528
2025-04-18 10:00:00,84546.3984375,84630.1953125,84482.1171875,84607.3125,0
2025-04-18 12:00:00,84618.8359375,84732.7421875,84473.6796875,84542.7109375,118646784
2025-04-18 14:00:00,84550.9609375,84582.5390625,84340.1328125,84359.8203125,0
2025-04-18 16:00:00,84365.1171875,84566.7265625,84337.4921875,84542.40625,0
2025-04-18 18:00:00,84556.7109375,84617.03125,84513.21875,84522.2578125,0
2025-04-18 20:00:00,84531.703125,84646.6484375,84462.734375,84594.6640625,0
2025-04-18 22:00:00,84588.609375,84612.6796875,84350.28125,84441.7734375,0
2025-04-19 00:00:00,84450.2890625,84571.1796875,84359.6015625,84541.59375,0
2025-04-19 02:00:00,84536.640625,84947.4296875,84483.8203125,84887.9453125,393018368
2025-04-19 04:00:00,84881.1640625,85216.96875,84881.1640625,85070.671875,626525184
2025-04-19 06:00:00,85076.703125,85226.546875,84897.3984375,85202.8046875,77770752
2025-04-19 08:00:00,85207.8046875,85420.25,85098.9609375,85355.8984375,0
2025-04-19 10:00:00,85342.53125,85342.53125,85150.46875,85216.390625,758254592
2025-04-19 12:00:00,85202.6171875,85463.9296875,85194.40625,85463.9296875,43832320
2025-04-19 14:00:00,85464.7890625,85571.2109375,85128.34375,85185.265625,842814464
2025-04-19 16:00:00,85165.765625,85307.625,84744.6875,85210.2734375,713989120
2025-04-19 18:00:00,85199.8359375,85277.859375,85043.7265625,85087.8359375,774542336
2025-04-19 20:00:00,85080.234375,85342.21875,85039.046875,85317.46875,2186240
2025-04-19 22:00:00,85322.2890625,85341.0390625,85095.8203125,85095.8203125,0
2025-04-20 00:00:00,85071.359375,85283.96875,85052.9453125,85274.5390625,173600768
2025-04-20 02:00:00,85282.515625,85299.2578125,85114.7109375,85151.6875,219079680
2025-04-20 04:00:00,85165.9765625,85228.3359375,85096.34375,85096.34375,0
2025-04-20 06:00:00,85093.234375,85153.703125,84686.4375,84786.0546875,1218136064
2025-04-20 08:00:00,84786.9765625,84786.9765625,84470.0859375,84521.515625,571886592
2025-04-20 10:00:00,84536.2421875,84536.2421875,83992.4765625,84126.890625,945187840
2025-04-20 12:00:00,84131.7265625,84479.328125,84092.9609375,84366.5546875,343299072
2025-04-20 14:00:00,84348.0546875,84633.2421875,84277.390625,84359.3671875,848567296
2025-04-20 16:00:00,84354.2578125,84614.6875,84312.9375,84568.921875,0
2025-04-20 18:00:00,84576.703125,84649.34375,84485.9375,84644.1953125,0
2025-04-20 20:00:00,84640.171875,85181.203125,84593.59375,84994.2421875,1582655488
2025-04-20 22:00:00,85002.0703125,85240.953125,84685.4921875,85125.859375,767752192
2025-04-21 00:00:00,85169.609375,87388.21875,85147.6171875,87289.03125,7046516736
2025-04-21 02:00:00,87291.078125,87578.109375,87133.515625,87203.0546875,2001444864
2025-04-21 04:00:00,87189.5234375,87668.796875,87051.28125,87541.4921875,1671942144
2025-04-21 06:00:00,87547.3984375,87609.46875,87353.1484375,87435.6796875,1097879552
2025-04-21 08:00:00,87436.1953125,87712.421875,87291.625,87493.8125,947099648
2025-04-21 10:00:00,87501.734375,87529.890625,86682.2578125,86966.71875,1312100352
2025-04-21 12:00:00,86978.625,87503.8984375,86809.3046875,87080.609375,1398519808
2025-04-21 14:00:00,87063.6640625,88425.1015625,86970.9375,88072.875,6090481664
2025-04-21 16:00:00,88080.3671875,88254.21875,86410.5859375,86798.7890625,3573465088
2025-04-21 18:00:00,86755.734375,87462.5859375,86701.4375,87380.0625,3261440000
2025-04-21 20:00:00,87429.9921875,87429.9921875,87047.1953125,87295.8515625,315998208
2025-04-21 22:00:00,87280.03125,87567.34375,86968.1171875,87519.1328125,808951808
2025-04-22 00:00:00,87514.0078125,88821.46875,87084.53125,88420.2265625,355831808
2025-04-22 02:00:00,88426.890625,88622.890625,87861.1640625,88116.859375,775372800
2025-04-22 04:00:00,88137.03125,88380.6953125,87974.03125,88380.6953125,0
2025-04-22 06:00:00,88380.15625,88456.234375,88010.7421875,88456.234375,662061056
2025-04-22 08:00:00,88445.25,88644.3203125,88338.6640625,88511.1328125,569917440
2025-04-22 10:00:00,88533.1484375,88674.625,88282.71875,88618.6015625,0
2025-04-22 12:00:00,88615.65625,90468.25,88520.6875,90104.265625,3978575872
2025-04-22 14:00:00,90222.7578125,91447.1953125,90107.15625,90849.25,3503345664
2025-04-22 16:00:00,90941.265625,91491.8671875,90711.4453125,91491.8671875,675151872
2025-04-22 18:00:00,91485.9921875,91731.078125,91134.796875,91399.7265625,201285632
2025-04-22 20:00:00,91529.0859375,93461.0703125,91117.15625,92927.2421875,5126807552
2025-04-22 22:00:00,93026.1015625,93784.2265625,92628.8671875,93477.8984375,6549319680
2025-04-23 00:00:00,93466.1171875,93819.9296875,92651.6796875,92651.6796875,633970688
2025-04-23 02:00:00,92678.5234375,93178.5546875,92671.671875,93178.5546875,1532350464
2025-04-23 04:00:00,93181.4921875,93697.5234375,93057.828125,93493.8203125,405245952
2025-04-23 06:00:00,93503.375,93896.5,93455.484375,93890.5859375,978489344
2025-04-23 08:00:00,94146.890625,94430.40625,93945.40625,93950.1796875,1851207680
2025-04-23 10:00:00,93923.9765625,93923.9765625,93376.546875,93437.2578125,2117238784
2025-04-23 12:00:00,93484.953125,94171.859375,93019.703125,93019.703125,0
2025-04-23 14:00:00,92970.96875,93595.1484375,91973.3203125,93091.9609375,0
2025-04-23 16:00:00,93212.34375,93922.234375,92940.2734375,93922.234375,921776128
2025-04-23 18:00:00,93914.2734375,94206.046875,93021.875,93603.5390625,0
2025-04-23 20:00:00,93559.171875,93904.4609375,93378.265625,93422.515625,0
2025-04-23 22:00:00,93510.09375,93853.9609375,93299.296875,93663.7890625,0
2025-04-24 00:00:00,93703.2578125,93801.390625,93134.375,93620.328125,0
2025-04-24 02:00:00,93553.359375,93624.21875,92711.703125,92711.703125,175923200
2025-04-24 04:00:00,92695.515625,92904.515625,92408.5078125,92603.7265625,348495872
2025-04-24 06:00:00,92594.8125,92667.53125,92144.90625,92212.96875,503259136
2025-04-24 08:00:00,92213.8828125,92521.3359375,91719.390625,92464.171875,938668032
2025-04-24 10:00:00,92479.0703125,92648.6640625,92300.9375,92606.1640625,0
2025-04-24 12:00:00,92619.4609375,92950.328125,92462.625,92711.296875,1454600192
2025-04-24 14:00:00,92844.6640625,93420.6484375,92695.875,93279.3828125,0
2025-04-24 16:00:00,93244.96875,93611.4453125,92741.8046875,93019.109375,0
2025-04-24 18:00:00,93027.5390625,93684.5078125,93027.5390625,93678.234375,0
2025-04-24 20:00:00,93621.09375,93625.890625,93093.734375,93380.34375,0
2025-04-24 22:00:00,93387.609375,94006.1796875,93341.6484375,93907.7734375,1303644160
2025-04-25 00:00:00,93986.8828125,94430.8828125,93605.8984375,93695.921875,696920064
2025-04-25 02:00:00,93709.8359375,93870.7265625,92901.4609375,93310.953125,1122416640
2025-04-25 04:00:00,93327.1328125,93527.546875,93069.3359375,93258.796875,795287552
2025-04-25 06:00:00,93238.6640625,93854.3125,93238.6640625,93797.2109375,639121408
2025-04-25 08:00:00,93803.5078125,93863.8359375,93593.328125,93845.625,0
2025-04-25 10:00:00,93867.5546875,94618.296875,93640.0078125,94618.296875,120262656
2025-04-25 12:00:00,94773.7421875,95000.6875,94044.9296875,94497.0625,4479961088
2025-04-25 14:00:00,94474.1796875,95757.453125,94474.1796875,95161.7734375,4718071808
2025-04-25 16:00:00,95141.4375,95580.46875,94452.953125,94567.2265625,797958144
2025-04-25 18:00:00,94617.7421875,95306.6015625,94617.7421875,95300.015625,1480990720
2025-04-25 20:00:00,95355.859375,95386.6796875,94571.046875,94571.046875,131792896
2025-04-25 22:00:00,94680.5703125,95016.203125,94680.5703125,94736.796875,1380315136
2025-04-26 00:00:00,94708.265625,95251.359375,94630.8359375,95058.375,0
2025-04-26 02:00:00,95067.5703125,95148.84375,94764.5390625,94787.9765625,0
2025-04-26 04:00:00,94788.390625,94850.09375,94495.53125,94693.0625,569225216
2025-04-26 06:00:00,94672.5078125,94818.4609375,94637.984375,94683.5546875,0
2025-04-26 08:00:00,94649.5625,94698.75,94182.9921875,94291.875,0
2025-04-26 10:00:00,94310.671875,94417.4375,94067.3984375,94195.65625,244834304
2025-04-26 12:00:00,94178.5,94342.9921875,93948.1640625,94073.578125,0
2025-04-26 14:00:00,94182.78125,94428.4609375,93986.71875,94417.96875,0
2025-04-26 16:00:00,94406.25,94406.25,94146.6640625,94349.1875,0
2025-04-26 18:00:00,94330.0859375,94394.53125,94168.546875,94277.0546875,0
2025-04-26 20:00:00,94351.9453125,94410.7890625,94146.0703125,94370.5390625,33579008
2025-04-26 22:00:00,94385.0703125,94886.15625,94385.0703125,94665.6484375,730867712
2025-04-27 00:00:00,94662.34375,95296.8828125,94179.9140625,94179.9140625,774244352
2025-04-27 02:00:00,94185.9921875,94501.7578125,94175.0234375,94188.0390625,1050286080
2025-04-27 04:00:00,94189.2109375,94305.2265625,93794.0234375,93936.7890625,1145749504
2025-04-27 06:00:00,93965.5625,94167.3125,93926.40625,94105.1015625,128886784
2025-04-27 08:00:00,94105.0390625,94340.671875,94053.6875,94195.0,0
2025-04-27 10:00:00,94185.0234375,94203.8515625,93925.09375,93996.9375,0
2025-04-27 12:00:00,93978.5390625,94103.015625,93670.03125,94103.015625,97419264
2025-04-27 14:00:00,94107.3984375,94190.8125,93848.8046875,93959.15625,583060480
2025-04-27 16:00:00,93952.890625,94170.328125,93799.65625,94089.171875,318783488
2025-04-27 18:00:00,94076.546875,94450.5,94045.40625,94436.8125,197861376
2025-04-27 20:00:00,94458.4140625,94519.9453125,94226.59375,94400.078125,0
2025-04-27 22:00:00,94305.0078125,94305.0078125,93728.6640625,93817.1484375,767191040
2025-04-28 00:00:00,93767.9921875,93769.6796875,92879.1484375,92955.2578125,0
2025-04-28 02:00:00,92962.8671875,93945.2109375,92962.8671875,93895.171875,1669832704
2025-04-28 04:00:00,93874.1640625,94284.09375,93874.1640625,94260.28125,680839168
2025-04-28 06:00:00,94253.1640625,94799.3828125,94253.1640625,94730.0,868100096
2025-04-28 08:00:00,94727.765625,94900.8828125,94670.5859375,94766.0546875,189253632
2025-04-28 10:00:00,94777.6171875,95555.1171875,94397.8359375,95274.96875,3252381696
2025-04-28 12:00:00,95314.6875,95589.984375,94109.7890625,94109.7890625,3164436480
2025-04-28 14:00:00,94000.96875,94863.09375,93680.640625,93787.671875,3701768192
2025-04-28 16:00:00,93849.6328125,94114.921875,93523.8671875,94114.921875,294227968
2025-04-28 18:00:00,94128.53125,94937.609375,93841.8828125,94834.171875,1930018816
2025-04-28 20:00:00,94828.6015625,94828.6015625,94325.515625,94542.0625,0
2025-04-28 22:00:00,94557.9140625,95189.1484375,94510.265625,95011.09375,1202501632
2025-04-29 00:00:00,95048.90625,95440.0,94850.4375,94989.7578125,393263104
2025-04-29 02:00:00,94915.6875,94953.4609375,94524.2578125,94695.6484375,450531328
2025-04-29 04:00:00,94691.2734375,94895.1640625,94248.984375,94310.875,1422194688
2025-04-29 06:00:00,94306.0234375,94995.53125,94306.0234375,94963.578125,451168256
2025-04-29 08:00:00,94957.8125,95113.140625,94840.1953125,95026.375,369389568
2025-04-29 10:00:00,95013.7890625,95282.4609375,94813.2578125,95171.171875,0
2025-04-29 12:00:00,95157.625,95185.0703125,94672.328125,94962.2734375,0
2025-04-29 14:00:00,94871.1953125,95242.609375,94656.3515625,94846.7890625,20088832
2025-04-29 16:00:00,94865.2265625,95466.671875,94746.078125,95308.46875,539021312
2025-04-29 18:00:00,95253.3515625,95471.6171875,95137.921875,95372.0625,1212116992
2025-04-29 20:00:00,95339.4140625,95397.484375,94442.84375,94780.7109375,93511680
2025-04-29 22:00:00,94771.734375,94771.734375,93821.1015625,94287.4375,2809931776
2025-04-30 00:00:00,94272.21875,94643.6015625,94200.046875,94544.484375,2191984640
2025-04-30 02:00:00,94549.171875,95139.015625,94477.4921875,95023.671875,0
2025-04-30 04:00:00,95036.8046875,95127.7265625,94909.5390625,94913.0859375,32352256
2025-04-30 06:00:00,94913.3984375,94977.5859375,94550.1953125,94621.2578125,763893760
2025-04-30 08:00:00,94635.9140625,95022.2578125,94569.4375,94989.515625,0
2025-04-30 10:00:00,94987.8046875,95223.5390625,94903.3125,95223.5390625,0
2025-04-30 12:00:00,95208.84375,95213.5625,93088.8203125,93088.8203125,1145589760
2025-04-30 14:00:00,93076.7421875,94317.6171875,93036.0859375,94036.4453125,4797360128
2025-04-30 16:00:00,94021.3515625,94272.859375,93629.6484375,94110.4765625,10967040
2025-04-30 18:00:00,94111.8125,94447.7109375,93769.265625,94237.2421875,0
2025-04-30 20:00:00,94168.609375,94733.9609375,94168.609375,94419.125,1064081408
2025-04-30 22:00:00,94547.0078125,94700.2734375,94030.8515625,94201.046875,0
2025-05-01 00:00:00,94169.390625,94709.96875,94169.390625,94610.8203125,0
2025-05-01 02:00:00,94656.109375,94985.359375,94656.109375,94788.671875,1616900096
2025-05-01 04:00:00,94782.890625,95158.765625,94755.6640625,95156.1796875,0
2025-05-01 06:00:00,95148.7890625,95187.2109375,94846.109375,95050.1484375,831299584
2025-05-01 08:00:00,95041.78125,95771.9765625,94943.921875,95627.0625,1564506112
2025-05-01 10:00:00,95646.5078125,96319.4609375,95640.25,96214.0,1890936832
2025-05-01 12:00:00,96213.5546875,96660.6484375,95895.8671875,95895.8671875,546856960
2025-05-01 14:00:00,95895.921875,97348.703125,95895.921875,96926.359375,2069190656
2025-05-01 16:00:00,96912.953125,97386.546875,96599.5859375,96807.9453125,683417600
2025-05-01 18:00:00,96817.8046875,96956.546875,96494.0234375,96538.296875,525551616
2025-05-01 20:00:00,96546.3515625,96886.7578125,96404.1640625,96523.4296875,820318208
2025-05-01 22:00:00,96505.375,96651.453125,96242.7421875,96489.25,0
2025-05-02 00:00:00,96491.53125,97155.578125,96491.53125,97018.6171875,180967424
2025-05-02 02:00:00,96992.4140625,97235.8984375,96758.8203125,97134.0234375,504676352
2025-05-02 04:00:00,97125.703125,97251.46875,96672.0,96720.578125,302354432
2025-05-02 06:00:00,96720.9375,96881.140625,96390.5625,96419.15625,1460736000
2025-05-02 08:00:00,96381.7890625,96787.203125,96381.7890625,96660.8046875,0
2025-05-02 10:00:00,96621.546875,97070.1953125,96621.546875,96969.28125,0
2025-05-02 12:00:00,96956.03125,97214.0859375,96723.515625,96776.296875,0
2025-05-02 14:00:00,96786.734375,97888.984375,96786.734375,97394.171875,0
2025-05-02 16:00:00,97365.796875,97804.046875,97148.1171875,97458.578125,0
2025-05-02 18:00:00,97454.7421875,97630.15625,96806.9375,96983.0703125,22476800
2025-05-02 20:00:00,96953.3125,97157.296875,96604.578125,96804.671875,0
2025-05-02 22:00:00,96760.2734375,96895.5625,96614.6875,96895.5625,317116416
2025-05-03 00:00:00,96917.78125,96933.765625,96476.4140625,96499.8984375,10479616
2025-05-03 02:00:00,96507.109375,96728.21875,96353.7890625,96389.1328125,139544576
2025-05-03 04:00:00,96372.890625,96617.84375,96372.890625,96478.234375,0
2025-05-03 06:00:00,96463.90625,96463.90625,96201.8828125,96375.796875,0
2025-05-03 08:00:00,96342.9765625,96439.5546875,96185.625,96266.0546875,0
2025-05-03 10:00:00,96264.3671875,96275.7890625,95914.9375,95955.53125,389076992
2025-05-03 12:00:00,95961.5390625,96328.5546875,95926.7890625,96321.046875,0
2025-05-03 14:00:00,96362.375,96523.9609375,96326.5,96442.15625,0
2025-05-03 16:00:00,96435.0078125,96442.59375,95954.5,96208.140625,0
2025-05-03 18:00:00,96221.6875,96383.1953125,96126.359375,96383.1953125,77124608
2025-05-03 20:00:00,96376.796875,96434.0,96282.5,96282.5,351210496
2025-05-03 22:00:00,96302.6328125,96338.1796875,95835.59375,95881.328125,299040768
2025-05-04 00:00:00,95853.4921875,96127.5390625,95664.4765625,96127.5390625,0
2025-05-04 02:00:00,96125.0546875,96290.4140625,95710.6796875,95811.625,1080810496
2025-05-04 04:00:00,95765.6328125,96144.421875,95755.84375,96061.7265625,0
2025-05-04 06:00:00,96062.109375,96153.4296875,95846.875,95886.1875,795664384
2025-05-04 08:00:00,95914.2890625,95936.8359375,95486.3515625,95512.40625,0
2025-05-04 10:00:00,95489.265625,95551.0390625,95374.4375,95418.0859375,22388736
2025-05-04 12:00:00,95433.6640625,95593.2265625,95286.6796875,95387.53125,101622784
2025-05-04 14:00:00,95381.171875,95682.8828125,95359.53125,95474.78125,496441344
2025-05-04 16:00:00,95473.4296875,95557.015625,95303.1328125,95428.8515625,0
2025-05-04 18:00:00,95420.3046875,95639.609375,95371.6953125,95571.0,379224064
2025-05-04 20:00:00,95582.953125,95762.1796875,95582.953125,95702.8515625,588814336
2025-05-04 22:00:00,95703.0625,95703.0625,94210.3203125,94261.671875,2407861248
2025-05-05 00:00:00,94270.5546875,94795.015625,93828.6328125,93939.5,1646243840
2025-05-05 02:00:00,93925.046875,94358.46875,93662.453125,94055.65625,1216059392
2025-05-05 04:00:00,94090.90625,94656.109375,94081.984375,94656.109375,415260672
2025-05-05 06:00:00,94711.15625,94767.703125,94549.828125,94732.921875,613324800
2025-05-05 08:00:00,94751.1171875,94751.1171875,94506.546875,94572.1015625,34727936
2025-05-05 10:00:00,94562.5625,94578.71875,93922.4453125,94098.9453125,742502400
2025-05-05 12:00:00,94040.125,94411.1875,93717.5859375,94121.0078125,846260224
2025-05-05 14:00:00,94192.859375,94521.6875,93633.9296875,93708.7734375,2484002816
2025-05-05 16:00:00,93751.25,94570.46875,93751.25,94509.4140625,1948311552
2025-05-05 18:00:00,94509.28125,94873.4453125,94359.6953125,94367.7734375,238143488
2025-05-05 20:00:00,94323.046875,94800.03125,93892.890625,94692.5859375,1806315520
2025-05-05 22:00:00,94836.546875,95188.4140625,94725.625,94751.0234375,0
2025-05-06 00:00:00,94746.0390625,94897.0625,94335.75,94352.171875,579766272
2025-05-06 02:00:00,94334.875,94493.421875,94056.015625,94459.703125,575076352
2025-05-06 04:00:00,94448.9921875,94589.59375,94321.640625,94321.640625,588781568
2025-05-06 06:00:00,94348.109375,94598.4453125,94334.609375,94414.4609375,0
2025-05-06 08:00:00,94391.21875,94391.21875,94024.8984375,94186.25,658810880
2025-05-06 10:00:00,94168.078125,94297.390625,93710.2421875,93799.7265625,1855170560
2025-05-06 12:00:00,93766.890625,93994.3125,93438.1484375,93625.703125,105461760
2025-05-06 14:00:00,93996.0703125,94709.1484375,93866.0390625,94558.671875,1037230080
2025-05-06 16:00:00,94542.515625,94819.1796875,94239.15625,94531.78125,0
2025-05-06 18:00:00,94524.015625,95146.25,94524.015625,94948.0859375,466831360
2025-05-06 20:00:00,94986.140625,95021.8515625,94494.875,94670.890625,657698816
2025-05-06 22:00:00,94673.71875,96871.4296875,94673.71875,96837.59375,2937780224
2025-05-07 00:00:00,96885.28125,97596.3515625,96754.390625,97220.3125,2846775296
2025-05-07 02:00:00,97233.15625,97233.15625,96216.65625,96498.4140625,2380920832
2025-05-07 04:00:00,96502.984375,96674.96875,96335.4375,96377.671875,862670848
2025-05-07 06:00:00,96374.7890625,97023.5,96374.7890625,97023.5,550985728
2025-05-07 08:00:00,96998.890625,97076.1015625,96869.0,96970.484375,1294333952
2025-05-07 10:00:00,96978.1328125,97093.8515625,96869.4453125,97007.828125,1283694592
2025-05-07 12:00:00,97020.8046875,97266.53125,96736.8046875,97014.65625,716636160
2025-05-07 14:00:00,97025.3359375,97483.8203125,96818.859375,96970.6953125,3943649280
2025-05-07 16:00:00,96941.375,96941.375,96233.0703125,96284.9765625,6458511360
2025-05-07 18:00:00,96437.7109375,96826.40625,95866.6796875,96197.09375,34655797248
2025-05-07 20:00:00,96215.96875,97322.6328125,96146.7265625,97146.859375,4738965504
2025-05-07 22:00:00,97144.390625,97397.1640625,97037.4453125,97038.53125,2380013568
2025-05-08 00:00:00,97037.6875,98270.609375,96926.1796875,97800.9296875,3705528320
2025-05-08 02:00:00,97835.8203125,99143.9921875,97835.8203125,99143.9921875,0
2025-05-08 04:00:00,99150.4375,99386.75,98761.0234375,98761.0234375,5584990208
2025-05-08 06:00:00,98774.703125,99365.765625,98761.640625,99259.609375,2149896192
2025-05-08 08:00:00,99261.2421875,99819.828125,99232.8359375,99769.8515625,1231024128
2025-05-08 10:00:00,99811.53125,99860.5,99445.6796875,99445.6796875,1377382400
2025-05-08 12:00:00,99442.78125,99649.7890625,99122.6796875,99293.3515625,1177890816
2025-05-08 14:00:00,99316.0546875,101513.40625,99224.1328125,100842.921875,3311718400
2025-05-08 16:00:00,101013.0859375,101688.53125,100631.5234375,101029.6328125,5332815872
2025-05-08 18:00:00,101044.03125,101451.3125,101044.03125,101135.890625,277065728
2025-05-08 20:00:00,101286.3515625,103776.3203125,101286.3515625,102775.4921875,3983458304
2025-05-08 22:00:00,102815.046875,103234.4921875,102453.1171875,103174.828125,4679806976
2025-05-09 00:00:00,103256.203125,103256.203125,102594.796875,103076.3046875,0
2025-05-09 02:00:00,103088.3828125,103088.3828125,102356.9375,102404.171875,289488896
2025-05-09 04:00:00,102427.640625,102944.625,102378.6171875,102936.296875,0
2025-05-09 06:00:00,102947.703125,104178.1171875,102920.5390625,103727.40625,2758832128
2025-05-09 08:00:00,103704.4609375,103875.1640625,102480.7109375,102919.921875,3434274816
2025-05-09 10:00:00,102918.90625,103418.4375,102867.2578125,103010.375,2891628544
2025-05-09 12:00:00,102937.625,103771.9609375,102825.8046875,103717.921875,209199104
2025-05-09 14:00:00,103645.8359375,103645.8359375,102489.21875,102872.546875,0
2025-05-09 16:00:00,102883.390625,103199.71875,102377.6875,103199.71875,312377344
2025-05-09 18:00:00,103191.328125,103361.8359375,102927.9921875,103134.65625,0
2025-05-09 20:00:00,103164.9921875,103418.5,102804.2890625,102957.0,0
2025-05-09 22:00:00,102966.796875,103066.6953125,102776.59375,102973.296875,0
2025-05-10 00:00:00,102996.7890625,103114.7734375,102842.6953125,103004.6328125,410021888
2025-05-10 02:00:00,102992.3125,103244.140625,102962.640625,103196.5703125,0
2025-05-10 04:00:00,103205.40625,103332.5078125,103064.9765625,103332.5078125,0
2025-05-10 06:00:00,103343.171875,104041.953125,103343.171875,103817.40625,0
2025-05-10 08:00:00,103805.2734375,103999.3046875,103406.3203125,103813.703125,0
2025-05-10 10:00:00,103767.1484375,103852.2734375,103409.96875,103415.7890625,0
2025-05-10 12:00:00,103449.84375,103783.765625,103449.84375,103627.7421875,0
2025-05-10 14:00:00,103631.234375,103669.171875,103174.0859375,103176.0546875,0
2025-05-10 16:00:00,103156.171875,103548.0625,103156.171875,103223.5,276668416
2025-05-10 18:00:00,103175.65625,103306.4609375,103079.3203125,103207.4453125,401190912
2025-05-10 20:00:00,103213.5625,103783.4375,103118.515625,103756.359375,649936896
2025-05-10 22:00:00,103775.53125,104916.953125,103575.0,104779.5703125,3318206464
2025-05-11 00:00:00,104692.9609375,104908.265625,103937.8046875,104077.7109375,884609024
2025-05-11 02:00:00,104102.171875,104257.484375,103528.4765625,104055.6796875,1967628288
2025-05-11 04:00:00,104049.0234375,104363.390625,103834.7578125,103834.7578125,528785408
2025-05-11 06:00:00,103846.5,103959.2265625,103425.828125,103425.828125,0
2025-05-11 08:00:00,103394.8671875,104456.6328125,103394.8671875,104353.4375,390885376
2025-05-11 10:00:00,104363.328125,104715.671875,104212.703125,104674.3828125,0
2025-05-11 12:00:00,104665.7734375,104813.875,104085.578125,104085.578125,1101021184
2025-05-11 14:00:00,104010.5859375,104642.3984375,103834.3125,104156.5390625,2135810048
2025-05-11 16:00:00,104153.546875,104181.734375,103813.6328125,104071.46875,1048850432
2025-05-11 18:00:00,104054.5,104803.5546875,103895.9375,104438.7890625,939913216
2025-05-11 20:00:00,104447.203125,104447.203125,104030.171875,104320.8125,957644800
2025-05-11 22:00:00,104376.625,104513.6953125,103617.90625,104087.2109375,734269440
2025-05-12 00:00:00,104126.796875,105015.796875,103813.6953125,104025.3046875,1092288512
2025-05-12 02:00:00,103988.7734375,104171.96875,103724.8046875,104078.9296875,233504768
2025-05-12 04:00:00,104090.8203125,104153.8203125,103769.9921875,103933.296875,806166528
2025-05-12 06:00:00,103938.90625,105686.765625,103828.6640625,104466.96875,3685863424
2025-05-12 08:00:00,104486.921875,104720.5703125,104119.8671875,104440.4765625,1348378624
2025-05-12 10:00:00,104433.5,104605.40625,103715.2265625,103747.546875,1181691904
2025-05-12 12:00:00,103757.0546875,104588.8671875,103699.6875,104282.0234375,709136384
2025-05-12 14:00:00,104301.0078125,104337.1328125,102479.5390625,102535.0078125,5116317696
2025-05-12 16:00:00,102509.984375,103078.8828125,102505.0234375,102569.453125,442380288
2025-05-12 18:00:00,102566.859375,102618.109375,101023.7578125,101806.8359375,3675049984
2025-05-12 20:00:00,101862.5078125,102854.875,101781.6484375,102545.7890625,2187661312
2025-05-12 22:00:00,102514.6015625,103119.09375,102424.921875,102855.1796875,0
2025-05-13 00:00:00,102809.5859375,102809.5859375,102120.2421875,102486.0,0
2025-05-13 02:00:00,102451.921875,102451.921875,101578.5859375,101756.9296875,2417217536
2025-05-13 04:00:00,101711.2109375,102729.2421875,101711.2109375,102453.6640625,1458581504
2025-05-13 06:00:00,102464.109375,102917.65625,102356.3203125,102644.203125,193564672
2025-05-13 08:00:00,102680.6796875,103499.3359375,102581.2109375,103485.578125,0
2025-05-13 10:00:00,103498.890625,103830.4296875,103301.078125,103687.078125,0
2025-05-13 12:00:00,103741.71875,103906.65625,103462.0390625,103782.71875,219295744
2025-05-13 14:00:00,103752.9296875,103850.0234375,102919.890625,103656.6953125,0
2025-05-13 16:00:00,103698.0703125,104356.109375,103579.9921875,104288.9296875,861798400
2025-05-13 18:00:00,104292.7734375,104987.0546875,104136.984375,104718.34375,722612224
2025-05-13 20:00:00,104846.1484375,104846.1484375,104291.5859375,104366.6875,735215616
2025-05-13 22:00:00,104370.0546875,104410.078125,103949.4140625,104211.1328125,936787968
2025-05-14 00:00:00,104159.984375,104159.984375,103741.96875,103767.5234375,0
2025-05-14 02:00:00,103737.7578125,103741.2421875,103469.7890625,103570.0,16215834624
2025-05-14 04:00:00,103535.578125,103953.2265625,103481.796875,103857.3046875,463781888
2025-05-14 06:00:00,103876.1875,103906.3046875,103420.921875,103775.3671875,270336000
2025-05-14 08:00:00,103706.40625,103814.0625,102937.3984375,103488.515625,780824576
2025-05-14 10:00:00,103479.46875,104075.6328125,103463.0703125,103917.234375,465874944
2025-05-14 12:00:00,103943.3671875,104269.484375,103608.3203125,103871.546875,547545088
2025-05-14 14:00:00,103943.6875,103943.6875,102890.1953125,103488.6953125,1050853376
2025-05-14 16:00:00,103500.7578125,103611.2578125,102632.3515625,103248.8828125,0
2025-05-14 18:00:00,103237.484375,103723.375,103072.8203125,103299.3046875,555749376
2025-05-14 20:00:00,103350.4609375,103660.71875,103329.71875,103629.21875,0
2025-05-14 22:00:00,103614.0,103614.0,103448.9609375,103542.5,255946752
2025-05-15 00:00:00,103531.7265625,103872.421875,103010.8359375,103062.6875,3264512
2025-05-15 02:00:00,103060.671875,103212.9609375,102769.4375,102780.8125,214183936
2025-05-15 04:00:00,102757.2421875,102940.0234375,102383.0625,102388.453125,550174720
2025-05-15 06:00:00,102408.09375,102656.71875,101752.96875,101819.8515625,1181728768
2025-05-15 08:00:00,101956.3515625,102325.1328125,101548.4921875,101898.3359375,0
2025-05-15 10:00:00,101832.5234375,102435.7578125,101643.90625,102374.3203125,849629184
2025-05-15 12:00:00,102395.5625,102801.109375,101647.171875,102146.3046875,344428544
2025-05-15 14:00:00,102126.9921875,103258.15625,101450.0703125,103227.4765625,0
2025-05-15 16:00:00,103270.8125,104148.5859375,103062.40625,103981.28125,1349820416
2025-05-15 18:00:00,103979.34375,103979.34375,102643.234375,103219.03125,2026352640
2025-05-15 20:00:00,103185.015625,103484.8671875,102777.46875,103267.3359375,1537032192
2025-05-15 22:00:00,103276.171875,103947.8515625,103276.171875,103743.5859375,1656754176
2025-05-16 00:00:00,103752.484375,104067.109375,103496.921875,104028.8984375,1242583040
2025-05-16 02:00:00,104057.6953125,104416.515625,103955.4296875,104033.7421875,1226321920
2025-05-16 04:00:00,104041.1328125,104178.3046875,103834.359375,103933.5,950448128
2025-05-16 06:00:00,103919.4375,104147.015625,103732.0546875,103732.0546875,478277632
2025-05-16 08:00:00,103741.125,103808.6953125,103137.4765625,103808.6953125,1009291264
2025-05-16 10:00:00,103805.5078125,103901.8359375,103603.8203125,103676.6640625,257441792
2025-05-16 12:00:00,103665.6171875,104081.1953125,103494.3046875,104081.1953125,0
2025-05-16 14:00:00,104028.296875,104178.8203125,103396.75,104135.71875,473636864
2025-05-16 16:00:00,104173.96875,104485.3828125,103832.625,103865.796875,66191360
2025-05-16 18:00:00,103889.421875,104088.1640625,103618.0,104017.1328125,0
2025-05-16 20:00:00,104021.8984375,104023.0390625,103539.890625,103608.6953125,84217856
2025-05-16 22:00:00,103612.0078125,103690.5703125,103448.0,103480.421875,575115264
2025-05-17 00:00:00,103495.78125,103559.625,102675.53125,102819.8125,679317504
2025-05-17 02:00:00,102851.546875,103541.328125,102804.5703125,103541.1875,0
2025-05-17 04:00:00,103526.1640625,103695.9453125,103361.2109375,103361.2109375,2262257664
2025-05-17 06:00:00,103370.1328125,103630.140625,103308.7578125,103450.328125,559013888
2025-05-17 08:00:00,103473.390625,103558.3046875,102849.2578125,102946.671875,853356544
2025-05-17 10:00:00,102920.671875,103108.265625,102787.21875,103014.3203125,0
2025-05-17 12:00:00,103017.671875,103090.0859375,102691.1796875,102698.828125,0
2025-05-17 14:00:00,102722.484375,103168.0859375,102722.484375,102985.5078125,0
2025-05-17 16:00:00,102967.3046875,103311.484375,102792.21875,103165.0625,0
2025-05-17 18:00:00,103165.6875,103271.125,102963.296875,103207.40625,842035200
2025-05-17 20:00:00,103181.234375,103458.5625,103118.046875,103270.0,1402716160
2025-05-17 22:00:00,103264.6640625,103264.6640625,102965.75,103199.3828125,0
2025-05-18 00:00:00,103142.6015625,103433.109375,103142.6015625,103274.5,0
2025-05-18 02:00:00,103277.0078125,103396.53125,103179.9921875,103300.5390625,0
2025-05-18 04:00:00,103309.5390625,103663.1171875,103306.6328125,103651.65625,0
2025-05-18 06:00:00,103650.703125,103925.90625,103405.75,103925.90625,853061632
2025-05-18 08:00:00,103920.3046875,104053.3046875,103836.40625,103854.640625,1019387904
2025-05-18 10:00:00,103856.3125,103975.28125,103811.40625,103826.7578125,42213376
2025-05-18 12:00:00,103820.3359375,104713.1015625,103740.4140625,104713.1015625,447500288
2025-05-18 14:00:00,104743.2265625,105633.53125,104565.3203125,105519.203125,2929717248
2025-05-18 16:00:00,105527.609375,105896.2421875,104985.5859375,104985.5859375,1865113600
2025-05-18 18:00:00,104874.0859375,104874.0859375,103907.015625,103907.015625,3026374656
2025-05-18 20:00:00,103938.015625,104534.296875,103439.890625,104250.7734375,2851500032
2025-05-18 22:00:00,104234.65625,106478.453125,104042.8359375,106478.234375,4990836736
2025-05-19 00:00:00,106516.1640625,107038.7890625,104766.03125,105068.890625,4855902208
2025-05-19 02:00:00,105045.6875,105149.5625,103606.625,103606.625,1829216256
2025-05-19 04:00:00,103610.1796875,103705.09375,102674.328125,103023.0625,3751550976
2025-05-19 06:00:00,103045.96875,103330.0234375,102112.6875,103232.515625,3086618624
2025-05-19 08:00:00,103244.25,103341.0390625,102980.3125,103081.265625,548859904
2025-05-19 10:00:00,103091.453125,103091.453125,102830.8203125,102980.1953125,672854016
2025-05-19 12:00:00,102992.2109375,103505.59375,102179.6171875,103407.671875,2347270144
2025-05-19 14:00:00,103334.421875,104933.6640625,103254.625,104832.3203125,0
2025-05-19 16:00:00,104872.8125,105532.140625,104542.2109375,105401.8515625,1622589440
2025-05-19 18:00:00,105378.578125,105567.3125,104694.828125,105494.4296875,948080640
2025-05-19 20:00:00,105536.28125,105782.90625,105064.5859375,105480.546875,0
2025-05-19 22:00:00,105450.6640625,105806.84375,105237.0078125,105610.984375,0
2025-05-20 00:00:00,105619.671875,106759.2890625,105619.671875,106639.9375,176107520
2025-05-20 02:00:00,106483.2265625,106793.4296875,105546.921875,105751.53125,581353472
2025-05-20 04:00:00,105761.4140625,106415.203125,105561.78125,106140.921875,0
2025-05-20 06:00:00,106134.5390625,106198.40625,104987.2734375,105084.9453125,0
2025-05-20 08:00:00,105038.5390625,105388.0703125,104929.625,105302.234375,0
2025-05-20 10:00:00,105305.3203125,105392.453125,104929.9140625,105222.5078125,773152768
2025-05-20 12:00:00,105214.1796875,105215.875,104206.515625,104472.1484375,69763072
2025-05-20 14:00:00,104459.1953125,105399.671875,104333.34375,105382.1796875,0
2025-05-20 16:00:00,105364.25,106332.6953125,105150.828125,106229.7265625,308580352
2025-05-20 18:00:00,106231.609375,107239.5625,105297.0390625,107051.0859375,2891333632
2025-05-20 20:00:00,107051.265625,107264.3203125,106207.0625,106693.2890625,2019000320
2025-05-20 22:00:00,106664.4453125,107170.015625,106003.8828125,106767.015625,0
2025-05-21 00:00:00,106853.828125,107194.78125,106534.5390625,106534.5390625,14987165696
2025-05-21 02:00:00,106523.8359375,107118.1328125,106259.4765625,106904.7265625,0
2025-05-21 04:00:00,106871.2890625,107711.4375,106776.546875,107633.640625,2250719232
2025-05-21 06:00:00,107589.40625,107994.7265625,106547.765625,106600.3515625,2336501760
2025-05-21 08:00:00,106536.3359375,106791.28125,106141.8671875,106228.015625,756428800
2025-05-21 10:00:00,106233.625,106702.0078125,106174.4765625,106571.1875,966148096
2025-05-21 12:00:00,106580.9453125,107566.9453125,106385.5078125,107465.3984375,147578880
2025-05-21 14:00:00,107283.203125,109468.1015625,107098.875,109026.0390625,8709283840
2025-05-21 16:00:00,109032.09375,109721.9453125,106246.859375,106395.4765625,6091489280
2025-05-21 18:00:00,106599.0234375,108799.6328125,106436.65625,108799.6328125,5032607744
2025-05-21 20:00:00,108682.5625,108682.5625,107802.4921875,108494.3125,1275715584
2025-05-21 22:00:00,108472.953125,110601.0234375,108346.3203125,109622.03125,4283539456
2025-05-22 00:00:00,109666.359375,110505.7578125,109316.8671875,109893.359375,6925598720
2025-05-22 02:00:00,109926.0546875,111818.671875,109926.0546875,111804.109375,3376095232
2025-05-22 04:00:00,111746.1171875,111746.1171875,110906.140625,110906.140625,2222194688
2025-05-22 06:00:00,110828.734375,111143.3046875,110493.828125,111099.515625,1648328704
2025-05-22 08:00:00,111052.40625,111118.8515625,110293.1171875,110781.5859375,1619304448
2025-05-22 10:00:00,110794.5234375,111218.5859375,110497.328125,111036.171875,15073280
2025-05-22 12:00:00,110986.5625,111567.078125,110837.5390625,111179.6796875,2647089152
2025-05-22 14:00:00,110915.65625,111494.234375,110578.3046875,111236.671875,0
2025-05-22 16:00:00,111315.7578125,111942.875,111129.4609375,111539.7109375,0
2025-05-22 18:00:00,111511.0,111944.5,111030.8984375,111056.421875,0
2025-05-22 20:00:00,111183.1171875,111364.1875,110789.8359375,110910.34375,773611520
2025-05-22 22:00:00,110859.8046875,111680.96875,110859.8046875,111679.4140625,0
2025-05-23 00:00:00,111699.9921875,111798.90625,111239.453125,111308.1640625,0
2025-05-23 02:00:00,111305.8671875,111589.7265625,111025.4609375,111129.171875,0
2025-05-23 04:00:00,111118.609375,111173.703125,110558.5859375,110828.1328125,0
2025-05-23 06:00:00,110828.953125,110828.953125,110402.1328125,110746.8671875,0
2025-05-23 08:00:00,110714.8671875,111328.46875,110685.859375,111312.859375,15360000
2025-05-23 10:00:00,111310.4296875,111310.4296875,109068.375,109068.375,0
2025-05-23 12:00:00,109040.1015625,109688.3671875,107450.4921875,109665.4609375,8087945216
2025-05-23 14:00:00,109763.9921875,109975.1875,109075.3828125,109137.84375,1127624704
2025-05-23 16:00:00,108961.1171875,109790.109375,108100.5859375,109482.5390625,2503467008
2025-05-23 18:00:00,109444.7265625,109481.671875,108677.0078125,108866.1640625,385183744
2025-05-23 20:00:00,108718.6328125,108718.78125,108148.1328125,108149.4765625,0
2025-05-23 22:00:00,108260.6796875,108529.453125,106841.3046875,107249.296875,1651097600
2025-05-24 00:00:00,107334.59375,107841.375,106924.4453125,107501.8671875,0
2025-05-24 02:00:00,107507.640625,108310.5234375,107318.6640625,108297.6015625,0
2025-05-24 04:00:00,108335.84375,108570.71875,108151.1484375,108240.6640625,3928064
2025-05-24 06:00:00,108244.703125,108328.7734375,107683.015625,107683.015625,0
2025-05-24 08:00:00,107615.8125,108395.71875,107615.8125,108207.09375,659398656
2025-05-24 10:00:00,108191.3515625,109444.6015625,108191.3515625,109175.640625,233512960
2025-05-24 12:00:00,109216.2265625,109246.6484375,108560.59375,108609.2734375,0
2025-05-24 14:00:00,108610.5859375,109183.03125,108605.1328125,108936.2421875,0
2025-05-24 16:00:00,108947.6953125,109176.7421875,108744.75,108990.1328125,0
2025-05-24 18:00:00,108936.90625,109079.2109375,108804.03125,108977.296875,0
2025-05-24 20:00:00,108968.1171875,109096.2109375,108614.6171875,108862.953125,146866176
2025-05-24 22:00:00,108823.0703125,108823.0703125,107539.4375,107836.4765625,717864960
2025-05-25 00:00:00,107789.9375,108105.921875,107268.296875,107694.921875,528945152
2025-05-25 02:00:00,107695.03125,108261.5,107545.21875,108152.6796875,1084977152
2025-05-25 04:00:00,108136.09375,108272.546875,107975.453125,108112.2421875,0
2025-05-25 06:00:00,108125.7109375,108148.3359375,107518.0546875,107681.3203125,0
2025-05-25 08:00:00,107691.1953125,107691.1953125,106784.65625,107100.859375,1736974336
2025-05-25 10:00:00,107126.171875,107345.65625,106894.953125,107272.375,0
2025-05-25 12:00:00,107269.3828125,107725.609375,107217.21875,107624.25,189906944
2025-05-25 14:00:00,107559.4375,107640.0234375,106862.7890625,106982.8359375,1292496896
2025-05-25 16:00:00,106999.5,107395.28125,106725.8828125,107387.1015625,1156661248
2025-05-25 18:00:00,107378.515625,107881.9921875,107327.0234375,107779.9375,799432704
2025-05-25 20:00:00,107738.828125,107879.9609375,107214.1484375,107580.7109375,618119168
2025-05-25 22:00:00,107496.90625,109313.3046875,107404.4375,109041.421875,760942592
2025-05-26 00:00:00,109020.796875,109840.2734375,108765.6328125,109528.625,0
2025-05-26 02:00:00,109576.328125,109762.765625,109262.4921875,109657.28125,1254367232
2025-05-26 04:00:00,109666.1796875,109731.3359375,109428.6015625,109692.9609375,729190400
2025-05-26 06:00:00,109680.1953125,110193.421875,109573.5546875,110074.953125,1585188864
2025-05-26 08:00:00,110120.1171875,110183.578125,109649.9921875,109694.25,0
2025-05-26 10:00:00,109703.75,109862.7578125,109605.09375,109754.9296875,623185920
2025-05-26 12:00:00,109769.640625,110014.5625,109584.296875,109605.421875,115466240
2025-05-26 14:00:00,109644.3828125,110354.9375,109569.578125,110030.4140625,320479232
2025-05-26 16:00:00,110035.890625,110364.84375,108983.9921875,109159.546875,676102144
2025-05-26 18:00:00,109186.7734375,109454.515625,108917.8125,109144.5625,678109184
2025-05-26 20:00:00,109145.71875,109596.0546875,109007.25,109383.484375,1079111680
2025-05-26 22:00:00,109373.640625,109872.9453125,109131.609375,109436.640625,0
2025-05-27 00:00:00,109459.1796875,109649.484375,107650.1953125,108389.3828125,2901921792
2025-05-27 02:00:00,108381.21875,109205.9921875,107971.765625,108921.5703125,1882689536
2025-05-27 04:00:00,108902.5625,109297.6953125,108621.4375,108937.578125,273985536
2025-05-27 06:00:00,108924.2109375,109612.9453125,108881.1796875,109485.7890625,1000960000
2025-05-27 08:00:00,109486.0703125,109896.9921875,109486.0703125,109864.3515625,239308800
2025-05-27 10:00:00,109860.8828125,109867.203125,109478.828125,109569.9609375,919404544
2025-05-27 12:00:00,109577.8828125,110744.2109375,109505.21875,109915.8359375,3231502336
2025-05-27 14:00:00,109857.6796875,110242.8203125,108793.234375,110124.953125,2005999616
2025-05-27 16:00:00,110182.1015625,110511.5546875,110017.453125,110352.234375,0
2025-05-27 18:00:00,110281.2578125,110413.453125,109661.078125,109877.84375,2850291712
2025-05-27 20:00:00,109873.703125,109918.96875,108887.8359375,108887.8359375,203075584
2025-05-27 22:00:00,108942.109375,109206.7421875,108681.484375,109000.375,579112960
2025-05-28 00:00:00,108981.1875,109270.5390625,108752.2578125,108830.984375,0
2025-05-28 02:00:00,108715.125,108948.3671875,108483.0546875,108919.7578125,193613824
2025-05-28 04:00:00,108928.5234375,109104.015625,108683.9296875,109050.2109375,0
2025-05-28 06:00:00,109038.46875,109038.46875,108699.890625,108853.1484375,36802560
2025-05-28 08:00:00,108853.7578125,109129.15625,108594.390625,108793.3046875,228151296
2025-05-28 10:00:00,108828.296875,108965.859375,108368.6875,108902.1171875,0
2025-05-28 12:00:00,108901.375,109073.8671875,108085.828125,108085.828125,0
2025-05-28 14:00:00,108100.6953125,108229.3125,107127.671875,107127.671875,194473984
2025-05-28 16:00:00,107139.46875,107840.7578125,107139.46875,107716.046875,121647104
2025-05-28 18:00:00,107710.1328125,107853.0859375,107043.40625,107142.9921875,0
2025-05-28 20:00:00,106982.2421875,107569.3984375,106815.796875,107441.1875,1022988288
2025-05-28 22:00:00,107521.484375,108034.8984375,107191.828125,107772.6796875,1288249344
2025-05-29 00:00:00,107796.3359375,108287.3046875,107489.9765625,108237.421875,668962816
2025-05-29 02:00:00,108170.234375,108472.3515625,107973.9140625,108042.453125,111083520
2025-05-29 04:00:00,108054.5,108109.96875,107192.5859375,107692.265625,997957632
2025-05-29 06:00:00,107696.046875,108013.046875,107696.046875,107865.296875,1103196160
2025-05-29 08:00:00,107876.078125,108593.484375,107772.328125,108573.3203125,577310720
2025-05-29 10:00:00,108564.3203125,108904.2578125,108440.703125,108751.71875,1171755008
2025-05-29 12:00:00,108778.1484375,108790.5390625,107529.25,107577.1171875,330301440
2025-05-29 14:00:00,107603.140625,107789.4609375,106512.859375,107053.9296875,872648704
2025-05-29 16:00:00,107040.5703125,107130.4921875,106183.7421875,106313.7265625,1412075520
2025-05-29 18:00:00,106325.8046875,106545.015625,105661.8046875,105747.8984375,390434816
2025-05-29 20:00:00,105730.46875,106444.9921875,105730.46875,106444.9921875,2509725696
2025-05-29 22:00:00,106434.5,106434.5,105374.3984375,105617.1640625,282030080
2025-05-30 00:00:00,105593.25,106150.4140625,104832.375,105690.1484375,162095104
2025-05-30 02:00:00,105676.4375,106190.6328125,105676.4375,105985.21875,2361393152
2025-05-30 04:00:00,106034.640625,106301.234375,105931.5703125,106102.734375,2026123264
2025-05-30 06:00:00,106105.5625,106129.921875,104814.046875,104966.640625,1420853248
2025-05-30 08:00:00,105030.484375,105641.78125,104660.796875,105641.78125,1180536832
2025-05-30 10:00:00,105652.078125,105956.578125,105356.8359375,105956.578125,1277714432
2025-05-30 12:00:00,105899.8515625,105969.9140625,105310.4453125,105535.015625,0
2025-05-30 14:00:00,105673.5390625,105825.4140625,105120.1328125,105571.359375,1609388032
2025-05-30 16:00:00,105543.328125,105543.328125,103726.5859375,104148.859375,613396480
2025-05-30 18:00:00,104178.046875,104964.078125,104127.125,104706.25,0
2025-05-30 20:00:00,104624.25,104885.6328125,104425.8125,104652.125,0
2025-05-30 22:00:00,104651.3828125,104695.1015625,103709.8671875,103999.2734375,255565824
2025-05-31 00:00:00,104007.5859375,104294.1171875,103411.59375,103458.609375,350343168
2025-05-31 02:00:00,103517.0078125,103852.3828125,103185.2109375,103673.4296875,607387648
2025-05-31 04:00:00,103673.4296875,103900.40625,103528.3359375,103587.921875,0
2025-05-31 06:00:00,103574.046875,103925.6171875,103573.1953125,103804.96875,0
2025-05-31 08:00:00,103802.546875,103837.5,103540.5546875,103590.3359375,0
2025-05-31 10:00:00,103570.296875,103597.8125,103353.03125,103510.40625,0
2025-05-31 12:00:00,103521.21875,104218.078125,103521.21875,104120.046875,0
2025-05-31 14:00:00,104146.765625,104880.7109375,104146.765625,104596.9140625,0
2025-05-31 16:00:00,104596.890625,104818.84375,104341.8671875,104391.71875,0
2025-05-31 18:00:00,104397.65625,104778.8203125,104393.28125,104736.578125,0
2025-05-31 20:00:00,104747.296875,104927.1015625,104601.59375,104842.921875,28516352
2025-05-31 22:00:00,104863.421875,104913.21875,104554.125,104654.40625,0
2025-06-01 00:00:00,104674.0,104674.0,104076.3984375,104115.1796875,0
2025-06-01 02:00:00,104159.0390625,104482.0859375,103992.984375,104448.6640625,115621888
2025-06-01 04:00:00,104442.609375,104737.265625,104433.015625,104577.6640625,1664417792
2025-06-01 06:00:00,104577.96875,104577.96875,104262.234375,104314.8515625,0
2025-06-01 08:00:00,104327.171875,104484.0078125,103836.921875,103858.09375,274432000
2025-06-01 10:00:00,103946.3046875,104180.6171875,103842.2421875,104125.9453125,72060928
2025-06-01 12:00:00,104119.859375,104420.171875,103843.171875,104295.1953125,0
2025-06-01 14:00:00,104308.7578125,104820.8359375,104308.7578125,104745.3515625,0
2025-06-01 16:00:00,104751.046875,105278.71875,104736.0625,105116.3125,901898240
2025-06-01 18:00:00,105113.453125,105175.4453125,104444.625,105155.9765625,1603600384
2025-06-01 20:00:00,105146.984375,105498.859375,104977.0234375,105497.5390625,1491116032
2025-06-01 22:00:00,105512.1484375,105864.7890625,105499.140625,105669.28125,1274052608
2025-06-02 00:00:00,105660.390625,105723.5,105417.2578125,105459.078125,255758336
2025-06-02 02:00:00,105437.2890625,105456.8828125,104625.3046875,104907.140625,1224933376
2025-06-02 04:00:00,104891.8515625,105015.640625,104676.4609375,104845.4375,964550656
2025-06-02 06:00:00,104852.5625,105466.640625,104796.8125,105392.6640625,881405952
2025-06-02 08:00:00,105420.3671875,105919.015625,104575.84375,104618.125,1133068288
2025-06-02 10:00:00,104660.2421875,104669.0546875,104062.375,104065.5234375,1042878464
2025-06-02 12:00:00,104076.3671875,104510.8671875,103806.984375,103806.984375,437628928
2025-06-02 14:00:00,103823.296875,104674.40625,103737.8515625,104426.8359375,3404406784
2025-06-02 16:00:00,104466.234375,104529.4375,104106.3671875,104441.578125,187043840
2025-06-02 18:00:00,104446.0,104733.4375,104120.7421875,104489.3515625,973500416
2025-06-02 20:00:00,104473.9609375,105097.5703125,104473.9609375,104935.859375,493817856
2025-06-02 22:00:00,104963.4765625,105951.734375,104963.4765625,105885.8046875,1354559488
2025-06-03 00:00:00,105880.5625,106477.078125,105803.65625,106477.078125,2009116672
2025-06-03 02:00:00,106500.7109375,106502.6328125,105473.7734375,105528.21875,0
2025-06-03 04:00:00,105538.4609375,105554.5546875,105173.0546875,105485.1015625,1261469696
2025-06-03 06:00:00,105491.5625,105492.1953125,105228.234375,105230.40625,0
2025-06-03 08:00:00,105245.5859375,105306.6484375,104924.265625,105238.96875,711680000
2025-06-03 10:00:00,105230.2109375,105399.53125,105195.453125,105319.84375,0
2025-06-03 12:00:00,105338.015625,105664.4453125,105213.4140625,105571.84375,1825193984
2025-06-03 14:00:00,105518.546875,106791.046875,105254.4765625,106691.7109375,1043812352
2025-06-03 16:00:00,106668.8125,106668.8125,105881.9140625,105982.4453125,1744990208
2025-06-03 18:00:00,105981.2421875,106450.328125,105665.375,106208.6796875,343089152
2025-06-03 20:00:00,106284.3828125,106284.3828125,105378.875,105429.8203125,0
2025-06-03 22:00:00,105460.078125,105942.078125,105351.5,105445.9296875,253747200
2025-06-04 00:00:00,105437.203125,105768.4296875,105214.53125,105614.3515625,710565888
2025-06-04 02:00:00,105648.265625,105868.390625,105524.859375,105581.59375,0
2025-06-04 04:00:00,105580.796875,105679.5078125,105416.953125,105457.625,1008803840
2025-06-04 06:00:00,105449.1015625,105481.890625,105323.484375,105397.3125,76066816
2025-06-04 08:00:00,105394.65625,105918.6015625,105382.359375,105876.0859375,0
2025-06-04 10:00:00,105907.953125,105994.4609375,105153.1953125,105155.359375,2368032768
2025-06-04 12:00:00,105087.3046875,105274.0234375,104792.6796875,104792.6796875,782876672
2025-06-04 14:00:00,104797.6015625,105566.390625,104283.515625,105398.4765625,0
2025-06-04 16:00:00,105337.21875,105483.3359375,105025.8515625,105090.0234375,77086720
2025-06-04 18:00:00,105206.28125,105312.953125,104934.5703125,105065.2578125,371384320
2025-06-04 20:00:00,104994.734375,105065.6640625,104501.8984375,104997.484375,368529408
2025-06-04 22:00:00,104984.5,105041.25,104686.25,104723.546875,573620224
2025-06-05 00:00:00,104749.8515625,105147.609375,104734.6484375,104800.5390625,0
2025-06-05 02:00:00,104778.6328125,105256.7421875,104778.6328125,105074.8046875,584593408
2025-06-05 04:00:00,105081.328125,105238.5390625,104639.0546875,104675.421875,0
2025-06-05 06:00:00,104697.1796875,104731.9609375,104439.8046875,104553.078125,838021120
2025-06-05 08:00:00,104553.2734375,104954.7421875,104518.8671875,104954.7421875,106295296
2025-06-05 10:00:00,104950.171875,104950.171875,104593.3515625,104880.4921875,0
2025-06-05 12:00:00,104882.6484375,105932.75,104424.0078125,104432.7734375,642629632
2025-06-05 14:00:00,104493.46875,104870.453125,103989.0234375,104708.0546875,1514012672
2025-06-05 16:00:00,104569.09375,104602.515625,103234.296875,103260.828125,1432739840
2025-06-05 18:00:00,103284.15625,103346.2734375,101758.4296875,102017.5625,4255416320
2025-06-05 20:00:00,101936.6796875,102144.90625,100501.6953125,101624.2578125,6925914112
2025-06-05 22:00:00,101605.75,101842.4921875,101111.8828125,101675.9609375,2043203584
2025-06-06 00:00:00,101543.8203125,101980.1484375,101272.953125,101896.6171875,1239896064
2025-06-06 02:00:00,101895.4765625,102569.1875,101600.515625,102546.6953125,1080938496
2025-06-06 04:00:00,102551.6640625,103012.9765625,102462.8984375,103012.9765625,1323294720
2025-06-06 06:00:00,102987.8203125,103487.25,102959.2578125,103198.1015625,1955753984
2025-06-06 08:00:00,103209.84375,103778.1015625,103209.84375,103717.6953125,912818176
2025-06-06 10:00:00,103708.9453125,104010.90625,103632.703125,104004.328125,813801472
2025-06-06 12:00:00,104004.5390625,104570.3515625,103678.1171875,104158.90625,429248512
2025-06-06 14:00:00,104173.15625,105362.515625,104161.390625,105098.6015625,780734464
2025-06-06 16:00:00,105156.5859375,105324.734375,104570.78125,104994.859375,0
2025-06-06 18:00:00,105016.3125,105020.734375,104173.1015625,104228.1015625,0
2025-06-06 20:00:00,104290.7578125,104671.125,104262.265625,104483.25,0
2025-06-06 22:00:00,104476.125,104577.2734375,104303.4609375,104395.796875,0
2025-06-07 00:00:00,104391.6640625,104622.1171875,104007.3125,104568.3515625,809848832
2025-06-07 02:00:00,104557.15625,104973.5234375,104437.3203125,104958.9921875,758587392
2025-06-07 04:00:00,104957.671875,105070.890625,104744.609375,104984.046875,0
2025-06-07 06:00:00,104968.171875,105377.859375,104880.0078125,104946.4921875,0
2025-06-07 08:00:00,104990.765625,105010.90625,104815.546875,104909.703125,378245120
2025-06-07 10:00:00,104917.234375,105324.3984375,104913.171875,105133.96875,0
2025-06-07 12:00:00,105197.1015625,105865.21875,105197.1015625,105710.0703125,560287744
2025-06-07 14:00:00,105725.890625,105725.890625,105429.3203125,105616.109375,0
2025-06-07 16:00:00,105615.515625,105723.3671875,105369.40625,105446.640625,0
2025-06-07 18:00:00,105457.53125,105924.46875,105457.53125,105771.53125,166633472
2025-06-07 20:00:00,105778.53125,105964.078125,105778.53125,105876.5390625,0
2025-06-07 22:00:00,105840.8828125,105951.546875,105626.4375,105626.4375,0
2025-06-08 00:00:00,105633.796875,105804.6171875,105471.7265625,105768.5390625,1053331456
2025-06-08 02:00:00,105754.171875,105754.171875,105461.28125,105543.2109375,0
2025-06-08 04:00:00,105545.046875,105697.78125,105476.328125,105490.125,0
2025-06-08 06:00:00,105497.71875,105650.609375,105473.5078125,105473.5078125,0
2025-06-08 08:00:00,105488.78125,105552.2890625,105219.0390625,105231.4296875,361394176
2025-06-08 10:00:00,105205.890625,105710.1328125,105083.140625,105706.3203125,223838208
2025-06-08 12:00:00,105715.421875,106079.9375,105595.6953125,105734.328125,565559296
2025-06-08 14:00:00,105668.8984375,106116.0,105643.5859375,106040.9453125,1260371968
2025-06-08 16:00:00,106038.8671875,106385.453125,106030.953125,106195.125,116109312
2025-06-08 18:00:00,106154.5546875,106390.3359375,106129.28125,106338.0859375,368418816
2025-06-08 20:00:00,106347.7265625,106485.609375,106198.2109375,106381.9765625,1148321792
2025-06-08 22:00:00,106411.3828125,106411.3828125,105631.6796875,105739.796875,569475072
2025-06-09 00:00:00,105791.4609375,106003.3203125,105525.1953125,105574.3125,1150730240
2025-06-09 02:00:00,105583.0390625,105788.828125,105411.84375,105691.328125,1286242304
2025-06-09 04:00:00,105714.2578125,105772.6953125,105402.28125,105494.1015625,2051088384
2025-06-09 06:00:00,105475.234375,105750.296875,105417.0234375,105640.0078125,1083232256
2025-06-09 08:00:00,105638.8671875,106901.3984375,105586.3984375,106713.3046875,1928982528
2025-06-09 10:00:00,106677.328125,107848.8515625,106639.828125,107774.4609375,3710279680
2025-06-09 12:00:00,107757.421875,107961.0625,106962.0234375,107159.1875,505147392
2025-06-09 14:00:00,107241.2109375,108021.890625,107218.4921875,107748.6796875,4741046272
2025-06-09 16:00:00,107749.1875,108429.796875,107749.1875,108397.203125,2169987072
2025-06-09 18:00:00,108402.1953125,108806.828125,108390.765625,108602.9375,2122510336
2025-06-09 20:00:00,108641.0546875,110308.65625,108549.59375,110035.6015625,4565397504
2025-06-09 22:00:00,109998.421875,110393.71875,109811.6484375,110295.875,1260240896
2025-06-10 00:00:00,110301.3984375,110324.0859375,109697.3046875,109815.7578125,2857607168
2025-06-10 02:00:00,109818.3984375,109818.3984375,109436.7890625,109569.8359375,0
2025-06-10 04:00:00,109593.71875,109739.5859375,109241.9453125,109378.296875,1062141952
2025-06-10 06:00:00,109347.3515625,109635.3046875,109131.2890625,109268.703125,1776607232
2025-06-10 08:00:00,109265.1015625,109524.046875,109086.6796875,109524.046875,303226880
2025-06-10 10:00:00,109537.921875,109853.6015625,109277.859375,109551.453125,0
2025-06-10 12:00:00,109578.625,109857.5546875,108930.375,109290.71875,328900608
2025-06-10 14:00:00,109307.96875,109329.375,108400.234375,109028.9765625,1992585216
2025-06-10 16:00:00,109055.0390625,109223.703125,108662.8515625,108736.859375,507117568
2025-06-10 18:00:00,108671.0078125,110336.6484375,108609.1875,109439.390625,2437554176
2025-06-10 20:00:00,109473.953125,109986.2265625,109306.703125,109839.5390625,569237504
2025-06-10 22:00:00,109867.2734375,110272.2734375,109619.359375,110272.2734375,0
2025-06-11 00:00:00,110250.765625,110259.0625,109580.390625,109612.796875,931225600
2025-06-11 02:00:00,109621.6796875,109841.515625,109578.5078125,109733.734375,0
2025-06-11 04:00:00,109736.0,109736.03125,109488.453125,109527.5078125,432140288
2025-06-11 06:00:00,109489.5,109707.9921875,109375.0,109456.3515625,0
2025-06-11 08:00:00,109454.5234375,109640.234375,109245.8046875,109253.6171875,0
2025-06-11 10:00:00,109264.5859375,109405.828125,109196.6953125,109241.625,1064906752
2025-06-11 12:00:00,109248.90625,109867.40625,109067.578125,109640.390625,1359851520
2025-06-11 14:00:00,109673.5078125,110350.59375,109646.921875,109709.2734375,508616704
2025-06-11 16:00:00,109744.3359375,109802.875,109099.484375,109120.078125,20291584
2025-06-11 18:00:00,108989.15625,109037.6640625,108516.7578125,108727.84375,1899327488
2025-06-11 20:00:00,108724.6171875,109195.5,108454.7109375,108516.9140625,0
2025-06-11 22:00:00,108501.0,108704.6328125,108160.1953125,108683.1328125,1349865472
2025-06-12 00:00:00,108687.65625,108775.78125,108297.9453125,108487.7578125,840458240
2025-06-12 02:00:00,108503.2109375,108750.4453125,107752.53125,107871.3515625,2030096384
2025-06-12 04:00:00,107879.8828125,107924.7421875,107447.046875,107740.90625,1882091520
2025-06-12 06:00:00,107758.2265625,107996.578125,107488.484375,107611.703125,64741376
2025-06-12 08:00:00,107630.8828125,107828.359375,107467.015625,107529.9921875,734081024
2025-06-12 10:00:00,107521.5703125,107530.046875,106926.75,106926.75,584732672
2025-06-12 12:00:00,106926.4140625,107398.25,106642.8046875,106952.6640625,0
2025-06-12 14:00:00,107057.234375,107791.2421875,106926.3828125,107038.265625,102367232
2025-06-12 16:00:00,107027.0234375,108430.4921875,107027.0234375,108291.40625,1837674496
2025-06-12 18:00:00,108311.171875,108408.765625,106716.9375,106767.78125,76668928
2025-06-12 20:00:00,106816.0,106961.7890625,105856.2109375,106039.7890625,4191776768
2025-06-12 22:00:00,105943.6484375,106242.4921875,105792.265625,105938.03125,170446848
2025-06-13 00:00:00,105729.953125,105729.953125,102850.0,103822.375,10891894784
2025-06-13 02:00:00,103783.6640625,104570.09375,103170.875,104419.1640625,1455370240
2025-06-13 04:00:00,104375.6171875,104553.0546875,103863.8671875,104097.5234375,1370288128
2025-06-13 06:00:00,104084.0234375,104954.6015625,103897.734375,104945.40625,1979658240
2025-06-13 08:00:00,104939.3671875,105424.1484375,104570.390625,104892.1953125,2002092032
2025-06-13 10:00:00,104883.625,105079.5390625,104496.8984375,105022.0546875,0
2025-06-13 12:00:00,105064.984375,105291.7734375,104727.359375,104727.359375,32669696
2025-06-13 14:00:00,104738.671875,105705.8671875,104197.9765625,105454.7890625,3553067008
2025-06-13 16:00:00,105478.0,105993.2265625,104938.7578125,105451.609375,723443712
2025-06-13 18:00:00,105425.3515625,105494.375,104716.9765625,105108.0625,460849152
2025-06-13 20:00:00,105099.28125,105781.796875,105088.9140625,105676.03125,0
2025-06-13 22:00:00,105649.953125,106157.7890625,105595.421875,106087.9375,737976320
2025-06-14 00:00:00,106109.46875,106200.0,105501.0,105544.5859375,0
2025-06-14 02:00:00,105529.8671875,105631.53125,105266.6171875,105298.625,0
2025-06-14 04:00:00,105291.8984375,105442.390625,105291.8984375,105354.5,0
2025-06-14 06:00:00,105348.125,105363.3984375,104892.84375,105136.234375,0
2025-06-14 08:00:00,105128.2421875,105171.1953125,104912.7109375,104919.8671875,0
2025-06-14 10:00:00,104927.1796875,105150.0390625,104893.0234375,105146.5625,289067008
2025-06-14 12:00:00,105142.6015625,105169.5546875,104854.96875,105068.9296875,8396800
2025-06-14 14:00:00,105062.078125,105118.234375,104736.84375,104866.84375,0
2025-06-14 16:00:00,104867.0703125,104957.0703125,104438.7109375,104657.3046875,119144448
2025-06-14 18:00:00,104660.6640625,105075.875,104447.9765625,104736.453125,0
2025-06-14 20:00:00,104714.40625,105445.15625,104415.859375,105445.15625,842174464
2025-06-14 22:00:00,105388.8984375,105532.2734375,105358.3515625,105474.4609375,895356928
2025-06-15 00:00:00,105473.734375,105710.328125,105382.4453125,105475.3046875,0
2025-06-15 02:00:00,105478.140625,105658.6171875,105478.140625,105531.8359375,0
2025-06-15 04:00:00,105526.4140625,106047.515625,105526.4140625,106047.515625,304648192
2025-06-15 06:00:00,106114.59375,106114.59375,105285.7734375,105487.625,1314969600
2025-06-15 08:00:00,105473.9921875,105512.1328125,104922.46875,104975.1953125,847810560
2025-06-15 10:00:00,104964.6328125,105199.359375,104953.4921875,104985.6171875,1024249856
2025-06-15 12:00:00,105008.6953125,105668.7734375,104998.0390625,105562.2890625,485896192
2025-06-15 14:00:00,105563.671875,105830.3828125,105361.2421875,105582.1953125,497946624
2025-06-15 16:00:00,105591.0234375,105787.3671875,105379.2734375,105711.9296875,578224128
2025-06-15 18:00:00,105711.609375,105711.609375,105132.984375,105300.0078125,0
2025-06-15 20:00:00,105288.46875,105288.46875,104539.46875,104788.0078125,1058914304
2025-06-15 22:00:00,104805.75,105615.3984375,104787.453125,105552.8671875,1838907392
2025-06-16 00:00:00,105576.9609375,105890.0,105027.2890625,105842.1484375,282230784
2025-06-16 02:00:00,105840.6796875,105979.8046875,105717.2578125,105940.2109375,1976651776
2025-06-16 04:00:00,105924.421875,106745.34375,105912.5078125,106552.8125,994217984
2025-06-16 06:00:00,106580.2734375,107227.0625,106529.1953125,107042.75,1999478784
2025-06-16 08:00:00,107077.4375,107231.5546875,106939.0390625,106939.0390625,819691520
2025-06-16 10:00:00,106963.390625,107189.671875,106632.7265625,106875.265625,1415024640
2025-06-16 12:00:00,106878.2109375,107115.484375,106556.953125,107096.0390625,90963968
2025-06-16 14:00:00,107183.7421875,107791.8046875,106876.3984375,107417.15625,2449477632
2025-06-16 16:00:00,107486.234375,108032.625,107397.6640625,107713.234375,1610162176
2025-06-16 18:00:00,107770.46875,108885.359375,107770.46875,108497.359375,2234441728
2025-06-16 20:00:00,108668.0390625,108858.9453125,108430.8203125,108562.6484375,1256726528
2025-06-16 22:00:00,108567.9765625,108914.875,106821.125,106821.125,1083383808
2025-06-17 00:00:00,106798.671875,107344.53125,106247.6796875,107266.296875,3530346496
2025-06-17 02:00:00,107217.2578125,107723.609375,106625.0,107628.9765625,1720299520
2025-06-17 04:00:00,107627.640625,107682.8046875,107089.4765625,107140.71875,0
2025-06-17 06:00:00,107150.25,107247.1015625,106523.234375,106788.078125,864169984
2025-06-17 08:00:00,106800.5859375,106832.8828125,106136.0078125,106154.6171875,0
2025-06-17 10:00:00,106167.109375,106235.9765625,105529.75,105674.625,2013937664
2025-06-17 12:00:00,105652.25,105825.8828125,105271.421875,105428.5859375,1250447360
2025-06-17 14:00:00,105406.5703125,105691.5234375,104190.3828125,104269.546875,1413636096
2025-06-17 16:00:00,104251.2578125,104486.109375,103444.515625,103907.2265625,4042121216
2025-06-17 18:00:00,103858.7109375,105354.71875,103685.3828125,104829.1796875,0
2025-06-17 20:00:00,104737.2890625,104820.609375,104343.2890625,104612.7734375,1870467072
2025-06-17 22:00:00,104563.46875,104740.7421875,104244.734375,104621.234375,0
2025-06-18 00:00:00,104591.59375,105169.6328125,104405.7890625,104796.71875,0
2025-06-18 02:00:00,104798.3046875,105276.4140625,104742.0390625,105189.9921875,390205440
2025-06-18 04:00:00,105199.2109375,105581.8515625,105131.0859375,105453.8203125,655605760
2025-06-18 06:00:00,105436.0234375,105528.6875,104819.15625,104975.828125,860450816
2025-06-18 08:00:00,105012.296875,105322.6328125,104614.1171875,104724.359375,0
2025-06-18 10:00:00,104712.265625,104860.6875,104252.6015625,104860.6875,123801600
2025-06-18 12:00:00,104863.453125,104881.96875,103944.0390625,104493.953125,320995328
2025-06-18 14:00:00,104460.3671875,105316.125,104213.9453125,104841.5234375,522166272
2025-06-18 16:00:00,104829.3515625,104840.5546875,103661.28125,104348.2890625,0
2025-06-18 18:00:00,104654.65625,104654.65625,103661.5703125,103935.1484375,791846912
2025-06-18 20:00:00,103880.5703125,105152.0234375,103716.2734375,104999.3203125,1909088256
2025-06-18 22:00:00,105099.7421875,105170.296875,104700.84375,104806.109375,0
2025-06-19 00:00:00,104908.7578125,105218.8515625,104538.8984375,104628.140625,1319571456
2025-06-19 02:00:00,104609.625,105133.328125,104573.7578125,105133.328125,0
2025-06-19 04:00:00,105117.875,105209.46875,104830.9296875,104933.5546875,872038400
2025-06-19 06:00:00,104915.828125,104993.7734375,104670.4140625,104670.4140625,0
2025-06-19 08:00:00,104663.71875,105051.78125,104663.71875,105026.0703125,688009216
2025-06-19 10:00:00,105024.40625,105085.8515625,104780.2421875,104807.671875,189005824
2025-06-19 12:00:00,104817.125,104949.125,104312.4765625,104343.1171875,296787968
2025-06-19 14:00:00,104356.15625,104670.203125,104141.0,104158.4609375,417185792
2025-06-19 16:00:00,104121.296875,104837.4609375,103962.421875,104550.8515625,0
2025-06-19 18:00:00,104539.953125,104688.046875,104196.234375,104317.65625,0
2025-06-19 20:00:00,104276.546875,104504.7421875,104168.0078125,104322.03125,250544128
2025-06-19 22:00:00,104483.1796875,104860.4140625,104483.1796875,104678.21875,441212928
2025-06-20 00:00:00,104669.265625,104810.125,104449.0078125,104797.375,0
2025-06-20 02:00:00,104812.703125,104827.03125,104546.515625,104643.5546875,805900288
2025-06-20 04:00:00,104633.09375,104634.0234375,104257.203125,104592.640625,0
2025-06-20 06:00:00,104593.5859375,105840.84375,104593.5859375,105840.84375,1383280640
2025-06-20 08:00:00,105816.234375,106521.8828125,105816.234375,106009.828125,2601144320
2025-06-20 10:00:00,105986.7890625,106145.9765625,105842.890625,106016.109375,662564864
2025-06-20 12:00:00,105997.6640625,106146.609375,105534.828125,105732.8828125,741187584
2025-06-20 14:00:00,105684.734375,105753.0234375,103979.390625,104257.9453125,3401019392
2025-06-20 16:00:00,104228.015625,104269.8515625,102411.9921875,103201.9140625,3421261824
2025-06-20 18:00:00,103296.171875,103485.4453125,103066.40625,103485.4453125,2423447552
2025-06-20 20:00:00,103363.84375,103818.4453125,103363.84375,103564.109375,1015009280
2025-06-20 22:00:00,103541.6328125,103541.6328125,103020.3203125,103303.46875,1106661376
2025-06-21 00:00:00,103309.8359375,103529.2734375,103165.953125,103514.109375,0
2025-06-21 02:00:00,103538.234375,103704.5703125,103402.2734375,103554.390625,0
2025-06-21 04:00:00,103542.7734375,103545.921875,103369.8359375,103439.5078125,0
2025-06-21 06:00:00,103444.4765625,103624.296875,103375.5546875,103471.6484375,0
2025-06-21 08:00:00,103475.8046875,103944.3203125,103475.8046875,103872.875,815575040
2025-06-21 10:00:00,103866.1484375,104001.203125,103782.34375,103895.7578125,0
2025-06-21 12:00:00,103897.203125,103972.4140625,103591.8203125,103594.0703125,0
2025-06-21 14:00:00,103592.6875,103773.078125,103428.7734375,103602.328125,0
2025-06-21 16:00:00,103605.90625,103670.2421875,103218.0546875,103218.0546875,0
2025-06-21 18:00:00,103210.4765625,103423.875,102276.6484375,102276.6484375,1613066240
2025-06-21 20:00:00,102283.765625,102879.7109375,101327.15625,101604.40625,1804052480
2025-06-21 22:00:00,101485.5234375,102282.40625,101053.640625,102282.40625,2316476416
2025-06-22 00:00:00,102160.7734375,103256.46875,101934.21875,102409.4609375,4964753408
2025-06-22 02:00:00,102421.453125,102768.484375,101980.59375,102403.3046875,1970106368
2025-06-22 04:00:00,102406.953125,102942.9921875,102328.0078125,102880.3984375,1184550912
2025-06-22 06:00:00,102892.8671875,102980.15625,102312.390625,102491.3203125,275886080
2025-06-22 08:00:00,102473.1328125,102819.9453125,102172.171875,102205.046875,1137258496
2025-06-22 10:00:00,102223.2578125,102781.7578125,102214.75,102781.7578125,1770991616
2025-06-22 12:00:00,102750.765625,102842.265625,100379.234375,100866.9765625,4278509568
2025-06-22 14:00:00,100893.703125,101148.5,99182.046875,99182.046875,7344279552
2025-06-22 16:00:00,98947.078125,100305.4609375,98723.6328125,99566.6796875,4722049024
2025-06-22 18:00:00,99521.890625,99774.0234375,98914.84375,98914.84375,909586432
2025-06-22 20:00:00,98939.1171875,99740.65625,98386.765625,99235.078125,1399017472
2025-06-22 22:00:00,99187.0078125,101028.953125,99187.0078125,100952.453125,1422725120
2025-06-23 00:00:00,100891.1171875,101539.4453125,100555.9140625,101130.34375,0
2025-06-23 02:00:00,101133.8203125,101408.890625,101019.125,101157.53125,203980800
2025-06-23 04:00:00,101189.1953125,101841.09375,101045.375,101841.09375,0
2025-06-23 06:00:00,101808.3046875,102064.9609375,101712.828125,101967.265625,1681162240
2025-06-23 08:00:00,101962.71875,102063.7265625,101447.4765625,101610.2890625,0
2025-06-23 10:00:00,101596.765625,101596.765625,101210.75,101354.234375,438386688
2025-06-23 12:00:00,101342.171875,102433.796875,100888.125,102433.796875,1159589888
2025-06-23 14:00:00,102420.890625,102520.3828125,101383.53125,101502.34375,0
2025-06-23 16:00:00,101473.6953125,102687.5,99919.1640625,102472.109375,3888246784
2025-06-23 18:00:00,102551.890625,103303.03125,102540.71875,103298.171875,1740275712
2025-06-23 20:00:00,103236.296875,104246.578125,103041.5,103789.1953125,700530688
2025-06-23 22:00:00,103812.9921875,106052.0,103785.3046875,105598.7578125,4893343744
2025-06-24 00:00:00,105407.609375,105539.6875,105005.375,105539.6875,0
2025-06-24 02:00:00,105529.453125,105529.453125,104822.1875,105031.109375,1822023680
2025-06-24 04:00:00,105011.3046875,105458.421875,104817.8046875,105455.7109375,1275543552
2025-06-24 06:00:00,105476.7734375,105880.46875,105005.8203125,105005.8203125,583507968
2025-06-24 08:00:00,105034.796875,105637.75,104760.0,105285.7578125,1784205312
2025-06-24 10:00:00,105281.90625,105447.25,105089.984375,105248.359375,0
2025-06-24 12:00:00,105268.2109375,105353.859375,104927.65625,105129.0,0
2025-06-24 14:00:00,105125.03125,105771.65625,105068.265625,105276.109375,0
2025-06-24 16:00:00,105285.0390625,106295.125,105272.234375,106089.734375,0
2025-06-24 18:00:00,106108.890625,106131.921875,105370.90625,105605.2890625,0
2025-06-24 20:00:00,105697.1875,106142.59375,105524.7890625,106049.640625,0
2025-06-24 22:00:00,106042.3984375,106073.3125,105842.8984375,106048.78125,0
2025-06-25 00:00:00,106102.046875,106548.109375,105885.8359375,106405.578125,1173372928
2025-06-25 02:00:00,106428.3046875,106817.96875,106280.6875,106313.6640625,183230464
2025-06-25 04:00:00,106297.46875,106417.203125,106105.9609375,106294.0,521506816
2025-06-25 06:00:00,106272.9765625,106751.34375,106183.0625,106673.75,0
2025-06-25 08:00:00,106666.546875,106969.0078125,106396.203125,106675.8359375,271151104
2025-06-25 10:00:00,106675.1875,107243.6953125,106628.359375,107233.0859375,2234400768
2025-06-25 12:00:00,107199.3984375,108148.6328125,107002.953125,108018.9765625,1168670720
2025-06-25 14:00:00,107983.40625,108160.78125,106817.453125,107046.5078125,3819048960
2025-06-25 16:00:00,107072.5390625,107554.421875,107007.5234375,107409.8828125,0
2025-06-25 18:00:00,107440.1953125,107922.1328125,107267.28125,107737.515625,1629884416
2025-06-25 20:00:00,107706.7109375,108031.2734375,107503.8203125,107503.8203125,0
2025-06-25 22:00:00,107533.59375,107533.59375,107173.3125,107371.703125,20873216
2025-06-26 00:00:00,107372.0703125,107838.7578125,107179.3515625,107669.296875,0
2025-06-26 02:00:00,107681.2734375,108274.921875,107650.34375,107899.0390625,1576587264
2025-06-26 04:00:00,107929.109375,107937.328125,107566.5625,107659.53125,108871680
2025-06-26 06:00:00,107671.4609375,108092.0859375,107625.8125,107866.8828125,121450496
2025-06-26 08:00:00,107855.8046875,108190.546875,107379.1171875,107389.296875,1176891392
2025-06-26 10:00:00,107382.875,107489.9609375,107220.1328125,107365.1328125,393629696
2025-06-26 12:00:00,107372.484375,107388.6640625,106878.515625,106938.8828125,0
2025-06-26 14:00:00,106986.796875,107722.5703125,106702.96875,107252.609375,0
2025-06-26 16:00:00,107333.4375,107410.2890625,107081.859375,107222.359375,296452096
2025-06-26 18:00:00,107210.1328125,107669.4765625,107210.1328125,107669.4765625,313507840
2025-06-26 20:00:00,107576.5234375,107931.59375,106908.84375,107027.6328125,1316098048
2025-06-26 22:00:00,107067.3671875,107242.2890625,106931.3828125,106954.1015625,872554496
2025-06-27 00:00:00,106981.390625,107215.3515625,106545.3828125,107170.4453125,2849107968
2025-06-27 02:00:00,107171.859375,107542.796875,107126.0078125,107524.9140625,0
2025-06-27 04:00:00,107524.375,107607.015625,107325.734375,107335.3828125,984223744
2025-06-27 06:00:00,107324.3359375,107745.96875,106939.234375,106959.1484375,0
2025-06-27 08:00:00,106954.390625,107148.453125,106760.4765625,107140.4921875,2301018112
2025-06-27 10:00:00,107143.171875,107203.25,106959.8203125,107021.6484375,246525952
2025-06-27 12:00:00,107014.8046875,107217.40625,106554.59375,106830.2421875,0
2025-06-27 14:00:00,106845.3671875,107439.484375,106474.46875,107394.0078125,2549141504
2025-06-27 16:00:00,107372.234375,107637.90625,106537.40625,106878.515625,876482560
2025-06-27 18:00:00,106937.0703125,107037.515625,106514.46875,106976.109375,460931072
2025-06-27 20:00:00,106873.3203125,107287.1875,106854.5390625,107136.015625,808292352
2025-06-27 22:00:00,107110.0703125,107234.7421875,107036.84375,107090.296875,768507904
2025-06-28 00:00:00,107092.3203125,107198.578125,106898.6640625,107124.390625,0
2025-06-28 02:00:00,107114.609375,107353.9375,107079.2265625,107341.84375,0
2025-06-28 04:00:00,107341.5546875,107348.6640625,107244.421875,107348.6640625,0
2025-06-28 06:00:00,107344.078125,107528.4765625,107344.078125,107519.4921875,0
2025-06-28 08:00:00,107512.5,107532.1171875,107331.0859375,107358.7421875,0
2025-06-28 10:00:00,107353.59375,107400.9296875,107308.125,107400.9296875,0
2025-06-28 12:00:00,107393.96875,107402.171875,107138.6640625,107138.6640625,0
2025-06-28 14:00:00,107155.53125,107546.125,107146.1953125,107546.125,0
2025-06-28 16:00:00,107484.96875,107552.6875,107315.5078125,107499.109375,0
2025-06-28 18:00:00,107503.578125,107503.578125,107275.7421875,107275.7421875,143134720
2025-06-28 20:00:00,107262.3359375,107326.5390625,107210.671875,107326.5390625,0
2025-06-28 22:00:00,107350.8671875,107413.7265625,107302.5703125,107332.0234375,37271552
2025-06-29 00:00:00,107321.96875,107507.2265625,107292.7265625,107375.5859375,0
2025-06-29 02:00:00,107374.2265625,107374.2265625,107232.7109375,107251.6796875,8538112
2025-06-29 04:00:00,107256.5078125,107348.0546875,107253.4609375,107342.0703125,12795904
2025-06-29 06:00:00,107337.6796875,107403.9453125,107335.2578125,107377.0703125,81074176
2025-06-29 08:00:00,107440.3984375,107993.7421875,107435.5859375,107900.4609375,631515136
2025-06-29 10:00:00,107903.734375,108460.78125,107903.734375,108460.78125,760090624
2025-06-29 12:00:00,108499.40625,108499.40625,108076.5078125,108080.4921875,1834485760
2025-06-29 14:00:00,108081.8515625,108237.109375,107709.203125,107790.5390625,177057792
2025-06-29 16:00:00,107788.1484375,107793.9609375,107362.265625,107537.4609375,1063325696
2025-06-29 18:00:00,107545.375,107733.265625,107401.984375,107456.1953125,1139083264
2025-06-29 20:00:00,107438.9609375,107702.4921875,107333.9765625,107536.390625,460128256
2025-06-29 22:00:00,107562.2890625,108429.15625,107562.2890625,108388.9765625,1785661440
2025-06-30 00:00:00,108380.78125,108798.7890625,108295.53125,108560.8046875,943947776
2025-06-30 02:00:00,108544.25,108665.296875,108476.484375,108551.078125,1442181120
2025-06-30 04:00:00,108548.4765625,108568.1875,108200.484375,108311.265625,329953280
2025-06-30 06:00:00,108307.140625,108311.6640625,107525.7109375,107655.21875,1472544768
2025-06-30 08:00:00,107654.1484375,107745.203125,107514.1796875,107520.625,662908928
2025-06-30 10:00:00,107504.6875,107969.7265625,107460.7578125,107674.0625,0
2025-06-30 12:00:00,107681.3671875,107862.25,107520.6640625,107520.6640625,1633308672
2025-06-30 14:00:00,107533.171875,107737.421875,106767.9375,107571.4296875,2559291392
2025-06-30 16:00:00,107581.75,107850.375,107336.765625,107540.609375,1514344448
2025-06-30 18:00:00,107505.8984375,107750.109375,107201.5546875,107750.109375,631726080
2025-06-30 20:00:00,107778.671875,107778.671875,107028.0234375,107179.0546875,1487716352
2025-06-30 22:00:00,107147.6875,107339.375,107098.2109375,107110.71875,0
2025-07-01 00:00:00,107167.6953125,107547.9140625,107098.8515625,107255.734375,0
2025-07-01 02:00:00,107255.3125,107436.859375,107115.140625,107240.25,1201967104
2025-07-01 04:00:00,107230.4609375,107262.1953125,106786.859375,106971.1171875,291733504
2025-07-01 06:00:00,106972.984375,107201.6875,106683.421875,107179.03125,428630016
2025-07-01 08:00:00,107180.140625,107180.140625,106530.2421875,106587.5703125,1270329344
2025-07-01 10:00:00,106588.1328125,106644.5859375,106366.984375,106611.3984375,435851264
2025-07-01 12:00:00,106620.203125,106896.453125,106349.078125,106844.4609375,470175744
2025-07-01 14:00:00,106845.484375,107172.6875,105696.8359375,106043.78125,857780224
2025-07-01 16:00:00,106027.3203125,106315.8671875,105926.5625,106288.03125,1121562624
2025-07-01 18:00:00,106274.4453125,106274.4453125,105447.2890625,105486.3984375,3286695936
2025-07-01 20:00:00,105441.390625,106094.3828125,105310.0859375,105812.6171875,894304256
2025-07-01 22:00:00,105797.34375,105908.5859375,105394.8203125,105687.7421875,1254338560
2025-07-02 00:00:00,105695.15625,105795.265625,105159.734375,105733.5859375,1416867840
2025-07-02 02:00:00,105739.21875,106224.75,105573.65625,106196.671875,1378025472
2025-07-02 04:00:00,106206.0390625,106660.0625,106163.4921875,106646.625,0
2025-07-02 06:00:00,106653.46875,107209.6640625,106653.46875,107175.7265625,2091892736
2025-07-02 08:00:00,107138.453125,107775.84375,107138.453125,107663.046875,590266368
2025-07-02 10:00:00,107666.5859375,107867.0078125,107434.0234375,107506.9921875,657440768
2025-07-02 12:00:00,107505.0859375,107994.6796875,107225.046875,107783.546875,3218194432
2025-07-02 14:00:00,107820.53125,108795.265625,107795.9453125,108795.265625,636895232
2025-07-02 16:00:00,108782.4765625,109751.59375,108765.1875,109113.4921875,6361530368
2025-07-02 18:00:00,109151.390625,109681.96875,109103.6171875,109681.96875,982581248
2025-07-02 20:00:00,109749.2109375,109749.2109375,109208.0,109495.5390625,1588203520
2025-07-02 22:00:00,109543.609375,109543.609375,108775.125,108859.609375,1957851136
2025-07-03 00:00:00,108851.234375,109146.6015625,108804.40625,109074.4765625,576319488
2025-07-03 02:00:00,109049.7421875,109049.7421875,108607.6796875,108692.96875,0
2025-07-03 04:00:00,108699.109375,109398.8828125,108646.5078125,109386.9921875,865816576
2025-07-03 06:00:00,109389.1484375,109593.03125,109203.0546875,109320.9453125,699301888
2025-07-03 08:00:00,109344.8984375,110293.7578125,109344.8984375,109988.8125,1763803136
2025-07-03 10:00:00,109999.3828125,110021.640625,109628.796875,109649.375,462237696
2025-07-03 12:00:00,109606.515625,110530.453125,108861.40625,110462.3203125,1955602432
2025-07-03 14:00:00,110304.4921875,110498.8984375,109152.359375,109162.9609375,1522659328
2025-07-03 16:00:00,109196.5,109690.421875,109080.3671875,109583.15625,0
2025-07-03 18:00:00,109593.4140625,109924.796875,109387.3359375,109820.3515625,0
2025-07-03 20:00:00,109852.8359375,110031.03125,109765.109375,109842.90625,0
2025-07-03 22:00:00,109841.28125,109900.5234375,109587.6171875,109645.609375,0
2025-07-04 00:00:00,109639.265625,109734.90625,109483.65625,109550.421875,275783680
2025-07-04 02:00:00,109548.578125,109548.578125,109167.8125,109299.890625,322060288
2025-07-04 04:00:00,109287.2109375,109362.890625,109014.6796875,109062.9453125,632836096
2025-07-04 06:00:00,109056.609375,109153.4765625,108754.359375,108754.359375,348659712
2025-07-04 08:00:00,108760.7109375,109091.765625,108636.359375,109038.203125,368332800
2025-07-04 10:00:00,109032.875,109136.4140625,108900.7109375,108921.5,0
2025-07-04 12:00:00,108946.5078125,109003.8828125,108082.890625,108082.890625,0
2025-07-04 14:00:00,108020.1171875,108124.9140625,107638.4609375,107681.703125,2148335616
2025-07-04 16:00:00,107634.984375,107932.2109375,107396.2890625,107918.890625,797110272
2025-07-04 18:00:00,107928.4921875,107928.4921875,107315.2578125,107492.0078125,669687808
2025-07-04 20:00:00,107494.0859375,107957.4140625,107478.890625,107935.4296875,0
2025-07-04 22:00:00,107938.328125,108290.3203125,107935.4453125,108058.296875,832888832
2025-07-05 00:00:00,108019.6015625,108244.859375,107947.796875,108013.578125,1505509376
2025-07-05 02:00:00,108005.921875,108306.7265625,107846.3515625,108207.59375,698318848
2025-07-05 04:00:00,108200.8984375,108367.2578125,108072.328125,108178.6875,0
2025-07-05 06:00:00,108173.1171875,108308.765625,108041.921875,108066.15625,0
2025-07-05 08:00:00,108064.390625,108161.625,107942.359375,108120.421875,0
2025-07-05 10:00:00,108134.140625,108271.0,108103.984375,108182.53125,712302592
2025-07-05 12:00:00,108179.2109375,108245.2734375,108017.234375,108169.796875,0
2025-07-05 14:00:00,108160.53125,108244.8671875,108085.3125,108095.359375,0
2025-07-05 16:00:00,108088.6328125,108181.3828125,107934.9296875,108125.3828125,200714240
2025-07-05 18:00:00,108137.328125,108206.4296875,107985.8046875,108174.7734375,0
2025-07-05 20:00:00,108171.015625,108187.65625,108035.984375,108120.9140625,516923392
2025-07-05 22:00:00,108111.578125,108262.84375,108100.421875,108235.8203125,556161024
2025-07-06 00:00:00,108247.4140625,108276.765625,108147.0390625,108239.96875,638107648
2025-07-06 02:00:00,108244.6796875,108288.8515625,108072.3125,108088.8515625,0
2025-07-06 04:00:00,108085.359375,108130.46875,107997.78125,108036.5,11692032
2025-07-06 06:00:00,108043.703125,108245.515625,108015.21875,108082.5390625,191395840
2025-07-06 08:00:00,108084.765625,108099.421875,107890.59375,107890.59375,0
2025-07-06 10:00:00,107903.890625,108136.4453125,107848.4375,108095.28125,1090121728
2025-07-06 12:00:00,108095.796875,109093.9921875,108081.265625,108894.3515625,1708662784
2025-07-06 14:00:00,108834.53125,109045.6953125,108713.6875,108918.4921875,1248778240
2025-07-06 16:00:00,108958.71875,108982.203125,108745.71875,108930.9609375,1102372864
2025-07-06 18:00:00,108929.4296875,108932.6953125,108353.9609375,108527.1328125,625231872
2025-07-06 20:00:00,108564.65625,109700.84375,108564.65625,109176.3359375,1626546176
2025-07-06 22:00:00,109257.953125,109524.0,109050.5703125,109236.2734375,2152677376
2025-07-07 00:00:00,109209.1484375,109283.890625,108709.5546875,109048.796875,506859520
2025-07-07 02:00:00,109040.921875,109661.359375,109040.921875,109393.21875,1696288768
2025-07-07 04:00:00,109397.390625,109478.3359375,109039.984375,109094.75,1109364736
2025-07-07 06:00:00,109092.078125,109182.296875,108722.2421875,109075.921875,1317990400
2025-07-07 08:00:00,109087.2890625,109087.2890625,108811.484375,108836.5234375,589475840
2025-07-07 10:00:00,108821.0625,108898.3984375,108653.484375,108690.28125,1722712064
2025-07-07 12:00:00,108622.015625,108645.0703125,108080.0,108545.1640625,152989696
2025-07-07 14:00:00,108542.078125,108609.90625,108011.234375,108305.9140625,1001947136
2025-07-07 16:00:00,108314.4140625,108458.90625,107841.0859375,107928.1640625,4100952064
2025-07-07 18:00:00,107936.7421875,108300.4765625,107530.203125,108141.421875,857055232
2025-07-07 20:00:00,108080.5703125,108224.546875,107825.6953125,108209.5078125,1749889024
2025-07-07 22:00:00,108174.046875,108302.9453125,107998.3515625,108297.0078125,1044619264
2025-07-08 00:00:00,108280.3828125,108522.578125,107746.1640625,107746.1640625,265043968
2025-07-08 02:00:00,107742.859375,107965.6015625,107499.5546875,107906.484375,2998263808
2025-07-08 04:00:00,107912.921875,108223.9453125,107802.984375,108212.984375,42151936
2025-07-08 06:00:00,108212.9921875,108508.78125,108141.359375,108475.890625,3055812608
2025-07-08 08:00:00,108469.078125,108523.78125,108233.140625,108453.8984375,1303277568
2025-07-08 10:00:00,108463.3828125,108997.453125,108427.5703125,108778.9453125,0
2025-07-08 12:00:00,108775.4609375,109196.1875,108690.0859375,109106.5390625,234123264
2025-07-08 14:00:00,109094.171875,109094.171875,108263.71875,108281.640625,2060558336
2025-07-08 16:00:00,108291.953125,109083.7890625,108126.171875,109035.0,268922880
2025-07-08 18:00:00,108999.578125,109185.125,108769.078125,108777.4140625,1208188928
2025-07-08 20:00:00,108777.640625,108982.59375,108650.1796875,108897.65625,1024057344
2025-07-08 22:00:00,108912.1953125,109002.140625,108858.3046875,108965.1796875,0
2025-07-09 00:00:00,108957.828125,109154.9921875,108771.40625,108798.3203125,0
2025-07-09 02:00:00,108796.6875,108856.2578125,108384.734375,108413.1015625,26996736
2025-07-09 04:00:00,108396.5390625,108895.203125,108362.25,108789.2734375,242372608
2025-07-09 06:00:00,108794.75,108885.203125,108695.7421875,108732.0546875,1033498624
2025-07-09 08:00:00,108721.953125,108871.734375,108596.765625,108772.2578125,134295552
2025-07-09 10:00:00,108770.4453125,109131.3828125,108730.625,109083.6953125,401002496
2025-07-09 12:00:00,109082.46875,109758.1484375,109025.953125,109194.109375,2527989760
2025-07-09 14:00:00,109204.828125,109466.1328125,108546.234375,109095.4921875,2028007424
2025-07-09 16:00:00,109118.1875,109473.9921875,109060.84375,109210.3984375,0
2025-07-09 18:00:00,109176.859375,111907.4921875,109159.7109375,111779.75,7556276224
2025-07-09 20:00:00,111713.4375,111844.03125,110707.265625,110968.4921875,6150127616
2025-07-09 22:00:00,110919.890625,111575.296875,110919.890625,111322.34375,774705152
2025-07-10 00:00:00,111301.765625,111378.0234375,110958.6875,111350.421875,1452277760
2025-07-10 02:00:00,111242.0859375,111554.0234375,111046.3828125,111118.078125,1306034176
2025-07-10 04:00:00,111119.8984375,111223.1171875,110992.328125,111149.3671875,1026629632
2025-07-10 06:00:00,111162.234375,111458.8359375,111154.90625,111270.6015625,1221574656
2025-07-10 08:00:00,111269.6796875,111418.984375,111074.0078125,111109.375,733929472
2025-07-10 10:00:00,111084.34375,111209.5234375,110932.546875,111068.4453125,380301312
2025-07-10 12:00:00,111064.6328125,111069.0,110670.671875,110758.1484375,0
2025-07-10 14:00:00,110803.8125,111454.234375,110783.3515625,111454.234375,699805696
2025-07-10 16:00:00,111450.65625,113822.90625,111440.078125,113822.90625,8576483328
2025-07-10 18:00:00,113820.921875,113820.921875,113089.25,113436.828125,0
2025-07-10 20:00:00,113433.3515625,116595.4609375,113366.0,116458.03125,27653484544
2025-07-10 22:00:00,116448.0,116448.0,115665.5703125,115990.015625,6034350080
2025-07-11 00:00:00,115984.171875,116036.015625,115247.2265625,115946.5390625,1897324544
2025-07-11 02:00:00,115963.5625,116874.21875,115722.59375,116842.984375,3738058752
2025-07-11 04:00:00,116889.7109375,118353.171875,116538.546875,117886.609375,6757801984
2025-07-11 06:00:00,117887.4921875,118375.0625,117494.078125,117629.5859375,8937472000
2025-07-11 08:00:00,117585.9921875,118842.6640625,117585.9921875,118498.9609375,3839901696
2025-07-11 10:00:00,118500.90625,118500.90625,117609.0390625,117918.171875,2884173824
2025-07-11 12:00:00,117861.453125,118240.75,117271.734375,118125.1796875,2983337984
2025-07-11 14:00:00,118059.9921875,118123.1484375,116814.25,116967.609375,1511899136
2025-07-11 16:00:00,116901.484375,117729.3359375,116661.6171875,117649.6875,0
2025-07-11 18:00:00,117672.421875,118149.40625,117352.125,118029.4921875,0
2025-07-11 20:00:00,118047.4609375,118088.0,117514.0859375,117625.34375,514588672
2025-07-11 22:00:00,117651.9765625,117693.6171875,117279.4296875,117550.265625,0
2025-07-12 00:00:00,117524.09375,117715.2265625,117231.75,117675.40625,0
2025-07-12 02:00:00,117677.6640625,117879.5625,117626.1015625,117715.078125,0
2025-07-12 04:00:00,117761.0,117895.75,117586.234375,117730.7890625,0
2025-07-12 06:00:00,117729.7578125,118060.3125,117705.0234375,117760.8203125,0
2025-07-12 08:00:00,117761.375,118218.5625,117761.375,118180.8125,0
2025-07-12 10:00:00,118172.96875,118172.96875,117721.203125,117825.765625,0
2025-07-12 12:00:00,117857.453125,117871.25,117308.75,117492.2265625,0
2025-07-12 14:00:00,117509.0234375,117743.1875,117013.53125,117161.109375,0
2025-07-12 16:00:00,117138.015625,117533.46875,117109.90625,117488.3359375,0
2025-07-12 18:00:00,117500.25,117666.734375,117411.71875,117565.2890625,0
2025-07-12 20:00:00,117575.6015625,117575.6015625,117046.921875,117492.4296875,799371264
2025-07-12 22:00:00,117544.59375,117554.0390625,117263.5703125,117418.8203125,0
2025-07-13 00:00:00,117470.078125,117652.7265625,117271.6171875,117589.046875,901763072
2025-07-13 02:00:00,117586.5625,117834.703125,117438.1640625,117792.78125,1409191936
2025-07-13 04:00:00,117787.8828125,117948.046875,117738.0703125,117780.7109375,320794624
2025-07-13 06:00:00,117782.1328125,118048.15625,117758.1328125,117986.4140625,639631360
2025-07-13 08:00:00,118000.8828125,118031.8359375,117741.5859375,117778.4296875,0
2025-07-13 10:00:00,117765.6953125,118063.078125,117765.6953125,118038.7578125,1082335232
2025-07-13 12:00:00,118069.6328125,118781.515625,118044.3671875,118667.1328125,1527615488
2025-07-13 14:00:00,118671.859375,119281.8984375,118510.578125,118731.765625,2279874560
2025-07-13 16:00:00,118726.078125,118977.4453125,118474.6640625,118719.375,1873559552
2025-07-13 18:00:00,118723.5703125,119419.75,118655.546875,119088.7890625,1760329728
2025-07-13 20:00:00,119025.6484375,119393.0078125,118607.1953125,118671.25,634466304
2025-07-13 22:00:00,118644.0078125,119187.0,118384.328125,119097.421875,1108664320
2025-07-14 00:00:00,119118.796875,119457.859375,118961.7734375,119135.0390625,2130571264
2025-07-14 02:00:00,119132.5,121178.9765625,119024.8515625,120785.5703125,8225550336
2025-07-14 04:00:00,120771.765625,122490.2265625,120645.8828125,122454.9453125,37647130624
2025-07-14 06:00:00,122481.4453125,123077.6328125,122076.796875,122776.2734375,8920948736
2025-07-14 08:00:00,122720.3359375,122720.3359375,121933.25,121969.546875,1997733888
2025-07-14 10:00:00,121972.7734375,122085.9609375,121354.9921875,121487.484375,536502272
2025-07-14 12:00:00,121470.875,122019.328125,121237.046875,121618.046875,33654177792
2025-07-14 14:00:00,121713.53125,121891.3828125,119635.109375,119827.234375,33112211456
2025-07-14 16:00:00,119819.453125,120483.9140625,119206.640625,119805.5703125,4751785984
2025-07-14 18:00:00,119807.078125,120151.4453125,119641.546875,119836.3125,2915975168
2025-07-14 20:00:00,119898.90625,120440.1953125,119579.6484375,120234.40625,1351483392
2025-07-14 22:00:00,120095.78125,120305.6015625,119787.3515625,119846.8125,477184000
2025-07-15 00:00:00,119850.5703125,119933.421875,118664.7421875,118664.7421875,0
2025-07-15 02:00:00,118486.2578125,118826.625,117072.625,117261.6015625,4024287232
2025-07-15 04:00:00,117169.671875,117737.3515625,116385.875,117382.125,776044544
2025-07-15 06:00:00,117329.7265625,117329.7265625,116463.2578125,116904.0703125,433635328
2025-07-15 08:00:00,116772.1953125,117152.890625,116527.1953125,116748.390625,0
2025-07-15 10:00:00,116769.0546875,117158.2890625,116364.6953125,117140.0390625,91308032
2025-07-15 12:00:00,117113.6171875,118350.546875,116504.40625,118169.8125,2139439104
2025-07-15 14:00:00,118052.2890625,118389.6484375,115765.6875,116382.2734375,2582470656
2025-07-15 16:00:00,116376.7421875,117617.1328125,116353.09375,117387.28125,40337408
2025-07-15 18:00:00,117374.9765625,117374.9765625,116128.328125,116526.4765625,2983100416
2025-07-15 20:00:00,116501.515625,117537.1953125,116297.28125,117520.171875,263045120
2025-07-15 22:00:00,117546.03125,117969.4609375,117310.5390625,117763.3828125,2129551360
2025-07-16 00:00:00,117780.359375,118193.09375,117469.7265625,117748.4765625,0
2025-07-16 02:00:00,117739.3515625,117739.3515625,117107.640625,117493.4140625,0
2025-07-16 04:00:00,117496.40625,118029.96875,117284.5859375,117879.7578125,0
2025-07-16 06:00:00,117881.5078125,118306.0,117792.9140625,118178.3515625,0
2025-07-16 08:00:00,118222.5234375,119193.1875,118165.625,119121.046875,0
2025-07-16 10:00:00,119175.6171875,119294.4765625,118702.078125,118765.2578125,237576192
2025-07-16 12:00:00,118778.8984375,119042.1796875,118302.0,118732.8359375,0
2025-07-16 14:00:00,118724.375,119764.0703125,118258.3984375,119096.1484375,1373708288
2025-07-16 16:00:00,119154.46875,119696.3984375,118568.6015625,119129.3125,0
2025-07-16 18:00:00,119107.546875,119911.6796875,118926.6640625,119255.75,338296832
2025-07-16 20:00:00,119317.875,120054.640625,119117.5546875,119434.3125,1421590528
2025-07-16 22:00:00,119494.9453125,119497.640625,118483.9375,118700.6015625,871366656
2025-07-17 00:00:00,118722.8046875,119182.7578125,117827.1953125,118028.28125,0
2025-07-17 02:00:00,118162.828125,118502.25,117856.4921875,118144.6875,1339449344
2025-07-17 04:00:00,118141.6796875,118659.1328125,118028.625,118620.125,71065600
2025-07-17 06:00:00,118630.2734375,118799.21875,117914.25,118404.8125,1526702080
2025-07-17 08:00:00,118376.4453125,119145.2109375,118157.5078125,118863.4296875,1635696640
2025-07-17 10:00:00,118821.5625,118854.8203125,118024.015625,118031.359375,20471808
2025-07-17 12:00:00,118028.9375,118419.015625,117552.5390625,118419.015625,1103290368
2025-07-17 14:00:00,118377.578125,119096.03125,118271.2421875,118933.6328125,0
2025-07-17 16:00:00,118921.4921875,119237.3359375,118422.4140625,119237.3359375,225452032
2025-07-17 18:00:00,119346.1171875,119910.0703125,118958.125,118958.125,835772416
2025-07-17 20:00:00,118997.2890625,120989.984375,118507.296875,120373.9296875,3257643008
2025-07-17 22:00:00,120347.53125,120667.2734375,119305.8359375,119305.8359375,1811636224
2025-07-18 00:00:00,119245.2578125,120726.0625,119141.3671875,120422.1328125,1419509760
2025-07-18 02:00:00,120437.9140625,120526.953125,120013.4375,120309.9765625,267214848
2025-07-18 04:00:00,120297.1015625,120689.5703125,119944.328125,120652.0625,22153236480
2025-07-18 06:00:00,120655.828125,120808.9765625,119531.0390625,119531.0390625,2050719744
2025-07-18 08:00:00,119442.8828125,119529.4609375,118483.5625,118951.84375,27291316224
2025-07-18 10:00:00,118949.546875,119331.328125,118601.40625,119234.765625,0
2025-07-18 12:00:00,119218.6796875,119566.1875,118612.796875,118822.4765625,22866542592
2025-07-18 14:00:00,118832.140625,119308.71875,117577.9375,117913.4140625,2835972096
2025-07-18 16:00:00,117930.1015625,118052.421875,117438.296875,117703.7421875,1172963328
2025-07-18 18:00:00,117652.46875,117931.015625,117274.640625,117454.3125,664576000
2025-07-18 20:00:00,117457.8984375,117933.6484375,116930.9453125,117691.2578125,18744012800
2025-07-18 22:00:00,117677.234375,118067.6171875,117509.5078125,118004.8671875,0
2025-07-19 00:00:00,118006.859375,118147.3203125,117722.90625,118118.9453125,417341440
2025-07-19 02:00:00,118121.6328125,118432.828125,118054.84375,118357.1484375,0
2025-07-19 04:00:00,118393.671875,118424.3046875,118158.75,118312.53125,0
2025-07-19 06:00:00,118299.1953125,118391.71875,118169.328125,118250.859375,0
2025-07-19 08:00:00,118251.3828125,118378.921875,118059.515625,118287.6015625,0
2025-07-19 10:00:00,118305.4140625,118540.4453125,118251.296875,118371.65625,0
2025-07-19 12:00:00,118393.421875,118402.9921875,118146.1171875,118146.1171875,1239105536
2025-07-19 14:00:00,118235.84375,118287.9921875,117721.7890625,118124.7265625,0
2025-07-19 16:00:00,118088.09375,118179.875,117787.8046875,117839.0625,0
2025-07-19 18:00:00,117822.4140625,118160.9140625,117709.15625,118064.9765625,0
2025-07-19 20:00:00,118048.3671875,118143.6171875,117411.5703125,117760.265625,0
2025-07-19 22:00:00,117758.5625,117965.984375,117608.75,117934.9453125,48431104
2025-07-20 00:00:00,117913.4609375,118157.1328125,117722.3671875,118002.0234375,1134592
2025-07-20 02:00:00,117942.7109375,118184.5,117854.8359375,118028.1484375,192065536
2025-07-20 04:00:00,117988.9140625,118165.078125,117871.2734375,117915.8203125,0
2025-07-20 06:00:00,117899.625,118243.0078125,117829.4609375,118073.6796875,0
2025-07-20 08:00:00,118089.6796875,118303.015625,118045.671875,118048.1796875,2108518400
2025-07-20 10:00:00,118019.5546875,118038.8359375,117866.75,117866.75,1229848576
2025-07-20 12:00:00,117903.125,118376.6171875,117773.21875,118366.828125,1714704384
2025-07-20 14:00:00,118407.953125,118769.4140625,118393.8125,118729.4375,1778106368
2025-07-20 16:00:00,118713.1171875,118837.25,118056.046875,118056.046875,798986240
2025-07-20 18:00:00,118058.328125,118581.0234375,118058.328125,118253.328125,765427712
2025-07-20 20:00:00,118246.40625,118293.515625,117903.2578125,118062.3203125,2122522624
2025-07-20 22:00:00,118057.8203125,118057.8203125,116675.8515625,117275.203125,4005642240
2025-07-21 00:00:00,117214.59375,117434.7734375,116589.15625,117343.640625,1223671808
2025-07-21 02:00:00,117346.1953125,118636.2578125,117346.1953125,118434.7578125,2821099520
2025-07-21 04:00:00,118438.140625,118644.375,118219.1875,118427.15625,430813184
2025-07-21 06:00:00,118448.3671875,119619.109375,118300.5390625,119341.578125,4200017920
2025-07-21 08:00:00,119362.09375,119507.8984375,118602.1640625,118730.8046875,458702848
2025-07-21 10:00:00,118728.140625,118790.96875,118191.421875,118191.421875,1815691264
2025-07-21 12:00:00,118198.078125,119107.8203125,117864.515625,118851.84375,1192800256
2025-07-21 14:00:00,118871.046875,119231.0,118360.5390625,118360.5390625,3163324416
2025-07-21 16:00:00,118372.1328125,118424.2265625,117426.328125,117906.921875,621215744
2025-07-21 18:00:00,117894.078125,118190.1171875,116729.4453125,116856.4921875,1176133632
2025-07-21 20:00:00,116762.4375,117429.484375,116758.1640625,117278.2578125,2696855552
2025-07-21 22:00:00,117278.3046875,117657.5859375,117195.7890625,117456.6015625,0
2025-07-22 00:00:00,117419.6484375,117957.78125,116342.7890625,117838.84375,2470969344
2025-07-22 02:00:00,117804.4609375,117835.8359375,116751.0625,117207.8984375,0
2025-07-22 04:00:00,117237.3828125,117364.421875,116639.5,117328.234375,4094459904
2025-07-22 06:00:00,117331.03125,118593.4140625,117331.03125,117924.3046875,1129889792
2025-07-22 08:00:00,117970.9375,118657.65625,117588.6953125,118453.53125,1480835072
2025-07-22 10:00:00,118468.984375,119224.9296875,118392.15625,119199.2890625,0
2025-07-22 12:00:00,119206.25,119514.0,118292.703125,118292.703125,2319646720
2025-07-22 14:00:00,118156.3125,119201.5625,117755.4140625,118934.0390625,2581446656
2025-07-22 16:00:00,118956.328125,119389.1484375,118489.3515625,119222.640625,758259712
2025-07-22 18:00:00,119237.1171875,120200.484375,119155.875,119278.296875,0
2025-07-22 20:00:00,119295.7421875,119901.3203125,119278.8671875,119520.0546875,2167824384
2025-07-22 22:00:00,119446.8125,120265.5234375,119446.8125,119955.8203125,1555005440
2025-07-23 00:00:00,119999.453125,120104.9765625,119485.2421875,119565.015625,0
2025-07-23 02:00:00,119549.1171875,119565.6484375,118612.359375,118624.828125,0
2025-07-23 04:00:00,118675.7109375,119010.609375,118645.4296875,118675.6171875,1000898560
2025-07-23 06:00:00,118681.6484375,118732.0234375,118349.90625,118406.828125,0
2025-07-23 08:00:00,118401.2578125,118579.4375,117984.546875,118147.5390625,0
2025-07-23 10:00:00,118105.0625,118683.1484375,117915.578125,118597.546875,0
2025-07-23 12:00:00,118593.6015625,118709.4921875,117404.15625,117521.953125,0
2025-07-23 14:00:00,117474.734375,118646.921875,117474.734375,118567.0859375,141737984
2025-07-23 16:00:00,118642.1875,118642.1875,117438.5625,118118.5859375,1154863104
2025-07-23 18:00:00,118225.8984375,118491.515625,118109.0703125,118449.7890625,0
2025-07-23 20:00:00,118432.203125,118523.2890625,117495.484375,118157.109375,742764544
2025-07-23 22:00:00,118163.4765625,118752.03125,118061.1796875,118695.25,735248384
2025-07-24 00:00:00,118779.09375,119177.6328125,118664.9375,119168.1953125,0
2025-07-24 02:00:00,119153.7734375,119284.8671875,118572.4921875,118572.4921875,831299584
2025-07-24 04:00:00,118561.3203125,118622.2734375,117632.6875,117632.6875,3147366400
2025-07-24 06:00:00,117727.28125,118509.7734375,117435.21875,118509.7734375,3707265024
2025-07-24 08:00:00,118478.9140625,118877.3046875,118366.828125,118539.0859375,2086879232
2025-07-24 10:00:00,118556.25,118786.2421875,118047.296875,118711.390625,1561567232
2025-07-24 12:00:00,118681.2734375,118788.3046875,118331.4296875,118331.4296875,111124480
2025-07-24 14:00:00,118298.3359375,119506.0859375,117969.96875,119151.9921875,1522647040
2025-07-24 16:00:00,119171.2109375,119355.3125,118490.8828125,119200.40625,806240256
2025-07-24 18:00:00,119200.09375,119472.6484375,119046.4453125,119071.09375,0
2025-07-24 20:00:00,119021.375,119021.375,118561.359375,118635.28125,0
2025-07-24 22:00:00,118630.0625,118699.609375,118272.1640625,118348.0703125,397180928
2025-07-25 00:00:00,118378.0546875,118486.9765625,117295.9921875,117503.8828125,3410984960
2025-07-25 02:00:00,117477.9296875,117477.9296875,115405.2421875,115427.6015625,7775010816
2025-07-25 04:00:00,115443.671875,116155.8515625,115168.3515625,115604.828125,4988280832
2025-07-25 06:00:00,115567.1328125,115948.0625,114798.7265625,115151.2421875,2529820672
2025-07-25 08:00:00,115335.09375,115948.4296875,115076.5859375,115946.40625,5843058688
2025-07-25 10:00:00,116059.6171875,116774.2734375,116059.6171875,116600.1484375,1572503552
2025-07-25 12:00:00,116586.6640625,116593.359375,115678.421875,116148.7265625,1451458560
2025-07-25 14:00:00,116194.7265625,116237.15625,114972.328125,115787.0546875,3298353152
2025-07-25 16:00:00,115777.9765625,116370.5078125,115576.0390625,116189.2109375,2992300032
2025-07-25 18:00:00,116139.234375,117031.734375,116121.21875,116763.9375,1221836800
2025-07-25 20:00:00,116765.3515625,117406.9921875,116649.0546875,117195.21875,901677056
2025-07-25 22:00:00,117224.3671875,117630.6015625,117139.6484375,117617.0078125,641720320
2025-07-26 00:00:00,117625.3828125,117625.3828125,117201.15625,117201.15625,0
2025-07-26 02:00:00,117238.3671875,117768.7890625,117238.3671875,117553.8046875,0
2025-07-26 04:00:00,117549.765625,117589.984375,117466.8515625,117498.921875,0
2025-07-26 06:00:00,117495.921875,117516.4140625,117357.3203125,117360.015625,0
2025-07-26 08:00:00,117364.359375,117650.125,117364.359375,117626.296875,0
2025-07-26 10:00:00,117627.5546875,118219.609375,117594.9765625,117827.984375,0
2025-07-26 12:00:00,117817.6875,118274.765625,117805.625,118170.46875,0
2025-07-26 14:00:00,118179.8828125,118239.3515625,117914.8515625,118185.640625,0
2025-07-26 16:00:00,118177.0390625,118227.2734375,118034.6640625,118068.5625,0
2025-07-26 18:00:00,118072.2109375,118324.984375,117999.625,118274.2734375,0
2025-07-26 20:00:00,118276.5,118276.5,117933.34375,118096.7421875,0
2025-07-26 22:00:00,118103.171875,118265.59375,117929.15625,117946.296875,990928896
2025-07-27 00:00:00,117991.4453125,118232.5703125,117872.5,118149.2109375,0
2025-07-27 02:00:00,118133.0390625,118384.3828125,118069.8125,118230.5234375,781406208
2025-07-27 04:00:00,118221.6328125,118349.2265625,118194.7890625,118334.046875,0
2025-07-27 06:00:00,118329.4765625,118440.515625,118128.609375,118154.2890625,0
2025-07-27 08:00:00,118153.8984375,118188.546875,117905.5078125,117965.0703125,764014592
2025-07-27 10:00:00,118007.5234375,118335.84375,118007.5234375,118092.28125,0
2025-07-27 12:00:00,118120.7734375,118269.1015625,117932.4296875,118260.8984375,1101336576
2025-07-27 14:00:00,118241.2734375,118623.578125,118236.828125,118623.578125,291979264
2025-07-27 16:00:00,118614.6875,119542.9765625,118614.6875,119217.0546875,4918579200
2025-07-27 18:00:00,119272.9296875,119402.5390625,118937.546875,119014.078125,1463996416
2025-07-27 20:00:00,119005.578125,119300.171875,118766.203125,119254.2890625,508403712
2025-07-27 22:00:00,119290.140625,119792.734375,119235.8984375,119455.046875,2921115648
2025-07-28 00:00:00,119443.953125,119684.4453125,119019.2578125,119043.1796875,163381248
2025-07-28 02:00:00,119066.1796875,119788.84375,119066.1796875,119302.1953125,2139688960
2025-07-28 04:00:00,119296.7734375,119676.6640625,119153.046875,119613.8046875,970592256
2025-07-28 06:00:00,119547.6953125,119613.3984375,118812.4375,118903.453125,2465185792
2025-07-28 08:00:00,118907.9609375,119103.71875,118747.2265625,118958.2109375,1236660224
2025-07-28 10:00:00,118955.0390625,118955.0390625,118534.546875,118807.0546875,2036822016
2025-07-28 12:00:00,118818.78125,119079.515625,118303.703125,118422.59375,1012232192
2025-07-28 14:00:00,118400.390625,118661.2265625,117970.9765625,118196.234375,5138771968
2025-07-28 16:00:00,118172.640625,118363.9296875,117662.421875,117679.984375,231014400
2025-07-28 18:00:00,117665.84375,118204.90625,117441.4375,118000.2421875,2899869696
2025-07-28 20:00:00,118002.34375,118318.6328125,117527.25,118059.609375,871837696
2025-07-28 22:00:00,118093.03125,118244.640625,117791.0078125,117841.21875,0
2025-07-29 00:00:00,118016.28125,118483.4765625,117601.296875,117877.609375,427134976
2025-07-29 02:00:00,117804.6953125,118799.25,117479.03125,118799.25,1741881344
2025-07-29 04:00:00,118744.6171875,118842.96875,118431.859375,118824.03125,1313501184
2025-07-29 06:00:00,118788.9296875,119273.8671875,118761.1015625,118862.734375,326873088
2025-07-29 08:00:00,118880.984375,119043.3515625,118784.359375,118784.359375,1102684160
2025-07-29 10:00:00,118778.828125,118782.515625,118196.71875,118592.3046875,586407936
2025-07-29 12:00:00,118586.515625,119052.2109375,118504.6328125,118606.1640625,1431089152
2025-07-29 14:00:00,118615.1328125,118615.1328125,117303.1640625,117416.234375,2061398016
2025-07-29 16:00:00,117395.640625,118033.8515625,117028.96875,117772.6640625,2065702912
2025-07-29 18:00:00,117767.265625,117937.8515625,117410.3203125,117571.3984375,0
2025-07-29 20:00:00,117524.15625,117768.578125,117093.7890625,117597.90625,47583232
2025-07-29 22:00:00,117603.140625,117956.8828125,117422.46875,117909.7421875,696123392
2025-07-30 00:00:00,117913.3671875,117971.2734375,117443.3046875,117838.359375,1132052480
2025-07-30 02:00:00,117836.6328125,118242.1484375,117782.1875,118159.7109375,437764096
2025-07-30 04:00:00,118154.046875,118251.953125,117720.546875,117975.390625,0
2025-07-30 06:00:00,117997.3671875,118375.109375,117997.3671875,118111.359375,0
2025-07-30 08:00:00,118123.1796875,118471.2421875,117997.4296875,118198.59375,0
2025-07-30 10:00:00,118155.8203125,118418.5546875,117474.1484375,117551.515625,1032929280
2025-07-30 12:00:00,117584.125,117867.875,117419.4609375,117754.9921875,1049763840
2025-07-30 14:00:00,117664.09375,118745.9609375,117664.09375,117937.5703125,835563520
2025-07-30 16:00:00,117980.765625,117980.765625,117659.828125,117803.625,0
2025-07-30 18:00:00,117955.4921875,117955.4921875,115869.3359375,117011.015625,5812744192
2025-07-30 20:00:00,116913.7109375,117337.046875,116913.7109375,117317.8984375,629923840
2025-07-30 22:00:00,117307.25,117904.140625,117261.34375,117826.8203125,1146470400
2025-07-31 00:00:00,117838.7109375,118501.578125,117818.5859375,118023.9609375,915152896
2025-07-31 02:00:00,118041.90625,118607.46875,117998.1640625,118432.140625,1718452224
2025-07-31 04:00:00,118473.015625,118545.1796875,118332.890625,118359.2734375,824147968
2025-07-31 06:00:00,118353.1875,118902.1640625,118285.5390625,118658.796875,1097375744
2025-07-31 08:00:00,118687.7109375,118725.0234375,118465.28125,118587.5703125,0
2025-07-31 10:00:00,118585.40625,118670.9296875,118299.4765625,118342.421875,435355648
2025-07-31 12:00:00,118351.15625,118646.8203125,117855.0859375,118594.40625,311705600
2025-07-31 14:00:00,118657.671875,118657.671875,117904.265625,118289.8828125,0
2025-07-31 16:00:00,118286.984375,118859.421875,117776.9609375,117776.9609375,1276305408
2025-07-31 18:00:00,117752.859375,117980.390625,116779.0859375,116779.0859375,0
2025-07-31 20:00:00,116777.6640625,116873.5546875,116270.8203125,116270.8203125,1845248000
2025-07-31 22:00:00,116533.390625,116533.390625,115604.3671875,115757.0,3287572480
2025-08-01 00:00:00,115722.0078125,115879.5859375,114449.7890625,115269.4296875,6442606592
2025-08-01 02:00:00,115335.5703125,116052.7265625,115278.5234375,115640.3046875,794394624
2025-08-01 04:00:00,115630.7578125,115900.2109375,115322.0625,115575.5546875,1324482560
2025-08-01 06:00:00,115570.6328125,115608.7265625,114654.59375,114970.40625,2243854336
2025-08-01 08:00:00,115049.4296875,115280.6953125,114166.6328125,114972.9140625,5501681664
2025-08-01 10:00:00,114967.453125,115295.7578125,114579.4375,115232.7109375,854065152
2025-08-01 12:00:00,115270.125,115938.75,114185.3671875,114269.515625,2122727424
2025-08-01 14:00:00,114320.8046875,115785.2890625,114175.7109375,115368.703125,3635716096
2025-08-01 16:00:00,115352.6484375,115640.3984375,114362.3828125,114362.3828125,319004672
2025-08-01 18:00:00,114429.2109375,114429.2109375,113209.2265625,113271.96875,2298085376
2025-08-01 20:00:00,113243.1328125,114033.1640625,113174.453125,113987.046875,745586688
2025-08-01 22:00:00,113863.2578125,113955.4296875,112730.125,113333.0078125,951885824
2025-08-02 00:00:00,113251.890625,113860.2265625,113193.9296875,113612.0625,0
2025-08-02 02:00:00,113600.234375,113842.25,113514.0625,113841.9375,0
2025-08-02 04:00:00,113874.0,114013.09375,113805.5078125,113942.6171875,318988288
2025-08-02 06:00:00,113942.3515625,113977.390625,113471.6875,113970.5234375,0
2025-08-02 08:00:00,113957.9609375,113989.6484375,113541.59375,113650.296875,0
2025-08-02 10:00:00,113659.8984375,113869.71875,113414.265625,113745.296875,0
2025-08-02 12:00:00,113753.140625,113753.140625,113221.84375,113460.1953125,0
2025-08-02 14:00:00,113427.140625,113499.6328125,112869.921875,112869.921875,0
2025-08-02 16:00:00,112815.6328125,113377.78125,112573.8671875,112677.6015625,0
2025-08-02 18:00:00,112696.6484375,112868.6328125,112014.5546875,112272.171875,118276096
2025-08-02 20:00:00,112216.15625,113013.3515625,112080.4140625,113002.640625,0
2025-08-02 22:00:00,112844.625,112970.3515625,112291.28125,112513.46875,0
2025-08-03 00:00:00,112526.40625,113167.4140625,111965.9921875,113110.0390625,1147244544
2025-08-03 02:00:00,113078.2578125,113709.40625,113078.2578125,113631.9609375,1139183616
2025-08-03 04:00:00,113651.5234375,113651.5234375,113328.3359375,113602.09375,0
2025-08-03 06:00:00,113608.78125,113697.46875,113462.859375,113668.7421875,52736000
2025-08-03 08:00:00,113709.9609375,113785.0703125,113574.171875,113662.4765625,0
2025-08-03 10:00:00,113639.96875,114237.65625,113639.96875,113885.9375,761425920
2025-08-03 12:00:00,113864.9609375,114088.9296875,113671.03125,113927.421875,0
2025-08-03 14:00:00,113986.5,114061.75,113615.8828125,113946.6640625,0
2025-08-03 16:00:00,113935.1796875,114176.9375,113779.796875,114113.203125,0
2025-08-03 18:00:00,114106.2109375,114724.6171875,114079.8515625,114296.34375,0
2025-08-03 20:00:00,114285.9609375,114538.0078125,114183.78125,114472.46875,1083453440
2025-08-03 22:00:00,114453.1171875,114567.515625,114080.5390625,114218.2421875,281452544
2025-08-04 00:00:00,114217.4765625,114984.203125,114143.5390625,114668.8828125,802242560
2025-08-04 02:00:00,114722.265625,114875.6015625,114451.453125,114606.0546875,851779584
2025-08-04 04:00:00,114596.4453125,114646.1328125,114220.4140625,114388.0859375,0
2025-08-04 06:00:00,114406.125,114790.765625,114174.5859375,114708.1484375,2037272576
2025-08-04 08:00:00,114714.421875,114743.8203125,114342.6171875,114342.6171875,248201216
2025-08-04 10:00:00,114325.609375,114492.703125,114229.25,114483.3046875,355627008
2025-08-04 12:00:00,114497.171875,114856.0078125,114208.71875,114856.0078125,148738048
2025-08-04 14:00:00,114954.1796875,115452.2265625,114571.46875,114849.3359375,3238535168
2025-08-04 16:00:00,114864.2109375,115711.4140625,114864.2109375,115197.7890625,3026411520
2025-08-04 18:00:00,115267.8515625,115314.7578125,114738.0,114743.3359375,1206714368
2025-08-04 20:00:00,114753.0625,115263.0390625,114637.7890625,115161.5625,0
2025-08-04 22:00:00,115130.28125,115350.3125,115089.265625,115096.875,0
2025-08-05 00:00:00,115074.671875,115088.0625,114703.6484375,114703.6484375,17942917120
2025-08-05 02:00:00,114703.40625,114802.78125,114257.125,114257.125,805167104
2025-08-05 04:00:00,114255.046875,114466.5546875,114171.28125,114418.1796875,778424320
2025-08-05 06:00:00,114404.28125,114497.4921875,113831.5234375,113975.359375,1820090368
2025-08-05 08:00:00,113966.96875,114778.4609375,113915.34375,114681.90625,1042243584
2025-08-05 10:00:00,114677.109375,115065.7421875,114570.3359375,114819.21875,816959488
2025-08-05 12:00:00,114812.5234375,114876.0703125,113648.4609375,114370.3046875,2028163072
2025-08-05 14:00:00,114381.8046875,114381.8046875,112720.96875,112835.015625,2430099456
2025-08-05 16:00:00,112893.3046875,113592.734375,112835.1015625,113592.734375,0
2025-08-05 18:00:00,113613.890625,113726.953125,113320.390625,113687.09375,304365568
2025-08-05 20:00:00,113721.859375,113955.40625,113507.78125,113628.796875,780697600
2025-08-05 22:00:00,113582.96875,114174.71875,113335.28125,114134.421875,1715863552
2025-08-06 00:00:00,114120.546875,114120.546875,113635.5078125,113844.296875,0
2025-08-06 02:00:00,113832.9453125,113832.9453125,113421.2421875,113551.65625,801484800
2025-08-06 04:00:00,113508.6640625,114390.71875,113383.046875,114123.0859375,1068703744
2025-08-06 06:00:00,114128.328125,114273.5234375,113958.0390625,114206.1796875,0
2025-08-06 08:00:00,114218.4765625,114327.6171875,113745.4375,114073.5234375,0
2025-08-06 10:00:00,114081.625,114352.8984375,113908.921875,114208.953125,813428736
2025-08-06 12:00:00,114217.1640625,114330.1640625,113793.21875,114316.96875,942346240
2025-08-06 14:00:00,114268.8984375,115471.453125,113937.0,115471.453125,1092530176
2025-08-06 16:00:00,115458.9921875,115504.3984375,114977.0703125,115504.3984375,1324048384
2025-08-06 18:00:00,115575.8828125,115710.296875,115179.390625,115205.375,973860864
2025-08-06 20:00:00,115279.6015625,115301.96875,114899.3984375,115056.0234375,694349824
2025-08-06 22:00:00,115096.90625,115220.09375,115005.1953125,115009.640625,579104768
2025-08-07 00:00:00,114989.9296875,115215.6875,114681.8515625,114724.8125,0
2025-08-07 02:00:00,114773.96875,114900.046875,114428.9453125,114567.03125,1392545792
2025-08-07 04:00:00,114579.71875,114667.6015625,114302.2265625,114555.6640625,123703296
2025-08-07 06:00:00,114575.4765625,114881.34375,114553.6796875,114809.2109375,237137920
2025-08-07 08:00:00,114801.390625,115187.0859375,114801.390625,115069.34375,0
2025-08-07 10:00:00,115087.8125,116797.9140625,115079.3203125,116559.3203125,4930072576
2025-08-07 12:00:00,116550.71875,116729.703125,116071.6015625,116630.1953125,2510921728
2025-08-07 14:00:00,116672.90625,116814.0625,116236.71875,116814.0625,82845696
2025-08-07 16:00:00,116742.9921875,116776.375,115709.796875,116500.390625,0
2025-08-07 18:00:00,116543.46875,117562.84375,116212.734375,117494.296875,2015072256
2025-08-07 20:00:00,117518.5,117518.5,117134.796875,117137.75,2337857536
2025-08-07 22:00:00,117160.0859375,117652.4140625,117154.5234375,117498.5859375,395649024
2025-08-08 00:00:00,117519.6484375,117650.203125,116854.6328125,116887.671875,2325843968
2025-08-08 02:00:00,116900.1484375,117001.5546875,116731.21875,116769.4609375,533991424
2025-08-08 04:00:00,116756.859375,116862.296875,116580.0,116580.0,403492864
2025-08-08 06:00:00,116564.1796875,116995.234375,116411.0859375,116877.3203125,133521408
2025-08-08 08:00:00,116809.28125,116945.6875,116487.3671875,116717.1015625,3160850432
2025-08-08 10:00:00,116713.8203125,116929.6640625,116411.046875,116929.6640625,0
2025-08-08 12:00:00,116919.9296875,116971.0234375,116538.90625,116900.4296875,0
2025-08-08 14:00:00,116975.6171875,117239.4453125,115939.8984375,116230.0859375,1423253504
2025-08-08 16:00:00,116226.0,116709.359375,116046.96875,116675.7421875,0
2025-08-08 18:00:00,116805.390625,116915.0625,116363.015625,116437.53125,1660063744
2025-08-08 20:00:00,116461.078125,116981.71875,116393.59375,116960.8046875,0
2025-08-08 22:00:00,116947.7578125,117013.2421875,116675.9765625,116675.9765625,140230656
2025-08-09 00:00:00,116675.4765625,116753.59375,116561.0234375,116586.75,0
2025-08-09 02:00:00,116581.0234375,116588.5546875,116379.140625,116409.6484375,15265792
2025-08-09 04:00:00,116393.5234375,116965.1796875,116378.53125,116763.7265625,2623160320
2025-08-09 06:00:00,116750.390625,116900.9765625,116562.875,116768.0390625,170971136
2025-08-09 08:00:00,116776.765625,117452.484375,116773.609375,117452.484375,176160768
2025-08-09 10:00:00,117563.578125,117882.5703125,117119.1171875,117119.1171875,2848272384
2025-08-09 12:00:00,117114.3046875,117236.1640625,116901.9140625,116982.453125,318316544
2025-08-09 14:00:00,116955.8203125,117145.7578125,116741.6171875,116853.0625,137273344
2025-08-09 16:00:00,116890.015625,116952.84375,116670.296875,116693.5078125,0
2025-08-09 18:00:00,116687.53125,116732.09375,116566.1171875,116570.796875,0
2025-08-09 20:00:00,116573.875,116920.9375,116411.359375,116605.6015625,1579741184
2025-08-09 22:00:00,116561.875,116750.46875,116471.703125,116510.625,1384132608
2025-08-10 00:00:00,116485.6953125,116794.0,116485.6953125,116569.484375,125177856
2025-08-10 02:00:00,116592.90625,118460.84375,116592.90625,118426.71875,6458368000
2025-08-10 04:00:00,118513.453125,118749.9609375,117982.9375,118053.5078125,1284833280
2025-08-10 06:00:00,118100.9296875,118222.03125,117535.3125,117818.4609375,1191317504
2025-08-10 08:00:00,117808.515625,118455.3203125,117650.25,118305.375,336023552
2025-08-10 10:00:00,118254.640625,118494.34375,117945.6796875,118368.125,431976448
2025-08-10 12:00:00,118352.1953125,118744.640625,118303.828125,118432.8125,549187584
2025-08-10 14:00:00,118445.5703125,119064.3828125,118353.0078125,118798.2890625,2300166144
2025-08-10 16:00:00,118840.7578125,118907.8359375,118467.5546875,118545.0,229199872
2025-08-10 18:00:00,118533.53125,118704.8671875,118436.875,118686.203125,0
2025-08-10 20:00:00,118680.3828125,118746.59375,118109.78125,118680.9140625,438177792
2025-08-10 22:00:00,118736.8359375,119313.0625,118705.4375,119313.0625,1994403840
2025-08-11 00:00:00,119275.765625,119812.7734375,119024.75,119812.7734375,3248492544
2025-08-11 02:00:00,120019.859375,122069.453125,120019.859375,121819.734375,7218122752
2025-08-11 04:00:00,121819.734375,122282.0859375,121668.109375,121988.09375,1767096320
2025-08-11 06:00:00,122030.6875,122321.09375,121474.9375,121474.9375,2965553152
2025-08-11 08:00:00,121552.8046875,121758.90625,121213.1953125,121342.6640625,2269347840
2025-08-11 10:00:00,121351.8671875,121365.90625,120330.2109375,120566.5546875,2634637312
2025-08-11 12:00:00,120580.1640625,120601.6640625,119412.0234375,120021.5390625,3907493888
2025-08-11 14:00:00,120009.6328125,120533.515625,119810.3828125,120298.703125,1737252864
2025-08-11 16:00:00,120274.6640625,120761.953125,119521.953125,119530.5859375,2956353536
2025-08-11 18:00:00,119477.9765625,119860.6015625,118702.703125,119041.1796875,1063051264
2025-08-11 20:00:00,119069.25,119142.859375,118244.21875,118701.859375,1066819584
2025-08-11 22:00:00,118736.8125,118921.9140625,118318.578125,118727.8359375,87801856
2025-08-12 00:00:00,118692.4453125,119076.65625,118653.796875,119015.5,242524160
2025-08-12 02:00:00,119017.75,119282.2421875,118816.2265625,118821.9609375,0
2025-08-12 04:00:00,118830.3046875,119166.390625,118479.1328125,118774.203125,0
2025-08-12 06:00:00,118862.8984375,119158.25,118714.859375,119008.7265625,1149059072
2025-08-12 08:00:00,118984.25,119051.3828125,118427.9921875,118427.9921875,0
2025-08-12 10:00:00,118457.6640625,118629.5234375,118233.9140625,118538.09375,0
2025-08-12 12:00:00,118503.2734375,119619.734375,118287.1328125,118814.625,316956672
2025-08-12 14:00:00,118824.1484375,119922.3984375,118773.8828125,119922.3984375,1478017024
2025-08-12 16:00:00,119931.0390625,120191.6953125,119235.515625,119235.515625,685391872
2025-08-12 18:00:00,119301.6171875,120017.6640625,119293.4765625,119680.90625,176119808
2025-08-12 20:00:00,119633.859375,120238.5234375,119516.0625,119825.9765625,781828096
2025-08-12 22:00:00,119845.171875,120224.296875,119630.546875,120142.1171875,1364303872
2025-08-13 00:00:00,120122.796875,120127.8984375,119336.53125,119463.59375,653926400
2025-08-13 02:00:00,119425.921875,119684.9765625,119086.6953125,119476.5234375,1755406336
2025-08-13 04:00:00,119462.859375,119791.2734375,118952.4375,118998.46875,871923712
2025-08-13 06:00:00,119042.0234375,119616.9921875,118947.28125,119616.9921875,631873536
2025-08-13 08:00:00,119525.0234375,120142.625,119463.890625,120142.625,1450704896
2025-08-13 10:00:00,120113.4921875,120696.03125,120064.5,120605.2421875,1796890624
2025-08-13 12:00:00,120553.5234375,121968.4609375,120141.8671875,121716.09375,2184413184
2025-08-13 14:00:00,121723.3359375,122194.5703125,120424.625,120958.8125,5455585280
2025-08-13 16:00:00,120987.1953125,121871.4453125,120987.1953125,121871.4453125,543612928
2025-08-13 18:00:00,121804.703125,122833.9921875,121484.0546875,122809.1484375,3890348032
2025-08-13 20:00:00,122776.171875,123010.359375,122389.515625,122535.375,2335621120
2025-08-13 22:00:00,122686.2109375,123617.78125,122686.2109375,123361.953125,3407527936
2025-08-14 00:00:00,123341.7890625,124322.2890625,123341.7890625,123414.03125,3856351232
2025-08-14 02:00:00,123390.09375,123867.5703125,123320.046875,123411.46875,1850679296
2025-08-14 04:00:00,123385.7578125,123434.03125,122166.375,122177.6328125,1441939456
2025-08-14 06:00:00,121861.046875,122045.5625,121390.3671875,121824.171875,3067707392
2025-08-14 08:00:00,121679.1171875,122029.578125,121576.109375,121707.8671875,764551168
2025-08-14 10:00:00,121678.7109375,121747.2578125,120773.1875,120991.6328125,1494548480
2025-08-14 12:00:00,120989.5390625,121136.59375,117861.6484375,118488.84375,6999531520
2025-08-14 14:00:00,118472.3515625,119387.296875,117955.9140625,118269.46875,0
2025-08-14 16:00:00,118185.2265625,118243.765625,117538.5859375,117913.828125,3918381056
2025-08-14 18:00:00,117912.0,118468.0859375,117415.6328125,118128.84375,193847296
2025-08-14 20:00:00,118009.6796875,118260.5625,117491.609375,117966.9609375,2064760832
2025-08-14 22:00:00,117970.4140625,118606.28125,117726.4609375,118373.78125,0
2025-08-15 00:00:00,118369.5234375,118815.6328125,118163.7265625,118805.9375,0
2025-08-15 02:00:00,118807.9921875,119186.390625,118733.0625,119074.125,583221248
2025-08-15 04:00:00,119082.140625,119305.8671875,118777.1953125,119005.5859375,0
2025-08-15 06:00:00,119061.7421875,119318.265625,118877.3515625,119039.1328125,0
2025-08-15 08:00:00,119045.8125,119236.25,118707.171875,118740.5703125,0
2025-08-15 10:00:00,118776.4453125,119178.8359375,118776.4453125,119092.765625,0
2025-08-15 12:00:00,119063.6796875,119180.734375,117816.5390625,117857.6484375,0
2025-08-15 14:00:00,117782.15625,118317.8984375,116943.2890625,117359.5390625,1144651776
2025-08-15 16:00:00,117322.6171875,117874.921875,116933.53125,117678.0078125,1136173056
2025-08-15 18:00:00,117652.7109375,117669.5546875,116943.34375,117005.4921875,1112195072
2025-08-15 20:00:00,116988.03125,117421.7109375,116975.9140625,117377.7890625,0
2025-08-15 22:00:00,117397.0859375,117856.671875,117155.9609375,117416.2890625,181051392
2025-08-16 00:00:00,117400.25,117996.0625,117317.09375,117899.3203125,95674368
2025-08-16 02:00:00,117899.140625,117908.4453125,117511.21875,117511.21875,0
2025-08-16 04:00:00,117563.4765625,117972.375,117541.3203125,117679.5546875,1111580672
2025-08-16 06:00:00,117682.0,117775.7109375,117407.203125,117716.4453125,1628676096
2025-08-16 08:00:00,117697.734375,117778.8828125,117492.3046875,117492.3046875,0
2025-08-16 10:00:00,117477.3984375,117623.28125,117333.25,117449.0625,1679294464
2025-08-16 12:00:00,117471.9609375,117864.6640625,117450.9765625,117711.4921875,0
2025-08-16 14:00:00,117724.671875,117878.2265625,117634.3359375,117767.9140625,0
2025-08-16 16:00:00,117761.578125,117901.65625,117740.796875,117788.0234375,0
2025-08-16 18:00:00,117763.1875,117839.0,117731.3515625,117767.9921875,195624960
2025-08-16 20:00:00,117736.015625,117790.984375,117559.5625,117570.6875,774717440
2025-08-16 22:00:00,117544.4609375,117624.609375,117360.578125,117503.9765625,0
2025-08-17 00:00:00,117469.3359375,117544.625,117290.15625,117524.3125,0
2025-08-17 02:00:00,117520.65625,117815.1484375,117517.671875,117765.3046875,20779008
2025-08-17 04:00:00,117767.4140625,118294.734375,117761.90625,118105.5625,1339236352
2025-08-17 06:00:00,118081.53125,118199.4296875,117948.640625,118071.015625,572059648
2025-08-17 08:00:00,118080.25,118508.453125,118010.484375,118405.140625,277647360
2025-08-17 10:00:00,118398.609375,118448.046875,118287.96875,118369.0,0
2025-08-17 12:00:00,118372.2421875,118563.1015625,118143.78125,118491.015625,156930048
2025-08-17 14:00:00,118477.265625,118532.2734375,118203.421875,118316.7734375,0
2025-08-17 16:00:00,118296.4921875,118371.2265625,117788.5625,117971.7421875,1185296384
2025-08-17 18:00:00,117966.953125,118000.1171875,117375.875,117640.03125,1802014720
2025-08-17 20:00:00,117651.453125,117834.515625,117627.234375,117770.484375,76914688
2025-08-17 22:00:00,117831.9140625,118065.2578125,117454.890625,117454.890625,0
2025-08-18 00:00:00,117494.421875,117614.078125,116347.5234375,116400.40625,4798922752
2025-08-18 02:00:00,116390.0390625,116390.0390625,115081.5546875,115407.0625,5538795520
2025-08-18 04:00:00,115398.6875,115765.796875,115121.5390625,115733.71875,805580800
2025-08-18 06:00:00,115760.46875,115760.46875,115043.21875,115287.9375,3739201536
2025-08-18 08:00:00,115277.6484375,115454.5546875,114731.1796875,115091.5,3023577088
2025-08-18 10:00:00,115085.421875,115327.984375,114935.84375,115053.3359375,1478561792
2025-08-18 12:00:00,115016.4296875,115760.1015625,114997.203125,115143.65625,866316288
2025-08-18 14:00:00,114930.9296875,116203.03125,114930.9296875,116203.03125,4063707136
2025-08-18 16:00:00,116210.2890625,116856.8359375,115904.2265625,116529.6328125,1420066816
2025-08-18 18:00:00,116499.8984375,116661.9375,116285.3125,116405.7578125,1025777664
2025-08-18 20:00:00,116360.4140625,116733.2109375,116121.84375,116698.0390625,2076581888
2025-08-18 22:00:00,116703.6640625,117028.4609375,116175.7734375,116257.96875,235405312
2025-08-19 00:00:00,116271.6015625,116756.0,115610.1875,115821.453125,427171840
2025-08-19 02:00:00,115831.3828125,116090.9765625,114874.3828125,114947.203125,0
2025-08-19 04:00:00,114851.71875,115495.6640625,114585.953125,115023.4453125,0
2025-08-19 06:00:00,115008.8515625,115168.6796875,114674.0390625,115001.0546875,0
2025-08-19 08:00:00,115020.03125,115535.046875,114845.21875,115369.671875,0
2025-08-19 10:00:00,115417.5390625,115665.671875,115369.4609375,115603.1875,1521803264
2025-08-19 12:00:00,115579.1796875,115906.09375,114991.3046875,115213.078125,0
2025-08-19 14:00:00,115211.4921875,115355.3671875,113644.3984375,113787.046875,4037984256
2025-08-19 16:00:00,113772.09375,113864.96875,113195.8359375,113512.59375,2838618112
2025-08-19 18:00:00,113505.4609375,113505.4609375,112783.140625,113166.703125,2818899968
2025-08-19 20:00:00,113177.1328125,113541.453125,112958.2109375,113423.859375,1072906240
2025-08-19 22:00:00,113399.6484375,113399.6484375,112758.0625,112840.0546875,1839628288
2025-08-20 00:00:00,112852.109375,113403.109375,112578.671875,112979.859375,1219043328
2025-08-20 02:00:00,112984.4296875,113643.3671875,112960.8671875,113541.34375,788152320
2025-08-20 04:00:00,113528.4609375,113760.7890625,113484.078125,113692.9921875,2302205952
2025-08-20 06:00:00,113703.1640625,113820.421875,113451.265625,113451.265625,0
2025-08-20 08:00:00,113466.0,114021.1875,113457.4765625,113669.8828125,2510553088
2025-08-20 10:00:00,113686.3828125,113859.609375,113099.78125,113596.515625,329121792
2025-08-20 12:00:00,113631.84375,113921.5390625,112616.859375,112865.7265625,2177835008
2025-08-20 14:00:00,112703.984375,114295.6953125,112415.5234375,113373.6171875,0
2025-08-20 16:00:00,113371.375,114272.2265625,113348.59375,114199.7890625,1064108032
2025-08-20 18:00:00,114191.2265625,114327.890625,113276.453125,114327.890625,487022592
2025-08-20 20:00:00,114210.65625,114462.578125,114001.078125,114396.2265625,1769496576
2025-08-20 22:00:00,114371.7578125,114618.34375,114227.3828125,114258.2265625,0
2025-08-21 00:00:00,114209.3359375,114639.0859375,113992.6015625,114639.0859375,0
2025-08-21 02:00:00,114691.3046875,114771.703125,113935.7109375,113991.1640625,326995968
2025-08-21 04:00:00,113978.6328125,114011.5,113643.625,113982.1171875,352923648
2025-08-21 06:00:00,113978.375,113978.375,113613.75,113900.2265625,1403158528
2025-08-21 08:00:00,113889.75,113984.890625,113320.8515625,113401.7109375,951054336
2025-08-21 10:00:00,113370.5078125,113510.7109375,113054.1015625,113145.5,0
2025-08-21 12:00:00,113100.2578125,113686.0703125,112951.0390625,113562.15625,795279360
2025-08-21 14:00:00,113478.859375,113969.453125,112692.859375,112787.421875,0
2025-08-21 16:00:00,112764.4921875,112907.7890625,112192.890625,112411.7578125,367108096
2025-08-21 18:00:00,112397.9921875,112686.1640625,111998.2421875,112098.296875,626245632
2025-08-21 20:00:00,112126.984375,112732.3359375,112052.5703125,112592.7734375,1800216576
2025-08-21 22:00:00,112590.0234375,112644.9609375,112247.234375,112419.2734375,550043648
2025-08-22 00:00:00,112462.859375,112861.4765625,112326.234375,112830.328125,646316032
2025-08-22 02:00:00,112802.421875,113465.9921875,112790.0859375,112872.5703125,0
2025-08-22 04:00:00,112889.4609375,113226.7265625,112746.4453125,113214.0390625,811245568
2025-08-22 06:00:00,113213.6171875,113322.9375,112843.296875,113088.390625,1391489024
2025-08-22 08:00:00,113075.296875,113271.6796875,112834.0703125,113027.53125,0
2025-08-22 10:00:00,113019.8828125,113031.9296875,112149.6796875,112307.1015625,1991327744
2025-08-22 12:00:00,112320.546875,112646.125,111678.9453125,112341.90625,3393957888
2025-08-22 14:00:00,113463.6171875,117170.0703125,113463.6171875,116548.1640625,12317843456
2025-08-22 16:00:00,116412.21875,116970.9765625,116138.5078125,116927.09375,4060758016
2025-08-22 18:00:00,116991.2890625,117370.6796875,116518.4453125,116641.0234375,2289491968
2025-08-22 20:00:00,116626.09375,117136.4609375,116589.9140625,116979.8984375,1626415104
2025-08-22 22:00:00,116988.5078125,117026.875,116544.0703125,116867.5234375,1587273728
2025-08-23 00:00:00,116920.8671875,116995.2421875,116285.21875,116402.8515625,99893248
2025-08-23 02:00:00,116391.1875,116460.8203125,115439.2890625,115515.0859375,1717485568
2025-08-23 04:00:00,115513.8984375,115972.3828125,115513.8984375,115927.1484375,462168064
2025-08-23 06:00:00,115913.5234375,115951.671875,115638.7421875,115735.765625,0
2025-08-23 08:00:00,115765.34375,115816.578125,115567.6015625,115704.84375,0
2025-08-23 10:00:00,115709.2734375,115709.2734375,115192.3046875,115192.3046875,0
2025-08-23 12:00:00,115209.71875,115417.75,114731.859375,114839.1640625,0
2025-08-23 14:00:00,114808.7265625,115031.5859375,114596.171875,114805.515625,0
2025-08-23 16:00:00,114786.4296875,115094.5703125,114680.375,115051.421875,0
2025-08-23 18:00:00,115068.8359375,115130.609375,115004.40625,115092.0390625,0
2025-08-23 20:00:00,115083.1484375,115287.625,114987.0,115067.3515625,0
2025-08-23 22:00:00,115019.890625,115378.8515625,115019.890625,115378.8515625,0
2025-08-24 00:00:00,115341.6015625,115501.6171875,115150.46875,115425.359375,297271296
2025-08-24 02:00:00,115410.8671875,115574.6875,114927.15625,114992.4921875,0
2025-08-24 04:00:00,114992.4296875,115222.7265625,114887.3515625,114962.171875,471986176
2025-08-24 06:00:00,114951.46875,115066.1640625,114817.7109375,114883.2890625,0
2025-08-24 08:00:00,114878.625,114977.53125,114655.2734375,114800.9296875,173441024
2025-08-24 10:00:00,114820.140625,114912.9453125,114581.65625,114711.46875,1078009856
2025-08-24 12:00:00,114716.8984375,114789.8203125,114561.0859375,114561.0859375,287670272
2025-08-24 14:00:00,114538.1328125,114781.2734375,114357.6171875,114398.2578125,23498752
2025-08-24 16:00:00,114387.1640625,114496.5390625,114234.453125,114323.34375,2456383488
2025-08-24 18:00:00,114338.8828125,114843.671875,111409.109375,112449.1484375,8232370176
2025-08-24 20:00:00,112441.1015625,113286.96875,111874.1875,112978.4296875,10669162496
2025-08-24 22:00:00,112976.2734375,113635.75,112656.4140625,113420.0703125,2601402368
2025-08-25 00:00:00,113465.1796875,113465.1796875,112174.9375,113050.2421875,963608576
2025-08-25 02:00:00,113061.3984375,113599.9296875,113053.7265625,113118.7890625,266977280
2025-08-25 04:00:00,112920.9296875,112979.21875,112349.7578125,112349.7578125,855244800
2025-08-25 06:00:00,112343.109375,112400.140625,111412.125,111457.546875,3861856256
2025-08-25 08:00:00,111479.4296875,111786.0546875,111141.390625,111786.0546875,2872573952
2025-08-25 10:00:00,111739.171875,111754.6796875,110932.9921875,111212.9140625,2319056896
2025-08-25 12:00:00,111332.1640625,111729.3203125,110610.125,111466.3203125,4931002368
2025-08-25 14:00:00,111464.984375,112542.4140625,111443.328125,112189.828125,1173291008
2025-08-25 16:00:00,112196.6328125,112931.53125,112107.5234375,112516.5625,1386004480
2025-08-25 18:00:00,112329.5546875,112616.2890625,110787.1953125,110787.1953125,0
2025-08-25 20:00:00,110681.6796875,111059.7109375,109347.6328125,110165.21875,4712292352
2025-08-25 22:00:00,110111.34375,110624.734375,109813.3828125,110227.09375,843038720
2025-08-26 00:00:00,110061.859375,110061.859375,108848.1484375,109836.5,2468904960
2025-08-26 02:00:00,109907.125,110002.5546875,109509.21875,109869.03125,1616084992
2025-08-26 04:00:00,109887.8125,110363.8515625,109887.8125,110255.9140625,394649600
2025-08-26 06:00:00,110253.4375,110424.1796875,109808.4765625,110296.25,384491520
2025-08-26 08:00:00,110308.2734375,110429.0,110042.84375,110139.7578125,266739712
2025-08-26 10:00:00,110155.8203125,110415.7734375,109620.921875,109839.578125,0
2025-08-26 12:00:00,109872.1484375,110638.0078125,109454.8046875,110047.2265625,1356988416
2025-08-26 14:00:00,110065.25,110548.015625,109588.1015625,109698.75,0
2025-08-26 16:00:00,109686.6875,110170.796875,109468.15625,109914.828125,0
2025-08-26 18:00:00,110047.5546875,111167.3359375,110047.5546875,111146.6171875,1453957120
2025-08-26 20:00:00,111130.5078125,111566.96875,110980.5078125,111549.203125,0
2025-08-26 22:00:00,111566.1171875,112368.234375,111566.1171875,111807.0859375,1384022016
2025-08-27 00:00:00,111798.0,111798.0,111128.421875,111305.421875,0
2025-08-27 02:00:00,111305.6953125,111699.0,110964.9375,111481.5078125,226095104
2025-08-27 04:00:00,111449.578125,111689.1328125,111347.015625,111367.6640625,37318656
2025-08-27 06:00:00,111382.8671875,111382.8671875,110669.53125,110675.125,0
2025-08-27 08:00:00,110809.140625,111075.9453125,110467.1171875,110822.7421875,1058750464
2025-08-27 10:00:00,110821.5390625,111368.9921875,110821.5390625,111332.21875,2944655360
2025-08-27 12:00:00,111320.4765625,111875.046875,111063.8203125,111486.96875,0
2025-08-27 14:00:00,111498.0625,112619.4140625,111355.3671875,112023.328125,515461120
2025-08-27 16:00:00,112024.5703125,112398.7890625,111638.5,112386.8359375,0
2025-08-27 18:00:00,112350.28125,112601.2890625,111691.28125,112014.6796875,537780224
2025-08-27 20:00:00,112061.1875,112408.921875,111282.8359375,111441.859375,1505361920
2025-08-27 22:00:00,111502.21875,111562.8046875,111116.78125,111207.3828125,648323072
2025-08-28 00:00:00,111261.3671875,111673.765625,110909.0703125,111656.3203125,0
2025-08-28 02:00:00,111658.140625,112015.8984375,111437.6328125,112015.8984375,42577920
2025-08-28 04:00:00,112006.796875,113122.7890625,111970.390625,112893.703125,3194757120
2025-08-28 06:00:00,112852.0546875,113361.6875,112729.5546875,113161.2734375,1028882432
2025-08-28 08:00:00,113144.1875,113356.453125,112921.984375,112933.2421875,0
2025-08-28 10:00:00,112936.71875,113146.5859375,112850.3671875,112917.171875,1308065792
2025-08-28 12:00:00,112919.453125,113436.234375,112642.71875,112750.296875,298897408
2025-08-28 14:00:00,112820.375,113275.4609375,112412.203125,112651.3203125,0
2025-08-28 16:00:00,112666.2265625,113151.2890625,112245.453125,112419.140625,723529728
2025-08-28 18:00:00,112337.234375,112701.203125,111929.84375,111929.84375,736608256
2025-08-28 20:00:00,112002.265625,112121.0859375,111879.1015625,112036.6640625,0
2025-08-28 22:00:00,112039.9453125,112564.375,112039.9453125,112564.375,0
2025-08-29 00:00:00,112571.5234375,112609.453125,111456.0625,111540.625,0
2025-08-29 02:00:00,111493.0234375,111833.53125,111374.9296875,111766.6328125,3171360768
2025-08-29 04:00:00,111744.1015625,111843.453125,111180.7265625,111256.859375,1834229760
2025-08-29 06:00:00,111323.203125,111378.4140625,109912.609375,109912.609375,2284691456
2025-08-29 08:00:00,110011.09375,110268.9921875,109479.6171875,109805.1015625,2893000704
2025-08-29 10:00:00,109789.4921875,110138.59375,109789.4921875,110073.78125,1047064576
2025-08-29 12:00:00,110098.5625,111122.7109375,109033.1171875,109151.3359375,2222792704
2025-08-29 14:00:00,109092.34375,109407.5390625,108178.3359375,108451.421875,5413695488
2025-08-29 16:00:00,108394.265625,108822.3046875,108183.71875,108529.4375,1865891840
2025-08-29 18:00:00,108471.8359375,108716.734375,108057.3984375,108279.3359375,75997184
2025-08-29 20:00:00,108226.9609375,108430.15625,107577.2578125,108429.515625,3253510144
2025-08-29 22:00:00,108468.0625,108568.0859375,108208.421875,108443.875,1096818688
2025-08-30 00:00:00,108297.4609375,108393.5703125,107623.0859375,107690.4140625,0
2025-08-30 02:00:00,107481.96875,108413.6953125,107481.96875,108411.421875,2611683328
2025-08-30 04:00:00,108406.9140625,108643.46875,108157.109375,108359.2734375,2827526144
2025-08-30 06:00:00,108369.03125,108550.5859375,108129.125,108525.1015625,244809728
2025-08-30 08:00:00,108511.9453125,108735.8984375,108493.6953125,108531.2109375,0
2025-08-30 10:00:00,108536.8046875,108708.3046875,108432.2890625,108708.3046875,0
2025-08-30 12:00:00,108636.734375,108636.734375,108234.0703125,108498.4296875,0
2025-08-30 14:00:00,108526.3828125,108921.6953125,108429.0859375,108863.3203125,0
2025-08-30 16:00:00,108834.3671875,108896.359375,108658.234375,108767.1171875,0
2025-08-30 18:00:00,108776.90625,108883.3828125,108659.5546875,108824.9375,58793984
2025-08-30 20:00:00,108849.4765625,108849.4765625,108539.984375,108605.9296875,0
2025-08-30 22:00:00,108585.7578125,108819.2890625,108488.5546875,108810.75,545320960
2025-08-31 00:00:00,108823.390625,109485.015625,108823.390625,109478.2578125,0
2025-08-31 02:00:00,109457.3984375,109457.3984375,109194.828125,109194.828125,0
2025-08-31 04:00:00,109206.90625,109206.90625,108583.234375,108749.2578125,570896384
2025-08-31 06:00:00,108755.0625,108825.6875,108537.7265625,108716.578125,0
2025-08-31 08:00:00,108710.109375,109101.8359375,108484.96875,108484.96875,985403392
2025-08-31 10:00:00,108491.1015625,108611.0859375,108367.296875,108399.5859375,881606656
2025-08-31 12:00:00,108398.4296875,108449.4140625,108198.328125,108413.6875,949669888
2025-08-31 14:00:00,108451.1015625,108802.875,108285.6796875,108792.7734375,866668544
2025-08-31 16:00:00,108800.4296875,108995.109375,108594.28125,108992.6953125,1459662848
2025-08-31 18:00:00,108989.984375,109214.1875,108923.2578125,108923.2578125,1525764096
2025-08-31 20:00:00,108914.359375,109115.359375,108879.96875,109062.1953125,173584384
2025-08-31 22:00:00,109052.53125,109222.7109375,108107.3203125,108248.1328125,694411264
2025-09-01 00:00:00,108250.2578125,108384.953125,107695.9921875,108195.7734375,2330472448
2025-09-01 02:00:00,108159.1015625,108194.625,107423.6328125,107691.9609375,1168699392
2025-09-01 04:00:00,107681.828125,107982.8828125,107285.796875,107872.78125,1810022400
2025-09-01 06:00:00,107867.140625,109362.9140625,107632.34375,109362.9140625,3762995200
2025-09-01 08:00:00,109709.828125,109830.2265625,109455.796875,109543.7890625,3628335104
2025-09-01 10:00:00,109515.0859375,109515.0859375,108233.1953125,108799.1171875,457818112
2025-09-01 12:00:00,108776.453125,109512.0859375,108667.6953125,109061.3984375,1115918336
2025-09-01 14:00:00,109038.40625,109357.1796875,108632.5703125,108739.5,481697792
2025-09-01 16:00:00,108826.9453125,109068.015625,108515.65625,108937.65625,1211826176
2025-09-01 18:00:00,108937.2109375,109306.6171875,108937.2109375,109211.0859375,263876608
2025-09-01 20:00:00,109208.625,109208.625,107492.140625,107759.4765625,4917993472
2025-09-01 22:00:00,107789.4296875,109356.9609375,107670.453125,109201.875,1869123584
2025-09-02 00:00:00,109212.2578125,109562.296875,108903.71875,109384.578125,116895744
2025-09-02 02:00:00,109337.2265625,110519.984375,109218.828125,110348.9453125,2117955584
2025-09-02 04:00:00,110310.9765625,110406.0234375,110088.6640625,110245.2578125,0
2025-09-02 06:00:00,110228.9453125,110556.90625,110060.0078125,110170.484375,1920831488
2025-09-02 08:00:00,110247.1171875,110669.25,110081.4140625,110419.2890625,975183872
2025-09-02 10:00:00,110428.890625,110464.140625,109632.28125,109632.28125,171921408
2025-09-02 12:00:00,109716.6640625,111259.1953125,108533.296875,111127.953125,6097977344
2025-09-02 14:00:00,111156.0078125,111685.984375,110683.8046875,110739.5390625,4205453312
2025-09-02 16:00:00,110808.984375,111113.765625,110512.7421875,110904.5625,3035815936
2025-09-02 18:00:00,110913.2265625,110913.2265625,110209.7109375,110691.515625,2388205568
2025-09-02 20:00:00,110780.9453125,111520.5,110771.65625,111195.28125,0
2025-09-02 22:00:00,111188.3203125,111264.3203125,110887.0390625,111194.046875,0
2025-09-03 00:00:00,111220.8046875,111753.7890625,110917.2109375,111170.2578125,550445056
2025-09-03 02:00:00,111182.1484375,111454.953125,110934.234375,111066.8046875,0
2025-09-03 04:00:00,111075.1875,111114.46875,110697.703125,110710.3203125,0
2025-09-03 06:00:00,110705.9296875,111106.625,110593.75,111106.625,1127833600
2025-09-03 08:00:00,111105.78125,111280.796875,110911.609375,111264.2890625,0
2025-09-03 10:00:00,111317.734375,111677.0234375,111194.6953125,111481.59375,1138827264
2025-09-03 12:00:00,111477.34375,111843.203125,111091.890625,111441.4765625,0
2025-09-03 14:00:00,111476.4375,112500.1796875,111224.890625,112241.46875,0
2025-09-03 16:00:00,112238.2265625,112525.1015625,111741.9765625,112337.8515625,0
2025-09-03 18:00:00,112340.1953125,112526.0390625,111804.046875,112226.90625,910266368
2025-09-03 20:00:00,112244.5859375,112283.734375,111827.1015625,112009.5546875,0
2025-09-03 22:00:00,112021.640625,112181.65625,111688.9921875,111711.046875,0
2025-09-04 00:00:00,111744.234375,112193.5859375,111674.84375,111924.265625,17377939456
2025-09-04 02:00:00,111971.96875,112002.25,111217.6015625,111217.6015625,0
2025-09-04 04:00:00,111192.984375,111347.8515625,110653.1328125,110663.5078125,2160881664
2025-09-04 06:00:00,110691.234375,110741.96875,110348.5,110547.7421875,603664384
2025-09-04 08:00:00,110512.90625,110873.0859375,110461.3671875,110816.671875,0
2025-09-04 10:00:00,110825.25,111143.953125,110657.265625,110837.40625,0
2025-09-04 12:00:00,110849.5234375,111119.59375,110296.2578125,110524.90625,1423966208
2025-09-04 14:00:00,110512.9609375,110512.9609375,109371.359375,109530.46875,343379968
2025-09-04 16:00:00,109523.4296875,109874.0625,109409.0859375,109814.0546875,990638080
2025-09-04 18:00:00,109800.7578125,110193.546875,109753.7109375,109895.53125,841342976
2025-09-04 20:00:00,109844.3046875,110561.984375,109844.3046875,110548.140625,686153728
2025-09-04 22:00:00,110513.296875,111678.6015625,110513.296875,110732.3046875,2002931712
2025-09-05 00:00:00,110729.4375,111091.078125,110467.9453125,111081.3203125,2220376064
2025-09-05 02:00:00,111106.4375,111478.21875,111096.984375,111305.1171875,637964288
2025-09-05 04:00:00,111303.3515625,111698.046875,111170.2421875,111594.609375,317755392
2025-09-05 06:00:00,111589.1875,112978.6015625,111543.453125,112966.625,3723489280
2025-09-05 08:00:00,112967.1640625,112967.1640625,112157.6484375,112289.5625,1597317120
2025-09-05 10:00:00,112294.421875,112498.109375,112149.3203125,112341.5703125,0
2025-09-05 12:00:00,112342.234375,113283.8125,112309.8515625,113034.7265625,7469592576
2025-09-05 14:00:00,113064.015625,113064.015625,110376.859375,110702.4921875,4830564352
2025-09-05 16:00:00,110719.3359375,110929.4375,110238.5703125,110602.2109375,198053888
2025-09-05 18:00:00,110613.5078125,111528.140625,110587.9375,111528.140625,1088798720
2025-09-05 20:00:00,111609.984375,111666.4296875,110608.625,110656.4140625,751489024
2025-09-05 22:00:00,110638.703125,110938.921875,110551.4296875,110649.296875,1063362560
2025-09-06 00:00:00,110652.1640625,110910.296875,110574.765625,110875.328125,304758784
2025-09-06 02:00:00,110878.3359375,111273.9609375,110736.7109375,111058.125,825393152
2025-09-06 04:00:00,111071.171875,111071.171875,110699.9453125,110718.0234375,0
2025-09-06 06:00:00,110727.96875,110842.8984375,110711.4453125,110836.75,46432256
2025-09-06 08:00:00,110831.0546875,110949.9140625,110703.890625,110716.5703125,0
2025-09-06 10:00:00,110710.734375,110856.046875,110665.9375,110789.0,491196416
2025-09-06 12:00:00,110795.421875,110917.984375,110761.7265625,110917.984375,0
2025-09-06 14:00:00,110940.0625,110993.1015625,110416.796875,110488.421875,0
2025-09-06 16:00:00,110430.78125,110430.78125,110028.703125,110163.4140625,1571016704
2025-09-06 18:00:00,110164.71875,110301.140625,110034.0234375,110053.5546875,0
2025-09-06 20:00:00,110056.1484375,110255.25,110051.5859375,110229.203125,0
2025-09-06 22:00:00,110229.875,110298.0625,110137.90625,110225.75,0
2025-09-07 00:00:00,110256.1640625,110601.1796875,110229.953125,110550.453125,217135104
2025-09-07 02:00:00,110574.3828125,110749.53125,110481.796875,110652.203125,734029824
2025-09-07 04:00:00,110643.9375,110710.359375,110520.9375,110675.0078125,177319936
2025-09-07 06:00:00,110669.578125,110892.4296875,110510.875,110727.1640625,172412928
2025-09-07 08:00:00,110761.1953125,111289.5078125,110744.1171875,111096.421875,2547316736
2025-09-07 10:00:00,111123.703125,111269.6015625,111054.421875,111246.515625,1249093632
2025-09-07 12:00:00,111243.015625,111279.7890625,111056.15625,111205.328125,104626176
2025-09-07 14:00:00,111195.7578125,111373.484375,111082.71875,111286.8125,978327552
2025-09-07 16:00:00,111307.1171875,111352.1875,110933.453125,110983.96875,0
2025-09-07 18:00:00,110974.9765625,111261.0546875,110875.9609375,111255.8359375,905959424
2025-09-07 20:00:00,111255.328125,111329.40625,111081.171875,111082.7734375,1011742720
2025-09-07 22:00:00,111082.4609375,111588.0,111063.4453125,111146.4609375,247877632
2025-09-08 00:00:00,111142.3828125,111283.84375,110741.2890625,110941.9609375,1961617408
2025-09-08 02:00:00,110893.8359375,111342.140625,110693.453125,111041.9765625,1722718208
2025-09-08 04:00:00,111039.375,111211.2109375,110911.1484375,111049.8203125,816074752
2025-09-08 06:00:00,111038.8125,111601.3515625,110932.765625,111271.1328125,161611776
2025-09-08 08:00:00,111268.75,112037.8828125,111265.1484375,112037.8828125,3246080
2025-09-08 10:00:00,112061.0390625,112156.03125,111794.5625,112068.1953125,3455330304
2025-09-08 12:00:00,112057.0546875,112317.9375,111929.578125,111938.5703125,3253276672
2025-09-08 14:00:00,111896.8359375,112854.5,111896.8359375,112595.875,3403964416
2025-09-08 16:00:00,112608.8203125,112642.3359375,112118.546875,112188.6171875,981393408
2025-09-08 18:00:00,112207.5703125,112474.921875,112022.578125,112022.578125,922116096
2025-09-08 20:00:00,112035.3203125,112320.859375,111905.640625,112291.1484375,1482104832
2025-09-08 22:00:00,112314.0859375,112452.875,111991.3828125,112068.1484375,34738176
2025-09-09 00:00:00,112052.796875,112074.9140625,111322.21875,111407.5,445906944
2025-09-09 02:00:00,111381.1953125,111717.2265625,111154.515625,111703.9765625,172179456
2025-09-09 04:00:00,111700.046875,112206.6796875,111644.59375,112203.765625,1832796160
2025-09-09 06:00:00,112199.828125,113217.2578125,112186.3125,112989.015625,4354830336
2025-09-09 08:00:00,112991.265625,113143.078125,112898.2109375,112957.4140625,0
2025-09-09 10:00:00,112935.2890625,113015.3359375,112523.546875,112523.546875,979988480
2025-09-09 12:00:00,112470.359375,112881.1875,112466.78125,112732.890625,452018176
2025-09-09 14:00:00,112748.78125,112783.640625,110791.4609375,110944.890625,4392071168
2025-09-09 16:00:00,110893.046875,111181.2578125,110815.9921875,111039.015625,584019968
2025-09-09 18:00:00,111041.5390625,111384.5625,110987.4609375,111368.671875,369979392
2025-09-09 20:00:00,111334.5234375,111697.6796875,111121.6015625,111309.5078125,3694759936
2025-09-09 22:00:00,111298.3828125,111607.8203125,111298.3828125,111539.609375,0
2025-09-10 00:00:00,111539.0625,111541.515625,110943.1328125,111007.0625,893505536
2025-09-10 02:00:00,111001.46875,111535.8046875,111001.46875,111502.8828125,1159000064
2025-09-10 04:00:00,111518.578125,111665.0078125,111400.5859375,111554.6171875,174059520
2025-09-10 06:00:00,111565.0078125,112523.78125,111427.4921875,112519.7109375,2199670784
2025-09-10 08:00:00,112527.6015625,112786.7265625,112150.9296875,112275.1484375,2778734592
2025-09-10 10:00:00,112270.421875,112403.21875,112217.03125,112280.671875,493449216
2025-09-10 12:00:00,112297.1953125,114273.765625,112297.1953125,113965.6328125,8052121600
2025-09-10 14:00:00,113978.34375,114272.484375,113775.65625,113882.9921875,0
2025-09-10 16:00:00,113873.4296875,114047.515625,113470.390625,113737.1953125,704032768
2025-09-10 18:00:00,113737.9765625,113866.7890625,113182.9921875,113526.3203125,2724147200
2025-09-10 20:00:00,113597.1171875,113847.921875,113597.1171875,113817.8515625,109436928
2025-09-10 22:00:00,113845.25,114024.8828125,113782.7421875,113926.6875,1182875648
2025-09-11 00:00:00,113963.09375,114085.4765625,113723.5390625,113942.5390625,0
2025-09-11 02:00:00,113932.6796875,114413.3515625,113745.4921875,114413.3515625,0
2025-09-11 04:00:00,114414.1328125,114414.1328125,113998.6640625,114291.84375,804433920
2025-09-11 06:00:00,114289.390625,114456.7578125,113991.0,114071.8046875,0
2025-09-11 08:00:00,114093.453125,114177.046875,113796.6015625,113860.0,0
2025-09-11 10:00:00,113885.390625,114101.171875,113885.390625,114000.4453125,0
2025-09-11 12:00:00,114017.7421875,114680.28125,113477.2734375,114680.28125,0
2025-09-11 14:00:00,114634.171875,114688.921875,113948.765625,114170.0,992927744
2025-09-11 16:00:00,114200.7578125,114597.015625,114200.7578125,114570.6015625,1283981312
2025-09-11 18:00:00,114585.0625,114596.65625,114139.515625,114501.234375,0
2025-09-11 20:00:00,114475.2578125,114538.3515625,114276.1484375,114527.1171875,0
2025-09-11 22:00:00,114503.3203125,115516.46875,114491.3359375,115516.46875,1130033152
2025-09-12 00:00:00,115509.0078125,116313.515625,115440.8125,115464.5703125,2773889024
2025-09-12 02:00:00,115451.421875,115660.1484375,115094.921875,115220.484375,3479175168
2025-09-12 04:00:00,115212.5859375,115676.625,115119.1796875,115644.3984375,270061568
2025-09-12 06:00:00,115615.4453125,115635.3203125,115132.8203125,115135.9921875,2322948096
2025-09-12 08:00:00,115137.4296875,115243.7265625,114886.8125,115003.0234375,1851052032
2025-09-12 10:00:00,115038.9140625,115136.171875,114930.9140625,114938.0546875,0
2025-09-12 12:00:00,114950.421875,115196.5,114804.1484375,115185.203125,0
2025-09-12 14:00:00,115206.6953125,115482.4609375,114915.75,115153.8828125,257040384
2025-09-12 16:00:00,115143.40625,115967.6875,115111.78125,115872.78125,1467367424
2025-09-12 18:00:00,115868.046875,116757.53125,115862.8828125,116737.328125,4907614208
2025-09-12 20:00:00,116742.59375,116742.59375,115833.453125,115942.3984375,1773559808
2025-09-12 22:00:00,115944.0703125,116364.8203125,115944.0703125,116127.5,0
2025-09-13 00:00:00,116104.3125,116324.7109375,115748.4140625,115825.0546875,0
2025-09-13 02:00:00,115828.2578125,116037.6953125,115788.2578125,115982.34375,90005504
2025-09-13 04:00:00,115987.9375,115987.9375,115736.8359375,115752.0859375,0
2025-09-13 06:00:00,115756.9296875,115902.5078125,115715.4765625,115848.1640625,0
2025-09-13 08:00:00,115837.9375,116087.453125,115826.25,116079.5859375,0
2025-09-13 10:00:00,116030.7890625,116203.2109375,115947.9375,116030.7734375,1107873792
2025-09-13 12:00:00,116035.7265625,116076.9140625,115726.734375,115833.890625,0
2025-09-13 14:00:00,115836.21875,116013.7265625,115651.375,115805.0546875,141111296
2025-09-13 16:00:00,115813.9296875,115854.96875,115267.875,115611.921875,1044320256
2025-09-13 18:00:00,115593.953125,115830.921875,115483.8046875,115818.53125,0
2025-09-13 20:00:00,115834.5234375,116030.765625,115834.5234375,115932.28125,0
2025-09-13 22:00:00,115912.09375,116006.609375,115879.6171875,115954.34375,0
2025-09-14 00:00:00,115973.2734375,116058.015625,115814.53125,115998.7890625,0
2025-09-14 02:00:00,115996.0703125,116106.2109375,115703.71875,115703.71875,635744256
2025-09-14 04:00:00,115726.7109375,115962.1171875,115547.2421875,115922.703125,14161920
2025-09-14 06:00:00,115926.9453125,115961.0390625,115761.8828125,115861.3203125,1433866240
2025-09-14 08:00:00,115852.65625,116180.9765625,115801.0078125,116103.0703125,876052480
2025-09-14 10:00:00,116098.6953125,116149.6484375,115811.2578125,115822.6015625,0
2025-09-14 12:00:00,115823.5625,115883.1640625,115271.9296875,115373.25,1194657792
2025-09-14 14:00:00,115380.5390625,115651.3046875,115266.046875,115268.5859375,1923870720
2025-09-14 16:00:00,115275.0234375,115684.28125,115247.9375,115636.96875,0
2025-09-14 18:00:00,115621.703125,115663.8671875,115392.5546875,115641.296875,688816128
2025-09-14 20:00:00,115647.2890625,116125.625,115647.2890625,116003.96875,333606912
2025-09-14 22:00:00,116085.46875,116110.6640625,115222.3984375,115400.28125,284608512
2025-09-15 00:00:00,115377.84375,115377.84375,114914.4140625,115210.203125,871794688
2025-09-15 02:00:00,115252.7578125,115597.46875,115252.7578125,115557.875,918392832
2025-09-15 04:00:00,115498.6875,116538.5625,115443.796875,116538.5625,2606168064
2025-09-15 06:00:00,116552.7109375,116728.8046875,115724.46875,115852.203125,1061347328
2025-09-15 08:00:00,115847.5078125,115847.5078125,114684.9765625,114923.2734375,7276298240
2025-09-15 10:00:00,114913.84375,115180.359375,114783.5234375,115141.7890625,992309248
2025-09-15 12:00:00,115078.7421875,115078.7421875,114461.0625,114681.8125,3951194112
2025-09-15 14:00:00,114663.7734375,115052.34375,114473.515625,114924.40625,2303971328
2025-09-15 16:00:00,114908.6953125,115040.7578125,114682.4609375,115040.7578125,814034944
2025-09-15 18:00:00,115113.3125,115539.0546875,114931.359375,115306.9609375,2419187712
2025-09-15 20:00:00,115320.3671875,115550.703125,115254.5625,115518.28125,727822336
2025-09-15 22:00:00,115518.28125,115614.8515625,115252.890625,115442.625,1544253440
2025-09-16 00:00:00,115409.3046875,115497.015625,115013.296875,115062.1640625,0
2025-09-16 02:00:00,115054.0234375,115466.3046875,115054.0234375,115396.15625,145477632
2025-09-16 04:00:00,115373.046875,115939.734375,115052.5390625,115932.1796875,107380736
2025-09-16 06:00:00,115939.046875,116063.2578125,115651.921875,115793.6328125,0
2025-09-16 08:00:00,115825.875,115977.1328125,115503.3515625,115511.71875,0
2025-09-16 10:00:00,115515.0078125,115591.0234375,115277.6484375,115324.4921875,328523776
2025-09-16 12:00:00,115316.625,115537.140625,114836.9765625,115137.484375,0
2025-09-16 14:00:00,115220.90625,115817.6328125,114878.1015625,115817.6328125,811401216
2025-09-16 16:00:00,115877.859375,116899.6875,115657.3125,116555.5,3525136384
2025-09-16 18:00:00,116533.046875,116842.2265625,116309.109375,116838.1953125,95584256
2025-09-16 20:00:00,116803.6875,116984.7109375,116640.6015625,116888.015625,1251287040
2025-09-16 22:00:00,116871.5703125,117005.2734375,116686.5078125,116827.5,1131700224
2025-09-17 00:00:00,116850.6015625,116850.6015625,116632.46875,116717.203125,0
2025-09-17 02:00:00,116716.921875,117077.015625,116478.84375,116496.1328125,1038876672
2025-09-17 04:00:00,116461.4296875,117205.8984375,116224.40625,117205.8984375,80977920
2025-09-17 06:00:00,117171.234375,117307.265625,117049.3671875,117231.4375,2473263104
2025-09-17 08:00:00,117231.09375,117231.09375,116630.0078125,116637.7109375,780918784
2025-09-17 10:00:00,116592.453125,116606.09375,116302.6484375,116302.6484375,2556227584
2025-09-17 12:00:00,116302.0625,116501.5078125,115970.84375,116137.4375,0
2025-09-17 14:00:00,116155.5546875,116268.796875,115546.03125,115905.0703125,2006638592
2025-09-17 16:00:00,115865.7578125,116262.7109375,115477.0390625,116103.15625,0
2025-09-17 18:00:00,116041.9609375,116172.5234375,114794.9765625,115696.234375,11569242112
2025-09-17 20:00:00,115729.7109375,116168.828125,115445.453125,116094.5625,1227915264
2025-09-17 22:00:00,116157.8046875,117002.515625,116157.8046875,116466.671875,929349632
2025-09-18 00:00:00,116467.4296875,116878.25,116196.5625,116739.9609375,3101806592
2025-09-18 02:00:00,116721.640625,117898.7734375,116523.6484375,117653.3359375,4003880960
2025-09-18 04:00:00,117759.6640625,117762.78125,117221.0546875,117239.3515625,2583150592
2025-09-18 06:00:00,117310.1484375,117310.1484375,116939.6484375,117099.4375,114356224
2025-09-18 08:00:00,117105.71875,117368.875,117052.8125,117312.2109375,904450048
2025-09-18 10:00:00,117325.4921875,117338.6875,117073.328125,117081.515625,0
2025-09-18 12:00:00,117090.3984375,117640.875,117035.140625,117356.7109375,0
2025-09-18 14:00:00,117408.25,117852.9765625,117377.5390625,117697.25,2303578112
2025-09-18 16:00:00,117631.9296875,117827.921875,117479.5703125,117564.8828125,0
2025-09-18 18:00:00,117570.8125,117898.1640625,117236.7734375,117427.1640625,0
2025-09-18 20:00:00,117486.6015625,117705.625,117370.7421875,117379.0,0
2025-09-18 22:00:00,117337.84375,117341.546875,116696.75,117134.8046875,0
2025-09-19 00:00:00,117145.1953125,117475.3515625,117094.859375,117256.796875,340508672
2025-09-19 02:00:00,117274.7890625,117323.4453125,116949.7578125,117009.984375,0
2025-09-19 04:00:00,117017.921875,117126.15625,116780.1015625,116950.359375,484921344
2025-09-19 06:00:00,116950.0078125,117014.578125,116732.1640625,116967.1640625,195760128
2025-09-19 08:00:00,116967.28125,117140.1640625,116547.0859375,116547.0859375,15396864
2025-09-19 10:00:00,116556.4609375,116599.65625,116370.609375,116426.0390625,1131405312
2025-09-19 12:00:00,116452.109375,116524.375,116117.1640625,116360.90625,1420275712
2025-09-19 14:00:00,116332.7734375,116482.2734375,115558.5390625,115936.1796875,594272256
2025-09-19 16:00:00,115938.2734375,116161.7421875,115618.453125,115620.453125,585625600
2025-09-19 18:00:00,115605.015625,115657.453125,115179.890625,115209.8828125,501399552
2025-09-19 20:00:00,115175.921875,115574.9921875,115163.265625,115526.75,1095151616
2025-09-19 22:00:00,115522.828125,115694.890625,115521.1171875,115682.671875,314523648
2025-09-20 00:00:00,115692.296875,115775.0234375,115635.7578125,115738.84375,361943040
2025-09-20 02:00:00,115696.9765625,115696.9765625,115492.8984375,115522.9140625,0
2025-09-20 04:00:00,115524.921875,115778.4765625,115488.640625,115776.7109375,0
2025-09-20 06:00:00,115768.3125,116045.046875,115707.5,116007.2421875,172417024
2025-09-20 08:00:00,116021.7734375,116022.3203125,115718.8046875,115726.609375,634980352
2025-09-20 10:00:00,115720.203125,115982.546875,115720.203125,115955.46875,189151232
2025-09-20 12:00:00,115952.671875,116012.0703125,115865.8046875,115969.9140625,0
2025-09-20 14:00:00,115966.765625,116180.5234375,115934.5234375,116035.3828125,0
2025-09-20 16:00:00,116037.046875,116130.8203125,115877.3671875,115901.4375,0
2025-09-20 18:00:00,115897.96875,115897.96875,115769.09375,115790.46875,23228416
2025-09-20 20:00:00,115775.234375,115999.984375,115755.96875,115846.9140625,11997184
2025-09-20 22:00:00,115863.546875,115866.875,115683.046875,115724.0234375,90370048
2025-09-21 00:00:00,115732.8046875,115785.5546875,115573.4765625,115581.90625,40093696
2025-09-21 02:00:00,115587.2265625,115768.515625,115536.5078125,115710.53125,24522752
2025-09-21 04:00:00,115745.9375,115745.9375,115560.2109375,115694.1640625,909469696
2025-09-21 06:00:00,115718.015625,115871.125,115690.875,115867.5859375,1094483968
2025-09-21 08:00:00,115879.21875,115898.25,115433.453125,115780.6484375,1273438208
2025-09-21 10:00:00,115754.453125,115782.7109375,115566.9609375,115668.5234375,550619136
2025-09-21 12:00:00,115669.6328125,115825.4609375,115668.546875,115722.6953125,42502144
2025-09-21 14:00:00,115716.3671875,115759.3203125,115542.9765625,115609.6875,264302592
2025-09-21 16:00:00,115599.875,115700.5625,115300.2890625,115694.828125,0
2025-09-21 18:00:00,115691.8046875,115705.8515625,115400.6484375,115562.171875,0
2025-09-21 20:00:00,115572.4765625,115572.4765625,115311.7265625,115467.203125,722116608
2025-09-21 22:00:00,115457.2578125,115613.7890625,115257.2890625,115300.796875,1443393536
2025-09-22 00:00:00,115270.71875,115430.6328125,114324.4375,114324.4375,4173109248
2025-09-22 02:00:00,114329.328125,114687.7578125,114280.0625,114676.9453125,3852421120
2025-09-22 04:00:00,114694.671875,114695.0234375,114321.5625,114321.5625,1799987200
2025-09-22 06:00:00,114345.4296875,114345.4296875,112227.046875,112604.6171875,14340368384
2025-09-22 08:00:00,112590.234375,112838.53125,112262.65625,112396.7578125,3724132352
2025-09-22 10:00:00,112426.1796875,113021.0,112387.96875,112946.9609375,3344277504
2025-09-22 12:00:00,112956.3359375,113090.1875,112502.59375,113090.1875,3389779968
2025-09-22 14:00:00,113221.5546875,113483.96875,112663.0546875,112926.9609375,4510978048
2025-09-22 16:00:00,112909.296875,112951.125,112352.8359375,112448.5859375,2886864896
2025-09-22 18:00:00,112454.7578125,112884.59375,112066.0,112236.9921875,1906675712
2025-09-22 20:00:00,112184.2890625,113032.1015625,112098.09375,113032.1015625,3787567104
2025-09-22 22:00:00,113055.1171875,113055.1171875,112691.4609375,112734.46875,1122893824
2025-09-23 00:00:00,112771.75,112890.109375,112252.03125,112252.03125,0
2025-09-23 02:00:00,112252.75,112563.8359375,111605.90625,112370.6875,2329772032
2025-09-23 04:00:00,112439.0234375,112941.15625,111965.390625,112772.0859375,633769984
2025-09-23 06:00:00,112731.0859375,113151.25,112702.2265625,113151.25,0
2025-09-23 08:00:00,113150.4296875,113316.75,112961.5546875,113021.3671875,0
2025-09-23 10:00:00,113019.640625,113123.265625,112782.3046875,113020.6484375,38658048
2025-09-23 12:00:00,113038.796875,113093.6484375,112809.84375,113000.0625,292044800
2025-09-23 14:00:00,112997.53125,113288.65625,112557.15625,112915.5625,0
2025-09-23 16:00:00,112926.6875,113008.765625,111930.765625,111977.84375,548802560
2025-09-23 18:00:00,111975.4765625,112219.7109375,111599.8203125,111654.03125,1638342656
2025-09-23 20:00:00,111676.875,112209.109375,111567.359375,112178.9296875,0
2025-09-23 22:00:00,112176.6484375,112250.734375,111920.1171875,112003.8515625,628879360
2025-09-24 00:00:00,112017.4375,112504.0625,111867.4921875,112448.953125,384913408
2025-09-24 02:00:00,112454.140625,112496.875,111755.1015625,111758.4921875,849342464
2025-09-24 04:00:00,111757.7734375,112672.0390625,111384.296875,112672.0390625,2139701248
2025-09-24 06:00:00,112660.2109375,112801.765625,112498.640625,112557.390625,0
2025-09-24 08:00:00,112590.59375,112804.8125,112449.640625,112764.0625,0
2025-09-24 10:00:00,112750.4765625,113186.7890625,112695.1015625,113059.296875,1371361280
2025-09-24 12:00:00,113054.8203125,113225.4765625,112861.53125,112861.53125,0
2025-09-24 14:00:00,112853.421875,113908.0625,112853.421875,113425.5,2523484160
2025-09-24 16:00:00,113368.5625,113981.8984375,113225.6953125,113806.8671875,0
2025-09-24 18:00:00,113797.8359375,113846.3125,113340.6640625,113483.6640625,0
2025-09-24 20:00:00,113494.3046875,113657.953125,113366.171875,113366.171875,28610560
2025-09-24 22:00:00,113383.7109375,113686.2421875,113254.0078125,113348.765625,1158451200
2025-09-25 00:00:00,113340.0625,113540.625,112538.75,112662.015625,2132467712
2025-09-25 02:00:00,112688.9140625,113163.609375,112407.734375,112568.765625,179032064
2025-09-25 04:00:00,112542.5859375,112606.0390625,111653.546875,111763.1171875,1962627072
2025-09-25 06:00:00,111747.2734375,111888.21875,111525.8828125,111778.8203125,682536960
2025-09-25 08:00:00,111781.4609375,112214.4765625,111629.6640625,111629.6640625,2257813504
2025-09-25 10:00:00,111608.7265625,111875.359375,111380.2109375,111380.2109375,277835776
2025-09-25 12:00:00,111378.28125,111687.3203125,110710.015625,110917.4375,7635509248
2025-09-25 14:00:00,111013.71875,111757.7265625,110947.296875,111532.453125,413810688
2025-09-25 16:00:00,111594.4453125,111695.0546875,108936.5546875,108936.5546875,5719007232
2025-09-25 18:00:00,108859.0,109976.625,108725.28125,109417.9296875,6594371584
2025-09-25 20:00:00,109351.2109375,109688.109375,109102.21875,109480.6640625,2127241216
2025-09-25 22:00:00,109461.984375,109690.1328125,108948.1015625,109050.71875,836878336
2025-09-26 00:00:00,109014.1015625,109799.578125,108919.4375,109710.296875,904896512
2025-09-26 02:00:00,109724.015625,109835.8125,109365.3984375,109632.96875,0
2025-09-26 04:00:00,109634.6875,109652.640625,109156.75,109318.796875,0
2025-09-26 06:00:00,109315.0859375,109684.1171875,109032.390625,109342.9296875,4756365312
2025-09-26 08:00:00,109467.203125,109770.34375,109456.859375,109613.8359375,1085186048
2025-09-26 10:00:00,109630.921875,109630.921875,108754.2578125,109177.6875,813154304
2025-09-26 12:00:00,109149.6328125,109783.3046875,108899.8671875,109744.421875,0
2025-09-26 14:00:00,109770.90625,109770.90625,108884.171875,109108.59375,1357930496
2025-09-26 16:00:00,109073.8046875,110034.6953125,109073.8046875,109903.2734375,0
2025-09-26 18:00:00,109968.640625,110340.0390625,109103.9296875,109220.7109375,0
2025-09-26 20:00:00,109237.96875,109569.890625,109161.703125,109560.875,0
2025-09-26 22:00:00,109519.109375,109720.859375,109432.515625,109716.9140625,254251008
2025-09-27 00:00:00,109702.3671875,109703.78125,109418.6953125,109475.515625,461611008
2025-09-27 02:00:00,109499.6328125,109772.25,109399.9765625,109595.734375,0
2025-09-27 04:00:00,109597.8203125,109758.765625,109595.3125,109690.2265625,633298944
2025-09-27 06:00:00,109658.1875,109675.4453125,109393.5625,109453.53125,0
2025-09-27 08:00:00,109444.7265625,109444.7265625,109160.3515625,109358.0546875,0
2025-09-27 10:00:00,109355.65625,109504.015625,109322.7890625,109351.46875,0
2025-09-27 12:00:00,109350.15625,109491.625,109289.09375,109390.0546875,0
2025-09-27 14:00:00,109372.265625,109462.671875,109273.2109375,109434.171875,0
2025-09-27 16:00:00,109418.5703125,109445.1640625,109306.4375,109423.7109375,0
2025-09-27 18:00:00,109433.75,109476.5859375,109404.171875,109464.71875,0
2025-09-27 20:00:00,109473.125,109516.171875,109407.6796875,109492.390625,0
2025-09-27 22:00:00,109495.9375,109749.3359375,109495.9375,109663.03125,0
2025-09-28 00:00:00,109687.5703125,109807.171875,109408.75,109411.453125,900919296
2025-09-28 02:00:00,109417.7578125,109563.828125,109406.2109375,109487.4765625,840380416
2025-09-28 04:00:00,109484.078125,109507.7734375,109389.5703125,109401.234375,0
2025-09-28 06:00:00,109387.1171875,109560.71875,109338.0703125,109539.3828125,0
2025-09-28 08:00:00,109581.1328125,109599.5546875,109424.2890625,109549.2109375,0
2025-09-28 10:00:00,109552.2109375,109552.2109375,109298.015625,109434.8125,1138212864
2025-09-28 12:00:00,109418.65625,109687.21875,109240.3125,109671.0234375,0
2025-09-28 14:00:00,109659.5,110062.9609375,109565.421875,110062.9609375,2166157312
2025-09-28 16:00:00,110064.65625,110392.28125,110035.0546875,110252.1015625,1719257088
2025-09-28 18:00:00,110235.0546875,110393.2109375,110111.1796875,110351.71875,277923840
2025-09-28 20:00:00,110366.7578125,110974.6171875,110338.28125,110774.453125,1958184960
2025-09-28 22:00:00,110958.984375,112364.7890625,110958.984375,112116.046875,4828395520
2025-09-29 00:00:00,112201.1640625,112345.6953125,111783.0625,111834.0078125,1251596288
2025-09-29 02:00:00,111884.4375,111987.15625,111645.9296875,111856.875,2288091136
2025-09-29 04:00:00,111881.34375,111927.453125,111651.6640625,111776.296875,1694355456
2025-09-29 06:00:00,111789.5859375,111870.6640625,111608.578125,111864.265625,2642337792
2025-09-29 08:00:00,111880.7578125,112372.40625,111880.7578125,112127.2265625,4066197504
2025-09-29 10:00:00,112134.5703125,112257.7265625,111966.0078125,112139.6484375,884744192
2025-09-29 12:00:00,112128.0234375,113480.6484375,111969.1171875,113375.4453125,4445003776
2025-09-29 14:00:00,113290.5390625,114284.34375,113281.65625,113873.5390625,6703198208
2025-09-29 16:00:00,113862.5625,114193.15625,113550.125,114140.9296875,2035126272
2025-09-29 18:00:00,114119.4296875,114370.828125,113937.6796875,114370.828125,1674817536
2025-09-29 20:00:00,114300.7109375,114459.59375,114156.671875,114278.234375,2616356864
2025-09-29 22:00:00,114255.1953125,114405.1796875,114091.0234375,114379.546875,0
2025-09-30 00:00:00,114389.28125,114800.2578125,114142.3984375,114420.625,114614272
2025-09-30 02:00:00,114577.9296875,114655.03125,114376.03125,114430.6875,394170368
2025-09-30 04:00:00,114435.53125,114435.53125,113920.015625,113944.125,900395008
2025-09-30 06:00:00,113949.0,114086.140625,113678.671875,113774.921875,1692393472
2025-09-30 08:00:00,113764.7890625,113772.375,112874.5859375,112874.5859375,543653888
2025-09-30 10:00:00,112822.703125,113156.796875,112740.5625,113131.5625,2022281216
2025-09-30 12:00:00,113100.8828125,113664.046875,112943.25,113417.4609375,82071552
2025-09-30 14:00:00,113399.6015625,113648.6796875,113010.2421875,113146.1015625,0
2025-09-30 16:00:00,113143.59375,113515.265625,112817.1953125,113311.8046875,467517440
2025-09-30 18:00:00,113299.984375,114540.09375,113247.296875,114451.2109375,1142681600
2025-09-30 20:00:00,114394.5390625,114739.0234375,114152.0078125,114262.84375,2132578304
2025-09-30 22:00:00,114181.265625,114364.609375,113803.8203125,114043.4453125,0
2025-10-01 00:00:00,114078.0078125,114526.3671875,113984.9375,114526.3671875,0
2025-10-01 02:00:00,114523.1484375,114525.421875,114162.640625,114211.859375,598294528
2025-10-01 04:00:00,114210.84375,114714.203125,114210.1484375,114574.90625,1492398080
2025-10-01 06:00:00,114581.3984375,114602.4375,114259.5546875,114596.953125,0
2025-10-01 08:00:00,114584.78125,116528.75,114533.5078125,116436.1953125,5660610560
2025-10-01 10:00:00,116453.3359375,116776.359375,116256.3671875,116769.90625,857948160
2025-10-01 12:00:00,116816.34375,116889.3515625,116415.578125,116831.515625,992649216
2025-10-01 14:00:00,116821.5546875,117593.390625,116821.5546875,117421.9140625,3321487360
2025-10-01 16:00:00,117476.3984375,118139.828125,116837.90625,116906.65625,3728392192
2025-10-01 18:00:00,116886.8984375,117645.6875,116864.21875,117455.1640625,749264896
2025-10-01 20:00:00,117490.703125,117617.84375,117248.5625,117577.515625,0
2025-10-01 22:00:00,117613.203125,118535.65625,117613.203125,118535.65625,2392514560
2025-10-02 00:00:00,118625.8046875,119451.0703125,118498.1171875,118744.546875,5300486144
2025-10-02 02:00:00,118694.9375,119051.4765625,118568.3828125,118801.8203125,308559872
2025-10-02 04:00:00,118791.1875,118950.3203125,118423.4375,118427.1015625,418619392
2025-10-02 06:00:00,118438.984375,118726.984375,118413.171875,118562.671875,0
2025-10-02 08:00:00,118607.8515625,118854.3203125,118432.34375,118854.3203125,0
2025-10-02 10:00:00,118899.6953125,118912.0078125,118609.5234375,118811.609375,0
2025-10-02 12:00:00,118820.9296875,119812.5859375,118817.09375,119727.5859375,26677248
2025-10-02 14:00:00,119658.4609375,119966.578125,118635.75,119966.578125,1691316224
2025-10-02 16:00:00,119974.15625,120309.65625,119494.0390625,119992.9296875,330629120
2025-10-02 18:00:00,119999.7734375,121047.34375,119999.7734375,120844.0546875,4079517696
2025-10-02 20:00:00,120897.1953125,120965.375,120254.6484375,120259.8671875,1104830464
2025-10-02 22:00:00,120220.578125,120672.1328125,120160.0390625,120653.765625,471334912
2025-10-03 00:00:00,120606.3203125,120606.3203125,119953.234375,119953.234375,0
2025-10-03 02:00:00,119965.9375,120485.921875,119965.9375,120325.453125,0
2025-10-03 04:00:00,120312.9765625,120359.5234375,119879.5625,120000.765625,0
2025-10-03 06:00:00,119998.4453125,120105.34375,119731.375,119745.015625,1994543104
2025-10-03 08:00:00,119750.390625,120411.375,119350.9609375,120380.140625,4912795648
2025-10-03 10:00:00,120397.5390625,120585.265625,120258.8359375,120438.4375,1756954624
2025-10-03 12:00:00,120434.2890625,120616.59375,120211.0234375,120504.5703125,0
2025-10-03 14:00:00,120483.21875,122234.078125,120028.78125,122234.078125,0
2025-10-03 16:00:00,122564.96875,123919.5546875,121782.328125,122149.4140625,22395318272
2025-10-03 18:00:00,122137.765625,122973.546875,121576.0546875,122724.0078125,0
2025-10-03 20:00:00,122736.21875,122794.953125,122088.40625,122443.59375,850616320
2025-10-03 22:00:00,122382.5,122716.5078125,122250.8203125,122250.8203125,0
2025-10-04 00:00:00,122276.53125,122330.890625,121788.078125,121837.8359375,0
2025-10-04 02:00:00,121907.25,122326.6328125,121788.84375,122326.6328125,669474816
2025-10-04 04:00:00,122344.59375,122829.984375,122335.6640625,122581.0,1528061952
2025-10-04 06:00:00,122582.421875,122664.9921875,122306.890625,122353.90625,0
2025-10-04 08:00:00,122347.9609375,122584.9453125,122253.8359375,122262.796875,0
2025-10-04 10:00:00,122279.8984375,122371.640625,122041.546875,122057.734375,0
2025-10-04 12:00:00,122041.1875,122498.4375,122021.5234375,122448.3984375,0
2025-10-04 14:00:00,122467.734375,122498.4296875,121769.1875,121813.265625,0
2025-10-04 16:00:00,121827.3515625,121987.2109375,121687.8984375,121755.78125,0
2025-10-04 18:00:00,121790.671875,121955.1015625,121591.8984375,121952.3515625,0
2025-10-04 20:00:00,121981.8828125,122350.8515625,121934.0078125,122238.0234375,0
2025-10-04 22:00:00,122234.0625,122418.1875,122205.9765625,122416.4921875,255746048
2025-10-05 00:00:00,122443.71875,122455.2265625,122206.15625,122402.8515625,0
2025-10-05 02:00:00,122403.3515625,124278.71875,122396.8203125,123789.421875,7275864064
2025-10-05 04:00:00,123836.546875,125559.2109375,123836.546875,124992.8359375,12173651968
2025-10-05 06:00:00,125100.59375,125188.3359375,124681.921875,124878.234375,2914103296
2025-10-05 08:00:00,124742.640625,124792.8984375,122902.7265625,123131.9375,5212553216
2025-10-05 10:00:00,123048.140625,123518.1171875,122630.2265625,123516.5234375,4035293184
2025-10-05 12:00:00,123490.3203125,123490.3203125,123007.171875,123187.90625,2716504064
2025-10-05 14:00:00,123261.7734375,123352.453125,122740.53125,122849.703125,0
2025-10-05 16:00:00,122840.3515625,123464.453125,122460.3671875,123070.9296875,374317056
2025-10-05 18:00:00,123125.765625,123199.375,122587.2421875,122587.2421875,1941405696
2025-10-05 20:00:00,122549.6484375,123042.125,122549.6484375,122743.8671875,1362673664
2025-10-05 22:00:00,122880.515625,123551.046875,122880.515625,123507.8203125,2090729472
2025-10-06 00:00:00,123508.1484375,124301.5,123199.578125,124084.796875,4168310784
2025-10-06 02:00:00,124104.90625,124184.0625,123585.0,123893.6484375,0
2025-10-06 04:00:00,123883.109375,124004.390625,123369.671875,123609.3125,0
2025-10-06 06:00:00,123604.9765625,124093.8125,123370.2109375,123395.75,0
2025-10-06 08:00:00,123412.109375,124039.984375,123412.109375,123976.078125,0
2025-10-06 10:00:00,123997.4609375,124498.140625,123823.4453125,124266.9375,1399029760
2025-10-06 12:00:00,124267.609375,124994.21875,124257.1015625,124994.21875,2165452800
2025-10-06 14:00:00,125095.40625,125384.8671875,124493.3203125,125106.9140625,6187978752
2025-10-06 16:00:00,125033.015625,125792.4140625,124865.4140625,125412.2734375,3593629696
2025-10-06 18:00:00,125223.234375,126149.0234375,125141.015625,125424.2578125,3827097600
2025-10-06 20:00:00,125420.203125,125532.2109375,124688.8984375,125047.0703125,3444940800
2025-10-06 22:00:00,125187.28125,125273.28125,124712.2734375,124781.1953125,206987264
2025-10-07 00:00:00,124726.34375,125097.65625,124538.796875,124705.328125,0
2025-10-07 02:00:00,124722.8125,124722.8125,124209.2265625,124361.3046875,1364807680
2025-10-07 04:00:00,124363.9453125,124633.703125,124156.0078125,124404.9140625,493821952
2025-10-07 06:00:00,124471.2421875,124487.1796875,123670.8515625,123712.234375,859160576
2025-10-07 08:00:00,123715.4296875,124263.5234375,123492.21875,124229.578125,277749760
2025-10-07 10:00:00,124192.890625,124565.140625,124096.3515625,124520.2890625,0
2025-10-07 12:00:00,124540.578125,125170.734375,123605.3359375,123985.734375,922464256
2025-10-07 14:00:00,123977.5,123977.5,121428.3515625,121813.796875,6842400768
2025-10-07 16:00:00,121853.296875,122069.546875,121200.8203125,121272.375,4797267968
2025-10-07 18:00:00,121214.8671875,122009.2890625,120716.625,121771.6875,724942848
2025-10-07 20:00:00,121742.6640625,122326.6328125,121742.6640625,121968.8125,246145024
2025-10-07 22:00:00,122056.40625,122163.25,121461.640625,121461.640625,0
2025-10-08 00:00:00,121408.8828125,122113.515625,121408.8828125,122015.59375,3573153792
2025-10-08 02:00:00,122025.640625,122262.6796875,121360.0390625,121418.9140625,0
2025-10-08 04:00:00,121411.4453125,121934.15625,121236.359375,121324.9296875,1599135744
2025-10-08 06:00:00,121429.9296875,121871.3125,121130.4453125,121543.6484375,1436270592
2025-10-08 08:00:00,121623.265625,122833.2734375,121602.6484375,122514.234375,1101258752
2025-10-08 10:00:00,122519.8984375,123216.53125,122519.8984375,122921.1796875,1669455872
2025-10-08 12:00:00,122921.0546875,123084.9609375,121875.8046875,122510.328125,0
2025-10-08 14:00:00,122655.7265625,123247.5625,122015.6015625,122207.5234375,0
2025-10-08 16:00:00,122209.78125,124144.6328125,122195.359375,124141.4921875,423829504
2025-10-08 18:00:00,124093.4140625,124093.4140625,123235.5703125,123520.203125,506077184
2025-10-08 20:00:00,123500.1640625,123683.6953125,122903.1953125,123237.0,663265280
2025-10-08 22:00:00,123272.21875,123565.71875,123104.9296875,123358.421875,0
2025-10-09 00:00:00,123379.09375,123379.09375,122418.8828125,122576.875,901435392
2025-10-09 02:00:00,122564.6953125,122564.6953125,121600.2578125,122064.671875,0
2025-10-09 04:00:00,122070.1015625,122273.9453125,121920.703125,122134.6328125,0
2025-10-09 06:00:00,122142.1875,122198.3984375,121833.1171875,121932.7265625,0
2025-10-09 08:00:00,121949.5859375,121967.671875,121191.40625,121847.609375,966561792
2025-10-09 10:00:00,121811.203125,122863.3203125,121713.640625,122818.3671875,396902400
2025-10-09 12:00:00,122780.203125,123725.40625,122435.5859375,122504.71875,2554863616
2025-10-09 14:00:00,122435.25,122554.0546875,120835.2109375,121213.40625,6586781696
2025-10-09 16:00:00,121196.8515625,121456.703125,119892.359375,120843.796875,4031803392
2025-10-09 18:00:00,121003.2421875,121168.0546875,120495.4453125,121013.578125,1162633216
2025-10-09 20:00:00,120998.796875,121559.796875,120928.1484375,121522.9375,1223712768
2025-10-09 22:00:00,121520.9765625,121806.3203125,121447.8515625,121709.9140625,1552769024
2025-10-10 00:00:00,121727.234375,121933.6328125,121610.4453125,121728.6328125,0
2025-10-10 02:00:00,121699.3671875,121699.3671875,121037.40625,121161.203125,2292744192
2025-10-10 04:00:00,121151.4921875,121623.5390625,121095.828125,121614.3671875,616955904
2025-10-10 06:00:00,121629.8203125,121770.28125,121035.796875,121035.796875,3309559808
2025-10-10 08:00:00,120972.0234375,121798.28125,120972.0234375,121385.0546875,847249408
2025-10-10 10:00:00,121362.265625,121686.375,121305.78125,121623.3125,0
2025-10-10 12:00:00,121604.1875,122498.6015625,121481.375,121673.265625,1834770432
2025-10-10 14:00:00,121720.0078125,122067.125,118579.5390625,119072.296875,7388680192
2025-10-10 16:00:00,119040.3046875,119418.9765625,117658.609375,117743.9609375,2672640000
2025-10-10 18:00:00,117577.984375,117831.4609375,116060.9296875,116787.390625,7385464832
2025-10-10 20:00:00,116673.0,117144.265625,105270.140625,113937.875,40710152192
2025-10-10 22:00:00,113989.4453125,114864.328125,112592.046875,113074.953125,28649635840
2025-10-11 00:00:00,112980.5859375,113288.5625,111226.546875,111326.3359375,12330156032
2025-10-11 02:00:00,111256.3671875,113411.9609375,111256.3671875,112425.484375,9895378944
2025-10-11 04:00:00,112348.4609375,113060.890625,111881.828125,112579.921875,5888655360
2025-10-11 06:00:00,112525.265625,112848.78125,110320.6953125,110320.6953125,7244742656
2025-10-11 08:00:00,110451.0078125,111939.734375,110320.0859375,111758.0625,7567769600
2025-10-11 10:00:00,111790.8359375,112437.953125,111790.8359375,112351.6875,3313401856
2025-10-11 12:00:00,112306.0703125,112617.640625,112049.0078125,112359.0,4185358336
2025-10-11 14:00:00,112409.46875,112471.2109375,111975.2890625,111975.2890625,0
2025-10-11 16:00:00,111941.9765625,112285.1484375,111607.5,112111.984375,0
2025-10-11 18:00:00,112112.09375,112137.9453125,111060.015625,111225.9375,0
2025-10-11 20:00:00,111429.796875,111429.796875,109817.7734375,111056.0,0
2025-10-11 22:00:00,111045.375,111371.9609375,110847.1953125,110855.59375,0
2025-10-12 00:00:00,110718.3671875,110718.3671875,109741.984375,109983.421875,0
2025-10-12 02:00:00,110054.890625,111341.34375,109730.1953125,110776.8984375,0
2025-10-12 04:00:00,110781.1015625,111987.15625,110774.890625,111831.3046875,0
2025-10-12 06:00:00,111816.5390625,112014.2109375,111613.5390625,111632.46875,0
2025-10-12 08:00:00,111657.7265625,111906.671875,111289.7421875,111906.671875,0
2025-10-12 10:00:00,111904.75,112069.140625,111543.5625,111870.453125,0
2025-10-12 12:00:00,111882.265625,112211.7578125,111396.3671875,111396.3671875,1090932736
2025-10-12 14:00:00,111331.3671875,113726.7109375,111256.140625,113342.6484375,10407583744
2025-10-12 16:00:00,113273.0703125,114722.65625,113273.0703125,113885.8671875,9085067264
2025-10-12 18:00:00,113892.7109375,114469.5546875,113689.171875,114407.2109375,1399775232
2025-10-12 20:00:00,114417.3203125,115578.5234375,114417.3203125,114971.5546875,1293025280
2025-10-12 22:00:00,115646.9140625,115714.765625,114878.5,115173.9453125,4121190400
2025-10-13 00:00:00,115091.0390625,115899.328125,115013.0078125,115827.6796875,818102272
2025-10-13 02:00:00,115809.7421875,115830.5703125,114815.6875,114913.0625,0
2025-10-13 04:00:00,115022.8125,115067.359375,114571.9453125,114680.359375,1147207680
2025-10-13 06:00:00,114707.640625,115600.234375,114552.625,115423.5,1755504640
2025-10-13 08:00:00,115449.609375,115484.5390625,114899.484375,115220.484375,18415616
2025-10-13 10:00:00,115199.8203125,115203.7265625,114033.171875,114382.3203125,2451046400
2025-10-13 12:00:00,114310.40625,115538.640625,114075.6875,115323.5859375,612876288
2025-10-13 14:00:00,115474.2734375,115474.2734375,113987.109375,114502.875,1284046848
2025-10-13 16:00:00,114424.1640625,115118.015625,114358.5546875,114723.515625,0
2025-10-13 18:00:00,115032.96875,115986.171875,114854.578125,115891.1484375,200949760
2025-10-13 20:00:00,115924.75,115960.4140625,115554.1171875,115794.71875,0
2025-10-13 22:00:00,115806.6484375,115931.2578125,115133.953125,115251.4453125,0
2025-10-14 00:00:00,115261.4453125,115466.7734375,114242.4375,114383.4296875,0
2025-10-14 02:00:00,114360.046875,114372.34375,113413.3671875,113584.578125,3134038016
2025-10-14 04:00:00,113622.3671875,113688.5078125,112516.3984375,112516.3984375,22880256
2025-10-14 06:00:00,112551.59375,112765.2734375,111616.8203125,111616.8203125,4707483648
2025-10-14 08:00:00,111796.984375,112216.0859375,111207.609375,111366.0859375,2721259520
2025-10-14 10:00:00,111374.0859375,111670.359375,110187.1484375,111449.859375,4637810688
2025-10-14 12:00:00,111430.3046875,111430.3046875,110034.8671875,110940.8671875,827686912
2025-10-14 14:00:00,111115.9921875,112800.46875,111115.9921875,112735.875,2297700352
2025-10-14 16:00:00,112944.9140625,113178.6953125,111937.3125,112859.0078125,6601056256
2025-10-14 18:00:00,112853.375,113515.8671875,112170.1484375,112671.1171875,2822389760
2025-10-14 20:00:00,112735.984375,113172.546875,112367.9140625,113172.546875,489717760
2025-10-14 22:00:00,113258.609375,113579.2890625,112943.5859375,113112.265625,1452466176
2025-10-15 00:00:00,113084.546875,113128.6953125,112437.3671875,112780.7890625,149012480
2025-10-15 02:00:00,112785.1796875,113559.046875,111919.59375,112074.15625,772628480
2025-10-15 04:00:00,112084.0703125,112692.6484375,111891.453125,112474.53125,419807232
2025-10-15 06:00:00,112488.796875,112740.828125,111979.2890625,112611.09375,0
2025-10-15 08:00:00,112617.3046875,113538.0859375,112507.5,112552.3359375,1532633088
2025-10-15 10:00:00,112606.0859375,112717.0390625,111992.0859375,111992.0859375,0
2025-10-15 12:00:00,111959.9453125,112175.3203125,110930.3359375,111505.1640625,0
2025-10-15 14:00:00,111505.421875,112285.265625,110581.0546875,110767.4765625,1161035776
2025-10-15 16:00:00,110846.453125,111129.046875,110322.578125,111129.046875,0
2025-10-15 18:00:00,111201.7890625,111579.328125,110933.671875,111323.5,0
2025-10-15 20:00:00,111416.5859375,111581.8125,110637.09375,110848.7265625,1439940608
2025-10-15 22:00:00,110918.046875,111402.1015625,110655.4921875,110777.1171875,0
2025-10-16 00:00:00,110797.3046875,111299.6953125,110431.5078125,111299.6953125,297394176
2025-10-16 02:00:00,111404.0625,111869.2265625,111110.1015625,111498.2890625,168927232
2025-10-16 04:00:00,111466.8515625,111686.7578125,110820.6015625,110976.796875,934944768
2025-10-16 06:00:00,111004.8359375,111748.5703125,110624.953125,110624.953125,1891753984
2025-10-16 08:00:00,110658.0859375,111601.421875,109752.9921875,111266.2265625,3094724608
2025-10-16 10:00:00,111195.3828125,111700.3984375,111083.8515625,111442.0859375,1661419520
2025-10-16 12:00:00,111453.734375,111955.5625,110916.8515625,110916.8515625,0
2025-10-16 14:00:00,110934.3359375,111424.1953125,108573.7421875,108573.7421875,3675586560
2025-10-16 16:00:00,108400.109375,109192.921875,107870.609375,108371.15625,7914840064
2025-10-16 18:00:00,108333.0,108719.4765625,107800.3984375,108320.6640625,5409202176
2025-10-16 20:00:00,108226.6484375,108462.453125,107554.3515625,108437.5390625,169926656
2025-10-16 22:00:00,108307.46875,108402.265625,107827.1796875,108148.265625,1545166848
2025-10-17 00:00:00,108110.6875,109108.3984375,108016.4140625,108800.3828125,761987072
2025-10-17 02:00:00,108793.015625,109190.796875,108430.0859375,109190.796875,0
2025-10-17 04:00:00,109162.640625,109204.953125,108362.2734375,108439.6796875,0
2025-10-17 06:00:00,108447.1015625,108482.5390625,105566.015625,105566.015625,9058770944
2025-10-17 08:00:00,105586.390625,105606.0078125,104749.2890625,104749.2890625,7399383040
2025-10-17 10:00:00,104606.5078125,106356.6875,103598.4296875,105670.03125,9658605568
2025-10-17 12:00:00,105673.28125,106078.640625,104993.9921875,105868.1171875,3174064128
2025-10-17 14:00:00,105744.8671875,106720.640625,104678.1875,106720.640625,9904128
2025-10-17 16:00:00,106816.984375,107397.3359375,106113.7265625,106424.046875,0
2025-10-17 18:00:00,106464.6328125,107062.1171875,106332.25,106490.15625,0
2025-10-17 20:00:00,106490.46875,107449.5546875,106410.296875,107422.1171875,2282635264
2025-10-17 22:00:00,107372.5625,107437.015625,106447.984375,106447.984375,0
2025-10-18 00:00:00,106474.34375,107282.09375,106408.53125,107165.0546875,0
2025-10-18 02:00:00,107195.0703125,107317.7109375,106572.5,107104.234375,2848522240
2025-10-18 04:00:00,106985.1328125,106985.1328125,106489.4140625,106859.3046875,327884800
2025-10-18 06:00:00,106864.5390625,107480.40625,106789.03125,106838.46875,0
2025-10-18 08:00:00,106729.1328125,106990.3203125,106710.6953125,106957.3359375,0
2025-10-18 10:00:00,106957.046875,107172.78125,106815.1953125,107014.1640625,0
2025-10-18 12:00:00,107252.15625,107340.984375,106879.234375,106933.453125,0
2025-10-18 14:00:00,106938.828125,107179.078125,106827.03125,106986.8203125,0
2025-10-18 16:00:00,106987.2265625,107068.1484375,106569.609375,106879.75,0
2025-10-18 18:00:00,106910.3125,107101.359375,106777.3671875,107077.109375,0
2025-10-18 20:00:00,107102.859375,107295.9375,106919.8203125,107208.6015625,0
2025-10-18 22:00:00,107227.1328125,107298.28125,107058.2890625,107171.265625,2621440
2025-10-19 00:00:00,107198.890625,107256.140625,106789.046875,106972.3125,0
2025-10-19 02:00:00,106978.3671875,107332.8828125,106838.21875,107303.8828125,0
2025-10-19 04:00:00,107285.515625,107285.515625,106846.7578125,106877.984375,1127974912
2025-10-19 06:00:00,106915.78125,106948.7421875,106624.8125,106802.0234375,1859547136
2025-10-19 08:00:00,106808.8203125,107751.6484375,106175.34375,107592.75,3560949760
2025-10-19 10:00:00,107610.671875,108186.9296875,107361.7890625,107820.734375,3754604544
2025-10-19 12:00:00,107815.2109375,108172.75,107441.4375,108128.6953125,2117513216
2025-10-19 14:00:00,108111.1796875,108603.8984375,107957.03125,108495.3125,3415756800
2025-10-19 16:00:00,108542.15625,109414.875,108336.5,109133.390625,1604333568
2025-10-19 18:00:00,109173.125,109465.265625,108880.5703125,108965.1953125,2271408128
2025-10-19 20:00:00,108961.015625,109010.546875,108673.078125,108805.9765625,935538688
2025-10-19 22:00:00,108791.640625,109379.8359375,108529.453125,108663.375,1328709632
2025-10-20 00:00:00,108671.8125,108671.8125,107574.75,108120.875,3850215424
2025-10-20 02:00:00,108049.21875,110430.0625,107936.984375,110211.2109375,2528583680
2025-10-20 04:00:00,110288.9921875,111134.0,110031.96875,111010.6796875,3813015552
2025-10-20 06:00:00,111047.0546875,111402.65625,111047.0546875,111211.859375,5004873728
2025-10-20 08:00:00,111209.65625,111596.296875,110746.0703125,111013.484375,10694656
2025-10-20 10:00:00,110989.7578125,111109.109375,110696.2109375,111014.3671875,0
2025-10-20 12:00:00,111027.7578125,111206.4609375,110627.2109375,111196.8671875,767758336
2025-10-20 14:00:00,111194.296875,111711.03125,110781.90625,111300.4921875,0
2025-10-20 16:00:00,111298.328125,111323.765625,109972.09375,110303.84375,8492281856
2025-10-20 18:00:00,110311.2578125,111042.390625,110269.7109375,110878.4609375,2248736768
2025-10-20 20:00:00,110856.1875,111248.390625,110525.765625,110566.5234375,83869696
2025-10-20 22:00:00,110583.765625,110900.4453125,110477.1640625,110605.1875,642351104
2025-10-21 00:00:00,110587.6328125,110587.6328125,109694.2734375,109839.125,0
2025-10-21 02:00:00,109899.5859375,109905.890625,109181.9453125,109181.9453125,1308925952
2025-10-21 04:00:00,109155.5,109155.5,107545.8515625,107571.828125,1943232512
2025-10-21 06:00:00,107578.0703125,108186.375,107564.0703125,108122.0234375,1469198336
2025-10-21 08:00:00,108131.34375,108131.34375,107534.75,107769.9609375,0
2025-10-21 10:00:00,107790.234375,108738.203125,107626.84375,108604.484375,862990336
2025-10-21 12:00:00,108615.484375,109450.421875,108292.515625,108404.0703125,3203055616
2025-10-21 14:00:00,108458.265625,113536.0234375,108458.265625,113351.0390625,12774105088
2025-10-21 16:00:00,113440.3828125,113938.7890625,111910.8828125,112099.3125,9295618048
2025-10-21 18:00:00,112063.5078125,112283.7734375,111592.6796875,111920.5234375,4938784768
2025-10-21 20:00:00,111831.59375,111831.59375,110257.671875,110947.3515625,4583866368
2025-10-21 22:00:00,110916.078125,110916.078125,108283.7578125,108400.8828125,6471884800
2025-10-22 00:00:00,108380.0078125,108612.0,107990.3359375,108429.015625,4350664704
2025-10-22 02:00:00,108424.5859375,108650.078125,107950.9765625,108249.3671875,1362485248
2025-10-22 04:00:00,108272.5546875,108673.1171875,107948.109375,108213.625,0
2025-10-22 06:00:00,108225.796875,108383.28125,107701.4140625,108344.0,989192192
2025-10-22 08:00:00,108383.4765625,108395.0078125,107867.6015625,108006.6171875,0
2025-10-22 10:00:00,108020.21875,108180.2265625,106965.2265625,107582.3359375,3664289792
2025-10-22 12:00:00,107596.7578125,108915.3203125,107561.6484375,108915.3203125,95485952
2025-10-22 14:00:00,108753.3046875,109070.765625,107705.8046875,108365.640625,1860509696
2025-10-22 16:00:00,108403.4609375,108731.6328125,107630.890625,107781.3125,0
2025-10-22 18:00:00,107770.359375,108374.390625,107530.6953125,107788.953125,0
2025-10-22 20:00:00,107837.4140625,108003.6796875,106793.546875,107200.1015625,1144242176
2025-10-22 22:00:00,107178.5078125,107885.4609375,106988.8359375,107719.2890625,0
2025-10-23 00:00:00,107609.4375,108468.859375,107563.6640625,108196.21875,0
2025-10-23 02:00:00,108181.25,108727.1953125,108118.859375,108404.8828125,153485312
2025-10-23 04:00:00,108407.25,108999.0859375,108401.6875,108999.0859375,0
2025-10-23 06:00:00,108987.703125,110241.65625,108914.8203125,109303.3203125,1859813376
2025-10-23 08:00:00,109303.4765625,109848.3046875,109187.59375,109459.484375,457146368
2025-10-23 10:00:00,109445.8125,109694.34375,109192.984375,109244.2265625,709017600
2025-10-23 12:00:00,109274.3203125,109585.0390625,108804.1796875,109432.5390625,655581184
2025-10-23 14:00:00,109512.359375,110099.7890625,108904.296875,109981.8828125,0
2025-10-23 16:00:00,109975.2421875,111244.796875,109724.3984375,111233.1875,0
2025-10-23 18:00:00,111254.34375,111282.578125,110193.8515625,110331.484375,1492520960
2025-10-23 20:00:00,110272.0546875,110272.0546875,109490.9609375,109584.6328125,0
2025-10-23 22:00:00,109588.0,110155.1875,109588.0,110071.640625,0
2025-10-24 00:00:00,110115.0625,110694.5859375,110034.703125,110628.7578125,119934976
2025-10-24 02:00:00,110597.9453125,110779.78125,110358.328125,110477.9296875,0
2025-10-24 04:00:00,110489.25,111382.0859375,110406.65625,111293.5859375,784236544
2025-10-24 06:00:00,111277.9453125,111496.4921875,110839.984375,111111.8203125,0
2025-10-24 08:00:00,111097.8515625,111477.671875,110770.6796875,111325.984375,973201408
2025-10-24 10:00:00,111337.765625,111342.21875,110664.8984375,111063.3984375,0
2025-10-24 12:00:00,111150.4453125,111842.53125,110467.8671875,110897.4765625,1992482816
2025-10-24 14:00:00,110953.1171875,110953.1171875,109832.2109375,110044.8046875,1937137664
2025-10-24 16:00:00,110065.1015625,110588.8671875,109866.6953125,110281.2734375,0
2025-10-24 18:00:00,110288.1796875,110941.1796875,110195.2890625,110626.46875,525914112
2025-10-24 20:00:00,110648.4375,111121.0234375,110541.46875,111121.0234375,373522432
2025-10-24 22:00:00,111113.4609375,111163.3125,110926.578125,111001.2421875,74981376
2025-10-25 00:00:00,111042.21875,111227.4296875,110704.40625,111050.875,0
2025-10-25 02:00:00,111107.0,111151.046875,110987.640625,111074.65625,276320256
2025-10-25 04:00:00,111056.578125,111453.0234375,111056.578125,111360.046875,0
2025-10-25 06:00:00,111490.4609375,111735.1875,111307.28125,111519.5625,0
2025-10-25 08:00:00,111525.0859375,111840.796875,111503.421875,111543.375,0
2025-10-25 10:00:00,111540.1328125,111737.9921875,111445.4140625,111606.1484375,0
2025-10-25 12:00:00,111598.2890625,111934.421875,111573.0,111678.609375,0
2025-10-25 14:00:00,111691.109375,111761.125,111380.9765625,111404.171875,0
2025-10-25 16:00:00,111412.9921875,111466.8046875,111228.3125,111370.890625,5053507584
2025-10-25 18:00:00,111372.7109375,111734.609375,111354.390625,111622.515625,118685696
2025-10-25 20:00:00,111628.8515625,111661.4609375,111367.8671875,111447.46875,0
2025-10-25 22:00:00,111471.3359375,111691.6953125,111435.96875,111654.6953125,681207808
2025-10-26 00:00:00,111650.640625,111869.8515625,111577.3359375,111635.015625,324890624
2025-10-26 02:00:00,111648.953125,111689.203125,111284.1953125,111288.1171875,220712960
2025-10-26 04:00:00,111286.78125,111635.4609375,111268.546875,111629.78125,0
2025-10-26 06:00:00,111621.03125,111726.8828125,111557.0234375,111718.9140625,0
2025-10-26 08:00:00,111734.4140625,112698.4375,111734.4140625,112464.703125,1673121792
2025-10-26 10:00:00,112494.671875,113329.3828125,112252.7890625,113275.234375,2131869696
2025-10-26 12:00:00,113292.453125,113895.5703125,113292.453125,113723.4375,4124286976
2025-10-26 14:00:00,113709.9921875,113856.453125,113453.0078125,113693.71875,1740007424
2025-10-26 16:00:00,113695.7890625,113711.4765625,113315.171875,113460.6171875,1757779968
2025-10-26 18:00:00,113455.15625,113748.1328125,113452.5703125,113562.71875,352434176
2025-10-26 20:00:00,113583.4375,113583.4375,113034.421875,113439.9296875,921923584
2025-10-26 22:00:00,113450.8515625,115017.4765625,113450.8515625,114455.125,6233702400
2025-10-27 00:00:00,114557.6640625,115339.0546875,114431.703125,115296.9296875,2097311744
2025-10-27 02:00:00,115285.6875,115432.1953125,114828.8046875,114961.671875,2379767808
2025-10-27 04:00:00,114976.34375,115601.234375,114969.3515625,115572.5703125,2150051840
2025-10-27 06:00:00,115558.015625,116078.65625,115405.1171875,115579.359375,7780614144
2025-10-27 08:00:00,115562.3515625,115563.3984375,114835.796875,115263.0703125,2412826624
2025-10-27 10:00:00,115255.3359375,115506.6796875,115157.9765625,115418.453125,1312452608
2025-10-27 12:00:00,115365.765625,115365.765625,114631.390625,115250.796875,0
2025-10-27 14:00:00,115245.4765625,115271.859375,114604.078125,114995.8984375,3857801216
2025-10-27 16:00:00,114951.2265625,115664.40625,114932.625,115664.40625,1438711808
2025-10-27 18:00:00,115707.828125,115759.40625,114798.515625,114914.3359375,999768064
2025-10-27 20:00:00,114897.9609375,114897.9609375,114167.2578125,114447.4921875,2432712704
2025-10-27 22:00:00,114389.015625,114580.078125,113899.0,114123.109375,716967936
2025-10-28 00:00:00,114117.03125,114499.421875,113859.3828125,114451.5078125,23896064
2025-10-28 02:00:00,114432.0703125,114463.0390625,113712.25,113933.46875,0
2025-10-28 04:00:00,113909.2890625,114045.953125,113588.09375,113621.7578125,836431872
2025-10-28 06:00:00,113619.484375,114296.1640625,113619.484375,114215.25,0
2025-10-28 08:00:00,114200.59375,114568.3671875,114134.3046875,114516.875,0
2025-10-28 10:00:00,114512.90625,114615.4921875,114311.96875,114347.1484375,466837504
2025-10-28 12:00:00,114347.9140625,115442.03125,114139.484375,115442.03125,1574985728
2025-10-28 14:00:00,115483.7890625,116049.546875,114350.3203125,114707.984375,3136839680
2025-10-28 16:00:00,114636.796875,115559.265625,114546.09375,115325.6796875,3142479872
2025-10-28 18:00:00,115315.9453125,115333.203125,113601.609375,113635.1953125,1223270400
2025-10-28 20:00:00,113662.3828125,113662.3828125,112291.6796875,113085.8359375,5208973312
2025-10-28 22:00:00,113061.234375,113290.3359375,112838.859375,112963.1875,3139100672
2025-10-29 00:00:00,112849.84375,112907.9375,112127.2890625,112573.2578125,1784881152
2025-10-29 02:00:00,112546.2734375,112760.1015625,112418.0859375,112539.2265625,321150976
2025-10-29 04:00:00,112543.6796875,113337.6640625,112543.6796875,113103.8046875,0
2025-10-29 06:00:00,113071.546875,113547.703125,113001.171875,113547.703125,478453760
2025-10-29 08:00:00,113565.203125,113626.5390625,112835.1796875,113024.09375,567574528
2025-10-29 10:00:00,113001.1875,113263.7578125,112819.484375,113180.046875,2097602560
2025-10-29 12:00:00,113164.171875,113612.2578125,112816.40625,112935.28125,0
2025-10-29 14:00:00,112927.2734375,112927.2734375,111492.3828125,111546.140625,168816640
2025-10-29 16:00:00,111540.6171875,111877.109375,111034.890625,111786.96875,1115439104
2025-10-29 18:00:00,111817.8125,111974.9140625,109653.421875,110716.0859375,5998616576
2025-10-29 20:00:00,110716.0859375,111806.6015625,110471.734375,111599.0546875,0
2025-10-29 22:00:00,111643.109375,111643.109375,109900.125,110091.921875,0
2025-10-30 00:00:00,110066.0,110710.0078125,109768.8046875,110631.609375,0
2025-10-30 02:00:00,110420.84375,110986.09375,110420.84375,110646.21875,591691776
2025-10-30 04:00:00,110726.90625,110726.90625,108085.6953125,110406.9609375,7435382784
2025-10-30 06:00:00,110297.765625,111585.46875,110048.625,111356.84375,2940571648
2025-10-30 08:00:00,111341.515625,111342.8671875,110179.7421875,110231.8828125,887463936
2025-10-30 10:00:00,110137.265625,110208.796875,109784.4609375,109796.4765625,1753161728
2025-10-30 12:00:00,109776.0234375,109776.0234375,107458.8515625,107788.15625,5778669568
2025-10-30 14:00:00,107784.0859375,108323.9296875,107389.28125,107748.8828125,0
2025-10-30 16:00:00,107714.4609375,108210.4375,106869.2421875,107450.15625,1505607680
2025-10-30 18:00:00,107474.875,107507.9609375,106452.8984375,106452.8984375,0
2025-10-30 20:00:00,106510.9609375,107904.46875,106398.71875,107900.6015625,2201952256
2025-10-30 22:00:00,107912.5390625,108300.6015625,107483.9609375,108300.6015625,0
2025-10-31 00:00:00,108288.2734375,109985.84375,108288.2734375,109559.5859375,1696423936
2025-10-31 02:00:00,109594.359375,109641.1953125,108667.0625,109224.1875,1993056256
2025-10-31 04:00:00,109211.8515625,110142.8515625,109141.5625,109878.9140625,0
2025-10-31 06:00:00,109873.1875,109923.515625,109280.4765625,109461.15625,0
2025-10-31 08:00:00,109421.9921875,110342.0859375,109186.0390625,109821.1796875,2416336896
2025-10-31 10:00:00,109805.96875,110351.1171875,109465.921875,110351.1171875,0
2025-10-31 12:00:00,110299.34375,110504.2578125,109489.2578125,110095.3515625,0
2025-10-31 14:00:00,110089.203125,111004.484375,109625.1796875,110160.484375,3826196480
2025-10-31 16:00:00,110169.2421875,110202.078125,108605.5546875,109226.5078125,530038784
2025-10-31 18:00:00,109238.171875,110147.203125,108958.9296875,109818.265625,2254761984
2025-10-31 20:00:00,109806.0859375,109806.0859375,109279.1875,109532.765625,0
2025-10-31 22:00:00,109501.3046875,109750.09375,109487.515625,109561.828125,0
2025-11-01 00:00:00,109559.015625,109976.359375,109373.3203125,109722.546875,0
2025-11-01 02:00:00,109690.03125,110207.2265625,109434.53125,110170.6484375,0
2025-11-01 04:00:00,110167.9453125,110390.5390625,110019.1875,110056.4140625,0
2025-11-01 06:00:00,110078.953125,110177.9453125,109905.6796875,110013.703125,0
2025-11-01 08:00:00,110004.578125,110184.9453125,109929.46875,109939.71875,0
2025-11-01 10:00:00,109974.984375,110164.15625,109812.46875,110065.5,0
2025-11-01 12:00:00,110089.96875,110128.328125,109709.9296875,109898.7890625,0
2025-11-01 14:00:00,109922.5859375,110328.2109375,109702.1953125,110190.203125,0
2025-11-01 16:00:00,110297.8046875,110548.96875,110233.71875,110280.65625,0
2025-11-01 18:00:00,110294.8203125,110444.0703125,110291.1328125,110383.53125,0
2025-11-01 20:00:00,110366.375,110551.515625,109895.546875,109895.546875,0
2025-11-01 22:00:00,109902.0546875,110093.375,109864.7421875,110093.375,733171712
2025-11-02 00:00:00,110033.5546875,110063.5,109880.5390625,109935.140625,0
2025-11-02 02:00:00,109908.6484375,110141.8203125,109871.640625,109994.1796875,23160832
2025-11-02 04:00:00,109999.671875,110666.9921875,109988.9921875,110493.890625,2715682816
2025-11-02 06:00:00,110476.84375,110980.5546875,110299.125,110886.0078125,971266048
2025-11-02 08:00:00,110925.125,111000.359375,110502.34375,110665.265625,1356912640
2025-11-02 10:00:00,110663.7578125,111123.921875,110361.7109375,111113.234375,1720784896
2025-11-02 12:00:00,111133.6640625,111152.6953125,110258.9375,110529.6328125,1855105024
2025-11-02 14:00:00,110494.6171875,110625.1484375,110125.2421875,110125.2421875,400084992
2025-11-02 16:00:00,109958.9609375,110252.1484375,109747.109375,110153.3203125,1097046016
2025-11-02 18:00:00,110173.4140625,110315.734375,109970.0078125,110172.5859375,0
2025-11-02 20:00:00,110173.359375,110173.359375,109898.265625,110011.9609375,2047543296
2025-11-02 22:00:00,110002.09375,110678.5546875,109559.1015625,110678.5546875,1322147840
2025-11-03 00:00:00,110528.0390625,110713.7109375,109405.5703125,109632.1640625,3001751552
2025-11-03 02:00:00,109679.25,109734.0078125,107971.4453125,108007.796875,2987999232
2025-11-03 04:00:00,107975.9609375,107997.7890625,107432.2109375,107577.953125,2562187264
2025-11-03 06:00:00,107592.0078125,107744.1953125,107065.546875,107652.0625,1716879360
2025-11-03 08:00:00,107493.0,107844.625,107049.109375,107120.5859375,1894240256
2025-11-03 10:00:00,107218.859375,107876.28125,106909.953125,107782.328125,1099739136
2025-11-03 12:00:00,107779.640625,108219.8125,107601.9140625,107873.296875,1379684352
2025-11-03 14:00:00,107892.859375,108271.5703125,105654.4765625,105821.1953125,7914930176
2025-11-03 16:00:00,105724.4609375,107618.6640625,105369.6328125,107464.046875,8635576320
2025-11-03 18:00:00,107372.640625,107519.5859375,106598.6640625,107110.515625,4600664064
2025-11-03 20:00:00,107027.671875,107121.203125,106286.078125,106819.1875,4099141632
2025-11-03 22:00:00,106849.65625,106849.65625,105910.6796875,106592.1328125,1273700352
2025-11-04 00:00:00,106557.8046875,107188.703125,105893.09375,107041.5625,1371676672
2025-11-04 02:00:00,106890.2421875,107169.4765625,106236.953125,107136.75,0
2025-11-04 04:00:00,107118.2578125,107231.1796875,104219.1484375,104219.1484375,3229696000
2025-11-04 06:00:00,104225.2109375,105135.8046875,104225.2109375,104495.375,4740636672
2025-11-04 08:00:00,104444.53125,104501.8984375,103661.484375,103899.796875,2890874880
2025-11-04 10:00:00,103727.4453125,104574.4375,103608.5,104541.5859375,894640128
2025-11-04 12:00:00,104513.828125,104580.109375,103579.4609375,103901.125,2691284992
2025-11-04 14:00:00,103866.7265625,104711.625,102943.9921875,103363.5625,2361262080
2025-11-04 16:00:00,103218.9296875,103445.09375,100906.5703125,101085.3125,4124073984
2025-11-04 18:00:00,101118.8984375,101493.3515625,100022.8203125,100452.5,4364091392
2025-11-04 20:00:00,100458.046875,100950.46875,99065.5546875,100164.46875,14301028352
2025-11-04 22:00:00,100252.7109375,101678.9140625,100252.7109375,101627.46875,5780643840
2025-11-05 00:00:00,101517.0859375,101711.4140625,99008.890625,100911.65625,2188460032
2025-11-05 02:00:00,100820.4140625,102224.7734375,100820.4140625,102118.2734375,7256145920
2025-11-05 04:00:00,102094.71875,102264.515625,101562.828125,101781.5234375,3912007680
2025-11-05 06:00:00,101795.875,102110.515625,101556.5546875,102066.140625,0
2025-11-05 08:00:00,102026.765625,102110.9140625,101204.78125,101974.6796875,0
2025-11-05 10:00:00,101964.3671875,102072.7421875,101341.9453125,101998.875,191365120
2025-11-05 12:00:00,102076.40625,103176.7578125,101956.9140625,102965.234375,0
2025-11-05 14:00:00,102972.984375,103728.90625,102313.234375,103686.015625,264273920
2025-11-05 16:00:00,103708.40625,103984.5859375,103135.40625,103827.5,0
2025-11-05 18:00:00,103805.078125,104436.1328125,103781.265625,104103.484375,0
2025-11-05 20:00:00,104084.8203125,104501.3515625,103576.890625,103672.265625,0
2025-11-05 22:00:00,103674.8671875,104061.25,103324.578125,103917.0703125,0
2025-11-06 00:00:00,103896.96875,103896.96875,102842.328125,103418.59375,0
2025-11-06 02:00:00,103372.0078125,103900.0703125,102867.140625,103681.921875,0
2025-11-06 04:00:00,103622.421875,104147.3046875,103115.7734375,103115.7734375,0
2025-11-06 06:00:00,103122.2734375,103569.578125,102948.1015625,103235.3984375,325808128
2025-11-06 08:00:00,103189.03125,103384.8203125,102884.515625,102905.7734375,0
2025-11-06 10:00:00,102844.6875,103265.203125,102687.1875,103199.3515625,1716977664
2025-11-06 12:00:00,103199.8984375,103516.9375,102409.2421875,103256.4609375,0
2025-11-06 14:00:00,103291.5390625,103436.84375,101737.375,101944.7265625,1805344768
2025-11-06 16:00:00,101975.71875,102233.875,100342.953125,101682.4296875,1863876608
2025-11-06 18:00:00,101752.3515625,102233.90625,100943.703125,101487.046875,101781504
2025-11-06 20:00:00,101365.96875,101526.890625,100562.203125,101066.046875,307892224
2025-11-06 22:00:00,101067.796875,101475.5078125,100983.9765625,101318.703125,3978555392
2025-11-07 00:00:00,101298.1328125,101834.5546875,100749.15625,101432.9921875,0
2025-11-07 02:00:00,101497.1875,102314.984375,101242.7734375,101893.6640625,3442405376
2025-11-07 04:00:00,101869.5234375,102431.7421875,101537.8046875,102368.59375,4137865216
2025-11-07 06:00:00,102385.6796875,102429.765625,101602.015625,101970.90625,1645387776
2025-11-07 08:00:00,101967.6640625,101967.6640625,100797.2265625,100892.0546875,1407434752
2025-11-07 10:00:00,100963.8359375,101171.5,99842.5078125,100313.25,4406534144
2025-11-07 12:00:00,100349.6015625,100524.8828125,99309.9609375,100249.6875,5268602880
2025-11-07 14:00:00,100266.640625,101149.421875,99618.1953125,100866.7578125,4326662144
2025-11-07 16:00:00,100764.2109375,102594.7578125,100492.5859375,102289.4296875,908263424
2025-11-07 18:00:00,102316.8828125,103244.1796875,102266.53125,103244.1796875,5361942528
2025-11-07 20:00:00,103339.796875,103852.1640625,102958.6875,103814.828125,1235066880
2025-11-07 22:00:00,103839.625,104036.640625,103352.1875,103373.3671875,1878556672
2025-11-08 00:00:00,103296.953125,103359.0625,102613.7578125,102935.203125,0
2025-11-08 02:00:00,102926.21875,103254.578125,102569.5078125,102600.0390625,0
2025-11-08 04:00:00,102630.40625,102748.40625,102283.078125,102293.1640625,588341248
2025-11-08 06:00:00,102257.390625,102468.03125,101911.6015625,102301.4140625,309723136
2025-11-08 08:00:00,102309.9921875,102619.5078125,102146.0703125,102347.8046875,0
2025-11-08 10:00:00,102352.109375,102582.3125,101760.0859375,101775.734375,0
2025-11-08 12:00:00,101804.6171875,102154.59375,101732.8359375,101922.296875,0
2025-11-08 14:00:00,101772.140625,102019.0390625,101463.1953125,101637.4375,0
2025-11-08 16:00:00,101678.3046875,101963.703125,101535.1015625,101963.703125,0
2025-11-08 18:00:00,101956.0546875,102201.7421875,101557.6796875,101920.5546875,0
2025-11-08 20:00:00,101955.2890625,102329.9375,101951.0078125,102261.375,0
2025-11-08 22:00:00,102267.8046875,102455.3203125,102200.9921875,102283.6875,0
2025-11-09 00:00:00,102287.390625,102307.6328125,101677.78125,102041.6796875,0
2025-11-09 02:00:00,102025.0625,102025.0625,101468.875,101650.90625,0
2025-11-09 04:00:00,101634.7421875,102064.609375,101632.546875,101884.125,1054281728
2025-11-09 06:00:00,101895.65625,101912.5,101699.65625,101885.4609375,0
2025-11-09 08:00:00,101922.34375,102117.5234375,101626.484375,101657.390625,0
2025-11-09 10:00:00,101638.2890625,102266.2890625,101524.90625,102188.7109375,1512091648
2025-11-09 12:00:00,102208.90625,102970.890625,102055.9140625,102877.796875,891469824
2025-11-09 14:00:00,102901.2578125,104012.7421875,102775.5078125,103758.5078125,3441577984
2025-11-09 16:00:00,103730.7734375,103915.578125,103345.8515625,103601.1953125,886829056
2025-11-09 18:00:00,103617.9453125,104786.1875,103566.203125,104786.1875,349515776
2025-11-09 20:00:00,104788.0625,104987.3984375,104341.6875,104523.21875,3405647872
2025-11-09 22:00:00,104504.6171875,105253.3046875,104189.84375,104740.078125,2978004992
2025-11-10 00:00:00,104725.828125,106529.5234375,104365.1796875,105757.2109375,6599364608
2025-11-10 02:00:00,105727.796875,106209.71875,105636.921875,106007.0859375,2008895488
2025-11-10 04:00:00,106021.4296875,106416.171875,105859.90625,106085.9609375,0
2025-11-10 06:00:00,106062.6640625,106511.3125,105995.1953125,106421.890625,1597992960
2025-11-10 08:00:00,106442.296875,106545.859375,105916.5,106386.796875,2375245824
2025-11-10 10:00:00,106424.65625,106424.65625,105944.421875,106184.1953125,0
2025-11-10 12:00:00,106184.328125,106535.1328125,105883.9140625,106535.1328125,1035689984
2025-11-10 14:00:00,106491.734375,106491.734375,104727.78125,104979.7734375,2505359360
2025-11-10 16:00:00,105024.46875,105856.828125,104823.875,105847.9609375,2210488320
2025-11-10 18:00:00,105907.953125,106009.125,105395.484375,105806.75,0
2025-11-10 20:00:00,105769.5625,106241.0546875,105280.71875,105504.109375,505536512
2025-11-10 22:00:00,105569.3125,106237.265625,105343.1484375,106006.609375,0
2025-11-11 00:00:00,105986.1796875,107341.21875,105563.3125,106045.328125,0
2025-11-11 02:00:00,106055.3671875,107036.6875,105700.6640625,106437.6015625,1552973824
2025-11-11 04:00:00,106446.6640625,106480.890625,105260.234375,105264.28125,2498375680
2025-11-11 06:00:00,105240.34375,105281.671875,104773.1953125,104788.7109375,1559396352
2025-11-11 08:00:00,104765.2265625,105388.515625,104765.2265625,104920.53125,0
2025-11-11 10:00:00,104957.6640625,105458.03125,104944.6953125,105250.3203125,317136896
2025-11-11 12:00:00,105307.4453125,105466.7421875,104274.140625,104389.6875,5521465344
2025-11-11 14:00:00,104366.1953125,104613.84375,103238.3828125,103478.7421875,0
2025-11-11 16:00:00,103497.59375,103711.1171875,102898.46875,103355.859375,250798080
2025-11-11 18:00:00,103376.6796875,103487.6875,102975.734375,103111.40625,418979840
2025-11-11 20:00:00,103105.953125,103185.375,102462.1171875,102681.2265625,0
2025-11-11 22:00:00,102698.890625,103120.4609375,102477.3828125,103035.6015625,431972352
2025-11-12 00:00:00,103019.21875,103304.5234375,102724.78125,103197.296875,0
2025-11-12 02:00:00,103216.2265625,103398.6484375,102945.9140625,103262.40625,0
2025-11-12 04:00:00,103260.1875,103422.5625,103038.0390625,103345.4921875,0
2025-11-12 06:00:00,103358.7265625,103587.46875,103086.46875,103086.46875,0
2025-11-12 08:00:00,103106.53125,104983.953125,103106.53125,104490.3515625,3449028608
2025-11-12 10:00:00,104506.8671875,105184.4140625,104506.8671875,105011.9765625,879161344
2025-11-12 12:00:00,105008.5078125,105292.03125,104696.5625,105016.4453125,518238208
2025-11-12 14:00:00,105034.0625,105034.0625,102035.890625,102100.9453125,351072256
2025-11-12 16:00:00,102173.4296875,102211.4375,101394.4140625,101761.6171875,2953568256
2025-11-12 18:00:00,101729.7578125,101874.1796875,100863.390625,101276.109375,2779103232
2025-11-12 20:00:00,101269.5234375,101868.375,101175.1875,101850.125,608817152
2025-11-12 22:00:00,101894.5625,101965.5,101462.890625,101650.5546875,1854246912
2025-11-13 00:00:00,101661.0625,102522.2890625,101470.484375,102002.3984375,2611920896
2025-11-13 02:00:00,101980.7578125,102455.125,101027.640625,102291.65625,1919819776
2025-11-13 04:00:00,102245.1484375,103261.578125,101758.1640625,103261.578125,3434733568
2025-11-13 06:00:00,103133.265625,103976.484375,102941.6328125,103443.328125,4934762496
2025-11-13 08:00:00,103475.28125,103738.9296875,102592.3125,102818.9453125,0
2025-11-13 10:00:00,102824.078125,103234.2421875,102753.2265625,102957.8125,0
2025-11-13 12:00:00,102954.5234375,103233.0234375,102219.0,102305.640625,2765717504
2025-11-13 14:00:00,102297.8046875,103195.1328125,101250.6328125,101301.1953125,3485376512
2025-11-13 16:00:00,101378.4765625,101422.4765625,99718.5859375,99718.5859375,4456079360
2025-11-13 18:00:00,99614.265625,99835.4765625,98213.8359375,98650.9921875,11473248256
2025-11-13 20:00:00,98644.015625,98908.875,98035.65625,98778.46875,4177199104
2025-11-13 22:00:00,98765.1328125,100436.953125,98717.8828125,99735.015625,3295903744
2025-11-14 00:00:00,99690.40625,99690.40625,98744.25,99199.328125,3216359424
2025-11-14 02:00:00,99290.7890625,99789.1640625,98818.125,99087.3515625,53321728
2025-11-14 04:00:00,99102.328125,99102.75,96841.6015625,97466.3203125,6758850560
2025-11-14 06:00:00,97479.46875,97646.6953125,96120.90625,97102.8359375,5075836928
2025-11-14 08:00:00,97102.5703125,97473.7734375,96718.8359375,96830.8046875,1234616320
2025-11-14 10:00:00,96842.84375,97241.5859375,95823.5390625,96073.0625,3022848000
2025-11-14 12:00:00,96152.84375,96152.84375,94525.0625,95097.0390625,9419866112
2025-11-14 14:00:00,95106.296875,97182.765625,94984.265625,96787.4140625,4150075392
2025-11-14 16:00:00,96718.0390625,97291.0625,95721.7265625,95912.78125,0
2025-11-14 18:00:00,95738.0,96231.4765625,94805.4921875,95615.3046875,0
2025-11-14 20:00:00,95693.171875,95799.1796875,94183.953125,95006.015625,3515015168
2025-11-14 22:00:00,94978.234375,95375.03125,94148.2421875,94406.3671875,0
2025-11-15 00:00:00,94509.15625,95672.140625,94509.15625,95574.4296875,41975808
2025-11-15 02:00:00,95572.75,96706.703125,95377.8671875,96333.921875,4676329472
2025-11-15 04:00:00,96349.6484375,96407.0,95929.453125,96261.109375,0
2025-11-15 06:00:00,96282.5390625,96495.3828125,95942.15625,96275.25,0
2025-11-15 08:00:00,96259.34375,96259.34375,95643.515625,95783.796875,0
2025-11-15 10:00:00,95778.875,95972.9921875,95592.90625,95620.6328125,0
2025-11-15 12:00:00,95616.5625,96297.6640625,95530.0625,96270.3984375,0
2025-11-15 14:00:00,96276.484375,96408.375,96035.4453125,96280.296875,0
2025-11-15 16:00:00,96209.8671875,96237.546875,95697.15625,96131.8359375,0
2025-11-15 18:00:00,96149.2734375,96237.46875,95882.5,95983.578125,0
2025-11-15 20:00:00,95962.9296875,95975.7578125,95084.671875,95201.5,0
2025-11-15 22:00:00,95204.7890625,95615.421875,95185.5,95522.75,0
2025-11-16 00:00:00,95548.828125,95607.828125,94876.5625,95327.6875,0
2025-11-16 02:00:00,95276.734375,95887.125,95084.9375,95667.8828125,15168929792
2025-11-16 04:00:00,95768.5859375,96048.4453125,95619.8359375,95851.6328125,0
2025-11-16 06:00:00,95777.03125,96000.0078125,95723.9765625,96000.0078125,0
2025-11-16 08:00:00,96023.2109375,96468.6484375,95816.0078125,96468.6484375,0
2025-11-16 10:00:00,96553.15625,96553.15625,95508.2109375,95574.21875,2524241920
2025-11-16 12:00:00,95565.3359375,95832.9609375,95121.4296875,95365.7578125,133791744
2025-11-16 14:00:00,95369.796875,95595.1640625,94386.3828125,94386.3828125,3535839232
2025-11-16 16:00:00,94453.9375,94829.4140625,93826.6640625,94097.2109375,9356079104
2025-11-16 18:00:00,94340.4140625,95340.7265625,93807.9765625,93939.0625,6925950976
2025-11-16 20:00:00,93958.0078125,94628.1796875,93382.84375,93437.6328125,2065154048
2025-11-16 22:00:00,93437.3671875,94455.1171875,92971.1640625,94238.8046875,6536957952
2025-11-17 00:00:00,94194.296875,95401.3828125,93758.75,94749.1640625,3091464192
2025-11-17 02:00:00,94723.8828125,95432.625,94709.8515625,95390.0078125,919568384
2025-11-17 04:00:00,95423.3828125,95457.765625,94893.7109375,95061.1015625,1520558080
2025-11-21 10:00:00,82455.7109375,83146.6796875,82140.640625,82228.7734375,50330206208
2025-11-21 12:00:00,82217.890625,84270.0078125,80756.515625,84121.7734375,11163729920
2025-11-21 14:00:00,84035.828125,85339.5859375,82808.1328125,82816.7109375,4196089856
2025-11-21 16:00:00,82922.84375,85362.765625,82414.4765625,84845.890625,0
2025-11-21 18:00:00,84799.2890625,84897.5625,83401.046875,84153.5390625,6633693184
2025-11-21 20:00:00,84150.1796875,85300.796875,83470.5703125,85096.375,399343616
2025-11-21 22:00:00,85124.7109375,85311.234375,84071.5078125,85103.5703125,0
2025-11-22 00:00:00,85079.609375,85503.0078125,84579.546875,85016.9296875,136503296
2025-11-22 02:00:00,85098.7734375,85098.7734375,84206.53125,84406.234375,0
2025-11-22 04:00:00,84397.1953125,84431.53125,83817.9296875,84237.21875,397926400
2025-11-22 06:00:00,84223.96875,84701.359375,84028.1640625,84518.515625,0
2025-11-22 08:00:00,84503.3515625,84503.3515625,83837.1484375,83837.984375,0
2025-11-22 10:00:00,83853.53125,84262.21875,83518.9140625,84135.640625,0
2025-11-22 12:00:00,84078.4921875,84078.4921875,83585.96875,83890.1796875,0
2025-11-22 14:00:00,83897.1953125,84573.0078125,83897.1953125,84197.09375,0
2025-11-22 16:00:00,84221.4765625,84756.6328125,84193.3515625,84558.4453125,0
2025-11-22 18:00:00,84549.4140625,84727.0546875,84453.140625,84608.5,0
2025-11-22 20:00:00,84608.5,84745.578125,84229.84375,84363.34375,0
2025-11-22 22:00:00,84372.1015625,85164.078125,84236.0078125,84661.171875,0
2025-11-23 00:00:00,84679.1484375,86025.2890625,84679.1484375,85791.6328125,445984768
2025-11-23 02:00:00,85784.1328125,86268.2109375,85658.9609375,86194.265625,2009608192
2025-11-23 04:00:00,86241.8828125,86743.296875,86016.046875,86254.1328125,746909696
2025-11-23 06:00:00,86287.75,86437.953125,85413.03125,85691.453125,2667675648
2025-11-23 08:00:00,85735.734375,86403.078125,85728.5234375,86353.421875,0
2025-11-23 10:00:00,86353.2109375,86391.9453125,85840.2421875,86244.078125,2724200448
2025-11-23 12:00:00,86264.4609375,86870.15625,86263.578125,86870.15625,1665978368
2025-11-23 14:00:00,86875.03125,87115.7890625,86481.3125,87098.9296875,1930522624
2025-11-23 16:00:00,87047.4453125,87359.5703125,86497.75,86721.8203125,3286302720
2025-11-23 18:00:00,86709.5,87609.8125,86709.5,87326.5,2528014336
2025-11-23 20:00:00,87303.2734375,87973.9453125,87247.5546875,87973.9453125,3222183936
2025-11-23 22:00:00,87966.109375,88025.1875,86758.390625,86798.921875,2799837184
2025-11-24 00:00:00,86794.40625,87106.9453125,86016.3203125,87013.015625,1797042176
2025-11-24 02:00:00,87032.484375,87987.9921875,87032.484375,87344.1484375,1983909888
2025-11-24 04:00:00,87455.5390625,87744.109375,86435.75,87377.5546875,1395564544
2025-11-24 06:00:00,87403.4765625,87441.078125,86721.0078125,86977.4453125,1343541248
2025-11-24 08:00:00,86995.0546875,86995.0546875,85858.46875,85968.671875,1575944192
2025-11-24 10:00:00,85933.015625,86342.125,85692.4453125,86265.734375,1178841088
2025-11-24 12:00:00,86224.1640625,86497.046875,85846.25,86084.2734375,3384938496
2025-11-24 14:00:00,86089.9765625,86668.375,85279.109375,86539.2578125,2465918976
2025-11-24 16:00:00,86555.53125,88394.140625,86555.53125,88394.140625,1993007104
2025-11-24 18:00:00,88452.1328125,88792.46875,88146.6328125,88234.0546875,2806120448
2025-11-24 20:00:00,88353.53125,89195.734375,88353.53125,88823.078125,2213052416
2025-11-24 22:00:00,88765.8828125,89042.203125,88248.4765625,88261.2578125,0
2025-11-25 00:00:00,88268.5390625,88268.5390625,87766.8203125,87766.8203125,0
2025-11-25 02:00:00,87738.234375,87957.7734375,87459.7421875,87768.859375,88948736
2025-11-25 04:00:00,87767.6328125,88457.3359375,87767.6328125,88097.0546875,0
2025-11-25 06:00:00,88125.4921875,88125.4921875,87381.484375,87381.484375,239296512
2025-11-25 08:00:00,87373.609375,87568.5703125,86674.8046875,87217.9609375,737157120
2025-11-25 10:00:00,87206.796875,87502.2265625,86935.90625,87364.375,0
2025-11-25 12:00:00,87365.5078125,87687.359375,86888.4921875,87005.359375,169598976
2025-11-25 14:00:00,87045.8515625,87238.703125,86144.3515625,86947.859375,651595776
2025-11-25 16:00:00,86941.890625,88070.765625,86775.015625,87681.09375,0
2025-11-25 18:00:00,87610.7578125,87778.8515625,86171.4765625,86819.25,224854016
2025-11-25 20:00:00,86848.3359375,87396.9609375,86750.7734375,87000.9296875,0
2025-11-25 22:00:00,86999.671875,87764.9609375,86577.890625,87349.984375,700547072
2025-11-26 00:00:00,87334.421875,88150.796875,87311.9375,87894.0234375,446685184
2025-11-26 02:00:00,87877.328125,88014.5859375,87063.0546875,87063.0546875,0
2025-11-26 04:00:00,87133.0859375,87667.15625,86895.28125,87491.5703125,1239187456
2025-11-26 06:00:00,87504.7421875,87920.1640625,87444.578125,87920.1640625,56762368
2025-11-26 08:00:00,87905.921875,87905.921875,86767.2109375,86794.1015625,0
2025-11-26 10:00:00,86841.7578125,87055.5,86671.5390625,87031.1640625,208891904
2025-11-26 12:00:00,87065.8515625,87128.640625,86406.53125,87023.5078125,109342720
2025-11-26 14:00:00,87023.578125,87577.3359375,86734.171875,86897.2265625,0
2025-11-26 16:00:00,86956.9453125,89942.109375,86956.9453125,89942.109375,6072705024
2025-11-26 18:00:00,89844.5,90380.8203125,89747.484375,89989.7578125,3463233536
2025-11-26 20:00:00,89908.09375,90426.4921875,89517.3359375,90179.109375,1486278656
2025-11-26 22:00:00,90160.609375,90568.3671875,90132.9296875,90522.234375,0
2025-11-27 00:00:00,90507.96875,91038.1484375,90127.2109375,91038.1484375,261947392
2025-11-27 02:00:00,91157.515625,91862.0,90919.9609375,91161.3984375,5410140160
2025-11-27 04:00:00,91138.7421875,91509.8515625,90941.8046875,90965.2890625,580984832
2025-11-27 06:00:00,91006.59375,91479.1640625,90991.15625,91395.1015625,339836928
2025-11-27 08:00:00,91412.6015625,91884.515625,91253.4765625,91553.3984375,589635584
2025-11-27 10:00:00,91556.5078125,91722.1171875,91371.546875,91386.90625,348102656
2025-11-27 12:00:00,91386.7734375,91423.59375,90489.515625,90935.609375,1362329600
2025-11-27 14:00:00,90852.921875,90966.6484375,90652.3671875,90959.4765625,0
2025-11-27 16:00:00,90927.1953125,91569.078125,90871.359375,91477.421875,934858752
2025-11-27 18:00:00,91475.40625,91811.3671875,91388.359375,91537.890625,0
2025-11-27 20:00:00,91542.53125,91566.296875,91275.3671875,91438.140625,0
2025-11-27 22:00:00,91443.109375,91573.6484375,91223.359375,91287.6015625,0
2025-11-28 00:00:00,91305.5625,91358.7109375,90837.4765625,90850.5234375,0
2025-11-28 02:00:00,90820.7421875,91261.8828125,90699.5703125,91204.703125,0
2025-11-28 04:00:00,91202.0625,91677.609375,91127.8203125,91636.9921875,0
2025-11-28 06:00:00,91642.546875,91642.546875,90862.7421875,90895.9609375,0
2025-11-28 08:00:00,90923.90625,91813.1171875,90923.90625,91530.359375,523505664
2025-11-28 10:00:00,91584.2265625,91914.609375,91140.96875,91456.0078125,940085248
2025-11-28 12:00:00,91454.734375,92402.296875,91403.7734375,92181.015625,0
2025-11-28 14:00:00,92316.4296875,92913.328125,91939.421875,92350.546875,5181161472
2025-11-28 16:00:00,92365.2421875,92371.3515625,90303.6171875,90789.7578125,2656718848
2025-11-28 18:00:00,90624.46875,91193.1328125,90472.5625,91164.7421875,2896535552
2025-11-28 20:00:00,91170.484375,91271.703125,90901.578125,91001.5859375,228159488
2025-11-28 22:00:00,90907.2109375,91002.765625,90777.890625,90939.7265625,110141440
2025-11-29 18:00:00,90830.34375,90855.1484375,90761.2890625,90761.2890625,0
2025-12-01 06:00:00,86266.390625,86548.6796875,86196.921875,86533.8359375,23061065728
2025-12-01 08:00:00,86536.78125,86896.9453125,86422.1875,86716.6953125,788254720
2025-12-01 10:00:00,86726.046875,86796.2734375,86227.578125,86227.578125,1555025920
2025-12-01 12:00:00,86137.1484375,86156.4921875,84817.421875,86006.6015625,1842577408
2025-12-01 14:00:00,85983.1171875,86580.734375,83909.734375,84637.1953125,8028237824
2025-12-01 16:00:00,84653.6015625,85358.1328125,84104.4921875,84953.6953125,5725519872
2025-12-01 18:00:00,84933.296875,85477.53125,84654.0078125,85033.78125,3294412800
2025-12-01 20:00:00,85021.875,86450.90625,85021.875,86425.0703125,3557031936
2025-12-01 22:00:00,86440.8828125,86853.6796875,86298.8203125,86305.8984375,948322304
2025-12-02 00:00:00,86306.09375,87272.2734375,86205.09375,86440.8515625,0
2025-12-02 02:00:00,86449.2734375,87005.375,86223.6015625,86956.0703125,0
2025-12-02 04:00:00,86961.7109375,87218.3828125,86857.1484375,86997.5390625,0
2025-12-02 06:00:00,87012.4140625,87173.859375,86899.1015625,87032.6953125,0
2025-12-02 08:00:00,87039.8359375,87039.8359375,86408.96875,86742.0703125,0
2025-12-02 10:00:00,86753.5234375,87553.921875,86753.5234375,87395.390625,2308128768
2025-12-02 12:00:00,87381.4140625,87841.1953125,87114.8359375,87841.1953125,0
2025-12-02 14:00:00,87779.3984375,91084.7265625,87667.4140625,90948.328125,4991311872
2025-12-02 16:00:00,90928.65625,91945.46875,90316.7734375,91497.4296875,2102452224
2025-12-02 18:00:00,91494.40625,92309.515625,91494.40625,91951.6484375,2146222080
2025-12-02 20:00:00,91945.8359375,91945.8359375,90821.234375,91613.0,1333592064
2025-12-02 22:00:00,91635.1796875,92004.703125,91360.6640625,91360.6640625,483549184
2025-12-03 00:00:00,91345.3125,92359.796875,91080.0,92189.578125,47554560
2025-12-03 02:00:00,92237.671875,92973.796875,92237.671875,92738.0703125,2031108096
2025-12-03 04:00:00,92710.0703125,93640.78125,92694.1328125,93640.78125,2767167488
2025-12-03 06:00:00,93703.5234375,93935.609375,92960.828125,93009.0,3021488128
2025-12-03 08:00:00,93019.3515625,93182.9296875,92728.46875,93182.9296875,0
2025-12-03 10:00:00,93209.25,93380.3203125,92788.8984375,93030.828125,2962178048
2025-12-03 12:00:00,93030.1171875,93236.265625,92740.609375,93145.3984375,45260800
2025-12-03 14:00:00,93166.890625,93554.9296875,91883.2109375,92391.71875,890290176
2025-12-03 16:00:00,92380.34375,93032.640625,91878.703125,93017.203125,0
2025-12-03 18:00:00,92981.7421875,93486.4921875,92430.9296875,93015.546875,0
2025-12-03 20:00:00,93034.28125,93679.609375,92865.453125,93679.609375,0
2025-12-03 22:00:00,93744.78125,94049.6953125,93351.6953125,93592.453125,1462632448
2025-12-04 00:00:00,93463.3828125,93700.109375,92749.1484375,93202.7578125,0
2025-12-04 02:00:00,93209.8046875,94022.4765625,93197.5,93546.546875,0
2025-12-04 04:00:00,93553.65625,93553.65625,92821.0625,92989.1953125,0
2025-12-04 06:00:00,93005.1875,93395.09375,92891.6875,93395.09375,0
2025-12-04 08:00:00,93405.609375,93599.9375,93121.6875,93494.8828125,0
2025-12-04 10:00:00,93510.8984375,93563.9765625,92797.765625,92943.4375,0
2025-12-04 12:00:00,92966.2734375,93165.9921875,92485.859375,92558.546875,77438976
2025-12-04 14:00:00,92538.390625,93060.65625,91905.4375,93007.4921875,155361280
2025-12-04 16:00:00,92941.8984375,93165.234375,91830.0546875,92425.2890625,173293568
2025-12-04 18:00:00,92421.8671875,92544.4921875,90978.71875,92028.8671875,2098388992
2025-12-04 20:00:00,92067.2890625,92663.65625,91771.90625,92172.4453125,0
2025-12-04 22:00:00,92172.4453125,92484.6484375,92115.8828125,92146.9921875,0
2025-12-05 00:00:00,92139.3359375,92603.4765625,92103.9453125,92387.2578125,0
2025-12-05 02:00:00,92382.46875,92702.640625,92070.9296875,92150.609375,0
2025-12-05 04:00:00,92172.640625,92385.453125,91862.125,91938.3515625,225943552
2025-12-05 06:00:00,91944.078125,92496.078125,91944.078125,92246.8359375,0
2025-12-05 08:00:00,92257.3515625,92257.3515625,91051.4765625,91147.0546875,958406656
2025-12-05 10:00:00,91159.8125,91538.3828125,91131.265625,91395.03125,396427264
2025-12-05 12:00:00,91381.8046875,91422.6640625,90332.375,90573.9140625,116678656
2025-12-05 14:00:00,90513.0703125,91399.390625,90010.3359375,90320.109375,1243086848
2025-12-05 16:00:00,90453.953125,90453.953125,88232.8828125,89371.1640625,4026634240
2025-12-05 18:00:00,89368.71875,89803.1015625,88910.5703125,89725.2890625,522678272
2025-12-05 20:00:00,89680.0625,89727.28125,89120.3984375,89184.6640625,795607040
2025-12-05 22:00:00,89188.171875,89384.484375,88944.9453125,89381.8515625,97525760
2025-12-06 00:00:00,89360.8359375,89489.546875,89092.0390625,89320.0,206573568
2025-12-06 02:00:00,89319.875,89793.8984375,89234.9140625,89709.21875,420872192
2025-12-06 04:00:00,89705.296875,89751.2109375,89567.1328125,89628.9765625,0
2025-12-06 06:00:00,89627.8828125,89771.8359375,89501.703125,89638.171875,0
2025-12-06 08:00:00,89627.609375,89677.1328125,89290.7734375,89629.75,51716096
2025-12-06 10:00:00,89620.6015625,89729.40625,89524.9375,89648.8359375,174460928
2025-12-06 12:00:00,89659.328125,89778.234375,89593.234375,89691.0546875,0
2025-12-06 14:00:00,89682.421875,90174.3359375,89582.7421875,89885.171875,0
2025-12-06 16:00:00,89779.0546875,89985.5703125,89672.0546875,89713.203125,0
2025-12-06 18:00:00,89722.0,89787.09375,89350.9453125,89433.890625,0
2025-12-06 20:00:00,89433.6015625,89604.9296875,89366.1796875,89479.1875,0
2025-12-06 22:00:00,89458.59375,89538.8828125,88981.4921875,89270.5859375,259080192
2025-12-07 00:00:00,89257.46875,89596.4375,89225.390625,89378.28125,0
2025-12-07 02:00:00,89348.90625,89750.2890625,89348.90625,89732.3203125,0
2025-12-07 04:00:00,89736.515625,89806.9375,89468.0078125,89535.3203125,236564480
2025-12-07 06:00:00,89524.71875,89755.9921875,89260.28125,89367.4921875,78209024
2025-12-07 08:00:00,89382.1328125,89524.8515625,89098.2734375,89152.0703125,0
2025-12-07 10:00:00,89137.875,89374.3125,89137.875,89199.75,62070784
2025-12-07 12:00:00,89201.8125,89582.8671875,88948.6640625,89086.1953125,645566464
2025-12-07 14:00:00,89070.71875,89635.671875,87823.5,89498.5859375,2780622848
2025-12-07 16:00:00,89587.203125,91173.875,89199.21875,90995.703125,4285218816
2025-12-07 18:00:00,90990.34375,91719.8515625,90990.34375,91367.9921875,1838891008
2025-12-07 20:00:00,91401.015625,91504.9296875,89961.5078125,90123.9375,431521792
2025-12-07 22:00:00,90157.8515625,90345.4609375,89150.5390625,90320.2421875,3559919616
2025-12-08 00:00:00,90426.9453125,91670.484375,90006.03125,90906.8671875,2786390016
2025-12-08 02:00:00,90910.8203125,91440.1484375,90863.015625,91126.984375,2165178368
2025-12-08 04:00:00,91132.6875,91452.6015625,91087.1484375,91349.4375,631934976
2025-12-08 06:00:00,91338.0859375,91810.265625,91253.8828125,91544.1953125,1307967488
2025-12-08 08:00:00,91565.6328125,92255.546875,91526.875,91953.1640625,1740333056
2025-12-08 10:00:00,91937.0,92216.90625,91863.328125,92000.78125,689229824
2025-12-08 12:00:00,91982.6640625,92099.34375,91429.8359375,91429.8359375,619315200
2025-12-08 14:00:00,91448.625,91615.046875,89689.6640625,90054.5625,2800447488
2025-12-08 16:00:00,89910.1796875,90440.8515625,89753.640625,90282.9609375,826658816
2025-12-08 18:00:00,90242.078125,90486.9453125,89760.9296875,90099.9375,1347035136
2025-12-08 20:00:00,90125.0390625,91379.140625,90125.0390625,91379.140625,1129852928
2025-12-08 22:00:00,91336.2890625,91336.2890625,90523.0625,90617.3984375,0
2025-12-09 00:00:00,90644.140625,90820.96875,90017.4296875,90081.6171875,0
2025-12-09 02:00:00,90084.9296875,90438.3515625,89830.9375,90435.75,1202860032
2025-12-09 04:00:00,90412.375,90503.96875,89586.9765625,89924.875,1284636672
2025-12-09 06:00:00,89920.8125,90524.1484375,89808.2890625,90480.9765625,54607872
2025-12-09 08:00:00,90477.609375,90595.03125,90156.625,90156.625,102821888
2025-12-09 10:00:00,90155.0859375,90375.5078125,90014.7890625,90375.5078125,209571840
2025-12-09 12:00:00,90375.3125,90826.0625,90229.25,90415.15625,0
2025-12-09 14:00:00,90418.75,92812.984375,90051.0625,92724.46875,914980864
2025-12-09 16:00:00,92656.3828125,94601.5703125,92656.3828125,93842.578125,9228955648
2025-12-09 18:00:00,93874.6796875,94170.453125,93688.421875,93815.1640625,518946816
2025-12-09 20:00:00,93741.5078125,93808.9765625,92316.5546875,92697.71875,908779520
2025-12-09 22:00:00,92681.03125,92994.84375,92544.1328125,92685.5234375,955392000
2025-12-10 00:00:00,92705.875,92770.34375,92027.890625,92350.9375,687542272
2025-12-10 02:00:00,92333.53125,92551.25,92070.703125,92418.5390625,401629184
2025-12-10 04:00:00,92415.859375,92711.7109375,92415.40625,92608.1328125,1309835264
2025-12-10 06:00:00,92600.359375,92733.6328125,92462.4765625,92733.6328125,0
2025-12-10 08:00:00,92778.1796875,92936.8515625,92485.6484375,92936.8515625,28663808
2025-12-10 10:00:00,92944.96875,93181.6015625,91839.6171875,92112.546875,2930266112
2025-12-10 12:00:00,92130.1328125,92208.6171875,91857.0546875,92082.21875,0
2025-12-10 14:00:00,92096.4609375,92124.8671875,91676.8984375,92012.4921875,0
2025-12-10 16:00:00,92072.859375,92579.34375,91956.8125,92395.203125,0
2025-12-10 18:00:00,92400.4375,93128.8515625,92054.2578125,92979.0546875,5123604480
2025-12-10 20:00:00,92946.1171875,94447.9921875,91923.453125,92509.34375,4717125632
2025-12-10 22:00:00,92372.5,92683.015625,91979.4296875,92055.515625,0
2025-12-11 00:00:00,92034.4453125,92083.9765625,90721.15625,90739.1015625,890335232
2025-12-11 02:00:00,90709.59375,90709.59375,89494.6875,89905.5078125,3610820608
2025-12-11 04:00:00,89807.2109375,90489.390625,89768.9375,90317.8984375,1243996160
2025-12-11 06:00:00,90327.21875,90433.125,90067.828125,90258.65625,202948608
2025-12-11 08:00:00,90257.734375,90488.09375,90008.578125,90224.1015625,183967744
2025-12-11 10:00:00,90243.7578125,90413.6328125,90206.875,90276.5078125,0
2025-12-11 12:00:00,90277.78125,90386.4609375,89924.1640625,90096.8203125,27492352
2025-12-11 14:00:00,90097.578125,90585.953125,89341.171875,89825.3515625,2575290368
2025-12-11 16:00:00,89912.9921875,90261.140625,89395.0,89994.71875,0
2025-12-11 18:00:00,89980.2890625,91511.421875,89954.9140625,90834.9921875,0
2025-12-11 20:00:00,90874.296875,93512.1796875,90874.296875,92885.890625,2230702080
2025-12-11 22:00:00,92900.546875,93069.6328125,92206.734375,92516.328125,1818030080
2025-12-12 00:00:00,92522.484375,92647.03125,91506.9921875,92131.1484375,207601664
2025-12-12 02:00:00,92166.7421875,92726.8359375,91996.1328125,92317.5390625,0
2025-12-12 04:00:00,92323.609375,92502.4765625,92108.0234375,92455.7890625,0
2025-12-12 06:00:00,92455.3984375,92720.09375,92297.6328125,92448.7109375,3087216640
2025-12-12 08:00:00,92460.8125,92537.0703125,92140.4375,92537.0703125,2449629184
2025-12-12 10:00:00,92584.921875,92623.703125,92332.0,92395.375,2969673728
2025-12-12 12:00:00,92415.5703125,92507.53125,92110.3671875,92323.40625,2539741184
2025-12-12 14:00:00,92310.171875,92589.546875,89817.984375,89817.984375,3971481600
2025-12-12 16:00:00,89972.2265625,90563.484375,89546.15625,90056.2265625,5982773248
2025-12-12 18:00:00,90084.46875,90672.5546875,90068.8515625,90169.8515625,3628687360
2025-12-12 20:00:00,90218.3828125,90337.609375,89926.5234375,90238.5859375,467247104
2025-12-12 22:00:00,90205.0703125,90410.109375,90205.0703125,90265.09375,0
2025-12-13 00:00:00,90279.3203125,90417.578125,90128.15625,90206.3203125,835788800
2025-12-13 02:00:00,90247.8359375,90433.8671875,90225.1328125,90344.0859375,828596224
2025-12-13 04:00:00,90359.953125,90416.1171875,90290.546875,90351.421875,1433362432
2025-12-13 06:00:00,90354.671875,90409.7421875,90293.5,90350.359375,0
2025-12-13 08:00:00,90351.9921875,90550.359375,90335.203125,90413.4375,0
2025-12-13 10:00:00,90419.4453125,90644.8359375,90335.796875,90355.0390625,270860288
2025-12-13 12:00:00,90361.4375,90488.75,90240.4609375,90272.125,0
2025-12-13 14:00:00,90310.5234375,90310.5234375,89988.046875,90119.0390625,0
2025-12-13 16:00:00,90119.0390625,90260.7734375,90017.15625,90065.71875,0
2025-12-13 18:00:00,90074.71875,90246.9921875,90074.71875,90215.390625,0
2025-12-13 20:00:00,90223.625,90235.8984375,89828.6484375,90181.5546875,0
2025-12-13 22:00:00,90186.9375,90297.0078125,90071.8515625,90297.0078125,0
2025-12-14 00:00:00,90264.171875,90490.1953125,90168.09375,90319.1015625,428797952
2025-12-14 02:00:00,90316.578125,90405.875,90272.6171875,90272.6171875,417792
2025-12-14 04:00:00,90274.3125,90342.4140625,90101.96875,90218.28125,384671744
2025-12-14 06:00:00,90217.828125,90288.546875,90113.078125,90260.6328125,480243712
2025-12-14 08:00:00,90260.5,90287.25,90022.8203125,90039.96875,6338183168
2025-12-14 10:00:00,90038.5859375,90116.9765625,88899.2578125,89386.75,0
2025-12-14 12:00:00,89415.796875,89654.21875,89164.328125,89401.4375,0
2025-12-14 14:00:00,89490.6484375,89551.3359375,88947.625,89052.140625,0
2025-12-14 16:00:00,89044.1875,89338.21875,88677.109375,88855.9921875,0
2025-12-14 18:00:00,88835.140625,89060.125,88547.8125,88605.0546875,0
2025-12-14 20:00:00,88660.578125,88823.515625,88433.390625,88473.1015625,0
2025-12-14 22:00:00,88469.046875,88581.640625,87638.3203125,88172.1484375,0
2025-12-15 00:00:00,88167.90625,89334.4921875,88130.1640625,89222.875,0
2025-12-15 02:00:00,89263.765625,89983.921875,89255.6484375,89300.5546875,0
2025-12-15 04:00:00,89286.5859375,89757.4140625,89286.5859375,89609.96875,0
2025-12-15 06:00:00,89618.0390625,89899.2421875,89497.828125,89765.875,0
2025-12-15 08:00:00,89752.6796875,89950.6796875,89675.40625,89866.8125,0
2025-12-15 10:00:00,89882.359375,89975.203125,89589.8671875,89653.140625,384565248
2025-12-15 12:00:00,89651.890625,89753.9296875,89297.6328125,89452.8984375,406751232
2025-12-15 14:00:00,89445.328125,89834.75,86681.4453125,86956.4140625,6686846976
2025-12-15 16:00:00,86872.3515625,87156.4296875,85630.5234375,85712.1484375,4273369088
2025-12-15 18:00:00,85738.8671875,86490.5546875,85337.203125,86203.125,4115861504
2025-12-15 20:00:00,86132.421875,86236.46875,85570.0859375,86236.46875,594681856
2025-12-15 22:00:00,86205.6171875,86444.1484375,85859.3515625,86422.1875,1293418496
2025-12-16 00:00:00,86424.4375,86496.2890625,85696.125,85904.03125,0
2025-12-16 02:00:00,85913.15625,86190.765625,85568.0546875,85837.78125,1979572224
2025-12-16 04:00:00,85837.78125,86160.6484375,85381.6875,85996.9921875,670605312
2025-12-16 06:00:00,86008.203125,86563.328125,85891.96875,86039.8125,1219522560
2025-12-16 08:00:00,86007.2109375,86382.390625,85967.171875,86323.8828125,618958848
2025-12-16 10:00:00,86331.8203125,87291.6484375,86304.5546875,87278.96875,965894144
2025-12-16 12:00:00,87245.671875,87527.84375,86548.96875,86548.96875,3285856256
2025-12-16 14:00:00,86507.453125,88108.234375,86272.8125,87875.8828125,0
2025-12-16 16:00:00,87950.71875,87992.578125,87142.9453125,87142.9453125,0
2025-12-16 18:00:00,87111.7890625,87975.828125,87064.734375,87613.0234375,0
2025-12-16 20:00:00,87581.15625,87915.609375,87354.046875,87763.109375,0
2025-12-16 22:00:00,87765.171875,87883.3203125,87603.15625,87848.2421875,0
2025-12-17 00:00:00,87842.8671875,87888.8359375,87415.8671875,87517.6875,628613120
2025-12-17 02:00:00,87532.8984375,87580.9765625,87177.265625,87185.2109375,0
2025-12-17 04:00:00,87210.3828125,87357.15625,86229.78125,86602.9140625,468123648
2025-12-17 06:00:00,86605.6484375,87071.4921875,86583.359375,87032.375,0
2025-12-17 08:00:00,87024.109375,87024.109375,86237.71875,86408.046875,159756288
2025-12-17 10:00:00,86406.921875,87080.6953125,86290.140625,86952.9765625,0
2025-12-17 12:00:00,86953.8359375,87676.1015625,86826.59375,87636.28125,0
2025-12-17 14:00:00,87618.9453125,90234.7734375,87194.9609375,87302.0546875,4645810176
2025-12-17 16:00:00,87222.421875,87693.265625,86163.265625,86422.5234375,2317398016
2025-12-17 18:00:00,86394.6875,86785.1171875,85344.1796875,85976.78125,1504636928
2025-12-17 20:00:00,85986.8203125,86168.734375,85635.21875,85950.6640625,487251968
2025-12-17 22:00:00,85945.2109375,86350.875,85907.859375,86105.1328125,599871488
2025-12-18 00:00:00,86196.7890625,86272.6484375,85848.5,86097.6953125,74092544
2025-12-18 02:00:00,86095.859375,86736.5390625,86037.40625,86554.53125,1165754368
2025-12-18 04:00:00,86583.875,86857.8359375,86367.8125,86394.859375,47095808
2025-12-18 06:00:00,86397.921875,86823.0234375,86392.3515625,86772.3515625,0
2025-12-18 08:00:00,86796.6328125,87327.046875,86674.5703125,87257.828125,1098354688
2025-12-18 10:00:00,87242.3359375,87389.9140625,87071.96875,87220.5234375,0
2025-12-18 12:00:00,87271.328125,89106.109375,87103.390625,88797.2890625,2830639104
2025-12-18 14:00:00,88935.765625,89283.6640625,87784.625,88502.203125,1610309632
2025-12-18 16:00:00,88447.6328125,88466.8203125,85479.0234375,86302.8359375,2901164032
2025-12-18 18:00:00,86420.046875,86738.25,84485.53125,84542.4453125,2545188864
2025-12-18 20:00:00,84460.9765625,85666.7109375,84460.9765625,85600.0703125,4030337024
2025-12-18 22:00:00,85583.328125,85649.9140625,85285.1640625,85447.734375,535089152
2025-12-19 00:00:00,85463.296875,85552.5078125,85134.0625,85317.0859375,114257920
2025-12-19 02:00:00,85289.609375,87489.6171875,85114.8828125,86761.8046875,1998848000
2025-12-19 04:00:00,86789.3828125,87288.6328125,86660.9296875,87048.6875,2091757568
2025-12-19 06:00:00,87054.8515625,88295.3046875,86885.859375,87899.90625,1948123136
2025-12-19 08:00:00,87893.8828125,88127.4375,87702.75,88015.984375,279502848
2025-12-19 10:00:00,88051.140625,88314.3125,87892.640625,88158.4375,663236608
2025-12-19 12:00:00,88147.6484375,88188.4375,87802.6484375,87945.6484375,309714944
2025-12-19 14:00:00,87945.9609375,89313.359375,87567.078125,87873.5234375,0
2025-12-19 16:00:00,87939.203125,88755.9453125,86890.7578125,87302.953125,1538793472
2025-12-19 18:00:00,86918.34375,87969.96875,86858.1796875,87817.0390625,0
2025-12-19 20:00:00,87790.046875,88288.6328125,87593.0546875,87760.1875,263950336
2025-12-19 22:00:00,87779.5390625,88339.921875,87779.5390625,88104.1875,0
2025-12-20 00:00:00,88098.40625,88132.34375,87924.875,88025.375,138588160
2025-12-20 02:00:00,88032.8828125,88306.1640625,87976.21875,88192.0078125,0
2025-12-20 04:00:00,88181.5234375,88450.6796875,88097.0546875,88262.6953125,0
2025-12-20 06:00:00,88261.625,88399.0078125,88156.25,88217.40625,0
2025-12-20 08:00:00,88218.359375,88377.5390625,88196.6171875,88203.1640625,0
2025-12-20 10:00:00,88185.4375,88256.0234375,88082.484375,88254.078125,0
2025-12-20 12:00:00,88239.15625,88279.078125,87953.9375,88203.9609375,0
2025-12-20 14:00:00,88225.6015625,88225.6015625,87993.6484375,88148.1640625,0
2025-12-20 16:00:00,88163.40625,88206.9921875,88086.0546875,88139.3515625,0
2025-12-20 18:00:00,88146.2734375,88337.6015625,88117.734375,88190.2109375,0
2025-12-20 20:00:00,88185.4453125,88360.2578125,88170.328125,88170.328125,0
2025-12-20 22:00:00,88207.6015625,88373.46875,88118.7734375,88351.671875,36218880
2025-12-21 00:00:00,88339.9609375,88387.328125,88027.7578125,88027.7578125,66624512
2025-12-21 02:00:00,88000.640625,88112.328125,87870.3671875,88044.75,356146176
2025-12-21 04:00:00,88038.3828125,88120.34375,88031.09375,88111.515625,0
2025-12-21 06:00:00,88110.390625,88177.2578125,88040.625,88104.828125,0
2025-12-21 08:00:00,88129.6328125,89011.0859375,88128.2421875,88842.46875,1302927360
2025-12-21 10:00:00,88917.625,88919.984375,88562.9921875,88585.8359375,351585280
2025-12-21 12:00:00,88591.1484375,88878.453125,87624.03125,87643.1015625,1452020736
2025-12-21 14:00:00,87666.40625,88219.46875,87666.40625,88039.1875,596584448
2025-12-21 16:00:00,88042.78125,88447.09375,87982.703125,88296.5234375,773324800
2025-12-21 18:00:00,88293.28125,88530.125,87957.515625,88482.203125,467841024
2025-12-21 20:00:00,88462.3515625,88485.9609375,88108.7890625,88137.4296875,116543488
2025-12-21 22:00:00,88112.2578125,88711.84375,88112.2578125,88625.4375,597805056
2025-12-22 00:00:00,88621.6640625,89577.7109375,88564.359375,88641.953125,2533969920
2025-12-22 02:00:00,88641.8125,88775.640625,88013.03125,88758.171875,1197996032
2025-12-22 04:00:00,88783.2734375,88986.2109375,88702.5859375,88811.2890625,889528320
2025-12-22 06:00:00,88798.5859375,89144.6328125,88711.453125,89093.9765625,1093052416
2025-12-22 08:00:00,89118.734375,89817.203125,89088.1640625,89726.6015625,1117186048
2025-12-22 10:00:00,89792.2265625,89989.4453125,89601.796875,89919.90625,1436700672
2025-12-22 12:00:00,89915.8828125,90372.2109375,89725.3359375,89875.0234375,1350805504
2025-12-22 14:00:00,89889.5625,90299.828125,89219.296875,89738.3046875,3517597696
2025-12-22 16:00:00,89715.3671875,90056.9765625,89119.90625,89264.734375,1937104896
2025-12-22 18:00:00,89298.34375,89467.1640625,87975.2265625,88039.9375,2006548480
2025-12-22 20:00:00,88034.3359375,88551.3671875,87933.328125,88231.4765625,1847062528
2025-12-22 22:00:00,88237.6484375,88732.3828125,88126.546875,88488.765625,636502016
2025-12-23 00:00:00,88530.7265625,88857.3046875,88432.75,88483.4453125,0
2025-12-23 02:00:00,88471.015625,88695.546875,87883.34375,88181.9140625,482131968
2025-12-23 04:00:00,88131.7890625,88304.8671875,87595.2734375,87739.828125,711389184
2025-12-23 06:00:00,87625.6015625,87710.90625,87061.8203125,87509.3359375,6744666112
2025-12-23 08:00:00,87506.2421875,87609.125,87268.7265625,87485.78125,1763012608
2025-12-23 10:00:00,87473.9375,87819.015625,87469.125,87819.015625,0
2025-12-23 12:00:00,87809.015625,87862.21875,87434.71875,87605.765625,0
2025-12-23 14:00:00,87562.90625,87737.3203125,86656.34375,87426.453125,0
2025-12-23 16:00:00,87417.984375,88117.2109375,87372.65625,87378.0,773218304
2025-12-23 18:00:00,87151.1953125,88072.5703125,87151.1953125,87697.2734375,1074348032
2025-12-23 20:00:00,87709.71875,88271.2109375,87512.0234375,87672.484375,174862336
2025-12-23 22:00:00,87669.0078125,87708.8828125,87174.4921875,87404.21875,603906048
2025-12-24 00:00:00,87431.0859375,87750.0546875,87239.0625,87600.0,74338304
2025-12-24 02:00:00,87595.78125,87595.78125,86873.8515625,87287.046875,0
2025-12-24 04:00:00,87286.5234375,87401.4453125,86755.796875,86905.234375,0
2025-12-24 06:00:00,86901.734375,87104.390625,86794.1796875,86921.6328125,0
2025-12-24 08:00:00,86877.7890625,86998.0859375,86691.9375,86757.4375,0
2025-12-24 10:00:00,86753.1640625,87280.8046875,86748.75,87156.0859375,178896896
2025-12-24 12:00:00,87158.4140625,87420.4609375,87025.7421875,87244.0390625,0
2025-12-24 14:00:00,87248.9296875,87377.28125,86411.796875,86914.6015625,0
2025-12-24 16:00:00,86941.2890625,87572.890625,86904.109375,87216.53125,0
2025-12-24 18:00:00,87256.9921875,87507.859375,87203.0390625,87495.484375,0
2025-12-24 20:00:00,87507.8203125,87711.4921875,87489.7734375,87607.796875,0
2025-12-24 22:00:00,87629.796875,87947.0546875,87551.7109375,87615.5703125,0
2025-12-25 00:00:00,87608.0546875,87685.4453125,87488.328125,87631.765625,0
2025-12-25 02:00:00,87636.96875,87870.1171875,87529.2109375,87792.0546875,0
2025-12-25 04:00:00,87788.71875,87789.609375,87613.1875,87702.3671875,0
2025-12-25 06:00:00,87703.8515625,87795.21875,87645.6796875,87786.6875,0
2025-12-25 08:00:00,87782.921875,87808.9375,87339.2734375,87465.7109375,259958784
2025-12-25 10:00:00,87459.4375,87517.3046875,87238.015625,87458.4921875,0
2025-12-25 12:00:00,87476.3203125,87607.109375,87373.84375,87601.421875,0
2025-12-25 14:00:00,87581.0234375,88462.0703125,87517.5,88274.7890625,0
2025-12-25 16:00:00,88259.4140625,88389.234375,87948.015625,88114.0546875,0
2025-12-25 18:00:00,88103.953125,88253.4921875,88024.7734375,88094.2265625,0
2025-12-25 20:00:00,88096.2109375,88103.3125,87687.015625,87851.859375,246480896
2025-12-25 22:00:00,87845.4765625,87867.7421875,86971.5,87204.3671875,1299363840
2025-12-26 00:00:00,87214.5,87411.6875,86917.9765625,87385.875,1229299712
2025-12-26 02:00:00,87379.9609375,89232.1484375,87379.9609375,88742.3125,6604228608
2025-12-26 04:00:00,88688.6484375,89020.203125,88455.6328125,88942.3828125,1296472064
2025-12-26 06:00:00,88924.1953125,89439.1171875,88372.125,88372.125,3370336256
2025-12-26 08:00:00,88394.3984375,88828.0625,88394.3984375,88769.6171875,1020174336
2025-12-26 10:00:00,88750.15625,88807.9609375,88498.59375,88512.640625,134836224
2025-12-26 12:00:00,88493.953125,88983.1640625,88493.953125,88983.1640625,506888192
2025-12-26 14:00:00,88873.515625,88975.640625,86645.6328125,86991.421875,6483220480
2025-12-26 16:00:00,87063.71875,87359.15625,86785.90625,87238.2734375,1669849088
2025-12-26 18:00:00,87235.6484375,87481.71875,87064.8125,87414.7265625,1190522880
2025-12-26 20:00:00,87447.5078125,87698.7109375,87349.5234375,87422.9765625,489615360
2025-12-26 22:00:00,87407.5546875,87505.3828125,87278.109375,87303.9375,0
2025-12-27 00:00:00,87316.0078125,87409.8984375,87196.078125,87404.7734375,0
2025-12-27 02:00:00,87408.015625,87463.1796875,87332.03125,87448.96875,0
2025-12-27 04:00:00,87447.90625,87451.359375,87387.8125,87451.359375,0
2025-12-27 06:00:00,87448.6328125,87642.4921875,87369.2734375,87478.546875,0
2025-12-27 08:00:00,87488.0703125,87606.2109375,87488.0703125,87565.796875,0
2025-12-27 10:00:00,87560.59375,87565.4765625,87367.0859375,87416.84375,0
2025-12-27 12:00:00,87451.8359375,87468.3828125,87294.828125,87424.0546875,0
2025-12-27 14:00:00,87405.484375,87545.8046875,87363.5859375,87516.34375,0
2025-12-27 16:00:00,87492.6640625,87525.015625,87400.0,87501.921875,0
2025-12-27 18:00:00,87502.015625,87513.8203125,87409.7109375,87512.390625,0
2025-12-27 20:00:00,87523.9375,87609.6875,87479.7890625,87605.6640625,0
2025-12-27 22:00:00,87605.15625,87863.984375,87480.53125,87805.5625,363788288
2025-12-28 00:00:00,87806.0546875,87866.5859375,87657.78125,87717.453125,126834688
2025-12-28 02:00:00,87723.5,87805.1015625,87669.8828125,87688.1015625,0
2025-12-28 04:00:00,87684.0703125,87743.640625,87555.765625,87589.0390625,70038528
2025-12-28 06:00:00,87588.984375,87720.3125,87577.40625,87665.2734375,0
2025-12-28 08:00:00,87657.328125,87881.53125,87657.328125,87730.890625,51259392
2025-12-28 10:00:00,87737.75,87881.890625,87733.5234375,87789.5546875,239723520
2025-12-28 12:00:00,87813.84375,87864.09375,87749.59375,87833.6640625,129907712
2025-12-28 14:00:00,87826.2734375,87951.984375,87780.0625,87780.0625,510532608
2025-12-28 16:00:00,87779.65625,87857.578125,87686.4609375,87693.71875,142030848
2025-12-28 18:00:00,87693.3828125,87695.40625,87444.390625,87485.578125,935649280
2025-12-28 20:00:00,87476.078125,87579.25,87396.0390625,87500.2265625,311708672
2025-12-28 22:00:00,87503.65625,87898.421875,87445.984375,87830.1171875,206987264
2025-12-29 00:00:00,87858.109375,88380.2578125,87756.3671875,88314.171875,1818663936
2025-12-29 02:00:00,88353.5078125,90032.4140625,88353.5078125,90032.4140625,6327909376
2025-12-29 04:00:00,90012.6328125,90269.015625,89873.2578125,89927.6875,3804653568
2025-12-29 06:00:00,89908.9921875,90028.6171875,89415.9765625,89518.6171875,2460780544
2025-12-29 08:00:00,89505.28125,89694.109375,87795.0078125,87940.6015625,5417742336
2025-12-29 10:00:00,87981.0859375,88137.9609375,87485.3203125,87508.1796875,1702219776
2025-12-29 12:00:00,87485.1015625,87508.265625,86760.265625,87222.25,3058946048
2025-12-29 14:00:00,87255.890625,88007.96875,87176.984375,87636.625,5803352064
2025-12-29 16:00:00,87600.4453125,87697.2265625,87327.8984375,87697.2265625,1168957440
2025-12-29 18:00:00,87734.7890625,87870.671875,87238.1015625,87238.1015625,1280589824
2025-12-29 20:00:00,87246.40625,87482.46875,86975.015625,87224.9609375,1065070592
2025-12-29 22:00:00,87227.59375,87291.375,86983.703125,87145.21875,188563456
2025-12-30 00:00:00,87142.078125,87233.5234375,87010.6171875,87191.5703125,0
2025-12-30 02:00:00,87206.671875,87305.9375,86737.0703125,87285.1484375,0
2025-12-30 04:00:00,87263.125,87374.3671875,87052.0546875,87129.546875,0
2025-12-30 06:00:00,87132.8359375,87472.65625,87121.984375,87378.296875,0
2025-12-30 08:00:00,87377.125,88039.8984375,87377.125,87881.125,239476736
2025-12-30 10:00:00,87878.875,88056.640625,87665.15625,87751.421875,0
2025-12-30 12:00:00,87845.296875,88012.078125,87813.5078125,88002.9453125,0
2025-12-30 14:00:00,88003.203125,88973.1015625,87749.84375,88947.28125,1800990720
2025-12-30 16:00:00,88916.6796875,89291.796875,88135.7890625,88334.1015625,2756020224
2025-12-30 18:00:00,88302.4765625,88378.7421875,87927.6328125,88153.5390625,176947200
2025-12-30 20:00:00,88142.3359375,88224.8828125,87814.0234375,88172.453125,0
2025-12-30 22:00:00,88182.109375,88477.875,88182.109375,88423.140625,266125312
2025-12-31 00:00:00,88407.7265625,88645.015625,88085.4921875,88552.8984375,386588672
2025-12-31 02:00:00,88501.4921875,88673.15625,88289.765625,88338.7890625,0
2025-12-31 04:00:00,88342.203125,88440.0234375,88229.0546875,88354.6484375,517029888
2025-12-31 06:00:00,88352.7578125,88517.1484375,88342.2109375,88496.046875,2150400
2025-12-31 08:00:00,88492.7265625,88604.8359375,88302.9921875,88585.390625,45109248
2025-12-31 10:00:00,88553.96875,88894.6484375,88553.96875,88863.515625,248856576
2025-12-31 12:00:00,88910.5,88921.734375,88642.578125,88856.4609375,370063360
2025-12-31 14:00:00,88872.7109375,89019.9375,87728.4140625,87911.6328125,11276288
2025-12-31 16:00:00,87845.2421875,87903.6875,87334.125,87490.890625,0
2025-12-31 18:00:00,87502.9296875,87838.8203125,87420.515625,87455.484375,296370176
2025-12-31 20:00:00,87419.890625,87692.2890625,87141.0078125,87637.1953125,1120849920
2025-12-31 22:00:00,87652.2734375,87738.6171875,87501.953125,87501.953125,46741504
2026-01-01 00:00:00,87512.875,87890.0234375,87512.875,87817.6171875,0
2026-01-01 02:00:00,87812.1875,87922.5234375,87700.390625,87710.953125,0
2026-01-01 04:00:00,87698.5078125,87698.5078125,87413.7578125,87558.3359375,441933824
2026-01-01 06:00:00,87555.4453125,87555.4453125,87468.5625,87479.6875,0
2026-01-01 08:00:00,87486.9296875,87789.7890625,87486.9296875,87724.84375,0
2026-01-01 10:00:00,87732.3203125,87875.796875,87659.03125,87875.796875,0
2026-01-01 12:00:00,87878.8671875,87889.703125,87759.8359375,87786.3515625,0
2026-01-01 14:00:00,87793.8515625,87941.4140625,87713.8515625,87922.0625,0
2026-01-01 16:00:00,87920.5625,88358.0390625,87762.65625,88187.8203125,0
2026-01-01 18:00:00,88239.390625,88297.9296875,87970.1875,88222.2578125,0
2026-01-01 20:00:00,88239.71875,88280.140625,88133.1328125,88270.203125,0
2026-01-01 22:00:00,88271.7734375,88791.9765625,88271.7734375,88722.0703125,631752704
2026-01-02 00:00:00,88725.46875,88754.3984375,88433.0234375,88534.2890625,507719680
2026-01-02 02:00:00,88535.265625,88985.9609375,88298.6171875,88778.703125,1165524992
2026-01-02 04:00:00,88832.3828125,88862.59375,88477.3984375,88652.2890625,0
2026-01-02 06:00:00,88636.3359375,88956.0703125,88626.7421875,88773.3203125,998658048
2026-01-02 08:00:00,88754.0859375,89346.9765625,88711.90625,89344.4140625,2217502720
2026-01-02 10:00:00,89356.6328125,89786.4921875,89280.6015625,89428.8046875,3246286848
2026-01-02 12:00:00,89412.015625,89557.453125,89291.1015625,89291.1015625,1163653120
2026-01-02 14:00:00,89290.6796875,89990.46875,88506.0078125,89319.90625,6821185536
2026-01-02 16:00:00,89318.4140625,90865.4453125,89190.1171875,90283.484375,7017816064
2026-01-02 18:00:00,90320.3125,90510.9296875,89526.8203125,89878.859375,3032604672
2026-01-02 20:00:00,89869.515625,90092.3203125,89599.8515625,90046.5703125,1706057728
2026-01-02 22:00:00,89990.53125,90347.03125,89873.859375,89946.1171875,478527488
2026-01-03 00:00:00,89948.5625,90253.984375,89929.8984375,90253.984375,0
2026-01-03 02:00:00,90221.046875,90362.2578125,90095.8046875,90293.8828125,33968128
2026-01-03 04:00:00,90321.4921875,90391.078125,89895.671875,90002.6171875,59105280
2026-01-03 06:00:00,89993.5625,90090.3359375,89386.046875,89553.9609375,901804032
2026-01-03 08:00:00,89515.1796875,89942.8671875,89438.5,89810.0703125,38719488
2026-01-03 10:00:00,89766.7109375,89842.8984375,89643.015625,89713.3671875,0
2026-01-03 12:00:00,89686.890625,89984.7421875,89618.546875,89956.140625,0
2026-01-03 14:00:00,89953.1875,90183.1015625,89926.546875,89927.828125,0
2026-01-03 16:00:00,89917.1640625,90147.7734375,89875.0,90044.3828125,0
2026-01-03 18:00:00,90030.875,90139.1171875,89982.390625,90056.625,0
2026-01-03 20:00:00,90065.5546875,90643.890625,89979.421875,90486.7578125,0
2026-01-03 22:00:00,90487.3125,90672.265625,90441.15625,90600.7421875,0
2026-01-04 00:00:00,90615.3671875,91390.7265625,90615.3671875,91197.3046875,2606817280
2026-01-04 02:00:00,91196.6640625,91300.4609375,91051.6953125,91205.828125,413798400
2026-01-04 04:00:00,91217.7890625,91519.984375,91196.921875,91432.5703125,30613504
2026-01-04 06:00:00,91434.1328125,91685.1796875,91206.6875,91474.9375,144455680
2026-01-04 08:00:00,91487.390625,91487.390625,91176.1171875,91409.796875,1079042048
2026-01-04 10:00:00,91418.1171875,91554.625,91205.5,91235.6796875,1386102784
2026-01-04 12:00:00,91236.4609375,91300.234375,91015.5078125,91223.3515625,425674752
2026-01-04 14:00:00,91212.140625,91349.0859375,91071.453125,91270.453125,209207296
2026-01-04 16:00:00,91286.796875,91391.921875,91219.4765625,91297.8203125,463353856
2026-01-04 18:00:00,91294.46875,91294.46875,90877.046875,91099.46875,889143296
2026-01-04 20:00:00,91100.7890625,91350.375,91084.6875,91220.7734375,122902528
2026-01-04 22:00:00,91224.3984375,91463.3515625,91108.8359375,91393.3203125,158046208
2026-01-05 00:00:00,91498.046875,93177.6171875,91498.046875,92916.90625,4716228608
2026-01-05 02:00:00,92913.40625,93106.265625,92737.0078125,92845.640625,1976684544
2026-01-05 04:00:00,92841.5,92896.2265625,92330.484375,92351.9453125,952051712
2026-01-05 06:00:00,92321.7578125,92574.1015625,92141.8984375,92474.3359375,14626816
2026-01-05 08:00:00,92491.6640625,92750.609375,92298.984375,92664.875,0
2026-01-05 10:00:00,92673.4453125,93086.3828125,92625.9375,93051.1875,600989696
2026-01-05 12:00:00,93083.203125,93109.25,92493.21875,92666.9140625,757858304
2026-01-05 14:00:00,92702.8984375,93933.75,92410.171875,93883.9453125,6343098368
2026-01-05 16:00:00,93873.3671875,94264.9609375,93283.2265625,94264.9609375,4435206144
2026-01-05 18:00:00,94234.8125,94480.921875,93919.9765625,94225.5859375,3390324736
2026-01-05 20:00:00,94219.390625,94673.3984375,93880.28125,94091.6328125,3735756800
2026-01-05 22:00:00,94082.9375,94377.453125,93884.0625,93901.1328125,759320576
2026-01-06 00:00:00,93869.1328125,94130.609375,93551.6015625,93764.15625,0
2026-01-06 02:00:00,93773.4609375,93894.046875,93542.1796875,93762.5859375,463204352
2026-01-06 04:00:00,93750.640625,93971.703125,93548.765625,93558.046875,115195904
2026-01-06 06:00:00,93590.9453125,93889.2109375,93119.6328125,93213.8984375,1124925440
2026-01-06 08:00:00,93206.53125,93494.8046875,93142.25,93437.9609375,0
2026-01-06 10:00:00,93430.0546875,93846.890625,93385.6953125,93789.015625,0
2026-01-06 12:00:00,93825.0,93910.921875,93628.7265625,93671.75,0
2026-01-06 14:00:00,93686.390625,94391.71875,93331.9453125,93480.5390625,1294888960
2026-01-06 16:00:00,93658.0859375,93674.859375,91550.1796875,91550.1796875,3416629248
2026-01-06 18:00:00,91526.3203125,92239.0234375,91526.3203125,92048.78125,1073266688
2026-01-06 20:00:00,92053.625,93759.796875,92053.625,93236.828125,2303221760
2026-01-06 22:00:00,93230.1640625,93731.6796875,92940.6796875,93731.6796875,813150208
2026-01-07 00:00:00,93623.96875,93637.75,92319.9609375,92430.859375,1980813312
2026-01-07 02:00:00,92385.953125,93025.375,92208.34375,92743.2890625,979501056
2026-01-07 04:00:00,92730.953125,92828.3046875,92459.9140625,92459.9140625,236961792
2026-01-07 06:00:00,92473.1796875,92805.359375,92457.546875,92773.609375,0
2026-01-07 08:00:00,92795.28125,92864.1953125,91557.2578125,91648.0546875,1814396928
2026-01-07 10:00:00,91569.234375,92184.3046875,91557.4453125,92074.484375,857272320
2026-01-07 12:00:00,92064.4140625,92174.03125,91835.765625,91990.6953125,49598464
2026-01-07 14:00:00,91970.2421875,92018.8671875,91068.46875,91265.1015625,0
2026-01-07 16:00:00,91313.859375,91659.7578125,91015.765625,91186.109375,0
2026-01-07 18:00:00,91192.46875,91344.2578125,90658.6328125,91131.265625,1650155520
2026-01-07 20:00:00,91098.1484375,91193.15625,90726.890625,91044.5390625,0
2026-01-07 22:00:00,91040.125,91346.1171875,90828.2734375,91303.484375,316055552
2026-01-08 00:00:00,91280.703125,91450.6875,91004.2578125,91333.125,0
2026-01-08 02:00:00,91334.3671875,91353.0625,90585.265625,90704.7265625,537935872
2026-01-08 04:00:00,90726.5625,91050.5234375,90620.21875,90698.7578125,0
2026-01-08 06:00:00,90702.1875,90750.2109375,89578.3125,90434.546875,3591192576
2026-01-08 08:00:00,90428.6953125,90569.234375,89871.5078125,89879.1328125,1316593664
2026-01-08 10:00:00,89892.578125,90357.25,89698.6328125,90068.7265625,766349312
2026-01-08 12:00:00,90082.265625,90082.265625,89682.171875,89851.09375,457900032
2026-01-08 14:00:00,89849.03125,90649.90625,89291.1328125,90649.90625,27627520
2026-01-08 16:00:00,90710.4921875,91345.546875,90232.7109375,91254.640625,1213386752
2026-01-08 18:00:00,91293.2421875,91328.1484375,90765.9375,90819.8046875,0
2026-01-08 20:00:00,90855.390625,91222.1796875,90482.4296875,91222.1796875,893390848
2026-01-08 22:00:00,91200.4375,91385.109375,90978.171875,91025.75,0
2026-01-09 00:00:00,91019.5859375,91412.484375,90795.625,90976.4921875,152719360
2026-01-09 02:00:00,90972.578125,91373.53125,90893.7265625,91112.8046875,0
2026-01-09 04:00:00,91125.5546875,91125.5546875,90826.6015625,90971.515625,0
2026-01-09 06:00:00,90975.1328125,91027.09375,90687.078125,90687.078125,0
2026-01-09 08:00:00,90649.5,90730.6484375,89628.5703125,90222.0234375,793100288
2026-01-09 10:00:00,90228.046875,90560.6640625,90183.75,90337.78125,0
2026-01-09 12:00:00,90345.2265625,90682.0,90144.3515625,90550.796875,619769856
2026-01-09 14:00:00,90480.234375,91864.40625,89794.6640625,90999.8203125,2035843072
2026-01-09 16:00:00,91028.7109375,91662.3515625,90967.609375,91343.59375,535068672
2026-01-09 18:00:00,91343.5390625,91396.7265625,90150.90625,90267.0546875,889446400
2026-01-09 20:00:00,90144.8046875,90483.921875,90117.078125,90421.0390625,0
2026-01-09 22:00:00,90413.21875,90595.9140625,90259.3125,90490.7734375,0
2026-01-10 00:00:00,90509.2109375,90601.7734375,90417.703125,90567.203125,0
2026-01-10 02:00:00,90560.3515625,90655.21875,90430.21875,90507.671875,0
2026-01-10 04:00:00,90512.125,90514.7734375,90311.09375,90484.0546875,0
2026-01-10 06:00:00,90474.2734375,90546.71875,90352.6171875,90537.1953125,15286272
2026-01-10 08:00:00,90546.8046875,90621.734375,90499.1171875,90616.21875,0
2026-01-10 10:00:00,90629.5703125,90712.703125,90597.0,90610.2734375,0
2026-01-10 12:00:00,90606.9765625,90659.484375,90526.546875,90526.546875,0
2026-01-10 14:00:00,90532.0546875,90547.828125,90426.2734375,90543.0546875,0
2026-01-10 16:00:00,90541.8203125,90623.078125,90428.203125,90428.203125,0
2026-01-10 18:00:00,90431.8359375,90510.546875,90410.6171875,90507.0390625,0
2026-01-10 20:00:00,90507.8671875,90531.5078125,90384.46875,90386.5546875,0
2026-01-10 22:00:00,90386.4296875,90467.5703125,90287.2734375,90385.9140625,0
2026-01-11 00:00:00,90385.625,90539.046875,90333.6484375,90509.9609375,0
2026-01-11 02:00:00,90513.203125,90617.046875,90505.4609375,90617.046875,0
2026-01-11 04:00:00,90613.515625,90716.96875,90580.953125,90644.2890625,0
2026-01-11 06:00:00,90650.0,90682.7109375,90506.7265625,90589.421875,337265664
2026-01-11 08:00:00,90597.4375,90683.984375,90526.84375,90623.921875,200894464
2026-01-11 10:00:00,90624.6015625,90630.6328125,90573.7578125,90593.4609375,132082688
2026-01-11 12:00:00,90610.3203125,90871.7109375,90609.609375,90736.9296875,492786688
2026-01-11 14:00:00,90740.7421875,91043.9453125,90615.4609375,90747.7578125,1067948032
2026-01-11 16:00:00,90751.171875,91147.3671875,90751.171875,90869.96875,949908480
2026-01-11 18:00:00,90866.5625,90866.5625,90555.03125,90593.4765625,234848256
2026-01-11 20:00:00,90596.71875,90677.828125,90309.0390625,90646.3125,1127395328
2026-01-11 22:00:00,90623.984375,90888.4453125,90226.9609375,90810.1484375,1180922880
2026-01-12 00:00:00,90851.8984375,91555.0546875,90617.9765625,91262.015625,3101469696
2026-01-12 02:00:00,91274.8984375,92384.8515625,91274.8984375,91719.34375,3865751552
2026-01-12 04:00:00,91694.4140625,92151.6484375,91647.984375,91991.640625,1662240768
2026-01-12 06:00:00,91984.6796875,92065.4296875,91278.328125,91301.734375,1331355648
2026-01-12 08:00:00,91290.7890625,91499.1796875,90315.640625,90591.09375,2637051904
2026-01-12 10:00:00,90555.515625,90661.75,90261.9609375,90566.390625,1328287744
2026-01-12 12:00:00,90536.359375,90733.6484375,90426.8203125,90533.3359375,554059776
2026-01-12 14:00:00,90525.1953125,91546.453125,90095.2578125,91546.453125,4047790080
2026-01-12 16:00:00,91571.625,92210.1484375,91015.9765625,91416.15625,4608937984
2026-01-12 18:00:00,91433.328125,91843.6796875,91360.7734375,91770.25,1521086464
2026-01-12 20:00:00,91784.5625,91962.3125,90894.484375,90913.7265625,244572160
2026-01-12 22:00:00,90984.1953125,91350.2578125,90984.1953125,91157.1015625,346845184
2026-01-13 00:00:00,91195.6328125,91432.3203125,90941.9296875,91058.9296875,2981888
2026-01-13 02:00:00,91081.4453125,91327.140625,91019.5390625,91291.3125,0
2026-01-13 04:00:00,91293.7890625,92109.390625,91238.9609375,91803.9453125,1761660928
2026-01-13 06:00:00,91811.0234375,92145.1015625,91729.1875,91853.8203125,949026816
2026-01-13 08:00:00,91868.9609375,92510.2109375,91846.6640625,92149.171875,1037434880
2026-01-13 10:00:00,92201.4140625,92230.078125,91886.8359375,91893.6484375,33655513088
2026-01-13 12:00:00,91932.1484375,92477.4140625,91832.640625,91966.578125,36816220160
2026-01-13 14:00:00,91926.328125,93294.53125,91760.140625,93283.03125,694923264
2026-01-13 16:00:00,93500.4609375,93654.5078125,93097.4921875,93241.6796875,1261322240
2026-01-13 18:00:00,93171.8984375,94194.6484375,93171.8984375,94194.6484375,2505674752
2026-01-13 20:00:00,94222.4765625,94476.421875,94058.6640625,94074.9609375,4223893504
2026-01-13 22:00:00,94069.5078125,95935.6484375,94062.21875,95354.046875,7438430208
2026-01-14 00:00:00,95363.3046875,95549.8515625,95111.1875,95266.8515625,1448480768
2026-01-14 02:00:00,95205.578125,95632.609375,95180.5078125,95630.9765625,3628695552
2026-01-14 04:00:00,95694.421875,95694.421875,94934.296875,94988.1640625,786616320
2026-01-14 06:00:00,94970.9765625,95176.1328125,94583.046875,95176.1328125,999604224
2026-01-14 08:00:00,95162.828125,95231.53125,94849.390625,95038.109375,0
2026-01-14 10:00:00,95051.1640625,95229.0390625,94706.0078125,94706.0078125,346828800
2026-01-14 12:00:00,94727.6953125,95183.5625,94701.1328125,94937.046875,1391976448
2026-01-14 14:00:00,94958.4921875,96984.578125,94951.84375,96710.59375,4613025792
2026-01-14 16:00:00,96699.578125,97747.125,96699.578125,96941.90625,3953295360
2026-01-14 18:00:00,96953.8359375,97519.5234375,96295.0625,97265.78125,649310208
2026-01-14 20:00:00,97244.59375,97860.6015625,97221.5078125,97443.15625,357670912
2026-01-14 22:00:00,97528.46875,97542.9453125,96832.3359375,96932.2109375,0
2026-01-15 00:00:00,96934.609375,96973.4609375,96310.796875,96418.140625,72564736
2026-01-15 02:00:00,96435.2578125,96578.609375,95763.4375,95963.015625,1138237440
2026-01-15 04:00:00,95941.859375,96468.2890625,95930.7421875,96392.03125,8413184
2026-01-15 06:00:00,96406.0390625,96651.6484375,96161.8046875,96516.46875,0
2026-01-15 08:00:00,96560.265625,97150.171875,96309.9296875,97046.734375,1435922432
2026-01-15 10:00:00,96994.9921875,97013.7109375,96558.1796875,96587.4453125,100679680
2026-01-15 12:00:00,96551.375,96965.6953125,96517.484375,96817.375,191619072
2026-01-15 14:00:00,96811.3046875,97097.1171875,95416.09375,96434.890625,0
2026-01-15 16:00:00,96649.9453125,97015.3515625,96263.6171875,96598.6328125,0
2026-01-15 18:00:00,96548.8515625,96570.9765625,95284.75,95411.0859375,1491587072
2026-01-15 20:00:00,95423.5546875,95607.8984375,95112.25,95548.5234375,0
2026-01-15 22:00:00,95553.2109375,95784.0390625,95377.84375,95546.2578125,0
2026-01-16 00:00:00,95562.78125,95759.5625,95418.8203125,95617.4609375,0
2026-01-16 02:00:00,95628.453125,95636.4375,95297.765625,95325.96875,0
2026-01-16 04:00:00,95306.4375,95612.265625,95125.375,95612.265625,512692224
2026-01-16 06:00:00,95613.5703125,95759.96875,95452.953125,95633.5390625,0
2026-01-16 08:00:00,95630.6875,95801.890625,95541.15625,95577.734375,0
2026-01-16 10:00:00,95573.9296875,95587.84375,95226.6796875,95389.3203125,297009152
2026-01-16 12:00:00,95397.6015625,95538.640625,95274.6953125,95418.40625,0
2026-01-16 14:00:00,95412.2578125,95635.9140625,94268.7734375,94605.625,0
2026-01-16 16:00:00,94559.625,94937.5,94517.3515625,94893.2578125,0
2026-01-16 18:00:00,95032.8671875,95156.140625,94822.21875,94964.3359375,0
2026-01-16 20:00:00,94957.2890625,95528.4609375,94650.234375,95443.859375,180514816
2026-01-16 22:00:00,95478.6875,95531.8515625,95228.6796875,95531.8515625,0
2026-01-17 00:00:00,95514.765625,95523.9765625,95351.6171875,95366.125,0
2026-01-17 02:00:00,95356.984375,95370.984375,95194.140625,95330.2109375,0
2026-01-17 04:00:00,95324.578125,95324.578125,95221.28125,95249.34375,0
2026-01-17 06:00:00,95261.390625,95280.1484375,95030.25,95061.109375,0
2026-01-17 08:00:00,95051.65625,95234.890625,95020.9609375,95212.46875,0
2026-01-17 10:00:00,95211.2890625,95268.0,95029.234375,95255.2421875,0
2026-01-17 12:00:00,95267.8359375,95398.953125,95152.8828125,95374.9140625,0
2026-01-17 14:00:00,95383.0859375,95596.8828125,95312.4765625,95525.6328125,0
2026-01-17 16:00:00,95509.640625,95509.640625,95201.4140625,95323.453125,0
2026-01-17 18:00:00,95330.4140625,95428.2421875,95247.890625,95261.3515625,0
2026-01-17 20:00:00,95259.2578125,95367.46875,95239.3046875,95257.078125,0
2026-01-17 22:00:00,95270.3203125,95273.8125,95011.4375,95098.921875,0
2026-01-18 00:00:00,95112.3984375,95189.4921875,94848.9296875,94908.953125,378079232
2026-01-18 02:00:00,94926.140625,95152.140625,94851.5,95147.21875,86411264
2026-01-18 04:00:00,95121.0546875,95189.578125,95025.65625,95154.515625,149681152
2026-01-18 06:00:00,95134.3046875,95171.390625,94995.9296875,95023.484375,98868224
2026-01-18 08:00:00,94999.828125,95245.3203125,94977.6953125,95236.4140625,291320832
2026-01-18 10:00:00,95230.1171875,95237.7890625,95038.8828125,95124.703125,439664640
2026-01-18 12:00:00,95129.015625,95146.4375,94884.125,95115.234375,311855104
2026-01-18 14:00:00,95118.6171875,95275.953125,94891.65625,95088.28125,444989440
2026-01-18 16:00:00,95082.828125,95233.15625,95044.390625,95171.609375,6135808
2026-01-18 18:00:00,95229.9375,95488.1796875,95155.28125,95334.5625,965664768
2026-01-18 20:00:00,95345.9609375,95406.9765625,95245.46875,95388.8515625,129189888
2026-01-18 22:00:00,95389.390625,95481.4296875,93595.4140625,93614.421875,3416262656
2026-01-19 00:00:00,93646.9140625,93646.9140625,92234.4140625,92509.7265625,8794109952
2026-01-19 02:00:00,92529.109375,92740.625,92366.15625,92642.5625,2014687232
2026-01-19 04:00:00,92654.5546875,92710.4765625,92481.0,92484.2890625,1260834816
2026-01-19 06:00:00,92481.125,92792.71875,92381.03125,92792.71875,1317656576
2026-01-19 08:00:00,92793.3515625,93259.109375,92696.0390625,92993.5625,2015547392
2026-01-19 10:00:00,92993.8359375,93225.7734375,92843.3125,93140.140625,1281970176
2026-01-19 12:00:00,93136.5390625,93153.4375,92829.953125,92964.34375,1169842176
2026-01-19 14:00:00,92974.21875,93022.8125,92677.9453125,93022.8125,568815616
2026-01-19 16:00:00,93003.4296875,93345.34375,92965.234375,93182.34375,1145241600
2026-01-19 18:00:00,93184.4609375,93207.0390625,92884.6015625,93079.109375,0
2026-01-19 20:00:00,93067.625,93249.3515625,92955.578125,92975.2578125,459661312
2026-01-19 22:00:00,92968.515625,92976.5703125,92152.296875,92548.5,332480512
2026-01-20 00:00:00,92583.640625,92797.2109375,92300.734375,92757.5,0
2026-01-20 02:00:00,92645.9296875,92645.9296875,92217.1171875,92357.453125,0
2026-01-20 04:00:00,92367.1171875,92385.4921875,91332.03125,91604.171875,2795505664
2026-01-20 06:00:00,91556.8984375,91556.8984375,90714.109375,91076.8671875,2809452544
2026-01-20 08:00:00,91083.25,91141.125,90623.09375,90938.984375,499728384
2026-01-20 10:00:00,90931.65625,91334.3828125,90900.21875,91146.7578125,165572608
2026-01-20 12:00:00,91131.4609375,91205.4296875,90772.796875,90871.96875,760619008
2026-01-20 14:00:00,90869.0625,91273.8984375,89835.34375,90429.4609375,5987094528
2026-01-20 16:00:00,90583.625,90856.9453125,89424.9375,89671.7265625,3346558976
2026-01-20 18:00:00,89675.8359375,89815.71875,89193.546875,89597.7265625,3537358848
2026-01-20 20:00:00,89600.03125,89699.453125,89297.7109375,89416.03125,2093707264
2026-01-20 22:00:00,89405.296875,89511.6328125,87828.9140625,88339.6171875,2148122624
2026-01-21 00:00:00,88321.28125,89033.203125,88163.0546875,88909.5859375,2929164288
2026-01-21 02:00:00,88912.34375,89455.671875,88881.53125,89315.8828125,1051688960
2026-01-21 04:00:00,89315.8828125,89972.5234375,89256.34375,89813.7734375,587218944
2026-01-21 06:00:00,89842.734375,89842.734375,88987.125,89049.6171875,22372352
2026-01-21 08:00:00,89112.140625,89381.4921875,88894.2578125,88984.3203125,0
2026-01-21 10:00:00,89008.3984375,89283.7578125,88652.5859375,88687.1328125,103473152
2026-01-21 12:00:00,88694.875,88919.2109375,88190.734375,88700.5,2625662976
2026-01-21 14:00:00,88599.59375,90412.0625,88549.03125,90238.5859375,2650615808
2026-01-21 16:00:00,90192.3828125,90231.1484375,87240.59375,87895.9296875,3354267648
2026-01-21 18:00:00,87872.296875,90284.2578125,87563.40625,90246.1328125,2798080000
2026-01-21 20:00:00,90271.765625,90271.765625,89400.9765625,90194.1328125,1039695872
2026-01-21 22:00:00,90171.5859375,90309.03125,89306.90625,89368.671875,0
2026-01-22 00:00:00,89372.4296875,90078.8984375,89372.4296875,90045.375,0
2026-01-22 02:00:00,90030.71875,90254.0546875,89649.703125,89806.5078125,0
2026-01-22 04:00:00,89799.9140625,89975.3671875,89745.5078125,89859.625,0
2026-01-22 06:00:00,89937.40625,90115.2890625,89713.28125,89713.28125,0
2026-01-22 08:00:00,89737.8359375,90042.640625,89688.9609375,89947.0625,0
2026-01-22 10:00:00,89947.3203125,90053.109375,89825.8671875,89853.8828125,991895552
2026-01-22 12:00:00,89853.265625,90220.1015625,89424.3359375,89521.828125,94830592
2026-01-22 14:00:00,89534.890625,89596.09375,88438.4453125,88943.0234375,16252928
2026-01-22 16:00:00,88937.2578125,89447.0625,88648.4296875,89447.0625,0
2026-01-22 18:00:00,89484.3203125,89809.1328125,89074.765625,89729.1796875,0
2026-01-22 20:00:00,89704.7109375,89835.3984375,89166.453125,89166.453125,0
2026-01-22 22:00:00,89170.6953125,89478.9140625,89086.1484375,89462.078125,0
2026-01-23 00:00:00,89460.1953125,89823.1796875,89362.640625,89823.1796875,0
2026-01-23 02:00:00,89848.390625,89849.0390625,89550.40625,89806.8046875,0
2026-01-23 04:00:00,89816.9921875,89924.640625,89412.8671875,89495.859375,569004032
2026-01-23 06:00:00,89514.6640625,89672.78125,89346.40625,89438.1640625,924254208
2026-01-23 08:00:00,89440.5234375,89492.421875,88804.515625,88848.1875,1258729472
2026-01-23 10:00:00,88856.9140625,89201.5546875,88794.5859375,89056.578125,274743296
2026-01-23 12:00:00,89088.9609375,89326.21875,88971.203125,89222.6328125,0
2026-01-23 14:00:00,89238.3671875,89732.8203125,88585.921875,89529.734375,95121408
2026-01-23 16:00:00,89636.40625,91088.8125,89420.1796875,90490.875,1752940544
2026-01-23 18:00:00,90484.453125,90912.9140625,89535.46875,89854.390625,2046078976
2026-01-23 20:00:00,89867.703125,90037.921875,89199.8984375,89236.375,1187815424
2026-01-23 22:00:00,89237.75,89621.8984375,89237.75,89501.625,77066240
2026-01-24 00:00:00,89487.0,89508.328125,89305.03125,89415.65625,118484992
2026-01-24 02:00:00,89429.53125,89795.78125,89429.53125,89647.421875,0
2026-01-24 04:00:00,89644.4140625,89730.140625,89584.6953125,89658.796875,0
2026-01-24 06:00:00,89669.1015625,89669.1015625,89442.890625,89471.3125,0
2026-01-24 08:00:00,89480.171875,89543.7578125,89453.6484375,89461.203125,0
2026-01-24 10:00:00,89460.359375,89513.7890625,89453.5078125,89467.3671875,0
2026-01-24 12:00:00,89458.0546875,89458.0546875,89373.7578125,89397.234375,0
2026-01-24 14:00:00,89331.703125,89383.796875,89119.8203125,89143.546875,0
2026-01-24 16:00:00,89147.7734375,89270.4765625,89049.9609375,89246.3828125,0
2026-01-24 18:00:00,89244.265625,89324.7890625,89141.875,89182.1875,0
2026-01-24 20:00:00,89188.1796875,89258.5625,89137.8515625,89244.2578125,0
2026-01-24 22:00:00,89261.71875,89333.6484375,89165.734375,89169.5,0
2026-01-25 00:00:00,89095.46875,89186.140625,88991.484375,89032.7421875,4557824
2026-01-25 02:00:00,89035.7578125,89103.859375,88717.078125,88839.1171875,219425792
2026-01-25 04:00:00,88840.0625,88950.6015625,88741.9375,88862.65625,561645568
2026-01-25 06:00:00,88854.484375,88854.484375,88503.3671875,88513.375,450933760
2026-01-25 08:00:00,88521.5078125,88615.0078125,88088.53125,88263.265625,879229952
2026-01-25 10:00:00,88262.796875,88572.28125,88262.0703125,88436.84375,1153219584
2026-01-25 12:00:00,88440.3203125,88833.125,88319.828125,88787.1328125,685258752
2026-01-25 14:00:00,88790.2109375,88799.8046875,88274.546875,88330.328125,198039552
2026-01-25 16:00:00,88332.8515625,88332.8515625,87576.09375,87718.25,3725703168
2026-01-25 18:00:00,87744.3515625,87848.640625,86344.515625,86388.40625,6437730304
2026-01-25 20:00:00,86402.265625,86884.3515625,86166.2734375,86517.0625,3634438144
2026-01-25 22:00:00,86491.2890625,86677.3828125,86003.7109375,86557.3828125,3846631424
2026-01-26 00:00:00,86577.5859375,87664.5078125,86433.8046875,87514.0234375,3290521600
2026-01-26 02:00:00,87568.5625,87847.46875,86984.6484375,87120.2421875,2711965696
2026-01-26 04:00:00,87137.65625,87809.5,87137.65625,87760.015625,2392797184
2026-01-26 06:00:00,87744.078125,87938.8515625,87623.5,87904.1171875,2315948032
2026-01-26 08:00:00,87896.6328125,88138.546875,87519.9453125,87551.1015625,526024704
2026-01-26 10:00:00,87562.953125,87886.2890625,87562.953125,87761.484375,374571008
2026-01-26 12:00:00,87757.75,87943.046875,87623.5625,87878.0546875,1004273664
2026-01-26 14:00:00,87872.265625,88715.4921875,87328.375,87579.9296875,6026772480
2026-01-26 16:00:00,87553.265625,87844.15625,87025.0546875,87593.140625,103497728
2026-01-26 18:00:00,87606.25,88419.7578125,87606.25,87919.96875,0
2026-01-26 20:00:00,87912.3046875,88124.8828125,87453.5859375,87966.7734375,0
2026-01-26 22:00:00,87976.3984375,88548.1875,87917.3984375,88307.9375,0
2026-01-27 00:00:00,88190.84375,88575.6796875,88102.9921875,88462.6171875,0
2026-01-27 02:00:00,88464.9296875,88759.0,88464.9296875,88640.9453125,0
2026-01-27 04:00:00,88643.2578125,88813.1328125,88293.109375,88341.765625,0
2026-01-27 06:00:00,88338.7421875,88453.859375,88173.7265625,88205.3828125,0
2026-01-27 08:00:00,88216.96875,88276.5,87771.109375,87771.40625,0
2026-01-27 10:00:00,87770.828125,87956.796875,87652.4375,87900.7734375,634118144
2026-01-27 12:00:00,87884.34375,88022.484375,87691.859375,87846.5546875,393248768
2026-01-27 14:00:00,87855.3671875,88267.328125,87467.875,87908.796875,0
2026-01-27 16:00:00,87919.828125,88671.171875,87268.1953125,87426.1796875,1247629312
2026-01-27 18:00:00,87447.328125,88409.671875,87359.6484375,88292.1875,1511981056
2026-01-27 20:00:00,88286.953125,89403.3515625,88268.1015625,88909.71875,1689935872
2026-01-27 22:00:00,88947.8125,89402.484375,88920.3984375,89110.7890625,806219776
2026-01-28 00:00:00,89129.90625,89367.5546875,89039.734375,89307.5703125,804864000
2026-01-28 02:00:00,89282.0234375,89309.6171875,88884.53125,89013.21875,0
2026-01-28 04:00:00,89000.6328125,89035.7578125,88736.1484375,88955.40625,0
2026-01-28 06:00:00,88948.84375,89259.1171875,88948.84375,89012.0546875,27291648
2026-01-28 08:00:00,89009.1640625,89298.5859375,88752.9921875,89298.484375,679886848
2026-01-28 10:00:00,89364.421875,89978.96875,89211.0390625,89947.3515625,2102157312
2026-01-28 12:00:00,89964.140625,90304.5234375,89683.4296875,90081.8984375,2331439104
2026-01-28 14:00:00,90118.578125,90118.578125,88976.4140625,89381.1953125,798867456
2026-01-28 16:00:00,89404.578125,90339.96875,89155.0703125,90079.1875,0
2026-01-28 18:00:00,89818.390625,89818.390625,88921.5546875,89425.9921875,1316503552
2026-01-28 20:00:00,89342.6640625,89620.546875,88780.7734375,89276.7578125,0
2026-01-28 22:00:00,89292.4375,89336.2421875,89015.2890625,89185.9921875,0
2026-01-29 00:00:00,89191.0546875,89191.0546875,88427.1484375,88487.015625,709607424
2026-01-29 02:00:00,88456.703125,88602.1953125,87634.8359375,87938.640625,2675843072
2026-01-29 04:00:00,87916.703125,88253.140625,87783.8203125,88020.765625,339558400
2026-01-29 06:00:00,88064.890625,88293.34375,88064.890625,88280.1484375,654057472
2026-01-29 08:00:00,88212.9375,88292.7109375,87768.6796875,87768.6796875,674963456
2026-01-29 10:00:00,87763.2890625,87909.734375,87629.2109375,87690.2109375,0
2026-01-29 12:00:00,87709.984375,87996.1015625,87709.984375,87863.984375,0
2026-01-29 14:00:00,87898.3984375,87925.65625,84327.9765625,84758.59375,8217477120
2026-01-29 16:00:00,84780.3671875,85425.3046875,84011.8125,84025.984375,7871000576
2026-01-29 18:00:00,84115.875,84439.1796875,83306.4609375,83862.9375,4192514048
2026-01-29 20:00:00,83852.4140625,84491.640625,83669.921875,84363.0078125,2488369152
2026-01-29 22:00:00,84384.71875,84590.1875,84202.5390625,84561.9765625,1091928064
2026-01-30 00:00:00,84553.6875,84593.25,81479.8203125,82348.3984375,6574526464
2026-01-30 02:00:00,82350.1640625,82581.6640625,81075.1328125,82581.6640625,3868991488
2026-01-30 04:00:00,82551.75,83178.6796875,82551.75,82835.453125,2715443200
2026-01-30 06:00:00,82785.5390625,82920.640625,81949.140625,82710.9453125,3351977984
2026-01-30 08:00:00,82688.2734375,82810.4453125,82076.375,82209.171875,622706688
2026-01-30 10:00:00,82225.15625,83098.0546875,82057.5859375,83055.71875,1968242688
2026-01-30 12:00:00,83013.2421875,83167.1171875,82459.2890625,82570.15625,2187411456
2026-01-30 14:00:00,82610.84375,83562.625,82374.90625,82771.1953125,1577369600
2026-01-30 16:00:00,82770.171875,83309.3828125,82519.0078125,82907.296875,0
2026-01-30 18:00:00,82828.015625,84414.1875,81823.2578125,84213.6484375,956481536
2026-01-30 20:00:00,84120.6640625,84338.046875,83425.53125,84250.5546875,1311678464
2026-01-30 22:00:00,84203.7109375,84203.7109375,83782.0859375,84118.9765625,247824384
2026-01-31 00:00:00,84121.6015625,84130.375,83792.3984375,83867.9453125,0
2026-01-31 02:00:00,83857.015625,84091.1015625,83686.375,83896.1015625,0
2026-01-31 04:00:00,83884.8515625,84005.359375,83767.6875,83858.796875,0
2026-01-31 06:00:00,83860.34375,83877.8125,83255.703125,83409.8046875,0
2026-01-31 08:00:00,83401.9921875,83450.9296875,82553.8046875,83005.203125,840929280
2026-01-31 10:00:00,82963.265625,83045.8359375,82720.984375,82843.46875,0
2026-01-31 12:00:00,82866.5234375,82979.6640625,82394.9609375,82607.328125,0
2026-01-31 14:00:00,82625.9296875,82775.578125,80851.734375,81127.515625,2602426368
2026-01-31 16:00:00,81181.5625,81708.4296875,78533.9921875,78709.8984375,10555736064
2026-01-31 18:00:00,78768.59375,78980.890625,76092.7890625,77820.7421875,5326495744
2026-01-31 20:00:00,77661.0390625,78229.1328125,77033.0078125,78229.1328125,1694023680
2026-01-31 22:00:00,78177.4609375,79122.1484375,77911.875,78706.203125,3138686976
2026-02-01 00:00:00,78655.09375,79284.5,78245.0078125,78418.0234375,1917714432
2026-02-01 02:00:00,78433.078125,78927.8671875,78309.5,78803.34375,1253236736
2026-02-01 04:00:00,78790.4609375,79003.578125,78490.1875,78510.140625,561872896
2026-02-01 06:00:00,78524.265625,78713.4296875,77937.5234375,78274.625,765911040
2026-02-01 08:00:00,78269.703125,78978.7265625,78213.296875,78978.7265625,0
2026-02-01 10:00:00,78977.8125,79117.34375,78076.1328125,78672.671875,1327751168
2026-02-01 12:00:00,78675.828125,78675.828125,78218.890625,78242.3203125,135454720
2026-02-01 14:00:00,78191.390625,78324.3125,76879.5546875,77652.15625,1812144128
2026-02-01 16:00:00,77521.90625,77677.6953125,77063.640625,77600.8515625,0
2026-02-01 18:00:00,77670.421875,78303.7578125,76932.9921875,77017.9296875,0
2026-02-01 20:00:00,77097.5859375,77470.4375,76376.3515625,76405.0,273088512
2026-02-01 22:00:00,76473.9453125,77527.2109375,75730.4296875,77061.609375,3452481536
2026-02-02 00:00:00,76899.453125,78038.875,76641.46875,77462.3125,440430592
2026-02-02 02:00:00,77458.328125,77458.328125,74567.171875,76201.125,6879621120
2026-02-02 04:00:00,76211.796875,76451.1796875,74875.734375,75453.3984375,4882595840
2026-02-02 06:00:00,75430.578125,76772.703125,74886.6796875,76630.1015625,4868882432
2026-02-02 08:00:00,76550.1015625,77716.125,76550.1015625,77648.125,2288590848
2026-02-02 10:00:00,77608.65625,77875.234375,77409.4375,77647.1171875,1011367936
2026-02-02 12:00:00,77705.25,78273.6875,77673.859375,78216.015625,1905770496
2026-02-02 14:00:00,78181.796875,79207.78125,77555.8515625,78802.921875,3017170944
2026-02-02 16:00:00,78797.265625,79186.15625,78528.8671875,78959.21875,2638839808
2026-02-02 18:00:00,78951.4921875,78951.4921875,78263.4609375,78443.40625,907878400
2026-02-02 20:00:00,78199.2265625,78592.984375,77918.9921875,78445.9609375,0
2026-02-02 22:00:00,78496.40625,78876.578125,78496.40625,78679.671875,0
2026-02-03 00:00:00,78677.4453125,79104.7578125,78365.828125,78939.5390625,0
2026-02-03 02:00:00,78950.703125,78950.703125,77604.5078125,78719.21875,0
2026-02-03 04:00:00,78692.9140625,78908.9140625,78190.984375,78190.984375,0
2026-02-03 06:00:00,78165.84375,78817.375,77936.09375,78674.046875,0
2026-02-03 08:00:00,78675.0703125,78942.1796875,77895.4609375,78320.34375,0
2026-02-03 10:00:00,78330.5703125,78469.125,77942.1796875,78038.4609375,0
2026-02-03 12:00:00,78007.921875,78374.125,77947.1328125,78242.140625,0
2026-02-03 14:00:00,78204.8828125,78344.484375,77043.4921875,78089.84375,0
2026-02-03 16:00:00,78075.03125,78075.03125,74846.2890625,74846.2890625,2768715776
2026-02-03 18:00:00,75094.3515625,75174.875,72957.203125,74939.3515625,10883813376
2026-02-03 20:00:00,74880.3203125,76820.0234375,74527.0703125,76159.6171875,3092602880
2026-02-03 22:00:00,76149.3984375,76154.9140625,75340.2109375,75659.5546875,1236070400
2026-02-04 00:00:00,75621.7265625,76657.6875,75366.078125,76332.2265625,502697984
2026-02-04 02:00:00,76327.453125,76858.1328125,75651.0390625,76621.1328125,315539456
2026-02-04 04:00:00,76617.9140625,76712.1953125,76033.015625,76148.5390625,1160429568
2026-02-04 06:00:00,76185.203125,76669.78125,76182.46875,76402.2265625,0
2026-02-04 08:00:00,76412.5,76481.625,75891.5625,76003.046875,0
2026-02-04 10:00:00,75986.21875,76211.890625,75602.859375,76008.765625,1096249344
2026-02-04 12:00:00,75947.3359375,76140.171875,74758.4296875,74758.4296875,1647616000
2026-02-04 14:00:00,74772.0703125,75413.5,73774.4765625,74074.9140625,3480199168
2026-02-04 16:00:00,74013.046875,74067.9375,72163.328125,72488.2109375,0
2026-02-04 18:00:00,72412.46875,73908.3125,72147.59375,73782.9140625,0
2026-02-04 20:00:00,73768.2265625,73892.3359375,72076.0390625,72609.0078125,0
2026-02-04 22:00:00,72625.59375,73495.828125,71801.09375,73042.9765625,2445561856
2026-02-05 00:00:00,73019.046875,73161.5546875,71923.4296875,72327.2109375,1462738944
2026-02-05 02:00:00,72259.9609375,72589.4765625,71033.1875,71080.6328125,4455759872
2026-02-05 04:00:00,71095.203125,71242.34375,70045.265625,70544.9609375,7763263488
2026-02-05 06:00:00,70579.46875,71392.6015625,70322.6484375,70511.1640625,1656160256
2026-02-05 08:00:00,70567.3359375,71770.03125,70567.3359375,71439.515625,3118080000
2026-02-05 10:00:00,71413.3125,71581.5,69875.6015625,70168.015625,3976904704
2026-02-05 12:00:00,70200.3203125,70452.1171875,69099.15625,69458.4296875,3119964160
2026-02-05 14:00:00,69555.3671875,70626.5546875,66666.5625,67298.3125,6947897344
2026-02-05 16:00:00,67372.921875,68465.875,66066.1328125,66066.1328125,4836876288
2026-02-05 18:00:00,66050.9453125,66408.4765625,65099.53515625,65136.609375,3662086144
2026-02-05 20:00:00,65125.8515625,65465.00390625,62473.234375,63136.7578125,14283169792
2026-02-05 22:00:00,63110.16015625,64639.2890625,62652.79296875,62978.68359375,5589884928
2026-02-06 00:00:00,62801.2734375,65623.96875,60074.8046875,65503.72265625,18765078528
2026-02-06 02:00:00,65560.9609375,65882.78125,63812.953125,64074.9453125,179732480
2026-02-06 04:00:00,64116.52734375,66687.53125,64047.6640625,66298.2109375,0
2026-02-06 06:00:00,66322.40625,66687.8984375,64609.625,64802.48046875,1443659776
2026-02-06 08:00:00,64748.1484375,66019.640625,64466.109375,65739.6796875,3169878016
2026-02-06 10:00:00,65729.75,66610.0703125,65519.984375,66508.9140625,694943744
2026-02-06 12:00:00,66528.8515625,67470.515625,66097.9296875,67311.828125,1024229376
2026-02-06 14:00:00,67248.3046875,69125.625,66626.734375,68622.9140625,2606202880
2026-02-06 16:00:00,68613.3359375,71438.921875,68516.328125,70801.6171875,1737785344
2026-02-06 18:00:00,70761.6796875,70808.890625,69397.40625,70739.2421875,0
2026-02-06 20:00:00,70672.296875,70923.2890625,69863.625,70341.296875,0
2026-02-06 22:00:00,70307.0078125,71670.015625,70255.5859375,70533.25,0
2026-02-07 00:00:00,70524.3515625,70601.6484375,69693.6640625,70479.3984375,0
2026-02-07 02:00:00,70454.4453125,70818.9375,70152.8515625,70793.75,437444608
2026-02-07 04:00:00,70873.4921875,71611.1484375,69952.828125,70077.4375,0
2026-02-07 06:00:00,70095.2265625,70264.0078125,67375.96875,68144.4140625,3177095168
2026-02-07 08:00:00,68076.0,68692.375,67767.1171875,68037.2734375,284229632
2026-02-07 10:00:00,68083.8828125,68234.8828125,67587.890625,67935.734375,885989376
2026-02-07 12:00:00,67943.171875,69737.5,67943.171875,68944.21875,1515642880
2026-02-07 14:00:00,68982.6484375,69585.1484375,68375.5546875,69057.765625,0
2026-02-07 16:00:00,69083.765625,69622.3359375,68637.796875,69141.8203125,0
2026-02-07 18:00:00,69135.7734375,69598.5625,68979.609375,69262.84375,0
2026-02-07 20:00:00,69317.5703125,69650.375,69235.34375,69393.890625,0
2026-02-07 22:00:00,69433.6796875,69656.6640625,68762.859375,69262.75,0
2026-02-08 00:00:00,69302.40625,69422.046875,68852.8984375,69318.828125,0
2026-02-08 02:00:00,69346.3515625,69629.640625,69033.8359375,69053.3359375,0
2026-02-08 04:00:00,69061.484375,69349.25,68951.5703125,69181.0078125,0
2026-02-08 06:00:00,69169.3828125,69640.6875,69049.4765625,69640.6875,0
2026-02-08 08:00:00,69644.28125,70681.6171875,69501.515625,70158.1875,0
2026-02-08 10:00:00,70154.3671875,71117.5859375,69862.25,70906.015625,14655488
2026-02-08 12:00:00,70936.6484375,71455.21875,70678.2734375,71404.6875,0
2026-02-08 14:00:00,71438.5078125,71491.65625,70790.625,71068.4609375,0
2026-02-08 16:00:00,71098.765625,71187.640625,70327.515625,70740.328125,0
2026-02-08 18:00:00,70731.484375,71471.8828125,70731.484375,71368.1640625,0
2026-02-08 20:00:00,71368.8203125,71368.8203125,70531.390625,70673.9140625,950448128
2026-02-08 22:00:00,70668.7109375,72142.7421875,70016.5546875,70338.71875,2146496512
2026-02-09 00:00:00,70306.1171875,70852.828125,70057.1484375,70335.8125,988995584
2026-02-09 02:00:00,70320.203125,71358.8046875,70186.1640625,71210.2890625,1439694848
2026-02-09 04:00:00,71276.8828125,71292.8671875,70784.546875,70911.234375,572497920
2026-02-09 06:00:00,70951.203125,70951.203125,70340.8828125,70396.03125,2026065920
2026-02-09 08:00:00,70424.5546875,70505.0625,69420.140625,69529.40625,98623488
2026-02-09 10:00:00,69534.65625,69640.125,68418.9921875,68798.65625,1229733888
2026-02-09 12:00:00,68801.234375,69186.6171875,68622.7421875,68622.7421875,146681856
2026-02-09 14:00:00,68560.2109375,69783.625,68369.4296875,69482.2890625,2654666752
2026-02-09 16:00:00,69517.5546875,70805.4765625,69104.25,70586.125,2656063488
2026-02-09 18:00:00,70585.359375,70993.3125,70080.0,70882.671875,1310584832
2026-02-09 20:00:00,70907.5703125,71043.4765625,69874.1875,70373.8125,3371012096
2026-02-09 22:00:00,70390.984375,70620.6015625,70069.9765625,70106.0,203988992
2026-02-10 00:00:00,70109.421875,70449.8515625,69722.859375,70357.90625,0
2026-02-10 02:00:00,70398.859375,70398.859375,69226.5,69443.59375,0
2026-02-10 04:00:00,69527.4453125,69831.4140625,69190.9921875,69396.2109375,104554496
2026-02-10 06:00:00,69394.6484375,69454.0390625,68737.765625,68896.2421875,611274752
2026-02-10 08:00:00,68863.609375,69327.78125,68694.0390625,69061.3125,0
2026-02-10 10:00:00,69074.8984375,69151.515625,68473.6796875,68473.6796875,0
2026-02-10 12:00:00,68469.390625,69070.40625,68443.2109375,68959.328125,578064384
2026-02-10 14:00:00,68978.9375,69486.421875,67931.1328125,69265.8515625,130531328
2026-02-10 16:00:00,69238.421875,69936.46875,68979.6640625,69766.5234375,0
2026-02-10 18:00:00,69892.78125,69892.78125,68627.484375,68995.203125,0
2026-02-10 20:00:00,69034.5234375,69058.1953125,68329.9921875,68594.859375,0
2026-02-10 22:00:00,68670.0390625,68801.21875,68499.1015625,68775.8046875,0
2026-02-11 00:00:00,68791.1796875,69242.65625,68758.59375,68948.5234375,615804928
2026-02-11 02:00:00,68927.6171875,69088.5078125,68038.984375,68242.171875,100712448
2026-02-11 04:00:00,68134.875,68263.1875,67363.09375,67381.9921875,1473175552
2026-02-11 06:00:00,67426.296875,67435.609375,66580.6484375,67004.359375,669249536
2026-02-11 08:00:00,67003.2421875,67057.5234375,66712.625,66790.8984375,122159104
2026-02-11 10:00:00,66819.4375,67036.0390625,66365.78125,67025.0234375,1290575872
2026-02-11 12:00:00,67025.34375,67500.890625,66803.5078125,67500.890625,1338093568
2026-02-11 14:00:00,67415.2890625,68564.3984375,65757.3046875,66516.078125,2516307968
2026-02-11 16:00:00,66471.21875,67173.1796875,65899.390625,66552.1328125,597815296
2026-02-11 18:00:00,66481.375,67758.1015625,66160.6796875,67536.265625,896196608
2026-02-11 20:00:00,67546.9765625,68199.03125,67177.546875,67794.1328125,2314629120
2026-02-11 22:00:00,67760.21875,67806.4453125,66757.3046875,66993.1875,27877376
2026-02-12 00:00:00,67025.5546875,67986.8359375,67025.5546875,67642.1875,1789849600
2026-02-12 02:00:00,67654.1328125,67701.0390625,67296.359375,67529.8125,0
2026-02-12 04:00:00,67544.3984375,67584.703125,66652.453125,67069.1953125,0
2026-02-12 06:00:00,67080.75,67273.9375,66895.578125,67168.515625,0
2026-02-12 08:00:00,67181.328125,67621.7421875,66885.03125,67534.078125,30863360
2026-02-12 10:00:00,67511.4296875,68204.9609375,67380.609375,68084.796875,656887808
2026-02-12 12:00:00,68108.84375,68315.1328125,67673.9765625,68315.1328125,0
2026-02-12 14:00:00,68324.65625,68324.65625,67091.15625,67116.5078125,0
2026-02-12 16:00:00,67161.2578125,67161.2578125,65420.82421875,65447.46875,2253144064
2026-02-12 18:00:00,65366.703125,66047.2890625,65109.65625,65781.4140625,1336819712
2026-02-12 20:00:00,65740.4296875,65939.5234375,65226.83984375,65735.375,387616768
2026-02-12 22:00:00,65753.875,66390.46875,65605.40625,66228.3984375,658571264
2026-02-13 00:00:00,66123.4375,66535.78125,65843.5390625,66330.4765625,123146240
2026-02-13 02:00:00,66372.8203125,66710.9609375,66372.8203125,66452.0,139702272
2026-02-13 04:00:00,66470.5078125,66599.0,66172.875,66172.875,32370688
2026-02-13 06:00:00,66138.421875,66493.4765625,65969.515625,66145.0,801742848
2026-02-13 08:00:00,66155.3515625,66966.984375,66155.3515625,66887.1328125,161689600
2026-02-13 10:00:00,66903.578125,67143.9296875,66764.6796875,67143.9296875,0
2026-02-13 12:00:00,67120.625,67440.2421875,66896.59375,67273.0859375,1163759616
2026-02-13 14:00:00,67234.3359375,69160.8046875,66886.7890625,68573.484375,2132824064
2026-02-13 16:00:00,68632.4375,69330.0078125,68632.4375,69031.4921875,0
2026-02-13 18:00:00,68998.921875,69346.125,68880.7421875,68956.765625,2093064192
2026-02-13 20:00:00,68967.8671875,69012.0546875,68649.2421875,68886.0,1210396672
