datetime,open,high,low,close,volume
2024-02-01 00:00:00,42525.90095177913,42555.10508950522,42486.146870681965,42541.69258586747,6949.463465555929
2024-02-01 04:00:00,42541.69258586747,42549.80495978096,42534.16107957843,42547.56659612365,3568.8148168754774
2024-02-01 08:00:00,42547.56659612365,42594.26081857818,42458.25006478195,42526.993987649555,3659.540943032094
2024-02-01 12:00:00,42526.993987649555,42538.10241911215,42518.932951630675,42523.89704531728,3329.519966203723
2024-02-01 16:00:00,42523.89704531728,42585.4792339988,42489.72517065488,42509.20596129212,2574.4745838011613
2024-02-01 20:00:00,42509.20596129212,42572.085390168446,42420.68031011758,42499.995934515166,5627.67002867732
2024-02-02 00:00:00,42367.402026454336,42623.226837591166,42329.244404197554,42512.97090883915,17162.046355122984
2024-02-02 04:00:00,42512.97090883915,43181.63221502454,42442.8372792238,43009.696417170184,21137.755764383837
2024-02-02 08:00:00,43009.696417170184,43101.61585507796,42504.54798414801,42508.80224062906,8899.03238361603
2024-02-02 12:00:00,42508.80224062906,43522.42999198019,42434.17141503153,43385.712968303764,12658.997161188188
2024-02-02 16:00:00,43385.712968303764,43538.23384649358,43340.73707980733,43538.23384649358,15495.318785142512
2024-02-02 20:00:00,43538.23384649358,43538.23384649358,43446.23713608131,43470.26218487262,21907.400482304303
2024-02-03 00:00:00,43488.044874926614,43723.92199233933,43433.64129894017,43671.519886977985,7864.122487372415
2024-02-03 04:00:00,43671.519886977985,43932.50846162746,43662.83289947783,43861.038055721074,7626.980679306794
2024-02-03 08:00:00,43861.038055721074,44083.35128082046,43794.89125055228,43968.875349175396,6194.917563681754
2024-02-03 12:00:00,43968.875349175396,44190.70046046621,43962.262761815495,44126.218079347214,7639.359728069936
2024-02-03 16:00:00,44126.218079347214,44618.56660444342,43841.071230901594,44618.56660444342,6318.942493403121
2024-02-03 20:00:00,44618.56660444342,44618.56660444342,43937.85280482863,44145.390769576145,10022.680172518254
2024-02-04 00:00:00,44249.83650597057,44252.63340055751,44223.77328875331,44227.45624928306,8608.880033224259
2024-02-04 04:00:00,44227.45624928306,44603.33346401509,44223.77328875331,44566.959366270115,10571.110161518933
2024-02-04 08:00:00,44566.959366270115,44638.45580089825,44488.93906558069,44608.771392300405,6015.91171378086
2024-02-04 12:00:00,44608.771392300405,44806.22398400625,44555.55786182848,44742.21772974594,6764.53800930739
2024-02-04 16:00:00,44742.21772974594,44786.18841965463,44618.84383758945,44700.83397563046,9683.2138205932
2024-02-04 20:00:00,44700.83397563046,45072.96668196655,44560.82936576431,45066.508405518274,10931.796556387972
2024-02-05 00:00:00,45111.92500703394,45988.72386375282,44869.72619397812,45803.69961601739,10535.153974276336
2024-02-05 04:00:00,45803.69961601739,45975.49269864255,45355.41109464379,45485.82445149483,7724.578483327018
2024-02-05 08:00:00,45485.82445149483,45487.78419313612,45198.075870944995,45259.192475185904,20489.38170841696
2024-02-05 12:00:00,45259.192475185904,46160.27488718743,45195.69036519235,45972.32361991248,9819.36961884167
2024-02-05 16:00:00,45972.32361991248,46199.80947881098,45908.87860643844,46199.80947881098,7784.526705799116
2024-02-05 20:00:00,46199.80947881098,46199.80947881098,45874.22390692955,45943.097743538114,16759.430416569216
2024-02-06 00:00:00,45855.36392866638,45904.45182170844,45813.90847257639,45898.235352312775,6205.472557703603
2024-02-06 04:00:00,45898.235352312775,45900.305582924244,45857.320395824485,45870.63578258168,4609.69224973899
2024-02-06 08:00:00,45870.63578258168,46045.105502605045,45835.14669925424,46024.79945677939,5037.218864758738
2024-02-06 12:00:00,46024.79945677939,46390.780516729275,45954.96566433279,46309.606113773254,10220.44040512619
2024-02-06 16:00:00,46309.606113773254,46389.314714824184,46087.06177981007,46177.19207064174,8733.664494943969
2024-02-06 20:00:00,46177.19207064174,46521.02102264953,46134.48817080235,46413.6087149887,8161.792051809814
2024-02-07 00:00:00,46486.30271859523,46900.25452474955,44721.80980688567,44721.80980688567,11001.013071820304
2024-02-07 04:00:00,44721.80980688567,45268.90948590982,44721.80980688567,45126.48699435802,4823.472744518355
2024-02-07 08:00:00,45126.48699435802,45138.528976432644,45073.523984804866,45073.523984804866,10892.778667696744
2024-02-07 12:00:00,45073.523984804866,45142.00030031792,44896.633249728286,44896.633249728286,6904.579743769904
2024-02-07 16:00:00,44896.633249728286,45614.918049188585,44896.633249728286,45517.15024540284,12740.668930754533
2024-02-07 20:00:00,45517.15024540284,47112.040344393405,45517.15024540284,46962.84842074371,7380.009793956498
2024-02-08 00:00:00,46967.09289765191,47130.8372003785,46964.99064311383,47099.78815576131,11832.376125224637
2024-02-08 04:00:00,47099.78815576131,47543.54842189416,46830.55233652461,47409.34329037157,6394.065394818983
2024-02-08 08:00:00,47409.34329037157,47509.940232783105,47353.56976750674,47463.01939114527,13504.929310984175
2024-02-08 12:00:00,47463.01939114527,47540.2314532368,47395.50194970091,47490.78974922261,10881.650247327409
2024-02-08 16:00:00,47490.78974922261,47600.10635820608,47353.40552863833,47573.743273203036,12625.526294115964
2024-02-08 20:00:00,47573.743273203036,47704.55844490403,47517.28888627704,47660.40170570616,5098.191390958304
2024-02-09 00:00:00,47640.42782422852,49206.13774451958,47453.574094958436,49206.13774451958,13757.834066128995
2024-02-09 04:00:00,49206.13774451958,49206.13774451958,48896.54287348211,48963.1672243866,18166.82595672412
2024-02-09 08:00:00,48963.1672243866,48963.1672243866,47810.50204596114,48129.1150897229,20217.233431271394
2024-02-09 12:00:00,48129.1150897229,48697.52728130327,47940.45062841443,48697.52728130327,9024.530742142035
2024-02-09 16:00:00,48697.52728130327,48697.52728130327,47622.658554321686,47934.717586285544,19321.504188561757
2024-02-09 20:00:00,47934.717586285544,48675.565613303756,47911.705656200465,48433.18975696416,8044.335437894439
2024-02-10 00:00:00,48550.16170091286,48755.78416529466,48152.61788899926,48152.61788899926,4581.6195242609165
2024-02-10 04:00:00,48152.61788899926,48981.94267922147,48152.61788899926,48939.53232939387,6949.929043879298
2024-02-10 08:00:00,48939.53232939387,49407.39437325603,48760.91703614415,49213.8718587134,8513.94559446315
2024-02-10 12:00:00,49213.8718587134,49353.246624064195,49165.45966775432,49309.80929149545,10937.125282502311
2024-02-10 16:00:00,49309.80929149545,49395.79662979699,49220.667530876366,49366.32617739513,7838.486827712385
2024-02-10 20:00:00,49366.32617739513,49394.69205428193,49238.13686844642,49294.98132574176,9363.246796390184
2024-02-11 00:00:00,49427.19025229494,49864.393078164816,49377.90300935445,49805.70615534605,7378.166850505325
2024-02-11 04:00:00,49805.70615534605,50281.651829000904,49789.63175949603,50281.651829000904,12319.027232343298
2024-02-11 08:00:00,50281.651829000904,50317.53268757614,50237.223724796895,50317.53268757614,8540.019210945695
2024-02-11 12:00:00,50317.53268757614,50317.53268757614,50195.44956549822,50290.812521182525,12155.061605324667
2024-02-11 16:00:00,50290.812521182525,50290.812521182525,50057.72298307381,50130.12380058282,11092.59075057707
2024-02-11 20:00:00,50130.12380058282,50130.12380058282,50082.43022520241,50105.77527787652,5529.408235435385
2024-02-12 00:00:00,50200.01439761948,50765.53558274975,45159.18624229386,45159.18624229386,9416.221912605897
2024-02-12 04:00:00,45159.18624229386,45191.10238242436,44671.570236592444,44671.570236592444,5971.809238013642
2024-02-12 08:00:00,44671.570236592444,50267.34898628799,44671.570236592444,50121.521673466144,5444.420658785345
2024-02-12 12:00:00,50121.521673466144,51093.124634643485,49943.83379632207,51093.124634643485,3857.8242604200736
2024-02-12 16:00:00,51093.124634643485,51093.124634643485,48495.9480705828,48495.9480705828,10197.918267897743
2024-02-12 20:00:00,48495.9480705828,50060.130042944795,48495.9480705828,49777.39608021954,4077.374161751957
2024-02-13 00:00:00,50447.71229306198,50493.015111180684,50197.3461422818,50218.99683509907,18142.490907576223
2024-02-13 04:00:00,50218.99683509907,50425.95767659465,50126.11791050457,50376.36345436049,7474.150917695741
2024-02-13 08:00:00,50376.36345436049,50472.132548586706,50310.645908419014,50396.768880299736,13387.133646354678
2024-02-13 12:00:00,50396.768880299736,51340.82067339948,50360.09070243784,50975.66759421523,8379.483636271161
2024-02-13 16:00:00,50975.66759421523,51054.804494310505,49590.55026962589,49590.55026962589,18999.819865153895
2024-02-13 20:00:00,49590.55026962589,51642.66498528802,49590.55026962589,51312.02029934073,21465.15527496901
2024-02-14 00:00:00,51305.85546546589,51610.10340557219,51247.546041301226,51521.81881228654,12408.370354723475
2024-02-14 04:00:00,51521.81881228654,52148.41104883103,51259.83000495671,52075.5811903343,13718.211123031495
2024-02-14 08:00:00,52075.5811903343,52105.89989027407,52048.35803186259,52064.825808604844,5789.058412560015
2024-02-14 12:00:00,52064.825808604844,52148.41104883103,51591.82697420583,51602.174716055415,10989.896569578139
2024-02-14 16:00:00,51602.174716055415,51824.929936886045,51493.539467833834,51777.104515671635,8172.099993225419
2024-02-14 20:00:00,51777.104515671635,52148.41104883103,51621.94447498734,52110.93374558506,8507.90700061813
2024-02-15 00:00:00,52056.95518673224,52567.58196904444,51958.643839273434,52406.720100173334,17730.199321067154
2024-02-15 04:00:00,52406.720100173334,52600.734737705134,52387.081199563865,52596.78244715067,21252.850582839943
2024-02-15 08:00:00,52596.78244715067,52845.53810867561,52524.515908856316,52756.93968112997,25706.667069839837
2024-02-15 12:00:00,52756.93968112997,52853.984571700305,52698.80115273829,52790.975054621114,23473.627454785514
2024-02-15 16:00:00,52790.975054621114,52945.07980139334,52727.36470435627,52924.66848819243,18877.809505082005
2024-02-15 20:00:00,52924.66848819243,53044.47315115346,52882.02456316356,53033.691836909005,14610.009543262535
2024-02-16 00:00:00,52846.398237208974,53302.10814966129,52731.98296764619,53253.3751982672,6809.370422662739
2024-02-16 04:00:00,53253.3751982672,53860.935660656665,53056.29446973653,53782.04492495357,11976.644377917213
2024-02-16 08:00:00,53782.04492495357,53860.935660656665,53143.82343454637,53173.62015593827,9409.181409762865
2024-02-16 12:00:00,53173.62015593827,53328.23328765273,53062.48792820981,53268.946267198,8691.761813414741
2024-02-16 16:00:00,53268.946267198,53372.73931738733,52974.49103416812,53160.17052023669,7586.344916012933
2024-02-16 20:00:00,53160.17052023669,53860.935660656665,53044.394426776336,53721.01193297829,10966.553893117876
2024-02-17 00:00:00,53655.66054987018,53704.31762298055,53590.20982798463,53694.96092321207,6715.811223669518
2024-02-17 04:00:00,53694.96092321207,53821.98273488042,53671.33739172752,53780.515364246145,8163.190468749635
2024-02-17 08:00:00,53780.515364246145,53831.52488711874,53777.957526182676,53792.06346080369,7164.960388418967
2024-02-17 12:00:00,53792.06346080369,53813.43657965984,53701.49159541271,53786.74874897218,4800.43538250397
2024-02-17 16:00:00,53786.74874897218,53902.05051550021,53723.91103034294,53874.94045758135,3377.976561316221
2024-02-17 20:00:00,53874.94045758135,53981.18020910077,53791.61097922245,53964.63194537472,3602.235044366603
2024-02-18 00:00:00,53856.81552819161,53912.26365721212,53708.1048303454,53708.1048303454,10934.141662152704
2024-02-18 04:00:00,53708.1048303454,53794.368254295485,53708.1048303454,53761.85675677714,6347.020546542829
2024-02-18 08:00:00,53761.85675677714,54363.30958416144,53761.85675677714,54197.29321080821,6932.175291377502
2024-02-18 12:00:00,54197.29321080821,54283.70179304333,54175.28333041528,54203.24940669071,8379.131025695104
2024-02-18 16:00:00,54203.24940669071,54216.58121145974,54184.347261731324,54191.69207212299,6712.400284590636
2024-02-18 20:00:00,54191.69207212299,54514.65381702937,54099.93077651376,54413.52365600991,8922.481492678718
2024-02-19 00:00:00,54336.48231870051,54498.94608923146,54333.694401611334,54458.05835660989,13799.915010639746
2024-02-19 04:00:00,54458.05835660989,54518.87080800903,54446.73737065068,54496.42507274846,6418.577731908924
2024-02-19 08:00:00,54496.42507274846,54871.43343311162,54453.65779538345,54732.454031697926,6425.523723622183
2024-02-19 12:00:00,54732.454031697926,54759.4218472588,54709.48904481503,54739.606738541625,10565.909413790223
2024-02-19 16:00:00,54739.606738541625,54828.112617375715,54657.39910627605,54768.17466549845,12210.540483612822
2024-02-19 20:00:00,54768.17466549845,54880.14076285836,54692.92989949257,54878.50072167229,9067.640868768845
2024-02-20 00:00:00,54860.376957168475,54912.58413408373,54664.52306345467,54664.52306345467,8503.405817974879
2024-02-20 04:00:00,54664.52306345467,54847.60876578332,54495.674476987944,54495.674476987944,7415.618193603341
2024-02-20 08:00:00,54495.674476987944,54983.834858775546,54495.674476987944,54958.795238575185,3936.4363750437415
2024-02-20 12:00:00,54958.795238575185,55675.141168301154,54908.191972164,55675.141168301154,8029.729439814826
2024-02-20 16:00:00,55675.141168301154,56247.040223358665,55594.60749331731,56247.040223358665,3465.352121523818
2024-02-20 20:00:00,56247.040223358665,56247.040223358665,55292.3797168476,55429.89984191131,7919.520293276374
2024-02-21 00:00:00,55222.88429221782,55224.07497681063,54850.45201334801,54915.378115437474,15104.991440266022
2024-02-21 04:00:00,54915.378115437474,55234.40582480933,52779.611584107675,52779.611584107675,8572.429999175642
2024-02-21 08:00:00,52779.611584107675,53723.4482421029,52779.611584107675,53489.61134379125,24356.358689922312
2024-02-21 12:00:00,53489.61134379125,55157.03034246774,53489.61134379125,54587.341496852176,10429.47529819893
2024-02-21 16:00:00,54587.341496852176,56484.45392256103,54587.341496852176,56292.98619175111,20153.847454005005
2024-02-21 20:00:00,56292.98619175111,56307.76164143877,56097.27442047094,56205.10903887134,14106.292501240496
2024-02-22 00:00:00,56502.49019774422,56594.517332056486,56486.17857075212,56582.225759777066,6733.909493157531
2024-02-22 04:00:00,56582.225759777066,56598.28290594319,56500.05171760337,56529.549148757724,10296.648299433971
2024-02-22 08:00:00,56529.549148757724,56839.440281053336,56400.99013616395,56721.46281199899,7695.582282403458
2024-02-22 12:00:00,56721.46281199899,56728.9304710573,56637.73427575785,56672.78000462782,4397.407565965573
2024-02-22 16:00:00,56672.78000462782,56769.75070595211,56630.40891323026,56741.71019808467,4097.942318029311
2024-02-22 20:00:00,56741.71019808467,56918.00102830482,56734.366995239136,56843.615736644744,9811.619355128283
2024-02-23 00:00:00,56681.14255920297,56699.738595556366,56561.69069267078,56586.049979743206,3869.128409984975
2024-02-23 04:00:00,56586.049979743206,56699.01715037945,56561.69069267078,56632.39764227335,6779.589049120512
2024-02-23 08:00:00,56632.39764227335,56725.76886010003,56561.69069267078,56707.763583652355,4255.2977879099935
2024-02-23 12:00:00,56707.763583652355,56890.47321841813,56662.31355947081,56869.98998426845,3835.1161261703583
2024-02-23 16:00:00,56869.98998426845,56958.12243861318,56561.69069267078,56761.75090621388,3458.9968919236653
2024-02-23 20:00:00,56761.75090621388,56958.12243861318,56683.97393730503,56915.189041706784,6599.067087283582
2024-02-24 00:00:00,56955.9896187374,57128.74018437018,56445.4846822289,56445.4846822289,10392.753587556159
2024-02-24 04:00:00,56445.4846822289,57059.87995506653,56445.4846822289,56820.73417647749,11607.847668877257
2024-02-24 08:00:00,56820.73417647749,57048.27159880744,56795.76233911637,56970.981426895196,10040.494505630662
2024-02-24 12:00:00,56970.981426895196,56978.57628742075,56951.374829436936,56957.01842090688,8268.711617083167
2024-02-24 16:00:00,56957.01842090688,57695.00782193185,56647.29806885533,57318.82590157237,14781.859847886917
2024-02-24 20:00:00,57318.82590157237,57942.172491857105,57107.49746825654,57750.68116029608,20453.0968969511
2024-02-25 00:00:00,57792.00841488907,57898.51118386737,57755.048405184585,57755.048405184585,8874.948198333352
2024-02-25 04:00:00,57755.048405184585,57999.383534678935,57755.048405184585,57940.23758076748,7940.54074236409
2024-02-25 08:00:00,57940.23758076748,57943.60023134148,57886.459065414296,57887.64909734285,8757.993943616166
2024-02-25 12:00:00,57887.64909734285,58046.92848640358,57844.55781544445,58002.982724205176,4702.784126660885
2024-02-25 16:00:00,58002.982724205176,58243.960158920585,57920.997194496165,58175.62261465408,8798.166815263583
2024-02-25 20:00:00,58175.62261465408,58275.92581120488,58127.8976326497,58270.88131554694,5151.329708228844
2024-02-26 00:00:00,58301.02673224276,58481.75993055381,57777.72527301606,57777.72527301606,9320.348744266816
2024-02-26 04:00:00,57777.72527301606,57984.32511979507,56647.90144397468,56647.90144397468,4412.4620899315405
2024-02-26 08:00:00,56647.90144397468,58143.30933960199,56647.90144397468,58023.952517213,9387.264569212159
2024-02-26 12:00:00,58023.952517213,58493.48451625851,57092.410352325,57092.410352325,10168.747941573452
2024-02-26 16:00:00,57092.410352325,57094.489289339675,56924.6258692749,56924.6258692749,7210.094578709861
2024-02-26 20:00:00,56924.6258692749,58877.74529413945,56924.6258692749,58772.57604424757,8224.981269702334
2024-02-27 00:00:00,59097.48032125911,59128.06579988712,59057.41967588352,59119.93769891929,8071.591045483862
2024-02-27 04:00:00,59119.93769891929,59130.69006610565,58945.091250218415,58978.507586070584,5362.999771661535
2024-02-27 08:00:00,58978.507586070584,59075.59327426059,58801.502965968735,58874.14605239131,10741.77837592816
2024-02-27 12:00:00,58874.14605239131,58929.80359148276,58761.95918375472,58761.95918375472,9616.088299570738
2024-02-27 16:00:00,58761.95918375472,58896.814297266435,58761.95918375472,58828.79176391714,7392.799215814208
2024-02-27 20:00:00,58828.79176391714,59552.973711686245,58801.502965968735,59361.220925193724,8129.773795532086
2024-02-28 00:00:00,59118.277396234786,59168.728871074294,58652.67896328868,58652.67896328868,9104.487585594075
2024-02-28 04:00:00,58652.67896328868,59021.07817788428,57660.21809760857,57660.21809760857,10784.767201025603
2024-02-28 08:00:00,57660.21809760857,58024.11715160943,57660.21809760857,57881.28633388718,12368.552576454238
2024-02-28 12:00:00,57881.28633388718,57908.89337473747,57784.43655921375,57784.43655921375,6969.928249479624
2024-02-28 16:00:00,57784.43655921375,59297.497685105634,57784.43655921375,59274.16785407378,12366.951736500041
2024-02-28 20:00:00,59274.16785407378,60422.62851604436,58997.45034658219,60179.963210790425,10263.339122436255
2024-02-29 00:00:00,60264.23827125643,60410.665927404596,60200.55716405751,60374.21158553269,14434.515457687427
2024-02-29 04:00:00,60374.21158553269,60511.59008909733,60275.72632791466,60499.89803341889,16147.30978143513
2024-02-29 08:00:00,60499.89803341889,60673.443693633235,59932.273887551535,59932.273887551535,12100.592147157218
2024-02-29 12:00:00,59932.273887551535,60101.24784141517,59932.273887551535,60092.40268482796,10723.277430071354
2024-02-29 16:00:00,60092.40268482796,60981.94775673031,60014.12383502357,60765.199904065805,18360.884325538813
2024-02-29 20:00:00,60765.199904065805,61135.75420019106,60646.75343115174,61000.48539092922,8857.303007696519
2024-03-01 00:00:00,60822.24316339724,61350.26532390169,60608.49396294918,61180.89565274221,11421.916006654286
2024-03-01 04:00:00,61180.89565274221,61191.03214824752,61080.956237788,61096.74308918176,8834.672264508277
2024-03-01 08:00:00,61096.74308918176,61267.33862531483,60760.769605921065,60772.370668338604,4255.169476481887
2024-03-01 12:00:00,60772.370668338604,60805.66474058294,60695.212700008284,60747.93171298557,7956.753077732197
2024-03-01 16:00:00,60747.93171298557,61515.21938797338,60588.63808577293,61245.82519592446,6659.434595929397
2024-03-01 20:00:00,61245.82519592446,61790.52830606303,61141.37278203927,61630.35167131737,11781.25608163642
2024-03-02 00:00:00,61517.06093160056,61567.2530011419,61496.38362194148,61540.19818506792,8224.629865067136
2024-03-02 04:00:00,61540.19818506792,61590.851701404965,61515.911397496406,61537.26559827982,6323.774328951663
2024-03-02 08:00:00,61537.26559827982,61628.74859046849,61440.91220836157,61543.07679407302,4468.7453486830145
2024-03-02 12:00:00,61543.07679407302,61588.05657151709,61491.5388770438,61556.590319845105,8776.976968796784
2024-03-02 16:00:00,61556.590319845105,61584.27118123528,61507.97812004341,61550.59868981427,6637.801939035745
2024-03-02 20:00:00,61550.59868981427,61621.50482963404,61502.59104965141,61573.48193168415,8511.204038971318
2024-03-03 00:00:00,61382.16041681007,61507.93992772138,61210.321027502694,61331.93025572557,6873.622756630422
2024-03-03 04:00:00,61331.93025572557,61348.7317745995,61277.26806758115,61337.672346800086,6526.117655759682
2024-03-03 08:00:00,61337.672346800086,61574.17790958306,61246.19587367114,61544.14677897533,11205.836004242346
2024-03-03 12:00:00,61544.14677897533,61657.84647092777,61538.1920636767,61653.494385001446,8142.682726305106
2024-03-03 16:00:00,61653.494385001446,61937.155026715045,61559.215888954546,61863.47445870021,10689.23823989148
2024-03-03 20:00:00,61863.47445870021,62068.71540775013,61863.13957171932,62031.05769946514,7347.484325481499
2024-03-04 00:00:00,62357.68356102147,62794.371497371096,62326.998380243334,62706.553966511434,7073.51187896535
2024-03-04 04:00:00,62706.553966511434,62800.06637691861,62700.16904614721,62800.06637691861,9644.50353251171
2024-03-04 08:00:00,62800.06637691861,62800.06637691861,62497.0089458977,62617.41088435386,6792.419147797235
2024-03-04 12:00:00,62617.41088435386,62885.76930105146,62605.20100472242,62885.76930105146,14535.761043587287
2024-03-04 16:00:00,62885.76930105146,62885.76930105146,62616.966940935985,62620.1163053372,14621.572022930435
2024-03-04 20:00:00,62620.1163053372,62783.62788632325,62588.495233835056,62739.893103910304,12483.559637819528
2024-03-05 00:00:00,62559.61730897326,62766.12172854632,62552.67420391571,62710.582253363886,5922.76453812839
2024-03-05 04:00:00,62710.582253363886,64391.99538362505,62449.58005138491,64391.99538362505,14670.91831569261
2024-03-05 08:00:00,64391.99538362505,65086.90415634692,64182.44707311062,65086.90415634692,10088.962367478525
2024-03-05 12:00:00,65086.90415634692,65486.77149178357,64868.97128281319,65486.77149178357,5991.309972178179
2024-03-05 16:00:00,65486.77149178357,65486.77149178357,64410.506631042495,64739.12571898168,7396.44335858301
2024-03-05 20:00:00,64739.12571898168,64739.12571898168,63600.97313933863,63974.86954141404,9474.608144739583
2024-03-06 00:00:00,63821.32091817447,64189.923378985346,63671.67122020579,63948.93446451519,5775.155223539138
2024-03-06 04:00:00,63948.93446451519,64174.07417216273,63914.01241233857,64141.90058031529,9037.896370493165
2024-03-06 08:00:00,64141.90058031529,64460.044249241175,64022.25047425859,64364.43053374503,5524.56407805894
2024-03-06 12:00:00,64364.43053374503,64396.83157171651,64239.31653137745,64279.757620626806,9734.910054816008
2024-03-06 16:00:00,64279.757620626806,64295.78942885111,64113.870289800325,64161.35452077351,9403.21876853157
2024-03-06 20:00:00,64161.35452077351,64369.7308357377,63995.20383921483,64359.216199460316,5532.963814646393
2024-03-07 00:00:00,64231.80630797267,64543.715685938536,64138.55115798128,64416.74725877305,12665.780516881812
2024-03-07 04:00:00,64416.74725877305,64532.93916202631,64372.68080417164,64484.90516188538,10706.565906132022
2024-03-07 08:00:00,64484.90516188538,64572.81939042653,64187.237038416024,64284.38416512693,8400.915543327068
2024-03-07 12:00:00,64284.38416512693,64527.12120022434,64256.1635645416,64508.43587050525,6291.907916654702
2024-03-07 16:00:00,64508.43587050525,64605.64750319034,64467.32785723299,64568.34265147195,12139.301907121246
2024-03-07 20:00:00,64568.34265147195,64590.04859733719,64488.70351264332,64501.26139158805,12592.335891514693
2024-03-08 00:00:00,64532.72145081547,64544.91168537619,64502.573727866264,64525.13539189955,8379.081131852156
2024-03-08 04:00:00,64525.13539189955,64747.5508615686,64481.747394792605,64707.49754588262,17862.76320565847
2024-03-08 08:00:00,64707.49754588262,64807.9481369825,64625.49395611618,64799.244582529376,11631.214893855407
2024-03-08 12:00:00,64799.244582529376,64807.9481369825,64551.07782834569,64641.51340944349,6434.492158186839
2024-03-08 16:00:00,64641.51340944349,64786.340669274665,64497.19917209002,64606.044170586516,15626.739559634925
2024-03-08 20:00:00,64606.044170586516,64807.9481369825,64553.22707787854,64785.414049868086,7798.860878122884
2024-03-09 00:00:00,64705.82594564332,64904.13319830017,64686.459295285276,64822.29491372481,7226.390407421824
2024-03-09 04:00:00,64822.29491372481,65167.56638952599,64767.50414528306,65064.096394146494,4546.832282641253
2024-03-09 08:00:00,65064.096394146494,65129.42544813083,65056.47586309723,65103.559921260334,9948.314141321038
2024-03-09 12:00:00,65103.559921260334,65140.13361701854,65069.08392459638,65139.939774906066,5492.212176501861
2024-03-09 16:00:00,65139.939774906066,65334.00673859156,65074.42168146506,65248.21052207579,8441.186551773231
2024-03-09 20:00:00,65248.21052207579,65426.22021706538,65142.829960616764,65347.657047320106,9509.723967504398
2024-03-10 00:00:00,65105.195172273074,71052.7199699764,64819.45620260868,71052.7199699764,10610.407924654632
2024-03-10 04:00:00,71052.7199699764,74839.35829442846,69764.91167593913,74839.35829442846,7418.603378286465
2024-03-10 08:00:00,74839.35829442846,74839.35829442846,67604.65080629512,68794.81442322681,17713.818162900578
2024-03-10 12:00:00,68794.81442322681,70415.24134474779,68608.16764649173,70415.24134474779,7625.843649264568
2024-03-10 16:00:00,70415.24134474779,70415.24134474779,62521.8761782051,62521.8761782051,17457.789577229418
2024-03-10 20:00:00,62521.8761782051,67517.4586707928,62521.8761782051,65879.41170660256,9296.519693510098
2024-03-11 00:00:00,66918.69473703355,67929.83558294801,66661.04410953261,67447.95508322169,6689.323181010002
2024-03-11 04:00:00,67447.95508322169,67556.76285087518,67072.59422100402,67143.15500654503,8360.58451182503
2024-03-11 08:00:00,67143.15500654503,67190.50742767072,66999.7730243208,67019.94894626175,10221.84519300653
2024-03-11 12:00:00,67019.94894626175,67676.13534123884,66919.65622669937,67438.73448759754,5638.731679498317
2024-03-11 16:00:00,67438.73448759754,67453.69442467087,67031.44383297727,67148.0487593147,5968.664838799129
2024-03-11 20:00:00,67148.0487593147,68016.88684002547,67044.91783655756,67899.75692969284,11461.199794482245
2024-03-12 00:00:00,68032.65060631413,68075.43427785429,67571.0004210888,67571.0004210888,5377.00123250277
2024-03-12 04:00:00,67571.0004210888,67668.4602309075,67571.0004210888,67660.35835495588,7775.885790622982
2024-03-12 08:00:00,67660.35835495588,67701.88469686126,67356.55873923059,67356.55873923059,11624.572346884395
2024-03-12 12:00:00,67356.55873923059,68217.44873763698,67356.55873923059,68186.45249551501,8239.78151327439
2024-03-12 16:00:00,68186.45249551501,68232.55508757244,68052.77547804754,68132.13912131861,6325.390115802174
2024-03-12 20:00:00,68132.13912131861,69147.6103574056,67905.52375599368,69090.81181555617,5816.7952336444905
2024-03-13 00:00:00,69388.56088225788,69550.61887749986,69263.26062131708,69550.61887749986,6613.180517256564
2024-03-13 04:00:00,69550.61887749986,69550.61887749986,69135.51744745762,69154.09670697215,3329.337952301211
2024-03-13 08:00:00,69154.09670697215,69274.07671554186,68777.608417913,68777.608417913,8367.945020364932
2024-03-13 12:00:00,68777.608417913,69207.58268570114,68777.608417913,69180.8084914636,5794.161343195096
2024-03-13 16:00:00,69180.8084914636,69275.9454544821,69135.51744745762,69146.06903034206,8043.741231095058
2024-03-13 20:00:00,69146.06903034206,69169.98491357015,69135.51744745762,69143.24487552501,7153.457435606578
2024-03-14 00:00:00,68971.44082574637,69272.87940272823,68813.69345203128,69220.11943988167,7620.9780660567685
2024-03-14 04:00:00,69220.11943988167,69308.90176367485,68904.57117105584,68956.7762909819,11887.35102593253
2024-03-14 08:00:00,68956.7762909819,69021.12220826757,68948.01087031109,69010.98829474203,9658.938458094286
2024-03-14 12:00:00,69010.98829474203,69439.29858388232,68813.3649660532,69332.55856253122,7449.844662139881
2024-03-14 16:00:00,69332.55856253122,69480.9521074285,69265.8574005397,69473.26988520239,5819.930543638732
2024-03-14 20:00:00,69473.26988520239,69641.09277044974,69375.08554966317,69581.47809488288,10745.141041720615
2024-03-15 00:00:00,69303.86275910641,69312.04628710078,69086.33284615807,69132.2032049847,11355.811993993886
2024-03-15 04:00:00,69132.2032049847,69170.80469023774,69117.19966077685,69123.61580140791,6809.140083577518
2024-03-15 08:00:00,69123.61580140791,69289.93332548939,69086.33284615807,69261.7714542067,7854.74130299985
2024-03-15 12:00:00,69261.7714542067,69309.71246709376,69192.73781942205,69222.55455505903,12630.272103932371
2024-03-15 16:00:00,69222.55455505903,69378.10667355084,69174.87004796043,69378.10667355084,6003.62689938207
2024-03-15 20:00:00,69378.10667355084,69378.10667355084,69086.33284615807,69099.43337540563,6895.801777640773
2024-03-16 00:00:00,69032.30254495802,69082.24632778906,68901.2808819125,68902.83629053929,9291.700445582977
2024-03-16 04:00:00,68902.83629053929,69126.1746060709,68630.46152686057,68777.24302021271,9571.505673755832
2024-03-16 08:00:00,68777.24302021271,69058.84156877424,68548.28124598441,68915.9480126887,4699.3093450827455
2024-03-16 12:00:00,68915.9480126887,68953.22121200046,68901.7492215889,68943.74237888957,4557.2397823236115
2024-03-16 16:00:00,68943.74237888957,69005.27711272246,68864.75116484491,68954.01905080154,7790.888416302921
2024-03-16 20:00:00,68954.01905080154,68972.13387426552,68936.94976627611,68963.36308522585,6257.680114368131
2024-03-17 00:00:00,68819.72786283294,69577.13454822222,68711.96844328658,69272.22918073063,8863.656939306222
2024-03-17 04:00:00,69272.22918073063,69636.84400627918,69200.74823526872,69605.51022018718,8282.409476040348
2024-03-17 08:00:00,69605.51022018718,70008.98120168726,69587.41708675539,70008.98120168726,7671.85738563891
2024-03-17 12:00:00,70008.98120168726,70342.69408984105,69792.52352598075,70342.69408984105,6786.393994018352
2024-03-17 16:00:00,70342.69408984105,72368.32325351624,70233.37854186112,72368.32325351624,12518.92903568158
2024-03-17 20:00:00,72368.32325351624,72368.32325351624,69132.31399174825,69833.99470217741,7614.315032311418
2024-03-18 00:00:00,69920.9853328128,69982.93150774445,69488.61056504924,69671.86208139182,9701.42799187103
2024-03-18 04:00:00,69671.86208139182,69897.24061808115,68986.10283285008,69200.59418515637,18019.61245756253
2024-03-18 08:00:00,69200.59418515637,69261.44765815571,68693.50991285358,68759.36438162606,7906.250379762026
2024-03-18 12:00:00,68759.36438162606,69102.39518323856,68702.28865907634,69039.50380009058,17673.692205051255
2024-03-18 16:00:00,69039.50380009058,69163.18125027885,68105.74877524914,68105.74877524914,13924.81193099412
2024-03-18 20:00:00,68105.74877524914,68541.01129192978,68105.74877524914,68502.62397642176,17413.26649858806
2024-03-19 00:00:00,68440.67723318869,68442.81106720501,68268.15158168529,68305.04842444113,4257.339899254209
2024-03-19 04:00:00,68305.04842444113,68319.26566912251,68212.44596150855,68242.11282261026,8679.307659009288
2024-03-19 08:00:00,68242.11282261026,68266.73815078166,67819.85781905027,67958.34701246876,4032.7148256808446
2024-03-19 12:00:00,67958.34701246876,68108.61098246153,67927.7818876663,67969.71604982424,4605.822789091536
2024-03-19 16:00:00,67969.71604982424,68027.90537942472,67958.11183413267,67998.5113868342,6053.342912402665
2024-03-19 20:00:00,67998.5113868342,68011.956454175,67879.90950354416,67913.85720678963,8979.0656983169
2024-03-20 00:00:00,67764.09429127192,67856.02625882755,67690.7182753263,67719.58050551674,17451.2700222717
2024-03-20 04:00:00,67719.58050551674,67844.77076176043,67656.06194405544,67841.98674408872,9812.297123257062
2024-03-20 08:00:00,67841.98674408872,67961.9462947319,67809.71118562567,67961.03037687011,14761.590290937864
2024-03-20 12:00:00,67961.03037687011,68056.6370632084,67920.48827216482,68017.72800973993,15300.845193225014
2024-03-20 16:00:00,68017.72800973993,68164.25795386496,67994.73406338363,68067.24261623979,13574.97965359898
2024-03-20 20:00:00,68067.24261623979,68287.15743190533,67970.80390913883,68254.81836967738,17481.293997810353
2024-03-21 00:00:00,68145.16941297508,68505.6590840363,67143.0128998308,67331.86745452893,14064.084501868445
2024-03-21 04:00:00,67331.86745452893,67801.1506078745,65642.07261731706,65642.07261731706,30461.846288642057
2024-03-21 08:00:00,65642.07261731706,67625.50703638034,65642.07261731706,67134.35124730648,27153.627941199404
2024-03-21 12:00:00,67134.35124730648,67526.77715806435,65804.21630629984,65804.21630629984,23041.00936840335
2024-03-21 16:00:00,65804.21630629984,66116.09538713322,65804.21630629984,65946.21718896247,21979.400473132133
2024-03-21 20:00:00,65946.21718896247,67050.22101401414,65946.21718896247,66684.93466206055,21884.01025296795
2024-03-22 00:00:00,67157.3453563047,67206.4506683639,67147.98004039617,67197.18269973759,3780.5598325763103
2024-03-22 04:00:00,67197.18269973759,67214.19157597449,66956.08047668161,66984.53180837164,7145.39396716341
2024-03-22 08:00:00,66984.53180837164,67014.35313421072,65809.90320444715,65809.90320444715,3794.838133286171
2024-03-22 12:00:00,65809.90320444715,66438.09698522418,63796.91241594784,63796.91241594784,4382.8043642011235
2024-03-22 16:00:00,63796.91241594784,64218.50943602756,63796.91241594784,64047.53874305163,3672.6948070591325
2024-03-22 20:00:00,64047.53874305163,67369.0386527934,64047.53874305163,66372.14673961488,5897.06691496817
2024-03-23 00:00:00,66220.53268373107,66655.02553207663,66177.49746682878,66600.03847347191,3722.2215459123095
2024-03-23 04:00:00,66600.03847347191,66657.6476824496,66445.09207147965,66450.05396499329,6450.188717609044
2024-03-23 08:00:00,66450.05396499329,66785.81140329718,65004.844067401275,65004.844067401275,6117.948790869716
2024-03-23 12:00:00,65004.844067401275,65999.72291694194,65004.844067401275,65861.18620253511,6893.104927036915
2024-03-23 16:00:00,65861.18620253511,67028.64711591476,65861.18620253511,66907.93980179403,10616.903772456293
2024-03-23 20:00:00,66907.93980179403,66909.83758716729,66830.52272417254,66854.02602967925,5011.662329081527
2024-03-24 00:00:00,66832.93837632072,67045.88619957173,66676.46571038438,66902.59624488628,6464.877857983131
2024-03-24 04:00:00,66902.59624488628,66911.80290856362,66740.50494730365,66853.93182323263,6515.560711142162
2024-03-24 08:00:00,66853.93182323263,66904.84497893677,66415.60245265329,66470.64774363046,11465.727085661476
2024-03-24 12:00:00,66470.64774363046,66510.4024163912,66271.11630379086,66318.21621812622,10459.844474161715
2024-03-24 16:00:00,66318.21621812622,66586.39083025293,65752.46346943415,65907.31587147071,9846.528638224976
2024-03-24 20:00:00,65907.31587147071,65924.92396086517,65865.03550377984,65876.70321354327,10634.749612859936
2024-03-25 00:00:00,65600.72117480749,65831.32774298752,65476.07864971385,65831.32774298752,7188.490966861716
2024-03-25 04:00:00,65831.32774298752,66039.80317523463,65688.6241693579,66039.80317523463,8139.514910825095
2024-03-25 08:00:00,66039.80317523463,66213.86336438614,66008.1876355632,66213.86336438614,6360.776772401241
2024-03-25 12:00:00,66213.86336438614,66213.86336438614,65863.53652409054,66009.50663293418,8493.517309710907
2024-03-25 16:00:00,66009.50663293418,66009.50663293418,65205.79840530143,65294.9953696094,4848.614940102523
2024-03-25 20:00:00,65294.9953696094,65295.48862947677,65205.79840530143,65233.47607372284,3738.5612155159947
2024-03-26 00:00:00,65329.903799788735,65335.06689242146,65329.6191289527,65329.85395083614,3287.7695538593607
2024-03-26 04:00:00,65329.85395083614,65508.7334345416,65232.72975938646,65361.86051648375,7582.945777574529
2024-03-26 08:00:00,65361.86051648375,65594.74568821664,65336.42885450372,65403.00024244767,4682.38574868742
2024-03-26 12:00:00,65403.00024244767,65499.54520656484,65326.57376316576,65437.25373390563,4916.143734561536
2024-03-26 16:00:00,65437.25373390563,65734.65060238648,65284.28041853569,65547.28857538728,3199.9946979489882
2024-03-26 20:00:00,65547.28857538728,65753.35179565984,65467.80891427122,65639.82071972995,3675.5326983208656
2024-03-27 00:00:00,65639.29157459606,65781.06401137103,65444.25660971378,65577.35624687618,8486.516549659207
2024-03-27 04:00:00,65577.35624687618,65795.56341845708,65527.71383115695,65752.530000386,7885.86467175933
2024-03-27 08:00:00,65752.530000386,65795.56341845708,65444.25660971378,65564.25825909093,5913.89003570558
2024-03-27 12:00:00,65564.25825909093,65795.56341845708,65444.25660971378,65661.33026327827,7808.456966811659
2024-03-27 16:00:00,65661.33026327827,65730.69941827812,65493.52155451369,65523.62997766064,5251.948240447123
2024-03-27 20:00:00,65523.62997766064,65560.98817358741,65512.279527264414,65542.37139979214,6751.9673539147025
2024-03-28 00:00:00,65954.62939102197,66237.4903526186,65707.21176744075,66221.82931359549,4198.665475383697
2024-03-28 04:00:00,66221.82931359549,66387.53793182036,65124.56547505916,65305.212895651,9003.712384828656
2024-03-28 08:00:00,65305.212895651,65465.256939925486,65124.56547505916,65173.070984479746,5682.723789811327
2024-03-28 12:00:00,65173.070984479746,65678.32109582417,65138.65571568435,65639.5924075131,5807.021548410839
2024-03-28 16:00:00,65639.5924075131,65937.63176191047,65527.66846678644,65912.51375525481,4890.814838360614
2024-03-28 20:00:00,65912.51375525481,66139.43614686695,65165.49426671809,65248.71661660996,3086.2188069453628
2024-03-29 00:00:00,65308.7088820745,65339.19546428763,65243.88584672318,65259.743087717085,7476.7401647112665
2024-03-29 04:00:00,65259.743087717085,65365.103679394175,65250.6601408302,65313.856084037856,9185.42041475398
2024-03-29 08:00:00,65313.856084037856,65321.775159413344,65289.20003362896,65307.542061689535,6999.788505202626
2024-03-29 12:00:00,65307.542061689535,65319.27116931906,65274.120913005325,65318.33423592121,16154.889721173502
2024-03-29 16:00:00,65318.33423592121,65408.43250847478,65236.25545630082,65291.50344533582,8124.315858319127
2024-03-29 20:00:00,65291.50344533582,65306.23990847233,65268.03990905001,65270.73977786508,14855.340820138053
2024-03-30 00:00:00,64929.168090543775,65669.21086329478,64684.190265478515,65528.405821354565,17146.591013345685
2024-03-30 04:00:00,65528.405821354565,65540.50273511306,65439.153917732314,65484.042487475424,14571.681171291826
2024-03-30 08:00:00,65484.042487475424,66241.61517890496,65136.098949346095,66241.61517890496,24507.13472312977
2024-03-30 12:00:00,66241.61517890496,66241.61517890496,66162.88688580072,66166.8767994027,20394.098007826487
2024-03-30 16:00:00,66166.8767994027,66664.11184620738,66011.30834535166,66664.11184620738,23410.592930955972
2024-03-30 20:00:00,66664.11184620738,66664.11184620738,65443.37224686454,65729.53015658575,19374.625297585586
2024-03-31 00:00:00,65792.0291432643,66130.63712712856,64771.39920707572,64771.39920707572,8787.652477845046
2024-03-31 04:00:00,64771.39920707572,69523.09971436221,64771.39920707572,69523.09971436221,13374.93207790484
2024-03-31 08:00:00,69523.09971436221,70392.62398129875,68954.76412433323,70392.62398129875,6565.902241564533
2024-03-31 12:00:00,70392.62398129875,71230.67950640652,70075.7170670355,71230.67950640652,7117.870101184827
2024-03-31 16:00:00,71230.67950640652,71716.94806978722,71224.13823513151,71716.94806978722,10993.948355712697
2024-03-31 20:00:00,71716.94806978722,71716.94806978722,65690.15109801675,65690.15109801675,5151.371331042085
2024-04-01 00:00:00,66154.63125273306,66186.49148579636,66125.9025263043,66173.96037618155,6474.1785199615515
2024-04-01 04:00:00,66173.96037618155,66174.2961891187,66122.36254443115,66157.23138261453,4927.770051614109
2024-04-01 08:00:00,66157.23138261453,66339.68629125577,66062.32597150696,66280.48212893565,5702.535742889963
2024-04-01 12:00:00,66280.48212893565,66365.40387148548,66053.5378266936,66170.48661980443,3960.8245098003463
2024-04-01 16:00:00,66170.48661980443,66224.69086880084,66019.56794097491,66208.90023609775,3813.6880861495406
2024-04-01 20:00:00,66208.90023609775,66284.2006213423,66095.8727725431,66199.39244918371,4006.0323495063867
2024-04-02 00:00:00,66258.38398677981,66317.45218702804,66201.4680976982,66292.42588055665,5834.033555454328
2024-04-02 04:00:00,66292.42588055665,66293.82797033053,66271.12817212968,66282.77979576282,5614.821896628914
2024-04-02 08:00:00,66282.77979576282,66351.73041650795,66246.27405837442,66279.49583007759,3021.150418122614
2024-04-02 12:00:00,66279.49583007759,66279.74965387977,66224.44434843575,66256.21666844845,4398.571741131969
2024-04-02 16:00:00,66256.21666844845,66294.39186417953,66217.53434506303,66234.033406921,3631.794038930743
2024-04-02 20:00:00,66234.033406921,66312.02884902195,66203.80738810565,66210.01050881915,5753.057340163945
2024-04-03 00:00:00,65905.34357068934,65961.96839707113,65777.49068929163,65777.96531635917,9616.681384585741
2024-04-03 04:00:00,65777.96531635917,65828.74548642247,65606.31855803185,65689.75094515206,6952.777992888981
2024-04-03 08:00:00,65689.75094515206,65709.01637054466,65674.13780637889,65696.01836411779,11713.227322999926
2024-04-03 12:00:00,65696.01836411779,65720.79107588196,65658.38267559558,65686.08173202892,7729.950466673734
2024-04-03 16:00:00,65686.08173202892,65727.79865768422,65638.4137477478,65645.89603054304,8522.596945423253
2024-04-03 20:00:00,65645.89603054304,65660.74217412723,65639.7606991369,65649.6637850849,8396.179830723864
2024-04-04 00:00:00,65583.49211426775,65989.06452214623,63982.91297772436,63982.91297772436,7349.797818550994
2024-04-04 04:00:00,63982.91297772436,64457.652402578446,63982.91297772436,64340.02352890574,6511.631554132154
2024-04-04 08:00:00,64340.02352890574,65382.601773134644,64340.02352890574,65100.898644205416,4986.29854613384
2024-04-04 12:00:00,65100.898644205416,68445.76354765246,64775.129166044695,68445.76354765246,6467.248175724024
2024-04-04 16:00:00,68445.76354765246,68445.76354765246,65896.71814187191,66389.1141913009,4949.594786381626
2024-04-04 20:00:00,66389.1141913009,66389.1141913009,65637.74082214427,65906.82082396593,5149.9213163191225
2024-04-05 00:00:00,66134.11371851696,66142.28723375779,66059.0399750458,66115.47478994819,11139.223660009713
2024-04-05 04:00:00,66115.47478994819,66243.16978612953,65555.33057163135,65762.82800988475,11102.918007336431
2024-04-05 08:00:00,65762.82800988475,65878.80701046021,65275.17851996493,65345.56896436689,10993.29103991723
2024-04-05 12:00:00,65345.56896436689,65455.56185692191,65267.20668467158,65452.29875305254,15776.792463919675
2024-04-05 16:00:00,65452.29875305254,65603.9099816667,65127.71117793982,65262.21431295956,13660.038233230083
2024-04-05 20:00:00,65262.21431295956,65522.119436468645,65152.0014618661,65400.83843209842,7560.931877116488
2024-04-06 00:00:00,65412.59928621424,65513.00800507665,64899.37411747538,64899.37411747538,6129.994817602843
2024-04-06 04:00:00,64899.37411747538,64931.72453111086,64899.37411747538,64909.94611748613,3694.8880677178477
2024-04-06 08:00:00,64909.94611748613,64994.38728767399,64909.94611748613,64930.78274557256,4964.188059921209
2024-04-06 12:00:00,64930.78274557256,65224.221293218245,64930.78274557256,65197.2124834103,4383.968646163948
2024-04-06 16:00:00,65197.2124834103,65232.93649599439,64955.077918633426,65022.46709600137,3529.34255041253
2024-04-06 20:00:00,65022.46709600137,65089.44646779354,65012.244755630476,65052.980890272556,5401.587775904119
2024-04-07 00:00:00,65017.600366918145,65044.75173992596,64786.77294180202,64844.80344710322,6570.795187982488
2024-04-07 04:00:00,64844.80344710322,65000.0822390315,64788.284782112656,64974.426344030784,5207.160724160298
2024-04-07 08:00:00,64974.426344030784,65035.35037484244,64882.08251023031,64933.40081578601,4835.615463042996
2024-04-07 12:00:00,64933.40081578601,64980.34907683973,64782.026836925936,64868.38541840835,4772.238393875904
2024-04-07 16:00:00,64868.38541840835,65166.987245945216,64740.43800416144,65136.354947247986,4458.590345136765
2024-04-07 20:00:00,65136.354947247986,65337.480975589286,65074.006476745075,65312.214879321575,7567.125215897343
2024-04-08 00:00:00,65004.721718770976,65046.4672951589,62846.91657318635,62846.91657318635,7375.558353348289
2024-04-08 04:00:00,62846.91657318635,63722.90723915251,62846.91657318635,63504.61251388244,9411.354044469583
2024-04-08 08:00:00,63504.61251388244,63755.157401429184,60901.10744089673,60901.10744089673,11428.672915423891
2024-04-08 12:00:00,60901.10744089673,62243.17962312305,60901.10744089673,61874.0079125748,15339.52612303892
2024-04-08 16:00:00,61874.0079125748,63181.81976280147,61874.0079125748,63039.32563900174,10846.373705432461
2024-04-08 20:00:00,63039.32563900174,64587.30816514581,63039.32563900174,64080.227621980644,16562.042965148823
2024-04-09 00:00:00,64321.06584261462,64491.68372882633,64238.053133134774,64457.514687788826,14221.412166709211
2024-04-09 04:00:00,64457.514687788826,64524.44981276951,64417.091018751795,64471.950338983974,17228.43900440959
2024-04-09 08:00:00,64471.950338983974,64595.9699433095,63892.5386922966,64127.10033291154,22017.780109478463
2024-04-09 12:00:00,64127.10033291154,64225.55848401172,64009.10839188823,64201.00896693559,18863.78407862293
2024-04-09 16:00:00,64201.00896693559,65064.204869391084,63796.404955795624,65064.204869391084,12475.900860875889
2024-04-09 20:00:00,65064.204869391084,65064.204869391084,63509.74025329974,63602.50172593085,18334.064511857672
2024-04-10 00:00:00,63493.71351275509,63522.862476112285,63352.842293173315,63389.41628592371,5686.577474153048
2024-04-10 04:00:00,63389.41628592371,63563.477436702204,63241.445052384974,63351.182694497504,9447.584140645762
2024-04-10 08:00:00,63351.182694497504,63588.781509727734,63344.652768517095,63561.75201535712,7654.18875971451
2024-04-10 12:00:00,63561.75201535712,63654.622026372395,63560.5560350788,63654.622026372395,10728.656813967982
2024-04-10 16:00:00,63654.622026372395,63654.622026372395,63420.41118016841,63439.57350289955,13250.66245633297
2024-04-10 20:00:00,63439.57350289955,63630.82986228349,63102.21424931068,63189.00425929282,11414.48674059259
2024-04-11 00:00:00,63247.3439371685,63286.40393519352,63072.81272794927,63079.234007947125,7517.145424335906
2024-04-11 04:00:00,63079.234007947125,63120.862527364065,63072.81272794927,63092.53867984563,4757.492147878268
2024-04-11 08:00:00,63092.53867984563,63286.40393519352,63072.81272794927,63192.939338844524,10403.065015269678
2024-04-11 12:00:00,63192.939338844524,63311.87751144537,63087.970192299625,63311.87751144537,6792.354079965543
2024-04-11 16:00:00,63311.87751144537,63359.03781216832,63147.7527320849,63359.03781216832,11783.361538160734
2024-04-11 20:00:00,63359.03781216832,63359.03781216832,63072.81272794927,63089.96691142617,12872.436823618327
2024-04-12 00:00:00,62978.89785513219,63065.321545492145,62747.38647939363,62836.88311428976,9048.520900628304
2024-04-12 04:00:00,62836.88311428976,62970.033142372435,62748.990450306,62816.79673730999,19078.45875782306
2024-04-12 08:00:00,62816.79673730999,62886.52835135558,62771.581815530546,62775.91230154719,14661.807056095235
2024-04-12 12:00:00,62775.91230154719,62785.14693345334,62692.61771058248,62736.26858910803,9662.96759995718
2024-04-12 16:00:00,62736.26858910803,62822.01469701932,62516.758503490244,62571.96943891857,15324.51545292034
2024-04-12 20:00:00,62571.96943891857,62575.58428478856,62552.97005792414,62556.41354552154,13119.32927557412
2024-04-13 00:00:00,62714.27306776951,62987.638116810165,59601.01102982503,59601.01102982503,9001.926608705227
2024-04-13 04:00:00,59601.01102982503,60105.6274215814,59601.01102982503,59977.296345438815,9901.716237619308
2024-04-13 08:00:00,59977.296345438815,60726.03524284459,59977.296345438815,60706.55969667561,8259.755402820861
2024-04-13 12:00:00,60706.55969667561,61717.77963987316,60706.55969667561,61402.504594133,10795.776038074504
2024-04-13 16:00:00,61402.504594133,61456.49699260681,61212.973764145805,61212.973764145805,8592.81411160954
2024-04-13 20:00:00,61212.973764145805,62142.82324268771,61212.973764145805,62098.70863415187,11901.255186786151
2024-04-14 00:00:00,62236.06755214761,62245.438274198954,61722.37026696591,61838.13584350195,6685.4737222830845
2024-04-14 04:00:00,61838.13584350195,61883.10037833654,61668.002082270395,61668.002082270395,8129.463077471244
2024-04-14 08:00:00,61668.002082270395,61960.62246493282,61668.002082270395,61821.66798325011,7964.5280433269
2024-04-14 12:00:00,61821.66798325011,61945.4285083567,61680.42011136339,61680.42011136339,5092.558673029182
2024-04-14 16:00:00,61680.42011136339,61866.85086973545,61504.932124802006,61504.932124802006,7082.236953871433
2024-04-14 20:00:00,61504.932124802006,61840.54481686024,61504.932124802006,61769.635355156744,3160.5343952375692
2024-04-15 00:00:00,61841.622387559546,62044.844791435564,61839.96802895593,61965.282318044265,5083.342740854655
2024-04-15 04:00:00,61965.282318044265,62089.11755381429,61915.904199121636,62017.157734470224,8903.527556006906
2024-04-15 08:00:00,62017.157734470224,62178.03755916012,62011.430787210884,62107.04306993912,6781.107510201208
2024-04-15 12:00:00,62107.04306993912,62197.538875069506,62067.28706243172,62178.41059819532,5424.372316972503
2024-04-15 16:00:00,62178.41059819532,62278.26528215043,62112.22741152562,62182.71303054463,4170.960022437828
2024-04-15 20:00:00,62182.71303054463,62231.022332221866,62114.05420810849,62156.375115069925,4915.06472691951
2024-04-16 00:00:00,62017.17830933307,62066.812477042266,61917.30750152861,61951.31384689673,11580.10800808603
2024-04-16 04:00:00,61951.31384689673,61964.99531421477,61728.881413086776,61770.56253577235,6528.295975416632
2024-04-16 08:00:00,61770.56253577235,61790.23636025389,61766.850879216276,61776.24349417244,5907.906522590545
2024-04-16 12:00:00,61776.24349417244,61891.25896487915,61723.11061960724,61816.75383058443,11074.367717145793
2024-04-16 16:00:00,61816.75383058443,61857.66502125425,61787.78521949195,61815.786213611915,4442.879495112508
2024-04-16 20:00:00,61815.786213611915,61955.820295284444,61717.259099920164,61727.090281918914,9143.309292887894
2024-04-17 00:00:00,61972.88408702326,62933.26635345535,45260.232603027805,45260.232603027805,13867.005976590663
2024-04-17 04:00:00,45260.232603027805,45457.966049345836,45260.232603027805,45436.165691822025,13286.378890501202
2024-04-17 08:00:00,45436.165691822025,45765.04807295701,43264.2982934968,43264.2982934968,12788.225833853834
2024-04-17 12:00:00,43264.2982934968,46223.77612687826,43264.2982934968,45220.01003088826,9716.069356880438
2024-04-17 16:00:00,45220.01003088826,62933.26635345535,45220.01003088826,59756.24166374863,17036.565642152964
2024-04-17 20:00:00,59756.24166374863,60321.69535004719,57422.22002613679,57422.22002613679,7490.499513059077
2024-04-18 00:00:00,62802.47196153092,62876.79146718293,62796.51213483136,62820.14016739605,7643.4800935432895
2024-04-18 04:00:00,62820.14016739605,62904.85143741241,62551.13356411806,62621.93475633797,8909.323790399809
2024-04-18 08:00:00,62621.93475633797,62990.56643992021,62488.32723160729,62893.88518426386,8519.725410417355
2024-04-18 12:00:00,62893.88518426386,63125.07643953947,62111.17148206035,62228.41045724543,9119.841610004103
2024-04-18 16:00:00,62228.41045724543,62448.88825563104,61801.3236952064,61967.81906898363,5300.230702551322
2024-04-18 20:00:00,61967.81906898363,62003.07157601948,61950.22689403147,61995.60064089574,5925.2569909615
2024-04-19 00:00:00,62238.936135081916,62251.18614507028,62105.62399889681,62150.034280955966,4838.1598883024435
2024-04-19 04:00:00,62150.034280955966,62419.16402787485,61558.7275257029,61694.13375140717,5600.308847340869
2024-04-19 08:00:00,61694.13375140717,61747.40304629518,61452.82636653996,61452.82636653996,3634.494322777438
2024-04-19 12:00:00,61452.82636653996,62283.58400360836,61452.82636653996,61882.308969276484,3808.588966157913
2024-04-19 16:00:00,61882.308969276484,61945.26323550371,61793.48742374499,61928.00492028952,4163.455801629996
2024-04-19 20:00:00,61928.00492028952,62030.08873420136,61801.80589476683,61904.53121609676,4806.889842346423
2024-04-20 00:00:00,61989.03789157185,62155.95639406823,61697.35248779497,61771.305637622936,15608.289403816674
2024-04-20 04:00:00,61771.305637622936,61868.16788675297,61730.43883659617,61822.193481349546,8307.05215974645
2024-04-20 08:00:00,61822.193481349546,61896.75456745986,61313.00110685072,61466.87093193119,8969.34493809602
2024-04-20 12:00:00,61466.87093193119,61468.813384594156,61278.78708142732,61337.00186719608,8811.670067844698
2024-04-20 16:00:00,61337.00186719608,61353.06099052873,60468.098932652974,60629.89723864873,13629.708742795312
2024-04-20 20:00:00,60629.89723864873,60739.07306286119,60387.85858292163,60428.32646384415,5799.810055094973
2024-04-21 00:00:00,60497.66879732851,60502.190415690005,55879.772160623135,55879.772160623135,13741.35268568046
2024-04-21 04:00:00,55879.772160623135,60908.157814937236,55879.772160623135,60579.93116627463,23780.049732213498
2024-04-21 08:00:00,60579.93116627463,60908.157814937236,47068.92299501129,47068.92299501129,23389.036501586652
2024-04-21 12:00:00,47068.92299501129,57267.19667430502,47068.92299501129,55287.225020743565,20293.060342290784
2024-04-21 16:00:00,55287.225020743565,55974.60481151438,52614.075792810654,52614.075792810654,25799.312540382703
2024-04-21 20:00:00,52614.075792810654,56745.989691103176,52614.075792810654,55572.02019407131,32694.39545236528
2024-04-22 00:00:00,58648.18959692031,60314.735663455554,58603.3277235242,59870.318345137646,18788.16286575415
2024-04-22 04:00:00,59870.318345137646,60188.534069566056,59756.85311520724,60098.17118504632,9057.828770558172
2024-04-22 08:00:00,60098.17118504632,60924.23639641867,59861.32145921187,60642.537326333644,24297.533793049188
2024-04-22 12:00:00,60642.537326333644,60762.66058710112,60575.025668405324,60720.99761956708,25243.03117381814
2024-04-22 16:00:00,60720.99761956708,61983.46057190173,60546.72393567063,61983.46057190173,22102.27727444748
2024-04-22 20:00:00,61983.46057190173,61983.46057190173,60668.330505080645,61123.306576960735,13343.280040841917
2024-04-23 00:00:00,61142.201813610736,61410.44833029469,60450.456082464196,60569.64857562356,4109.444253130408
2024-04-23 04:00:00,60569.64857562356,60995.349425197215,60494.55529358967,60883.88571793766,3522.6157266162286
2024-04-23 08:00:00,60883.88571793766,61005.392059450336,60812.80766926186,60917.75094234206,3790.855696075342
2024-04-23 12:00:00,60917.75094234206,61259.91176209919,60450.456082464196,60490.63299665636,4717.640609186258
2024-04-23 16:00:00,60490.63299665636,60521.27261453925,60317.4674253432,60317.4674253432,4534.557728145901
2024-04-23 20:00:00,60317.4674253432,60875.02212316843,60317.4674253432,60691.574151855784,7467.933097660237
2024-04-24 00:00:00,60674.961408946605,60904.62043105929,60123.77277441255,60322.25286302385,10277.460856014752
2024-04-24 04:00:00,60322.25286302385,60467.729811481615,60159.62018631868,60369.76585038316,11116.153207992858
2024-04-24 08:00:00,60369.76585038316,60562.64576746634,60363.875630207716,60500.00369244777,5922.2147864773915
2024-04-24 12:00:00,60500.00369244777,60573.89790525966,60489.5845806757,60542.88447752697,10241.079100876748
2024-04-24 16:00:00,60542.88447752697,60637.38698912941,59752.0477281212,60052.56357554241,9591.168683884167
2024-04-24 20:00:00,60052.56357554241,60089.37706318497,59818.31333430685,59946.82076781298,4270.494411188687
2024-04-25 00:00:00,59526.044533146116,59577.41105105048,59233.863364529294,59367.29084481784,12762.341112215903
2024-04-25 04:00:00,59367.29084481784,59402.65109081958,59304.65386095758,59307.11878637662,8629.099188541837
2024-04-25 08:00:00,59307.11878637662,59381.46040144016,59148.183535193326,59196.374701661036,11123.325340803704
2024-04-25 12:00:00,59196.374701661036,59480.88704501909,59091.16904979928,59462.36992832169,21316.339208900736
2024-04-25 16:00:00,59462.36992832169,59516.02543755225,59229.81879977808,59285.600743543364,23735.17864006533
2024-04-25 20:00:00,59285.600743543364,59350.23660967635,58998.635053386235,59066.003031404885,10017.540717976859
2024-04-26 00:00:00,59258.84138826362,59287.882514696284,59114.55216602722,59150.17077570669,9449.82452951329
2024-04-26 04:00:00,59150.17077570669,59151.921302162365,59139.33262386073,59149.00224651006,5176.852824455986
2024-04-26 08:00:00,59149.00224651006,59210.12589634591,59090.900119926475,59109.65642274385,5691.896598546666
2024-04-26 12:00:00,59109.65642274385,59279.500510422935,58812.6782682088,58839.60399367953,5918.732592036509
2024-04-26 16:00:00,58839.60399367953,58955.36535564228,58552.76626119079,58665.58679688025,12692.358763232802
2024-04-26 20:00:00,58665.58679688025,58806.142309640105,58293.69088731191,58306.55070029941,7983.595228547986
2024-04-27 00:00:00,58283.7680329476,58409.29899737551,58121.52476629668,58152.59255144207,9009.167219909044
2024-04-27 04:00:00,58152.59255144207,58189.287265970794,58002.85084483034,58057.7489335842,10894.364796640419
2024-04-27 08:00:00,58057.7489335842,58115.71033383075,57902.66284735266,57946.879640679064,6784.342994649167
2024-04-27 12:00:00,57946.879640679064,58004.81458396433,57690.58828849121,57741.65208671748,7948.345189647437
2024-04-27 16:00:00,57741.65208671748,57773.91054358731,57594.95698690367,57656.38626326061,11472.34189156837
2024-04-27 20:00:00,57656.38626326061,57691.0014971958,57363.37646813998,57429.134011105845,5384.138742086988
2024-04-28 00:00:00,57168.96688059152,57335.715049228165,57137.23898091647,57312.200604580474,14698.790104118327
2024-04-28 04:00:00,57312.200604580474,57407.256120709404,57217.97399223193,57278.82203634841,11342.724623303871
2024-04-28 08:00:00,57278.82203634841,57302.38916284077,57207.74179475486,57220.59936077333,10785.81064478728
2024-04-28 12:00:00,57220.59936077333,57270.06938132445,57058.8381915354,57095.64217578942,6445.408246105371
2024-04-28 16:00:00,57095.64217578942,57106.39193160121,56931.896631293894,56951.2382919504,8945.682335143956
2024-04-28 20:00:00,56951.2382919504,56959.77937903775,56893.24199686906,56914.203858374596,9798.06293429174
2024-04-29 00:00:00,56678.18745989595,56740.8101925362,56562.01077354143,56611.17548746146,13478.246032512006
2024-04-29 04:00:00,56611.17548746146,56781.19668623008,56493.60732507087,56521.58236759377,21506.766250203298
2024-04-29 08:00:00,56521.58236759377,56679.08439907894,56280.70959843006,56280.70959843006,17368.62932807665
2024-04-29 12:00:00,56280.70959843006,56430.12263862845,56280.70959843006,56406.518757571524,33228.5971591751
2024-04-29 16:00:00,56406.518757571524,56421.63426935645,56355.46367913706,56359.10028538605,14903.147077408621
2024-04-29 20:00:00,56359.10028538605,56366.59418098227,56314.342338952774,56326.72325888357,28190.437443645595
2024-04-30 00:00:00,56017.041496524755,56176.50981500033,55490.94873492107,55490.94873492107,14212.531408071352
2024-04-30 04:00:00,55490.94873492107,56015.66784752352,55490.94873492107,55872.63623971833,8418.023608992318
2024-04-30 08:00:00,55872.63623971833,55906.00794377563,55680.69525612209,55735.09591088922,17612.04466159225
2024-04-30 12:00:00,55735.09591088922,56073.75950465093,55669.00619125282,55956.83000939359,7277.098154973518
2024-04-30 16:00:00,55956.83000939359,56173.23508503594,55860.0630802442,56013.73316791158,12181.129298746559
2024-04-30 20:00:00,56013.73316791158,56108.866925045186,55605.54876158336,55709.79327281429,14936.789165917362
2024-05-01 00:00:00,55604.86276501332,55643.06542823833,55554.0871619416,55624.76617084202,8957.700827922197
2024-05-01 04:00:00,55624.76617084202,55684.09265601634,55520.00777247983,55546.59086551686,6356.759424233995
2024-05-01 08:00:00,55546.59086551686,55613.345822108524,55419.105721489796,55438.19269756469,3697.7716381819437
2024-05-01 12:00:00,55438.19269756469,55594.04038738766,55264.632865148094,55332.54267115246,3486.7561171919565
2024-05-01 16:00:00,55332.54267115246,55420.33297804454,55284.217830978494,55367.323354266635,7853.477910980402
2024-05-01 20:00:00,55367.323354266635,55419.654248240826,55319.99805978821,55333.230731450385,6264.451185636469
2024-05-02 00:00:00,55552.08019655836,55718.51716274383,55477.032835907536,55670.14624148707,12624.467844448063
2024-05-02 04:00:00,55670.14624148707,55786.689410250656,55549.7202530694,55780.893114007216,13170.937072684115
2024-05-02 08:00:00,55780.893114007216,55924.77998509163,55565.50493219444,55680.95924256546,6204.998240670349
2024-05-02 12:00:00,55680.95924256546,55696.61161517415,55641.781423364766,55667.90191917526,11319.675829463959
2024-05-02 16:00:00,55667.90191917526,55985.60018037986,55639.4577461878,55935.22225216478,10611.305142299263
2024-05-02 20:00:00,55935.22225216478,56097.3673217298,55875.44418935631,56033.98649098221,6022.479788719219
2024-05-03 00:00:00,56220.32081434607,56301.04903620742,56077.84980461709,56168.569099441935,6178.351356198207
2024-05-03 04:00:00,56168.569099441935,56183.591870991055,56143.47328780883,56151.5977239855,8975.715120980962
2024-05-03 08:00:00,56151.5977239855,56436.67910021101,56123.67268727894,56321.01935142029,10699.72079900491
2024-05-03 12:00:00,56321.01935142029,56375.00342536581,56283.01050713926,56330.70005251175,5257.938295893087
2024-05-03 16:00:00,56330.70005251175,56737.15953676191,56188.35612261196,56657.987294348124,3901.2222303592685
2024-05-03 20:00:00,56657.987294348124,56664.07523276682,56646.13953194479,56663.28259204167,7667.037087909131
2024-05-04 00:00:00,57015.8372195848,57286.21877492386,56996.10746937715,57116.906231222776,12747.243058512146
2024-05-04 04:00:00,57116.906231222776,57171.275431309536,57116.065513379086,57128.42761709441,12909.255116977227
2024-05-04 08:00:00,57128.42761709441,57499.60395790862,56996.10746937715,57325.87070977188,12854.87985903552
2024-05-04 12:00:00,57325.87070977188,57483.47601192803,57298.25985322052,57398.441471021026,5879.372321843408
2024-05-04 16:00:00,57398.441471021026,57485.893091208374,57398.18379892787,57434.73538575537,9024.705696787483
2024-05-04 20:00:00,57434.73538575537,57499.60395790862,57410.99000544572,57489.7685796765,9810.526445417494
2024-05-05 00:00:00,57545.766246479594,57665.88799603649,57536.95958985287,57650.55628100904,7057.628670710099
2024-05-05 04:00:00,57650.55628100904,57889.333086731305,57544.24338483025,57867.471377827234,5909.055332639245
2024-05-05 08:00:00,57867.471377827234,57898.93289332854,57845.284254440245,57898.93289332854,4891.848087576996
2024-05-05 12:00:00,57898.93289332854,58014.89680245425,57809.335633827846,58014.89680245425,5355.94496295496
2024-05-05 16:00:00,58014.89680245425,58014.89680245425,57812.122786669745,57864.11593866301,4880.090468491195
2024-05-05 20:00:00,57864.11593866301,57889.333086731305,57859.49673923148,57884.33271400586,3878.111301964677
2024-05-06 00:00:00,57524.18548554889,57896.282545695,57335.36014191522,57810.979125699865,7305.247812239426
2024-05-06 04:00:00,57810.979125699865,58213.10286268294,57786.72393882679,58054.73471553887,4502.751358952679
2024-05-06 08:00:00,58054.73471553887,58128.680122691774,58032.700560519035,58113.50321634907,9634.206223593828
2024-05-06 12:00:00,58113.50321634907,58113.97423145188,58014.73447656032,58076.89786040455,4371.685685769339
2024-05-06 16:00:00,58076.89786040455,58349.09584648607,57998.75754712912,58275.27986338464,7452.278074638089
2024-05-06 20:00:00,58275.27986338464,58356.0010179718,58218.00345801391,58332.342128585944,6184.2745625286325
2024-05-07 00:00:00,58521.87586146327,58857.61217342368,58384.60934077057,58631.34667940423,15101.565637768224
2024-05-07 04:00:00,58631.34667940423,58638.81601740569,58623.49005788567,58637.28665084905,10025.101882042636
2024-05-07 08:00:00,58637.28665084905,58755.04729308021,58619.41058260517,58693.34909927183,17708.7094012464
2024-05-07 12:00:00,58693.34909927183,59122.008003555435,58601.38909042592,58884.76560388347,13064.605677838486
2024-05-07 16:00:00,58884.76560388347,58920.539059140945,58766.51152990813,58815.843437473624,10718.0229003632
2024-05-07 20:00:00,58815.843437473624,58963.40583006686,58809.73582589698,58909.28377040314,9038.608394146284
2024-05-08 00:00:00,58941.312636481496,59077.873411629604,58910.260536237074,59027.71528555344,5158.417295226091
2024-05-08 04:00:00,59027.71528555344,59188.414163738504,59007.226794401045,59134.923519435884,11834.23611478656
2024-05-08 08:00:00,59134.923519435884,59174.9461766591,59047.95452847369,59154.84685311342,9960.045738878107
2024-05-08 12:00:00,59154.84685311342,59273.69282238537,59146.36239603235,59237.36892096149,12008.930892297754
2024-05-08 16:00:00,59237.36892096149,59327.947580699416,59167.02705611861,59281.613687442295,11300.3332770202
2024-05-08 20:00:00,59281.613687442295,59542.69955438541,59187.39632607031,59390.14581671136,4970.634438708411
2024-05-09 00:00:00,59389.9110368674,59642.54831479284,59305.948099461275,59504.301114042675,5748.165048906311
2024-05-09 04:00:00,59504.301114042675,59532.013097591705,59075.90789003903,59268.06810717618,5792.3391493069585
2024-05-09 08:00:00,59268.06810717618,59320.702793766475,58994.69130841487,59136.7416593759,5377.752605553097
2024-05-09 12:00:00,59136.7416593759,60447.26466020865,58955.05229339099,60155.39694188775,6326.522668883473
2024-05-09 16:00:00,60155.39694188775,60548.57130832458,60019.30733243407,60455.75296130179,5055.62231172598
2024-05-09 20:00:00,60455.75296130179,60548.57130832458,59415.67130910754,59693.72667106078,7375.298413090432
2024-05-10 00:00:00,59811.91522440939,63800.724448051355,59788.819304310884,63800.724448051355,12864.09513288649
2024-05-10 04:00:00,63800.724448051355,65547.94338635304,63621.02938880991,65547.94338635304,13410.982643168687
2024-05-10 08:00:00,65547.94338635304,66220.34473450403,65538.51475965985,66220.34473450403,16684.057900036118
2024-05-10 12:00:00,66220.34473450403,66220.34473450403,63949.57586897031,64437.92292421473,6358.542314122362
2024-05-10 16:00:00,64437.92292421473,64437.92292421473,62765.59937114521,63210.58147879394,18272.69479984707
2024-05-10 20:00:00,63210.58147879394,63210.58147879394,60996.04210939145,61028.19248602237,15623.749127679212
2024-05-11 00:00:00,61081.621125963175,63889.68024968704,60716.72647231909,63889.68024968704,5197.885890030004
2024-05-11 04:00:00,63889.68024968704,63889.68024968704,62620.452278461176,62711.05551902818,6910.014883042954
2024-05-11 08:00:00,62711.05551902818,62711.05551902818,62524.22305676581,62593.53585327558,7770.631257896284
2024-05-11 12:00:00,62593.53585327558,62593.53585327558,62410.040111300266,62463.360846156684,4882.052405330723
2024-05-11 16:00:00,62463.360846156684,62463.360846156684,61785.563983473614,61890.99728914921,5234.977348951913
2024-05-11 20:00:00,61890.99728914921,61890.99728914921,61540.218172492656,61565.99457432466,7273.037497750086
2024-05-12 00:00:00,61724.85486231474,61821.335187883975,61557.85888002916,61557.85888002916,3632.4918612662314
2024-05-12 04:00:00,61557.85888002916,61770.13871443564,61557.85888002916,61743.286475274515,8391.112271574237
2024-05-12 08:00:00,61743.286475274515,62131.07246879056,61625.23583979848,62045.59889478398,4248.65452213174
2024-05-12 12:00:00,62045.59889478398,62084.966917336824,61929.72840790441,61965.03251107585,3551.373405317694
2024-05-12 16:00:00,61965.03251107585,61976.7285306333,61899.60887216036,61916.55853593234,7024.754239053266
2024-05-12 20:00:00,61916.55853593234,62201.44256797334,61915.91767270606,62096.40067200024,4576.247827706686
2024-05-13 00:00:00,61725.99148459959,62644.20114933611,61473.93090656843,62405.78794551053,17710.062796080165
2024-05-13 04:00:00,62405.78794551053,62441.403763751856,62269.095949033304,62323.08220880183,23428.792356069454
2024-05-13 08:00:00,62323.08220880183,62423.69288795067,61819.62794966696,61970.59115433797,24839.267292905253
2024-05-13 12:00:00,61970.59115433797,61976.5914635023,61969.453334181235,61972.618369397154,9989.887693300618
2024-05-13 16:00:00,61972.618369397154,63315.035667507545,61656.45573409319,62971.5759036323,21818.368290565388
2024-05-13 20:00:00,62971.5759036323,63270.35148824489,62871.823055818364,63136.621219074965,10301.936320206254
2024-05-14 00:00:00,62849.07554760206,63000.76785531365,62231.7845404398,62522.34952373053,11698.195311494423
2024-05-14 04:00:00,62522.34952373053,63595.557480903495,62394.73144600136,63238.65800136396,29994.35841672455
2024-05-14 08:00:00,63238.65800136396,63388.08306476581,62716.72545415125,62814.02220789473,27923.979405888214
2024-05-14 12:00:00,62814.02220789473,65168.44304904312,62808.350080886215,64388.6749012996,14744.678520938069
2024-05-14 16:00:00,64388.6749012996,64777.62774741291,64275.94423057573,64656.50598268595,29273.80844542768
2024-05-14 20:00:00,64656.50598268595,64711.379597808926,64213.74298978036,64332.719976321314,27123.26137929146
2024-05-15 00:00:00,64234.592026001366,64350.57455236608,63995.495517873926,64020.736773921206,16342.53261113493
2024-05-15 04:00:00,64020.736773921206,64380.26139238587,63995.495517873926,64338.10555210034,10478.358289204156
2024-05-15 08:00:00,64338.10555210034,64451.50681568983,64075.64844181075,64237.360786791935,6985.969212171425
2024-05-15 12:00:00,64237.360786791935,64632.97624508535,64150.95343333866,64561.52034435454,11264.81522269769
2024-05-15 16:00:00,64561.52034435454,65081.40859973628,64539.224010164224,65081.40859973628,10323.203081565915
2024-05-15 20:00:00,65081.40859973628,65081.40859973628,64683.08012859844,64762.63662452056,15902.94046996734
2024-05-16 00:00:00,64748.630988098244,64856.57209806413,64596.816075911716,64788.72753962751,9002.132227701406
2024-05-16 04:00:00,64788.72753962751,65022.61983084832,64728.01549232682,64897.10855762089,8812.055200801873
2024-05-16 08:00:00,64897.10855762089,65341.61504834988,64796.4590972771,65182.130682439136,12514.141351305288
2024-05-16 12:00:00,65182.130682439136,65694.67860153291,64955.836470239745,65667.26323516172,4827.902628638799
2024-05-16 16:00:00,65667.26323516172,65698.24367791857,65541.35045215451,65698.24367791857,4313.994656773585
2024-05-16 20:00:00,65698.24367791857,65698.24367791857,65576.08972018791,65594.7278130097,11704.192093357708
2024-05-17 00:00:00,65768.51317046226,65772.4445328949,65674.2655901933,65742.56057005502,4696.885822980082
2024-05-17 04:00:00,65742.56057005502,65811.25082871527,65648.49001987347,65715.49471692764,3835.7982196075695
2024-05-17 08:00:00,65715.49471692764,65718.56414093204,65580.52645762773,65671.12500318665,2942.084856018494
2024-05-17 12:00:00,65671.12500318665,65714.8337802999,65619.32630224583,65643.23788027266,5218.083424840358
2024-05-17 16:00:00,65643.23788027266,65672.29324120063,65614.22267984912,65629.54110523417,5684.110291314659
2024-05-17 20:00:00,65629.54110523417,65654.41767598932,65564.90541546508,65641.58077178849,3233.69118483657
2024-05-18 00:00:00,65917.93908283173,65987.03195625653,65848.72205997078,65960.07805244041,9593.476582896737
2024-05-18 04:00:00,65960.07805244041,66061.06480251881,65905.7057223742,66051.43592286129,10434.980101907388
2024-05-18 08:00:00,66051.43592286129,66175.85164296375,65940.44535537792,66018.61268255442,16895.53768797152
2024-05-18 12:00:00,66018.61268255442,66114.80379399114,65968.08988514965,66105.20437553979,11019.100176981858
2024-05-18 16:00:00,66105.20437553979,66342.8166876572,66038.44185249724,66329.83454170448,16304.00932436675
2024-05-18 20:00:00,66329.83454170448,66489.62194245902,66276.66085752171,66422.87875007017,15822.50023645849
2024-05-19 00:00:00,66733.33349600935,67057.71353281129,66728.46321808377,67057.71353281129,3370.368978471569
2024-05-19 04:00:00,67057.71353281129,67945.98375528418,66531.09941474632,67945.98375528418,6146.313720065721
2024-05-19 08:00:00,67945.98375528418,68082.10331561243,67876.84295690483,68082.10331561243,6298.1532406144215
2024-05-19 12:00:00,68082.10331561243,68262.49776897968,68077.43492245693,68262.49776897968,5020.128043241879
2024-05-19 16:00:00,68262.49776897968,68262.49776897968,66932.18149638371,67094.9098582155,5939.991041016851
2024-05-19 20:00:00,67094.9098582155,67094.9098582155,66331.0980882728,66466.82028976605,2751.7389508853694
2024-05-20 00:00:00,66173.75703921377,66188.57462825811,66097.25309290524,66119.00526504875,6021.133827304141
2024-05-20 04:00:00,66119.00526504875,66291.56964847067,65235.61842954457,65235.61842954457,6034.285837524554
2024-05-20 08:00:00,65235.61842954457,65624.40477885448,63093.7204971098,63093.7204971098,6698.531525307804
2024-05-20 12:00:00,63093.7204971098,65290.18781405305,63093.7204971098,64845.90422369863,7832.813665222523
2024-05-20 16:00:00,64845.90422369863,66284.2414968079,64845.90422369863,66009.18301439843,13737.757212828077
2024-05-20 20:00:00,66009.18301439843,67361.63356106154,65898.37973752602,67087.64250561332,15078.586515447187
2024-05-21 00:00:00,67009.65774770672,67090.51383999972,66925.08755991986,66962.34088843907,12037.741431218066
2024-05-21 04:00:00,66962.34088843907,66982.94653636756,66778.90127839617,66890.3560358997,10178.902216627634
2024-05-21 08:00:00,66890.3560358997,66980.34466728353,66848.03814619123,66962.51777624799,14190.337011229441
2024-05-21 12:00:00,66962.51777624799,66982.83246835844,66881.00090597924,66967.23845257983,9205.893806575876
2024-05-21 16:00:00,66967.23845257983,67004.98860047989,66826.01435517622,66854.2308113009,13514.004679996657
2024-05-21 20:00:00,66854.2308113009,66866.72767110207,66767.5842784517,66798.23925082521,13691.798602076791
2024-05-22 00:00:00,66747.34322135642,66783.46965205346,66582.56886126239,66756.87387277916,3407.0445716431445
2024-05-22 04:00:00,66756.87387277916,66844.0610913127,66704.89181535071,66844.0610913127,5761.863336451489
2024-05-22 08:00:00,66844.0610913127,66844.0610913127,66814.7347421394,66823.46129614407,8495.179495610522
2024-05-22 12:00:00,66823.46129614407,66823.46129614407,66587.73678957019,66700.57347143214,6822.156675372361
2024-05-22 16:00:00,66700.57347143214,66783.46965205346,66606.00824515554,66727.51590159786,8394.649306122727
2024-05-22 20:00:00,66727.51590159786,66774.81362607729,66588.25447787957,66616.35583614127,8447.771547531194
2024-05-23 00:00:00,66748.93249822088,67114.74258985593,66582.90559628358,67105.17395142285,10376.115310531251
2024-05-23 04:00:00,67105.17395142285,67374.06602439735,66972.22726353235,67303.28080047187,14926.370098359568
2024-05-23 08:00:00,67303.28080047187,67752.80783260119,67175.06250838698,67724.17106100896,15388.481330109009
2024-05-23 12:00:00,67724.17106100896,67773.27503493035,67680.55160142727,67773.27503493035,6251.542039739514
2024-05-23 16:00:00,67773.27503493035,67773.27503493035,67673.4738103869,67706.6263364284,14006.319202301702
2024-05-23 20:00:00,67706.6263364284,67752.80783260119,67581.11286459211,67609.57243415562,6481.231783159432
2024-05-24 00:00:00,67589.0626398052,67703.60146759602,67541.4982840896,67683.2067968563,5359.814208474869
2024-05-24 04:00:00,67683.2067968563,67712.06321853855,67674.47102659804,67704.0973816645,6505.824649570302
2024-05-24 08:00:00,67704.0973816645,67707.83094091952,67451.27000087708,67563.9883663051,8021.298109656042
2024-05-24 12:00:00,67563.9883663051,67589.96641255231,67441.12126352386,67467.65701799234,4039.1565147752954
2024-05-24 16:00:00,67467.65701799234,67660.37871903552,67441.12126352386,67604.5519215819,7329.248832778544
2024-05-24 20:00:00,67604.5519215819,67807.78415139369,67494.84945863002,67759.40703618224,5077.710015894468
2024-05-25 00:00:00,67579.11698127464,70448.59092033195,66798.08907818525,70448.59092033195,5066.332054001806
2024-05-25 04:00:00,70448.59092033195,70975.7102768554,70359.01742037015,70975.7102768554,9443.94528388633
2024-05-25 08:00:00,70975.7102768554,70975.7102768554,56884.51082816611,56884.51082816611,8228.771187187544
2024-05-25 12:00:00,56884.51082816611,67623.47537020914,56884.51082816611,65084.18958225823,11620.001246090282
2024-05-25 16:00:00,65084.18958225823,65275.87773821066,63902.39110763646,63902.39110763646,5487.962305821346
2024-05-25 20:00:00,63902.39110763646,64632.56415014322,63902.39110763646,64433.89376496099,5199.990499583599
2024-05-26 00:00:00,66793.52495420523,66816.70691306634,66355.09657150214,66518.46421639461,5952.780305148136
2024-05-26 04:00:00,66518.46421639461,66599.7123655047,66412.3815811422,66565.24461196775,7594.006741531996
2024-05-26 08:00:00,66565.24461196775,66922.13098579306,66415.30888368408,66775.02639251655,12107.44572054864
2024-05-26 12:00:00,66775.02639251655,66820.5878104531,66562.51705799879,66598.70665966289,8002.122986846619
2024-05-26 16:00:00,66598.70665966289,66653.5038891275,66070.30550358201,66246.1787663365,12380.025666721025
2024-05-26 20:00:00,66246.1787663365,66279.57211038815,66084.29304646904,66131.2269567328,6693.243826154626
2024-05-27 00:00:00,66167.40212387864,68338.75638524529,65872.01739827884,68338.75638524529,18816.75471723751
2024-05-27 04:00:00,68338.75638524529,70820.3774039758,68257.4352761847,70820.3774039758,9987.922082390678
2024-05-27 08:00:00,70820.3774039758,70820.3774039758,66442.98715799472,67575.71111306736,11999.68059135661
2024-05-27 12:00:00,67575.71111306736,67575.71111306736,66966.78227575953,67145.0066841832,13790.68061203111
2024-05-27 16:00:00,67145.0066841832,68068.0168324151,66951.09782493567,68068.0168324151,14465.420430750553
2024-05-27 20:00:00,68068.0168324151,68068.0168324151,66609.8576907406,66682.84976381142,8475.80070075253
2024-05-28 00:00:00,66889.46665683121,67628.16129860934,66653.4665867055,67312.98405663141,12276.042194506883
2024-05-28 04:00:00,67312.98405663141,67407.94835571854,67262.67967644605,67318.01695840475,12485.95019462165
2024-05-28 08:00:00,67318.01695840475,67797.0250475099,67251.02935238251,67630.05176143622,10588.455918354846
2024-05-28 12:00:00,67630.05176143622,67672.33632926102,67545.93590491753,67562.9847245302,10196.405428016591
2024-05-28 16:00:00,67562.9847245302,67603.72674880753,67544.82029464137,67558.52871638922,12806.058010061792
2024-05-28 20:00:00,67558.52871638922,67561.39751576014,67519.0964225408,67551.99883134688,5407.448203905123
2024-05-29 00:00:00,67624.47916354955,67757.07045759544,67500.72635879996,67647.0735610485,19099.532990145206
2024-05-29 04:00:00,67647.0735610485,67808.96130280405,67640.37313351806,67762.66010397497,14629.40184234701
2024-05-29 08:00:00,67762.66010397497,67886.28595613634,67680.46788745481,67801.25520316849,13737.11164018965
2024-05-29 12:00:00,67801.25520316849,67868.09426255214,67656.43308427499,67676.77245185614,15353.191135448982
2024-05-29 16:00:00,67676.77245185614,67870.52286272713,67438.24615489182,67767.36582964442,22244.7164397902
2024-05-29 20:00:00,67767.36582964442,67920.9497438116,67640.03415426105,67891.02348075234,15788.2790953529
2024-05-30 00:00:00,68036.40306059775,68138.64359967371,67978.88361522331,68047.73094724592,5620.401174485338
2024-05-30 04:00:00,68047.73094724592,68058.63616345261,67888.74061309308,68026.73636189659,7436.96685643118
2024-05-30 08:00:00,68026.73636189659,68117.84889727575,67879.48229773669,67994.67663544536,6986.517083721499
2024-05-30 12:00:00,67994.67663544536,68073.34423899985,67909.54367532811,67980.42739496173,9908.998047462834
2024-05-30 16:00:00,67980.42739496173,68048.03103991893,67853.4283774836,67958.52855831585,11993.140456283872
2024-05-30 20:00:00,67958.52855831585,68011.73198000054,67854.61069680957,67933.78652076851,6326.789428504984
2024-05-31 00:00:00,68262.07772164358,68340.98316189359,68031.39572097361,68075.67055926584,5242.9123581366075
2024-05-31 04:00:00,68075.67055926584,68267.53437033384,67209.92937646144,67410.1534375175,11568.94327270797
2024-05-31 08:00:00,67410.1534375175,67703.34014356267,67300.17055683084,67538.86734830368,9924.800133082203
2024-05-31 12:00:00,67538.86734830368,68100.13460247929,67433.95112979598,68050.44983734793,5885.628479866985
2024-05-31 16:00:00,68050.44983734793,68102.17538223414,67739.29430215567,67774.57246487957,8303.309440188856
2024-05-31 20:00:00,67774.57246487957,67865.40640443019,67364.92318344215,67484.31710675453,11690.99286026002
2024-06-01 00:00:00,67400.82817551136,67428.95627976095,64038.677123610985,64038.677123610985,8307.922437162995
2024-06-01 04:00:00,64038.677123610985,65689.73695952131,60047.23536844136,60047.23536844136,9399.030828117346
2024-06-01 08:00:00,60047.23536844136,70659.59291525613,60047.23536844136,70659.59291525613,9857.312074917407
2024-06-01 12:00:00,70659.59291525613,77247.4807484953,68649.00336575828,77247.4807484953,9944.804726050601
2024-06-01 16:00:00,77247.4807484953,77247.4807484953,66447.7081932213,69095.92669036609,6938.807083652849
2024-06-01 20:00:00,69095.92669036609,69095.92669036609,65153.2069957009,65153.2069957009,12277.240366441616
2024-06-02 00:00:00,67238.75768796151,67320.20166528346,66999.51596000385,66999.51596000385,10685.218372435125
2024-06-02 04:00:00,66999.51596000385,67233.02611833216,66999.51596000385,67214.02819361123,5992.961951227968
2024-06-02 08:00:00,67214.02819361123,67218.72416221116,67191.0224268098,67191.9293047737,8405.525869605697
2024-06-02 12:00:00,67191.9293047737,67253.68058871677,67022.80987544653,67022.80987544653,3867.7920818120188
2024-06-02 16:00:00,67022.80987544653,67199.0096144435,67022.80987544653,67190.08255747183,7734.300405240383
2024-06-02 20:00:00,67190.08255747183,67441.35990001737,67163.96753142627,67410.1579924561,6594.343917108023
2024-06-03 00:00:00,67669.2335428664,67806.33216820812,67606.12312915533,67691.40406626918,17207.149978849
2024-06-03 04:00:00,67691.40406626918,67712.99751247227,67687.12584860867,67693.51395652298,16664.60570504502
2024-06-03 08:00:00,67693.51395652298,67739.02965075926,67671.80210378284,67682.06456840661,11966.391072552533
2024-06-03 12:00:00,67682.06456840661,67697.0161825914,67601.13110297814,67638.73050907605,14935.416020440207
2024-06-03 16:00:00,67638.73050907605,67653.53748512425,67615.65310183875,67623.84474629039,6404.279612518749
2024-06-03 20:00:00,67623.84474629039,67700.40735122864,67586.13466215058,67650.87226795983,6182.030107105735
2024-06-04 00:00:00,67741.8382959931,67768.77871135373,67707.35884156876,67754.14793730795,17054.67260297166
2024-06-04 04:00:00,67754.14793730795,68278.05677251086,67653.43812567748,68098.28977377551,18460.074520093614
2024-06-04 08:00:00,68098.28977377551,68115.20137052667,67375.23451533397,67526.28040518562,7681.424286615135
2024-06-04 12:00:00,67526.28040518562,68420.6688786314,67354.26152675603,68029.89094611093,10674.295386342425
2024-06-04 16:00:00,68029.89094611093,68268.2755859419,67980.66475277969,68256.1090058615,9673.313747053428
2024-06-04 20:00:00,68256.1090058615,68989.24981120466,68193.96373626994,68825.00773268855,8843.018999371632
2024-06-05 00:00:00,68530.34017532096,69166.76209739254,65241.1840916061,65241.1840916061,6016.143568207146
2024-06-05 04:00:00,65241.1840916061,66640.90854878059,60427.76514446127,60427.76514446127,9184.483615713487
2024-06-05 08:00:00,60427.76514446127,60430.059383486,59979.38939859412,59979.38939859412,6922.259011120654
2024-06-05 12:00:00,59979.38939859412,65943.99302563997,59979.38939859412,64384.72330951037,10978.255982863362
2024-06-05 16:00:00,64384.72330951037,68526.21353158716,64384.72330951037,68200.48234445488,15287.653150771102
2024-06-05 20:00:00,68200.48234445488,69383.38288497632,68200.48234445488,69307.0147147669,9899.498321594016
2024-06-06 00:00:00,69933.971365911,70531.44094314422,69774.88858873151,70381.14243277138,13268.495855953575
2024-06-06 04:00:00,70381.14243277138,70633.79714200903,69611.07381197136,69690.62904563751,11257.219984297117
2024-06-06 08:00:00,69690.62904563751,69828.85170024446,69611.07381197136,69814.92681384244,13641.171594658315
2024-06-06 12:00:00,69814.92681384244,70254.36081492904,69611.07381197136,70201.54172353238,11830.826672689156
2024-06-06 16:00:00,70201.54172353238,71281.52624388937,69617.01755768148,71082.43996508232,9966.931714117014
2024-06-06 20:00:00,71082.43996508232,71592.95083820025,70936.52658369689,71525.68455099678,7250.624383652472
2024-06-07 00:00:00,71578.34466719588,71696.04733473342,71107.83413667392,71134.04978007234,17980.403326001397
2024-06-07 04:00:00,71134.04978007234,71686.00248512608,69568.09852590182,70022.88310197218,22521.544434577238
2024-06-07 08:00:00,70022.88310197218,70327.9410563332,69938.31847905497,70250.8421413402,19378.51027040239
2024-06-07 12:00:00,70250.8421413402,70381.64177405174,69709.49412334486,69822.68497136202,23252.084346429263
2024-06-07 16:00:00,69822.68497136202,69940.54976321699,69568.09852590182,69756.11227150116,19552.537549788904
2024-06-07 20:00:00,69756.11227150116,69781.74708601391,69695.890683108,69727.71355670405,25119.626858619387
2024-06-08 00:00:00,70000.32186723326,70032.31102244681,69978.31284323288,70001.05160248149,14696.023730413992
2024-06-08 04:00:00,70001.05160248149,70012.16052546688,69992.29876406846,70003.66913070154,10517.81107027225
2024-06-08 08:00:00,70003.66913070154,70029.3064333198,69990.46744999879,70004.80019290758,15742.281813538559
2024-06-08 12:00:00,70004.80019290758,70006.4691637401,69996.8602590831,69998.95487275448,19559.397403971863
2024-06-08 16:00:00,69998.95487275448,69999.04927454231,69989.21271551581,69996.99141743113,12584.095488985382
2024-06-08 20:00:00,69996.99141743113,70029.26544472139,69956.581529355,69996.14670339118,14793.005454034665
2024-06-09 00:00:00,69911.04505628526,70658.78370085811,69854.87264808241,70431.20118434398,23112.116319208882
2024-06-09 04:00:00,70431.20118434398,70526.60312417417,69402.45635793604,69686.10429578576,22930.813303642055
2024-06-09 08:00:00,69686.10429578576,70627.48355946958,67424.84636912313,67424.84636912313,24811.52929162925
2024-06-09 12:00:00,67424.84636912313,68510.92423132694,67424.84636912313,68362.77013974795,10752.941253478173
2024-06-09 16:00:00,68362.77013974795,68577.67339279357,68299.02078612619,68563.53079192332,26598.470506247464
2024-06-09 20:00:00,68563.53079192332,68676.85059813899,68063.12881044115,68112.90604675839,18541.557742363424
2024-06-10 00:00:00,67913.78136644757,68112.57019924307,67861.10622279732,68072.25302187368,8011.226277787706
2024-06-10 04:00:00,68072.25302187368,68197.80728107615,68066.5962170819,68178.19461254457,7807.723723532163
2024-06-10 08:00:00,68178.19461254457,68537.93515415803,67676.84858457246,67676.84858457246,7827.20604171787
2024-06-10 12:00:00,67676.84858457246,67972.04726808477,67676.84858457246,67920.42287919781,11946.314517656925
2024-06-10 16:00:00,67920.42287919781,68263.83015458728,67904.95197652499,68167.62366914774,13718.808499852912
2024-06-10 20:00:00,68167.62366914774,68632.47004384514,68060.0816738305,68504.53053031213,5751.76929277871
2024-06-11 00:00:00,68927.66474244377,68956.17441661819,68925.77614416211,68942.12474829571,15313.747969806751
2024-06-11 04:00:00,68942.12474829571,68954.56065999213,68915.1834927882,68935.27897735791,12645.781849635421
2024-06-11 08:00:00,68935.27897735791,68956.94240782628,68914.69552848142,68932.14315930512,6047.824967331082
2024-06-11 12:00:00,68932.14315930512,68956.94240782628,68907.90635643719,68917.66404999641,11670.726272186597
2024-06-11 16:00:00,68917.66404999641,68956.94240782628,68903.92477950183,68953.36208083085,13791.258938916651
2024-06-11 20:00:00,68953.36208083085,68956.94240782628,68902.8307095892,68935.34224514481,13198.461405557005
2024-06-12 00:00:00,68577.44346956546,68628.05697159532,68458.62790688027,68538.85645433098,10413.531190060206
2024-06-12 04:00:00,68538.85645433098,68666.87393950974,68350.07972564934,68477.21629166718,10406.308750638154
2024-06-12 08:00:00,68477.21629166718,68610.04425124633,68365.15573450411,68372.98715709467,5976.1893665401685
2024-06-12 12:00:00,68372.98715709467,68449.26737784114,68229.1579512288,68243.88114156277,6681.728206914058
2024-06-12 16:00:00,68243.88114156277,68429.1756073571,68229.1579512288,68344.67212846228,9311.010080020267
2024-06-12 20:00:00,68344.67212846228,68368.85515764494,68255.44134648735,68274.16546576135,11029.27279798809
2024-06-13 00:00:00,68615.46395039205,68750.13006994208,68533.35261910481,68607.99503170761,9565.874825776556
2024-06-13 04:00:00,68607.99503170761,68694.97847325934,68563.68269916862,68635.58435556997,6686.453463859419
2024-06-13 08:00:00,68635.58435556997,68663.82528848446,68600.76902470777,68651.2775306159,5989.973122226403
2024-06-13 12:00:00,68651.2775306159,68676.9021975653,68643.4922339107,68665.84502875472,5864.692276137955
2024-06-13 16:00:00,68665.84502875472,68828.06548867688,68470.75830697993,68763.19461785041,6039.128487982082
2024-06-13 20:00:00,68763.19461785041,68852.43279944739,68737.7767871411,68824.74821027751,5801.336601499762
2024-06-14 00:00:00,68861.16296101312,69332.85550198682,68676.96875785055,69070.48055225851,8636.217327220013
2024-06-14 04:00:00,69070.48055225851,69144.16410716754,68642.37477474996,68805.3347415375,7201.149012261765
2024-06-14 08:00:00,68805.3347415375,69220.83756883138,68803.59196486179,69030.92291821717,7597.9065295247565
2024-06-14 12:00:00,69030.92291821717,69049.97797193872,68751.92736982185,68784.12612245217,4887.51366789067
2024-06-14 16:00:00,68784.12612245217,69109.9864573539,68247.87109061405,68301.09956044704,5645.60042486068
2024-06-14 20:00:00,68301.09956044704,68622.24698451301,68290.43989191052,68519.94650774093,3350.7244050425743
2024-06-15 00:00:00,68337.28388325451,68614.03951597898,68159.2425646704,68614.03951597898,19918.819713436686
2024-06-15 04:00:00,68614.03951597898,68850.846679952,68458.50545899612,68850.846679952,21530.927596006193
2024-06-15 08:00:00,68850.846679952,68850.846679952,67219.81037890333,67506.334660814,19713.869967448798
2024-06-15 12:00:00,67506.334660814,67666.30492013112,66497.42974279207,66723.44728210365,13384.616809483026
2024-06-15 16:00:00,66723.44728210365,66883.39743656045,66472.09611520886,66827.8502648449,24104.115345361308
2024-06-15 20:00:00,66827.8502648449,67115.6350987833,66279.22752081198,66289.92302339168,9971.623328251066
2024-06-16 00:00:00,66375.58880809911,66648.96459132481,64623.5696046345,64819.26280620542,20342.738111640814
2024-06-16 04:00:00,64819.26280620542,64871.13482488058,64635.74082012024,64661.887783071026,24701.063242110824
2024-06-16 08:00:00,64661.887783071026,64743.21645267722,64498.75874463498,64579.38858791058,16286.24372367966
2024-06-16 12:00:00,64579.38858791058,65437.23317838026,64128.42225939341,65435.49868243322,17029.20330692869
2024-06-16 16:00:00,65435.49868243322,66648.96459132481,65152.954000228616,66598.40614331372,15799.680496683799
2024-06-16 20:00:00,66598.40614331372,66632.55136743437,63656.86047293692,63764.400605606315,27257.57512648701
2024-06-17 00:00:00,63671.78235107507,63785.96006332419,63482.00556463135,63528.01151478225,5819.600811564441
2024-06-17 04:00:00,63528.01151478225,63928.38377838438,63366.71381273097,63779.083116113055,12054.435320804818
2024-06-17 08:00:00,63779.083116113055,63881.23522061415,63642.49781233967,63713.751212929004,11797.73210569006
2024-06-17 12:00:00,63713.751212929004,63781.57358321558,63708.73265229719,63768.9493564647,9812.41277073382
2024-06-17 16:00:00,63768.9493564647,63912.71323596079,63537.76286573482,63561.65490576535,11995.978259728596
2024-06-17 20:00:00,63561.65490576535,63865.44580115611,63235.34596680281,63362.630250543574,6083.55498544996
2024-06-18 00:00:00,63436.44718446795,64294.93304535007,63225.00205868753,64257.12493749902,6229.32465740039
2024-06-18 04:00:00,64257.12493749902,64503.70258977338,64118.57067925979,64503.70258977338,10682.187027855738
2024-06-18 08:00:00,64503.70258977338,64503.70258977338,64322.81876980526,64372.781487975844,6939.705747442983
2024-06-18 12:00:00,64372.781487975844,65289.26249450111,63938.43413004037,65289.26249450111,6441.896648824911
2024-06-18 16:00:00,65289.26249450111,65289.26249450111,64211.32406088131,64584.38790266758,3813.4545526029137
2024-06-18 20:00:00,64584.38790266758,64584.38790266758,63949.01683656247,64127.41873706433,7688.460264111578
2024-06-19 00:00:00,64261.51182610613,64479.03423500331,63389.79560329173,63600.820817778724,14136.567440100082
2024-06-19 04:00:00,63600.820817778724,63953.54193890376,63500.8268720019,63860.18038348818,25076.502672530274
2024-06-19 08:00:00,63860.18038348818,64157.4162235647,63770.75498937595,64022.103200159334,14900.225473258723
2024-06-19 12:00:00,64022.103200159334,64415.863678496324,63894.970041703455,64233.55822074589,24891.086374210077
2024-06-19 16:00:00,64233.55822074589,64245.41042528571,63856.83589476666,64035.721586996275,23082.816035359865
2024-06-19 20:00:00,64035.721586996275,64240.87833452062,63716.51606647666,63856.65843672531,19144.567145715184
2024-06-20 00:00:00,63777.027609349156,63830.696883456025,63395.73384692487,63469.93899701417,20480.233373874893
2024-06-20 04:00:00,63469.93899701417,63822.538917830425,63392.2290302257,63732.23832092169,12471.637747166633
2024-06-20 08:00:00,63732.23832092169,63763.51334036959,63110.81489281582,63149.86926597132,17173.791924465164
2024-06-20 12:00:00,63149.86926597132,63150.51131341385,62723.33210292196,62723.33210292196,19297.517659604615
2024-06-20 16:00:00,62723.33210292196,62804.1561370364,62723.33210292196,62799.07759955231,11825.973793417756
2024-06-20 20:00:00,62799.07759955231,62928.43757952325,62799.07759955231,62926.758840032504,16625.57162035543
2024-06-21 00:00:00,62846.45464334075,62870.430272430385,62280.544764609316,62309.00739461432,46750.21767358969
2024-06-21 04:00:00,62309.00739461432,62458.07979285192,62165.20321234376,62182.99339653682,39715.51693113372
2024-06-21 08:00:00,62182.99339653682,62358.392227045166,62118.319387319534,62299.487119186495,37848.878116611726
2024-06-21 12:00:00,62299.487119186495,62313.17394994396,62115.13741960262,62142.89958593515,37750.38363826798
2024-06-21 16:00:00,62142.89958593515,62171.593532330764,62049.23592192359,62062.46047348803,21941.817076362593
2024-06-21 20:00:00,62062.46047348803,62103.512683839064,62013.237935805984,62039.334185607084,34662.35423505592
2024-06-22 00:00:00,61891.29647900097,64283.41055709124,54358.05023423784,54358.05023423784,6130.834541074151
2024-06-22 04:00:00,54358.05023423784,61415.4100257494,54358.05023423784,59287.553736675756,13249.421611062278
2024-06-22 08:00:00,59287.553736675756,77742.42206142965,59287.553736675756,77742.42206142965,10615.534592026632
2024-06-22 12:00:00,77742.42206142965,97178.46203942146,70252.71167475486,97178.46203942146,9386.73495847806
2024-06-22 16:00:00,97178.46203942146,97178.46203942146,61379.82108692815,63324.50194669135,8185.5496932443575
2024-06-22 20:00:00,63324.50194669135,64283.41055709124,53689.92829161768,53689.92829161768,7182.4428364771165
2024-06-23 00:00:00,63944.506285449235,63979.60202863572,63610.63665928325,63706.446059927606,10009.356985361637
2024-06-23 04:00:00,63706.446059927606,63755.053238824796,63520.813792115136,63592.230132055876,11010.444905199898
2024-06-23 08:00:00,63592.230132055876,63647.82625293862,63425.30179813609,63512.68707441769,6567.868007142194
2024-06-23 12:00:00,63512.68707441769,63667.36820662784,63249.62951892675,63302.04651217986,8135.622501030732
2024-06-23 16:00:00,63302.04651217986,63323.831350175606,63296.0483252554,63317.756152456765,7217.149523729734
2024-06-23 20:00:00,63317.756152456765,63419.364890653545,62773.76675184499,62831.63327605677,9788.760526967742
2024-06-24 00:00:00,62640.73835172675,62657.29786613016,62210.0235988796,62220.7056907448,13098.908175749095
2024-06-24 04:00:00,62220.7056907448,62533.40642485842,62197.16338400679,62463.80833668093,8750.342682617658
2024-06-24 08:00:00,62463.80833668093,62537.67809955591,61797.01764041275,62017.586396576655,4882.897687166221
2024-06-24 12:00:00,62017.586396576655,62106.99120988117,61949.37420592838,62042.20660263095,11592.037959168742
2024-06-24 16:00:00,62042.20660263095,62116.81082951892,61788.849826904196,61889.56013823193,8695.285813155806
2024-06-24 20:00:00,61889.56013823193,62097.24098180378,61568.698584250225,61610.6727926275,8961.776848490748
2024-06-25 00:00:00,61603.91758993538,61989.59071395972,59433.96780068436,59433.96780068436,9981.45048691441
2024-06-25 04:00:00,59433.96780068436,59803.601815650836,59433.96780068436,59799.77521949953,10726.429143425714
2024-06-25 08:00:00,59799.77521949953,60134.72030763571,58599.98653848935,58599.98653848935,5069.3025665430405
2024-06-25 12:00:00,58599.98653848935,58638.06751764613,58352.34159751648,58352.34159751648,11331.51108719339
2024-06-25 16:00:00,58352.34159751648,59850.90593842447,58352.34159751648,59687.10367839456,8429.546226763547
2024-06-25 20:00:00,59687.10367839456,61001.89288914884,59687.10367839456,60734.4575253664,9152.161136343639
2024-06-26 00:00:00,60585.12973692393,62914.115777911014,60012.11000330177,62914.115777911014,8660.180689894545
2024-06-26 04:00:00,62914.115777911014,64033.6716813596,62527.382723205345,64033.6716813596,4945.1613368889175
2024-06-26 08:00:00,64033.6716813596,64033.6716813596,61899.44415083855,62111.80189840658,4054.3617120291246
2024-06-26 12:00:00,62111.80189840658,63166.72771456507,61507.696907025645,63166.72771456507,3911.3055804116757
2024-06-26 16:00:00,63166.72771456507,63166.72771456507,62313.452559176665,62575.94419877212,4753.45326619263
2024-06-26 20:00:00,62575.94419877212,62575.94419877212,60228.59308970946,60770.410931860475,9040.070689437165
2024-06-27 00:00:00,60870.55826326171,60879.90094259007,60684.308592494184,60769.48969633947,6447.851085385836
2024-06-27 04:00:00,60769.48969633947,60772.63127682238,60617.08738125992,60665.02428447496,8503.787822498674
2024-06-27 08:00:00,60665.02428447496,60685.901154632695,60532.93703285356,60532.93703285356,3041.782080152683
2024-06-27 12:00:00,60532.93703285356,60645.61242815339,60532.93703285356,60623.72198331967,3060.160286705135
2024-06-27 16:00:00,60623.72198331967,60693.869046649685,60605.04359958059,60687.036579327505,3515.014576949069
2024-06-27 20:00:00,60687.036579327505,60899.64039717383,60647.285619909424,60814.84479007162,4174.926839084829
2024-06-28 00:00:00,61081.960598165366,61243.1745469848,61032.49921505188,61203.23018593435,15366.315870122911
2024-06-28 04:00:00,61203.23018593435,61217.32939716027,60898.075337548034,61088.33799620466,8009.305442087575
2024-06-28 08:00:00,61088.33799620466,61243.1745469848,60230.437497697494,60404.500241944,19878.52719564181
2024-06-28 12:00:00,60404.500241944,60540.52332621126,59697.57615746729,59697.57615746729,12773.629117275825
2024-06-28 16:00:00,59697.57615746729,59791.50914353689,59465.42413636095,59465.42413636095,19260.70328139463
2024-06-28 20:00:00,59465.42413636095,60164.9021152623,59465.42413636095,59971.05779452281,15523.648484567844
2024-06-29 00:00:00,60052.35876291202,60322.23009858027,60040.65046976118,60322.23009858027,7609.497817956039
2024-06-29 04:00:00,60322.23009858027,60322.23009858027,60310.61709558071,60310.974725713015,7249.790333517888
2024-06-29 08:00:00,60310.974725713015,60321.92324457959,60217.42400778653,60321.92324457959,6542.014099802669
2024-06-29 12:00:00,60321.92324457959,60321.92324457959,60160.841613403296,60191.49099563676,9518.748477192297
2024-06-29 16:00:00,60191.49099563676,60312.504879630054,60117.72354589542,60300.25318855339,7541.083656970264
2024-06-29 20:00:00,60300.25318855339,60312.504879630054,60291.58149318766,60305.76419656663,14567.763671713214
2024-06-30 00:00:00,60334.6830405074,60517.044115077406,60327.67939815971,60517.044115077406,7045.704884247801
2024-06-30 04:00:00,60517.044115077406,60517.044115077406,60115.39599471685,60258.63571868209,9454.789775419738
2024-06-30 08:00:00,60258.63571868209,60400.226913951505,60170.57034554922,60368.67301252548,10870.45872919306
2024-06-30 12:00:00,60368.67301252548,60564.19021238765,60330.094393012856,60564.19021238765,7359.562229898683
2024-06-30 16:00:00,60564.19021238765,60564.19021238765,60165.20997563224,60220.45420725506,6469.891686656994
2024-06-30 20:00:00,60220.45420725506,60232.182769110215,60185.50007332235,60191.23337202209,4317.430916661625
2024-07-01 00:00:00,60374.18304361613,60843.113354901594,59415.236619002666,59415.236619002666,3960.601059523203
2024-07-01 04:00:00,59415.236619002666,59978.55994401095,59415.236619002666,59924.23831393309,3390.8874146692333
2024-07-01 08:00:00,59924.23831393309,60056.069687531926,59565.77779352788,59584.452014727096,3518.981613250664
2024-07-01 12:00:00,59584.452014727096,60842.81831804296,59565.77779352788,60482.166033008914,4035.681327589418
2024-07-01 16:00:00,60482.166033008914,60698.765213373386,59565.77779352788,59880.437561026694,4618.929327850449
2024-07-01 20:00:00,59880.437561026694,60102.46218138077,59876.972705329026,59980.78168656589,4573.554359633045
2024-07-02 00:00:00,60167.797080942364,60259.11852887713,59905.22639940945,59909.56790957491,21018.631592533835
2024-07-02 04:00:00,59909.56790957491,59971.69376869082,59786.12421396721,59860.75445298328,10721.244356093575
2024-07-02 08:00:00,59860.75445298328,59939.59000349703,59565.384054587725,59662.355471476905,19055.646569239223
2024-07-02 12:00:00,59662.355471476905,59744.78042438755,59607.83646631158,59635.554051223175,16085.304200006745
2024-07-02 16:00:00,59635.554051223175,59860.62360556752,59589.61618147927,59788.49128224678,12348.702286537859
2024-07-02 20:00:00,59788.49128224678,59831.44009546341,59707.1482754444,59768.19450837338,12704.95762481739
2024-07-03 00:00:00,59770.02885925509,59995.35326256993,59658.8778947478,59901.543362202654,6220.599238590688
2024-07-03 04:00:00,59901.543362202654,60156.08051468156,59810.79276151654,60077.35990836279,5918.054307730801
2024-07-03 08:00:00,60077.35990836279,60123.13971434249,59951.47738579999,60034.667819699316,9125.59707261285
2024-07-03 12:00:00,60034.667819699316,60217.033737168014,60013.983224930715,60217.033737168014,6219.811660211911
2024-07-03 16:00:00,60217.033737168014,60217.033737168014,59748.95056858766,59947.867864978056,9164.651876023137
2024-07-03 20:00:00,59947.867864978056,60102.07705958441,59812.5559854423,60086.97813753937,4281.807853786008
2024-07-04 00:00:00,59921.59698980169,60020.215197660356,59570.52323031022,59703.84441836021,6181.6726793361295
2024-07-04 04:00:00,59703.84441836021,59919.72083401037,59543.75882716788,59808.64100529001,11866.260406472675
2024-07-04 08:00:00,59808.64100529001,59887.6984869598,59763.26330276447,59784.48954193263,16610.277364158897
2024-07-04 12:00:00,59784.48954193263,59914.45830462324,59620.49316451643,59664.32892004597,7904.402558679984
2024-07-04 16:00:00,59664.32892004597,59912.61160534398,58703.76408498209,58914.102456488145,18003.871880701314
2024-07-04 20:00:00,58914.102456488145,58959.83483439809,58682.36532417796,58809.088540040815,9552.373248308482
2024-07-05 00:00:00,58916.20612047294,59070.61615106069,58685.891335769986,58685.891335769986,4828.4273724201275
2024-07-05 04:00:00,58685.891335769986,58884.55523592448,58685.891335769986,58856.77219162448,5348.923898372299
2024-07-05 08:00:00,58856.77219162448,59070.61615106069,58779.33999027239,59068.555913785145,4257.675574396785
2024-07-05 12:00:00,59068.555913785145,59070.61615106069,58871.3303331446,58925.56793987861,3466.7391785617333
2024-07-05 16:00:00,58925.56793987861,58985.94825406704,58909.2183113789,58975.14334033421,7161.561482936632
2024-07-05 20:00:00,58975.14334033421,59067.751801906365,58779.33999027239,58829.2775793774,2535.273991068317
2024-07-06 00:00:00,58845.42721000804,62503.8812342434,58347.507365907244,62503.8812342434,10849.947426405108
2024-07-06 04:00:00,62503.8812342434,62503.8812342434,57862.802585783684,57862.802585783684,7024.490686631814
2024-07-06 08:00:00,57862.802585783684,62201.97116454038,57862.802585783684,62201.97116454038,13689.961893491074
2024-07-06 12:00:00,62201.97116454038,62201.97116454038,61815.13899252041,61921.9780154868,13351.035757674217
2024-07-06 16:00:00,61921.9780154868,61921.9780154868,59850.558536026474,60143.74564697946,17270.837557758823
2024-07-06 20:00:00,60143.74564697946,60143.74564697946,58023.773613953425,58023.773613953425,14743.318846444294
2024-07-07 00:00:00,58756.95205451428,58808.00061464688,58623.11726421669,58665.87281339247,4506.463023267742
2024-07-07 04:00:00,58665.87281339247,58701.12980393564,58478.85665485543,58529.16976470698,6964.64029448416
2024-07-07 08:00:00,58529.16976470698,58552.05756795745,58418.01530386633,58418.01530386633,5013.316118498857
2024-07-07 12:00:00,58418.01530386633,58455.27113722686,58412.353628909914,58412.353628909914,6517.614521946073
2024-07-07 16:00:00,58412.353628909914,58484.75063199903,58412.353628909914,58474.06412021849,7123.0820059940625
2024-07-07 20:00:00,58474.06412021849,58607.014236665214,58474.06412021849,58505.24112854976,3909.8316595489077
2024-07-08 00:00:00,58313.15745950785,58384.66135853553,58233.839461817384,58306.286126897714,4435.140990589358
2024-07-08 04:00:00,58306.286126897714,58344.8254559192,58298.014180821505,58331.88938597668,5171.264788253897
2024-07-08 08:00:00,58331.88938597668,58441.94033440945,58249.86966917408,58426.850004880296,4390.64996486183
2024-07-08 12:00:00,58426.850004880296,58621.93693246566,58388.58564042257,58525.954798204235,5833.114490536862
2024-07-08 16:00:00,58525.954798204235,58538.4341097252,58397.25486781013,58425.22172168933,5054.863389676654
2024-07-08 20:00:00,58425.22172168933,58569.12817390005,58255.74899662416,58511.22885094902,3307.1711895241874
2024-07-09 00:00:00,58497.21459825738,58510.676642721904,58484.4638918004,58502.569178581434,14305.66127097022
2024-07-09 04:00:00,58502.569178581434,58536.61160249064,58449.967741199674,58492.0721239898,10328.223639473972
2024-07-09 08:00:00,58492.0721239898,58557.44509727362,58490.09145005474,58536.21435329373,17638.52121853757
2024-07-09 12:00:00,58536.21435329373,58673.68463544982,58504.311302214126,58604.09765253513,6328.045143132422
2024-07-09 16:00:00,58604.09765253513,58627.99259345124,58562.210937510135,58593.58515261522,6041.767761434264
2024-07-09 20:00:00,58593.58515261522,58679.76082445609,58568.94314118937,58630.92118736814,7747.942483267425
2024-07-10 00:00:00,58638.615193375605,58655.209530331624,57605.01290105103,57605.01290105103,8541.350249474664
2024-07-10 04:00:00,57605.01290105103,59313.248663618615,57605.01290105103,58808.838574143636,7705.300827281239
2024-07-10 08:00:00,58808.838574143636,60225.38266904631,58550.171101581014,60225.38266904631,7082.77209617952
2024-07-10 12:00:00,60225.38266904631,62453.065972547774,60136.99143751819,62453.065972547774,6694.279773848131
2024-07-10 16:00:00,62453.065972547774,62453.065972547774,61249.18955420704,61509.829313955976,3709.7233314147093
2024-07-10 20:00:00,61509.829313955976,61509.829313955976,58812.74877634385,59155.17267809185,3536.5993933494005
2024-07-11 00:00:00,59059.14077876308,59108.91896738407,58764.415971293325,58764.415971293325,3903.5491273902294
2024-07-11 04:00:00,58764.415971293325,59349.06594961731,58764.415971293325,59273.31235240952,5792.591564128242
2024-07-11 08:00:00,59273.31235240952,59295.30248090538,58944.34666464209,59116.40718134669,3605.8184351266495
2024-07-11 12:00:00,59116.40718134669,59558.224079403386,59028.00536282605,59476.73851342651,4689.5807788968905
2024-07-11 16:00:00,59476.73851342651,59538.83111481403,59412.69466680052,59464.3465321912,5416.174132706539
2024-07-11 20:00:00,59464.3465321912,59558.224079403386,59347.45475949736,59372.083343503495,5431.87735538305
2024-07-12 00:00:00,59552.93025357155,60142.11813080098,59469.48938240307,60142.11813080098,12375.227129965697
2024-07-12 04:00:00,60142.11813080098,60506.01319364097,60019.12532109244,60506.01319364097,17278.28185809792
2024-07-12 08:00:00,60506.01319364097,60506.01319364097,60271.86715533789,60341.61744911405,18245.891627501052
2024-07-12 12:00:00,60341.61744911405,60341.61744911405,59818.03608996625,59926.17503646735,7649.021720508665
2024-07-12 16:00:00,59926.17503646735,59948.015184973636,59858.37885789908,59948.015184973636,14117.838889168484
2024-07-12 20:00:00,59948.015184973636,59948.015184973636,59626.27395306137,59715.45080365262,17031.54586438328
2024-07-13 00:00:00,59527.14235939697,59567.94580279028,59416.87499232126,59502.27570613153,4881.631302874938
2024-07-13 04:00:00,59502.27570613153,60098.42738744874,59437.65910637981,59911.06699174886,8208.575051238306
2024-07-13 08:00:00,59911.06699174886,59975.263861334206,59842.652580264694,59868.49569626736,11427.51647397689
2024-07-13 12:00:00,59868.49569626736,60042.68755466969,59366.964824594645,59385.79436466402,10860.491833788456
2024-07-13 16:00:00,59385.79436466402,59524.73443960831,59171.44755921789,59171.44755921789,9191.91108024179
2024-07-13 20:00:00,59171.44755921789,60028.63682041638,59171.44755921789,60019.88905852042,12333.068057166272
2024-07-14 00:00:00,60003.86281437904,60411.34201404713,59195.49096405508,59195.49096405508,6269.814670818115
2024-07-14 04:00:00,59195.49096405508,59344.517763166674,58830.287508529196,58830.287508529196,3240.9573440836957
2024-07-14 08:00:00,58830.287508529196,59754.90028873677,58830.287508529196,59414.632569026115,5944.871195522884
2024-07-14 12:00:00,59414.632569026115,60602.794532278414,59414.632569026115,60321.3768214473,4658.4259832554835
2024-07-14 16:00:00,60321.3768214473,60430.48337480307,60194.54203117478,60287.22880269772,4735.551807052292
2024-07-14 20:00:00,60287.22880269772,60312.97918490062,60254.950550408714,60280.272603515965,3951.962614165871
2024-07-15 00:00:00,60191.61269023933,60277.4789246519,60168.894794900174,60231.6657353853,3746.934252127778
2024-07-15 04:00:00,60231.6657353853,60294.90339623187,60212.067604875265,60274.30320313739,6477.999001702405
2024-07-15 08:00:00,60274.30320313739,60307.572106223655,60257.20893220618,60278.313764862985,10294.441169013877
2024-07-15 12:00:00,60278.313764862985,60358.99948921779,60154.161101943086,60296.63259648755,8194.870589989217
2024-07-15 16:00:00,60296.63259648755,60322.33697727858,60259.4728679635,60307.090075923166,4589.793135304201
2024-07-15 20:00:00,60307.090075923166,60358.99948921779,60287.25147629697,60335.26200480995,9470.296528481666
2024-07-16 00:00:00,60262.366819116774,60321.83472701072,60157.66249026378,60240.083371835804,4510.224520928766
2024-07-16 04:00:00,60240.083371835804,60297.265264595284,60202.647005777464,60213.88447853876,9196.177517554617
2024-07-16 08:00:00,60213.88447853876,60298.733654833035,60165.599787331164,60258.18708564567,6420.265762270799
2024-07-16 12:00:00,60258.18708564567,60272.07749991017,60248.23272531004,60262.23246794126,8875.379859266253
2024-07-16 16:00:00,60262.23246794126,60295.24709752399,60252.51968419518,60265.5185826433,4113.66796257027
2024-07-16 20:00:00,60265.5185826433,60321.83472701072,60136.64348915029,60217.3825180195,3558.428146984149
2024-07-17 00:00:00,60477.14891925348,60726.18420793092,60424.29165247006,60626.36873347715,11415.249472078947
2024-07-17 04:00:00,60626.36873347715,60663.62410756141,60447.45143327157,60512.80086200815,9979.28664614243
2024-07-17 08:00:00,60512.80086200815,60586.1365274543,60476.689342399826,60539.9235501116,15068.529597905886
2024-07-17 12:00:00,60539.9235501116,60654.38728056951,60504.734089800375,60625.321227894,13142.036759779727
2024-07-17 16:00:00,60625.321227894,60793.07653410266,60596.59158598284,60780.300232673064,12955.663855083512
2024-07-17 20:00:00,60780.300232673064,60832.836171201445,60695.498166629346,60720.40760942883,15344.736591174082
2024-07-18 00:00:00,60726.13448750987,60773.16829623668,60725.702257206874,60758.61233283631,10264.689686291706
2024-07-18 04:00:00,60758.61233283631,60769.23078607202,60655.9966568545,60656.6323225693,8121.146761517802
2024-07-18 08:00:00,60656.6323225693,60686.198035185764,60553.92440883354,60577.22562367859,9178.125589862078
2024-07-18 12:00:00,60577.22562367859,60586.09509395969,60561.61348346312,60571.56036738586,10533.76947031582
2024-07-18 16:00:00,60571.56036738586,60578.27135608304,60571.20287503943,60575.57235288952,9855.795500711041
2024-07-18 20:00:00,60575.57235288952,60767.27898202397,60553.92440883354,60592.311106063884,8619.396998838583
2024-07-19 00:00:00,60876.14600320162,62306.58143694376,60607.46736166479,62306.58143694376,4589.631785713922
2024-07-19 04:00:00,62306.58143694376,62306.58143694376,61110.33893647663,61449.274027640706,8849.747755195658
2024-07-19 08:00:00,61449.274027640706,61511.89337579936,61387.892622500614,61447.38696246983,3179.021810202369
2024-07-19 12:00:00,61447.38696246983,61481.61905306013,60565.911093550276,60609.49948708116,5034.998127804207
2024-07-19 16:00:00,60609.49948708116,60894.18028182067,59797.610664299245,59797.610664299245,6528.729018803081
2024-07-19 20:00:00,59797.610664299245,60779.40417041375,59797.610664299245,60532.229923087965,5654.739133729109
2024-07-20 00:00:00,60510.11254793593,60602.02869496666,60497.66504877607,60566.54499660526,8217.656110056314
2024-07-20 04:00:00,60566.54499660526,60640.611299637145,60525.60756349069,60602.41339596984,5381.010760230182
2024-07-20 08:00:00,60602.41339596984,60623.566427122525,60566.47505812631,60576.78800220571,7717.410648464023
2024-07-20 12:00:00,60576.78800220571,60673.06022614014,60565.373152572625,60587.89959207348,5991.395050630317
2024-07-20 16:00:00,60587.89959207348,60600.70870158323,60532.04418122179,60599.11324192762,5862.248396535594
2024-07-20 20:00:00,60599.11324192762,60717.15173041048,60549.098667867256,60620.31314485128,7784.5731984533795
2024-07-21 00:00:00,60626.73095656931,61458.26950558772,60528.32086693422,61458.26950558772,4464.298752788528
2024-07-21 04:00:00,61458.26950558772,61458.26950558772,61207.83614273155,61222.7663224956,5369.470633254459
2024-07-21 08:00:00,61222.7663224956,61453.12839536331,61188.50442232892,61453.12839536331,11939.888210474786
2024-07-21 12:00:00,61453.12839536331,61453.12839536331,61016.024286068096,61074.43283145757,4957.897041079672
2024-07-21 16:00:00,61074.43283145757,61257.62687253841,60452.266914605396,60761.921735269025,7903.670664880985
2024-07-21 20:00:00,60761.921735269025,61132.97853678435,60761.30411163939,61001.00079315779,7366.110843308749
2024-07-22 00:00:00,61590.610050926254,61673.52876002605,60954.32952174872,60956.05658480894,7921.372647536828
2024-07-22 04:00:00,60956.05658480894,61073.203719527715,60873.28058812159,61009.452201792104,13671.623509247804
2024-07-22 08:00:00,61009.452201792104,61046.88315610262,60592.24392669883,60592.24392669883,10816.248656870108
2024-07-22 12:00:00,60592.24392669883,60598.855144519606,60515.32382097583,60515.32382097583,15016.320775033735
2024-07-22 16:00:00,60515.32382097583,60622.30189445181,60496.557429460074,60496.557429460074,12071.961567867136
2024-07-22 20:00:00,60496.557429460074,61183.6225221231,60496.557429460074,60980.824318887106,19164.142502775605
2024-07-23 00:00:00,60894.96125587398,61048.031292966276,60746.3878315219,60955.99334713641,6840.695968916042
2024-07-23 04:00:00,60955.99334713641,61262.565308419216,60856.67411155932,61262.565308419216,6976.655873195691
2024-07-23 08:00:00,61262.565308419216,61262.565308419216,61081.29287997872,61113.83481912378,6245.72780462069
2024-07-23 12:00:00,61113.83481912378,61199.15593847341,60952.34215464725,61009.092029830164,7110.199794343378
2024-07-23 16:00:00,61009.092029830164,61155.44255637008,60635.560828023525,60802.59727073093,7990.614017543193
2024-07-23 20:00:00,60802.59727073093,60812.808119430774,60626.305715268565,60683.15905815208,8341.592891844704
2024-07-24 00:00:00,60745.600498889704,60829.09759399646,60657.49352395351,60799.203159788696,7053.735537969268
2024-07-24 04:00:00,60799.203159788696,60802.24415461617,60771.04036840488,60780.026022771875,4060.5519551412985
2024-07-24 08:00:00,60780.026022771875,61634.70422553116,60606.711985466434,61634.70422553116,4700.228769403868
2024-07-24 12:00:00,61634.70422553116,61634.70422553116,61265.316939936114,61541.468552828024,5535.609021811024
2024-07-24 16:00:00,61541.468552828024,61541.468552828024,60935.08806848196,61103.00990380298,7950.858292407109
2024-07-24 20:00:00,61103.00990380298,61103.00990380298,60725.78585149157,60780.59106034402,8082.24440480467
2024-07-25 00:00:00,60525.99713440442,60864.91513018384,60493.1117537656,60831.501101357244,6724.378253753773
2024-07-25 04:00:00,60831.501101357244,60871.851526702296,60744.98013857738,60751.00538397655,6794.84835759977
2024-07-25 08:00:00,60751.00538397655,61122.63875698148,60567.988440212815,61105.62674037105,8469.02258814271
2024-07-25 12:00:00,61105.62674037105,61423.55159110547,61049.60806540325,61399.29926602799,6845.335707658117
2024-07-25 16:00:00,61399.29926602799,61475.42939686239,61343.25466150096,61475.42939686239,7809.632188511574
2024-07-25 20:00:00,61475.42939686239,61475.42939686239,61399.942102872745,61417.86701585289,8986.489995027632
2024-07-26 00:00:00,61166.69337354319,61224.835468071215,61126.546079454034,61150.58510429189,4641.110726413758
2024-07-26 04:00:00,61150.58510429189,61258.07104523025,61145.14963681001,61231.50493894253,9241.384917333484
2024-07-26 08:00:00,61231.50493894253,61269.32261107429,61178.13416752751,61189.92549631491,4167.285771228089
2024-07-26 12:00:00,61189.92549631491,61699.18989382814,61091.83372202818,61483.648747146035,8101.738732971473
2024-07-26 16:00:00,61483.648747146035,62190.21571488096,61267.146611286036,62015.670210706245,3935.741583687035
2024-07-26 20:00:00,62015.670210706245,62313.0142997451,61780.80642904569,62254.306390720194,10182.891508554327
2024-07-27 00:00:00,62060.03198558291,62103.39629749135,62041.46431642256,62061.59674701911,5734.517105723531
2024-07-27 04:00:00,62061.59674701911,62105.027569533,61986.231722245175,61990.17268267846,7603.623556264848
2024-07-27 08:00:00,61990.17268267846,62142.20620367644,61959.1325089311,62099.99147379985,6773.771404663964
2024-07-27 12:00:00,62099.99147379985,62304.45482833578,62087.18696513837,62222.85653839087,3142.2615244819413
2024-07-27 16:00:00,62222.85653839087,62332.842096458415,62171.26208903124,62309.1503602817,3547.115617136892
2024-07-27 20:00:00,62309.1503602817,62323.22086084463,62119.81512432004,62229.723707299214,8485.349822579568
2024-07-28 00:00:00,62227.56206632267,62254.541277465105,62081.23089925472,62081.23089925472,3403.521501648176
2024-07-28 04:00:00,62081.23089925472,62101.829911137,62081.23089925472,62086.72828759039,8338.350227869676
2024-07-28 08:00:00,62086.72828759039,62231.159388894186,62086.72828759039,62192.14457697027,7371.2090027580725
2024-07-28 12:00:00,62192.14457697027,62206.671480287354,61541.560362567674,61541.560362567674,7339.368507057477
2024-07-28 16:00:00,61541.560362567674,61911.895815400116,61541.560362567674,61808.57482042711,7430.9497786769725
2024-07-28 20:00:00,61808.57482042711,62748.62090769997,61808.57482042711,62701.47226154827,5212.75001565445
2024-07-29 00:00:00,62888.665415327865,63573.372133455465,62648.48198080814,63573.372133455465,5468.36287071463
2024-07-29 04:00:00,63573.372133455465,63573.372133455465,62524.65646872019,62829.135978614155,8551.031148847233
2024-07-29 08:00:00,62829.135978614155,62993.89598494938,62673.3171634435,62867.38156880374,5670.053635663088
2024-07-29 12:00:00,62867.38156880374,63214.435693304105,61884.429362516705,61955.8901046136,4706.417877804206
2024-07-29 16:00:00,61955.8901046136,62156.881483938734,61826.02984282355,62003.989389746,11923.61657082486
2024-07-29 20:00:00,62003.989389746,62068.863444691175,61403.252182954726,61499.76057009811,13535.413255291136
2024-07-30 00:00:00,61730.73034289711,61824.991436132324,61438.5341880908,61453.874717107,19794.40251336658
2024-07-30 04:00:00,61453.874717107,62312.585111741675,61113.74300993716,62312.585111741675,21950.845223916433
2024-07-30 08:00:00,62312.585111741675,62312.585111741675,59792.97025268085,60359.71222284921,19497.41270105848
2024-07-30 12:00:00,60359.71222284921,60750.092113451334,60330.167263112766,60610.80327158862,19507.439629177494
2024-07-30 16:00:00,60610.80327158862,60916.37171633232,60347.25622999048,60745.03347956614,11116.465323033552
2024-07-30 20:00:00,60745.03347956614,61162.15437235705,59270.46171986139,59393.73830062612,17064.451693206804
2024-07-31 00:00:00,59302.70772037858,59321.55797515017,59122.16041334332,59176.35531042088,13644.877119087123
2024-07-31 04:00:00,59176.35531042088,59254.66083287767,59002.46951944231,59047.306121050504,12708.115447855222
2024-07-31 08:00:00,59047.306121050504,59057.92802205897,58931.68433248044,58969.14154510542,12482.844344104866
2024-07-31 12:00:00,58969.14154510542,59211.86171909466,58387.6360160848,58647.17141549998,15881.07372149111
2024-07-31 16:00:00,58647.17141549998,58758.77847186979,57786.61506094989,58050.94800978128,14786.838463561136
2024-07-31 20:00:00,58050.94800978128,58311.993937773506,57546.65791890598,57611.37936747084,9869.369679884228
2024-08-01 00:00:00,57476.000441160235,58805.42659162672,57078.71447574445,58805.42659162672,17427.05619066005
2024-08-01 04:00:00,58805.42659162672,58805.42659162672,55049.916653513836,55049.916653513836,20901.677844711005
2024-08-01 08:00:00,55049.916653513836,57718.98026009053,55049.916653513836,57533.40329397121,10059.028740769258
2024-08-01 12:00:00,57533.40329397121,57718.98026009053,55841.94258249046,56051.53259470937,9368.360247991026
2024-08-01 16:00:00,56051.53259470937,56054.16754680093,53938.68640213685,53938.68640213685,10988.241798444842
2024-08-01 20:00:00,53938.68640213685,55784.47298725149,53938.68640213685,55319.819464058244,23381.855642664937
2024-08-02 00:00:00,55569.61978724192,56359.462901555904,55209.683995471656,56359.462901555904,7461.729018273232
2024-08-02 04:00:00,56359.462901555904,56359.462901555904,54295.890600889375,54976.37093844839,10370.426849111149
2024-08-02 08:00:00,54976.37093844839,55175.01900828961,54208.06752370361,54490.518023587334,14797.234402980932
2024-08-02 12:00:00,54490.518023587334,55603.29012869764,54383.83281106774,55328.78732112645,13144.360237762365
2024-08-02 16:00:00,55328.78732112645,55429.59234175148,54727.90389815194,54871.7412523502,8333.63227494267
2024-08-02 20:00:00,54871.7412523502,55026.51716586956,53984.38894194535,54019.45416908297,7847.315238613748
2024-08-03 00:00:00,54000.82090211095,55917.03952127478,53850.359577129355,55917.03952127478,4142.7307870352815
2024-08-03 04:00:00,55917.03952127478,55917.03952127478,54569.13798804258,54968.164355734785,8981.75614875623
2024-08-03 08:00:00,54968.164355734785,54968.164355734785,53367.85416143646,53482.20163924098,4445.067984206672
2024-08-03 12:00:00,53482.20163924098,53544.0659845033,52801.2742215236,52924.53389222063,6756.533207557286
2024-08-03 16:00:00,52924.53389222063,53277.96128757793,52801.2742215236,53244.17368610381,8459.884299651952
2024-08-03 20:00:00,53244.17368610381,53256.038922583284,53135.64648213187,53155.86282308933,6404.707414643303
2024-08-04 00:00:00,53277.75132816376,53298.7999173674,52145.136941777666,52256.84919219669,17355.118458939443
2024-08-04 04:00:00,52256.84919219669,52734.872468577414,51083.48433857379,51484.29462153693,21677.0329593792
2024-08-04 08:00:00,51484.29462153693,51636.99115776438,50797.264241191144,50797.264241191144,11237.435126545615
2024-08-04 12:00:00,50797.264241191144,51812.37244748873,50797.264241191144,51487.75351366893,19563.2141332784
2024-08-04 16:00:00,51487.75351366893,51755.225871254035,50871.09208462319,51007.19132430088,9683.077053749286
2024-08-04 20:00:00,51007.19132430088,51098.888851670694,51006.345971718685,51040.754475841175,8811.294513094434
2024-08-05 00:00:00,51240.07472012017,51374.636730593775,51157.96763402943,51374.636730593775,10910.668388098646
2024-08-05 04:00:00,51374.636730593775,51374.636730593775,44702.46426206378,44702.46426206378,12392.77308168282
2024-08-05 08:00:00,44702.46426206378,44756.719844434556,44603.57108395357,44603.57108395357,17645.174823895817
2024-08-05 12:00:00,44603.57108395357,45824.21265275724,44603.57108395357,45740.502330340125,8515.563339881757
2024-08-05 16:00:00,45740.502330340125,51362.88029582925,45740.502330340125,50072.71590620542,19134.96693186684
2024-08-05 20:00:00,50072.71590620542,50724.30378356816,48298.08738987764,48298.08738987764,8606.077000729752
2024-08-06 00:00:00,48822.45160516991,49125.89012401322,48821.17035105515,49040.57162200201,4067.5220510050804
2024-08-06 04:00:00,49040.57162200201,49350.37996766588,48956.82043787646,49296.290319296924,7707.367569140661
2024-08-06 08:00:00,49296.290319296924,49409.26549423297,49031.85039509089,49076.63731360298,6803.036038925798
2024-08-06 12:00:00,49076.63731360298,49095.25011719318,48913.15716719898,48984.51529321357,5722.751099898799
2024-08-06 16:00:00,48984.51529321357,49455.603291435036,48931.15658137758,49380.43023924903,7866.8482497499235
2024-08-06 20:00:00,49380.43023924903,49455.603291435036,49341.949407582935,49431.844508463815,10679.136421874007
2024-08-07 00:00:00,49406.2362911402,49503.664915431575,48224.55838272738,48224.55838272738,9162.93420678313
2024-08-07 04:00:00,48224.55838272738,50220.71628013992,48224.55838272738,49676.49516831643,9196.036487077907
2024-08-07 08:00:00,49676.49516831643,50220.71628013992,43901.3876082944,43901.3876082944,3985.5066435265603
2024-08-07 12:00:00,43901.3876082944,43931.07369193918,43707.28883868187,43707.28883868187,7023.508642068386
2024-08-07 16:00:00,43707.28883868187,45706.50063308437,43707.28883868187,45047.09316351921,5405.686255324484
2024-08-07 20:00:00,45047.09316351921,50220.71628013992,45047.09316351921,49532.16682542095,10836.112488837261
2024-08-08 00:00:00,50251.030399939395,50517.781703743465,50241.36450395248,50435.261474562605,5142.398259381845
2024-08-08 04:00:00,50435.261474562605,50793.52551379459,50396.15332465886,50691.66507460275,5207.1585139653125
2024-08-08 08:00:00,50691.66507460275,50926.65283059393,50681.05174588657,50920.6798341572,6368.663789302877
2024-08-08 12:00:00,50920.6798341572,51108.664779842846,50913.374989387295,51108.664779842846,10666.174438513739
2024-08-08 16:00:00,51108.664779842846,51108.664779842846,50951.292688808266,50973.37613352016,8632.884411009478
2024-08-08 20:00:00,50973.37613352016,50973.37613352016,50755.834349013465,50838.344353619505,6660.766301677588
2024-08-09 00:00:00,50661.608723660625,50736.66432033588,50658.341454007015,50734.24813859361,11891.243548128226
2024-08-09 04:00:00,50734.24813859361,50770.45029590471,50287.44931206028,50287.44931206028,19236.76259779494
2024-08-09 08:00:00,50287.44931206028,50307.42119224131,49814.77470342861,49814.77470342861,18932.013480461792
2024-08-09 12:00:00,49814.77470342861,51279.650341695364,49814.77470342861,51207.37860700676,12856.234913097094
2024-08-09 16:00:00,51207.37860700676,51279.650341695364,50564.33478707924,50564.33478707924,12382.185121307488
2024-08-09 20:00:00,50564.33478707924,51279.650341695364,50564.33478707924,51242.97326261729,15459.145611401831
2024-08-10 00:00:00,51408.27037262251,51669.324328733564,51381.022762056105,51531.3133688052,8173.598266930949
2024-08-10 04:00:00,51531.3133688052,51561.72595763181,51458.79124909695,51472.37152294617,9584.983377976656
2024-08-10 08:00:00,51472.37152294617,51662.077197162835,51414.178863085355,51613.39722007378,8073.6333816463
2024-08-10 12:00:00,51613.39722007378,51618.2072232064,51583.360665197026,51593.43608701999,4909.654646263596
2024-08-10 16:00:00,51593.43608701999,51653.15209366181,51582.571412018944,51641.791062406446,12033.790884161694
2024-08-10 20:00:00,51641.791062406446,51933.98629016601,51493.37904927695,51848.468146942214,4337.051719592104
2024-08-11 00:00:00,51899.64195885905,52488.41560715049,51860.78856668395,52346.90992997563,9221.128010078308
2024-08-11 04:00:00,52346.90992997563,52471.033824016245,52324.2500487402,52399.338693692014,7976.818653850352
2024-08-11 08:00:00,52399.338693692014,52441.89803269523,52345.42821013292,52435.38824729589,7046.24844231274
2024-08-11 12:00:00,52435.38824729589,53050.7532726003,52376.56706871345,52888.81195670078,14694.609612620578
2024-08-11 16:00:00,52888.81195670078,52967.01455914132,52526.6899142625,52623.665596037645,10169.384599070361
2024-08-11 20:00:00,52623.665596037645,52834.214209545964,52587.06086545237,52751.922982526856,16473.83547413799
2024-08-12 00:00:00,52821.18480298209,52838.624374193794,52714.37694357297,52739.09748327145,7296.587933171754
2024-08-12 04:00:00,52739.09748327145,52763.88114799526,52375.45121451637,52477.594729402954,4456.2033671356085
2024-08-12 08:00:00,52477.594729402954,52581.35434297013,52349.32677388283,52539.69937608894,7347.594547243291
2024-08-12 12:00:00,52539.69937608894,52688.787255721465,52257.46909823304,52296.67752481794,12393.508390355464
2024-08-12 16:00:00,52296.67752481794,52442.60830693342,52228.532672454,52416.92162039375,4290.456688087041
2024-08-12 20:00:00,52416.92162039375,52741.995477412165,51811.77703678675,51848.457690285104,8036.153149334654
2024-08-13 00:00:00,51768.69486963746,51782.30478702844,51744.4069626789,51777.93370506031,7667.86390432071
2024-08-13 04:00:00,51777.93370506031,51938.405656340845,51774.25095666462,51814.459501065554,5527.070781214873
2024-08-13 08:00:00,51814.459501065554,51851.95432057373,51802.957172620176,51809.9969709008,6795.629778190167
2024-08-13 12:00:00,51809.9969709008,51870.221855479496,51780.539075596855,51842.874925483404,7903.960753110128
2024-08-13 16:00:00,51842.874925483404,51884.29466885841,51820.8178584126,51846.4419208364,8641.122452322725
2024-08-13 20:00:00,51846.4419208364,51944.14536040071,51791.01317539128,51876.18490583361,3582.439169125269
2024-08-14 00:00:00,51896.49794465494,51962.76129828538,51890.33224549004,51930.83544323638,19376.291302479047
2024-08-14 04:00:00,51930.83544323638,52084.31885318472,51794.06263369168,52033.163484220604,9888.99118934501
2024-08-14 08:00:00,52033.163484220604,52039.930965183456,51793.53089042664,51891.49243813756,20866.921411896827
2024-08-14 12:00:00,51891.49243813756,51907.587412903005,51763.4367961803,51773.000317584636,18607.13571753317
2024-08-14 16:00:00,51773.000317584636,51891.209051059195,51638.180452595014,51653.630897589916,14032.752415031247
2024-08-14 20:00:00,51653.630897589916,51697.358156294715,51498.597174567316,51551.45692085676,18357.720323178368
2024-08-15 00:00:00,51436.20258470934,51560.871104333964,51052.03963958401,51052.03963958401,7527.764825403564
2024-08-15 04:00:00,51052.03963958401,51171.85945330166,41217.34536420099,41217.34536420099,21543.22649922119
2024-08-15 08:00:00,41217.34536420099,45004.04917842043,41217.34536420099,44350.59724503127,9890.35735637726
2024-08-15 12:00:00,44350.59724503127,60780.78728573574,44350.59724503127,60780.78728573574,17629.930817387358
2024-08-15 16:00:00,60780.78728573574,60780.78728573574,58889.61013562749,59371.40037545166,12128.051113994576
2024-08-15 20:00:00,59371.40037545166,59371.40037545166,48274.370867683676,48274.370867683676,7746.148758108418
2024-08-16 00:00:00,53337.643050813705,53390.459557799935,53177.331281067454,53187.66719334405,26092.47940417494
2024-08-16 04:00:00,53187.66719334405,53255.97483867018,53093.390517612985,53093.390517612985,9963.55053402945
2024-08-16 08:00:00,53093.390517612985,54263.00518704,53093.390517612985,54023.23566868397,22247.740748797834
2024-08-16 12:00:00,54023.23566868397,54480.81686747249,53940.262049141355,54413.15829855143,22348.48422233956
2024-08-16 16:00:00,54413.15829855143,55307.08459315427,53857.18565500948,55240.73375884226,15621.40327184905
2024-08-16 20:00:00,55240.73375884226,55490.06257370799,55187.97541442591,55401.32183804715,16088.123296687992
2024-08-17 00:00:00,55309.9914916378,55332.600954391106,54551.1945545605,54669.07537458169,5098.748341913673
2024-08-17 04:00:00,54669.07537458169,54693.37651678469,53037.75055422251,53037.75055422251,7539.982202332979
2024-08-17 08:00:00,53037.75055422251,56229.33553877037,53037.75055422251,56229.33553877037,11703.455684097073
2024-08-17 12:00:00,56229.33553877037,56229.33553877037,53822.803739853836,53822.803739853836,8774.055034507159
2024-08-17 16:00:00,53822.803739853836,53875.292203359495,53822.803739853836,53862.26100226685,8454.318800300509
2024-08-17 20:00:00,53862.26100226685,54905.59475194542,53862.26100226685,54743.392717709496,5601.270461564182
2024-08-18 00:00:00,54962.93466241421,55063.13243869818,54824.992228715564,54940.67545271067,5408.769352001884
2024-08-18 04:00:00,54940.67545271067,55001.74566613464,54895.445214431056,54999.14922224575,10428.245772568547
2024-08-18 08:00:00,54999.14922224575,55102.37022572129,54958.49411101675,55093.725694063396,9252.11769828627
2024-08-18 12:00:00,55093.725694063396,55247.715871099004,55093.004252725994,55247.715871099004,9023.110527249351
2024-08-18 16:00:00,55247.715871099004,55247.715871099004,55102.1706114841,55232.05445572641,9072.75811765518
2024-08-18 20:00:00,55232.05445572641,55243.74515327917,55025.782479726375,55193.475673823465,10894.957756155576
2024-08-19 00:00:00,55248.15386204624,55374.66071998909,55069.93178200522,55152.24023311726,8397.61855430831
2024-08-19 04:00:00,55152.24023311726,55230.41771163268,55069.193911060334,55071.21170653975,8998.48625457179
2024-08-19 08:00:00,55071.21170653975,55302.986018405216,54922.67529539442,55227.01445466889,3611.14305022312
2024-08-19 12:00:00,55227.01445466889,55258.81946855618,54814.24260831472,54833.838195841265,4854.60008013554
2024-08-19 16:00:00,54833.838195841265,54834.4019945437,54765.34617841038,54765.34617841038,6961.6883559544685
2024-08-19 20:00:00,54765.34617841038,54876.4234882554,54765.34617841038,54860.44526610145,5444.9269683729035
2024-08-20 00:00:00,55156.2979905616,55319.53545111936,54482.33328109885,54692.94343877532,5571.658003240582
2024-08-20 04:00:00,54692.94343877532,54754.93578780781,54049.17338850848,54049.17338850848,5336.136558498203
2024-08-20 08:00:00,54049.17338850848,54175.30229253254,54049.17338850848,54115.636561702326,3683.38636772026
2024-08-20 12:00:00,54115.636561702326,54406.55564367026,53467.75845040049,53467.75845040049,3461.105304532102
2024-08-20 16:00:00,53467.75845040049,54228.97208776084,53467.75845040049,54138.45596737081,3481.1808285171896
2024-08-20 20:00:00,54138.45596737081,54518.72873145711,54138.45596737081,54455.28184763532,3793.4366469047686
2024-08-21 00:00:00,54485.66809289415,54841.48768197438,52752.35101362789,52752.35101362789,9373.98433060311
2024-08-21 04:00:00,52752.35101362789,54923.007050511675,52752.35101362789,54509.078565518466,7306.379054024063
2024-08-21 08:00:00,54509.078565518466,54923.007050511675,53967.468826616096,53967.468826616096,4386.53615182096
2024-08-21 12:00:00,53967.468826616096,56044.74742554916,53967.468826616096,56044.74742554916,5033.867384164014
2024-08-21 16:00:00,56044.74742554916,56044.74742554916,55175.780208471435,55342.91784678865,3904.770595447798
2024-08-21 20:00:00,55342.91784678865,55342.91784678865,54592.70997865907,54781.848644307705,4704.518107053427
2024-08-22 00:00:00,54819.71524109852,54821.3569846759,54756.522140925306,54797.89872963635,10016.331523599498
2024-08-22 04:00:00,54797.89872963635,54930.95301847539,54776.03332109647,54906.66028507762,11375.559332219862
2024-08-22 08:00:00,54906.66028507762,54953.26419736019,54235.19852110962,54317.26516163865,6860.969137175391
2024-08-22 12:00:00,54317.26516163865,54372.293049538035,54220.31247208682,54220.31247208682,8131.434493970068
2024-08-22 16:00:00,54220.31247208682,54276.8874197981,54220.31247208682,54251.30979143407,11115.363947394306
2024-08-22 20:00:00,54251.30979143407,54317.422762363705,54235.19852110962,54287.74789450156,6230.310213936061
2024-08-23 00:00:00,54227.503311098575,54469.40664625521,54103.66950256772,54388.377986489795,3672.175208351578
2024-08-23 04:00:00,54388.377986489795,54574.3077337016,54332.08452828608,54557.50850271211,3188.379669356132
2024-08-23 08:00:00,54557.50850271211,54571.26737786469,54407.48620557803,54446.754249920625,4393.350132387333
2024-08-23 12:00:00,54446.754249920625,54645.96103358891,54372.771369018,54610.49080178166,4126.640310900164
2024-08-23 16:00:00,54610.49080178166,54688.440038628876,54590.1407122075,54688.440038628876,6443.633614614178
2024-08-23 20:00:00,54688.440038628876,54688.440038628876,54512.74686769632,54523.58603507439,4494.789377530021
2024-08-24 00:00:00,54442.03140907804,54618.81563587315,54339.65077094747,54533.29961730605,4572.866960550638
2024-08-24 04:00:00,54533.29961730605,54764.06391489557,54391.91265373074,54637.69916115349,4378.638184941721
2024-08-24 08:00:00,54637.69916115349,54825.3994761566,54540.56984118445,54713.45396928479,5532.302771460986
2024-08-24 12:00:00,54713.45396928479,54951.28636737515,54586.19487570916,54836.90921018877,3506.1697767397536
2024-08-24 16:00:00,54836.90921018877,54859.44456833398,54751.20416328354,54791.46117197703,5656.5824433627
2024-08-24 20:00:00,54791.46117197703,54793.508911490004,54744.768142593064,54773.8616799907,4421.662450683801
2024-08-25 00:00:00,54728.24369378003,77324.63061928014,54635.03167521011,77324.63061928014,16882.62333240929
2024-08-25 04:00:00,77324.63061928014,85796.16999871345,77233.96688424164,85796.16999871345,10769.264468556716
2024-08-25 08:00:00,85796.16999871345,98122.43421128069,81556.93665964172,98122.43421128069,8026.536471475633
2024-08-25 12:00:00,98122.43421128069,98122.43421128069,53268.23465254845,53268.23465254845,13997.457189208031
2024-08-25 16:00:00,53268.23465254845,55963.69507580937,53268.23465254845,55963.69507580937,9935.799523706974
2024-08-25 20:00:00,55963.69507580937,55963.69507580937,42242.56284131499,42242.56284131499,16858.343443670343
2024-08-26 00:00:00,55585.046808025494,55631.866866923054,55496.41763921415,55612.18946944809,7539.539425181103
2024-08-26 04:00:00,55612.18946944809,55693.699218246256,55609.31931062702,55650.69785131698,5860.042345370561
2024-08-26 08:00:00,55650.69785131698,55673.46725695292,55644.04624427056,55665.405055213254,10567.858144893626
2024-08-26 12:00:00,55665.405055213254,55670.60838503261,55655.29821095152,55667.67730754902,8281.988043740213
2024-08-26 16:00:00,55667.67730754902,55765.33133645798,55626.79623888581,55641.17038669766,5240.66574437224
2024-08-26 20:00:00,55641.17038669766,55653.79780646945,55531.85926415255,55609.73447413827,6464.539246199307
2024-08-27 00:00:00,55615.78195544378,55621.97835432352,55584.28177523529,55621.97835432352,12425.653366396078
2024-08-27 04:00:00,55621.97835432352,55621.97835432352,55468.00884057126,55546.28190952472,10392.147692783687
2024-08-27 08:00:00,55546.28190952472,55612.48665697081,55378.15680087507,55425.81435222908,12042.682056855334
2024-08-27 12:00:00,55425.81435222908,55432.59553979769,55347.164557510674,55372.06409335554,9747.252739982683
2024-08-27 16:00:00,55372.06409335554,55509.70573532409,55220.797261750384,55305.49884085991,11645.662096521111
2024-08-27 20:00:00,55305.49884085991,55351.405480770656,55220.797261750384,55223.63034625946,9331.834467638482
2024-08-28 00:00:00,55139.657882916596,55397.599671399825,54992.3372096893,55397.599671399825,22096.899877433058
2024-08-28 04:00:00,55397.599671399825,56654.3847104471,54801.54164879775,56654.3847104471,21155.22642041994
2024-08-28 08:00:00,56654.3847104471,57131.86407112219,56542.65936288247,57131.86407112219,15978.24653303816
2024-08-28 12:00:00,57131.86407112219,57131.86407112219,56876.68963054331,56932.932146081854,30133.771756871356
2024-08-28 16:00:00,56932.932146081854,56932.932146081854,53213.91213539849,53213.91213539849,16639.22786843305
2024-08-28 20:00:00,53213.91213539849,53545.681233171046,53213.91213539849,53433.186701236446,20397.27411675176
2024-08-29 00:00:00,53456.98244289507,53634.4722699239,50432.68859822243,50432.68859822243,17268.068970697215
2024-08-29 04:00:00,50432.68859822243,52482.676611495444,50432.68859822243,52370.05432319411,21770.062979883387
2024-08-29 08:00:00,52370.05432319411,53159.30646790331,50576.81041938416,50576.81041938416,8476.179189485289
2024-08-29 12:00:00,50576.81041938416,51662.27852883475,47564.612399638354,47564.612399638354,13357.82532780023
2024-08-29 16:00:00,47564.612399638354,48092.8090182374,46528.29775115046,46528.29775115046,12724.442401508051
2024-08-29 20:00:00,46528.29775115046,55261.37311759134,46528.29775115046,54208.37142821259,12676.554121306117
2024-08-30 00:00:00,55246.62040842725,55247.407303048625,55009.24477991355,55048.71014076622,17017.776210686825
2024-08-30 04:00:00,55048.71014076622,55142.72686032617,55036.98823387788,55100.97091537464,8109.030118672591
2024-08-30 08:00:00,55100.97091537464,55213.8510409848,54977.59696580224,55043.04754578479,9943.47159630587
2024-08-30 12:00:00,55043.04754578479,55250.305375675714,54926.023984969215,55181.000109993605,16177.443201631691
2024-08-30 16:00:00,55181.000109993605,55276.450519850114,55003.23649543599,55025.532676020695,11480.822843865742
2024-08-30 20:00:00,55025.532676020695,55059.24305979237,54809.64022244256,54819.132506719056,6654.237984038608
2024-08-31 00:00:00,54907.89622449752,55417.65364782573,54846.084841329,55333.52491032038,11892.264625700172
2024-08-31 04:00:00,55333.52491032038,55417.65364782573,54480.891253637565,54701.09537561653,13174.913280011726
2024-08-31 08:00:00,54701.09537561653,55559.17466632422,54290.43908481069,55559.17466632422,5319.39449369022
2024-08-31 12:00:00,55559.17466632422,55559.17466632422,55485.55064013628,55489.896705291925,9522.648838424027
2024-08-31 16:00:00,55489.896705291925,55489.896705291925,54751.4782199213,54812.09007277383,9671.639720281806
2024-08-31 20:00:00,54812.09007277383,55067.14869279706,53900.92515669793,54154.39591154684,7933.3735367706295
2024-09-01 00:00:00,54187.09485495191,54967.15474195624,54174.576455497314,54706.04609665646,19610.19349641455
2024-09-01 04:00:00,54706.04609665646,55877.41853678908,54639.77096695385,55877.41853678908,13118.96019894928
2024-09-01 08:00:00,55877.41853678908,55877.41853678908,53064.10387771638,53658.16170282604,12222.255613425135
2024-09-01 12:00:00,53658.16170282604,53856.57457831671,52710.24309922326,52710.24309922326,9837.022205385018
2024-09-01 16:00:00,52710.24309922326,53129.44988811282,52710.24309922326,53011.184646751026,7705.148901944241
2024-09-01 20:00:00,53011.184646751026,53321.309049067946,53011.184646751026,53320.7914348055,21862.720581306956
2024-09-02 00:00:00,53448.61745121896,53464.226831052416,53417.34915903228,53426.9049682598,7314.772168804053
2024-09-02 04:00:00,53426.9049682598,53527.636787873686,53403.517465176126,53451.62499015726,3416.0480591671217
2024-09-02 08:00:00,53451.62499015726,53549.725290358496,53441.61195119589,53519.87906279847,4322.964054869796
2024-09-02 12:00:00,53519.87906279847,53629.62462407056,53478.627895670776,53600.711943703864,3258.1705559610573
2024-09-02 16:00:00,53600.711943703864,53650.561376970814,53584.03069493422,53629.668246010995,7915.6611028948055
2024-09-02 20:00:00,53629.668246010995,53665.066579142695,53618.85316487716,53660.410975899584,5579.745160995074
2024-09-03 00:00:00,53586.6407081188,54176.01858913719,53458.64196872644,54057.68067059621,7669.9012872033845
2024-09-03 04:00:00,54057.68067059621,57150.416740190594,53399.17025748579,57150.416740190594,6210.835105586461
2024-09-03 08:00:00,57150.416740190594,57150.416740190594,54465.1057733006,54682.77522776937,12348.877314899191
2024-09-03 12:00:00,54682.77522776937,54682.77522776937,53243.998972871246,53243.998972871246,8178.2025324393035
2024-09-03 16:00:00,53243.998972871246,54774.145535271215,53243.998972871246,54774.145535271215,11205.614323479445
2024-09-03 20:00:00,54774.145535271215,54774.145535271215,54230.29557048645,54338.895194788434,4943.351404770242
2024-09-04 00:00:00,54588.36230960235,54601.674070477224,54573.41806069926,54585.42819487773,7877.881026704089
2024-09-04 04:00:00,54585.42819487773,54612.309507509184,54551.25159482742,54578.39052593739,3954.990521026756
2024-09-04 08:00:00,54578.39052593739,54626.013396989496,54559.15741556445,54581.17845430397,4884.608496948231
2024-09-04 12:00:00,54581.17845430397,54596.87154674004,54566.754976505756,54574.7349094798,6196.541671677845
2024-09-04 16:00:00,54574.7349094798,54618.862965573615,54492.425057855726,54557.314719203205,4348.408431179283
2024-09-04 20:00:00,54557.314719203205,54558.01845790526,54545.48914171118,54556.05263995782,6036.633898550814
2024-09-05 00:00:00,54518.518952620616,56716.35491701741,54130.58235484296,56716.35491701741,6825.161637424422
2024-09-05 04:00:00,56716.35491701741,56716.35491701741,54020.50398698522,54020.50398698522,10181.41908994304
2024-09-05 08:00:00,54020.50398698522,56185.817014157496,54020.50398698522,55856.18569816402,6649.262034127804
2024-09-05 12:00:00,55856.18569816402,56275.49676727214,55666.944431691234,56275.49676727214,15967.927514612169
2024-09-05 16:00:00,56275.49676727214,56275.49676727214,55334.35743085765,55343.58472638197,13549.839814000063
2024-09-05 20:00:00,55343.58472638197,55902.825505973036,55085.544144494976,55881.757706891905,8892.192119221394
2024-09-06 00:00:00,56486.245952410536,56494.128796583995,56437.151569696776,56452.72551334864,8934.464219432244
2024-09-06 04:00:00,56452.72551334864,56465.499919347625,56395.81968174263,56395.81968174263,4731.814331240417
2024-09-06 08:00:00,56395.81968174263,56422.828875118976,56395.81968174263,56400.73563870782,9081.366945331836
2024-09-06 12:00:00,56400.73563870782,56457.75860008151,56400.31857588779,56429.96605478714,4513.7840076557095
2024-09-06 16:00:00,56429.96605478714,56441.75771998692,56400.31857588779,56429.45436944369,8184.567589784361
2024-09-06 20:00:00,56429.45436944369,56476.533860696654,56406.38645766374,56447.22918976076,7072.476676381718
2024-09-07 00:00:00,56520.5212989593,58449.447481474126,56487.86007125043,58449.447481474126,5028.354354174138
2024-09-07 04:00:00,58449.447481474126,59754.03511621725,58313.027347882824,59754.03511621725,8126.187749758672
2024-09-07 08:00:00,59754.03511621725,59754.03511621725,58796.68944198881,59112.87005788896,6820.18605122055
2024-09-07 12:00:00,59112.87005788896,59112.87005788896,57175.35885945673,57406.61110247557,11382.67940352504
2024-09-07 16:00:00,57406.61110247557,57752.36472291713,57180.55173885238,57752.36472291713,9100.435247367834
2024-09-07 20:00:00,57752.36472291713,57752.36472291713,57274.24200809946,57304.53991955252,4812.378845079236
2024-09-08 00:00:00,57109.52655300974,57403.8782642353,56533.78994706348,56533.78994706348,3694.871526925024
2024-09-08 04:00:00,56533.78994706348,57026.57616333585,55529.24790156005,55529.24790156005,5288.91637075347
2024-09-08 08:00:00,55529.24790156005,57959.7479367277,55529.24790156005,57959.7479367277,9440.474081645369
2024-09-08 12:00:00,57959.7479367277,59832.39282170693,57926.97049709482,59832.39282170693,4039.2647030812386
2024-09-08 16:00:00,59832.39282170693,59832.39282170693,58688.5595442115,58955.96172699389,5932.873991229478
2024-09-08 20:00:00,58955.96172699389,58955.96172699389,57154.88482554998,57416.32570659448,6160.6212415081645
2024-09-09 00:00:00,57673.10967207279,57686.48423194626,57595.02373201493,57651.57040602509,7679.4389559595165
2024-09-09 04:00:00,57651.57040602509,57711.404716828176,57549.66833647199,57625.26137602319,10114.72300145915
2024-09-09 08:00:00,57625.26137602319,57657.4468452457,57622.497160090395,57633.32037159939,10165.73681532725
2024-09-09 12:00:00,57633.32037159939,57670.1882715363,57623.31493882314,57657.76285135263,10060.879410152847
2024-09-09 16:00:00,57657.76285135263,57776.46072256972,57549.66833647199,57625.56170757689,10232.490360204863
2024-09-09 20:00:00,57625.56170757689,57633.92570735596,57593.74452753624,57622.38074826632,6423.405881707043
2024-09-10 00:00:00,57895.372586698395,57931.74954648302,57886.58487681638,57927.60747360969,8696.909994504369
2024-09-10 04:00:00,57927.60747360969,58039.015574664576,57911.8500828039,57963.25840636078,5679.987089221577
2024-09-10 08:00:00,57963.25840636078,58036.24181575132,57935.33854145365,57998.58020519826,8757.76849623348
2024-09-10 12:00:00,57998.58020519826,58090.24256356337,57903.53298849093,58037.26885252373,5614.914174697939
2024-09-10 16:00:00,58037.26885252373,58126.214285715796,58003.32803982283,58113.81048165471,9446.959717255773
2024-09-10 20:00:00,58113.81048165471,58158.944605077086,58049.76932279208,58075.53940360004,11661.553213603054
2024-09-11 00:00:00,58182.35816945781,58577.1869848297,57925.49325394707,58403.518507138,5100.556877305513
2024-09-11 04:00:00,58403.518507138,58673.5552505774,58163.68127319355,58655.15330261803,8780.791229740124
2024-09-11 08:00:00,58655.15330261803,58692.26872036698,58227.08842251866,58483.4105459974,6662.450472755357
2024-09-11 12:00:00,58483.4105459974,58549.881536645575,58294.8122546291,58321.92084312107,4281.837691599154
2024-09-11 16:00:00,58321.92084312107,58324.18822450596,58319.53600606465,58323.28923022236,7417.309001992802
2024-09-11 20:00:00,58323.28923022236,58604.47636872851,58216.84444831296,58582.269041507156,3787.7589748973205
2024-09-12 00:00:00,58344.620179629484,58439.717430581215,58244.99908403859,58307.99518061584,12031.45329176867
2024-09-12 04:00:00,58307.99518061584,58318.432632281656,58253.03920276774,58286.33766090148,8946.213148012146
2024-09-12 08:00:00,58286.33766090148,58484.47412586596,58160.07841331738,58280.23319347058,9671.766433595714
2024-09-12 12:00:00,58280.23319347058,58309.03947948454,58179.38483070791,58274.34501147718,7394.351438799542
2024-09-12 16:00:00,58274.34501147718,58473.70717559491,58254.431693508624,58300.13681641008,7210.601927658749
2024-09-12 20:00:00,58300.13681641008,58308.88622714736,58288.89105359342,58295.76606321876,12120.272810620414
2024-09-13 00:00:00,58248.255218406346,58289.9971951484,58116.086718436185,58123.97271079864,33982.91777126851
2024-09-13 04:00:00,58123.97271079864,58188.74494026193,57800.40826617161,57805.65800231649,28485.73777623167
2024-09-13 08:00:00,57805.65800231649,59328.301812050864,57614.77646224948,58842.227453769745,12995.368064027514
2024-09-13 12:00:00,58842.227453769745,58955.703141002145,58483.00105838038,58524.011288186324,26189.97468374122
2024-09-13 16:00:00,58524.011288186324,59284.802432278135,58318.346001638405,59050.99136375506,20963.55967389105
2024-09-13 20:00:00,59050.99136375506,59555.023602648616,58983.43567217932,59424.515915927965,18837.28720834114
2024-09-14 00:00:00,59629.53850931318,59654.83808727556,59517.357153746976,59555.63776897162,4172.800732175454
2024-09-14 04:00:00,59555.63776897162,59560.56360984692,59438.00226742915,59438.00226742915,3367.7007859667974
2024-09-14 08:00:00,59438.00226742915,59521.47692468222,59180.393021396216,59180.393021396216,6202.577059203216
2024-09-14 12:00:00,59180.393021396216,59558.12996885097,59180.393021396216,59394.026342439625,4802.784009049264
2024-09-14 16:00:00,59394.026342439625,59650.21435378024,59394.026342439625,59586.890779936686,6107.626176555369
2024-09-14 20:00:00,59586.890779936686,59681.16020065938,59506.65881977128,59535.50799851972,5964.088817662944
2024-09-15 00:00:00,59537.43644956459,60540.43137231819,59155.709971469856,60540.43137231819,16753.629187711256
2024-09-15 04:00:00,60540.43137231819,60682.4616827474,60458.27023200344,60682.4616827474,15440.117958135397
2024-09-15 08:00:00,60682.4616827474,62870.77492069574,60635.159585912275,62870.77492069574,16123.770517924091
2024-09-15 12:00:00,62870.77492069574,63313.501800620994,62799.7447888794,63313.501800620994,11320.323378375762
2024-09-15 16:00:00,63313.501800620994,63313.501800620994,62554.0548491441,62788.80687212113,10535.043293958863
2024-09-15 20:00:00,62788.80687212113,62788.80687212113,59613.21180138405,60355.45518201135,7110.850848702321
2024-09-16 00:00:00,60766.84579626744,62026.24174901504,60719.248985619866,62026.24174901504,6283.111604616793
2024-09-16 04:00:00,62026.24174901504,62360.47104515702,61849.03017052554,62360.47104515702,4248.343143693564
2024-09-16 08:00:00,62360.47104515702,62360.47104515702,60324.448023906574,60395.26826108504,10142.974016658214
2024-09-16 12:00:00,60395.26826108504,62594.89531237091,60324.448023906574,62594.89531237091,10028.480348179772
2024-09-16 16:00:00,62594.89531237091,62682.9343781689,62532.49826875039,62682.9343781689,4694.319718893589
2024-09-16 20:00:00,62682.9343781689,62682.9343781689,60231.75723622479,60231.75723622479,5674.785515698647
2024-09-17 00:00:00,60313.44300466678,60618.3017569718,60161.180819215515,60607.94524118196,5940.301101465866
2024-09-17 04:00:00,60607.94524118196,60957.96387606776,58327.72585914872,58327.72585914872,7122.82007170922
2024-09-17 08:00:00,58327.72585914872,59313.907166239485,58327.72585914872,59282.852154148524,6238.794631116627
2024-09-17 12:00:00,59282.852154148524,59789.56333609476,58260.22887379826,58260.22887379826,10642.610267382961
2024-09-17 16:00:00,58260.22887379826,58426.109491854804,57641.67684346855,57641.67684346855,10066.008779116131
2024-09-17 20:00:00,57641.67684346855,60975.34330866588,57641.67684346855,60689.57057305505,13579.013687938039
2024-09-18 00:00:00,60846.12543379919,60857.59858598055,60840.7398270692,60849.35154296061,6651.656555791929
2024-09-18 04:00:00,60849.35154296061,60856.970377817066,60841.68737092547,60851.6611133583,6373.776241261347
2024-09-18 08:00:00,60851.6611133583,60883.844217828,60831.32943674193,60851.11496910037,10715.991255856039
2024-09-18 12:00:00,60851.11496910037,60883.844217828,60831.32943674193,60867.419062019915,10321.679115478308
2024-09-18 16:00:00,60867.419062019915,60874.0650315133,60831.32943674193,60868.57289411393,8440.645411359848
2024-09-18 20:00:00,60868.57289411393,60871.60306178352,60831.32943674193,60871.379846569,5860.830859907847
2024-09-19 00:00:00,60447.78330100894,60608.654929929515,60388.06406049336,60565.99011196551,11410.98780296604
2024-09-19 04:00:00,60565.99011196551,61378.813854757704,60213.89752458067,61153.13030664098,12733.16625722095
2024-09-19 08:00:00,61153.13030664098,61624.313603123825,61009.45740904852,61448.9219995252,12080.891675325876
2024-09-19 12:00:00,61448.9219995252,61633.74404412384,60850.4164204804,60940.52858860996,14165.796900621068
2024-09-19 16:00:00,60940.52858860996,61795.888609178866,60930.7101270293,61602.93126790404,14126.129468233783
2024-09-19 20:00:00,61602.93126790404,62546.64086492256,61133.25879677785,62360.67208842183,13853.370218835007
2024-09-20 00:00:00,62433.31619235476,62505.608091895956,62242.20450220274,62333.887355402134,18242.527291731578
2024-09-20 04:00:00,62333.887355402134,62532.74979417479,62209.70790696761,62503.88243531658,12357.247889873877
2024-09-20 08:00:00,62503.88243531658,62532.74979417479,62242.17976498425,62376.43412259761,14360.17593275694
2024-09-20 12:00:00,62376.43412259761,62377.788045834925,61976.94297598727,62064.16024949278,16439.411364812688
2024-09-20 16:00:00,62064.16024949278,62296.81858079965,61315.38749134083,61509.556690221805,15277.41689769455
2024-09-20 20:00:00,61509.556690221805,61688.29143272418,61141.55273970617,61221.10365776096,11517.048766649774
2024-09-21 00:00:00,61390.386356466464,61402.02179153599,61332.80715817059,61349.94066367848,10320.075974283423
2024-09-21 04:00:00,61349.94066367848,61515.98786422221,61214.26489459973,61428.40773592328,8364.641167615735
2024-09-21 08:00:00,61428.40773592328,61482.45702638757,61018.96369568475,61166.54732926848,11095.86448555701
2024-09-21 12:00:00,61166.54732926848,61322.07723854641,60841.70623519712,60912.03129590598,7295.7940945648215
2024-09-21 16:00:00,60912.03129590598,60951.78314983831,60802.606979083954,60848.237602574256,5661.733906531262
2024-09-21 20:00:00,60848.237602574256,60995.552818630174,60756.047543809655,60818.75411698227,6811.680200382311
2024-09-22 00:00:00,60817.51730400603,60833.225882965926,60763.03618710993,60822.76106107419,6216.8210858633265
2024-09-22 04:00:00,60822.76106107419,60851.13422525805,60808.6738844356,60822.76114644559,4605.878494362821
2024-09-22 08:00:00,60822.76114644559,60870.90685341821,60700.1703808422,60815.57719738996,3129.515241907326
2024-09-22 12:00:00,60815.57719738996,60884.66471346411,60706.962096013296,60794.43029601294,6418.286081919153
2024-09-22 16:00:00,60794.43029601294,60820.2842912532,60790.730287097555,60807.47285460116,3689.391109982736
2024-09-22 20:00:00,60807.47285460116,60817.694072646744,60806.85736903875,60810.63027960935,3912.965245701725
2024-09-23 00:00:00,60744.36536617909,60971.70284846208,60616.034358596866,60970.60534826628,8916.682976959706
2024-09-23 04:00:00,60970.60534826628,61265.8772507694,60834.22402192322,61174.82674262624,10274.370349395498
2024-09-23 08:00:00,61174.82674262624,61392.88071319612,60760.350773399834,60958.34366546273,16904.843045473754
2024-09-23 12:00:00,60958.34366546273,61030.51937302119,60932.72259132131,60969.05124975314,10352.805427609797
2024-09-23 16:00:00,60969.05124975314,61431.77601733995,60944.82311970677,61298.515222805705,10541.286826108682
2024-09-23 20:00:00,61298.515222805705,61966.48756291143,60992.591660112994,61903.120896364635,6219.3615472669535
2024-09-24 00:00:00,62353.49169832348,62626.54306845521,62319.548961589295,62537.5784963148,8048.63439150735
2024-09-24 04:00:00,62537.5784963148,62561.41223531893,62376.19122111052,62410.358617813654,8733.055361768449
2024-09-24 08:00:00,62410.358617813654,62429.89149647407,62388.215240830534,62417.56360710386,7003.465690380386
2024-09-24 12:00:00,62417.56360710386,62495.34146150557,62374.87433509429,62470.34518463564,7132.475879290631
2024-09-24 16:00:00,62470.34518463564,62576.181023953846,62457.98144377015,62556.25545405362,9606.210745587508
2024-09-24 20:00:00,62556.25545405362,62626.99961784676,62386.66827699692,62480.619669631655,6321.407576892332
2024-09-25 00:00:00,62123.352079163524,62735.8655724256,61016.23910003045,61016.23910003045,13550.301086066525
2024-09-25 04:00:00,61016.23910003045,61200.07817565043,61016.23910003045,61119.526781249995,12875.08540020788
2024-09-25 08:00:00,61119.526781249995,61397.99667404364,59322.68994190302,59322.68994190302,12383.654992724083
2024-09-25 12:00:00,59322.68994190302,62735.8655724256,59322.68994190302,62061.16927695129,9109.622404642523
2024-09-25 16:00:00,62061.16927695129,62093.918281641396,61643.82347596901,61643.82347596901,11263.939826530472
2024-09-25 20:00:00,61643.82347596901,62735.8655724256,61643.82347596901,62586.650341423054,5920.467754113217
2024-09-26 00:00:00,62551.89826673292,62572.847711494855,62461.190341597365,62461.190341597365,3937.4565111116826
2024-09-26 04:00:00,62461.190341597365,62723.41328224162,62461.190341597365,62670.71807901116,3306.1205322270353
2024-09-26 08:00:00,62670.71807901116,62721.13896091934,62651.518525807856,62660.880579361874,4958.250770560029
2024-09-26 12:00:00,62660.880579361874,62667.77325396337,62597.83699462633,62630.13055083064,3863.8103838424854
2024-09-26 16:00:00,62630.13055083064,62947.54271841963,62506.1313152357,62936.28549826711,7453.86661986823
2024-09-26 20:00:00,62936.28549826711,62942.89129709959,62785.00547566663,62908.75105967805,5233.037336847216
2024-09-27 00:00:00,63070.21527140143,63309.850541864966,62799.74449196684,63309.850541864966,10149.531514617864
2024-09-27 04:00:00,63309.850541864966,63309.850541864966,62693.40677395903,62765.46428315933,8034.59744168864
2024-09-27 08:00:00,62765.46428315933,62924.01152430734,62454.95334193742,62454.95334193742,9182.028859078962
2024-09-27 12:00:00,62454.95334193742,62660.9480102312,62454.95334193742,62632.216465001766,8674.091526545362
2024-09-27 16:00:00,62632.216465001766,62679.568594830635,62556.696186905145,62652.34930964506,7321.450236648061
2024-09-27 20:00:00,62652.34930964506,62660.823278857286,62528.92545437,62529.074241829665,4146.010904226825
2024-09-28 00:00:00,62471.3758400093,62494.78097528385,62388.08315218843,62447.26990614118,4771.766735313413
2024-09-28 04:00:00,62447.26990614118,62566.95050335078,62307.13158842738,62365.594028668624,4171.497568543176
2024-09-28 08:00:00,62365.594028668624,62425.595380656014,62332.00845675908,62337.193971838016,5197.0873474471255
2024-09-28 12:00:00,62337.193971838016,62383.589185624944,62269.85367904907,62275.8747007776,11843.107567851355
2024-09-28 16:00:00,62275.8747007776,62293.06111711063,62083.454384607336,62145.416503460765,11118.245575801197
2024-09-28 20:00:00,62145.416503460765,62277.58906471901,62097.404650965706,62227.823866441366,7183.774499413769
2024-09-29 00:00:00,62415.71990445921,62468.6168662476,61874.882173967635,61905.17117659438,10396.462802621487
2024-09-29 04:00:00,61905.17117659438,61911.81454687369,61898.49526560447,61910.339036269346,8461.30810628507
2024-09-29 08:00:00,61910.339036269346,62137.05794037514,61138.359099243804,61250.93314638477,10777.921878342218
2024-09-29 12:00:00,61250.93314638477,61509.3928736549,61110.41035168289,61382.23330908301,17612.13351460595
2024-09-29 16:00:00,61382.23330908301,61448.47399392193,60866.51877219854,60985.35264158415,18061.282675883263
2024-09-29 20:00:00,60985.35264158415,61012.16435980218,60291.6910737255,60351.55499698679,16346.584298571503
2024-09-30 00:00:00,60104.91894637704,60514.816931414316,60049.24004835731,60468.71730358533,6923.237315832463
2024-09-30 04:00:00,60468.71730358533,60697.74069363658,60455.13730487316,60665.6378926884,11902.62332838873
2024-09-30 08:00:00,60665.6378926884,61505.98434131491,60389.704372238106,61505.98434131491,8914.443876613594
2024-09-30 12:00:00,61505.98434131491,61727.6971617643,61458.495268070714,61727.6971617643,12230.184806704192
2024-09-30 16:00:00,61727.6971617643,61727.6971617643,61502.187378703486,61631.692400501,5642.108572158931
2024-09-30 20:00:00,61631.692400501,61631.692400501,61397.357914411536,61417.086154545905,8268.026909275985
2024-10-01 00:00:00,61321.35116204554,61421.48400921374,61181.42697571024,61207.562887820466,16021.395576296292
2024-10-01 04:00:00,61207.562887820466,61267.218386321365,61046.7854999142,61114.4724976523,13702.237492890585
2024-10-01 08:00:00,61114.4724976523,61222.50583631496,60794.134844834916,60877.74762935523,8469.852812282605
2024-10-01 12:00:00,60877.74762935523,60992.45468068635,60656.889085594164,60815.9083318735,17623.733232612274
2024-10-01 16:00:00,60815.9083318735,60962.49067633769,60650.441243945046,60670.64882754972,18195.79058134917
2024-10-01 20:00:00,60670.64882754972,60675.87280407082,60378.1740824603,60439.38515293542,16360.715679347544
2024-10-02 00:00:00,60305.12383238862,60423.26506171466,60011.22206899869,60108.524600306555,9419.344052144384
2024-10-02 04:00:00,60108.524600306555,60432.030553224,60011.22206899869,60304.0301638709,4461.431276906264
2024-10-02 08:00:00,60304.0301638709,60878.13032124844,60060.52136040587,60829.34912617399,6390.742479742154
2024-10-02 12:00:00,60829.34912617399,60878.13032124844,60011.22206899869,60149.1750546148,7756.603202069253
2024-10-02 16:00:00,60149.1750546148,60887.60301959755,60011.22206899869,60887.60301959755,5618.876643942171
2024-10-02 20:00:00,60887.60301959755,60887.60301959755,60634.56888847729,60729.89714445193,4696.820160602927
2024-10-03 00:00:00,60650.71159830749,61252.14090470767,60542.55014565696,61252.14090470767,3125.561396101047
2024-10-03 04:00:00,61252.14090470767,62101.836710136566,60814.59781305865,62101.836710136566,6981.338317116287
2024-10-03 08:00:00,62101.836710136566,62101.836710136566,61358.758222300916,61378.41088761788,5359.548802082028
2024-10-03 12:00:00,61378.41088761788,61591.71251929811,61317.02892015465,61591.71251929811,5131.858388912092
2024-10-03 16:00:00,61591.71251929811,61591.71251929811,61241.10614379238,61333.45784822758,4317.469736813141
2024-10-03 20:00:00,61333.45784822758,61333.45784822758,61144.283073741,61164.952765148606,8534.127433845037
2024-10-04 00:00:00,60844.50274767564,62015.698472960634,60804.12178572427,61657.76903276975,14029.807314469044
2024-10-04 04:00:00,61657.76903276975,62648.17271031022,61284.49404166825,62392.825663750875,15283.798287066411
2024-10-04 08:00:00,62392.825663750875,62642.1372360504,61368.935836744124,61776.64532992869,15874.197182146307
2024-10-04 12:00:00,61776.64532992869,63013.77389518645,61760.743416828605,62738.32851337058,17382.02671923465
2024-10-04 16:00:00,62738.32851337058,63043.668626498715,62630.54209144982,63012.00115589094,8603.55442931849
2024-10-04 20:00:00,63012.00115589094,63237.54020718049,62104.9806660484,62374.71316469269,15393.07758150073
2024-10-05 00:00:00,62620.97241064392,62773.46253112098,62539.14339314188,62695.1851655413,16171.341722490704
2024-10-05 04:00:00,62695.1851655413,62985.500041351675,62664.875681451886,62886.65827776138,11858.13373248755
2024-10-05 08:00:00,62886.65827776138,63042.214970428075,62865.16300250041,62987.710796581756,17837.525728857974
2024-10-05 12:00:00,62987.710796581756,63021.061719813406,62865.577555713746,62881.88543552992,12189.938613639863
2024-10-05 16:00:00,62881.88543552992,63123.119110703905,62782.20279325633,62954.98515238351,17311.91579021205
2024-10-05 20:00:00,62954.98515238351,63123.119110703905,62781.419184434315,63091.381983157014,16792.861891179375
2024-10-06 00:00:00,63228.24202366623,63326.33038143543,63039.12001370939,63160.3112730912,6078.831999245113
2024-10-06 04:00:00,63160.3112730912,63370.65923880542,62592.04397383265,62687.87810660119,10539.826565547524
2024-10-06 08:00:00,62687.87810660119,62779.98939205546,62645.39203962844,62753.87311240116,9668.403931664288
2024-10-06 12:00:00,62753.87311240116,62846.23231307918,62076.72185401493,62201.809694692725,12604.78296300149
2024-10-06 16:00:00,62201.809694692725,62212.46776505292,62155.4033375711,62183.410938554225,9259.97628462851
2024-10-06 20:00:00,62183.410938554225,62328.64130620715,62172.52353139861,62289.01775821439,7649.265435639968
2024-10-07 00:00:00,62076.57666564939,62680.980345192744,61964.908555047004,62568.698318492476,7911.795520808462
2024-10-07 04:00:00,62568.698318492476,63027.82570097409,61870.685937192146,61973.892298099796,13390.585094372598
2024-10-07 08:00:00,61973.892298099796,62022.61443255574,61889.2432227954,61911.30837775792,5732.805513657276
2024-10-07 12:00:00,61911.30837775792,64035.950910544336,61789.12991138523,63881.46723885735,8527.862233464875
2024-10-07 16:00:00,63881.46723885735,64035.950910544336,63859.03356665495,64029.993379069245,5940.714566649248
2024-10-07 20:00:00,64029.993379069245,64035.950910544336,63453.60754779263,63500.77628635239,8808.79301900771
2024-10-08 00:00:00,63584.87649441095,63724.07280110452,63095.03976175228,63263.654470630245,8216.58581579208
2024-10-08 04:00:00,63263.654470630245,63286.172984524535,63175.272850918955,63198.15913064076,5505.051144207328
2024-10-08 08:00:00,63198.15913064076,63282.63586672269,63063.87972097267,63086.25285086421,6970.261456381763
2024-10-08 12:00:00,63086.25285086421,63149.263445432895,63074.19578288614,63125.5073446345,7399.236957466938
2024-10-08 16:00:00,63125.5073446345,63409.185402953524,63063.87972097267,63356.51093340322,3620.6574313259916
2024-10-08 20:00:00,63356.51093340322,63466.18135090771,63186.82733864183,63210.04016435873,5221.133494296158
2024-10-09 00:00:00,63504.77147827311,63575.68857851105,63116.4234085293,63300.47493185668,5357.2190107474335
2024-10-09 04:00:00,63300.47493185668,63456.20158209346,62948.01322506301,63045.65151850477,5298.414694989162
2024-10-09 08:00:00,63045.65151850477,63298.01789686638,62986.518195574215,63230.59701307245,8399.292222797772
2024-10-09 12:00:00,63230.59701307245,63282.91877153901,63032.46976215565,63110.560470879216,8199.212703512121
2024-10-09 16:00:00,63110.560470879216,63123.48339909466,63099.15263066111,63122.909603926564,6085.294913045204
2024-10-09 20:00:00,63122.909603926564,63239.24679514744,62874.8921310624,63023.77408431545,3688.237172226729
2024-10-10 00:00:00,63220.809285566946,63755.67633911887,63179.704330890396,63713.77938934357,9622.17447068679
2024-10-10 04:00:00,63713.77938934357,63755.67633911887,63179.704330890396,63204.81052313837,5870.179970070036
2024-10-10 08:00:00,63204.81052313837,63250.50433113397,63164.5104937326,63164.5104937326,7972.631770700339
2024-10-10 12:00:00,63164.5104937326,63377.555022568034,63164.5104937326,63341.14714966811,9835.963319116903
2024-10-10 16:00:00,63341.14714966811,63820.85227318374,63190.06742726531,63820.85227318374,7024.145139326742
2024-10-10 20:00:00,63820.85227318374,63820.85227318374,63664.86181683744,63723.00174907406,6967.598769095866
2024-10-11 00:00:00,63428.97074403401,64432.15250278593,63031.899634432615,64416.646935391764,18284.599141864222
2024-10-11 04:00:00,64416.646935391764,64572.92004284708,64189.287494889126,64315.232647580364,21947.2972640996
2024-10-11 08:00:00,64315.232647580364,65351.986628457,63970.78315360417,65351.986628457,19229.2834902545
2024-10-11 12:00:00,65351.986628457,65494.959177619385,65290.16571461785,65494.959177619385,16266.885193978065
2024-10-11 16:00:00,65494.959177619385,65494.959177619385,64730.57619714582,64922.584617423956,13154.230287656024
2024-10-11 20:00:00,64922.584617423956,64922.584617423956,64493.761204554554,64606.43135058382,11690.872696202428
2024-10-12 00:00:00,64474.20825222234,64646.3811532689,64251.98059375147,64267.53788283096,10286.855232089089
2024-10-12 04:00:00,64267.53788283096,64361.873219413064,64251.98059375147,64327.238101307026,7399.919979015854
2024-10-12 08:00:00,64327.238101307026,64386.978161527724,64309.73055139692,64320.91523189616,8506.37126235966
2024-10-12 12:00:00,64320.91523189616,65233.76905970034,64251.98059375147,64872.353746886525,4752.456483348994
2024-10-12 16:00:00,64872.353746886525,64955.8162294076,64819.01505681863,64948.374465499124,6506.334833103012
2024-10-12 20:00:00,64948.374465499124,65286.076771388485,64942.94845149889,65238.21796264833,9922.250443437468
2024-10-13 00:00:00,65142.748715630885,65410.25520442605,65044.24356715566,65256.20360090357,9427.844939374834
2024-10-13 04:00:00,65256.20360090357,65592.6116326392,65167.170485516326,65570.18804168876,17672.78503037166
2024-10-13 08:00:00,65570.18804168876,65593.97314516538,65474.480624339994,65518.16987542193,12722.132989931633
2024-10-13 12:00:00,65518.16987542193,65573.20012274542,65505.47472108533,65550.40812323426,12758.87958055366
2024-10-13 16:00:00,65550.40812323426,65586.9790467472,65477.695650208494,65510.767644522035,14702.380668082611
2024-10-13 20:00:00,65510.767644522035,65597.74671184683,65482.5290438391,65576.7845290553,13382.130467284029
2024-10-14 00:00:00,65566.51901562557,65797.80476482605,65499.12566687031,65775.04186565112,10566.784263048326
2024-10-14 04:00:00,65775.04186565112,66451.02240807119,65499.12566687031,66201.76300653337,9535.507350177819
2024-10-14 08:00:00,66201.76300653337,66243.09707972751,65972.43920719229,66042.85636205308,4241.173216703268
2024-10-14 12:00:00,66042.85636205308,66142.85131056045,65804.18989883875,65832.28055876234,9829.281240961409
2024-10-14 16:00:00,65832.28055876234,66261.32454515307,65779.22132953629,66131.12003933082,7256.933746532192
2024-10-14 20:00:00,66131.12003933082,66451.02240807119,66128.47911687026,66402.50647303664,7604.68133552644
2024-10-15 00:00:00,66518.91115917917,66586.41907841676,66493.75461801508,66557.25332943568,7331.634855570955
2024-10-15 04:00:00,66557.25332943568,66843.27239060917,66450.42575782856,66742.31517983525,8219.392676899643
2024-10-15 08:00:00,66742.31517983525,67027.77053146028,66675.9816575589,66883.01235454125,5570.14948726596
2024-10-15 12:00:00,66883.01235454125,67101.66529246804,66789.4573751105,66994.05461886904,4967.697456654712
2024-10-15 16:00:00,66994.05461886904,67122.44975400671,66808.90746996875,67122.44975400671,6997.599094896919
2024-10-15 20:00:00,67122.44975400671,67122.44975400671,66656.23350756352,66774.7903479804,3068.2008067237816
2024-10-16 00:00:00,66780.50239792092,66823.18248829778,66754.22566532074,66757.62673230021,5299.957105966127
2024-10-16 04:00:00,66757.62673230021,66875.55633994698,66467.40058250107,66587.47033347009,5145.035979939903
2024-10-16 08:00:00,66587.47033347009,66841.95702015531,66467.40058250107,66841.06507848394,8649.972198879168
2024-10-16 12:00:00,66841.06507848394,67188.31362939451,66754.48823940103,67052.88015063168,4150.0403065589335
2024-10-16 16:00:00,67052.88015063168,67426.13762035183,67026.60238642791,67387.78050474332,5444.0002326365375
2024-10-16 20:00:00,67387.78050474332,67426.13762035183,67237.90104668276,67249.26762018137,4656.15579289568
2024-10-17 00:00:00,67490.45163089849,67572.56388419267,67385.28960417476,67503.5321465242,4056.215253581193
2024-10-17 04:00:00,67503.5321465242,67717.42769005786,67362.19733169232,67554.72555094298,3916.7471395050347
2024-10-17 08:00:00,67554.72555094298,67593.59806484397,67519.26425336175,67529.11463224514,3056.3444237127196
2024-10-17 12:00:00,67529.11463224514,67661.30912377272,67302.34900805885,67569.85892167197,2771.033890125834
2024-10-17 16:00:00,67569.85892167197,67696.32736520079,67558.12567320645,67646.25380141483,6026.860554457035
2024-10-17 20:00:00,67646.25380141483,67676.812570455,67586.57635517436,67616.60234178846,5962.737730017734
2024-10-18 00:00:00,67667.37493668495,67709.40572493497,67610.41827391597,67615.38451164226,10597.347727711884
2024-10-18 04:00:00,67615.38451164226,67683.42942780782,67541.17757318927,67662.78964032035,8303.380933855397
2024-10-18 08:00:00,67662.78964032035,67900.86737977229,67457.5185486668,67734.6323287584,10803.481376221876
2024-10-18 12:00:00,67734.6323287584,67779.41982666745,67725.51260085689,67760.8054771762,12678.109475619383
2024-10-18 16:00:00,67760.8054771762,67883.95348556724,67742.05644722012,67824.62316312238,13367.118194896446
2024-10-18 20:00:00,67824.62316312238,67921.42883056769,67788.55629041289,67915.08520492024,15342.079275340044
2024-10-19 00:00:00,67949.37956917581,68015.84185442221,67780.05657898147,67876.98541537621,4290.029068208939
2024-10-19 04:00:00,67876.98541537621,67943.09595040846,67874.91016132008,67909.37594868374,9264.138758997728
2024-10-19 08:00:00,67909.37594868374,68019.58167092089,67816.6088437664,67999.17459352824,5612.6219844420475
2024-10-19 12:00:00,67999.17459352824,68050.8492512597,67911.21700975124,67970.60047705537,6501.405446284369
2024-10-19 16:00:00,67970.60047705537,68281.89615629156,67951.60585000302,68170.85998897837,9303.956358516385
2024-10-19 20:00:00,68170.85998897837,68239.74840334286,68127.25335556253,68237.98609704085,6314.348380758496
2024-10-20 00:00:00,68410.89561400641,68481.58865988428,68269.48859657344,68407.93126030559,16158.361789105957
2024-10-20 04:00:00,68407.93126030559,68417.40315872904,68372.59306862092,68416.46698385326,12473.902496992896
2024-10-20 08:00:00,68416.46698385326,68447.51925375448,68368.34521373762,68442.10621251429,13653.445735422536
2024-10-20 12:00:00,68442.10621251429,68449.47562682789,68431.33777347977,68445.76618301733,11954.901147505343
2024-10-20 16:00:00,68445.76618301733,68449.45909225012,68321.35759068067,68435.50409685799,10575.188167680963
2024-10-20 20:00:00,68435.50409685799,68524.7495534516,68366.73806025682,68446.03378945291,12056.523502425332
2024-10-21 00:00:00,68457.01365966501,68629.12302218116,68355.12354025942,68396.22755311783,4513.9507068668945
2024-10-21 04:00:00,68396.22755311783,68422.58681575226,68358.25635215428,68359.1022273338,8723.302923505511
2024-10-21 08:00:00,68359.1022273338,68485.35448539475,68267.27187079056,68382.14194032451,5325.496966005487
2024-10-21 12:00:00,68382.14194032451,68421.37776777799,68337.30446999772,68387.10983282901,5823.659760226751
2024-10-21 16:00:00,68387.10983282901,68418.48088161553,68337.41385106012,68407.08828751821,6377.038884839928
2024-10-21 20:00:00,68407.08828751821,68441.14491476062,68286.08314127818,68344.99100325066,8486.525309521598
2024-10-22 00:00:00,67836.33969167962,68594.15460255079,64065.64091832707,64065.64091832707,10123.017636574647
2024-10-22 04:00:00,64065.64091832707,68577.72339167594,64065.64091832707,67922.74309277984,4525.427748169146
2024-10-22 08:00:00,67922.74309277984,68361.48638096984,60759.85638959982,60759.85638959982,9906.684511627698
2024-10-22 12:00:00,60759.85638959982,67510.05404532637,60759.85638959982,66295.87389880363,9149.475564733744
2024-10-22 16:00:00,66295.87389880363,73604.76634937114,66295.87389880363,73604.76634937114,11306.661165892918
2024-10-22 20:00:00,73604.76634937114,73604.76634937114,67425.64376602301,67451.48473284909,8107.6975092981975
2024-10-23 00:00:00,68740.23383081054,69739.05411891983,63301.97568067545,63301.97568067545,7637.641477195338
2024-10-23 04:00:00,63301.97568067545,68958.60471036813,63301.97568067545,67176.3282879167,8231.152894363237
2024-10-23 08:00:00,67176.3282879167,69739.05411891983,67176.3282879167,69185.39206513987,5447.497705063632
2024-10-23 12:00:00,69185.39206513987,69739.05411891983,67298.8631636778,67298.8631636778,5972.309110647181
2024-10-23 16:00:00,67298.8631636778,70672.29255098075,67298.8631636778,70672.29255098075,5460.034896590556
2024-10-23 20:00:00,70672.29255098075,70672.29255098075,68538.0143663684,69079.99255651716,13094.167860779386
2024-10-24 00:00:00,69970.86425470698,70007.53140437351,69889.50402211494,69951.36807262494,5100.430414749179
2024-10-24 04:00:00,69951.36807262494,70053.14770081604,69921.59537588674,69938.17625835777,5931.80397000417
2024-10-24 08:00:00,69938.17625835777,69968.63652154643,69919.23102853393,69943.12198230415,7777.425299246162
2024-10-24 12:00:00,69943.12198230415,70065.14045838488,69874.60084530918,69954.61367992869,7111.320061100895
2024-10-24 16:00:00,69954.61367992869,69978.43835468951,69923.45492446078,69936.60169971822,6270.255938481434
2024-10-24 20:00:00,69936.60169971822,69945.79289650125,69922.20898475366,69928.27848275247,11354.235281312256
2024-10-25 00:00:00,69768.73020186526,69963.43386987982,69752.19887256756,69916.98869976835,4061.2705630711266
2024-10-25 04:00:00,69916.98869976835,70383.88775098335,69579.02598578473,70338.64976762193,7835.796175109086
2024-10-25 08:00:00,70338.64976762193,70545.32652483339,70271.2376008651,70508.53163547534,7960.94850013241
2024-10-25 12:00:00,70508.53163547534,70620.06463014282,70497.58391235306,70620.06463014282,7019.830054262846
2024-10-25 16:00:00,70620.06463014282,70620.06463014282,70180.54469788264,70333.35266217553,4586.761487608316
2024-10-25 20:00:00,70333.35266217553,70372.00267372155,70328.7595178492,70359.60154563909,7660.218523007379
2024-10-26 00:00:00,70563.61739006541,70642.6113617665,70469.9091710828,70637.41564287693,8851.617435993465
2024-10-26 04:00:00,70637.41564287693,71000.0188774027,70469.9091710828,70790.91243225448,4317.4496314257485
2024-10-26 08:00:00,70790.91243225448,70798.80221959986,70646.78296036496,70708.25473977813,6904.467677104907
2024-10-26 12:00:00,70708.25473977813,70886.61915886977,70549.1627572902,70784.098917389,10369.656642370348
2024-10-26 16:00:00,70784.098917389,71121.66193604309,70735.95157613847,71116.7265076996,6750.808731044316
2024-10-26 20:00:00,71116.7265076996,71121.66193604309,71044.86891667312,71084.22857388588,9726.579454400759
2024-10-27 00:00:00,70682.91367829213,70958.1615616462,69944.97548548225,69984.12584479187,4537.881217988696
2024-10-27 04:00:00,69984.12584479187,70242.65826062398,69944.97548548225,70152.09932534276,7138.275135964588
2024-10-27 08:00:00,70152.09932534276,70264.47161074674,69950.7454170998,69972.1397802064,8402.98154105659
2024-10-27 12:00:00,69972.1397802064,70532.36815997087,69944.97548548225,70362.15729846446,10506.816905307045
2024-10-27 16:00:00,70362.15729846446,71530.00328348417,70302.42205055736,71195.08417080564,8822.732657784396
2024-10-27 20:00:00,71195.08417080564,71406.15066883586,71074.00787582315,71281.77919158076,7604.514547639507
2024-10-28 00:00:00,71686.91569691368,71722.42278674859,71569.11563876363,71579.29561954881,9503.66419392317
2024-10-28 04:00:00,71579.29561954881,71664.33470894907,71391.93652675855,71424.94559224449,10586.898972348285
2024-10-28 08:00:00,71424.94559224449,71613.13864365323,71171.02326243221,71171.02326243221,6781.232285082528
2024-10-28 12:00:00,71171.02326243221,71694.8556611358,71171.02326243221,71566.67876080767,5382.861930404464
2024-10-28 16:00:00,71566.67876080767,71579.772501365,71367.36074577067,71466.79201233413,11708.98477642539
2024-10-28 20:00:00,71466.79201233413,71493.87556355816,71363.22410289923,71412.10869216327,8476.638324694333
2024-10-29 00:00:00,71242.53826492741,71654.50203562675,71196.92350251417,71639.04120484422,6431.042078693159
2024-10-29 04:00:00,71639.04120484422,71654.50203562675,71143.053728196,71197.04593444949,4775.854255585041
2024-10-29 08:00:00,71197.04593444949,71654.50203562675,71143.053728196,71549.02550467785,7073.575763709662
2024-10-29 12:00:00,71549.02550467785,71654.50203562675,71488.42096931914,71627.76752161217,5696.968730536495
2024-10-29 16:00:00,71627.76752161217,71654.50203562675,71529.58490295184,71586.22395394775,3173.538036677885
2024-10-29 20:00:00,71586.22395394775,71654.50203562675,71321.55052897605,71522.89441024403,6863.655932456409
2024-10-30 00:00:00,71368.62401824468,71488.92486141744,71226.88751488723,71384.92470390789,16464.28884774912
2024-10-30 04:00:00,71384.92470390789,71547.84780859662,71364.89033110221,71417.50906829779,9979.40547954497
2024-10-30 08:00:00,71417.50906829779,71449.97600562421,71234.95595503312,71263.954026361,10318.517156451953
2024-10-30 12:00:00,71263.954026361,71289.07064945117,71237.51138980553,71250.27720020832,15896.301945361645
2024-10-30 16:00:00,71250.27720020832,71470.59693329428,71098.74268610598,71323.08973610483,12775.148617335271
2024-10-30 20:00:00,71323.08973610483,71370.74443619794,71158.08721465773,71181.4801231271,8695.840266395327
2024-10-31 00:00:00,70905.71354232545,70952.04879253531,70868.55389921798,70928.23903608194,9553.304224160354
2024-10-31 04:00:00,70928.23903608194,70946.01772373846,70896.8916079027,70927.09433179851,8041.378719947245
2024-10-31 08:00:00,70927.09433179851,71110.41574583115,70629.44948780473,70647.13278486025,7131.849551852308
2024-10-31 12:00:00,70647.13278486025,70713.48518271724,70580.93991822372,70580.93991822372,6411.928927671938
2024-10-31 16:00:00,70580.93991822372,70887.12231507603,70580.93991822372,70749.19608279174,10567.331692820924
2024-10-31 20:00:00,70749.19608279174,70785.58144160648,70645.43798618973,70647.34707159601,4231.375707625275
2024-11-01 00:00:00,70540.26092848739,70566.82765780862,70383.24362111489,70415.03213709433,2948.396597003451
2024-11-01 04:00:00,70415.03213709433,70481.85510594481,70369.55693696547,70441.06111893484,4097.457027378477
2024-11-01 08:00:00,70441.06111893484,70464.66533268751,70357.46635629582,70410.55317532885,3953.2732033131633
2024-11-01 12:00:00,70410.55317532885,70564.53409325339,70279.20918920595,70353.26969625529,5503.077882723489
2024-11-01 16:00:00,70353.26969625529,70395.8298042961,70279.20918920595,70297.4207792562,5132.338676366371
2024-11-01 20:00:00,70297.4207792562,70424.95555493199,70279.20918920595,70385.15597406251,5279.729241063106
2024-11-02 00:00:00,70019.23156238481,70088.78550993717,69498.84933150723,69703.97080567032,9127.165982678885
2024-11-02 04:00:00,69703.97080567032,69731.58332891746,69567.11921907352,69611.03152714965,15008.900097517102
2024-11-02 08:00:00,69611.03152714965,69706.30413708279,69570.63682555956,69704.04445653305,6346.129951549765
2024-11-02 12:00:00,69704.04445653305,69811.51125182929,69483.8043545879,69549.80847622703,9200.949005779987
2024-11-02 16:00:00,69549.80847622703,69571.37294961543,69495.47005412816,69535.71208870619,14589.626280426583
2024-11-02 20:00:00,69535.71208870619,69580.83912102603,69330.49546608387,69368.16675761745,10816.40157629095
2024-11-03 00:00:00,69642.82103689254,69724.79064891448,69098.8099248191,69217.15116613144,19210.550806859024
2024-11-03 04:00:00,69217.15116613144,69499.49035624803,69081.24572212786,69462.8849503205,19255.1081395034
2024-11-03 08:00:00,69462.8849503205,69951.61720365153,69421.47729445974,69728.5279958625,16345.464609542762
2024-11-03 12:00:00,69728.5279958625,69829.56351068629,69507.39224503467,69630.67572502201,19309.141745594363
2024-11-03 16:00:00,69630.67572502201,69767.37136572813,69071.32328538441,69251.77990257912,16508.988949816583
2024-11-03 20:00:00,69251.77990257912,69261.86944298439,68903.11407849428,68910.7196523152,10494.380129407728
2024-11-04 00:00:00,68906.02424058419,69076.5120697887,68541.09220515178,68556.86487621986,14840.244990956277
2024-11-04 04:00:00,68556.86487621986,68568.3111738721,68387.9344195926,68387.9344195926,6863.801202832292
2024-11-04 08:00:00,68387.9344195926,68680.40222719734,68387.9344195926,68634.84880590273,5324.000330548253
2024-11-04 12:00:00,68634.84880590273,68639.68997140927,68576.1934937467,68622.32010979569,13431.164150805
2024-11-04 16:00:00,68622.32010979569,68700.18058899495,68263.8798180735,68263.8798180735,7279.091189404007
2024-11-04 20:00:00,68263.8798180735,68724.15988758745,68263.8798180735,68576.02236732403,12427.229553353867
2024-11-05 00:00:00,68881.61133464263,69244.61575953798,67569.97939545917,67569.97939545917,11636.138963303352
2024-11-05 04:00:00,67569.97939545917,68706.54346246178,67569.97939545917,68543.74373109295,15479.574969049376
2024-11-05 08:00:00,68543.74373109295,68757.51531003873,68534.5000846909,68654.55432655703,8757.94263756815
2024-11-05 12:00:00,68654.55432655703,68661.88049271794,67887.16165926773,68059.595665926,16544.937063090776
2024-11-05 16:00:00,68059.595665926,68534.58044156508,67971.29591639359,68502.54895352805,9608.095341380162
2024-11-05 20:00:00,68502.54895352805,68621.58733959183,67849.40598512978,67966.2809238671,10284.940819340749
2024-11-06 00:00:00,67628.78884313146,67879.0252895218,65040.92844380262,65040.92844380262,13331.857141378436
2024-11-06 04:00:00,65040.92844380262,66298.21589165305,65040.92844380262,65945.25022724064,11595.08640543327
2024-11-06 08:00:00,65945.25022724064,71894.0969311439,65945.25022724064,71894.0969311439,21997.177158826576
2024-11-06 12:00:00,71894.0969311439,76904.80953748043,69987.24174264423,76904.80953748043,18665.404217767576
2024-11-06 16:00:00,76904.80953748043,76904.80953748043,72452.42782095705,73647.44237427275,23512.966879377236
2024-11-06 20:00:00,73647.44237427275,73647.44237427275,67833.94961578232,69421.5366298129,27307.908814355953
2024-11-07 00:00:00,69857.89813541702,71039.97436184649,69678.38739504915,70657.53586661468,16545.95279427105
2024-11-07 04:00:00,70657.53586661468,70932.05687913252,69869.95528431574,70138.47748382912,9638.781606456492
2024-11-07 08:00:00,70138.47748382912,71487.68380727938,69987.81542810121,71474.34757070983,13086.908311402383
2024-11-07 12:00:00,71474.34757070983,72376.56461451367,71114.56266291352,72376.56461451367,12236.960402785095
2024-11-07 16:00:00,72376.56461451367,72376.56461451367,71995.14887908362,72032.39977582893,9516.554588600153
2024-11-07 20:00:00,72032.39977582893,72179.24708985811,71973.58891611754,72131.44832714059,8317.091996637388
2024-11-08 00:00:00,71715.70102905291,73149.76549683667,71369.60610876748,72912.378830303,40273.295468845536
2024-11-08 04:00:00,72912.378830303,73262.54063370805,72907.55405358221,73197.43471760486,28762.765686435338
2024-11-08 08:00:00,73197.43471760486,75042.754205259,72732.24358863007,74426.14375004843,37219.60882804579
2024-11-08 12:00:00,74426.14375004843,75226.30803880878,74172.28107027522,74938.7557540483,21957.519494225933
2024-11-08 16:00:00,74938.7557540483,75760.78458291826,74902.29494598797,75760.78458291826,43844.703274207146
2024-11-08 20:00:00,75760.78458291826,75760.78458291826,74506.26148754043,74842.52337141422,27120.970716387532
2024-11-09 00:00:00,74491.580474892,74763.37315118857,71601.74232282826,71601.74232282826,14792.410344456963
2024-11-09 04:00:00,71601.74232282826,72257.85429401872,70490.78466855883,70490.78466855883,8567.578024695302
2024-11-09 08:00:00,70490.78466855883,77310.07132515594,70490.78466855883,77310.07132515594,7906.46420282695
2024-11-09 12:00:00,77310.07132515594,77792.19984589015,77191.65187289425,77792.19984589015,7042.510244481352
2024-11-09 16:00:00,77792.19984589015,77792.19984589015,75819.3140110176,76318.87554383327,15044.528300204762
2024-11-09 20:00:00,76318.87554383327,76744.38041545017,76291.62477012826,76640.8507338947,15558.967322624374
2024-11-10 00:00:00,76886.10948894189,79198.20913908906,76484.77012420962,79099.52286472348,15605.771645752124
2024-11-10 04:00:00,79099.52286472348,79198.20913908906,76992.07004879935,77335.6674591986,15350.951300084978
2024-11-10 08:00:00,77335.6674591986,77354.0708312815,76371.17096652971,76466.45381517969,14379.283705157666
2024-11-10 12:00:00,76466.45381517969,78111.14969396504,76371.17096652971,77558.19600303202,18287.25828913095
2024-11-10 16:00:00,77558.19600303202,79057.66076770704,77502.0363917581,78911.97812986429,13381.314212506895
2024-11-10 20:00:00,78911.97812986429,78918.61944896345,78903.27764160192,78918.02090873904,10147.630910195712
2024-11-11 00:00:00,79088.11303081516,79179.47111250363,78857.59469594754,78954.48551599756,7742.3160234167535
2024-11-11 04:00:00,78954.48551599756,79148.09883963497,78408.74166483856,78408.74166483856,8578.63426025096
2024-11-11 08:00:00,78408.74166483856,78777.49181375735,78408.74166483856,78698.68561525267,10754.65050054038
2024-11-11 12:00:00,78698.68561525267,80111.54203022295,78698.68561525267,79774.46526551005,6441.91691178476
2024-11-11 16:00:00,79774.46526551005,80744.17993969136,79703.58679963512,80418.54810658404,9775.097616621086
2024-11-11 20:00:00,80418.54810658404,81171.54688462164,80342.57484493399,80972.6840845442,14761.587035002645
2024-11-12 00:00:00,81297.14435263819,81471.47412322143,80639.00685750201,80639.00685750201,13793.630456055362
2024-11-12 04:00:00,80639.00685750201,80877.53686021932,79660.36038696532,79660.36038696532,10453.17206128775
2024-11-12 08:00:00,79660.36038696532,79726.05028156585,79564.37385020386,79564.37385020386,12620.613671836227
2024-11-12 12:00:00,79564.37385020386,79921.48019812815,79564.37385020386,79871.0415282454,12830.986677007068
2024-11-12 16:00:00,79871.0415282454,81258.02142487276,79871.0415282454,81051.54551406273,9219.927781787506
2024-11-12 20:00:00,81051.54551406273,82398.28100032924,80975.6685176261,82320.06289644365,9833.665209871953
2024-11-13 00:00:00,82348.62605182668,82547.35664620662,82225.07938581542,82262.1452624506,9728.216463043878
2024-11-13 04:00:00,82262.1452624506,82277.96303914653,82189.30452107968,82189.30452107968,15637.71792458549
2024-11-13 08:00:00,82189.30452107968,82576.78382098861,82189.30452107968,82537.11270444877,10162.191280888215
2024-11-13 12:00:00,82537.11270444877,83232.35525801509,82471.70171233523,83221.04901846572,9164.93890699041
2024-11-13 16:00:00,83221.04901846572,83646.69857660486,83010.6702637348,83431.36903553555,9109.167883349255
2024-11-13 20:00:00,83431.36903553555,83882.87311394422,83188.6391265317,83853.3276916007,18537.14976913017
2024-11-14 00:00:00,83890.28929467862,85281.29385722916,68759.79155822616,68759.79155822616,7545.3601254033565
2024-11-14 04:00:00,68759.79155822616,121635.8648751046,68759.79155822616,121635.8648751046,12482.820726728578
2024-11-14 08:00:00,121635.8648751046,234254.97098530884,83421.56096996831,234254.97098530884,5543.258033850183
2024-11-14 12:00:00,234254.97098530884,234254.97098530884,83421.56096996831,99660.62166640308,8522.207110282765
2024-11-14 16:00:00,99660.62166640308,99660.62166640308,-37687.968808482256,-37687.968808482256,11386.0826697419
2024-11-14 20:00:00,-37687.968808482256,-30049.081145557284,-54745.82676777356,-54745.82676777356,7215.774109025692
2024-11-15 00:00:00,85287.64787365917,85772.75004217145,85275.25472969933,85771.9166676246,28305.438233349236
2024-11-15 04:00:00,85771.9166676246,86327.61341844824,85626.66747431082,86202.80806832634,11223.809787482174
2024-11-15 08:00:00,86202.80806832634,86398.55380947769,86150.06981591388,86330.58471639265,22060.57427730454
2024-11-15 12:00:00,86330.58471639265,86697.15856111387,85738.00937720759,86043.03800490833,26761.558128885874
2024-11-15 16:00:00,86043.03800490833,86139.78148540384,85991.21615656572,86023.951568658,16311.434195024904
2024-11-15 20:00:00,86023.951568658,86923.25852055647,85717.90810811415,86892.14167810841,17989.7837517954
2024-11-16 00:00:00,86946.32411967212,87226.23542778884,86916.36570562988,87013.49307960602,10642.777188063586
2024-11-16 04:00:00,87013.49307960602,91916.56380184363,86901.89408795112,91916.56380184363,6712.891148728734
2024-11-16 08:00:00,91916.56380184363,91916.56380184363,90104.14551377723,90437.60578000358,4466.5893546538755
2024-11-16 12:00:00,90437.60578000358,90437.60578000358,90193.28117313053,90207.23678701873,10412.878043960782
2024-11-16 16:00:00,90207.23678701873,93695.11710279403,88531.00900064653,93695.11710279403,7930.462272167563
2024-11-16 20:00:00,93695.11710279403,93695.11710279403,86901.89408795112,87501.7080808179,7652.076901601646
2024-11-17 00:00:00,88202.40035260165,88365.55979432448,88068.2961359486,88268.6522280356,9922.642520760888
2024-11-17 04:00:00,88268.6522280356,88604.91371169101,88061.80534655313,88486.59144149283,5855.0706412809795
2024-11-17 08:00:00,88486.59144149283,88757.95001757178,88369.74830671518,88622.58552007077,4636.0227918454075
2024-11-17 12:00:00,88622.58552007077,88981.17405230064,88570.25308021589,88912.32895028811,8353.185177175981
2024-11-17 16:00:00,88912.32895028811,88974.33196005637,88244.5538200298,88513.68792073222,5150.067088825296
2024-11-17 20:00:00,88513.68792073222,88894.8436268077,88357.78673260193,88829.24346090833,4026.809301515749
2024-11-18 00:00:00,88790.96093844248,95085.62984647507,87887.27792127283,95085.62984647507,15943.911527738423
2024-11-18 04:00:00,95085.62984647507,95085.62984647507,94517.21091059885,94773.48652122293,16311.927332447318
2024-11-18 08:00:00,94773.48652122293,94773.48652122293,88049.90359665424,90009.07509866101,12001.849621312025
2024-11-18 12:00:00,90009.07509866101,90009.07509866101,85945.59895060839,85945.59895060839,32998.469559874124
2024-11-18 16:00:00,85945.59895060839,92814.92098434652,85945.59895060839,92814.92098434652,30042.43191651858
2024-11-18 20:00:00,92814.92098434652,92814.92098434652,87134.50984877278,87134.50984877278,19206.31591727431
2024-11-19 00:00:00,87828.02577383445,87948.06292363844,87734.42978482589,87792.11129274304,37726.0597211723
2024-11-19 04:00:00,87792.11129274304,88167.4440204916,87790.17725754726,88052.6012151305,38441.13789911886
2024-11-19 08:00:00,88052.6012151305,88659.04777038225,87972.70245352824,88296.6032007244,23424.8675606622
2024-11-19 12:00:00,88296.6032007244,88324.97037055013,88107.40432480685,88146.4284660028,21237.36640471282
2024-11-19 16:00:00,88146.4284660028,89886.87881881949,87572.22764849442,89763.92105196512,27228.81308304271
2024-11-19 20:00:00,89763.92105196512,89789.06105264345,89644.3733143156,89749.28603468963,21603.366155756084
2024-11-20 00:00:00,90139.05246949228,90601.24348366477,89503.25777906002,89503.25777906002,15680.596224648718
2024-11-20 04:00:00,89503.25777906002,89627.8249423123,88754.74342007985,88754.74342007985,8750.408118989772
2024-11-20 08:00:00,88754.74342007985,90100.34975712962,88754.74342007985,89695.81812290972,11624.715443887857
2024-11-20 12:00:00,89695.81812290972,90931.76647610035,89695.81812290972,90634.39993228177,17655.69365626294
2024-11-20 16:00:00,90634.39993228177,91041.98265200088,90613.42853969902,90955.42445695658,15477.919815055904
2024-11-20 20:00:00,90955.42445695658,91844.94938778869,90762.99706555727,91790.01602138592,16570.896396887303
2024-11-21 00:00:00,91893.16962821594,94374.66190842945,91773.34550240335,94374.66190842945,9144.756072540475
2024-11-21 04:00:00,94374.66190842945,95097.42798469811,94254.0322259155,95097.42798469811,6790.940344849884
2024-11-21 08:00:00,95097.42798469811,95097.42798469811,94572.8948025915,94739.62659986361,11661.837998441568
2024-11-21 12:00:00,94739.62659986361,94739.62659986361,93533.99885898025,93730.01755820174,9151.704434800897
2024-11-21 16:00:00,93730.01755820174,93730.01755820174,93059.52083216433,93149.2069478575,7174.686066100805
2024-11-21 20:00:00,93149.2069478575,93149.2069478575,92292.0146206627,92474.81255453502,10600.697717503077
2024-11-22 00:00:00,92793.0526029162,93031.49239798372,92761.68966395626,92809.77265011429,13248.666919103722
2024-11-22 04:00:00,92809.77265011429,94224.06579659102,92761.68966395626,94064.19545814967,11740.018399810682
2024-11-22 08:00:00,94064.19545814967,95134.80107242047,93536.56309798702,94746.24922287941,6977.981383010141
2024-11-22 12:00:00,94746.24922287941,94859.60890052938,94448.57023347364,94449.07242825697,9810.292235722607
2024-11-22 16:00:00,94449.07242825697,95536.33603885888,94143.85791764034,95468.54363864541,17565.95598463513
2024-11-22 20:00:00,95468.54363864541,95545.22462460569,95404.24799563375,95545.22462460569,13388.438060756318
2024-11-23 00:00:00,95015.34434100747,98644.17653601457,93449.37477704619,98644.17653601457,12124.035169350316
2024-11-23 04:00:00,98644.17653601457,98644.17653601457,91779.42089663394,91779.42089663394,24676.69459071933
2024-11-23 08:00:00,91779.42089663394,95060.2080712874,84065.74720230374,84065.74720230374,22927.180205019784
2024-11-23 12:00:00,84065.74720230374,84333.36625709938,83249.37902788976,83249.37902788976,26931.604557573264
2024-11-23 16:00:00,83249.37902788976,90166.44538768545,83249.37902788976,88440.54459154519,17016.127447269402
2024-11-23 20:00:00,88440.54459154519,93485.70380116449,88440.54459154519,92434.8220232046,24981.822567086936
2024-11-24 00:00:00,93286.27031010059,93549.08939306256,93275.37177166295,93549.08939306256,5780.555368663869
2024-11-24 04:00:00,93549.08939306256,93589.3686119212,93536.43903872551,93589.3686119212,3315.7674696176746
2024-11-24 08:00:00,93589.3686119212,93614.00679637182,93524.20279334438,93614.00679637182,3793.967239158622
2024-11-24 12:00:00,93614.00679637182,93614.00679637182,93138.06399192414,93279.53249704688,6939.959625315015
2024-11-24 16:00:00,93279.53249704688,93343.2478613767,92333.50277436271,92333.50277436271,7350.732178513358
2024-11-24 20:00:00,92333.50277436271,92733.95801832793,92333.50277436271,92705.35750662265,7578.059029900198
2024-11-25 00:00:00,93184.55361102399,93241.29448984828,91974.21430571936,91974.21430571936,12392.763492745291
2024-11-25 04:00:00,91974.21430571936,92187.4839497676,89148.00383965296,89148.00383965296,12608.341325491136
2024-11-25 08:00:00,89148.00383965296,89745.13034034777,73748.88881282088,73748.88881282088,20297.0308423538
2024-11-25 12:00:00,73748.88881282088,74240.39583261014,73748.88881282088,74133.30063493057,10628.77527329546
2024-11-25 16:00:00,74133.30063493057,89960.10628839869,74133.30063493057,87925.85782584861,9777.199083706471
2024-11-25 20:00:00,87925.85782584861,90910.9268580127,87925.85782584861,90521.09920089986,17116.807963434316
2024-11-26 00:00:00,93805.99643079824,94320.1740289023,93734.48819702826,94048.90796258615,7151.545638940991
2024-11-26 04:00:00,94048.90796258615,94245.39114292273,93622.37040189802,93825.92927889865,8234.291353063127
2024-11-26 08:00:00,93825.92927889865,93831.1002045778,93579.17471433998,93670.05876658784,7280.2005602780555
2024-11-26 12:00:00,93670.05876658784,93864.60363046387,93557.01795265418,93601.10662208745,6633.826918784061
2024-11-26 16:00:00,93601.10662208745,93727.01077770097,93560.92146657468,93698.78632007696,6943.012166897662
2024-11-26 20:00:00,93698.78632007696,94415.68977610025,93386.66628887768,94119.5993983734,3813.313311060685
2024-11-27 00:00:00,94171.2734015366,94358.49291036528,94054.89002947095,94256.05194756044,6318.196923614378
2024-11-27 04:00:00,94256.05194756044,94396.55517493216,94158.21735821856,94175.60197324678,7144.920936222033
2024-11-27 08:00:00,94175.60197324678,94247.43186393543,94130.0934120199,94241.5501619765,7245.858662279041
2024-11-27 12:00:00,94241.5501619765,94396.55517493216,93800.13092466805,94094.44222706866,7760.1722324850425
2024-11-27 16:00:00,94094.44222706866,94126.45285520332,93999.33515133838,94019.8082493372,5278.633800045503
2024-11-27 20:00:00,94019.8082493372,94028.12320426779,93851.81044657395,93947.44127567294,8330.378414458282
2024-11-28 00:00:00,93847.7791790871,93967.78943581285,93837.14720230705,93960.25994556925,10325.242276357932
2024-11-28 04:00:00,93960.25994556925,94117.26691060461,93786.46545542161,93835.79905754303,15062.63711789292
2024-11-28 08:00:00,93835.79905754303,93956.16105992005,93395.38824799674,93536.23034161178,7775.556339620427
2024-11-28 12:00:00,93536.23034161178,93595.54595417749,93305.37108696163,93470.62309718726,8996.051121122406
2024-11-28 16:00:00,93470.62309718726,93590.49051402001,93099.36571896958,93275.94123276164,12969.698848886159
2024-11-28 20:00:00,93275.94123276164,93452.08659470304,93146.57292405577,93403.78566569308,14971.748604439754
2024-11-29 00:00:00,93072.61264274595,93317.29818926413,92669.03751244528,92842.34698261322,5517.806405407871
2024-11-29 04:00:00,92842.34698261322,92882.7871140282,92563.02120824093,92729.04466868241,10476.715197152953
2024-11-29 08:00:00,92729.04466868241,93052.8520022125,91674.26524735845,91674.26524735845,6080.871052186335
2024-11-29 12:00:00,91674.26524735845,92765.61029205735,91674.26524735845,92463.42989406931,4636.836663577487
2024-11-29 16:00:00,92463.42989406931,93317.29818926413,92294.24097205637,93184.97796369236,11265.613807315018
2024-11-29 20:00:00,93184.97796369236,93317.29818926413,92076.46637773135,92207.44512522785,4191.501603098574
2024-11-30 00:00:00,92162.64705862215,92334.92157789216,91741.68366737543,91787.61900387792,8350.159523901999
2024-11-30 04:00:00,91787.61900387792,91914.43708831252,91248.72483139262,91304.88300067742,5061.937875827391
2024-11-30 08:00:00,91304.88300067742,92090.56154360926,91209.0589606936,91827.58342234159,10448.856877451108
2024-11-30 12:00:00,91827.58342234159,91980.62255475766,91632.56892994302,91709.63151402518,12031.345139874653
2024-11-30 16:00:00,91709.63151402518,91727.491586856,91593.5557502674,91646.79685621268,10431.002366987597
2024-11-30 20:00:00,91646.79685621268,91674.01230908772,91441.08035073889,91459.2764152489,6221.96412259424
2024-12-01 00:00:00,91496.7316908804,91534.20017357492,90723.42492475298,90723.42492475298,9142.06960510567
2024-12-01 04:00:00,90723.42492475298,90816.49327029321,90620.5229910175,90620.5229910175,9107.355373384768
2024-12-01 08:00:00,90620.5229910175,91226.08263768198,90620.5229910175,91068.30785230584,3591.937228642347
2024-12-01 12:00:00,91068.30785230584,91079.84044618736,90790.34820633406,90790.34820633406,5578.328278192603
2024-12-01 16:00:00,90790.34820633406,91042.04211529097,90790.34820633406,91017.71352881628,4559.368128867111
2024-12-01 20:00:00,91017.71352881628,91063.56236919637,90847.91702913021,90862.20999878475,3574.9758960209383
2024-12-02 00:00:00,90406.71013006583,90867.19287561606,83960.50604216935,83960.50604216935,12598.647201962849
2024-12-02 04:00:00,83960.50604216935,99872.10550270947,83960.50604216935,99872.10550270947,8920.268103517863
2024-12-02 08:00:00,99872.10550270947,99872.10550270947,96570.71583223576,96748.2755203214,12093.750129707829
2024-12-02 12:00:00,96748.2755203214,96748.2755203214,91375.45908989139,92165.40199491601,14584.257886528449
2024-12-02 16:00:00,92165.40199491601,92439.47607957838,89869.49402084354,89869.49402084354,11327.401128880225
2024-12-02 20:00:00,89869.49402084354,90636.53470510904,89869.49402084354,90603.73077936759,5440.785351812607
2024-12-03 00:00:00,91933.36612355319,91972.50334390656,91332.01000643046,91620.40982303374,15462.361676031134
2024-12-03 04:00:00,91620.40982303374,91768.03563296952,91570.22306051262,91710.25529461168,15033.489566119788
2024-12-03 08:00:00,91710.25529461168,91805.58940291476,91634.23590446409,91674.14113288949,20309.511392038556
2024-12-03 12:00:00,91674.14113288949,91901.77605163961,91506.83873083035,91528.60141746905,25937.96366543896
2024-12-03 16:00:00,91528.60141746905,91536.55429060727,91468.82061254421,91478.11196270672,13129.434923505314
2024-12-03 20:00:00,91478.11196270672,91855.81365689253,91370.48809367948,91732.69818043207,15997.531643297405
2024-12-04 00:00:00,91616.73697090104,91737.32735669975,91552.6206756212,91689.32542858145,22568.044587766843
2024-12-04 04:00:00,91689.32542858145,91895.19392936409,91535.4606633591,91749.5778871936,15492.510430589922
2024-12-04 08:00:00,91749.5778871936,92275.2645137677,91611.05902439526,92082.39660147869,10490.992618373424
2024-12-04 12:00:00,92082.39660147869,92508.51140670221,91861.30771312454,92439.31828443034,17046.865086568752
2024-12-04 16:00:00,92439.31828443034,92625.93866052134,92183.52769416673,92575.95649275016,13993.620846641175
2024-12-04 20:00:00,92575.95649275016,92733.23324864428,92437.19320863324,92627.91544241192,10753.210770997091
2024-12-05 00:00:00,92795.35160394931,93382.4352821274,92753.10301135367,93262.17257822838,35152.227577876314
2024-12-05 04:00:00,93262.17257822838,93357.29786602096,92491.6122112315,92738.13464481158,42490.33190566068
2024-12-05 08:00:00,92738.13464481158,93879.8774483425,92427.6572950696,93585.13496034945,37843.601681687294
2024-12-05 12:00:00,93585.13496034945,93818.35524724617,93545.18658219042,93781.64628265306,30400.92127047016
2024-12-05 16:00:00,93781.64628265306,95047.86296129508,93348.95037731617,94965.76467846298,44106.81544254068
2024-12-05 20:00:00,94965.76467846298,95119.97768983406,94758.828284758,94902.19873830987,19669.100182947386
2024-12-06 00:00:00,95464.53404607458,95795.01801651853,94083.7523138706,94223.55663575129,6594.256051993491
2024-12-06 04:00:00,94223.55663575129,95379.8178626203,94054.79651567928,94912.13794863241,10396.172003057201
2024-12-06 08:00:00,94912.13794863241,94965.42984851143,94894.55711270789,94909.31001214855,10376.976160051696
2024-12-06 12:00:00,94909.31001214855,95138.06437128139,94379.74377791287,94381.88891686183,14286.740535530287
2024-12-06 16:00:00,94381.88891686183,94492.82959845473,94157.96032466627,94175.30736890732,15595.378226409237
2024-12-06 20:00:00,94175.30736890732,94247.43513712948,94001.62787337783,94163.12979142625,7958.938552781251
2024-12-07 00:00:00,94403.83838389748,94409.7486832559,93778.86290722295,93853.31939454895,11694.120107780745
2024-12-07 04:00:00,93853.31939454895,94010.9402021263,93689.0331309288,93689.0331309288,12295.606260617957
2024-12-07 08:00:00,93689.0331309288,93961.03741673636,93689.0331309288,93899.52609083834,7157.121642665159
2024-12-07 12:00:00,93899.52609083834,94036.24570048497,93527.59297106069,93527.59297106069,13582.024830945536
2024-12-07 16:00:00,93527.59297106069,94040.25432469325,93527.59297106069,93881.81567020318,7196.723012447825
2024-12-07 20:00:00,93881.81567020318,94012.02195718035,93778.86290722295,93880.08089639772,8802.148272551254
2024-12-08 00:00:00,93380.49669849913,93483.75964393995,93274.20688342176,93400.7381793354,4185.604104524789
2024-12-08 04:00:00,93400.7381793354,93527.6140895028,93280.1755303867,93334.37856051163,6370.999074515052
2024-12-08 08:00:00,93334.37856051163,93487.9994529998,93188.90520433757,93377.24655649393,4303.881073810355
2024-12-08 12:00:00,93377.24655649393,93604.76518554536,93350.26725105391,93491.25847050536,6089.804970136227
2024-12-08 16:00:00,93491.25847050536,93687.61750678037,93358.09873437037,93571.02652892219,8181.133436226628
2024-12-08 20:00:00,93571.02652892219,93619.01148514757,93528.6716472615,93535.92490204476,5743.529986106532
2024-12-09 00:00:00,93332.6852257178,93647.41341480057,93212.26398221141,93639.8939957626,8843.273829147172
2024-12-09 04:00:00,93639.8939957626,93647.41341480057,92689.07873297187,92746.4243217099,12997.83242764211
2024-12-09 08:00:00,92746.4243217099,92790.81336821917,92713.09016810701,92743.59901340536,4986.753641999753
2024-12-09 12:00:00,92743.59901340536,93072.65326393125,91503.79010478579,91503.79010478579,7450.0816920987
2024-12-09 16:00:00,91503.79010478579,91793.91406381887,91503.79010478579,91672.25946893166,9926.468989923138
2024-12-09 20:00:00,91672.25946893166,93203.08917241573,91672.25946893166,92936.51337834234,6547.320486999246
2024-12-10 00:00:00,92754.6278379434,93060.01493092989,92501.63186615499,92877.86112279326,5491.8895935955525
2024-12-10 04:00:00,92877.86112279326,93017.86679085053,92814.25696407701,92989.86060602784,6599.096063472962
2024-12-10 08:00:00,92989.86060602784,93120.81652799172,92236.75780777812,92236.75780777812,9496.363590530309
2024-12-10 12:00:00,92236.75780777812,92672.90755215973,92236.75780777812,92534.66037398047,9306.892684628265
2024-12-10 16:00:00,92534.66037398047,92694.57479272634,92093.6483560336,92093.6483560336,8229.479924648052
2024-12-10 20:00:00,92093.6483560336,92819.43160012653,92093.6483560336,92516.51273120321,6187.851645510336
2024-12-11 00:00:00,92560.76667782693,92572.11527851496,92514.78008525133,92534.39440904751,11364.746386594898
2024-12-11 04:00:00,92534.39440904751,92874.93481402891,92517.74690153966,92870.4461864526,6926.531107555573
2024-12-11 08:00:00,92870.4461864526,93593.8116092619,92629.26303552523,93478.70078935687,13784.52551458285
2024-12-11 12:00:00,93478.70078935687,94043.95094701754,93464.82169010561,93863.75660847273,15146.327230165089
2024-12-11 16:00:00,93863.75660847273,94587.36391262054,93489.08170404786,94438.35636377138,5612.698628563387
2024-12-11 20:00:00,94438.35636377138,94657.82532086708,94426.29415844232,94646.49882533462,10282.291192920666
2024-12-12 00:00:00,94298.37663627802,94866.13589906301,93023.33543176738,93023.33543176738,9891.270984753912
2024-12-12 04:00:00,93023.33543176738,93556.55716231036,91816.58915127303,91816.58915127303,6040.665649577824
2024-12-12 08:00:00,91816.58915127303,94078.96837299547,91816.58915127303,93604.79521491403,5896.116142962273
2024-12-12 12:00:00,93604.79521491403,93722.25870083048,93604.79521491403,93691.12599898656,11391.638613037432
2024-12-12 16:00:00,93691.12599898656,96131.76214034045,93691.12599898656,95318.62987297426,9723.688069266072
2024-12-12 20:00:00,95318.62987297426,96368.07526726232,95095.57295604388,96279.26165080945,10875.38305624703
2024-12-13 00:00:00,96248.41471764719,97151.08345316318,93437.20166882103,93437.20166882103,4050.6938080456307
2024-12-13 04:00:00,93437.20166882103,99290.77463896309,93437.20166882103,99290.77463896309,4599.497434886406
2024-12-13 08:00:00,99290.77463896309,99471.04096691901,99071.31899617407,99471.04096691901,5972.425452968433
2024-12-13 12:00:00,99471.04096691901,99471.04096691901,96061.40210319894,96460.3444657855,5549.775892630896
2024-12-13 16:00:00,96460.3444657855,96858.25685454402,92392.80425578171,92392.80425578171,5436.191728901697
2024-12-13 20:00:00,92392.80425578171,97151.08345316318,92392.80425578171,96503.46022586209,9494.657390073096
2024-12-14 00:00:00,96960.62555441364,97498.09995836738,96724.43275014471,97364.37434009968,4355.439311954979
2024-12-14 04:00:00,97364.37434009968,97766.99876990262,97247.48124219607,97583.41644143095,6764.83883541692
2024-12-14 08:00:00,97583.41644143095,97595.33149931036,97199.34110129201,97336.68487023067,9810.22398641782
2024-12-14 12:00:00,97336.68487023067,97481.34973547279,97218.54638451034,97314.12816294994,7572.461861727251
2024-12-14 16:00:00,97314.12816294994,97474.05030591208,97220.13487685316,97448.67379898092,4071.964479487583
2024-12-14 20:00:00,97448.67379898092,98404.94674492812,97284.07273688963,98284.31437840023,5366.467136555038
2024-12-15 00:00:00,98235.27569675884,98237.11103915061,98118.5468811963,98147.2345395408,13045.294774978798
2024-12-15 04:00:00,98147.2345395408,98451.28147618119,98036.05562450644,98308.68073332436,10449.496076333548
2024-12-15 08:00:00,98308.68073332436,98322.94497400236,98247.82485634294,98263.9392042976,17261.695531100067
2024-12-15 12:00:00,98263.9392042976,98986.96071181125,98041.40595031795,98770.62472198914,16316.360849239196
2024-12-15 16:00:00,98770.62472198914,99498.07634993282,98753.31825503938,99452.51684876684,15782.283207186998
2024-12-15 20:00:00,99452.51684876684,100005.81522738124,99243.48492295538,99942.20635307961,15444.891641449358
2024-12-16 00:00:00,99229.71873188484,101151.28751945788,80107.40512357991,80107.40512357991,5740.955953361909
2024-12-16 04:00:00,80107.40512357991,91984.09620726535,80107.40512357991,90915.59265573593,10933.652995391856
2024-12-16 08:00:00,90915.59265573593,91324.13921867358,90915.59265573593,91136.94012735115,12820.630785993897
2024-12-16 12:00:00,91136.94012735115,91555.81849552834,89589.97216781635,89589.97216781635,9277.83882274833
2024-12-16 16:00:00,89589.97216781635,91995.54094165405,89589.97216781635,91152.51197637212,4943.5042195214455
2024-12-16 20:00:00,91152.51197637212,99348.9738378315,91152.51197637212,97618.41657527364,6517.38091718187
2024-12-17 00:00:00,100395.91064518575,104621.06734186133,100257.86212839674,104621.06734186133,9750.796770409053
2024-12-17 04:00:00,104621.06734186133,104621.06734186133,104383.74539947743,104464.00338260076,6074.837405402992
2024-12-17 08:00:00,104464.00338260076,115727.62471524702,103831.35322941114,115727.62471524702,4650.594839682804
2024-12-17 12:00:00,115727.62471524702,115727.62471524702,113001.40932500584,113896.75512687847,4400.853003572087
2024-12-17 16:00:00,113896.75512687847,113896.75512687847,106450.71381043145,108909.6346314014,9179.022015790975
2024-12-17 20:00:00,108909.6346314014,108909.6346314014,100257.86212839674,100310.49875080255,7379.919069491301
2024-12-18 00:00:00,101481.71775948118,101594.52169929993,98400.46177596138,98400.46177596138,15399.785047871315
2024-12-18 04:00:00,98400.46177596138,100020.96727580168,98400.46177596138,99738.77432945212,15432.831876686916
2024-12-18 08:00:00,99738.77432945212,100138.9780455246,98042.23452076147,98042.23452076147,12342.677618048445
2024-12-18 12:00:00,98042.23452076147,99184.84109151193,98042.23452076147,99151.57341524035,11659.63674323146
2024-12-18 16:00:00,99151.57341524035,99490.74994565295,99151.57341524035,99490.59047596385,15904.803806340675
2024-12-18 20:00:00,99490.59047596385,100474.00314064845,99490.59047596385,100069.03103974793,20039.638038087152
2024-12-19 00:00:00,100480.03393423108,100834.67423141004,98983.23840281283,99516.8969126371,13048.606141987982
2024-12-19 04:00:00,99516.8969126371,99868.2017578801,98150.4389169511,98597.21117795663,6133.773042683262
2024-12-19 08:00:00,98597.21117795663,98662.84112570397,98582.46646173781,98656.27744362879,15736.891151287864
2024-12-19 12:00:00,98656.27744362879,99182.99075423447,97551.22867174188,97551.22867174188,6534.161374652597
2024-12-19 16:00:00,97551.22867174188,97790.81982155604,97273.91370070673,97273.91370070673,6356.93343760706
2024-12-19 20:00:00,97273.91370070673,98769.15352711194,97273.91370070673,98188.15954179248,12348.287129336832
2024-12-20 00:00:00,98331.4184446428,98348.8363124467,96418.11282857937,96985.16484294696,15587.107385096895
2024-12-20 04:00:00,96985.16484294696,101088.94208982635,96866.00722285523,101088.94208982635,19583.489100189046
2024-12-20 08:00:00,101088.94208982635,101088.94208982635,97410.13687619123,98195.44195123295,13648.198209586975
2024-12-20 12:00:00,98195.44195123295,100758.30458612544,97502.19972224993,100758.30458612544,12755.430685999301
2024-12-20 16:00:00,100758.30458612544,100758.30458612544,96078.80055943267,97384.7809815157,14748.941861495305
2024-12-20 20:00:00,97384.7809815157,98236.57812460921,95163.87590503295,95163.87590503295,12005.247695000344
2024-12-21 00:00:00,95290.7843885338,96618.57322000654,94775.90109330158,96618.57322000654,11692.815754550738
2024-12-21 04:00:00,96618.57322000654,98549.90389087892,96149.87524357717,98549.90389087892,9953.526077469034
2024-12-21 08:00:00,98549.90389087892,98549.90389087892,94853.70277717235,95437.85360684866,11757.10071696005
2024-12-21 12:00:00,95437.85360684866,95437.85360684866,94689.09958882778,94949.5972602956,15506.499358842866
2024-12-21 16:00:00,94949.5972602956,95306.40718108433,91622.5391454398,91622.5391454398,8105.355266795775
2024-12-21 20:00:00,91622.5391454398,93237.23105362989,91622.5391454398,92885.90770400551,13050.904127235615
2024-12-22 00:00:00,93814.75082779754,98841.66460327047,92915.71831283075,98841.66460327047,5689.42248937729
2024-12-22 04:00:00,98841.66460327047,100584.0931190515,98614.95008262731,100584.0931190515,4522.882048312801
2024-12-22 08:00:00,100584.0931190515,100584.0931190515,90571.62065491993,90571.62065491993,8250.542715277874
2024-12-22 12:00:00,90571.62065491993,91244.97515908036,89121.43962973972,89121.43962973972,7514.78068459912
2024-12-22 16:00:00,89121.43962973972,92246.56304654264,89121.43962973972,91889.6688866829,9367.417490927304
2024-12-22 20:00:00,91889.6688866829,91949.7917995559,91045.97925685177,91045.97925685177,6453.573666103465
2024-12-23 00:00:00,91720.19209528243,92028.00000371986,90506.15217273701,90601.07907724069,13132.32739803374
2024-12-23 04:00:00,90601.07907724069,91002.7053652755,89724.87106884416,89724.87106884416,11652.178136908562
2024-12-23 08:00:00,89724.87106884416,89944.79823980114,89724.87106884416,89888.36379820973,9908.885289966649
2024-12-23 12:00:00,89888.36379820973,90270.70912706363,89207.31179389305,89207.31179389305,7246.992916469051
2024-12-23 16:00:00,89207.31179389305,89216.51343516857,88888.44226865181,88888.44226865181,10596.236602672607
2024-12-23 20:00:00,88888.44226865181,90321.19790055303,88888.44226865181,90240.67544123417,7053.272283706899
2024-12-24 00:00:00,89618.96072692386,90049.80343549888,89367.87945614183,90010.33039398037,32694.115430678572
2024-12-24 04:00:00,90010.33039398037,90086.1803227023,89329.7105459223,89385.96974756733,19417.793106224886
2024-12-24 08:00:00,89385.96974756733,89571.65940691462,89359.44533464739,89565.10780024392,25905.019980908855
2024-12-24 12:00:00,89565.10780024392,90086.1803227023,89527.79626768119,90019.99847232556,32949.367487875286
2024-12-24 16:00:00,90019.99847232556,90055.35322293505,89818.50367501761,89861.65659595221,18406.787444324727
2024-12-24 20:00:00,89861.65659595221,90086.1803227023,86728.64313017632,87582.69777779939,27872.011983127595
2024-12-25 00:00:00,87374.70442726988,87761.21190471077,87324.66939031205,87714.03305254981,6820.859183358004
2024-12-25 04:00:00,87714.03305254981,87885.79508842771,87651.0754836059,87815.15143959603,5556.325355033027
2024-12-25 08:00:00,87815.15143959603,88029.2226504823,87727.76372253906,88029.2226504823,5142.480821497353
2024-12-25 12:00:00,88029.2226504823,88029.2226504823,87861.85944697678,87902.60467719665,7236.087440495689
2024-12-25 16:00:00,87902.60467719665,88027.30578845585,87324.66939031205,87432.97581684138,8643.850883776113
2024-12-25 20:00:00,87432.97581684138,88027.30578845585,87324.66939031205,87952.38253454717,7155.264962346929
2024-12-26 00:00:00,87488.5569519939,90220.16244831686,86703.42942807496,90220.16244831686,9289.396286755713
2024-12-26 04:00:00,90220.16244831686,90220.16244831686,89013.31126062531,89221.19421612304,7874.89857492004
2024-12-26 08:00:00,89221.19421612304,89221.19421612304,87560.59931127907,88052.75397449068,5476.666533104096
2024-12-26 12:00:00,88052.75397449068,89893.81698061187,87119.80460707044,89893.81698061187,5413.337494533638
2024-12-26 16:00:00,89893.81698061187,89893.81698061187,89790.49840326565,89841.55429991442,7098.205088150704
2024-12-26 20:00:00,89841.55429991442,89841.55429991442,87771.25919066208,88154.25165178035,10499.073720681385
2024-12-27 00:00:00,88374.14977683788,88873.9050162129,88223.4714293176,88836.54881962918,9689.97033349045
2024-12-27 04:00:00,88836.54881962918,88881.76814224444,88780.34396761657,88785.57412477801,10168.619264258485
2024-12-27 08:00:00,88785.57412477801,88931.61233556793,88421.92318131491,88539.56825569137,7448.926913262318
2024-12-27 12:00:00,88539.56825569137,88592.95996613195,88537.68656567503,88557.15340833708,11455.935770410377
2024-12-27 16:00:00,88557.15340833708,88891.29471734741,88414.0247808369,88796.1034747114,8223.377638724012
2024-12-27 20:00:00,88796.1034747114,89107.41416707428,88581.66274256604,89005.04298691126,8435.80361897791
2024-12-28 00:00:00,88973.10892706447,89224.6703852062,88920.71184922414,89157.13180640514,12362.242382547422
2024-12-28 04:00:00,89157.13180640514,89283.98923176547,89029.75125860445,89244.50120610162,8817.441366954203
2024-12-28 08:00:00,89244.50120610162,89315.24419120919,89019.7780817068,89083.00158283277,7960.497435131024
2024-12-28 12:00:00,89083.00158283277,89337.30752687095,89039.75799468724,89244.28717650188,4987.8421135591825
2024-12-28 16:00:00,89244.28717650188,89362.38475307415,89233.05285318138,89324.69436000938,13691.82147085991
2024-12-28 20:00:00,89324.69436000938,89440.51804461726,89298.18983715492,89421.95165226745,4824.953916967352
2024-12-29 00:00:00,89762.90535977992,90282.95788052048,89408.58332476931,90282.95788052048,3847.077461007635
2024-12-29 04:00:00,90282.95788052048,90705.61596515235,90167.31546604395,90705.61596515235,4303.975923988435
2024-12-29 08:00:00,90705.61596515235,90758.38561734626,90696.76099288686,90758.38561734626,7180.207005507464
2024-12-29 12:00:00,90758.38561734626,90905.71530155774,90741.93100312879,90905.71530155774,4152.749678845724
2024-12-29 16:00:00,90905.71530155774,90905.71530155774,90264.71030718496,90312.48440239893,3300.3361322312317
2024-12-29 20:00:00,90312.48440239893,90312.48440239893,89828.87983454498,89895.7276829985,3001.6909601378875
2024-12-30 00:00:00,90005.89526725844,90704.33033994694,89888.90877711977,90372.47203386847,10135.671275499015
2024-12-30 04:00:00,90372.47203386847,90546.18197160875,90163.23975380255,90301.95837959433,8301.89010138147
2024-12-30 08:00:00,90301.95837959433,90348.31073415556,90272.29666909583,90334.08901671556,15270.844474280262
2024-12-30 12:00:00,90334.08901671556,90360.08323243138,90312.10746207582,90339.68201009791,12125.007905795319
2024-12-30 16:00:00,90339.68201009791,90590.44219132217,89698.26928838773,90016.030608034,5957.449039783512
2024-12-30 20:00:00,90016.030608034,90214.62745638576,89486.5751807303,89609.1170339449,7681.537097829914
2024-12-31 00:00:00,89314.76788297745,89421.30660359863,89280.05300702059,89396.46416909585,4273.983989837049
2024-12-31 04:00:00,89396.46416909585,89479.62441223548,89380.27173700216,89426.21957010304,7050.750198451561
2024-12-31 08:00:00,89426.21957010304,89651.78609961727,89414.30986494065,89574.06456357443,7557.76736569955
2024-12-31 12:00:00,89574.06456357443,89627.33051950754,89486.82972123467,89527.15881223965,3445.187191686859
2024-12-31 16:00:00,89527.15881223965,89774.8301165507,89311.88530776487,89667.30870228498,2709.748627491346
2024-12-31 20:00:00,89667.30870228498,89774.8301165507,89613.50698152115,89711.68211993361,4027.8767367701
2025-01-01 00:00:00,89771.37659561307,89843.85627268888,89350.02513198921,89350.02513198921,8768.55104195279
2025-01-01 04:00:00,89350.02513198921,91493.73635935245,89350.02513198921,91493.73635935245,6231.515492028836
2025-01-01 08:00:00,91493.73635935245,91493.73635935245,90067.01885508878,90165.2775436847,11052.541832200213
2025-01-01 12:00:00,90165.2775436847,90438.84002930038,89507.95546041572,89507.95546041572,12893.3814116831
2025-01-01 16:00:00,89507.95546041572,90356.46541380264,89507.95546041572,90350.58358326624,12070.755905778919
2025-01-01 20:00:00,90350.58358326624,90438.84002930038,90283.62569160218,90397.63743915068,9316.773003138172
2025-01-02 00:00:00,90004.23148690251,90290.78200753251,89940.87343722083,90216.5219825802,5544.517873001711
2025-01-02 04:00:00,90216.5219825802,91328.0422315474,89940.87343722083,90906.74818077942,7319.887783823021
2025-01-02 08:00:00,90906.74818077942,91752.3187987154,90572.22433584415,91739.72768438519,13741.845820334373
2025-01-02 12:00:00,91739.72768438519,92064.41034726295,91666.08179134139,92064.41034726295,11656.684627555524
2025-01-02 16:00:00,92064.41034726295,92064.41034726295,91717.5220672192,91961.82134733682,10656.482606262438
2025-01-02 20:00:00,91961.82134733682,91961.82134733682,91731.69451209887,91782.8512462334,14335.968700266196
2025-01-03 00:00:00,92045.08186593415,92171.84186319163,91988.31806452565,92116.32785415654,5123.047372373585
2025-01-03 04:00:00,92116.32785415654,92223.57192977265,91793.70730300079,91925.02373789142,5093.596693785701
2025-01-03 08:00:00,91925.02373789142,91996.56115915999,91304.24878708133,91591.66313463972,8998.24207244894
2025-01-03 12:00:00,91591.66313463972,91676.76839448555,91565.36990440718,91672.16596043174,5309.048692133588
2025-01-03 16:00:00,91672.16596043174,91864.46180334501,91292.05356606547,91326.35266565568,6721.630658296918
2025-01-03 20:00:00,91326.35266565568,91393.70652363799,91057.84187899774,91099.00506463849,8404.991791366187
2025-01-04 00:00:00,90815.68818204955,91147.20111275946,90702.59533173444,91144.33505236432,5228.801248259389
2025-01-04 04:00:00,91144.33505236432,91698.22220027164,91087.3417058579,91698.22220027164,4587.9183248188465
2025-01-04 08:00:00,91698.22220027164,91698.22220027164,90498.31273517598,90820.4607227946,6397.202884439323
2025-01-04 12:00:00,90820.4607227946,91285.38042428427,89360.48852074778,89360.48852074778,6243.37816741869
2025-01-04 16:00:00,89360.48852074778,91285.38042428427,89360.48852074778,90760.27792070464,4273.524734310665
2025-01-04 20:00:00,90760.27792070464,91285.38042428427,90743.48380217896,91190.48485771084,3452.0116281832106
2025-01-05 00:00:00,91072.75417663786,91120.9434003421,90991.24974045144,90991.29854518954,6143.807853007885
2025-01-05 04:00:00,90991.29854518954,91264.03173122456,90409.63452223022,90409.63452223022,5477.893712048278
2025-01-05 08:00:00,90409.63452223022,90594.05161156497,90099.1923636978,90099.1923636978,7957.345085127025
2025-01-05 12:00:00,90099.1923636978,90404.87488222493,89465.42677337877,89465.42677337877,6976.9202197076165
2025-01-05 16:00:00,89465.42677337877,91358.96706698995,89465.42677337877,90770.26054649365,5498.023338661608
2025-01-05 20:00:00,90770.26054649365,91919.33421706267,90770.26054649365,91750.48452658328,8039.778973756996
2025-01-06 00:00:00,91334.62667878263,360667.4503491079,90275.7546527508,360667.4503491079,10730.343815940072
2025-01-06 04:00:00,360667.4503491079,360667.4503491079,208329.59157232146,218006.41617121897,6068.064019195746
2025-01-06 08:00:00,218006.41617121897,479271.431149867,99457.56455474469,479271.431149867,11264.408800580695
2025-01-06 12:00:00,479271.431149867,479271.431149867,-1158152.1705569723,-1158152.1705569723,11229.162714280967
2025-01-06 16:00:00,-1158152.1705569723,-1042843.0864960778,-1722103.016401716,-1722103.016401716,13752.859988886528
2025-01-06 20:00:00,-1722103.016401716,21079.1169027398,-1722103.016401716,-341100.46615091356,12567.749897996526
2025-01-07 00:00:00,93300.2854101463,93532.78902916326,93285.69877001944,93437.36150995211,7179.611703898471
2025-01-07 04:00:00,93437.36150995211,93475.01469137051,93285.85529362998,93445.28566688206,3706.835892708385
2025-01-07 08:00:00,93445.28566688206,93453.07559919845,93315.86825242864,93404.53670963713,3476.0549837682734
2025-01-07 12:00:00,93404.53670963713,93531.60820241449,93315.32423524285,93494.69905202078,6363.411097978766
2025-01-07 16:00:00,93494.69905202078,93519.82289805282,93434.33690460063,93467.37910271624,7054.919514502675
2025-01-07 20:00:00,93467.37910271624,93635.05419255148,93419.68318687439,93531.28363164996,5229.701795838622
2025-01-08 00:00:00,93214.68084824666,94160.1408167623,93051.39904480091,93795.58914893406,7790.547495067437
2025-01-08 04:00:00,93795.58914893406,94367.38637930258,93678.18174008577,94248.84616159543,6433.84078630139
2025-01-08 08:00:00,94248.84616159543,94755.23349822413,94041.67900755497,94755.23349822413,8625.532064649233
2025-01-08 12:00:00,94755.23349822413,94995.11713004837,94666.99259394384,94995.11713004837,6274.416873441909
2025-01-08 16:00:00,94995.11713004837,94995.11713004837,94912.91289568377,94993.72263251421,9675.668863252316
2025-01-08 20:00:00,94993.72263251421,94993.72263251421,94074.81643818898,94109.33740398848,8073.0791200603635
2025-01-09 00:00:00,94650.93137127314,94970.63880667088,94425.75752095119,94868.25037508753,7594.696813372855
2025-01-09 04:00:00,94868.25037508753,94970.63880667088,94640.03426839344,94687.07694222553,5737.856662192
2025-01-09 08:00:00,94687.07694222553,94723.66579560304,94653.9607010685,94684.88270013551,4380.513908675858
2025-01-09 12:00:00,94684.88270013551,94777.65527028177,94324.15546851589,94402.94841313556,8258.880004334424
2025-01-09 16:00:00,94402.94841313556,94451.87868316492,94182.6358372254,94279.47699736881,8031.458574381706
2025-01-09 20:00:00,94279.47699736881,94287.60463218797,94199.47690564074,94222.49861340236,4016.6253997917975
2025-01-10 00:00:00,94058.24822841442,95632.313358841,93512.64847205108,95632.313358841,8353.258664976627
2025-01-10 04:00:00,95632.313358841,95632.313358841,92327.3366395642,92327.3366395642,11305.246225556244
2025-01-10 08:00:00,92327.3366395642,93021.4688991269,92327.3366395642,92801.79831900689,12144.36185709263
2025-01-10 12:00:00,92801.79831900689,92832.33068466213,92622.50344611844,92663.4276755687,17192.719239653015
2025-01-10 16:00:00,92663.4276755687,93087.85891985032,91926.53768775314,91926.53768775314,14747.39570650711
2025-01-10 20:00:00,91926.53768775314,94390.5482327597,91926.53768775314,94288.75381350417,16630.409781350627
2025-01-11 00:00:00,94429.70972353508,94539.92861936658,94334.21843243665,94424.84173787099,6617.102563992916
2025-01-11 04:00:00,94424.84173787099,94461.75669384902,94372.36696951449,94425.76409262784,4839.001052411522
2025-01-11 08:00:00,94425.76409262784,94480.42261065866,94308.10235366452,94421.51390082284,6292.187453272014
2025-01-11 12:00:00,94421.51390082284,94501.19300565716,94374.03623700593,94416.87172396392,3384.394462358337
2025-01-11 16:00:00,94416.87172396392,94420.78846411033,94412.81649687588,94418.54025049842,4916.706163670904
2025-01-11 20:00:00,94418.54025049842,94431.01077878398,94392.09274012309,94419.1398742598,8047.459393587537
2025-01-12 00:00:00,94715.7994638035,94850.39710011959,94608.81727450473,94740.4101058173,5400.637419318517
2025-01-12 04:00:00,94740.4101058173,94758.11201366743,94740.26742769714,94753.43495653613,6249.222632848074
2025-01-12 08:00:00,94753.43495653613,94967.1297634145,94741.2589357348,94900.25551541391,3962.6964250201477
2025-01-12 12:00:00,94900.25551541391,94996.88601992457,94874.36925582736,94914.12403627546,7851.606212933438
2025-01-12 16:00:00,94914.12403627546,94914.20959249909,94910.27147222953,94910.70272954392,3109.6681169806893
2025-01-12 20:00:00,94910.70272954392,95005.5979146375,94822.47174534827,94918.38696847546,4459.739497115156
2025-01-13 00:00:00,94946.08289382266,95136.77330463172,94869.79716898446,95032.21125276762,8844.365696017305
2025-01-13 04:00:00,95032.21125276762,95184.04267046871,94887.56585013118,95176.50903311683,13576.74192833737
2025-01-13 08:00:00,95176.50903311683,95232.33774827271,94916.3703335025,95046.06459345882,4700.42455143968
2025-01-13 12:00:00,95046.06459345882,95360.171936801,94898.64400980851,95175.43198889325,13043.126770322131
2025-01-13 16:00:00,95175.43198889325,95186.30439620021,95149.81029365645,95161.35650807743,11393.288539997331
2025-01-13 20:00:00,95161.35650807743,95214.38328622922,95072.75738988005,95104.88530567447,6700.95311809734
2025-01-14 00:00:00,95079.1690553798,95193.64128360988,95060.71828933136,95177.33576931382,13509.936603271844
2025-01-14 04:00:00,95177.33576931382,95186.52130656745,95124.43415517926,95161.979628417,16305.664509991428
2025-01-14 08:00:00,95161.979628417,95269.05145621074,95059.49330977823,95083.8334038219,16462.676589230367
2025-01-14 12:00:00,95083.8334038219,95907.58687807135,95059.49330977823,95793.75502585394,8542.532590604735
2025-01-14 16:00:00,95793.75502585394,95951.87622919698,95724.29064556632,95951.87622919698,11091.826895591117
2025-01-14 20:00:00,95951.87622919698,95951.87622919698,95842.00107049858,95892.57760376907,13530.307482451997
2025-01-15 00:00:00,96155.10178309833,96180.5006556207,96154.33937242013,96172.01306481558,4466.41944260342
2025-01-15 04:00:00,96172.01306481558,96416.8842330264,96069.76894140268,96324.40293177932,3025.9824527951914
2025-01-15 08:00:00,96324.40293177932,96352.71895395247,96269.0887308328,96328.06265992318,5452.561177857436
2025-01-15 12:00:00,96328.06265992318,96340.17701068161,96283.3497515997,96317.48066906164,8146.057500453265
2025-01-15 16:00:00,96317.48066906164,96382.32503166248,96291.2350245316,96341.71599438037,6018.655032934011
2025-01-15 20:00:00,96341.71599438037,96400.38899162327,96325.28527887155,96345.03926932871,6669.5199538439865
2025-01-16 00:00:00,96232.64918008535,96410.69617956247,95939.25658008152,95974.0258504092,7090.703085067981
2025-01-16 04:00:00,95974.0258504092,96325.34996597737,95960.82748951133,96219.1874574228,11917.274119472235
2025-01-16 08:00:00,96219.1874574228,96984.11256863708,96094.43131170064,96889.32027537959,7001.170262890016
2025-01-16 12:00:00,96889.32027537959,97050.08327067767,96663.05798958678,96666.97241211573,16583.083062705617
2025-01-16 16:00:00,96666.97241211573,97050.27310060791,96537.58129830744,96901.23845528661,7809.151833587201
2025-01-16 20:00:00,96901.23845528661,98702.73626200705,96693.51521592868,98278.20637955067,14005.73500468013
2025-01-17 00:00:00,98041.53961768869,98171.93643667651,98007.43001338771,98094.13647941311,8150.51035566725
2025-01-17 04:00:00,98094.13647941311,99681.59018702415,97597.9417364981,99276.01325125476,6123.335365772111
2025-01-17 08:00:00,99276.01325125476,99688.72970494062,98079.36791042713,98493.70437188708,7458.573450739467
2025-01-17 12:00:00,98493.70437188708,99832.47206224674,97835.1776994308,99832.47206224674,7937.922139602986
2025-01-17 16:00:00,99832.47206224674,99832.47206224674,98505.86022711605,98521.72765214698,10700.235550014622
2025-01-17 20:00:00,98521.72765214698,99757.79339533007,97974.14941258769,99572.90827906938,5074.029085310104
2025-01-18 00:00:00,99362.83670285923,101974.31664300218,99043.85898086739,101370.62866540875,8198.920296253822
2025-01-18 04:00:00,101370.62866540875,101417.28942124778,101013.56870707747,101124.5801404282,10829.47217201828
2025-01-18 08:00:00,101124.5801404282,102982.29515129211,100368.86485542067,102982.29515129211,14319.863402791338
2025-01-18 12:00:00,102982.29515129211,102982.29515129211,100850.34299392487,101469.9204766331,11424.758623931244
2025-01-18 16:00:00,101469.9204766331,101666.0505063052,100847.4570293462,101094.15422800495,7804.895088942829
2025-01-18 20:00:00,101094.15422800495,101880.68406214562,100897.97451121436,101723.04120975344,12972.169738420022
2025-01-19 00:00:00,101937.66974523617,102215.26265619403,101874.50425978636,102014.76933935497,3951.1115536508732
2025-01-19 04:00:00,102014.76933935497,102712.35368416974,101742.4634736252,102565.1140216171,7512.961201926681
2025-01-19 08:00:00,102565.1140216171,102597.16589928897,102514.12666654903,102518.37698148335,5410.130448945409
2025-01-19 12:00:00,102518.37698148335,102589.39518235033,102482.42037289735,102586.80162287563,4010.7129402052024
2025-01-19 16:00:00,102586.80162287563,102655.35279068044,102551.05920870938,102633.41551107528,6704.700921876294
2025-01-19 20:00:00,102633.41551107528,102641.65856788309,102577.54093549289,102614.47056154719,10574.239934488649
2025-01-20 00:00:00,102251.7033237246,102404.5370865511,101655.69346921967,101852.4241964225,16774.42113889147
2025-01-20 04:00:00,101852.4241964225,102908.74264079257,101637.54280882094,102471.60017468993,13755.468590269982
2025-01-20 08:00:00,102471.60017468993,103311.07225969704,101996.42309823031,103038.65182290212,16370.485162175992
2025-01-20 12:00:00,103038.65182290212,103135.95096405603,103010.15385653892,103120.85095654616,16175.734147440411
2025-01-20 16:00:00,103120.85095654616,103365.4739097403,102515.72103642263,102587.4692823077,17024.670959170566
2025-01-20 20:00:00,102587.4692823077,104190.99205809405,102006.87394762626,104073.88363496432,13939.323644222855
2025-01-21 00:00:00,104029.04805210522,104091.83073117117,103763.52808558806,103857.44697810363,15238.338454308263
2025-01-21 04:00:00,103857.44697810363,103860.55432540561,103634.4079729822,103694.6966062315,16752.175698484156
2025-01-21 08:00:00,103694.6966062315,103820.89153171818,103609.47158897083,103709.41154902433,13601.3186653998
2025-01-21 12:00:00,103709.41154902433,103915.14016653322,103390.93437318238,103588.59579034866,15792.481366156728
2025-01-21 16:00:00,103588.59579034866,103685.54720343961,103537.58852363724,103548.0573609044,11753.430621059075
2025-01-21 20:00:00,103548.0573609044,103662.34293438945,103438.69348704278,103500.20542594239,9083.149762650626
2025-01-22 00:00:00,103359.06314983775,103718.6023121262,103194.12805053462,103718.6023121262,13203.051914486248
2025-01-22 04:00:00,103718.6023121262,103718.6023121262,103083.35559504181,103140.751639991,21655.547091732147
2025-01-22 08:00:00,103140.751639991,103276.17975485543,103083.06753112361,103226.01279808627,16688.912520859467
2025-01-22 12:00:00,103226.01279808627,103327.26808909462,101809.7657682562,101921.02063611487,19552.316146209087
2025-01-22 16:00:00,101921.02063611487,102007.273469326,101890.97856978475,101965.35058160087,12105.338985495433
2025-01-22 20:00:00,101965.35058160087,102141.47205763301,101809.7657682562,101839.65816098145,16673.444575896803
2025-01-23 00:00:00,101929.78005371448,101958.51973508194,101900.58069808476,101952.48887535707,8096.8377779678885
2025-01-23 04:00:00,101952.48887535707,102024.14024329909,101822.7865164145,101980.07724353229,5826.369754995887
2025-01-23 08:00:00,101980.07724353229,102037.57493586559,101890.64858537794,101903.19570737207,5570.994944387964
2025-01-23 12:00:00,101903.19570737207,101924.18984142621,101848.0601106808,101873.60309201793,7035.2030521313145
2025-01-23 16:00:00,101873.60309201793,101979.23735414127,101716.13819057515,101931.16451150509,5643.649152842068
2025-01-23 20:00:00,101931.16451150509,102135.50873881127,101850.95033124946,102054.39134509953,6356.052599062672
2025-01-24 00:00:00,102302.1912251945,103046.04440899067,102048.51533889749,103046.04440899067,8513.614476396704
2025-01-24 04:00:00,103046.04440899067,103061.26810231085,102958.0257985907,103061.26810231085,5202.495786468231
2025-01-24 08:00:00,103061.26810231085,103431.63181791577,103055.98362649251,103431.63181791577,11053.15524014787
2025-01-24 12:00:00,103431.63181791577,103431.63181791577,102956.5620217628,103167.4810510864,7929.267153718905
2025-01-24 16:00:00,103167.4810510864,103167.4810510864,102311.65886363863,102534.65159205328,9347.949495076038
2025-01-24 20:00:00,102534.65159205328,102534.65159205328,101508.96144328099,101564.7106728879,8435.092235968928
2025-01-25 00:00:00,101941.85009023873,102261.51421037641,101832.7165756732,102173.60036745596,9113.969480213354
2025-01-25 04:00:00,102173.60036745596,102433.44667831722,101458.50846351644,101666.54177612081,9855.719293225278
2025-01-25 08:00:00,101666.54177612081,102633.07313957786,101269.86654974613,102542.694423505,9121.418001450882
2025-01-25 12:00:00,102542.694423505,102633.07313957786,102248.53496817863,102323.33581803305,6723.530559733407
2025-01-25 16:00:00,102323.33581803305,102633.07313957786,101030.97001419104,101119.65604312299,6151.105157769102
2025-01-25 20:00:00,101119.65604312299,101270.98415094937,101089.92526150006,101254.79782013313,8154.064398986507
2025-01-26 00:00:00,100761.39725334238,100766.1651869063,100297.36525315889,100306.17009172142,13339.458796835406
2025-01-26 04:00:00,100306.17009172142,100501.83519001344,100263.55136229302,100444.82659649284,5087.748509807726
2025-01-26 08:00:00,100444.82659649284,100511.47368135514,100293.71597619423,100484.75518125274,7074.630105982775
2025-01-26 12:00:00,100484.75518125274,100541.65381143354,100308.99938980355,100334.56291434602,9324.578141022277
2025-01-26 16:00:00,100334.56291434602,100414.16301406398,100153.52340667271,100191.43458665854,12718.052031073328
2025-01-26 20:00:00,100191.43458665854,100202.17166626979,100133.20789096909,100138.22271129645,6837.343992945311
2025-01-27 00:00:00,100039.80881370696,100172.51461873091,99130.24282475165,99130.24282475165,3642.6962285148315
2025-01-27 04:00:00,99130.24282475165,99383.73499481064,97912.56067289972,97912.56067289972,6299.043535670175
2025-01-27 08:00:00,97912.56067289972,97981.22248364,97133.29133175836,97133.29133175836,6352.972255125516
2025-01-27 12:00:00,97133.29133175836,100172.51461873091,97133.29133175836,99397.25439911199,7179.25663045316
2025-01-27 16:00:00,99397.25439911199,100172.51461873091,99159.12215563872,100002.11178204729,9262.301507614053
2025-01-27 20:00:00,100002.11178204729,100057.26292683919,99310.79418476904,99332.00653303371,8341.271698808265
2025-01-28 00:00:00,99363.4678795445,99691.9369941686,99348.10245535018,99612.49432148783,14206.132767732353
2025-01-28 04:00:00,99612.49432148783,99946.72145511297,99469.44460196965,99946.72145511297,11394.664353175045
2025-01-28 08:00:00,99946.72145511297,99946.72145511297,98951.44654805644,99218.90926850685,8716.141752806478
2025-01-28 12:00:00,99218.90926850685,99267.48933216739,98798.9913624357,98798.9913624357,7106.37123953798
2025-01-28 16:00:00,98798.9913624357,98818.47103814063,98735.28793134278,98735.28793134278,13923.707787820158
2025-01-28 20:00:00,98735.28793134278,99379.76824429155,98735.28793134278,99099.00799651432,6828.9808964152335
2025-01-29 00:00:00,98532.64805161658,98842.69610288755,98433.61260271337,98707.27629764086,4316.463433867308
2025-01-29 04:00:00,98707.27629764086,98733.42635509749,98646.47278078132,98666.13212875261,4715.681726921166
2025-01-29 08:00:00,98666.13212875261,98730.91002150546,98623.19956369228,98686.28496403946,4841.996200062043
2025-01-29 12:00:00,98686.28496403946,98710.77680825678,98659.12904267965,98703.8759778942,2960.015515477301
2025-01-29 16:00:00,98703.8759778942,99139.5154909605,98662.25995932444,98880.0610157267,3964.667989275129
2025-01-29 20:00:00,98880.0610157267,99033.47331285555,98705.21981205253,98927.08888822838,6225.260489955643
2025-01-30 00:00:00,98347.0797428435,98422.24281089952,98150.54313261995,98324.82683649239,6208.426264623568
2025-01-30 04:00:00,98324.82683649239,98405.83655614668,98205.53678598485,98378.59670464108,7160.4178236295
2025-01-30 08:00:00,98378.59670464108,98563.2465425682,98326.3713862857,98474.98236234623,6109.978952048483
2025-01-30 12:00:00,98474.98236234623,98614.75208797032,98224.9612293993,98310.67991839277,3274.875207355474
2025-01-30 16:00:00,98310.67991839277,99028.26913075584,97990.04596791496,98689.90877290955,6896.8764484084595
2025-01-30 20:00:00,98689.90877290955,99533.36855401503,98346.47494471069,99045.01743415836,7514.888662689979
2025-01-31 00:00:00,98906.80605345729,98954.32424501085,98742.06826758554,98766.63030128289,11919.066962597855
2025-01-31 04:00:00,98766.63030128289,98885.11252862397,98693.99058640498,98820.20702357497,8081.913979716854
2025-01-31 08:00:00,98820.20702357497,98887.17543716595,98792.42484797149,98864.06392013312,9354.524136498709
2025-01-31 12:00:00,98864.06392013312,98958.39598194828,98786.55345154493,98934.90034182221,7518.270982171556
2025-01-31 16:00:00,98934.90034182221,99154.24889108584,98818.93136403846,98969.1210746162,9102.187477298457
2025-01-31 20:00:00,98969.1210746162,99208.83808866856,98960.13741204263,99055.84578106723,5699.514442217677
2025-02-01 00:00:00,98429.58917989046,98476.32242719663,97946.69496120609,98197.19590045411,19361.08775031432
2025-02-01 04:00:00,98197.19590045411,98420.42310187282,97700.4426306319,97938.48860624226,22169.321225460753
2025-02-01 08:00:00,97938.48860624226,98074.16006561751,97594.1520029863,97677.44791835822,22777.57877871445
2025-02-01 12:00:00,97677.44791835822,97874.66585036687,97644.56059968554,97725.83408462291,11368.495796145382
2025-02-01 16:00:00,97725.83408462291,97922.14561438422,97439.41230514295,97606.8201308994,16167.760955926222
2025-02-01 20:00:00,97606.8201308994,97627.68026430738,97474.76304162593,97556.88563866996,14047.472695382981
2025-02-02 00:00:00,97751.25316934411,98030.12316262806,97715.05902081562,97902.68702676788,5182.347682587734
2025-02-02 04:00:00,97902.68702676788,97977.16388317189,97744.18094126407,97781.53326795204,4655.977525466324
2025-02-02 08:00:00,97781.53326795204,97966.30052805082,97625.12492792083,97642.8514947166,3880.25201216928
2025-02-02 12:00:00,97642.8514947166,97699.81050645275,97324.5010404695,97439.31820734352,8007.661746500598
2025-02-02 16:00:00,97439.31820734352,97604.19964722607,97310.29258849632,97515.01074312176,5845.444805919491
2025-02-02 20:00:00,97515.01074312176,97515.51986421103,97470.63679925613,97478.38214230831,8315.181845019239
2025-02-03 00:00:00,97697.06907130708,97953.2885400086,97681.78542941934,97953.2885400086,12620.666953957834
2025-02-03 04:00:00,97953.2885400086,97953.2885400086,97205.8042930405,97308.1482477014,7041.9238089523005
2025-02-03 08:00:00,97308.1482477014,97515.59032780121,96204.29112729167,96385.05361387806,7541.018441625428
2025-02-03 12:00:00,96385.05361387806,96675.2417442896,95405.2805323851,95405.2805323851,10214.269702477954
2025-02-03 16:00:00,95405.2805323851,95870.11823113088,95405.2805323851,95736.53029179457,12296.106973168296
2025-02-03 20:00:00,95736.53029179457,96323.00525969871,95736.53029179457,96225.3280288769,6538.630520064184
2025-02-04 00:00:00,96253.34968310592,96367.82962141567,95889.15506682075,96085.02380501304,3756.0030622165787
2025-02-04 04:00:00,96085.02380501304,96124.46744432708,95862.20537764314,95935.47119586778,3784.9872764424986
2025-02-04 08:00:00,95935.47119586778,96130.6103273862,95754.25762412848,96006.35393938082,6725.256391192061
2025-02-04 12:00:00,96006.35393938082,96254.35061793774,95740.47921916212,96253.58872334826,8593.025115969203
2025-02-04 16:00:00,96253.58872334826,96291.10601951301,96079.38154081967,96105.70964474104,5202.2958149833685
2025-02-04 20:00:00,96105.70964474104,96333.86516549469,95713.77888879237,95829.22487718509,3306.788236122366
2025-02-05 00:00:00,95660.56163193707,95680.76177606708,95656.01852829836,95678.81585829495,6357.631237436344
2025-02-05 04:00:00,95678.81585829495,95707.98428029295,95656.01852829836,95689.47828073191,3110.729414004108
2025-02-05 08:00:00,95689.47828073191,95714.68882255944,95656.62624860845,95694.35851671529,2904.5328079319047
2025-02-05 12:00:00,95694.35851671529,95714.68882255944,95677.18360220273,95709.01640584868,2994.7601180793727
2025-02-05 16:00:00,95709.01640584868,95721.88623088493,95656.01852829836,95721.88623088493,6035.690348651899
2025-02-05 20:00:00,95721.88623088493,95721.88623088493,95690.09075212548,95708.27845265759,4841.576305721702
2025-02-06 00:00:00,95123.18954643034,95123.51200704376,95057.61256832327,95057.61256832327,4193.979829988611
2025-02-06 04:00:00,95057.61256832327,95134.71500800687,95057.61256832327,95107.03218134059,4682.720128020396
2025-02-06 08:00:00,95107.03218134059,95159.97745929299,95101.76529456442,95158.54077435865,6603.345922886563
2025-02-06 12:00:00,95158.54077435865,95253.89116933168,95101.76529456442,95205.0343039464,5380.240995610057
2025-02-06 16:00:00,95205.0343039464,95261.1567605036,95188.01180825762,95227.15319017188,4309.840123891574
2025-02-06 20:00:00,95227.15319017188,95275.99741276795,95225.70323541231,95272.53004072166,6569.767264120024
2025-02-07 00:00:00,95089.12294546071,95197.02723703987,94796.35469263677,94980.43829369708,7233.413589458149
2025-02-07 04:00:00,94980.43829369708,94999.5639185027,94971.98493931575,94977.3583095809,7740.351552315646
2025-02-07 08:00:00,94977.3583095809,95126.01356244134,94696.04429959359,94759.76735982955,6262.11599871982
2025-02-07 12:00:00,94759.76735982955,94806.44874322046,94711.635313469,94745.54364667501,3474.923220344062
2025-02-07 16:00:00,94745.54364667501,94793.37926065474,94698.44402712474,94768.91883513547,6217.817144644254
2025-02-07 20:00:00,94768.91883513547,94823.94806239339,94696.04429959359,94726.8565313837,8241.767027462478
2025-02-08 00:00:00,94529.85681486911,97234.3956231574,94205.20386867225,97234.3956231574,10663.062656292117
2025-02-08 04:00:00,97234.3956231574,97973.26274072549,97230.17655255795,97973.26274072549,14723.898865756075
2025-02-08 08:00:00,97973.26274072549,97973.26274072549,94205.20386867225,94413.04305569352,9733.459628304186
2025-02-08 12:00:00,94413.04305569352,94671.96525436807,93667.90363330854,93667.90363330854,13795.752329637065
2025-02-08 16:00:00,93667.90363330854,95403.55472150988,93667.90363330854,95403.55472150988,11249.209969459105
2025-02-08 20:00:00,95403.55472150988,95403.55472150988,94104.3902347586,94104.3902347586,8017.211440613958
2025-02-09 00:00:00,94421.26363263806,94758.19049450204,93165.88915575479,93654.6628929978,13696.51654333813
2025-02-09 04:00:00,93654.6628929978,94044.40193959618,93595.75997367565,93926.98224870925,10455.884118748794
2025-02-09 08:00:00,93926.98224870925,94149.08449899213,93793.27722718117,94064.26991907567,10554.99419148998
2025-02-09 12:00:00,94064.26991907567,94329.77880428116,93880.59773766501,94131.36839251772,14697.74938135588
2025-02-09 16:00:00,94131.36839251772,94152.0521445042,93441.73491730506,93613.61148985743,12633.305467694678
2025-02-09 20:00:00,93613.61148985743,93655.86336197087,93230.17493353134,93357.76671836572,13718.097646951135
2025-02-10 00:00:00,93401.20748432007,93708.69344054985,93287.60349000731,93631.10211467033,3690.422120720971
2025-02-10 04:00:00,93631.10211467033,93662.09640968496,93562.29760998592,93577.44230197949,3890.826055434219
2025-02-10 08:00:00,93577.44230197949,93583.52163589039,93424.82237517487,93569.14991307048,4339.2965609331295
2025-02-10 12:00:00,93569.14991307048,93708.69344054985,93537.49149849771,93577.05632362796,2950.861811842231
2025-02-10 16:00:00,93577.05632362796,93622.52678632784,93412.34913079771,93509.85078951441,7673.177665257841
2025-02-10 20:00:00,93509.85078951441,93630.39674078533,93499.76214682682,93624.47319125298,5683.714427096636
2025-02-11 00:00:00,93869.50300639946,93886.15849109481,93736.50984286205,93777.78492171486,4903.547863907881
2025-02-11 04:00:00,93777.78492171486,93848.00234300335,93601.1506321556,93744.6657786873,8469.273618176914
2025-02-11 08:00:00,93744.6657786873,93776.36366052969,93665.79904590159,93762.51678756154,8833.784705053478
2025-02-11 12:00:00,93762.51678756154,93911.17019509798,93739.74652232137,93820.60767731829,7497.618550085277
2025-02-11 16:00:00,93820.60767731829,93830.94788854595,93552.04582594692,93706.67995593953,10226.481396450217
2025-02-11 20:00:00,93706.67995593953,93918.82811377388,93392.68051250644,93614.53405484515,8640.74655848867
2025-02-12 00:00:00,93100.87999530425,93670.5744229994,93006.65506223858,93492.8332244035,5501.712270467959
2025-02-12 04:00:00,93492.8332244035,93664.58059442886,93310.20409558695,93356.49554741966,7654.796006054545
2025-02-12 08:00:00,93356.49554741966,93382.60023434441,93327.38786100727,93354.44595831694,8797.298488983719
2025-02-12 12:00:00,93354.44595831694,93633.71170920185,93275.21745619243,93558.29564383386,10661.180885936363
2025-02-12 16:00:00,93558.29564383386,93893.13020951684,93408.16311400906,93893.13020951684,10225.846573724644
2025-02-12 20:00:00,93893.13020951684,93893.13020951684,93539.27116792923,93570.53870776237,4590.124645115728
2025-02-13 00:00:00,93775.12465970824,93791.95966574116,93674.79040473085,93723.27991337916,8595.896102971245
2025-02-13 04:00:00,93723.27991337916,93860.62564731132,93330.9201566445,93468.56127316954,8883.652406556716
2025-02-13 08:00:00,93468.56127316954,93649.96208075581,92649.294749301,92855.15318095946,6683.973599697872
2025-02-13 12:00:00,92855.15318095946,92981.45861329342,92835.237968227,92934.17673555393,4229.489821475833
2025-02-13 16:00:00,92934.17673555393,93015.37656125987,92933.28975424713,92991.15426720027,9824.444419202086
2025-02-13 20:00:00,92991.15426720027,93291.74520317583,92345.93028061216,92432.64117665558,6592.88638498999
2025-02-14 00:00:00,92501.03923800225,92519.90211531009,92481.72778108291,92508.56056060606,10447.889131631793
2025-02-14 04:00:00,92508.56056060606,92882.78899794821,91933.47051722107,92495.43751194509,5768.5248701571
2025-02-14 08:00:00,92495.43751194509,92611.91103664791,92451.40085391529,92584.87669032287,7354.767310869383
2025-02-14 12:00:00,92584.87669032287,92719.65977840482,92551.41537855298,92680.20875969206,10308.342163773958
2025-02-14 16:00:00,92680.20875969206,92716.47173340322,92672.83289122867,92706.6116708677,9692.6303763214
2025-02-14 20:00:00,92706.6116708677,92865.05460716061,92702.69507604651,92737.23131567155,7673.534907860313
2025-02-15 00:00:00,93022.06333037853,93309.99910353107,92647.51601259793,93112.76265864013,5724.554208187233
2025-02-15 04:00:00,93112.76265864013,93166.40028797019,92730.01460478864,93100.17746332526,5984.984317881545
2025-02-15 08:00:00,93100.17746332526,93126.61778090302,93079.3482286755,93122.53318954275,4535.186518307516
2025-02-15 12:00:00,93122.53318954275,93216.08179540672,93116.00925323635,93158.54469211161,6188.587844968273
2025-02-15 16:00:00,93158.54469211161,93215.20531319949,93052.14488928634,93112.55971416211,3215.010563481204
2025-02-15 20:00:00,93112.55971416211,93229.9930823649,93075.0524727945,93129.5909810214,5333.366650585241
2025-02-16 00:00:00,92967.10562211138,93903.83262233279,90074.24545649829,90074.24545649829,7471.837995993792
2025-02-16 04:00:00,90074.24545649829,92942.61572782394,90074.24545649829,92130.54835237302,10367.64525168744
2025-02-16 08:00:00,92130.54835237302,93093.56170131615,92110.88832240313,93064.4064292212,13652.948431132896
2025-02-16 12:00:00,93064.4064292212,93355.63864262862,92286.45251769286,92317.9040545759,13448.837073030065
2025-02-16 16:00:00,92317.9040545759,93903.83262233279,92110.88832240313,93878.38550328366,12023.097973759206
2025-02-16 20:00:00,93878.38550328366,93903.83262233279,93338.41436785535,93514.95319408838,8029.367561970582
2025-02-17 00:00:00,93449.02395018427,93820.89124248482,93175.10890343552,93293.73921719864,14331.377555861629
2025-02-17 04:00:00,93293.73921719864,93820.21911914139,93265.30803165487,93736.43320242979,10566.74827786981
2025-02-17 08:00:00,93736.43320242979,94187.64593530924,93510.85686407564,94187.64593530924,9798.162365890339
2025-02-17 12:00:00,94187.64593530924,94379.37608610815,94115.00748252805,94379.37608610815,6729.6193306048135
2025-02-17 16:00:00,94379.37608610815,94379.37608610815,93928.09385842399,93967.50474735853,10962.99795984155
2025-02-17 20:00:00,93967.50474735853,93980.29245087318,93964.11159311002,93965.4643553735,9971.83330845432
2025-02-18 00:00:00,93640.12189977399,94279.52684229871,93613.95704381137,94123.71825077648,19679.6838718661
2025-02-18 04:00:00,94123.71825077648,94152.81062018104,93919.44004658924,93987.0907283381,30886.204506735958
2025-02-18 08:00:00,93987.0907283381,94453.43283808437,93146.93016756223,93146.93016756223,20615.298908732748
2025-02-18 12:00:00,93146.93016756223,94137.35661903926,93146.93016756223,93884.31919165455,33452.51238977406
2025-02-18 16:00:00,93884.31919165455,96745.34697674331,93613.95704381137,96086.76558541323,26634.012417141643
2025-02-18 20:00:00,96086.76558541323,96927.05695816781,95771.22476943159,96925.02514678104,19730.84090452825
2025-02-19 00:00:00,96678.77461809969,96836.78233626131,96612.78747978924,96746.51453716833,5589.223600779822
2025-02-19 04:00:00,96746.51453716833,96746.60238575195,95760.11416958975,96191.45099869026,4052.5922454362862
2025-02-19 08:00:00,96191.45099869026,96851.55643907968,96036.88371234912,96645.99881891935,10868.306797255322
2025-02-19 12:00:00,96645.99881891935,96851.55643907968,95247.93389852805,95616.98566603789,6613.622797457061
2025-02-19 16:00:00,95616.98566603789,95662.22569658163,95058.24362305307,95058.24362305307,9955.621128610857
2025-02-19 20:00:00,95058.24362305307,95733.26135999135,95058.24362305307,95540.64653484123,10659.696695444594
2025-02-20 00:00:00,94671.45007701141,94796.90968946586,93885.21331840078,94061.25864445262,27623.687130356146
2025-02-20 04:00:00,94061.25864445262,94159.20361656712,93845.41261200835,93852.7886458106,31206.993130886196
2025-02-20 08:00:00,93852.7886458106,93974.36299072033,91187.81953922498,91187.81953922498,16350.480304144274
2025-02-20 12:00:00,91187.81953922498,98449.10315778923,91187.81953922498,98449.10315778923,24959.390136124115
2025-02-20 16:00:00,98449.10315778923,98449.10315778923,92183.66540369431,92183.66540369431,24088.70469425127
2025-02-20 20:00:00,92183.66540369431,92931.85587327389,92183.66540369431,92840.93316312559,31960.081866544286
2025-02-21 00:00:00,93045.58181680879,95205.16556232549,-44987.66241773557,-44987.66241773557,8243.987880399596
2025-02-21 04:00:00,-44987.66241773557,-43797.89641560638,-66558.51001531008,-66558.51001531008,12985.12433914332
2025-02-21 08:00:00,-66558.51001531008,276735.9051726974,-66558.51001531008,276735.9051726974,10256.389259444879
2025-02-21 12:00:00,276735.9051726974,1693350.3337562238,92174.69823431215,1693350.3337562238,14193.61744790838
2025-02-21 16:00:00,1693350.3337562238,1693350.3337562238,-2972806.0776165184,-2972806.0776165184,11538.026831086197
2025-02-21 20:00:00,-2972806.0776165184,-209541.1840513195,-14321679.105277136,-14321679.105277136,18202.240242207812
2025-02-22 00:00:00,94492.48845158308,95293.29706138675,94045.6420748,95293.29706138675,13801.193540156828
2025-02-22 04:00:00,95293.29706138675,95293.29706138675,91269.63568906636,91269.63568906636,13328.448906714046
2025-02-22 08:00:00,91269.63568906636,91898.03746808611,89165.50297254977,89165.50297254977,15735.026734256104
2025-02-22 12:00:00,89165.50297254977,91976.74667027054,89165.50297254977,91240.54959303742,8638.906060592457
2025-02-22 16:00:00,91240.54959303742,92900.76260319313,91240.54959303742,92073.46967651852,8577.11093949015
2025-02-22 20:00:00,92073.46967651852,92513.67763391238,92073.46967651852,92414.71033212636,9968.215482481346
2025-02-23 00:00:00,92059.58723913912,92297.92063510646,85158.52567986456,85158.52567986456,12772.625098538436
2025-02-23 04:00:00,85158.52567986456,86498.09137295494,85158.52567986456,86355.22040004675,13319.187934808764
2025-02-23 08:00:00,86355.22040004675,86623.06990634694,85797.89383911547,85797.89383911547,9461.584230455295
2025-02-23 12:00:00,85797.89383911547,86081.72177865327,83625.97833580297,83625.97833580297,8066.694145107099
2025-02-23 16:00:00,83625.97833580297,87471.62491559635,83625.97833580297,86465.73142482099,11639.30907356858
2025-02-23 20:00:00,86465.73142482099,90366.11414756361,86465.73142482099,90260.8525636141,14808.429346228319
2025-02-24 00:00:00,91130.8982015933,91156.90304765574,89945.28104537056,90259.75838573171,16034.212172843154
2025-02-24 04:00:00,90259.75838573171,90571.81179393806,90070.40137729645,90498.61024171925,29739.09271436972
2025-02-24 08:00:00,90498.61024171925,90597.42903911523,90199.21890642606,90221.95327733757,33433.86697132254
2025-02-24 12:00:00,90221.95327733757,90369.09222096678,88358.97297368308,88825.28783811165,29925.565673685458
2025-02-24 16:00:00,88825.28783811165,89487.45691788057,87143.62399904363,87286.84703039838,23910.21561439226
2025-02-24 20:00:00,87286.84703039838,87511.19104723001,87143.62399904363,87207.84411981894,40994.18532962052
2025-02-25 00:00:00,86817.48185521936,86881.36224480176,85384.88761753838,85384.88761753838,9795.787696774547
2025-02-25 04:00:00,85384.88761753838,88325.65822211666,85384.88761753838,88325.65822211666,12126.300010233579
2025-02-25 08:00:00,88325.65822211666,90241.67957004196,88263.39720674804,90241.67957004196,7889.097874105437
2025-02-25 12:00:00,90241.67957004196,90241.67957004196,87591.96933241058,87900.87252100394,7084.8453816595475
2025-02-25 16:00:00,87900.87252100394,88647.47220170447,87516.96878722064,88647.47220170447,7744.4996347389115
2025-02-25 20:00:00,88647.47220170447,88647.47220170447,85652.26787468766,85652.26787468766,7140.2848688754775
2025-02-26 00:00:00,85346.23157965804,85381.64646966702,85048.18588324377,85102.4072382511,4649.145529004
2025-02-26 04:00:00,85102.4072382511,85129.25500140947,85038.74784937687,85038.74784937687,5839.947104039121
2025-02-26 08:00:00,85038.74784937687,85489.7782004323,85038.74784937687,85328.03240841188,8050.948915509553
2025-02-26 12:00:00,85328.03240841188,85336.80170636582,85153.50541081133,85260.83317217749,9283.093724858587
2025-02-26 16:00:00,85260.83317217749,85328.37838605586,85142.38573813216,85175.74871712197,4346.3302079746645
2025-02-26 20:00:00,85175.74871712197,85179.02350425474,85109.21848920883,85138.90865198534,7530.607830234281
2025-02-27 00:00:00,85154.00754397734,85263.47811914077,83339.71498590244,83682.60825012902,10898.03287118744
2025-02-27 04:00:00,83682.60825012902,84548.11809336385,83465.75818285791,84313.72367979908,15775.90886304969
2025-02-27 08:00:00,84313.72367979908,84990.94963982014,82983.9627270513,82983.9627270513,14137.105357381735
2025-02-27 12:00:00,82983.9627270513,83076.8584679824,82916.48711883236,82916.48711883236,15951.405120658814
2025-02-27 16:00:00,82916.48711883236,83344.72770722488,81731.06239196392,81731.06239196392,9168.972036772284
2025-02-27 20:00:00,81731.06239196392,83451.02029444044,81731.06239196392,83428.914593681,10201.820220329175
2025-02-28 00:00:00,83207.57835561088,83321.79066086725,82921.78451386059,83016.74361378844,8311.931894280458
2025-02-28 04:00:00,83016.74361378844,83139.46731127682,82948.37777089074,83076.57788314244,11785.436224408051
2025-02-28 08:00:00,83076.57788314244,83214.03078548955,82618.38684196034,82795.36178653887,10805.395801311523
2025-02-28 12:00:00,82795.36178653887,82864.89161824725,82563.51104897207,82604.58085079052,12325.27725224601
2025-02-28 16:00:00,82604.58085079052,82632.71026957835,82433.99099613045,82456.52769329151,5700.485626791761
2025-02-28 20:00:00,82456.52769329151,82521.49522394425,81986.14600569327,82032.87419801492,5741.139750167582
2025-03-01 00:00:00,82067.11490409118,82117.51654336191,82057.46991360342,82088.66262473051,4279.623312518084
2025-03-01 04:00:00,82088.66262473051,82194.8585251079,82031.75334109218,82188.02886723167,5413.186484083638
2025-03-01 08:00:00,82188.02886723167,82201.27132585057,82147.46819183901,82155.1894621005,7118.430137031932
2025-03-01 12:00:00,82155.1894621005,82235.19554109231,81857.08491627559,81963.50752021998,3795.48174715261
2025-03-01 16:00:00,81963.50752021998,82256.15462949389,81887.40257177624,82189.32507677533,7273.958135612212
2025-03-01 20:00:00,82189.32507677533,82256.15462949389,82032.16852543787,82154.76336679296,3200.1574616231774
2025-03-02 00:00:00,82274.88706667343,82420.33059097575,82209.74826893608,82420.33059097575,4010.6389368704745
2025-03-02 04:00:00,82420.33059097575,82420.33059097575,82198.29587543137,82225.77774588243,6873.722950550863
2025-03-02 08:00:00,82225.77774588243,82861.32713124818,82163.75094483935,82861.32713124818,6292.738771861118
2025-03-02 12:00:00,82861.32713124818,82861.32713124818,82736.85595937599,82788.07847903889,4079.795001534226
2025-03-02 16:00:00,82788.07847903889,82788.07847903889,82568.55338960867,82697.89400913421,4301.452661725213
2025-03-02 20:00:00,82697.89400913421,82697.89400913421,81746.84096489138,81811.62958708245,6935.267278837577
2025-03-03 00:00:00,81760.0768231545,81839.23330444955,80221.1590219702,80756.90476975557,11830.802299856225
2025-03-03 04:00:00,80756.90476975557,81471.76583395661,80612.25423893484,81434.1713431093,10340.186109332604
2025-03-03 08:00:00,81434.1713431093,81468.98906630391,81383.2022548049,81441.44178162738,17112.491739514444
2025-03-03 12:00:00,81441.44178162738,81580.63867102837,81084.23472399935,81184.96736471662,15907.241114037874
2025-03-03 16:00:00,81184.96736471662,81489.30651672564,79931.09440534665,80213.75134359187,10452.055051617823
2025-03-03 20:00:00,80213.75134359187,80288.24477382869,79962.52504709613,80048.76500223899,13089.051223448918
2025-03-04 00:00:00,80231.01539954286,80689.24119201889,79168.60824567435,79265.5386962453,11702.40907140952
2025-03-04 04:00:00,79265.5386962453,79480.59539171915,78794.93312148038,78802.11392064791,19091.726297541936
2025-03-04 08:00:00,78802.11392064791,79385.7739608788,78427.557037054,79359.83754379046,23116.673382515302
2025-03-04 12:00:00,79359.83754379046,79511.07274907398,79263.26026324478,79479.57919388698,20284.47392803837
2025-03-04 16:00:00,79479.57919388698,79492.65427793909,79238.42018559405,79262.47545684825,15746.191187771874
2025-03-04 20:00:00,79262.47545684825,79410.1363392987,77996.51360866967,78177.1310881556,16543.947012327088
2025-03-05 00:00:00,78207.6111981777,78233.04336928194,78165.10559015507,78177.56282171873,4415.492889703574
2025-03-05 04:00:00,78177.56282171873,78214.91317648382,78087.8435895747,78100.68383377917,9392.966909433793
2025-03-05 08:00:00,78100.68383377917,78143.02993256212,78029.83476888516,78095.5448778429,6346.489541029578
2025-03-05 12:00:00,78095.5448778429,78213.2352373345,77883.30790824798,78038.96850858394,4677.6939244966725
2025-03-05 16:00:00,78038.96850858394,78080.43459547401,77832.39983313155,77972.00611834081,7097.973641552812
2025-03-05 20:00:00,77972.00611834081,78008.2615595229,77682.39627874526,77865.50857859208,8718.01730013803
2025-03-06 00:00:00,77797.2108727748,77879.52421193331,77222.01383603444,77490.21141914623,10250.507282247441
2025-03-06 04:00:00,77490.21141914623,77630.48448225565,77195.13356255116,77313.98679852439,7182.370690488509
2025-03-06 08:00:00,77313.98679852439,77879.52421193331,77019.98701435495,77778.8880827875,4565.594815477661
2025-03-06 12:00:00,77778.8880827875,77879.52421193331,77436.85281495871,77546.5785799502,7185.847487118106
2025-03-06 16:00:00,77546.5785799502,77870.55039442795,76889.43206971993,76954.06958116447,5505.2007820503195
2025-03-06 20:00:00,76954.06958116447,77005.39575168138,76588.23112207715,76645.01536578852,8469.482450296657
2025-03-07 00:00:00,76731.70473420579,77065.05433894122,76688.41974460483,76972.178510419,15866.749927020104
2025-03-07 04:00:00,76972.178510419,77237.59751672602,76936.67796723287,77215.79217753124,7749.118848707383
2025-03-07 08:00:00,77215.79217753124,77487.71321810201,77047.42531143679,77434.8718037112,9199.255946773297
2025-03-07 12:00:00,77434.8718037112,77452.36163416486,77402.4474690653,77451.51433871436,15507.006625052558
2025-03-07 16:00:00,77451.51433871436,77497.9890858988,77412.40925080204,77423.49229309808,10455.332202880656
2025-03-07 20:00:00,77423.49229309808,77469.08482659138,77392.02886280834,77399.17544373265,7086.088060930743
2025-03-08 00:00:00,77488.38930151258,77660.73889503081,76808.24955288062,77032.85407873045,5748.96111134738
2025-03-08 04:00:00,77032.85407873045,77144.63247550458,76569.80532975249,76695.95770253264,6269.59182813855
2025-03-08 08:00:00,76695.95770253264,76726.58909687444,76655.16531246595,76688.13398286309,10832.832676524335
2025-03-08 12:00:00,76688.13398286309,76819.46021192877,76663.75529310762,76768.12211763859,9936.575772080701
2025-03-08 16:00:00,76768.12211763859,76919.14519490823,76366.68613078805,76621.12513400317,7008.031803892849
2025-03-08 20:00:00,76621.12513400317,76664.85291321846,76228.46922787266,76386.3326304311,5008.487647797796
2025-03-09 00:00:00,76228.47614688157,76355.25127851989,74189.34738495099,74692.65324035942,33723.53291044936
2025-03-09 04:00:00,74692.65324035942,75751.8294067547,72234.23276782557,72234.23276782557,19169.129083609205
2025-03-09 08:00:00,72234.23276782557,73349.81621564872,72234.23276782557,72917.6974104814,23439.848358070267
2025-03-09 12:00:00,72917.6974104814,74096.15702100357,72681.37437500039,73873.2158721566,45039.2340318812
2025-03-09 16:00:00,73873.2158721566,73886.8268287408,73630.36609035845,73682.69894757353,44646.66231054865
2025-03-09 20:00:00,73682.69894757353,73683.59770576177,72478.5926480617,72546.91820876418,37844.62640099969
2025-03-10 00:00:00,72511.73332814989,73191.25938607562,65156.132453901075,65156.132453901075,16489.56520646892
2025-03-10 04:00:00,65156.132453901075,66127.37670665437,63270.93414150932,63270.93414150932,33801.477354076495
2025-03-10 08:00:00,63270.93414150932,63282.368344501374,63185.16354975563,63185.16354975563,23095.129277982585
2025-03-10 12:00:00,63185.16354975563,65078.15939531655,63185.16354975563,64715.7775544575,19933.80438762598
2025-03-10 16:00:00,64715.7775544575,77521.4643690381,64715.7775544575,77521.4643690381,34041.63796686382
2025-03-10 20:00:00,77521.4643690381,77521.4643690381,66481.55124055292,66481.55124055292,23385.15678437918
2025-03-11 00:00:00,69104.68312808177,69297.4093316999,68541.40876028282,68541.40876028282,9389.4066239764
2025-03-11 04:00:00,68541.40876028282,69201.8267693469,68541.40876028282,68991.17195472085,4411.409948971907
2025-03-11 08:00:00,68991.17195472085,69067.14507385825,68772.70895458337,68772.70895458337,11168.713644178715
2025-03-11 12:00:00,68772.70895458337,69681.65860107429,68772.70895458337,69681.65860107429,8976.179122387799
2025-03-11 16:00:00,69681.65860107429,69681.65860107429,69402.57238001989,69538.46371099656,5347.199893502079
2025-03-11 20:00:00,69538.46371099656,69538.46371099656,69102.56785376635,69226.7862906799,5545.293014156806
2025-03-12 00:00:00,69270.72875145258,71391.94751070894,69263.5080207333,71391.94751070894,18164.76231307604
2025-03-12 04:00:00,71391.94751070894,72439.9308720634,71264.9234368824,72439.9308720634,17095.261558908125
2025-03-12 08:00:00,72439.9308720634,72439.9308720634,69934.10678781934,70734.61254937662,23687.36535143425
2025-03-12 12:00:00,70734.61254937662,70743.36922944884,70554.78080498955,70708.97050311012,23090.725648846546
2025-03-12 16:00:00,70708.97050311012,71550.76064001904,70678.90298411086,71550.76064001904,19309.67839783426
2025-03-12 20:00:00,71550.76064001904,71550.76064001904,70502.95033132414,70681.76480523078,12104.407848932955
2025-03-13 00:00:00,70739.44846397593,71454.59374315183,70648.8446710091,71263.76423008974,15864.384175047657
2025-03-13 04:00:00,71263.76423008974,73489.57571482318,70465.5250727177,73489.57571482318,20735.35190452389
2025-03-13 08:00:00,73489.57571482318,73489.57571482318,70465.5250727177,70610.90536837475,10187.794114050921
2025-03-13 12:00:00,70610.90536837475,70843.32308924645,69254.32001010624,69254.32001010624,18965.949654136042
2025-03-13 16:00:00,69254.32001010624,70329.4186253207,69254.32001010624,70081.73077167495,12411.811857438817
2025-03-13 20:00:00,70081.73077167495,72041.0496220759,70081.73077167495,71936.50729298787,16270.702189149422
2025-03-14 00:00:00,71742.35893178784,71845.1109432906,71442.04928552,71549.2924489424,12065.092273431706
2025-03-14 04:00:00,71549.2924489424,71557.31980759386,71535.47021209922,71549.9461119454,25930.249307766197
2025-03-14 08:00:00,71549.9461119454,71636.65527615673,71521.74815247978,71591.28775678862,13047.748384627708
2025-03-14 12:00:00,71591.28775678862,72070.03908323053,71443.31954811372,72048.07045859762,23068.67309566273
2025-03-14 16:00:00,72048.07045859762,73048.89137048092,71687.18033471679,72800.61136560074,26363.145422056732
2025-03-14 20:00:00,72800.61136560074,73225.33072487618,72685.08028398239,73204.75615797305,28373.330932396497
2025-03-15 00:00:00,73484.04332793936,73660.36821139633,73445.17257328106,73597.9732139259,7447.928272289231
2025-03-15 04:00:00,73597.9732139259,73667.58086740672,73580.99774924912,73628.61050520008,4454.304683778928
2025-03-15 08:00:00,73628.61050520008,73667.58086740672,73222.94810375084,73463.77048972363,5226.801867838986
2025-03-15 12:00:00,73463.77048972363,73625.98514420821,73045.20234238087,73226.15071809913,9505.227561896705
2025-03-15 16:00:00,73226.15071809913,73412.97527782267,72933.04463309459,73043.67026136495,6274.548221249854
2025-03-15 20:00:00,73043.67026136495,73108.72617365676,72745.66343065907,72790.2379417552,4858.081312877791
2025-03-16 00:00:00,72949.17719672482,72977.81855824731,72906.60444902872,72937.64087378255,6020.928434672407
2025-03-16 04:00:00,72937.64087378255,72968.23804346465,72836.18689814955,72848.34178647245,3737.911754898644
2025-03-16 08:00:00,72848.34178647245,72870.2833514266,72790.66082940651,72831.26805684665,2855.658863069412
2025-03-16 12:00:00,72831.26805684665,72845.3842604203,72780.30608605922,72802.72009832594,3052.8015913616327
2025-03-16 16:00:00,72802.72009832594,72811.21121287008,72575.83539679607,72699.82351628177,2993.5306284358694
2025-03-16 20:00:00,72699.82351628177,72710.83696074976,72620.77486749094,72687.38774149517,6387.633151520006
2025-03-17 00:00:00,72888.24600681957,72906.69091668335,72810.16788554787,72865.54042283294,8735.427716660512
2025-03-17 04:00:00,72865.54042283294,73537.28824484357,72796.05059068439,73355.875926143,7020.852039126185
2025-03-17 08:00:00,73355.875926143,73713.68084479182,72440.04302317985,72440.04302317985,6077.856447230041
2025-03-17 12:00:00,72440.04302317985,73713.68084479182,72440.04302317985,73564.57853456441,10617.383828980674
2025-03-17 16:00:00,73564.57853456441,73789.55670178769,73513.61526601511,73789.55670178769,4992.111231228617
2025-03-17 20:00:00,73789.55670178769,73789.55670178769,73512.81779580598,73515.07155388838,11368.057680647988
2025-03-18 00:00:00,73309.96640017122,73380.24357493858,73272.3441835716,73368.40784263183,6343.519748183299
2025-03-18 04:00:00,73368.40784263183,73505.95574451702,73288.90815214741,73485.19711871854,8452.27707316971
2025-03-18 08:00:00,73485.19711871854,73780.3341163203,73410.31551376428,73617.76930102252,3874.113273946679
2025-03-18 12:00:00,73617.76930102252,73769.90948032385,73299.80601664918,73545.48861093447,8216.717473976245
2025-03-18 16:00:00,73545.48861093447,73866.39875066279,73536.95121861748,73758.55056128533,7911.52230537711
2025-03-18 20:00:00,73758.55056128533,73813.18414229766,73488.76696449619,73611.21281893684,7872.192054139612
2025-03-19 00:00:00,73780.66998314287,75117.41656196187,73680.16483201587,75117.41656196187,20806.457553602802
2025-03-19 04:00:00,75117.41656196187,75647.48598998296,75114.04629604447,75647.48598998296,11711.926800668542
2025-03-19 08:00:00,75647.48598998296,75647.48598998296,75457.97804449458,75537.99377278706,18946.532655367297
2025-03-19 12:00:00,75537.99377278706,75537.99377278706,73426.07121388747,73691.76752979407,24833.824094406096
2025-03-19 16:00:00,73691.76752979407,73997.14179541201,73520.30024616943,73897.68267170712,13334.278462448865
2025-03-19 20:00:00,73897.68267170712,75015.95462808768,73485.48030369265,74828.14429779016,11185.96206516735
2025-03-20 00:00:00,74875.2190413011,74881.35168088692,74866.16793494069,74869.41730125973,10525.885278021273
2025-03-20 04:00:00,74869.41730125973,75287.88220786245,74684.56064460454,75186.52467544256,8540.264250618839
2025-03-20 08:00:00,75186.52467544256,75287.88220786245,74276.31522915528,74537.16992727418,5524.101457439416
2025-03-20 12:00:00,74537.16992727418,74607.88553163005,74359.35358872685,74403.1906281907,8043.864914389616
2025-03-20 16:00:00,74403.1906281907,74611.60193577463,74282.33372770385,74594.45458907649,6698.932898603734
2025-03-20 20:00:00,74594.45458907649,75080.52497939234,73904.22749513673,74038.3004119401,4774.145608294614
2025-03-21 00:00:00,73796.77374704198,74601.10333880596,51705.67893655722,51705.67893655722,10566.121323056646
2025-03-21 04:00:00,51705.67893655722,75198.55528028944,51705.67893655722,75198.55528028944,8525.60854601471
2025-03-21 08:00:00,75198.55528028944,75198.55528028944,54910.065383786976,54910.065383786976,7748.982341555581
2025-03-21 12:00:00,54910.065383786976,62826.95282511914,54910.065383786976,61995.31437810544,8819.068551288543
2025-03-21 16:00:00,61995.31437810544,62365.17298070155,60749.54895462842,60749.54895462842,4430.207888330879
2025-03-21 20:00:00,60749.54895462842,62215.31344746345,60749.54895462842,61592.010742449536,10386.117295702266
2025-03-22 00:00:00,74319.32076404053,74341.26555904599,74310.89666945158,74314.8527759389,3194.2772097475954
2025-03-22 04:00:00,74314.8527759389,74443.90483928149,74247.5556596093,74413.08891759752,6435.287491545302
2025-03-22 08:00:00,74413.08891759752,74621.26532364333,74267.42831416994,74621.26532364333,7941.612132054552
2025-03-22 12:00:00,74621.26532364333,74621.26532364333,74528.16735383832,74544.21162611456,2751.118237336112
2025-03-22 16:00:00,74544.21162611456,74566.92674944806,74423.39624658247,74503.43683812581,5220.154147547709
2025-03-22 20:00:00,74503.43683812581,74566.92674944806,74482.91438458266,74552.89028872241,5708.083239591345
2025-03-23 00:00:00,74509.10836561998,74645.49925116533,74455.57666139145,74593.99505565975,5444.733418607869
2025-03-23 04:00:00,74593.99505565975,74616.95058841862,74591.57774732383,74597.26155148947,5871.643900339786
2025-03-23 08:00:00,74597.26155148947,74754.98653663463,74492.24864974177,74716.98432050404,6580.857975747331
2025-03-23 12:00:00,74716.98432050404,75025.66703625437,74636.17354652016,74951.23006715192,6156.84400596298
2025-03-23 16:00:00,74951.23006715192,75025.66703625437,74746.70103311556,74829.54454422818,8302.060713795043
2025-03-23 20:00:00,74829.54454422818,74998.7060396495,74792.39052507118,74963.69918835547,6096.762461805433
2025-03-24 00:00:00,74975.75108965846,75006.57741740004,74774.04762802758,74865.55777650044,8319.222329405007
2025-03-24 04:00:00,74865.55777650044,74920.81401433038,74797.11822533351,74821.9244233229,6831.206847482275
2025-03-24 08:00:00,74821.9244233229,75052.3826710507,74481.26465465748,74683.3641143483,5001.765395881512
2025-03-24 12:00:00,74683.3641143483,74895.99393841955,74643.30161733799,74864.97850083042,11508.687556289871
2025-03-24 16:00:00,74864.97850083042,74901.2210522913,74558.34982680113,74674.9882815264,8318.319160716963
2025-03-24 20:00:00,74674.9882815264,74691.22222072959,74602.94004302859,74605.2209381098,7570.924246808132
2025-03-25 00:00:00,74400.20207767011,74520.10456536394,74385.26179344676,74486.89525779484,11078.283887804619
2025-03-25 04:00:00,74486.89525779484,74813.64569591882,74349.69014807961,74682.68323668248,13339.737734431987
2025-03-25 08:00:00,74682.68323668248,74957.825759833,74539.38567949034,74952.85554506337,7459.996457359322
2025-03-25 12:00:00,74952.85554506337,75154.77306315217,74902.76737644442,75154.77306315217,9231.501531039272
2025-03-25 16:00:00,75154.77306315217,75359.80939960244,74946.46577882988,75359.80939960244,15371.486188986864
2025-03-25 20:00:00,75359.80939960244,75359.80939960244,74906.8289102052,75060.87801248956,15200.605620630595
2025-03-26 00:00:00,75290.11262475698,75322.68753006659,75094.98925320621,75218.3439642599,8215.29309647316
2025-03-26 04:00:00,75218.3439642599,75278.63350891262,74961.18651219722,75089.14190341927,6721.185300577461
2025-03-26 08:00:00,75089.14190341927,75204.8856065792,74794.39460618995,74841.32076449778,5255.531920785168
2025-03-26 12:00:00,74841.32076449778,74904.52356491316,74758.1594347905,74882.7498988137,7569.925522542317
2025-03-26 16:00:00,74882.7498988137,74913.53530645632,74740.21950332413,74781.4102203128,6259.688292223034
2025-03-26 20:00:00,74781.4102203128,74909.67263993228,74774.27645076609,74839.65098851774,8410.132542984153
2025-03-27 00:00:00,74943.99120003168,75114.40624755078,74932.485668282,75004.4013882421,7052.062254371576
2025-03-27 04:00:00,75004.4013882421,75045.85654608271,74959.40398945658,75030.675599739,6402.214220676714
2025-03-27 08:00:00,75030.675599739,75114.40624755078,74977.2343899665,75061.30085721427,6189.040456462886
2025-03-27 12:00:00,75061.30085721427,75068.20123108877,74994.8588372134,74996.09901512433,9207.545561037976
2025-03-27 16:00:00,74996.09901512433,75093.94496845147,74959.46817660457,75023.74387210104,7122.486071976471
2025-03-27 20:00:00,75023.74387210104,75075.70722267148,74993.85777536928,75021.09579337804,9949.076713974033
2025-03-28 00:00:00,75042.41407218663,75048.79502064848,74675.71742819734,74675.71742819734,3844.0848625603876
2025-03-28 04:00:00,74675.71742819734,74704.67440650774,74559.85518818321,74559.85518818321,4548.934665326597
2025-03-28 08:00:00,74559.85518818321,75093.9408096682,74559.85518818321,75046.31990844542,5886.3249093662025
2025-03-28 12:00:00,75046.31990844542,75082.16134347985,74822.7666444927,74828.68823040705,7669.056730431201
2025-03-28 16:00:00,74828.68823040705,75537.88033650041,74793.17197917303,75323.45757099877,8557.959934241211
2025-03-28 20:00:00,75323.45757099877,75954.78185288596,75250.99861321654,75799.69849449853,8050.395519462753
2025-03-29 00:00:00,76152.92475011019,76223.52478884225,71897.12038741376,71897.12038741376,7980.302620231333
2025-03-29 04:00:00,71897.12038741376,72595.92141870304,70327.99562740933,70327.99562740933,5965.615350843141
2025-03-29 08:00:00,70327.99562740933,70971.54608314006,70327.99562740933,70931.9367948922,6418.924284772407
2025-03-29 12:00:00,70931.9367948922,72490.34190726682,70931.9367948922,72285.0880944238,8112.726265336687
2025-03-29 16:00:00,72285.0880944238,73166.5863163278,72285.0880944238,73125.68894593936,5783.617724204682
2025-03-29 20:00:00,73125.68894593936,75422.04130675488,73125.68894593936,75118.65068963464,8108.107725905696
2025-03-30 00:00:00,75239.69216363563,75668.00171947935,75069.66004778085,75476.89463274105,9335.976760129923
2025-03-30 04:00:00,75476.89463274105,75495.68544339844,75455.19178250359,75479.43033529424,6409.212464473259
2025-03-30 08:00:00,75479.43033529424,75683.59396012295,75417.64334780657,75635.67291422586,5632.1694122161125
2025-03-30 12:00:00,75635.67291422586,75798.67005799306,75379.65468476717,75479.54763355141,5003.9826468309075
2025-03-30 16:00:00,75479.54763355141,76030.45105258645,75460.48690191157,75846.7746219147,6856.509410621233
2025-03-30 20:00:00,75846.7746219147,76056.61325989064,75833.76639306115,76017.41619021966,7950.677002328483
2025-03-31 00:00:00,76063.4023064211,76412.70644608334,75338.13747125123,75338.13747125123,5846.8864833738835
2025-03-31 04:00:00,75338.13747125123,75388.88365033788,74932.75983291582,74932.75983291582,12954.926985245755
2025-03-31 08:00:00,74932.75983291582,78295.92595833955,74932.75983291582,78295.92595833955,10333.249621106048
2025-03-31 12:00:00,78295.92595833955,79722.1403393553,78103.49148945484,79722.1403393553,5546.339550502809
2025-03-31 16:00:00,79722.1403393553,80227.82938568466,79484.64694914878,80227.82938568466,11764.44132463583
2025-03-31 20:00:00,80227.82938568466,80227.82938568466,77735.13106251087,77832.85853138285,14081.045417912452
2025-04-01 00:00:00,78054.57213257204,78116.411655172,77868.79574314917,78081.523965196,4499.899643139099
2025-04-01 04:00:00,78081.523965196,78327.49273204373,77955.01678366697,78199.83496984237,6036.164509342285
2025-04-01 08:00:00,78199.83496984237,78210.24248519565,78101.0649258462,78193.98242405515,3548.1650064488326
2025-04-01 12:00:00,78193.98242405515,78299.05284584791,78189.69684424532,78253.73629372346,8197.95591411759
2025-04-01 16:00:00,78253.73629372346,78304.46797449356,78209.76709626692,78303.57884057483,7048.301874363152
2025-04-01 20:00:00,78303.57884057483,78331.21905171042,78217.96156715558,78278.199375716,8612.663028513256
2025-04-02 00:00:00,78459.43537985987,80090.29512400195,78097.75985792179,80090.29512400195,5775.592717415492
2025-04-02 04:00:00,80090.29512400195,80761.89718389726,79868.4335619785,80761.89718389726,10244.913721678713
2025-04-02 08:00:00,80761.89718389726,80761.89718389726,76809.04800702175,76961.89859672329,5496.25916117985
2025-04-02 12:00:00,76961.89859672329,77625.51455528125,76913.6153797302,77505.4635667628,9643.844671180774
2025-04-02 16:00:00,77505.4635667628,77792.07762835103,76399.85252473607,76399.85252473607,6533.844768166679
2025-04-02 20:00:00,76399.85252473607,77054.99878719331,76399.85252473607,76854.95917920112,11053.395923377228
2025-04-03 00:00:00,76952.3871556979,77122.55479353124,76826.27277719833,76826.27277719833,8222.07034946115
2025-04-03 04:00:00,76826.27277719833,76853.10830965619,76728.86807944583,76728.86807944583,5033.536921914071
2025-04-03 08:00:00,76728.86807944583,77086.75147505202,76728.86807944583,76979.107416456,9882.380191746293
2025-04-03 12:00:00,76979.107416456,77093.21456033777,76928.95395584547,77053.75307824938,9848.844523236994
2025-04-03 16:00:00,77053.75307824938,77470.75116410136,76884.72374978973,77470.75116410136,4885.704775694412
2025-04-03 20:00:00,77470.75116410136,77470.75116410136,77267.94507407812,77277.76135370173,5061.66139860231
2025-04-04 00:00:00,77526.75645568884,77599.85377129783,77238.20411928951,77394.9043734926,57588.27647800578
2025-04-04 04:00:00,77394.9043734926,77506.16958712504,77004.71955437666,77018.56334280482,30712.152326063304
2025-04-04 08:00:00,77018.56334280482,77111.28257396938,76586.76385808458,76626.6686404931,34181.38297893777
2025-04-04 12:00:00,76626.6686404931,76705.09558833406,76546.07382188867,76671.21853852783,32837.40951606229
2025-04-04 16:00:00,76671.21853852783,76882.72708990911,76157.39687426353,76331.27019834027,39169.57044984789
2025-04-04 20:00:00,76331.27019834027,76404.94636243167,76181.73911763764,76208.44592637906,54883.32415939585
2025-04-05 00:00:00,76119.66668086406,77238.6927673857,76039.22539220288,77037.70666198786,12240.040752570083
2025-04-05 04:00:00,77037.70666198786,77238.6927673857,75209.7505272937,75209.7505272937,7188.677028804075
2025-04-05 08:00:00,75209.7505272937,75313.37449518986,75023.96987672544,75023.96987672544,12306.014010378824
2025-04-05 12:00:00,75023.96987672544,77269.56140278054,75023.96987672544,77269.56140278054,6884.326859403936
2025-04-05 16:00:00,77269.56140278054,77855.99116240598,76951.749056964,77855.99116240598,13949.137529633634
2025-04-05 20:00:00,77855.99116240598,77855.99116240598,76548.41869220094,77063.97024470844,8440.710645740588
2025-04-06 00:00:00,77103.26570391227,77198.76430688499,76587.80365023109,76671.27814406343,11048.37880533307
2025-04-06 04:00:00,76671.27814406343,76677.74872680342,76249.31196543727,76447.43221868384,7502.092680667852
2025-04-06 08:00:00,76447.43221868384,76602.04528278764,76368.97064327633,76520.49137973455,13387.788470826845
2025-04-06 12:00:00,76520.49137973455,76949.27901177834,75560.88981878356,75593.6048129758,13869.4306463865
2025-04-06 16:00:00,75593.6048129758,75758.08165069159,75302.27442698731,75302.27442698731,16281.651981148605
2025-04-06 20:00:00,75302.27442698731,75578.93090983515,75302.27442698731,75540.55430795319,19552.21258290153
2025-04-07 00:00:00,75375.42264043995,75799.2888101326,73787.76439543208,74106.16967285608,8432.86436839629
2025-04-07 04:00:00,74106.16967285608,74992.18736227383,74086.80544751877,74847.04561914137,10466.749797899507
2025-04-07 08:00:00,74847.04561914137,75323.24799423604,73787.76439543208,74014.07010170062,10373.546118108457
2025-04-07 12:00:00,74014.07010170062,74085.2749504389,73872.99583766113,73882.53961595883,12885.865357489341
2025-04-07 16:00:00,73882.53961595883,74789.98187369743,73787.76439543208,74704.64398567137,9609.539649672828
2025-04-07 20:00:00,74704.64398567137,74960.63903516006,73787.76439543208,73872.10882531753,13607.118281476049
2025-04-08 00:00:00,73871.55763197251,74415.77220434006,73845.55805378937,74415.77220434006,6889.198866047205
2025-04-08 04:00:00,74415.77220434006,75948.53849565363,73933.04389364165,75948.53849565363,17201.14577286864
2025-04-08 08:00:00,75948.53849565363,75948.53849565363,75241.22707944651,75436.73194214619,10149.76852145105
2025-04-08 12:00:00,75436.73194214619,75436.73194214619,73851.59739068033,74470.95534664716,17239.121936462787
2025-04-08 16:00:00,74470.95534664716,74470.95534664716,74284.92881041624,74339.62898348215,13693.418122854428
2025-04-08 20:00:00,74339.62898348215,74339.62898348215,72554.61049668945,72874.68199836527,13163.277856380664
2025-04-09 00:00:00,73039.23194030894,73544.99243200403,71987.38844611788,71987.38844611788,40408.43794249665
2025-04-09 04:00:00,71987.38844611788,72032.48731793472,71855.1769213628,71855.1769213628,43396.07300445129
2025-04-09 08:00:00,71855.1769213628,73895.02885420495,71855.1769213628,73844.82143248593,45992.271470747095
2025-04-09 12:00:00,73844.82143248593,75283.7944988337,73418.17019248674,75059.90823782813,37149.08360772079
2025-04-09 16:00:00,75059.90823782813,75663.39622659351,74899.57595897271,75576.93560651297,28627.339169434803
2025-04-09 20:00:00,75576.93560651297,77000.52963395118,75369.11839142251,76905.7874179684,29079.43292438727
2025-04-10 00:00:00,76744.58338758815,77457.78831235379,61811.52107493205,61811.52107493205,12674.639864451856
2025-04-10 04:00:00,61811.52107493205,64440.44730141614,45181.52024170259,45181.52024170259,14332.496431687301
2025-04-10 08:00:00,45181.52024170259,49976.03526714607,45181.52024170259,49737.64438991279,11974.133470568746
2025-04-10 12:00:00,49737.64438991279,52938.24421302787,49737.64438991279,52190.11107392715,14125.202699831616
2025-04-10 16:00:00,52190.11107392715,52563.34839808257,50589.98782117239,50589.98782117239,6251.86930655321
2025-04-10 20:00:00,50589.98782117239,71694.55701847994,50589.98782117239,67223.89467290582,6659.096790633444
2025-04-11 00:00:00,75711.1001814485,75756.96185961388,75470.46180091104,75470.46180091104,15010.945076482998
2025-04-11 04:00:00,75470.46180091104,75857.23599100408,75470.46180091104,75841.16455513281,8845.708422242698
2025-04-11 08:00:00,75841.16455513281,76054.0750207287,75680.04055137168,75776.85560293558,13519.706475279956
2025-04-11 12:00:00,75776.85560293558,76208.8877027389,75627.74797419649,76079.21604773572,10685.18380743797
2025-04-11 16:00:00,76079.21604773572,76659.33787176052,75858.66346652595,76431.09150350938,16531.303685465136
2025-04-11 20:00:00,76431.09150350938,76744.47112286328,76320.3142616963,76669.27380526064,18401.083945832084
2025-04-12 00:00:00,76496.5314903919,76695.0208755301,76481.23645199105,76616.10537587278,11659.108628693968
2025-04-12 04:00:00,76616.10537587278,77003.93104437711,76571.32964465187,76963.58122974083,9926.990127965775
2025-04-12 08:00:00,76963.58122974083,77292.42948472514,76893.84262374748,77227.66342615777,11227.786028909977
2025-04-12 12:00:00,77227.66342615777,77322.53683914214,76905.85851805653,76983.80610574374,8894.726794993763
2025-04-12 16:00:00,76983.80610574374,77078.39998173014,76887.79006901146,76948.55523734448,14728.328622099603
2025-04-12 20:00:00,76948.55523734448,77424.33781187196,76839.75490869138,77248.90289918687,6772.383699881835
2025-04-13 00:00:00,76965.58657296974,77102.06109138187,75822.5327262304,75822.5327262304,10487.05853734641
2025-04-13 04:00:00,75822.5327262304,75849.34096484618,74905.47702084536,74905.47702084536,9500.3323219616
2025-04-13 08:00:00,74905.47702084536,75486.2889283803,72807.0548980216,72807.0548980216,5808.523307147464
2025-04-13 12:00:00,72807.0548980216,72905.31640629261,72526.78938165322,72526.78938165322,9575.19965685146
2025-04-13 16:00:00,72526.78938165322,73172.45518699444,72526.78938165322,73168.10768345513,8125.096314971047
2025-04-13 20:00:00,73168.10768345513,79540.96692021847,73168.10768345513,79140.13274525649,9348.973149622198
2025-04-14 00:00:00,79545.42940925693,79920.51717607016,76884.13355504238,76884.13355504238,5284.426347129926
2025-04-14 04:00:00,76884.13355504238,78477.40313592627,76884.13355504238,78094.99015446784,7700.672950924834
2025-04-14 08:00:00,78094.99015446784,78609.79767573549,78094.99015446784,78397.4340801302,6985.658751711936
2025-04-14 12:00:00,78397.4340801302,81536.8189845869,78397.4340801302,81536.8189845869,6413.437535986707
2025-04-14 16:00:00,81536.8189845869,82438.87568149305,81029.6534103354,82438.87568149305,4936.066343345889
2025-04-14 20:00:00,82438.87568149305,82438.87568149305,79384.66282703199,79970.05545498266,4531.084578751119
2025-04-15 00:00:00,79887.22071593869,79900.15836687155,79822.83488561047,79823.48064205707,14983.73426175903
2025-04-15 04:00:00,79823.48064205707,79876.77480751129,79574.4518770996,79652.19700743577,10717.563413252537
2025-04-15 08:00:00,79652.19700743577,79762.30805325013,79383.38952598025,79491.83065099757,5950.099886026046
2025-04-15 12:00:00,79491.83065099757,79596.40710731498,79460.25711955674,79579.89450486634,14082.610457969813
2025-04-15 16:00:00,79579.89450486634,81896.30075972345,79519.05892632068,81259.53234249236,8612.128862899468
2025-04-15 20:00:00,81259.53234249236,81752.82391840142,81253.0031117696,81637.93836530663,6773.636174913056
2025-04-16 00:00:00,82130.36556536226,82171.28805385745,82118.78878205213,82164.67849299884,8417.093381625993
2025-04-16 04:00:00,82164.67849299884,82194.88123536925,82147.08817625929,82185.63970594779,8574.15651534901
2025-04-16 08:00:00,82185.63970594779,82361.01130743141,82152.42608567116,82303.52654561462,9990.048135554347
2025-04-16 12:00:00,82303.52654561462,82390.11577130124,82260.75319635964,82353.3367862449,5880.340291626416
2025-04-16 16:00:00,82353.3367862449,82390.11577130124,82270.4471840255,82322.76732802569,8461.939731845128
2025-04-16 20:00:00,82322.76732802569,82334.48502482483,82238.93201672756,82328.60061193226,7196.569426789682
2025-04-17 00:00:00,82337.56733124264,82508.17846816899,82277.47674007762,82437.13296501388,4359.02612909828
2025-04-17 04:00:00,82437.13296501388,82580.89872257206,82392.7243296887,82580.89872257206,6808.870102131333
2025-04-17 08:00:00,82580.89872257206,82580.89872257206,82462.59830607663,82561.3472820739,4617.828698820645
2025-04-17 12:00:00,82561.3472820739,82561.3472820739,82489.62432872906,82518.31957051148,3918.5580101855185
2025-04-17 16:00:00,82518.31957051148,82703.94718246679,82472.70645248411,82703.94718246679,4576.176113758132
2025-04-17 20:00:00,82703.94718246679,82703.94718246679,82288.32111421559,82470.8630841336,4030.402023880253
2025-04-18 00:00:00,82418.25862426027,83337.57872974027,82102.22580688124,83072.57523685663,9718.693465984972
2025-04-18 04:00:00,83072.57523685663,83535.8570546954,82866.58627289481,83479.74756207492,4053.3182313051257
2025-04-18 08:00:00,83479.74756207492,84158.92276338956,83113.16519894151,84158.92276338956,6971.550416451437
2025-04-18 12:00:00,84158.92276338956,86151.95162351115,83340.85712752669,86151.95162351115,8324.301076642774
2025-04-18 16:00:00,86151.95162351115,86151.95162351115,82847.18902132896,83939.29306443204,11089.621776691687
2025-04-18 20:00:00,83939.29306443204,83939.29306443204,83133.85209630644,83367.10938445464,6245.9470259115715
2025-04-19 00:00:00,83571.66155856635,83932.8458312971,82580.11164286887,82580.11164286887,12371.823554753262
2025-04-19 04:00:00,82580.11164286887,83205.74793417845,82580.11164286887,83039.53803600404,6942.846747025107
2025-04-19 08:00:00,83039.53803600404,83831.98496212247,83031.66923060505,83798.80808127244,9019.82831700563
2025-04-19 12:00:00,83798.80808127244,83809.54033299742,83297.14016914407,83335.91523756328,10675.346612413616
2025-04-19 16:00:00,83335.91523756328,84328.28251277613,83059.40546457503,83899.74877715921,17231.78843610037
2025-04-19 20:00:00,83899.74877715921,84661.87869818903,83708.37627562508,84401.91158322078,9718.341902791437
2025-04-20 00:00:00,84567.86956296588,84854.27608218457,84555.91255638223,84671.44703070994,4404.885111824443
2025-04-20 04:00:00,84671.44703070994,84850.83357564826,84547.60224458636,84833.17183617064,7690.422790603479
2025-04-20 08:00:00,84833.17183617064,84872.47588929824,84604.25554042167,84678.4442853916,7937.220818267564
2025-04-20 12:00:00,84678.4442853916,84880.85211594714,84659.36489309203,84841.30147088622,4235.376701465482
2025-04-20 16:00:00,84841.30147088622,84971.99271091576,84593.57702894743,84677.71639157787,3817.969969036819
2025-04-20 20:00:00,84677.71639157787,84791.82116167127,84657.19103829433,84722.86997429427,7323.526818757852
2025-04-21 00:00:00,85175.40824440548,85249.66800344936,84978.97462882497,85117.81936548468,8975.02297329961
2025-04-21 04:00:00,85117.81936548468,85179.78474674652,85088.82340203262,85161.63942273699,6615.880470281058
2025-04-21 08:00:00,85161.63942273699,85203.84651571649,85041.53889330724,85122.29460770538,10578.890296968595
2025-04-21 12:00:00,85122.29460770538,85165.32112695977,85093.44020293836,85144.89849028912,11325.192692480827
2025-04-21 16:00:00,85144.89849028912,85167.59626288006,85017.66240576043,85062.17679113724,15452.709613689862
2025-04-21 20:00:00,85062.17679113724,85143.92428544977,84826.9153678187,84873.27859365138,7391.82011123511
2025-04-22 00:00:00,84707.72014559535,84810.54428837146,84172.11001358405,84280.48607618359,6760.464280515188
2025-04-22 04:00:00,84280.48607618359,84355.52766040094,83952.9264526774,84073.84410271417,8510.773723081804
2025-04-22 08:00:00,84073.84410271417,84836.74319428175,83810.65806318882,84527.37562370783,9686.9660064176
2025-04-22 12:00:00,84527.37562370783,86399.84126979833,84474.60371183515,85825.07512523376,10050.169018765348
2025-04-22 16:00:00,85825.07512523376,86399.84126979833,85463.108191146,86264.83958085346,11843.751393713914
2025-04-22 20:00:00,86264.83958085346,86398.5246202997,85672.29047616589,85796.10258061088,5101.195479030649
2025-04-23 00:00:00,85599.58254927181,85922.30458533132,85584.96820353088,85805.33626962328,9053.731729949177
2025-04-23 04:00:00,85805.33626962328,85863.9176154309,85696.49706366447,85769.81247673521,4608.664895070306
2025-04-23 08:00:00,85769.81247673521,86353.10648927536,85521.94943502366,86235.48372920994,5960.912162014444
2025-04-23 12:00:00,86235.48372920994,86588.58378164825,86105.96703335534,86447.41687241162,9136.272916653652
2025-04-23 16:00:00,86447.41687241162,86492.38873459573,86230.00737944066,86246.0280117319,5870.330262020771
2025-04-23 20:00:00,86246.0280117319,86505.33577288326,86000.83490752174,86389.31048991939,9390.154661526085
2025-04-24 00:00:00,86954.30576411913,87255.76712719044,86712.48389041482,87255.76712719044,6938.9004541247095
2025-04-24 04:00:00,87255.76712719044,87255.76712719044,86601.50048550672,86690.06033412894,4332.506321962623
2025-04-24 08:00:00,86690.06033412894,86719.02330802249,86545.22228830024,86655.74758673542,5364.430564993669
2025-04-24 12:00:00,86655.74758673542,86820.4441698547,86466.12104284718,86736.59336840163,6005.377896601043
2025-04-24 16:00:00,86736.59336840163,86823.80193359242,86560.45648461401,86577.19820284183,2886.3197256228696
2025-04-24 20:00:00,86577.19820284183,86682.93092352535,86340.12509313688,86390.20323366961,3719.844737755322
2025-04-25 00:00:00,86801.34427595393,86997.23948798866,86532.25738312787,86668.73407830288,9228.898518745009
2025-04-25 04:00:00,86668.73407830288,87010.08475108523,86551.13608784697,86887.59716986227,7791.493454440719
2025-04-25 08:00:00,86887.59716986227,87441.15930716628,86716.37928830388,87333.57192622477,13434.178129123397
2025-04-25 12:00:00,87333.57192622477,88239.4353127219,86857.65329234937,88239.4353127219,7861.228037266821
2025-04-25 16:00:00,88239.4353127219,88239.4353127219,87773.68442815775,87781.39064704707,7002.858090565094
2025-04-25 20:00:00,87781.39064704707,87871.56600259322,87228.04982638947,87354.42987700723,7189.0545063126465
2025-04-26 00:00:00,87124.5017147574,87194.16053403629,86649.57974232193,86649.57974232193,4162.6483832246495
2025-04-26 04:00:00,86649.57974232193,88804.8816691851,86649.57974232193,88804.8816691851,6369.042989229
2025-04-26 08:00:00,88804.8816691851,88804.8816691851,87366.37485054512,87856.85126426042,4934.870649455232
2025-04-26 12:00:00,87856.85126426042,88916.88613918608,87676.73358940547,88916.88613918608,8971.18328991188
2025-04-26 16:00:00,88916.88613918608,88916.88613918608,87622.39014726179,87990.91908911182,8943.850059167991
2025-04-26 20:00:00,87990.91908911182,87990.91908911182,87410.05221662993,87711.23277158577,4318.004382708662
2025-04-27 00:00:00,88001.71596622266,89729.33792120784,87857.3559673705,89661.46193442716,10169.924439637443
2025-04-27 04:00:00,89661.46193442716,89729.33792120784,87317.7161134567,87317.7161134567,7678.233561890148
2025-04-27 08:00:00,87317.7161134567,89059.80446308454,87317.7161134567,89022.06679440435,11735.995104429263
2025-04-27 12:00:00,89022.06679440435,89729.33792120784,88889.8548300982,89720.73519376206,8271.918926050892
2025-04-27 16:00:00,89720.73519376206,90265.35743063335,89569.784427827,90265.35743063335,12547.377356553687
2025-04-27 20:00:00,90265.35743063335,90265.35743063335,89149.02950756693,89433.55923787448,4621.14241111451
2025-04-28 00:00:00,89478.02569699644,90687.31258739597,88804.09498855227,90687.31258739597,10233.911798477413
2025-04-28 04:00:00,90687.31258739597,92300.84381277554,90596.3520598047,92300.84381277554,7439.244483121201
2025-04-28 08:00:00,92300.84381277554,92300.84381277554,92267.9001540862,92296.14340464381,8801.126339636367
2025-04-28 12:00:00,92296.14340464381,92296.14340464381,88133.8867081814,88133.8867081814,7940.3754822362525
2025-04-28 16:00:00,88133.8867081814,88326.75051179805,88026.3093097014,88026.3093097014,8162.352655542809
2025-04-28 20:00:00,88026.3093097014,89890.95407756296,88026.3093097014,89796.34898212034,6000.596872516469
2025-04-29 00:00:00,89287.17594948015,89520.14383336883,89228.25759784594,89498.7529696381,9209.306215283816
2025-04-29 04:00:00,89498.7529696381,90171.19681283306,89291.73824607948,89941.63063424909,8016.056385055806
2025-04-29 08:00:00,89941.63063424909,90728.90696354455,89769.858899144,90380.17433252002,10564.875505458316
2025-04-29 12:00:00,90380.17433252002,90969.11256918784,90272.40660677079,90863.6073662693,4540.5354239002945
2025-04-29 16:00:00,90863.6073662693,91405.70951120523,90584.7135253181,91072.09953087464,11407.276396347463
2025-04-29 20:00:00,91072.09953087464,91238.43517494605,90992.8195255211,91178.74040596398,7292.60081001839
2025-04-30 00:00:00,91459.57108172814,91476.43121781235,91235.41693845863,91240.84255556698,10756.771574927689
2025-04-30 04:00:00,91240.84255556698,91337.31874624535,91000.62017213133,91074.15723584879,8351.795067151998
2025-04-30 08:00:00,91074.15723584879,91133.7210461918,90957.87448203722,90957.87448203722,8732.98978028981
2025-04-30 12:00:00,90957.87448203722,91118.36826297992,90957.87448203722,91047.12217597902,10585.732330167913
2025-04-30 16:00:00,91047.12217597902,91643.60840448836,90997.12431042203,91280.1318964739,8541.609978132896
2025-04-30 20:00:00,91280.1318964739,91291.60739504179,90997.12431042203,91070.75783953439,10541.281782145921
2025-05-01 00:00:00,91017.73133881991,91122.11120886312,90861.22813709367,90895.34656930708,16845.91757592537
2025-05-01 04:00:00,90895.34656930708,90988.58450269654,90744.96896867684,90790.31995331496,10791.916690813037
2025-05-01 08:00:00,90790.31995331496,90848.07000454344,90744.96896867684,90796.67092982931,14762.15115105516
2025-05-01 12:00:00,90796.67092982931,91137.77635313076,90744.96896867684,90791.77295319311,20517.979131036253
2025-05-01 16:00:00,90791.77295319311,90809.01218226872,90785.93634511274,90808.70287845457,15133.055101542703
2025-05-01 20:00:00,90808.70287845457,90971.22506850948,90744.96896867684,90833.82149853234,15470.163493446771
2025-05-02 00:00:00,90330.65469177051,91655.28270660139,90195.29702779774,91561.18304034982,16082.025347926661
2025-05-02 04:00:00,91561.18304034982,91682.11700185756,90787.7879955911,90912.90337341899,13399.244570926214
2025-05-02 08:00:00,90912.90337341899,91383.70083575735,90771.24595937006,91284.91555629748,17399.815496784704
2025-05-02 12:00:00,91284.91555629748,91363.5799964923,90960.47690970596,91011.12052857551,15417.835484761983
2025-05-02 16:00:00,91011.12052857551,91811.65033100855,90976.65476249177,91537.63410069492,11857.059348392737
2025-05-02 20:00:00,91537.63410069492,92116.25011968054,91117.66937758889,92059.08934965228,14643.924929895098
2025-05-03 00:00:00,92308.34232270972,92989.27453058651,92190.72556375951,92964.50620484566,11213.844763601606
2025-05-03 04:00:00,92964.50620484566,93130.48534443784,92905.96227952761,93066.34587580175,9474.543063344852
2025-05-03 08:00:00,93066.34587580175,93651.06577346477,92981.24708785336,93524.99869612757,12923.357808615832
2025-05-03 12:00:00,93524.99869612757,93583.75038556982,93456.95105634052,93530.4416714627,7268.483687865075
2025-05-03 16:00:00,93530.4416714627,93651.06577346477,92871.81582202463,93086.83912075362,6372.210512575981
2025-05-03 20:00:00,93086.83912075362,93651.06577346477,92894.67169253762,93627.54700484122,13201.546010891978
2025-05-04 00:00:00,93470.78837190624,93869.09322146382,93340.18394781098,93743.53792799186,5694.540783905877
2025-05-04 04:00:00,93743.53792799186,93792.6047310409,93741.81947452636,93762.25132117193,11839.24516402625
2025-05-04 08:00:00,93762.25132117193,93908.93659603484,93718.95782641374,93858.1374206024,12223.524410691387
2025-05-04 12:00:00,93858.1374206024,94062.35661852718,93757.8648738507,93999.70122969853,8390.420143065749
2025-05-04 16:00:00,93999.70122969853,94006.78746050198,93418.67085024739,93615.42702730554,10420.37801107811
2025-05-04 20:00:00,93615.42702730554,94321.30288934361,93531.46769813634,94229.18113868996,9268.810372274038
2025-05-05 00:00:00,94307.75134222537,94447.14382272401,94253.9052221072,94415.7240629597,9376.23980571968
2025-05-05 04:00:00,94415.7240629597,94444.99037686638,94206.35765656388,94221.4568771275,6510.158063541123
2025-05-05 08:00:00,94221.4568771275,94363.64910188418,94207.39988740528,94336.9142769811,13000.085385503402
2025-05-05 12:00:00,94336.9142769811,94793.79635745127,94097.9576316421,94612.49851742527,11317.84449609148
2025-05-05 16:00:00,94612.49851742527,95284.49197398576,94350.84360937857,95059.76207069165,6541.333227228732
2025-05-05 20:00:00,95059.76207069165,95266.73925880235,94865.52272520353,95124.42730026765,5635.500614862973
2025-05-06 00:00:00,95399.8120985767,95475.00944242833,95375.7925980952,95451.16353835746,8848.59209504295
2025-05-06 04:00:00,95451.16353835746,95615.06332344231,95440.63381228078,95543.96438782543,13524.77788367417
2025-05-06 08:00:00,95543.96438782543,99123.2923778483,95157.56945860098,99123.2923778483,17335.13754780541
2025-05-06 12:00:00,99123.2923778483,99123.2923778483,94761.98993575688,95974.20660347817,7397.716330591229
2025-05-06 16:00:00,95974.20660347817,96488.09761740464,94529.32410200019,94529.32410200019,13564.829953879958
2025-05-06 20:00:00,94529.32410200019,96472.18711357129,94529.32410200019,96136.54996168574,13782.742016929149
2025-05-07 00:00:00,96149.62880487427,96472.09517444455,95650.10582050664,95650.10582050664,6580.588990122626
2025-05-07 04:00:00,95650.10582050664,97141.40295939085,95650.10582050664,96759.17638257808,14488.705026969463
2025-05-07 08:00:00,96759.17638257808,97139.14787357318,96688.84961697768,97077.2315280569,12786.648286865102
2025-05-07 12:00:00,97077.2315280569,98144.64339798532,96603.75380037686,98007.7739291826,13869.193029996219
2025-05-07 16:00:00,98007.7739291826,98222.6665370181,97730.59058329741,97818.87829377313,7034.740206090715
2025-05-07 20:00:00,97818.87829377313,98503.76998312434,97714.54897910563,98239.45755054812,7839.590368847435
2025-05-08 00:00:00,98081.23152420072,98430.20205614058,97979.1005120513,98125.77427477679,4618.721232318219
2025-05-08 04:00:00,98125.77427477679,98313.75374089068,97981.10908315804,98297.60663348729,6423.64798220241
2025-05-08 08:00:00,98297.60663348729,98484.0208051895,98020.05036744656,98035.32121417568,3649.105990712709
2025-05-08 12:00:00,98035.32121417568,98060.12079247549,97872.01272696424,97872.01272696424,4690.877130076568
2025-05-08 16:00:00,97872.01272696424,98305.90574791889,97872.01272696424,98241.2588160164,4200.228875722168
2025-05-08 20:00:00,98241.2588160164,98305.50784502871,98240.74350148637,98298.68892629907,4271.536933110025
2025-05-09 00:00:00,98171.61495271475,99185.71156196042,82487.56543918035,82487.56543918035,9376.821842996293
2025-05-09 04:00:00,82487.56543918035,84162.89413539684,78521.1303413856,78521.1303413856,14259.33137916551
2025-05-09 08:00:00,78521.1303413856,82289.76784477619,69909.8762030482,69909.8762030482,7361.425742846927
2025-05-09 12:00:00,69909.8762030482,78948.29926373868,69909.8762030482,78849.65887179424,14532.980849967456
2025-05-09 16:00:00,78849.65887179424,89494.5293070449,78849.65887179424,86034.38244494173,6139.394075191449
2025-05-09 20:00:00,86034.38244494173,95414.04526024319,86034.38244494173,95273.08320139942,16027.905462295199
2025-05-10 00:00:00,99425.41831470034,100653.29031065923,99418.17835159112,100281.66073152608,11996.90158937526
2025-05-10 04:00:00,100281.66073152608,100954.00331682268,100123.88860485241,100954.00331682268,6383.090679996369
2025-05-10 08:00:00,100954.00331682268,100954.00331682268,100594.81683406449,100634.24670691098,5362.412139518663
2025-05-10 12:00:00,100634.24670691098,100837.0871276591,99743.15978650968,100002.34540305912,4746.378719118996
2025-05-10 16:00:00,100002.34540305912,100982.24627378606,99482.28355199116,100982.24627378606,7165.106110988113
2025-05-10 20:00:00,100982.24627378606,100982.24627378606,100737.55046346379,100798.68500983405,9621.091722643501
2025-05-11 00:00:00,100819.46956290342,100983.62418852969,100807.48204083968,100874.44985345838,11087.345855962483
2025-05-11 04:00:00,100874.44985345838,100887.52636989031,100840.6767183205,100841.30968172642,6001.632796652122
2025-05-11 08:00:00,100841.30968172642,100883.26780724847,100807.93152438148,100867.38278758062,4161.076863782007
2025-05-11 12:00:00,100867.38278758062,101003.60223402716,100657.47660309142,100787.9085429408,5504.257205491579
2025-05-11 16:00:00,100787.9085429408,101087.68679868407,100614.04575148156,100875.55146294276,10292.191936213127
2025-05-11 20:00:00,100875.55146294276,101151.32781157385,100621.0433720325,100742.83970995773,9171.626620426367
2025-05-12 00:00:00,101418.2873641114,101589.0588040889,101415.62021912895,101534.29477404545,4522.4688042057405
2025-05-12 04:00:00,101534.29477404545,101657.57200326596,101505.08149684864,101657.57200326596,10993.828369871508
2025-05-12 08:00:00,101657.57200326596,101806.0706076081,101579.51077623585,101806.0706076081,12624.644270158748
2025-05-12 12:00:00,101806.0706076081,101885.31180515903,101647.64281520667,101885.31180515903,10832.393920504534
2025-05-12 16:00:00,101885.31180515903,101885.31180515903,101538.86549784921,101741.29476187831,11154.206660051697
2025-05-12 20:00:00,101741.29476187831,101741.29476187831,101232.20815369279,101281.43241627337,7415.081666548987
2025-05-13 00:00:00,101286.32032273838,102088.11586160815,101041.58167991525,101812.55296048275,8686.761500003013
2025-05-13 04:00:00,101812.55296048275,101927.61834962861,101650.05908094332,101719.06456314772,5371.790498167859
2025-05-13 08:00:00,101719.06456314772,101955.73725411252,100863.2184140838,101096.19220362495,4636.711949409258
2025-05-13 12:00:00,101096.19220362495,101282.10809137666,101017.86316241696,101252.62602137814,7139.188762212405
2025-05-13 16:00:00,101252.62602137814,102134.84735890507,101147.8584988543,101842.73619978451,3677.356767313473
2025-05-13 20:00:00,101842.73619978451,102090.1202755004,101790.18572634336,102070.2375774609,7990.86640647356
2025-05-14 00:00:00,102124.51422559198,102181.78218950338,101914.28053164827,102019.4166202771,3994.1175594754604
2025-05-14 04:00:00,102019.4166202771,102244.81359167873,101433.98876888613,101433.98876888613,6009.886379932876
2025-05-14 08:00:00,101433.98876888613,102006.28176386352,100352.36618572428,100352.36618572428,5742.004388900387
2025-05-14 12:00:00,100352.36618572428,100901.2688469231,100352.36618572428,100682.9136856087,3311.819521159581
2025-05-14 16:00:00,100682.9136856087,100951.82876990322,100682.9136856087,100945.8492748107,4815.10554412567
2025-05-14 20:00:00,100945.8492748107,101999.80615547615,100945.8492748107,101742.72261976298,5724.118112739193
2025-05-15 00:00:00,101743.4048722638,101905.64222223446,101655.64827863172,101802.36505672426,3582.0995502853375
2025-05-15 04:00:00,101802.36505672426,101883.00754791607,101736.03051523637,101769.46099878024,3415.834508402254
2025-05-15 08:00:00,101769.46099878024,101942.34230540249,101723.30993713874,101793.12797943967,4360.046502424841
2025-05-15 12:00:00,101793.12797943967,101975.56840121443,101668.96077322432,101789.62592312323,2814.6312208466716
2025-05-15 16:00:00,101789.62592312323,101803.9582489929,101786.47176247099,101802.6949657762,6373.2277444534575
2025-05-15 20:00:00,101802.6949657762,101916.38187245175,101785.5463787783,101825.39212200027,2633.2198568962185
2025-05-16 00:00:00,102145.98448390946,102307.34308665468,101857.85744582301,102074.08323991696,6232.525667311382
2025-05-16 04:00:00,102074.08323991696,102322.42766701512,102017.66622087723,102241.43197726617,14425.984674163214
2025-05-16 08:00:00,102241.43197726617,102445.49208518528,102064.59938070152,102270.28560069264,10442.585359499983
2025-05-16 12:00:00,102270.28560069264,102529.63607242718,102134.21097804466,102503.22718775971,11273.702823379215
2025-05-16 16:00:00,102503.22718775971,102773.15039610564,102428.97147775303,102760.72741425171,14232.994304133537
2025-05-16 20:00:00,102760.72741425171,102981.04629051563,102727.64456930269,102849.72760351647,7130.28720277083
2025-05-17 00:00:00,102789.91838769356,102954.59231224982,102666.46946752966,102754.13974352017,4813.256051211276
2025-05-17 04:00:00,102754.13974352017,102879.46751220126,102750.89205961084,102843.11890779414,8133.295425778891
2025-05-17 08:00:00,102843.11890779414,103106.61234543468,102754.64548279835,102987.53095377826,4786.467531742467
2025-05-17 12:00:00,102987.53095377826,103019.66746275614,102856.79061536035,102913.42278338056,4642.5851869181515
2025-05-17 16:00:00,102913.42278338056,103003.70018404548,102822.17187492746,102988.9580874987,5254.839262745648
2025-05-17 20:00:00,102988.9580874987,103144.96021848774,102986.42042978131,103112.23648890514,8010.211668329193
2025-05-18 00:00:00,103576.63781375434,103609.68426430714,103554.80145005183,103578.67671162928,6480.252588517449
2025-05-18 04:00:00,103578.67671162928,103636.38165901662,103570.37984424,103626.37243441201,15370.907301503268
2025-05-18 08:00:00,103626.37243441201,103645.63751883163,103611.5578585944,103641.29538808472,6126.830655857934
2025-05-18 12:00:00,103641.29538808472,103692.23827878559,103570.49816785264,103677.28450165383,12935.10401238652
2025-05-18 16:00:00,103677.28450165383,103749.86034731648,103540.31634262095,103641.4859692773,10537.40316114686
2025-05-18 20:00:00,103641.4859692773,103772.23273822926,103510.8491866611,103664.70748094589,14528.376968126515
2025-05-19 00:00:00,103726.13598686134,104108.4792423321,103549.44520775233,103929.15083483509,5668.139559152896
2025-05-19 04:00:00,103929.15083483509,104217.72892892499,103140.19525856618,103504.59530554262,9897.339044356682
2025-05-19 08:00:00,103504.59530554262,103801.51327480061,103168.04664377053,103253.99692535824,9902.077368578155
2025-05-19 12:00:00,103253.99692535824,103288.26554379356,102784.78885779661,102784.78885779661,6524.867135627834
2025-05-19 16:00:00,102784.78885779661,103387.72758604826,102784.78885779661,103331.83121459429,8029.212744179507
2025-05-19 20:00:00,103331.83121459429,104943.96990429613,103140.19525856618,104494.91343885289,7973.552972841842
2025-05-20 00:00:00,104881.62269269499,104883.82015059344,104823.815733841,104847.54695681349,9864.463761497118
2025-05-20 04:00:00,104847.54695681349,104867.80049498803,104138.74150594027,104290.70177365489,8831.971679712817
2025-05-20 08:00:00,104290.70177365489,104460.89608875352,104237.40248959637,104452.90514941524,8508.214979803466
2025-05-20 12:00:00,104452.90514941524,106159.97360668449,103853.36554168042,105958.17326069009,7315.553323443737
2025-05-20 16:00:00,105958.17326069009,106159.97360668449,102376.3521650659,102376.3521650659,5243.342199526561
2025-05-20 20:00:00,102376.3521650659,105444.59783075901,102376.3521650659,104562.35872693417,6493.366433950774
2025-05-21 00:00:00,104809.97519654587,104839.91275220826,104432.3259385149,104516.42506909929,8392.057623585435
2025-05-21 04:00:00,104516.42506909929,104715.43200882239,103803.76838366796,104002.60432181632,10362.427499285028
2025-05-21 08:00:00,104002.60432181632,104336.51270955165,103838.20500762308,104264.09133677917,9115.060226802972
2025-05-21 12:00:00,104264.09133677917,104500.64005967193,104218.5415148349,104354.53192428965,8735.931846644553
2025-05-21 16:00:00,104354.53192428965,104592.40923624075,104015.3270665477,104297.13281879436,6791.064652704486
2025-05-21 20:00:00,104297.13281879436,104359.00385870793,104189.7221861597,104263.48616997927,6379.4012829381
2025-05-22 00:00:00,103987.87237555908,104102.94001429554,103951.66385573926,104074.7228814175,5558.033067534199
2025-05-22 04:00:00,104074.7228814175,104163.6439135123,104043.91900615988,104079.00728992796,4199.763117188894
2025-05-22 08:00:00,104079.00728992796,104204.7017531312,104054.60945314857,104091.04433448931,5776.95758782431
2025-05-22 12:00:00,104091.04433448931,104130.24529830673,104077.36487652107,104104.4802880473,9804.718824148962
2025-05-22 16:00:00,104104.4802880473,104722.48152984283,104070.06158957026,104557.9315855557,9737.262084594122
2025-05-22 20:00:00,104557.9315855557,104621.11660873903,104514.65638264718,104542.48901393775,7451.99111333784
2025-05-23 00:00:00,105041.61669042728,105216.84048576024,104802.70166322618,104973.96567682736,10864.149615700699
2025-05-23 04:00:00,104973.96567682736,105071.85141920087,104834.22677983476,104926.20882121222,6216.338384127929
2025-05-23 08:00:00,104926.20882121222,105053.06710802394,104844.2640090244,104957.68709178963,10135.500081705064
2025-05-23 12:00:00,104957.68709178963,105378.89351880836,104882.88544539934,105222.26466725573,8777.555788049112
2025-05-23 16:00:00,105222.26466725573,105361.85970698061,105054.19066023808,105357.11972639685,6120.420080681859
2025-05-23 20:00:00,105357.11972639685,105475.97197853743,105211.27917476365,105423.39747281761,10834.812104552759
2025-05-24 00:00:00,105436.66578530348,105499.9507219745,105176.81049273227,105176.81049273227,20859.58993911068
2025-05-24 04:00:00,105176.81049273227,105452.08943764411,105176.81049273227,105271.03963753908,19679.32306003358
2025-05-24 08:00:00,105271.03963753908,105875.92623391685,103807.31430209742,103807.31430209742,18963.82818401378
2025-05-24 12:00:00,103807.31430209742,104491.38716450498,103807.31430209742,104464.67411234377,7522.045705086114
2025-05-24 16:00:00,104464.67411234377,105115.05603777914,104464.67411234377,104791.90447295897,9651.693770826196
2025-05-24 20:00:00,104791.90447295897,105875.92623391685,104791.90447295897,105809.64781815266,17342.082971496733
2025-05-25 00:00:00,105663.05972702855,106930.74477494149,104991.35070639088,106841.22729946802,11807.333924414288
2025-05-25 04:00:00,106841.22729946802,107618.57560805794,91927.509710408,91927.509710408,7101.720928288132
2025-05-25 08:00:00,91927.509710408,93191.37324064568,80853.14624200332,80853.14624200332,9304.108109670888
2025-05-25 12:00:00,80853.14624200332,91223.5568792629,80853.14624200332,90455.43208184658,9080.246319032545
2025-05-25 16:00:00,90455.43208184658,92472.61118388367,90455.43208184658,92006.20771105652,8295.331813467283
2025-05-25 20:00:00,92006.20771105652,107618.57560805794,92006.20771105652,103816.48376726246,4816.61877518607
2025-05-26 00:00:00,107647.96383774784,108906.08396400319,107194.07100126143,108906.08396400319,11115.487103740377
2025-05-26 04:00:00,108906.08396400319,108906.08396400319,106459.85622930681,107016.79934041045,7391.847487144582
2025-05-26 08:00:00,107016.79934041045,107194.53211238896,106487.58114320706,106552.48996146163,8472.473331743508
2025-05-26 12:00:00,106552.48996146163,107096.03173373626,105649.71448259377,105649.71448259377,15575.318258981973
2025-05-26 16:00:00,105649.71448259377,105716.89952563377,105649.71448259377,105705.73914616034,8798.056780464156
2025-05-26 20:00:00,105705.73914616034,107076.47638570954,105705.73914616034,106374.79500960186,10691.093506128273
2025-05-27 00:00:00,106496.52039246469,106551.06711066347,106228.52991288755,106306.23212139886,4287.397434658365
2025-05-27 04:00:00,106306.23212139886,106646.42230190245,105414.91937510132,105501.65298262505,7001.716653778373
2025-05-27 08:00:00,105501.65298262505,105793.00941748284,105414.91937510132,105768.84595711327,7032.341825375463
2025-05-27 12:00:00,105768.84595711327,106897.30580426402,105606.50676520518,106417.1432009065,3752.8361552948454
2025-05-27 16:00:00,106417.1432009065,106523.26792446978,106139.35605378749,106209.30941324685,5014.798846025456
2025-05-27 20:00:00,106209.30941324685,106388.41685397999,105414.91937510132,105532.60179210895,7277.0538013377045
2025-05-28 00:00:00,105332.19461892483,109016.80606426617,105001.47342057785,109016.80606426617,4689.25607965941
2025-05-28 04:00:00,109016.80606426617,109016.80606426617,106796.59038328328,107351.1763609712,4723.81715438186
2025-05-28 08:00:00,107351.1763609712,107549.5850274583,107295.88604436365,107549.5850274583,4699.18894532693
2025-05-28 12:00:00,107549.5850274583,108099.11894188875,107228.80576535678,108099.11894188875,4586.636090221861
2025-05-28 16:00:00,108099.11894188875,108099.11894188875,105587.70828470697,105946.29974925652,5027.09412853477
2025-05-28 20:00:00,105946.29974925652,106094.60328663101,105881.73079364467,106059.50422331759,6695.010592219385
2025-05-29 00:00:00,105933.03846431397,106017.04131227298,105873.29432545585,105876.16083952076,4341.051974274014
2025-05-29 04:00:00,105876.16083952076,105959.02903877209,105714.97887183,105819.32316654801,4892.580638372648
2025-05-29 08:00:00,105819.32316654801,105886.07690694598,105541.31319352989,105728.47715426926,5544.662194599184
2025-05-29 12:00:00,105728.47715426926,105839.11497140068,105673.93014338738,105714.20132784886,3808.6370927945673
2025-05-29 16:00:00,105714.20132784886,105867.24197413865,105700.65399698964,105797.35712931657,5450.353535052076
2025-05-29 20:00:00,105797.35712931657,105822.50227253817,105538.83715353692,105645.56644085675,4433.496760720476
2025-05-30 00:00:00,104893.5535832124,104951.65084322788,104808.94558263828,104914.83748753028,10328.16294673017
2025-05-30 04:00:00,104914.83748753028,105042.97595302657,104727.70790771233,104761.59109087104,10622.733991604771
2025-05-30 08:00:00,104761.59109087104,104990.80735886258,104394.51233685244,104583.78018371593,9609.471324081249
2025-05-30 12:00:00,104583.78018371593,105096.7977989759,104415.12174681653,104891.51940618934,6120.604538616182
2025-05-30 16:00:00,104891.51940618934,104998.43089252562,104605.74860892275,104628.60973553223,9046.011387170138
2025-05-30 20:00:00,104628.60973553223,104639.66321130327,104370.45723245777,104432.41964824505,5879.488764141009
2025-05-31 00:00:00,103981.06418165726,104028.46814572705,103637.91871034323,103710.81176326345,3570.192215459379
2025-05-31 04:00:00,103710.81176326345,103818.0675110825,103672.09612309808,103796.95868067133,8553.385642536496
2025-05-31 08:00:00,103796.95868067133,103943.1071949979,103680.801955519,103891.73014956785,7380.835256245189
2025-05-31 12:00:00,103891.73014956785,104672.17108373328,103711.4057413644,104339.59666906702,4398.913958898886
2025-05-31 16:00:00,104339.59666906702,104445.58656289676,103986.92483601408,103987.11149008229,4526.284331634626
2025-05-31 20:00:00,103987.11149008229,104070.13465659783,103502.2411388342,103772.13170934119,4181.341799514684
2025-06-01 00:00:00,103965.98099638888,103990.35344161965,103837.39225849218,103986.82872690966,9662.077288163757
2025-06-01 04:00:00,103986.82872690966,104074.67232741555,103511.91970084158,103564.53836377799,13213.610622711336
2025-06-01 08:00:00,103564.53836377799,103643.16753670682,103494.29786734983,103533.21154409726,11961.881562019375
2025-06-01 12:00:00,103533.21154409726,104035.53524849548,102466.72015790372,102664.64489329248,15109.658732977381
2025-06-01 16:00:00,102664.64489329248,102858.64711618234,100648.49737084573,101409.83931185285,21264.46480022803
2025-06-01 20:00:00,101409.83931185285,101546.44065955987,101079.22788988079,101214.4223343428,16726.982460122585
2025-06-02 00:00:00,101057.64936327602,102295.2525800318,101012.898478734,102295.2525800318,10025.466968287461
2025-06-02 04:00:00,102295.2525800318,102386.95369178343,102243.06514505812,102386.95369178343,17592.782370911413
2025-06-02 08:00:00,102386.95369178343,102962.69567463626,102267.58649823649,102962.69567463626,13250.733111934918
2025-06-02 12:00:00,102962.69567463626,103576.28070573798,102640.50946062572,103576.28070573798,11513.415936131458
2025-06-02 16:00:00,103576.28070573798,103576.28070573798,103219.86242874598,103241.03510951545,13870.458802668874
2025-06-02 20:00:00,103241.03510951545,103241.03510951545,101633.90347993649,101876.17739225784,7703.985034180151
2025-06-03 00:00:00,101888.11030014293,101980.49133763056,101654.68710581984,101777.95756067154,6573.7775971773335
2025-06-03 04:00:00,101777.95756067154,101821.3623071739,101620.42760364615,101677.82276372125,4626.135968614987
2025-06-03 08:00:00,101677.82276372125,101760.70249112039,101675.15299557925,101722.66767607171,6167.004944369903
2025-06-03 12:00:00,101722.66767607171,101731.43367743865,101637.1027072296,101676.94538953796,7812.140068183069
2025-06-03 16:00:00,101676.94538953796,101772.87580369055,101383.45467129744,101577.04317197867,8254.585842266466
2025-06-03 20:00:00,101577.04317197867,101659.78905345545,101473.67677225158,101516.8571579749,7893.609803581222
2025-06-04 00:00:00,101547.58324612571,101756.76095544583,97253.0951403525,97253.0951403525,13581.559766932678
2025-06-04 04:00:00,97253.0951403525,103010.75531776414,97253.0951403525,103010.75531776414,12209.386896355045
2025-06-04 08:00:00,103010.75531776414,103010.75531776414,99467.50607531428,99467.50607531428,7062.921420035187
2025-06-04 12:00:00,99467.50607531428,103730.28438816596,99467.50607531428,103730.28438816596,13185.585221898275
2025-06-04 16:00:00,103730.28438816596,103730.28438816596,99991.12326077391,100839.40747304328,8358.235527111758
2025-06-04 20:00:00,100839.40747304328,101475.15683783693,99585.7858620962,99585.7858620962,14654.954049811035
2025-06-05 00:00:00,99736.50666904563,99773.50998871696,99615.33797681483,99615.33797681483,11562.723892001786
2025-06-05 04:00:00,99615.33797681483,99693.80202819826,99600.0106595246,99600.0106595246,9669.402312704187
2025-06-05 08:00:00,99600.0106595246,99604.91681343842,99599.56164827796,99599.56164827796,6672.72398784268
2025-06-05 12:00:00,99599.56164827796,99616.09041388052,99558.47794320835,99558.47794320835,10252.85941461703
2025-06-05 16:00:00,99558.47794320835,100276.09194896248,99558.47794320835,100024.34712596607,7884.382339034726
2025-06-05 20:00:00,100024.34712596607,100272.86272840016,99918.3328646741,100133.12607880836,11290.658668431874
2025-06-06 00:00:00,100305.1514526994,100387.23527940082,100026.02543930587,100087.22225762835,9597.581375021344
2025-06-06 04:00:00,100087.22225762835,100737.05954024354,100057.60697102871,100584.84224851627,12660.896215759927
2025-06-06 08:00:00,100584.84224851627,100741.19896816833,100053.20614424188,100115.44653084484,12643.345529683103
2025-06-06 12:00:00,100115.44653084484,100339.88743750178,99971.43343620688,100230.37250820096,11160.271657554325
2025-06-06 16:00:00,100230.37250820096,100308.85584457614,100109.33177291534,100134.80919735682,7799.139213129236
2025-06-06 20:00:00,100134.80919735682,100166.06507195259,100077.03446779544,100123.71673587232,6835.494823192344
2025-06-07 00:00:00,100013.25938776729,101502.33519784386,99566.54258547441,101502.33519784386,7434.637575211308
2025-06-07 04:00:00,101502.33519784386,101887.57798841129,101393.97658370968,101887.57798841129,9739.717517778652
2025-06-07 08:00:00,101887.57798841129,101887.57798841129,101566.68032655971,101706.70043585915,9708.68758966668
2025-06-07 12:00:00,101706.70043585915,101753.63956072103,101670.69102208664,101753.63956072103,7561.615267938508
2025-06-07 16:00:00,101753.63956072103,101753.63956072103,101246.59767151398,101365.022936144,6821.408578387799
2025-06-07 20:00:00,101365.022936144,101365.022936144,100879.87920974786,101011.3372794736,8291.026085186824
2025-06-08 00:00:00,100897.4129603224,100909.21699782404,100808.39207507795,100812.05973722375,9971.87334309274
2025-06-08 04:00:00,100812.05973722375,100917.09177021033,100797.32452323892,100842.58015891026,8626.271002270407
2025-06-08 08:00:00,100842.58015891026,100895.45726644098,100806.71933068449,100857.4674115158,4108.688864303973
2025-06-08 12:00:00,100857.4674115158,101011.8970635427,100655.69628885822,100909.21278814605,10092.939573081132
2025-06-08 16:00:00,100909.21278814605,100995.44476750611,100870.95967860072,100953.71537327435,7943.60529024911
2025-06-08 20:00:00,100953.71537327435,101173.51695481848,100897.22488366811,100985.71250502014,9995.64310173871
2025-06-09 00:00:00,101287.47071245263,101438.26210948905,100958.46103392473,101081.00739524169,7663.41704699265
2025-06-09 04:00:00,101081.00739524169,101277.11001319783,100534.77317057594,100701.84327703169,4806.741171941664
2025-06-09 08:00:00,100701.84327703169,100922.88006400799,100226.74511119923,100235.88686331076,6187.166419214787
2025-06-09 12:00:00,100235.88686331076,100291.65706397101,100158.27361295396,100206.55462776823,7934.342659398636
2025-06-09 16:00:00,100206.55462776823,100494.45657453944,100062.73814375653,100462.82946070394,4578.052937629509
2025-06-09 20:00:00,100462.82946070394,100618.74160073018,99994.06190642435,100093.76248159498,5518.001278766077
2025-06-10 00:00:00,99695.40177924743,99827.3120756331,99378.03366767561,99827.3120756331,9367.018473245495
2025-06-10 04:00:00,99827.3120756331,99827.3120756331,99401.84740730649,99708.94226184877,9635.700719370036
2025-06-10 08:00:00,99708.94226184877,99765.7218428339,99090.70023249794,99151.34022694052,9374.020682518076
2025-06-10 12:00:00,99151.34022694052,99213.70575531764,98877.55347545087,98877.55347545087,4689.5219415462725
2025-06-10 16:00:00,98877.55347545087,98926.97498083877,98812.47717479308,98812.47717479308,5845.898560715588
2025-06-10 20:00:00,98812.47717479308,99310.84340322157,98812.47717479308,99155.24032993907,10488.115374638723
2025-06-11 00:00:00,99025.45694387383,99198.07137118327,98821.37405283623,98928.21059566368,22149.951178821906
2025-06-11 04:00:00,98928.21059566368,98972.2744743585,98902.62969259422,98930.79140053349,26786.230437466584
2025-06-11 08:00:00,98930.79140053349,99201.78617479278,98878.35124635269,99112.88291521923,19403.5603862067
2025-06-11 12:00:00,99112.88291521923,99274.30011496543,98767.40834899826,99259.50709082019,15777.296508505795
2025-06-11 16:00:00,99259.50709082019,99972.76554453684,99131.98996126051,99760.58673308372,20616.03223041294
2025-06-11 20:00:00,99760.58673308372,99868.07459972026,99751.44041417637,99786.2739330403,11319.282791010508
2025-06-12 00:00:00,99655.26026406008,99825.82683319323,99518.62459596123,99682.0554902682,14400.998286489936
2025-06-12 04:00:00,99682.0554902682,99763.68120984056,99600.8046331106,99684.59959031094,6111.327761431843
2025-06-12 08:00:00,99684.59959031094,99814.25013362925,99553.48588223253,99555.39421242113,7153.909333166662
2025-06-12 12:00:00,99555.39421242113,99563.94221287497,99416.3886850129,99483.68542758173,5577.452550054437
2025-06-12 16:00:00,99483.68542758173,99668.56939666053,99142.55707983662,99156.17175396217,9441.483051200063
2025-06-12 20:00:00,99156.17175396217,99269.65664100958,99068.88442826382,99254.07174573117,15849.339578697134
2025-06-13 00:00:00,98649.02618236128,98938.8210384895,98538.13799356483,98892.49451858594,15325.882623724572
2025-06-13 04:00:00,98892.49451858594,99046.74066237248,98767.08711921351,99046.74066237248,13382.105692953415
2025-06-13 08:00:00,99046.74066237248,99046.74066237248,98959.09577973241,98991.23689607902,6809.50851856355
2025-06-13 12:00:00,98991.23689607902,99003.2623226524,98932.83582928203,99003.2623226524,6870.257151034436
2025-06-13 16:00:00,99003.2623226524,99130.30156425593,98828.44930061791,99130.30156425593,6611.13628079467
2025-06-13 20:00:00,99130.30156425593,99130.30156425593,98816.82509247126,98915.41793398974,7405.489480745332
2025-06-14 00:00:00,98654.30295305369,98714.60577901521,98533.25031729403,98592.80512657313,6218.670430460948
2025-06-14 04:00:00,98592.80512657313,98667.75936747102,98547.03588921216,98618.94587684245,7365.665471509419
2025-06-14 08:00:00,98618.94587684245,98683.36846808514,98533.25031729403,98602.46023293407,6412.547207722082
2025-06-14 12:00:00,98602.46023293407,98714.60577901521,98592.00902958782,98654.58905279798,4820.210305981226
2025-06-14 16:00:00,98654.58905279798,98714.60577901521,98554.90689290606,98675.86419129874,2933.3733772528094
2025-06-14 20:00:00,98675.86419129874,98701.74533126148,98656.95017747888,98691.51569559878,5175.1854547307685
2025-06-15 00:00:00,98723.261101247,98750.8786765321,98664.4101107309,98749.16296336136,4839.430048911782
2025-06-15 04:00:00,98749.16296336136,98839.04237569864,98655.98286229899,98830.98942387098,3615.643349716457
2025-06-15 08:00:00,98830.98942387098,98942.41476346487,98588.43831344493,98764.13762063105,8302.628732869744
2025-06-15 12:00:00,98764.13762063105,98796.4047237881,98689.28685146873,98748.65926056294,7213.937091563438
2025-06-15 16:00:00,98748.65926056294,99087.63659304463,98488.9502887939,98571.39506916095,3111.604302437786
2025-06-15 20:00:00,98571.39506916095,98615.41097017654,98308.84806698823,98517.58755823656,3121.9044082126925
2025-06-16 00:00:00,98516.94299816385,98849.1534324497,97011.43516345127,97276.91676652986,12866.359125637011
2025-06-16 04:00:00,97276.91676652986,97623.54943345556,96922.06747254678,97479.23674628293,6124.684667843885
2025-06-16 08:00:00,97479.23674628293,97623.49402158776,97444.33288296977,97570.08648552638,11854.700234180238
2025-06-16 12:00:00,97570.08648552638,97883.65181395457,96542.83564644949,96717.6743825189,8981.927628138928
2025-06-16 16:00:00,96717.6743825189,96795.69357466085,96451.42426557386,96451.42426557386,10888.845503539045
2025-06-16 20:00:00,96451.42426557386,96960.82741213392,96451.42426557386,96775.79972069942,13922.772926466087
2025-06-17 00:00:00,97089.70670682457,97564.74336523701,96913.56507961647,97401.94196443583,4591.751286487628
2025-06-17 04:00:00,97401.94196443583,97647.44373198881,97308.39485724898,97451.15620124566,3583.312150825096
2025-06-17 08:00:00,97451.15620124566,97500.41080925372,97333.58550812218,97464.77623980386,7164.420210329021
2025-06-17 12:00:00,97464.77623980386,97541.72246447905,97049.54923559242,97179.99976533951,3236.8887738358185
2025-06-17 16:00:00,97179.99976533951,97296.81946260825,96828.89588509011,96985.99688490748,5981.403083779776
2025-06-17 20:00:00,96985.99688490748,97088.71928387193,96763.60484129118,96836.49440235298,7175.3043622322775
2025-06-18 00:00:00,97195.27716676521,97270.04140027697,96973.9270788016,96996.04367487226,11001.00385098088
2025-06-18 04:00:00,96996.04367487226,97097.81479539735,96437.86451772184,96565.14325907899,8089.070989234877
2025-06-18 08:00:00,96565.14325907899,96672.95377218297,95327.52065464601,95768.94991267094,12565.316013697126
2025-06-18 12:00:00,95768.94991267094,96446.68532806323,95371.16073417732,96142.35574156548,6708.4676017525435
2025-06-18 16:00:00,96142.35574156548,96378.88017810707,95240.6130595482,95689.60807638828,11841.181406139332
2025-06-18 20:00:00,95689.60807638828,96228.64923661694,94741.71871282815,94808.7410175667,12401.135304063706
2025-06-19 00:00:00,95135.68527629485,95149.92852556273,95108.8197024908,95112.84396258486,3866.376593140327
2025-06-19 04:00:00,95112.84396258486,95143.43946956,95093.29905265413,95100.57012132107,5113.5997734501925
2025-06-19 08:00:00,95100.57012132107,95132.7476687666,94817.85770034799,94898.80243356725,3867.1913529772014
2025-06-19 12:00:00,94898.80243356725,94942.11420222075,94780.3179381145,94852.49993437876,4864.273270821281
2025-06-19 16:00:00,94852.49993437876,94859.85612878502,94724.99640827974,94825.01149773746,6714.288842690775
2025-06-19 20:00:00,94825.01149773746,95045.45326929126,94746.37776034109,94999.44370146182,8248.534124515938
2025-06-20 00:00:00,94912.20911979402,95243.63944142037,94815.2312840043,95085.17150873915,24567.391959115208
2025-06-20 04:00:00,95085.17150873915,95458.87917527345,94939.58346779936,95436.27463125666,25416.25813345654
2025-06-20 08:00:00,95436.27463125666,95440.97957587485,95082.28950106427,95244.14316364698,11599.607999621392
2025-06-20 12:00:00,95244.14316364698,95445.65904906168,95074.6632480447,95331.82184249595,17992.374298207676
2025-06-20 16:00:00,95331.82184249595,95604.81753814596,95295.00315066079,95575.21645564519,14264.764443806718
2025-06-20 20:00:00,95575.21645564519,96392.68155124516,95292.93377413017,96112.39113504192,24546.484497141995
2025-06-21 00:00:00,95938.59820908202,96535.57184826481,95801.76945646494,96535.57184826481,14444.288856718236
2025-06-21 04:00:00,96535.57184826481,96535.57184826481,93072.3905204472,93072.3905204472,10391.168856555993
2025-06-21 08:00:00,93072.3905204472,96225.61094928451,93072.3905204472,96225.61094928451,10520.05568339189
2025-06-21 12:00:00,96225.61094928451,96225.61094928451,92509.18025800404,92509.18025800404,8505.490472993677
2025-06-21 16:00:00,92509.18025800404,93184.09454012482,92509.18025800404,93029.36023113139,12264.345620529972
2025-06-21 20:00:00,93029.36023113139,95407.02848235375,93029.36023113139,94839.42309399722,9356.81191149757
2025-06-22 00:00:00,94983.54396231842,95181.23506150776,94448.99295534297,94547.60764973484,7026.147298137168
2025-06-22 04:00:00,94547.60764973484,94861.941771027,94545.71614064595,94694.37245332247,6139.270921550525
2025-06-22 08:00:00,94694.37245332247,94829.06212865912,94509.99617605658,94794.3771703654,2949.155262639739
2025-06-22 12:00:00,94794.3771703654,95341.41213025397,94474.93944498443,94992.5704517509,8269.155357580432
2025-06-22 16:00:00,94992.5704517509,95693.12299300614,94938.02850828084,95383.67812306428,3311.351842912515
2025-06-22 20:00:00,95383.67812306428,95706.61481909138,95236.84324447886,95696.6351980685,5396.970670624758
2025-06-23 00:00:00,95179.76336301485,96633.00913471461,94880.18467980756,96159.4482978965,24558.665590326313
2025-06-23 04:00:00,96159.4482978965,97527.58799051815,95924.38260702766,97340.0096211483,11599.209866069847
2025-06-23 08:00:00,97340.0096211483,99191.1943609294,97304.53210546997,99191.1943609294,8611.691363770922
2025-06-23 12:00:00,99191.1943609294,99495.60341124248,99147.6627582035,99495.60341124248,14450.58707488699
2025-06-23 16:00:00,99495.60341124248,99626.14341991997,99443.89604961597,99626.14341991997,20778.15494953457
2025-06-23 20:00:00,99626.14341991997,99626.14341991997,98018.4393103802,98618.50002656937,16262.462349159428
2025-06-24 00:00:00,98912.52294388824,105200.33965481611,98555.42329245128,105200.33965481611,12514.389825587721
2025-06-24 04:00:00,105200.33965481611,106548.4635721693,104784.6016989758,106548.4635721693,17188.65861666962
2025-06-24 08:00:00,106548.4635721693,106548.4635721693,101385.72007796027,102930.01367560768,8479.02870593253
2025-06-24 12:00:00,102930.01367560768,104980.1897115378,102112.75536335532,104980.1897115378,14040.703811264135
2025-06-24 16:00:00,104980.1897115378,104980.1897115378,101369.43920685817,101493.54709776987,11255.31170560618
2025-06-24 20:00:00,101493.54709776987,101493.54709776987,96129.80583256586,96129.80583256586,17351.467867294916
2025-06-25 00:00:00,96608.60815750163,96814.50282821544,96545.14178268934,96768.85117798708,17528.30348227438
2025-06-25 04:00:00,96768.85117798708,96834.20994376899,96609.66206397595,96799.17436286862,30160.20447169966
2025-06-25 08:00:00,96799.17436286862,96834.20994376899,96655.07241612829,96719.70818262015,31312.378469175856
2025-06-25 12:00:00,96719.70818262015,96884.91857867964,96583.5484576261,96884.91857867964,30876.827484300415
2025-06-25 16:00:00,96884.91857867964,96884.91857867964,96766.18795309072,96829.88550423045,23513.45627551468
2025-06-25 20:00:00,96829.88550423045,96834.20994376899,96763.9307419951,96787.08997605492,11759.064085715749
2025-06-26 00:00:00,96316.31610780155,96609.35134797807,96255.43064264303,96577.2873972509,5623.658098683139
2025-06-26 04:00:00,96577.2873972509,97558.94516800526,96453.12611448692,97411.52883339433,4630.748368364227
2025-06-26 08:00:00,97411.52883339433,97438.60484633424,97187.0510737233,97210.58946511017,7997.981782281946
2025-06-26 12:00:00,97210.58946511017,97237.44612101933,97210.35394424792,97236.17090115159,7821.595579864891
2025-06-26 16:00:00,97236.17090115159,97284.96970319645,96764.50098323403,96957.12858436526,7041.366149927813
2025-06-26 20:00:00,96957.12858436526,97176.10911727471,96857.3026950845,97157.64489192124,4319.374520803645
2025-06-27 00:00:00,97065.29905861198,97686.73327048632,96994.90652921087,97562.39316372598,9786.420066941952
2025-06-27 04:00:00,97562.39316372598,97686.73327048632,97048.64185156117,97233.32442014008,11504.11902555724
2025-06-27 08:00:00,97233.32442014008,97686.73327048632,95748.35665891953,95779.052049919,7199.378142558458
2025-06-27 12:00:00,95779.052049919,96146.84747686569,95509.33415509792,96041.57947160988,7959.562809468605
2025-06-27 16:00:00,96041.57947160988,96145.72284288073,95543.83416832803,95669.78537538159,6545.778286637421
2025-06-27 20:00:00,95669.78537538159,95714.02160958467,95302.54498180457,95373.87781479761,17219.99954902444
2025-06-28 00:00:00,95951.45907823463,96523.78200416519,95789.10159858341,96306.46420429963,17006.776839429724
2025-06-28 04:00:00,96306.46420429963,96516.67648173275,95656.0500764442,95680.91055055769,8270.997447137363
2025-06-28 08:00:00,95680.91055055769,95998.39748646559,95342.76276812311,95371.50446098561,17964.66669199791
2025-06-28 12:00:00,95371.50446098561,96134.59850019503,95275.92244586111,95876.23571791932,22118.759705923876
2025-06-28 16:00:00,95876.23571791932,96589.52379795468,95703.27349645483,96133.42250964156,14486.21683005528
2025-06-28 20:00:00,96133.42250964156,96695.70546463454,96082.50925163804,96577.75417205294,11550.85138452642
2025-06-29 00:00:00,96455.97389871404,96587.96873007389,96441.7952956941,96528.57428020988,7806.45089468795
2025-06-29 04:00:00,96528.57428020988,97250.75443338457,96242.23613540239,96982.67321029605,6426.920926926401
2025-06-29 08:00:00,96982.67321029605,97040.75146240879,96900.83750252609,96983.55012783915,6867.444582770539
2025-06-29 12:00:00,96983.55012783915,97016.91960671695,96968.17586335535,96980.48086191807,9073.454775525151
2025-06-29 16:00:00,96980.48086191807,96995.60418441678,96857.95571161645,96885.16357560563,9865.474829897481
2025-06-29 20:00:00,96885.16357560563,97055.94438307305,96226.90435768088,96359.26186617618,7310.7283250344435
2025-06-30 00:00:00,96604.48428044874,96748.52456578359,96573.51687155479,96651.0951770532,8957.910012273956
2025-06-30 04:00:00,96651.0951770532,96680.95373609474,96387.16973945989,96498.38340314265,7414.156136945448
2025-06-30 08:00:00,96498.38340314265,96852.95446308856,95541.76206728918,95842.77397451464,4655.256803598593
2025-06-30 12:00:00,95842.77397451464,95855.05453421481,95348.98181990311,95467.16651282969,8196.217794616647
2025-06-30 16:00:00,95467.16651282969,95479.17113164853,95199.3812080451,95339.72355719727,8590.918949216
2025-06-30 20:00:00,95339.72355719727,96319.25260263305,95133.37466033692,96013.19198578318,3163.6345777921806
2025-07-01 00:00:00,96399.55225686065,96407.05223105689,96393.76928731725,96401.56365004198,3103.2368720398817
2025-07-01 04:00:00,96401.56365004198,96416.59068368949,96401.24973443738,96410.68008994986,5020.617570075001
2025-07-01 08:00:00,96410.68008994986,96455.65781924452,96343.50725698151,96420.01387314993,4650.02580225936
2025-07-01 12:00:00,96420.01387314993,96487.18650597493,96408.0627821273,96420.0929161789,4057.4660190097848
2025-07-01 16:00:00,96420.0929161789,96521.0108115561,96316.11819063424,96420.78278934801,7465.168799076242
2025-07-01 20:00:00,96420.78278934801,96446.40620077896,96400.49361207875,96425.22518898554,5327.123756727887
2025-07-02 00:00:00,95901.74462144163,96244.52659510718,95776.29259395564,96110.21511579488,7814.095868542573
2025-07-02 04:00:00,96110.21511579488,96289.86657662624,94864.56143222774,94864.56143222774,7804.561737264772
2025-07-02 08:00:00,94864.56143222774,95768.19845113275,94864.56143222774,95568.27250745332,8294.696140449054
2025-07-02 12:00:00,95568.27250745332,96289.86657662624,95568.27250745332,96203.74009833243,7545.9178816092035
2025-07-02 16:00:00,96203.74009833243,96252.58018700537,96184.86074073035,96228.52705663606,3937.602909197251
2025-07-02 20:00:00,96228.52705663606,96275.71570155626,96174.79409937715,96209.76833838379,7327.3957170500535
2025-07-03 00:00:00,96275.16887920973,96288.5365148676,96243.850062303,96246.32673207675,9083.774366196429
2025-07-03 04:00:00,96246.32673207675,96321.34012173397,95191.43431767356,95488.23124469304,8564.834472983477
2025-07-03 08:00:00,95488.23124469304,96020.22069723142,95289.05978043578,95893.45025204257,5982.774885587147
2025-07-03 12:00:00,95893.45025204257,95998.8373034157,95191.51513823686,95363.68992132583,5389.505919753865
2025-07-03 16:00:00,95363.68992132583,95549.20946638039,95336.96197407568,95489.34395819715,13120.46971825921
2025-07-03 20:00:00,95489.34395819715,95540.33079999874,94847.01344183626,94874.67661456106,14663.670907759972
2025-07-04 00:00:00,95232.232615745,95733.3055982963,94149.26386194656,94494.90975461449,10241.24624556104
2025-07-04 04:00:00,94494.90975461449,96368.15199621268,93988.29309050218,96368.15199621268,7130.253181331617
2025-07-04 08:00:00,96368.15199621268,96368.15199621268,96188.7701502206,96316.02531503445,5865.462813709245
2025-07-04 12:00:00,96316.02531503445,96316.02531503445,96117.17839598184,96210.40267485548,8177.613741844536
2025-07-04 16:00:00,96210.40267485548,96210.40267485548,95219.84626948545,95598.45478719132,8758.69946882285
2025-07-04 20:00:00,95598.45478719132,95771.8180453506,94125.84631653986,94581.3636097929,10485.034174169077
2025-07-05 00:00:00,94704.34675807544,94844.6709782854,94628.91379416212,94766.38036029242,13265.453272363042
2025-07-05 04:00:00,94766.38036029242,94922.8621141562,94467.62941208654,94491.06012506747,9146.447180555764
2025-07-05 08:00:00,94491.06012506747,94813.7267267402,94375.00121031568,94716.34675530596,16678.860065483495
2025-07-05 12:00:00,94716.34675530596,94822.31838006171,94607.22122997351,94626.01510668155,11580.062058226045
2025-07-05 16:00:00,94626.01510668155,94742.41672732879,94243.62745704516,94255.44834813378,8503.853852733117
2025-07-05 20:00:00,94255.44834813378,94303.61252407302,94203.48872461816,94256.99103462686,7627.166326435239
2025-07-06 00:00:00,94344.88515559435,94867.78755664921,93243.92132944906,93243.92132944906,6160.926685166029
2025-07-06 04:00:00,93243.92132944906,93908.81441293772,93243.92132944906,93777.43970598924,8696.516601206262
2025-07-06 08:00:00,93777.43970598924,94109.93873299932,93105.48629660887,93105.48629660887,4707.08006570997
2025-07-06 12:00:00,93105.48629660887,94046.72071883042,93105.48629660887,93947.17761810735,8185.120502611939
2025-07-06 16:00:00,93947.17761810735,95054.01205517698,93916.28780284274,95054.01205517698,4431.948831745492
2025-07-06 20:00:00,95054.01205517698,95054.01205517698,93462.69290256599,93843.25785844197,7969.4143115418365
2025-07-07 00:00:00,94071.20191775575,94104.32963829735,93788.80069319847,93878.94866206532,3341.967906317017
2025-07-07 04:00:00,93878.94866206532,93962.09993680633,93696.93390298249,93734.01842147323,5673.53188868133
2025-07-07 08:00:00,93734.01842147323,93829.86276087837,93474.10119399417,93521.07390390187,6974.813191615397
2025-07-07 12:00:00,93521.07390390187,93666.12548617728,93432.82385224667,93656.69443926922,4023.731799936446
2025-07-07 16:00:00,93656.69443926922,93732.12419430687,93548.1775885723,93602.07467785802,3171.605706207502
2025-07-07 20:00:00,93602.07467785802,93750.11125957826,93503.4875241302,93513.49737962519,6219.042064912555
2025-07-08 00:00:00,92975.65941023026,93057.69312505447,92974.17971590957,93010.43970045004,10981.119273694218
2025-07-08 04:00:00,93010.43970045004,93074.67130837013,92988.76825338813,93030.09590682983,7461.440679771483
2025-07-08 08:00:00,93030.09590682983,93057.77322413519,93019.20591664198,93021.90272434488,9295.86407075697
2025-07-08 12:00:00,93021.90272434488,93073.87933565518,93003.53311935459,93057.12059112689,11909.665744779006
2025-07-08 16:00:00,93057.12059112689,93167.93709440724,93009.66457194817,93137.15132262175,7857.73828332546
2025-07-08 20:00:00,93137.15132262175,93387.7934712169,93084.3958550546,93274.31339129525,4837.699180325524
2025-07-09 00:00:00,93331.26686764046,93462.41010131955,93284.84373153187,93379.85325843038,8622.43966853761
2025-07-09 04:00:00,93379.85325843038,93395.82596997642,93152.93307904266,93300.90500075133,7067.235537058758
2025-07-09 08:00:00,93300.90500075133,93504.36810236138,93021.79331871684,93326.47000024578,4533.424638703173
2025-07-09 12:00:00,93326.47000024578,93407.14551903188,93197.62908620073,93224.25019431149,7384.075846639615
2025-07-09 16:00:00,93224.25019431149,93264.58369453112,93163.91236857776,93251.2384407624,9950.194529066823
2025-07-09 20:00:00,93251.2384407624,93267.56382046048,93217.76318304289,93267.31175800775,5127.361551092609
2025-07-10 00:00:00,93498.84544694146,96018.59597048174,92557.43107082715,96018.59597048174,18299.14951539251
2025-07-10 04:00:00,96018.59597048174,96018.59597048174,90992.50479774734,92542.09300030093,15357.13237605666
2025-07-10 08:00:00,92542.09300030093,92639.16402428281,89687.76348866761,89687.76348866761,11062.444952701264
2025-07-10 12:00:00,89687.76348866761,93503.80928751543,89687.76348866761,92465.85912612331,16583.57915890838
2025-07-10 16:00:00,92465.85912612331,92467.53562695159,90975.24179075424,91376.57411792633,13112.29228021543
2025-07-10 20:00:00,91376.57411792633,91761.70004071468,89906.33151158113,90143.17476710198,18417.41627451882
2025-07-11 00:00:00,90175.89721069267,90230.43850802259,90163.94718012262,90208.15606248309,11713.333245757758
2025-07-11 04:00:00,90208.15606248309,90224.38784229032,90014.23329229327,90101.85376881152,13209.029587951492
2025-07-11 08:00:00,90101.85376881152,90215.27007167017,89637.25037256443,89767.79938246714,11620.769688043714
2025-07-11 12:00:00,89767.79938246714,89818.10523906983,89627.70642802858,89663.50300678916,8845.355783625637
2025-07-11 16:00:00,89663.50300678916,89744.25018888245,89297.76030987238,89409.52578255758,13938.828762982139
2025-07-11 20:00:00,89409.52578255758,89644.12216099807,88780.00616045744,88945.48141269293,13841.162421131914
2025-07-12 00:00:00,88733.56372087882,88822.95501984032,88051.13718053035,88073.13445283279,6196.018587751726
2025-07-12 04:00:00,88073.13445283279,88783.0030354193,87868.25834783948,88493.26855070454,12871.334956545461
2025-07-12 08:00:00,88493.26855070454,89134.31393952471,88345.11538065295,89040.66516359753,5688.557092268572
2025-07-12 12:00:00,89040.66516359753,89448.29908014713,88219.17640214959,88400.44305503981,13911.281647376478
2025-07-12 16:00:00,88400.44305503981,88586.77864883699,87560.9071216243,87851.2552113161,5177.896017391607
2025-07-12 20:00:00,87851.2552113161,88129.80286279375,87090.52208479088,87325.3478125387,13583.529203280292
2025-07-13 00:00:00,87380.23864351866,87458.59169515605,86988.52714267535,87001.37223070292,6489.106887427232
2025-07-13 04:00:00,87001.37223070292,87231.70964967945,86801.43098201945,86801.43098201945,7827.003543080096
2025-07-13 08:00:00,86801.43098201945,86996.96930320155,86801.43098201945,86949.569868349,3661.156244647972
2025-07-13 12:00:00,86949.569868349,87002.40549471496,86949.569868349,86986.94975945582,8063.471938753984
2025-07-13 16:00:00,86986.94975945582,87322.55078117158,86986.94975945582,87253.79150012648,5741.591706388442
2025-07-13 20:00:00,87253.79150012648,87391.50751461709,87198.4465842917,87248.80038168275,9334.223088300758
2025-07-14 00:00:00,87036.50552487788,87060.79410205336,86990.61830697098,87036.94570340542,5699.28409595208
2025-07-14 04:00:00,87036.94570340542,87060.79410205336,86990.61830697098,87041.93493917694,9030.219640163783
2025-07-14 08:00:00,87041.93493917694,87050.23336981708,87007.42007985266,87043.22315470093,4322.351673733861
2025-07-14 12:00:00,87043.22315470093,87060.79410205336,87004.41201793792,87019.90360495844,4272.784580257027
2025-07-14 16:00:00,87019.90360495844,87060.79410205336,86990.61830697098,87030.77142976451,6194.38149218165
2025-07-14 20:00:00,87030.77142976451,87049.51293031273,86992.67078830586,87015.32459611917,8861.968056809324
2025-07-15 00:00:00,87016.71685723924,87489.2057090083,86965.06087133085,87444.43502869274,10916.808491301013
2025-07-15 04:00:00,87444.43502869274,87497.68842947413,87026.07176556208,87046.09320573785,5291.666875217487
2025-07-15 08:00:00,87046.09320573785,87536.35480862638,86864.56270494472,87332.62415246437,9938.62999010105
2025-07-15 12:00:00,87332.62415246437,87386.7568810552,86535.29464210586,86659.90585939144,5575.145842432857
2025-07-15 16:00:00,86659.90585939144,87115.0350691406,85938.09011771598,85938.09011771598,4866.379662962964
2025-07-15 20:00:00,85938.09011771598,86732.79462909608,85938.09011771598,86622.1334684698,6204.812186108691
2025-07-16 00:00:00,86546.4719495177,86713.29914794929,85637.09612335195,85810.83693812635,7226.924872377068
2025-07-16 04:00:00,85810.83693812635,86713.29914794929,85637.09612335195,86680.75383255289,5589.149952252049
2025-07-16 08:00:00,86680.75383255289,86713.29914794929,84867.7198074819,84867.7198074819,7983.4450564895415
2025-07-16 12:00:00,84867.7198074819,86065.71637551067,84867.7198074819,85656.15103194374,9590.388330172953
2025-07-16 16:00:00,85656.15103194374,86713.29914794929,85637.09612335195,86583.23158728525,9026.645243903811
2025-07-16 20:00:00,86583.23158728525,86713.29914794929,85637.09612335195,85695.36388088536,6467.61040011352
2025-07-17 00:00:00,85708.63008829285,85861.61598484016,85625.36247711345,85706.47634971519,15751.510264155746
2025-07-17 04:00:00,85706.47634971519,85908.53408750097,85670.96942444293,85799.50354383979,14981.024417337378
2025-07-17 08:00:00,85799.50354383979,85827.31847528598,84652.94646697822,84652.94646697822,12228.378436104766
2025-07-17 12:00:00,84652.94646697822,85337.22377640824,84652.94646697822,85280.01687123717,15556.659325524992
2025-07-17 16:00:00,85280.01687123717,86483.43542914197,85221.45612449503,86170.60692146128,11923.063892023109
2025-07-17 20:00:00,86170.60692146128,86233.70934595437,86123.2719140368,86180.30899211911,5956.421675286905
2025-07-18 00:00:00,86617.93467075133,87340.1619121259,86253.57359860482,87340.1619121259,5944.898853764973
2025-07-18 04:00:00,87340.1619121259,87340.1619121259,86793.18285763732,87036.82934757962,8390.428126344246
2025-07-18 08:00:00,87036.82934757962,87036.82934757962,86549.86158953389,86704.8835962046,5783.764530929341
2025-07-18 12:00:00,86704.8835962046,86763.26505727899,86560.75385419399,86651.26838307749,7797.160141402268
2025-07-18 16:00:00,86651.26838307749,86738.30968745782,86081.17500660602,86245.62047446892,8243.843533147627
2025-07-18 20:00:00,86245.62047446892,86406.074993713,85851.9072120675,86088.46352676787,7541.611282812816
2025-07-19 00:00:00,85601.94029720487,85860.39458588103,80318.94289701372,80318.94289701372,20698.106443347504
2025-07-19 04:00:00,80318.94289701372,80735.49301318123,76560.14549746763,76560.14549746763,8418.210025745515
2025-07-19 08:00:00,76560.14549746763,76909.86682262548,59280.6351675335,59280.6351675335,12363.726623070863
2025-07-19 12:00:00,59280.6351675335,70211.75189667207,59280.6351675335,69768.96159555709,9530.06839384302
2025-07-19 16:00:00,69768.96159555709,86642.53287578595,69768.96159555709,86182.58922803498,8902.447431797871
2025-07-19 20:00:00,86182.58922803498,86642.53287578595,80061.77642970388,80061.77642970388,18782.180594997568
2025-07-20 00:00:00,85951.01839379985,85999.1541764073,85653.74504736123,85653.74504736123,4695.06932941264
2025-07-20 04:00:00,85653.74504736123,85798.65539003735,85653.74504736123,85729.24880992432,9587.59567158974
2025-07-20 08:00:00,85729.24880992432,85984.22770668891,85137.51942240102,85137.51942240102,9000.152250886174
2025-07-20 12:00:00,85137.51942240102,85517.4722768266,84202.3656059099,84202.3656059099,10233.192794426603
2025-07-20 16:00:00,84202.3656059099,86246.02720650019,84202.3656059099,85553.49493061684,9580.26417978355
2025-07-20 20:00:00,85553.49493061684,86647.25766077073,85553.49493061684,86575.85255096426,5895.205662763196
2025-07-21 00:00:00,86508.20955311871,86817.03137872175,86289.17359402648,86590.57461885903,18588.570403870017
2025-07-21 04:00:00,86590.57461885903,87267.29884506016,86445.94638623371,87148.92323006429,14707.81394141005
2025-07-21 08:00:00,87148.92323006429,87616.99613029665,87068.16607537282,87616.99613029665,9772.85235848214
2025-07-21 12:00:00,87616.99613029665,87774.5205071839,87541.45160193904,87774.5205071839,18055.32419847149
2025-07-21 16:00:00,87774.5205071839,87774.5205071839,87502.49290839014,87526.3009946549,20372.590854616312
2025-07-21 20:00:00,87526.3009946549,87526.3009946549,86939.66768001024,87037.6571536955,20383.28367959546
2025-07-22 00:00:00,86970.09359326353,87357.53270646674,86961.20061920137,87235.81040291234,8316.777460160001
2025-07-22 04:00:00,87235.81040291234,87237.81722323426,86961.20061920137,86981.23703573355,4964.222260138373
2025-07-22 08:00:00,86981.23703573355,87373.81725901683,86961.20061920137,87355.77254729615,5370.425254433786
2025-07-22 12:00:00,87355.77254729615,87773.83450680936,87303.75908378427,87627.95099915529,7161.6479335522135
2025-07-22 16:00:00,87627.95099915529,88082.49987752947,87564.99915925758,88082.49987752947,4164.234764935961
2025-07-22 20:00:00,88082.49987752947,88082.49987752947,87725.08401925938,87766.16252064046,8898.102318855916
2025-07-23 00:00:00,87644.00006653347,87770.087699046,87541.10967659454,87707.36749979413,7766.369927878834
2025-07-23 04:00:00,87707.36749979413,87824.38332416453,87450.55035619138,87472.53512764732,11688.779733167197
2025-07-23 08:00:00,87472.53512764732,87499.97079113306,87185.24598597725,87251.89022939227,9678.873144018715
2025-07-23 12:00:00,87251.89022939227,87486.05809698514,87206.24630978265,87360.73856612969,5484.659956458142
2025-07-23 16:00:00,87360.73856612969,87523.96629836646,87150.34941084188,87272.4187410563,9193.475226665645
2025-07-23 20:00:00,87272.4187410563,87437.79056818853,86876.15988754593,87053.61049899842,12456.76853519405
2025-07-24 00:00:00,87185.4592561305,87212.28747898304,87132.6811343508,87169.53845156298,20644.517086532065
2025-07-24 04:00:00,87169.53845156298,88039.22743081392,86868.30649451404,87645.55202991048,9682.179058629961
2025-07-24 08:00:00,87645.55202991048,87851.36416902339,87573.18325044647,87791.26173731605,10469.842591736367
2025-07-24 12:00:00,87791.26173731605,88186.64204457846,87598.16428768267,88061.59593245003,11616.503092651736
2025-07-24 16:00:00,88061.59593245003,88138.75920617265,88032.82163353711,88050.2005565078,11534.238053097393
2025-07-24 20:00:00,88050.2005565078,88426.57003393212,88035.29366445965,88277.87492078138,12545.047242856259
2025-07-25 00:00:00,88536.87254542604,88561.15308564973,88379.46219666883,88538.57359531954,7363.90875157389
2025-07-25 04:00:00,88538.57359531954,88699.9835568533,88379.46219666883,88530.02497727668,4449.686243216806
2025-07-25 08:00:00,88530.02497727668,88621.44459397609,88451.75458218559,88527.4579660144,4787.809020279502
2025-07-25 12:00:00,88527.4579660144,88632.78288315465,88379.46219666883,88520.50341312223,3179.7939044902782
2025-07-25 16:00:00,88520.50341312223,88536.56177150295,88497.73906828766,88513.95568107998,5454.060308971847
2025-07-25 20:00:00,88513.95568107998,88626.82358462605,88490.40908382394,88508.95638006955,4667.700722826914
2025-07-26 00:00:00,88445.28745700727,89411.89031156688,88340.99840158214,88946.12947969759,10080.169813557577
2025-07-26 04:00:00,88946.12947969759,89274.86200880937,88443.8073844477,88491.17033499514,10534.237204455434
2025-07-26 08:00:00,88491.17033499514,89184.69779672447,88305.44388507186,89103.2794208656,9218.971043453867
2025-07-26 12:00:00,89103.2794208656,89237.61108759619,88943.01377809828,89218.9081845391,6961.169602858362
2025-07-26 16:00:00,89218.9081845391,90076.2810358958,88790.47153501555,90025.09539766505,8402.81153768041
2025-07-26 20:00:00,90025.09539766505,90186.02417081957,89991.6932336547,90152.60352495968,9877.520126692194
2025-07-27 00:00:00,90127.64215473678,90202.76553467827,90117.74613941225,90187.50655554172,12772.532432417041
2025-07-27 04:00:00,90187.50655554172,90210.70614410244,90149.74256618312,90154.05241366901,13029.579493167266
2025-07-27 08:00:00,90154.05241366901,90270.04926013511,90147.9181830075,90232.02319539325,11218.811994421862
2025-07-27 12:00:00,90232.02319539325,90337.21165503666,90231.67495452442,90257.6667839585,14353.06609923668
2025-07-27 16:00:00,90257.6667839585,90272.48516844402,90246.35694345157,90251.26906595373,11966.43716310894
2025-07-27 20:00:00,90251.26906595373,90323.60137589346,90211.7422071523,90286.85452112742,6773.725535641834
2025-07-28 00:00:00,90326.23017109507,91219.59492304016,90275.18938019122,91091.62450803825,9221.47764961587
2025-07-28 04:00:00,91091.62450803825,91642.13879321731,91055.9126903772,91642.13879321731,11234.578176179532
2025-07-28 08:00:00,91642.13879321731,91642.13879321731,91025.32159778806,91357.20486572085,21378.62241550497
2025-07-28 12:00:00,91357.20486572085,91402.90311440556,91250.84965519678,91287.12586246707,18557.162904039033
2025-07-28 16:00:00,91287.12586246707,91431.21092910162,91285.76493674927,91348.97292446795,15641.57007045193
2025-07-28 20:00:00,91348.97292446795,91628.78780388071,91196.63033403209,91573.97500973615,12475.922099137846
2025-07-29 00:00:00,91800.55055031364,110671.97605004847,90041.13383721773,110671.97605004847,14139.159110629555
2025-07-29 04:00:00,110671.97605004847,110671.97605004847,86454.84336957478,86454.84336957478,11061.430458356117
2025-07-29 08:00:00,86454.84336957478,93942.5964725526,86454.84336957478,93942.5964725526,14057.167154794532
2025-07-29 12:00:00,93942.5964725526,93942.5964725526,81151.17149440003,81151.17149440003,13358.577276594506
2025-07-29 16:00:00,81151.17149440003,92457.77932067959,81151.17149440003,90798.72451394671,6999.654193298255
2025-07-29 20:00:00,90798.72451394671,92457.77932067959,84503.30050420041,84503.30050420041,13816.18443766305
2025-07-30 00:00:00,89806.33262193609,90487.57611134024,89568.02973833343,90329.66101109254,4117.178005285589
2025-07-30 04:00:00,90329.66101109254,91048.61138445408,90216.03940138353,91036.03676128293,9068.787575776585
2025-07-30 08:00:00,91036.03676128293,91046.25110891831,90614.10839099046,90793.61407983837,8708.753184531335
2025-07-30 12:00:00,90793.61407983837,91127.42065408625,90713.94838983213,91028.1822449957,4571.1718287584445
2025-07-30 16:00:00,91028.1822449957,91552.37178081775,90975.43107140128,91482.89406835476,4261.5833947684005
2025-07-30 20:00:00,91482.89406835476,91887.0856950734,91173.82172771575,91725.68700818275,10589.937167119524
2025-07-31 00:00:00,91691.19393408511,91778.84095591078,91583.2280861553,91628.0681284238,3833.4575419059156
2025-07-31 04:00:00,91628.0681284238,91703.78997466626,91616.42149210405,91698.57130039844,4838.175842987616
2025-07-31 08:00:00,91698.57130039844,91779.10017155703,91135.9786096717,91339.87666800419,2918.838319616241
2025-07-31 12:00:00,91339.87666800419,91656.19286426778,91289.03061948682,91586.83344725755,5161.474247623055
2025-07-31 16:00:00,91586.83344725755,91686.46488248958,91480.74809739833,91682.71272784626,2647.373726763739
2025-07-31 20:00:00,91682.71272784626,91741.58391977224,91398.35819506922,91561.2533049088,5638.834914797288
2025-08-01 00:00:00,91606.85577889839,91894.67933194146,90365.96969224964,90375.39760953253,4725.346789480439
2025-08-01 04:00:00,90375.39760953253,90409.3302037379,90340.13305702472,90340.13305702472,10275.282649065299
2025-08-01 08:00:00,90340.13305702472,91052.72616934782,88993.95828511333,88993.95828511333,7743.460932412027
2025-08-01 12:00:00,88993.95828511333,89725.52557819805,87486.346834327,87486.346834327,9193.658074190012
2025-08-01 16:00:00,87486.346834327,89107.06548541664,87486.346834327,88537.97584859912,4077.703574504379
2025-08-01 20:00:00,88537.97584859912,91771.95120971854,88537.97584859912,90758.715275569,10183.071827826048
2025-08-02 00:00:00,90348.97968671027,90467.583853443,90284.7509550639,90435.20713227658,5151.447606522368
2025-08-02 04:00:00,90435.20713227658,90527.03289552387,90261.82214581597,90291.29311981829,8734.696571557839
2025-08-02 08:00:00,90291.29311981829,90875.04359495277,90221.33112312359,90517.22508555911,3588.3798003656752
2025-08-02 12:00:00,90517.22508555911,90543.77882387754,90300.18518131664,90371.1634622631,7066.102593272092
2025-08-02 16:00:00,90371.1634622631,90731.5685601766,90304.06432699678,90611.73996828859,3731.2643097820387
2025-08-02 20:00:00,90611.73996828859,91073.11018503229,90502.93180679351,91004.51894586376,4177.893339864983
2025-08-03 00:00:00,90957.58462630911,91182.65772194485,90954.40813422213,91154.77967487411,10688.6088674359
2025-08-03 04:00:00,91154.77967487411,91640.14494163818,90951.83166828785,91640.14494163818,7654.842248307054
2025-08-03 08:00:00,91640.14494163818,91640.14494163818,90683.57650040102,90955.83309957731,9630.864910307393
2025-08-03 12:00:00,90955.83309957731,91047.80722161783,90937.0080320115,91012.4682987587,4435.005857816503
2025-08-03 16:00:00,91012.4682987587,91382.83845909359,90863.38152957839,91229.3194067023,11917.50517675976
2025-08-03 20:00:00,91229.3194067023,91518.9493015195,90408.44046817895,90626.3756168095,9148.174669924812
2025-08-04 00:00:00,90625.11764397765,90882.16576324058,90581.65613931124,90797.27038886707,6667.843981007564
2025-08-04 04:00:00,90797.27038886707,90906.6850429896,90426.01731164334,90572.60918244068,7501.406747704896
2025-08-04 08:00:00,90572.60918244068,90694.38777473113,90391.1879709327,90649.01403507897,4054.0755836997264
2025-08-04 12:00:00,90649.01403507897,90731.05091655135,90447.55697890911,90470.40671679477,6764.2487987085215
2025-08-04 16:00:00,90470.40671679477,90565.01982846059,90244.16235173949,90327.7984728105,6051.0609271018375
2025-08-04 20:00:00,90327.7984728105,90331.41808876493,90096.54617081229,90126.63779265933,5578.795596665462
2025-08-05 00:00:00,90301.3394038369,90553.10638886045,90291.59451787332,90446.70971681694,7498.165178450818
2025-08-05 04:00:00,90446.70971681694,90651.04413629575,89622.30110616109,89926.95460959488,4323.005362946034
2025-08-05 08:00:00,89926.95460959488,89933.80805049368,89843.73579351473,89878.06434911463,3976.9206189407632
2025-08-05 12:00:00,89878.06434911463,90038.55538936926,89485.89739695356,89532.07748235477,6206.125844715033
2025-08-05 16:00:00,89532.07748235477,89722.51082639348,89512.40421602449,89681.94668381027,10206.24428518719
2025-08-05 20:00:00,89681.94668381027,89713.82377675586,89668.87869771176,89707.17692474669,5280.613164944402
2025-08-06 00:00:00,89989.15793080568,90110.62255987353,89931.32241606512,90105.95335351895,15659.705312695794
2025-08-06 04:00:00,90105.95335351895,90128.0787660134,88942.74673868922,89155.4069788497,13980.129468798572
2025-08-06 08:00:00,89155.4069788497,89216.82696343334,89124.89433246697,89208.67148865978,10516.798186170434
2025-08-06 12:00:00,89208.67148865978,89520.53386549873,89184.64480691854,89425.33167222704,10395.498212793333
2025-08-06 16:00:00,89425.33167222704,89573.11449056596,88934.08281026057,89017.38450145889,12667.782742782823
2025-08-06 20:00:00,89017.38450145889,89274.4483900334,88975.1088341192,89192.61056327843,14269.67186421371
2025-08-07 00:00:00,89300.33625859329,89398.57505141472,89079.9302685933,89186.77493210732,14007.855259107027
2025-08-07 04:00:00,89186.77493210732,89222.0740427298,89159.81068919008,89194.80992344084,8505.5263599828
2025-08-07 08:00:00,89194.80992344084,89376.36621696084,89095.18505444878,89217.46372768437,14005.153027572753
2025-08-07 12:00:00,89217.46372768437,89349.39795517983,89125.04691433087,89271.28536169147,6253.023710977051
2025-08-07 16:00:00,89271.28536169147,89524.80908249176,89089.20767777086,89194.92864688904,11360.506796843658
2025-08-07 20:00:00,89194.92864688904,89228.58262321445,88918.30698792312,89012.8965960552,14243.879072131058
2025-08-08 00:00:00,88692.94179688618,88820.79496451758,88657.74021371159,88685.86935625506,5834.534814212136
2025-08-08 04:00:00,88685.86935625506,88907.97690510935,88407.83514111045,88801.91340233147,5928.750106423352
2025-08-08 08:00:00,88801.91340233147,88871.02198617753,88784.84421147699,88866.90768887484,5789.152394932143
2025-08-08 12:00:00,88866.90768887484,88881.30593703245,88858.03381547277,88880.24831795202,3002.9834840387543
2025-08-08 16:00:00,88880.24831795202,89053.77105107282,88791.24844397584,88969.13234203849,6442.938958719521
2025-08-08 20:00:00,88969.13234203849,89042.62348043706,88929.14823266653,89008.25371809903,2808.6763992970755
2025-08-09 00:00:00,88822.40976876274,88984.14819256405,88579.0513649992,88608.54585531303,9570.751871103865
2025-08-09 04:00:00,88608.54585531303,88705.96359964719,88542.28655051756,88692.993801029,5700.004957604313
2025-08-09 08:00:00,88692.993801029,88833.9600951717,88478.95991132775,88573.79462239167,6382.524706654413
2025-08-09 12:00:00,88573.79462239167,88583.65677586179,88297.0242145633,88466.9372139175,10435.051082996039
2025-08-09 16:00:00,88466.9372139175,88496.5708122027,88461.3808568541,88484.76697088222,7006.9236052667
2025-08-09 20:00:00,88484.76697088222,88520.98166615739,88279.686146699,88328.07253858069,5147.348411834132
2025-08-10 00:00:00,88143.36735082189,88178.94029567222,88096.9472820244,88128.2166376243,5341.225598014488
2025-08-10 04:00:00,88128.2166376243,88164.3472137897,87428.60082876912,87659.85844873742,9459.996429671019
2025-08-10 08:00:00,87659.85844873742,87823.52387688978,86936.36604735075,86936.36604735075,10174.809337834953
2025-08-10 12:00:00,86936.36604735075,88870.96308389194,86936.36604735075,88739.10153282866,7995.900796162892
2025-08-10 16:00:00,88739.10153282866,88860.49659672893,88177.77988579014,88211.7693528381,9022.613381874233
2025-08-10 20:00:00,88211.7693528381,88451.37970048848,87524.11402351367,87702.31526641638,8163.316890957459
2025-08-11 00:00:00,87981.895586436,87997.60047638052,87514.50329547409,87659.04123587978,8372.487897982266
2025-08-11 04:00:00,87659.04123587978,87845.16394012404,87635.2140211057,87783.11911266818,9190.207094878531
2025-08-11 08:00:00,87783.11911266818,87969.75124137176,87729.81731983268,87832.07902107779,9322.94665304108
2025-08-11 12:00:00,87832.07902107779,87919.951180869,87415.70328795229,87560.85359220488,8011.438083885629
2025-08-11 16:00:00,87560.85359220488,87757.19307225838,87462.15864146154,87615.14166596388,11086.679285806662
2025-08-11 20:00:00,87615.14166596388,87955.68142293321,87415.70328795229,87662.81052238762,11043.03038794395
2025-08-12 00:00:00,88356.28714008434,88985.47773185272,88165.33946288003,88985.47773185272,14434.214428845471
2025-08-12 04:00:00,88985.47773185272,88985.47773185272,88346.93037221153,88541.64024184228,13739.619833499733
2025-08-12 08:00:00,88541.64024184228,88768.70099268788,87798.41104079936,87919.86459979336,7833.483610131662
2025-08-12 12:00:00,87919.86459979336,87953.46736151438,87887.45110585415,87936.07615103222,15428.191937313693
2025-08-12 16:00:00,87936.07615103222,88038.57852246711,87695.22055569713,87742.17638156353,11966.059874739172
2025-08-12 20:00:00,87742.17638156353,88104.7467524627,87016.20685638596,87190.86735165985,9694.612183616246
2025-08-13 00:00:00,87584.13903625557,87742.51727742841,85446.67332131104,85596.05925378647,5955.955475254607
2025-08-13 04:00:00,85596.05925378647,85928.68160711839,84118.20499247679,84118.20499247679,7555.809552145875
2025-08-13 08:00:00,84118.20499247679,84640.72661111367,82761.46606833971,82761.46606833971,10771.518911178775
2025-08-13 12:00:00,82761.46606833971,83512.16640512382,81388.10209698076,81388.10209698076,10774.386953572659
2025-08-13 16:00:00,81388.10209698076,82468.86520105468,81388.10209698076,82234.3178394048,5497.70602305713
2025-08-13 20:00:00,82234.3178394048,86840.93979214225,82234.3178394048,85477.06428490383,5500.3448632883465
2025-08-14 00:00:00,85606.44506393168,85979.3898656319,85424.2453157884,85979.3898656319,13345.341951453966
2025-08-14 04:00:00,85979.3898656319,85979.3898656319,85726.40750238384,85802.2046399487,9284.09929162281
2025-08-14 08:00:00,85802.2046399487,85802.2046399487,85147.14406082017,85147.14406082017,7161.711686744722
2025-08-14 12:00:00,85147.14406082017,85611.66412382812,85147.14406082017,85604.4091885583,4971.851939194453
2025-08-14 16:00:00,85604.4091885583,85641.79473624751,85566.11062012595,85641.79473624751,11619.382553368312
2025-08-14 20:00:00,85641.79473624751,85641.79473624751,85333.0020822345,85333.0020822345,9430.844186287803
2025-08-15 00:00:00,85716.65533388595,85804.78667112008,85303.91127552322,85338.53166444707,7336.580257024694
2025-08-15 04:00:00,85338.53166444707,85540.11761002113,84774.27122504082,84792.36610245514,12264.909731279251
2025-08-15 08:00:00,84792.36610245514,84844.32725899974,84742.02959551946,84758.74105447407,5196.100083314465
2025-08-15 12:00:00,84758.74105447407,85162.82267661922,83693.19390384195,83693.19390384195,8317.611090418735
2025-08-15 16:00:00,83693.19390384195,85506.35300129736,83693.19390384195,84995.6864947077,6728.193745778545
2025-08-15 20:00:00,84995.6864947077,85399.13408312277,84742.02959551946,84772.9500769206,8641.484217895166
2025-08-16 00:00:00,84959.57174253454,85190.12893631433,84826.9911542865,85103.51063890838,4041.4716994713376
2025-08-16 04:00:00,85103.51063890838,85238.55557960797,84865.07668281796,84974.5165214176,7424.896800358225
2025-08-16 08:00:00,84974.5165214176,85211.33312344764,84947.53272664105,85116.56345505136,8334.341257382697
2025-08-16 12:00:00,85116.56345505136,85365.46696933662,84956.25951954252,85365.46696933662,8113.765497313428
2025-08-16 16:00:00,85365.46696933662,85365.46696933662,85316.43407334984,85332.3390904316,7842.570389471245
2025-08-16 20:00:00,85332.3390904316,85332.3390904316,85081.65231911188,85175.12518663424,3945.542950273564
2025-08-17 00:00:00,85109.36516050647,85517.07783546048,85082.62093418834,85328.07632803045,26312.70050586992
2025-08-17 04:00:00,85328.07632803045,85719.79547795728,85280.13171230597,85696.56818508732,20797.68608487462
2025-08-17 08:00:00,85696.56818508732,85753.64536660802,85196.92737309469,85214.81840931722,19586.35315255987
2025-08-17 12:00:00,85214.81840931722,86293.13580449266,84834.73928493183,86293.13580449266,17266.895729852087
2025-08-17 16:00:00,86293.13580449266,86293.13580449266,85991.19793657525,86055.14469032895,18035.995639754856
2025-08-17 20:00:00,86055.14469032895,86055.14469032895,85400.41176250897,85603.25900542825,18273.519092528128
2025-08-18 00:00:00,85640.43104319104,86382.46348051421,85337.8689855425,86128.67640241794,9115.72950229485
2025-08-18 04:00:00,86128.67640241794,86868.37645211372,86091.23685564612,86642.68994188709,17610.141995839826
2025-08-18 08:00:00,86642.68994188709,86745.29368550937,86496.45539882974,86571.35291143712,15295.441965355374
2025-08-18 12:00:00,86571.35291143712,87055.2688065252,86433.15590499423,86951.82069926675,6057.048432377263
2025-08-18 16:00:00,86951.82069926675,87165.86646038295,86749.57445535937,87165.86646038295,6718.675934311925
2025-08-18 20:00:00,87165.86646038295,87165.86646038295,86876.30550036454,86891.6673263254,6496.106841949921
2025-08-19 00:00:00,86738.53928544249,87108.55862021877,86151.92977398512,86151.92977398512,8299.166577179138
2025-08-19 04:00:00,86151.92977398512,86450.4883483576,86151.92977398512,86409.75890577164,10502.132959813367
2025-08-19 08:00:00,86409.75890577164,86467.74975201095,86101.28097851916,86101.28097851916,13544.697866634166
2025-08-19 12:00:00,86101.28097851916,86223.03898004266,85844.37908171809,85844.37908171809,5400.396048911985
2025-08-19 16:00:00,85844.37908171809,87161.58497327409,85844.37908171809,86811.0087577538,13253.424120462434
2025-08-19 20:00:00,86811.0087577538,87953.66301867997,86703.1560536618,87755.98389351026,8536.27881560997
2025-08-20 00:00:00,87765.8415006026,99024.0137443411,87496.78387074705,99024.0137443411,6570.152186433522
2025-08-20 04:00:00,99024.0137443411,121912.30354918196,95680.9227174357,121912.30354918196,5023.409725137624
2025-08-20 08:00:00,121912.30354918196,129388.65956272258,120064.45357980112,129388.65956272258,3600.834195082285
2025-08-20 12:00:00,129388.65956272258,129388.65956272258,76288.27262167206,76288.27262167206,9132.289269042189
2025-08-20 16:00:00,76288.27262167206,85315.4922413332,76288.27262167206,84997.85757868344,4798.142034059592
2025-08-20 20:00:00,84997.85757868344,87728.98616019629,73517.35007785828,73517.35007785828,3635.9112910669473
2025-08-21 00:00:00,87059.02022044065,87146.88403828371,86865.19423550574,86935.34196309074,4267.582081261255
2025-08-21 04:00:00,86935.34196309074,86984.35393882074,86594.86860298867,86736.65568059136,6234.800163069826
2025-08-21 08:00:00,86736.65568059136,86833.38211780721,86701.1444035046,86824.66317321663,3895.3912243815043
2025-08-21 12:00:00,86824.66317321663,87231.03039094675,86718.09040232407,87086.26433715381,5183.504245222724
2025-08-21 16:00:00,87086.26433715381,87172.68765063168,86011.49751975203,86387.98723557724,5385.839733281786
2025-08-21 20:00:00,86387.98723557724,86394.07332036989,86329.71906309444,86394.0429530096,3373.738729857397
2025-08-22 00:00:00,86397.436552148,86416.8967684623,86339.81281704007,86357.71502793086,9299.973724522353
2025-08-22 04:00:00,86357.71502793086,86445.5935966398,86273.4202881876,86351.64684778238,4185.283650600051
2025-08-22 08:00:00,86351.64684778238,86383.19631744173,86323.76267265336,86334.81262286434,5195.944392186171
2025-08-22 12:00:00,86334.81262286434,86392.80847226155,86300.67341515205,86323.4789042071,9937.416068068489
2025-08-22 16:00:00,86323.4789042071,86398.99981971754,86273.4202881876,86341.78113305644,6685.065687586113
2025-08-22 20:00:00,86341.78113305644,86378.25589354492,86287.62253986063,86320.66818464125,9992.566278968803
2025-08-23 00:00:00,86966.48251984491,87018.02027072612,86806.88927249108,86862.12364729248,12015.90253067167
2025-08-23 04:00:00,86862.12364729248,87220.33286120581,86714.87614041583,87155.37089214247,7105.633247424416
2025-08-23 08:00:00,87155.37089214247,87251.74067787344,86744.45269152624,86820.11709188644,12894.271965946153
2025-08-23 12:00:00,86820.11709188644,87568.1177987204,86659.08220222057,87472.50326711759,12343.661357923253
2025-08-23 16:00:00,87472.50326711759,87602.94508759843,87068.64793620167,87088.78499570294,16826.688413137854
2025-08-23 20:00:00,87088.78499570294,87944.69306072715,86995.78812519081,87762.59003502618,7277.76827323647
2025-08-24 00:00:00,87895.91876654643,88395.95648450115,87804.80842505587,88160.82322341681,10649.446982119302
2025-08-24 04:00:00,88160.82322341681,89348.33079965747,88150.40578190469,89348.33079965747,13132.203691438488
2025-08-24 08:00:00,89348.33079965747,89664.86448333316,89213.7656264858,89664.86448333316,5987.23037061643
2025-08-24 12:00:00,89664.86448333316,90026.43448589873,89495.3474315859,90026.43448589873,4528.481382723106
2025-08-24 16:00:00,90026.43448589873,90135.38910316867,89951.47681291409,90135.38910316867,10022.23331298116
2025-08-24 20:00:00,90135.38910316867,90135.38910316867,88823.41774618867,89001.5487277777,12794.235972534401
2025-08-25 00:00:00,89303.98067286816,89344.5749632114,89015.5563620405,89065.48623724878,14775.73270101428
2025-08-25 04:00:00,89065.48623724878,89248.64247977294,88983.76678818116,89110.39648220334,20210.68100997952
2025-08-25 08:00:00,89110.39648220334,89408.05897829685,89035.81807538807,89203.54577004221,20884.00484801361
2025-08-25 12:00:00,89203.54577004221,89384.19913399029,88547.40481629773,88897.80602189862,10868.589785197279
2025-08-25 16:00:00,88897.80602189862,89081.27021847582,88443.5304700846,88658.06287964323,24303.719070117553
2025-08-25 20:00:00,88658.06287964323,88684.78865521871,88323.7700231309,88356.36976505209,25208.816307537887
2025-08-26 00:00:00,88202.57481865938,88680.56269305611,88074.16845510906,88501.60467634961,7147.239953631863
2025-08-26 04:00:00,88501.60467634961,88612.1869646335,88284.29352138117,88360.30958185578,5881.14748543209
2025-08-26 08:00:00,88360.30958185578,88448.24411148096,88128.06140445267,88299.93493668408,7321.389544758168
2025-08-26 12:00:00,88299.93493668408,88304.93710891379,88296.17458110864,88303.42992714603,4982.624283007387
2025-08-26 16:00:00,88303.42992714603,88699.46534614092,88227.21191915913,88545.74676406848,6202.520028797502
2025-08-26 20:00:00,88545.74676406848,88717.53613905437,88393.38005002134,88614.40066171477,3675.8206995295873
2025-08-27 00:00:00,88994.83941409197,89420.31919415384,88963.26748015537,89420.31919415384,5059.011387345787
2025-08-27 04:00:00,89420.31919415384,89420.31919415384,88565.82140940141,88826.19576259688,7588.037970769722
2025-08-27 08:00:00,88826.19576259688,89435.66404707127,88608.96414021605,89435.66404707127,8441.00689969997
2025-08-27 12:00:00,89435.66404707127,89435.66404707127,88694.52100669323,88847.39895090513,4805.437698630322
2025-08-27 16:00:00,88847.39895090513,89118.59424840931,87932.29660785258,88290.9496728608,12590.035408071157
2025-08-27 20:00:00,88290.9496728608,88598.47877982524,88202.13722318316,88560.88969116594,6705.970044376769
2025-08-28 00:00:00,88602.52493465731,89085.29295222917,88498.14800073877,88994.04455749369,6634.114538575902
2025-08-28 04:00:00,88994.04455749369,89014.897655448,88221.94058863918,88221.94058863918,13644.80509374635
2025-08-28 08:00:00,88221.94058863918,88239.23481325139,87827.78639005858,87827.78639005858,9448.636865780982
2025-08-28 12:00:00,87827.78639005858,88076.52842195773,87827.78639005858,88048.19793376698,9622.315389038178
2025-08-28 16:00:00,88048.19793376698,88425.35805942601,88048.19793376698,88357.3656946008,14325.61192957312
2025-08-28 20:00:00,88357.3656946008,90008.0524960916,88357.3656946008,89859.77373289294,9042.501937514704
2025-08-29 00:00:00,89658.31784889715,89855.676196606,89577.51922223312,89629.13746928888,6073.114981507139
2025-08-29 04:00:00,89629.13746928888,89664.33907262489,89570.27038554366,89612.9108814776,3265.5539267072463
2025-08-29 08:00:00,89612.9108814776,89695.1344135972,89520.05643789351,89594.59178046016,3077.1975441255954
2025-08-29 12:00:00,89594.59178046016,89619.14354241187,89535.83200965935,89573.79271123288,7021.0919777146655
2025-08-29 16:00:00,89573.79271123288,89655.13958962657,89468.59697149611,89553.48815754835,5839.66718618211
2025-08-29 20:00:00,89553.48815754835,89610.39616025586,89400.06056465204,89520.92193252465,7583.085777754857
2025-08-30 00:00:00,89931.55155219602,89979.01641892281,89894.1666427787,89955.2431709596,4344.197098281318
2025-08-30 04:00:00,89955.2431709596,90872.94771577737,89886.6518821544,90872.94771577737,6240.605448346847
2025-08-30 08:00:00,90872.94771577737,90920.88579544568,90787.81894820278,90920.88579544568,7788.332820865502
2025-08-30 12:00:00,90920.88579544568,90920.88579544568,90467.83493734409,90564.51576434905,12162.351406194866
2025-08-30 16:00:00,90564.51576434905,91373.51764378365,89985.15264948513,91373.51764378365,6893.781958433711
2025-08-30 20:00:00,91373.51764378365,91373.51764378365,90356.79758077006,90649.37767587246,11356.792775782898
2025-08-31 00:00:00,90366.29408680859,90447.99112939497,90186.40924149049,90309.83163690554,5618.978107607502
2025-08-31 04:00:00,90309.83163690554,90861.16916668018,90121.84744777468,90705.91621168931,6304.975983886834
2025-08-31 08:00:00,90705.91621168931,90946.5669230754,90614.43479000995,90896.93870206243,9236.73976140302
2025-08-31 12:00:00,90896.93870206243,91046.58223518638,90857.59469002383,90982.32523323061,9527.883068917065
2025-08-31 16:00:00,90982.32523323061,91197.99596213188,90916.19973703708,91185.14552557135,7338.819607349843
2025-08-31 20:00:00,91185.14552557135,91696.48576742123,91051.96946728042,91575.9580434717,7175.343688820542
2025-09-01 00:00:00,91422.53648379691,91424.9459824311,91334.10898143513,91360.75024443628,5804.598510843077
2025-09-01 04:00:00,91360.75024443628,91404.42825559442,91169.30106170499,91273.08192004837,4947.033513088358
2025-09-01 08:00:00,91273.08192004837,91471.71830168561,91061.02556725744,91457.67016760074,5750.073145663191
2025-09-01 12:00:00,91457.67016760074,91499.28296028428,91276.499593914,91422.41677676802,2678.3688400381156
2025-09-01 16:00:00,91422.41677676802,91532.41250923139,91246.429963585,91520.42012040547,5339.103335861303
2025-09-01 20:00:00,91520.42012040547,91774.40071462054,91518.09040557606,91674.60726695138,4737.984468007897
2025-09-02 00:00:00,91881.62265101114,92284.4189115179,91292.04481445398,91315.78221533856,6202.514952925268
2025-09-02 04:00:00,91315.78221533856,91544.05511130052,91277.96207822533,91422.88484593987,12821.266275006159
2025-09-02 08:00:00,91422.88484593987,91625.90943861974,91110.75750499558,91405.08949968306,5373.2321288226185
2025-09-02 12:00:00,91405.08949968306,91415.59695502363,91396.47983691668,91400.84408056996,12105.246715972908
2025-09-02 16:00:00,91400.84408056996,91653.53452566337,90644.54928743262,90650.19787165971,14365.597225310263
2025-09-02 20:00:00,90650.19787165971,90985.22136964808,90602.81042452031,90803.16942581875,8507.62511759026
2025-09-03 00:00:00,90840.43927320228,91031.5670380688,90560.6211317558,90725.61612973447,8076.568365957692
2025-09-03 04:00:00,90725.61612973447,90933.25246025396,90213.97526167505,90213.97526167505,8834.094639086083
2025-09-03 08:00:00,90213.97526167505,90576.02023908573,90213.97526167505,90251.84153994912,4250.676516205232
2025-09-03 12:00:00,90251.84153994912,90411.08774748279,89857.5297855167,89857.5297855167,9681.975445544975
2025-09-03 16:00:00,89857.5297855167,89879.05738751964,89850.14721833609,89850.14721833609,9912.082463512019
2025-09-03 20:00:00,89850.14721833609,90357.01779885982,89850.14721833609,90332.26791666812,6943.921913794302
2025-09-04 00:00:00,90309.0662689419,90392.46998454182,90144.91323387674,90270.6097381699,12754.214667217071
2025-09-04 04:00:00,90270.6097381699,90867.5217705981,90027.50855565931,90746.92037420142,11500.226863988055
2025-09-04 08:00:00,90746.92037420142,91012.8623673307,90742.67123213012,91012.8623673307,9567.398000093515
2025-09-04 12:00:00,91012.8623673307,91049.23283309328,90983.1876971041,91049.23283309328,15720.076473921872
2025-09-04 16:00:00,91049.23283309328,91049.23283309328,90804.67081021154,90903.45607666446,13960.958262677424
2025-09-04 20:00:00,90903.45607666446,90903.45607666446,90598.25517709681,90770.23704928737,13468.225030849842
2025-09-05 00:00:00,90792.34028192525,90885.91500083458,90715.2434759339,90867.3048678798,3690.4858770695582
2025-09-05 04:00:00,90867.3048678798,90939.47557572712,90836.92091562292,90915.33683119081,8073.632120317801
2025-09-05 08:00:00,90915.33683119081,91024.8279864638,90771.12742545524,90828.03099854873,6913.78748607996
2025-09-05 12:00:00,90828.03099854873,90976.64622623517,90616.72732920035,90675.22866868666,5997.200201362464
2025-09-05 16:00:00,90675.22866868666,90770.41804168084,90607.79184683699,90735.41311673846,7306.313745463355
2025-09-05 20:00:00,90735.41311673846,90800.76213222556,90520.79662755763,90667.27393121415,5529.193272521111
2025-09-06 00:00:00,90945.22229770807,91452.85507671346,90824.11232774112,91452.85507671346,13114.968369783981
2025-09-06 04:00:00,91452.85507671346,91456.84511515182,91413.52607108206,91456.84511515182,14438.309085835717
2025-09-06 08:00:00,91456.84511515182,91456.84511515182,90745.23210098491,90835.68535092568,7703.886669766287
2025-09-06 12:00:00,90835.68535092568,90968.01896109468,90663.78349259106,90802.31306887063,12043.809009223549
2025-09-06 16:00:00,90802.31306887063,90825.08866495936,89815.75139922654,89940.29612902142,11468.361899436662
2025-09-06 20:00:00,89940.29612902142,89975.56334173902,89878.58349737263,89899.57241184414,17941.628339631337
2025-09-07 00:00:00,89906.57730449217,90010.20733146885,89640.72674970483,89682.30269081355,9205.834945731418
2025-09-07 04:00:00,89682.30269081355,89699.92974263574,89426.68541803783,89544.20761015071,13523.06012022263
2025-09-07 08:00:00,89544.20761015071,89577.89824753269,89414.60220695287,89554.8345231037,6397.808824374673
2025-09-07 12:00:00,89554.8345231037,89817.05750829296,89459.18133917202,89724.32772040651,10022.243548850049
2025-09-07 16:00:00,89724.32772040651,89801.6746170558,89493.56749300123,89613.75294398681,10572.133131044833
2025-09-07 20:00:00,89613.75294398681,89641.89367405363,89534.11280111526,89576.50792649189,6965.4962877074895
2025-09-08 00:00:00,89576.22409651848,89764.5438021497,89280.5248961057,89461.23346240804,5656.977679131521
2025-09-08 04:00:00,89461.23346240804,89554.60848757753,89421.6711928638,89512.9632297464,3944.689749082305
2025-09-08 08:00:00,89512.9632297464,89620.31730057346,89158.77180755977,89263.4598980128,5612.636902811009
2025-09-08 12:00:00,89263.4598980128,89308.45822580573,89129.72939743887,89142.57347083316,4053.702193816353
2025-09-08 16:00:00,89142.57347083316,89150.10281942062,89107.16386522706,89146.68772470579,4008.7548016360306
2025-09-08 20:00:00,89146.68772470579,89154.02269664867,89143.75868574648,89145.19808876721,4485.7521381589095
2025-09-09 00:00:00,89634.33701097406,89944.36094542142,88376.60471425996,88413.16752254807,5387.143261917531
2025-09-09 04:00:00,88413.16752254807,88618.09167719322,87978.85849102229,87978.85849102229,6843.158195759765
2025-09-09 08:00:00,87978.85849102229,88142.4554398715,87157.74298762387,87157.74298762387,4662.807309037203
2025-09-09 12:00:00,87157.74298762387,88667.30467129928,87157.74298762387,88043.76876886447,5952.7126719987
2025-09-09 16:00:00,88043.76876886447,89187.6906100574,88043.76876886447,88755.51331862739,7812.2236143443115
2025-09-09 20:00:00,88755.51331862739,88756.36135902413,88737.27388269083,88748.71546966191,5901.683581631106
2025-09-10 00:00:00,88426.25156695665,90074.31682330897,88010.73499914222,90074.31682330897,7039.7478951968815
2025-09-10 04:00:00,90074.31682330897,91049.05714528228,89991.38449896607,91049.05714528228,5724.146220275935
2025-09-10 08:00:00,91049.05714528228,91049.05714528228,89648.24516796073,89670.67608731372,7037.5885331901345
2025-09-10 12:00:00,89670.67608731372,89670.67608731372,88565.09521231717,89106.98728574497,7002.795911093063
2025-09-10 16:00:00,89106.98728574497,89106.98728574497,88010.73499914222,88069.31127299689,5179.3829106662915
2025-09-10 20:00:00,88069.31127299689,88165.5417102231,88043.84746884415,88135.20609529177,3244.4289028886474
2025-09-11 00:00:00,88246.31918469204,88536.7901111582,87886.90672225863,88240.24356175035,5748.219703345478
2025-09-11 04:00:00,88240.24356175035,88284.96573278711,88218.09501120643,88246.82405843872,6602.1284817409605
2025-09-11 08:00:00,88246.82405843872,88311.07000932937,88082.87250595597,88263.17629021892,4010.9300542166748
2025-09-11 12:00:00,88263.17629021892,88324.5248081239,88245.73560237225,88282.00170267446,4804.4876184559
2025-09-11 16:00:00,88282.00170267446,88289.56323635638,88208.7135676784,88274.93777824978,5717.016911458692
2025-09-11 20:00:00,88274.93777824978,88289.47408224914,88266.72065013714,88267.33799724719,3826.2043780803906
2025-09-12 00:00:00,88579.32580960881,88721.155467204,88507.16735949465,88689.3785283179,8395.934506212208
2025-09-12 04:00:00,88689.3785283179,88893.64163667824,88424.64639675168,88446.44124055895,5000.897855597033
2025-09-12 08:00:00,88446.44124055895,88454.14051017926,88402.0827251942,88422.21238303099,10164.749374286677
2025-09-12 12:00:00,88422.21238303099,88779.83612656598,87860.57424859106,87962.59957332023,10586.485664625725
2025-09-12 16:00:00,87962.59957332023,88251.98458476996,87854.4485126427,88168.92516731378,9982.071803223858
2025-09-12 20:00:00,88168.92516731378,88432.07960999015,87525.6497129159,87715.7080100731,11731.168716300062
2025-09-13 00:00:00,88088.58527184476,88339.13768452794,87519.4966092468,87567.58623335752,3435.2851785172816
2025-09-13 04:00:00,87567.58623335752,87637.53046240492,87466.35757244418,87466.35757244418,3682.738506063954
2025-09-13 08:00:00,87466.35757244418,87707.84915550995,86192.60993182764,86192.60993182764,6036.605596319537
2025-09-13 12:00:00,86192.60993182764,86303.82031856118,86192.60993182764,86301.0202833349,3838.372749773949
2025-09-13 16:00:00,86301.0202833349,86352.74894314373,86301.0202833349,86314.48977782429,2860.75391678361
2025-09-13 20:00:00,86314.48977782429,87871.96136701482,86314.48977782429,87559.40121852742,4721.947566580806
2025-09-14 00:00:00,87584.41254815798,87692.48837812322,87423.46278705879,87530.06804829283,9289.00821096571
2025-09-14 04:00:00,87530.06804829283,87980.33322104676,87345.08830727736,87936.24671523027,4652.705101534052
2025-09-14 08:00:00,87936.24671523027,88122.34697403066,87837.52402114487,87986.07323849114,5068.54065248336
2025-09-14 12:00:00,87986.07323849114,88063.7150325782,87966.08684063866,88049.29762388271,6618.209941474896
2025-09-14 16:00:00,88049.29762388271,88279.34627439427,88033.85642199678,88230.22090022189,6657.63804441556
2025-09-14 20:00:00,88230.22090022189,88553.85538847449,88175.47568177946,88422.55856759555,4559.892615958618
2025-09-15 00:00:00,88532.02335425043,88933.03978439604,88234.69770815608,88924.19036219851,9879.86485994388
2025-09-15 04:00:00,88924.19036219851,90304.4518230177,88112.11770515694,90304.4518230177,7690.533416847161
2025-09-15 08:00:00,90304.4518230177,90304.4518230177,88885.93843639866,89066.91338427791,9234.414990440284
2025-09-15 12:00:00,89066.91338427791,89339.02082897321,89046.42103804326,89290.06419720384,5409.345871571968
2025-09-15 16:00:00,89290.06419720384,89482.88139412439,89077.38478841727,89112.20938351424,9823.292827985768
2025-09-15 20:00:00,89112.20938351424,89561.66860851287,89082.44953060657,89444.82916371111,7397.828537177756
2025-09-16 00:00:00,89381.97843491388,90163.70950524053,86609.2710837197,86609.2710837197,4616.954851871896
2025-09-16 04:00:00,86609.2710837197,88190.13096743396,86609.2710837197,88088.93352756598,7540.0101554526755
2025-09-16 08:00:00,88088.93352756598,88573.79079974494,86750.48834350491,86750.48834350491,7807.7150837152385
2025-09-16 12:00:00,86750.48834350491,86871.43115009255,86513.24527628861,86513.24527628861,12295.34989693651
2025-09-16 16:00:00,86513.24527628861,91067.97617138382,86513.24527628861,90668.08896487826,8375.914450558332
2025-09-16 20:00:00,90668.08896487826,90828.7138657629,89793.51092454452,89896.10393409288,8118.429201494135
2025-09-17 00:00:00,90096.10150424093,90124.0540744893,90064.99375531732,90113.51286998948,10247.126405947087
2025-09-17 04:00:00,90113.51286998948,90141.76571338336,90014.19113687829,90055.746785314,8744.238167964255
2025-09-17 08:00:00,90055.746785314,90183.88603380597,89983.34442065562,90134.01627707735,6539.218961767411
2025-09-17 12:00:00,90134.01627707735,90143.75126405591,90112.7114525824,90123.79923468729,7858.817498600795
2025-09-17 16:00:00,90123.79923468729,90129.77617573291,90118.12492082731,90123.48625413886,7797.737200480126
2025-09-17 20:00:00,90123.48625413886,90294.44670283476,89980.01972594892,90217.67104374798,8979.561096038618
2025-09-18 00:00:00,90300.08946509806,90485.65009838672,89637.89451618963,89637.89451618963,5250.879180366943
2025-09-18 04:00:00,89637.89451618963,90617.35193223083,89637.89451618963,90352.88525972598,4285.116525314668
2025-09-18 08:00:00,90352.88525972598,90368.9026497635,90253.68002500256,90280.2932122307,3640.156476046748
2025-09-18 12:00:00,90280.2932122307,90533.84854574088,90041.14673367815,90145.82880176956,3837.039760766233
2025-09-18 16:00:00,90145.82880176956,90522.15650851703,90111.38392103049,90377.86780008198,5564.94765929674
2025-09-18 20:00:00,90377.86780008198,90545.62821170193,90041.14673367815,90193.3959697311,3284.959873498703
2025-09-19 00:00:00,90190.45920608356,90298.69888453743,90102.00331333396,90241.71250810995,5462.371288137065
2025-09-19 04:00:00,90241.71250810995,90257.21888509122,90033.66667567546,90040.43808114929,7085.683205093691
2025-09-19 08:00:00,90040.43808114929,90377.29697005406,90001.36478570545,90360.09578471388,10197.683191484233
2025-09-19 12:00:00,90360.09578471388,90606.58020828683,90359.60663783603,90605.98595465902,10944.474282600513
2025-09-19 16:00:00,90605.98595465902,91038.17426003306,90575.3701551145,90905.75606529624,15448.606119863649
2025-09-19 20:00:00,90905.75606529624,90914.16456034628,90889.31899274566,90890.50263715508,9005.417620871056
2025-09-20 00:00:00,90921.91450185003,90977.11637999657,90874.46033717832,90947.18110286629,7209.588047279175
2025-09-20 04:00:00,90947.18110286629,91218.36369551123,90882.74551282226,91104.22970127754,4519.56577386216
2025-09-20 08:00:00,91104.22970127754,91382.20796484887,90979.84607542744,91286.99829758625,6201.65634921322
2025-09-20 12:00:00,91286.99829758625,91541.18641454529,91256.21189145782,91523.529757277,6290.792008071462
2025-09-20 16:00:00,91523.529757277,91608.35916481326,91413.24288518456,91583.58566776822,3772.1582041113934
2025-09-20 20:00:00,91583.58566776822,91597.79902083035,91350.82317269366,91409.66644518699,9139.064320141795
2025-09-21 00:00:00,91374.8822438814,91687.38111495458,91348.36249601311,91604.28504291718,6908.778480076174
2025-09-21 04:00:00,91604.28504291718,91722.38375783019,91510.8821734621,91626.63701321847,3234.495837008205
2025-09-21 08:00:00,91626.63701321847,91859.0937010196,91596.7715185273,91770.6638835981,8284.2063052835
2025-09-21 12:00:00,91770.6638835981,91811.7771515988,91743.572875838,91771.94173529724,4846.72413693919
2025-09-21 16:00:00,91771.94173529724,91948.73416165209,91580.13904766526,91857.70605812264,3252.9741022170697
2025-09-21 20:00:00,91857.70605812264,91885.93273553166,91675.05270320256,91800.93390631315,3062.279946006607
2025-09-22 00:00:00,91746.52940183389,96164.27655674654,91083.80626113825,96164.27655674654,18006.53504253804
2025-09-22 04:00:00,96164.27655674654,97932.62959109903,95733.54292682844,97932.62959109903,7904.472455690418
2025-09-22 08:00:00,97932.62959109903,100013.53885976893,97547.94164717074,100013.53885976893,13002.336986553493
2025-09-22 12:00:00,100013.53885976893,100013.53885976893,90979.7279681294,93923.33458563627,12407.69047024613
2025-09-22 16:00:00,93923.33458563627,93923.33458563627,85856.39665342479,85856.39665342479,10444.961482641716
2025-09-22 20:00:00,85856.39665342479,90745.53209270872,85856.39665342479,89116.47149167038,16547.209738429196
2025-09-23 00:00:00,89874.54673447234,90028.87614950139,89846.8747738442,89911.92005067812,8180.558254540704
2025-09-23 04:00:00,89911.92005067812,90016.7328706187,89650.55502423891,89652.42676016431,7698.849439801902
2025-09-23 08:00:00,89652.42676016431,90724.3754557233,89175.14398373631,90286.01985282994,5289.945839449499
2025-09-23 12:00:00,90286.01985282994,90579.48139758132,90243.40746621262,90365.52978169623,6238.305718522282
2025-09-23 16:00:00,90365.52978169623,90422.3373943207,90223.74717575035,90305.09631907972,9983.96026988337
2025-09-23 20:00:00,90305.09631907972,90567.52276477194,90007.07827673473,90191.64484336066,8828.187976400623
2025-09-24 00:00:00,90634.17404846128,91034.77829229203,90604.01223673392,91034.77829229203,6946.509748552573
2025-09-24 04:00:00,91034.77829229203,91034.77829229203,90534.33259291107,90534.33259291107,7966.491642136126
2025-09-24 08:00:00,90534.33259291107,90725.75950932445,90247.4212329267,90247.4212329267,12667.144778531912
2025-09-24 12:00:00,90247.4212329267,90492.92044205952,90247.4212329267,90398.53923248153,7056.19997350481
2025-09-24 16:00:00,90398.53923248153,90754.20988418037,90398.53923248153,90628.03785551932,7509.872897880392
2025-09-24 20:00:00,90628.03785551932,90959.8176604002,90604.01223673392,90936.92649898441,8224.50123392137
2025-09-25 00:00:00,90609.9521718481,91160.39178145304,90383.0267218797,90993.84805226923,5018.348304351931
2025-09-25 04:00:00,90993.84805226923,91078.14697756378,90796.87557679381,90833.4614449327,7240.8605187868825
2025-09-25 08:00:00,90833.4614449327,91132.78232053497,90794.36020974093,90992.56035320906,11610.141819833267
2025-09-25 12:00:00,90992.56035320906,91429.1648531345,90945.24441706078,91421.70820001121,9876.011314198475
2025-09-25 16:00:00,91421.70820001121,91429.1648531345,91247.45717688871,91254.4008787276,11670.028122273394
2025-09-25 20:00:00,91254.4008787276,91406.48158461384,91099.58451975307,91195.46704249896,7762.932344959075
2025-09-26 00:00:00,91383.9935004731,91433.47823936252,91352.81507802627,91368.76129798703,6043.128882237535
2025-09-26 04:00:00,91368.76129798703,91373.47669845611,91333.48884907181,91333.59426671064,7931.80479460042
2025-09-26 08:00:00,91333.59426671064,91385.95991807457,91319.42933086613,91373.72729453066,7953.801680990716
2025-09-26 12:00:00,91373.72729453066,91806.61131895822,91257.09587022438,91725.49730786549,4005.9490881615347
2025-09-26 16:00:00,91725.49730786549,91948.64845661072,91309.5852776001,91539.65733451153,8844.82946700196
2025-09-26 20:00:00,91539.65733451153,91716.72065394062,91005.2066148575,91115.33578679326,3878.3601413372844
2025-09-27 00:00:00,90577.29807764711,90657.19631050184,90430.62458258969,90652.25511593772,5555.9896070720015
2025-09-27 04:00:00,90652.25511593772,91430.76407089517,90516.11376312404,91074.20421540007,5804.9322553499915
2025-09-27 08:00:00,91074.20421540007,92109.13073114544,90568.28646770935,91763.06415595047,9481.594231809462
2025-09-27 12:00:00,91763.06415595047,91824.55269426729,91662.62978743442,91811.53935603963,10190.29976828257
2025-09-27 16:00:00,91811.53935603963,92569.79141332128,91661.98226418965,92459.02651642943,12815.374993823087
2025-09-27 20:00:00,92459.02651642943,93116.59367931841,92157.71355798471,92909.5490302265,10610.632047212313
2025-09-28 00:00:00,92788.5067510454,93101.78915541935,92683.86009577122,93073.95995712688,9058.42517372194
2025-09-28 04:00:00,93073.95995712688,93368.10247720977,93047.1878584819,93363.44448356939,6028.2765796398235
2025-09-28 08:00:00,93363.44448356939,93521.54702012854,92491.04659448002,92687.83094391567,9589.07486216079
2025-09-28 12:00:00,92687.83094391567,93444.72176248074,92560.12523023272,93320.4826855731,4352.316554578169
2025-09-28 16:00:00,93320.4826855731,93937.60822456506,93173.4592127668,93650.54010521267,4232.893904066668
2025-09-28 20:00:00,93650.54010521267,93941.97380292985,93621.83426879642,93831.00726670868,9643.736109445019
2025-09-29 00:00:00,93653.81233627541,95103.359790875,93519.51964460776,95076.17493080231,23273.3099302619
2025-09-29 04:00:00,95076.17493080231,95103.359790875,94285.67966562757,94687.54637777233,21758.74751899868
2025-09-29 08:00:00,94687.54637777233,94794.05650755303,94409.66374994205,94457.39320039912,17275.24297232561
2025-09-29 12:00:00,94457.39320039912,94794.0541571263,92728.59912420595,92933.7990830015,20209.930340810315
2025-09-29 16:00:00,92933.7990830015,94301.1626999985,92711.560764349,93812.47081321815,18845.84106423772
2025-09-29 20:00:00,93812.47081321815,94737.23984911687,93773.67358312407,94452.18674501615,12924.644508627922
2025-09-30 00:00:00,93899.64791380787,94312.22766527713,93776.45191210987,94206.73289614635,4426.830091573083
2025-09-30 04:00:00,94206.73289614635,94331.05663480505,94191.07658170603,94251.6209510798,4719.2692777589045
2025-09-30 08:00:00,94251.6209510798,94266.05858548937,94212.55439303665,94234.43010383457,4796.005592943401
2025-09-30 12:00:00,94234.43010383457,95189.08253592471,93771.40977326997,95141.67422327548,4379.304965162852
2025-09-30 16:00:00,95141.67422327548,95427.46636112247,94991.52543915503,95427.46636112247,6184.858297467305
2025-09-30 20:00:00,95427.46636112247,95427.46636112247,94975.754897042,95040.28650171014,6340.826195499991
2025-10-01 00:00:00,94990.8623132393,100104.07219014181,94568.18612412232,100104.07219014181,5094.361624386478
2025-10-01 04:00:00,100104.07219014181,100104.07219014181,99109.5319284881,99223.76031379004,5203.317037203501
2025-10-01 08:00:00,99223.76031379004,99223.76031379004,97636.35030618553,97936.86772032817,10706.245844825582
2025-10-01 12:00:00,97936.86772032817,97936.86772032817,95868.25435167678,96524.46681977,5478.223689315593
2025-10-01 16:00:00,96524.46681977,96524.46681977,91515.04376666006,91515.04376666006,13282.148553801344
2025-10-01 20:00:00,91515.04376666006,94898.31376979429,91515.04376666006,94245.26817320086,9291.277793002948
2025-10-02 00:00:00,94648.34670940335,94703.24819454768,94392.85044998581,94392.85044998581,5350.533222267563
2025-10-02 04:00:00,94392.85044998581,94405.07777279841,94353.61986700527,94353.61986700527,8078.23424523215
2025-10-02 08:00:00,94353.61986700527,94659.60874450927,94353.61986700527,94646.05084940865,9284.626441304928
2025-10-02 12:00:00,94646.05084940865,95547.05930380193,94639.38402157926,95227.59235321972,15097.592422432956
2025-10-02 16:00:00,95227.59235321972,95300.94656038261,95209.36371884105,95263.80631052097,9315.181699276462
2025-10-02 20:00:00,95263.80631052097,95987.18514613004,94984.92198015456,95962.46470717,13340.453860851296
2025-10-03 00:00:00,96272.79240712643,96508.48159916437,94908.1817484072,95296.92267047854,12568.646734539265
2025-10-03 04:00:00,95296.92267047854,96353.33558891281,94654.64129366136,95934.95238109224,15458.256458499964
2025-10-03 08:00:00,95934.95238109224,96270.91707869808,95088.88915907659,95418.09117303806,12886.793232118907
2025-10-03 12:00:00,95418.09117303806,95773.36906938051,94579.98274522198,94878.55607886141,11061.981114707567
2025-10-03 16:00:00,94878.55607886141,94993.70985904691,94479.06379580258,94479.06379580258,15598.147492922388
2025-10-03 20:00:00,94479.06379580258,94754.80697090703,94479.06379580258,94698.49154181572,14016.046896606551
2025-10-04 00:00:00,94676.21349244875,94679.38306228686,94667.28602645775,94679.16435125623,7956.807624212811
2025-10-04 04:00:00,94679.16435125623,94683.36393196922,94661.73613004255,94670.9005593019,3132.356592031197
2025-10-04 08:00:00,94670.9005593019,94838.00388712175,94657.45463714414,94691.34945804701,3250.1898275383296
2025-10-04 12:00:00,94691.34945804701,94850.795768388,94556.63264191897,94681.72574190004,7034.19237472059
2025-10-04 16:00:00,94681.72574190004,94718.53276854077,94670.04104957964,94715.4844840225,3675.45476209248
2025-10-04 20:00:00,94715.4844840225,94739.15668410619,94669.08324080927,94701.38884270197,4310.083429032349
2025-10-05 00:00:00,94758.45807552505,94937.16970118247,94611.46266149243,94652.04558359717,3652.1828749796846
2025-10-05 04:00:00,94652.04558359717,94851.59058739366,94611.46266149243,94837.820166335,5372.031169317771
2025-10-05 08:00:00,94837.820166335,95275.13545736394,94611.46266149243,95034.01246268125,5156.289131620664
2025-10-05 12:00:00,95034.01246268125,95215.62261435133,94953.4475170872,95158.48568951373,6927.824115215193
2025-10-05 16:00:00,95158.48568951373,95273.9742454216,94988.2822029111,95066.64741610209,8631.318395520088
2025-10-05 20:00:00,95066.64741610209,95187.48186143316,94966.88948234015,95168.96071950955,8761.904348352227
2025-10-06 00:00:00,95575.13378120128,95783.14534834384,95476.13308207715,95767.40301808532,6769.586497925669
2025-10-06 04:00:00,95767.40301808532,95810.74220833788,95624.7820553073,95639.9911740473,9441.290770779577
2025-10-06 08:00:00,95639.9911740473,95850.43757959458,95577.8320701408,95835.05895388496,9601.457123210188
2025-10-06 12:00:00,95835.05895388496,95986.6258345669,95702.36436824301,95901.11745489521,9662.940850120105
2025-10-06 16:00:00,95901.11745489521,96016.0214241698,95825.8065452482,95837.99017652012,8886.812860210794
2025-10-06 20:00:00,95837.99017652012,95888.7991211184,95807.18624328896,95882.60703942332,4893.832702920023
2025-10-07 00:00:00,95752.86394267195,95889.00301077189,95093.06406431037,95114.78605608399,5053.844435652815
2025-10-07 04:00:00,95114.78605608399,95584.05042886919,95110.34218951248,95536.8796768648,7090.890347127131
2025-10-07 08:00:00,95536.8796768648,96890.63904841462,95093.06406431037,96496.25195506655,7198.835704503229
2025-10-07 12:00:00,96496.25195506655,97463.96214936842,95036.62136547959,95036.62136547959,5688.843340185248
2025-10-07 16:00:00,95036.62136547959,95294.44323736816,95036.62136547959,95155.70696888506,7962.705014855031
2025-10-07 20:00:00,95155.70696888506,96954.0125176706,95093.06406431037,96777.0033902359,5528.154372479005
2025-10-08 00:00:00,96712.61130339662,97264.88516018065,94422.47246998499,94422.47246998499,4020.7033224069796
2025-10-08 04:00:00,94422.47246998499,94436.7561274927,94358.9730671103,94358.9730671103,8696.65134426387
2025-10-08 08:00:00,94358.9730671103,95213.39333278478,94358.9730671103,95101.17634043885,7260.811239770946
2025-10-08 12:00:00,95101.17634043885,96328.96204643861,95101.17634043885,95901.2807439048,6081.574599641677
2025-10-08 16:00:00,95901.2807439048,97312.47513530156,95752.90312481463,96871.54218349938,5315.87614999155
2025-10-08 20:00:00,96871.54218349938,97777.1433742767,96501.59270811023,97761.01503159151,4149.043470687344
2025-10-09 00:00:00,97713.19068168076,98701.04651578583,97711.09947861065,98179.61171555644,10185.539953015537
2025-10-09 04:00:00,98179.61171555644,98256.9834883177,98019.12305245537,98082.9427425556,5527.1628695171285
2025-10-09 08:00:00,98082.9427425556,98521.38124172534,98008.35921929135,98264.38042367474,5230.590576707275
2025-10-09 12:00:00,98264.38042367474,98550.59782114699,98121.2595150749,98517.23702349147,10059.924313403375
2025-10-09 16:00:00,98517.23702349147,98586.06595928861,98373.22677473247,98438.41219729575,12094.119535624057
2025-10-09 20:00:00,98438.41219729575,98764.9719994651,98148.2631181286,98764.9719994651,5926.970080680427
2025-10-10 00:00:00,99016.08860413208,99126.8942356087,98874.74519549734,98926.6408955112,7594.279500961694
2025-10-10 04:00:00,98926.6408955112,98932.54040522261,98829.6948009597,98866.91487084945,10015.18215257582
2025-10-10 08:00:00,98866.91487084945,98993.25009567814,98799.81753257621,98950.78473598252,5093.596538638661
2025-10-10 12:00:00,98950.78473598252,99149.03020768389,98799.81753257621,98858.00557659402,3606.4636761718702
2025-10-10 16:00:00,98858.00557659402,98988.42998551833,98809.15379804424,98900.68229851389,7053.645246676861
2025-10-10 20:00:00,98900.68229851389,99064.90471363929,98799.81753257621,98908.0247465126,3633.1335078632264
2025-10-11 00:00:00,98653.76776850935,99309.22054939596,98647.3891340265,99294.19588045521,4984.3860259013745
2025-10-11 04:00:00,99294.19588045521,99764.81930282766,98973.84845326818,99764.81930282766,6113.573685436753
2025-10-11 08:00:00,99764.81930282766,100156.64403994626,99569.11259472481,100156.64403994626,4086.039442057612
2025-10-11 12:00:00,100156.64403994626,100156.64403994626,97892.65301315775,97892.65301315775,6353.145673303873
2025-10-11 16:00:00,97892.65301315775,98415.56818453911,97458.56935985673,97458.56935985673,2874.4033843121224
2025-10-11 20:00:00,97458.56935985673,99309.22054939596,97458.56935985673,99261.14583413053,2630.6506753191156
2025-10-12 00:00:00,99167.49521621972,99183.86234366802,98847.12681584254,98982.88202330773,3781.9268590455254
2025-10-12 04:00:00,98982.88202330773,99197.67235664719,98797.20065612663,98891.20465703266,8938.746769210187
2025-10-12 08:00:00,98891.20465703266,99010.3569320442,98797.20065612663,98833.76326406709,6035.892342642388
2025-10-12 12:00:00,98833.76326406709,98834.71873950338,98810.59699363791,98814.34112713338,4537.0952460443195
2025-10-12 16:00:00,98814.34112713338,98897.2454286562,98800.31553127235,98883.27218085382,8178.897731752841
2025-10-12 20:00:00,98883.27218085382,98982.34598492028,98797.20065612663,98944.34923987441,8562.816671600725
2025-10-13 00:00:00,99163.8305467816,99271.94197295666,99139.0412770068,99256.51279962773,6648.629103943471
2025-10-13 04:00:00,99256.51279962773,99429.26089202777,99125.46070755368,99426.14725900753,14992.59573120086
2025-10-13 08:00:00,99426.14725900753,99769.77842446673,98872.5051520669,98922.51141208026,13679.847505251519
2025-10-13 12:00:00,98922.51141208026,98980.70397566618,98631.6336132971,98788.95102457415,6189.869315948051
2025-10-13 16:00:00,98788.95102457415,98849.07772176786,98709.88975604721,98737.07984236428,13253.767300345136
2025-10-13 20:00:00,98737.07984236428,98748.7334687709,98255.96082051111,98256.65270801101,9958.29384877656
2025-10-14 00:00:00,98620.19110271294,98644.90369894086,98151.0191047585,98151.0191047585,13404.40886100911
2025-10-14 04:00:00,98151.0191047585,99169.29254231285,98151.0191047585,98924.00870387285,7366.201214432346
2025-10-14 08:00:00,98924.00870387285,100031.30718501579,98829.26494607779,99895.0644285941,7324.527316654213
2025-10-14 12:00:00,99895.0644285941,100439.50129105235,98592.5878787844,98673.18424712495,7369.162802080055
2025-10-14 16:00:00,98673.18424712495,100568.197579183,98374.54038175703,99935.88564024874,9069.520459616235
2025-10-14 20:00:00,99935.88564024874,100652.9245374772,99862.36297229427,100545.46326334219,13917.476600864153
2025-10-15 00:00:00,100211.05376675465,100521.32680114817,100175.91770136193,100325.94328690779,8639.997993631438
2025-10-15 04:00:00,100325.94328690779,100342.83178807308,99612.04793414798,99751.33357338651,15691.87627359424
2025-10-15 08:00:00,99751.33357338651,100851.36548042121,99722.36770609126,100736.04300493085,16091.357876881635
2025-10-15 12:00:00,100736.04300493085,101685.66712179362,100422.76658058392,101583.18446495943,12857.564459430947
2025-10-15 16:00:00,101583.18446495943,102392.90551308448,101511.3101598385,102093.61780636397,17617.637626330783
2025-10-15 20:00:00,102093.61780636397,102527.01758449561,101956.62393665005,102355.36917946042,10321.87233582632
2025-10-16 00:00:00,102032.47834842073,102508.13792980327,101848.32614918133,102487.36382120578,9233.68487981518
2025-10-16 04:00:00,102487.36382120578,102508.13792980327,101207.32877487838,101495.10452195162,11821.26343526793
2025-10-16 08:00:00,101495.10452195162,101564.54455080078,101225.39246485676,101277.10552891633,9754.672356956902
2025-10-16 12:00:00,101277.10552891633,102377.78586523217,100938.11699565269,102247.2355905508,5103.2668170318775
2025-10-16 16:00:00,102247.2355905508,102469.1944055953,101402.96449917606,101547.16415710264,10976.940576197321
2025-10-16 20:00:00,101547.16415710264,101869.43628422105,100388.44398575285,100424.02198329786,11010.355407024554
2025-10-17 00:00:00,100444.06542415802,100700.97749305813,100287.4466732311,100695.27217119705,5378.176764332624
2025-10-17 04:00:00,100695.27217119705,100754.62709211343,100395.92272444273,100436.4317987895,8191.2036917538135
2025-10-17 08:00:00,100436.4317987895,100577.59841651501,100107.32197253128,100258.78867046043,3910.2513579150936
2025-10-17 12:00:00,100258.78867046043,100347.55341066232,100167.08957821093,100330.18040872656,8098.867304173449
2025-10-17 16:00:00,100330.18040872656,100600.893150567,100157.88985296531,100511.23426576852,7579.9770155593815
2025-10-17 20:00:00,100511.23426576852,100806.2272365237,100424.44899292255,100708.49564866142,2899.2286726972766
2025-10-18 00:00:00,100780.36982140694,102674.55391177504,-15276.493597163624,-15276.493597163624,3694.861806474594
2025-10-18 04:00:00,-15276.493597163624,-8195.106798947056,-15276.493597163624,-9267.612056416101,3703.2901200630185
2025-10-18 08:00:00,-9267.612056416101,-5056.729281995745,-21552.862624983383,-21552.862624983383,4009.388242492257
2025-10-18 12:00:00,-21552.862624983383,-17913.912326987636,-36705.733124303006,-36705.733124303006,5087.970918207449
2025-10-18 16:00:00,-36705.733124303006,-35594.58407858787,-40537.68527839943,-40537.68527839943,4016.8505674269977
2025-10-18 20:00:00,-40537.68527839943,-10220.858220477792,-40537.68527839943,-17149.622271907654,6308.472855298749
2025-10-19 00:00:00,102137.43042072056,102348.80603656879,101428.24485997777,101516.94010599493,18585.57861189171
2025-10-19 04:00:00,101516.94010599493,101734.51464746878,101098.67088416417,101306.26105757186,27761.346148380606
2025-10-19 08:00:00,101306.26105757186,102191.57048900105,101053.77474858263,102063.60527054676,20480.855302470518
2025-10-19 12:00:00,102063.60527054676,102298.52688773043,101421.06333123671,101663.79459440144,17181.699195074743
2025-10-19 16:00:00,101663.79459440144,102138.86502015314,100430.09269698928,100431.26517614817,10788.564799922771
2025-10-19 20:00:00,100431.26517614817,100551.57215081125,99156.54725104912,99460.61353461172,24862.215690574525
2025-10-20 00:00:00,99542.52567105246,99667.55643311563,98963.11356427021,99274.49314130418,6525.8392084828965
2025-10-20 04:00:00,99274.49314130418,99627.57376596706,97559.9058949888,97559.9058949888,7379.440726162776
2025-10-20 08:00:00,97559.9058949888,97863.49392439733,96170.10120654477,96170.10120654477,5296.643432613406
2025-10-20 12:00:00,96170.10120654477,97340.41675976195,96170.10120654477,97179.46378935422,4729.605506392512
2025-10-20 16:00:00,97179.46378935422,98290.35190576571,97179.46378935422,98283.61100128654,5147.468628560037
2025-10-20 20:00:00,98283.61100128654,98378.9645085677,97860.46374824144,97864.86837569885,4584.977498863079
2025-10-21 00:00:00,98052.3360621342,98644.05739027131,97793.96238823244,98644.05739027131,10982.967996456631
2025-10-21 04:00:00,98644.05739027131,98644.05739027131,98019.24269763722,98063.05172618321,7583.55362515434
2025-10-21 08:00:00,98063.05172618321,98091.24688507621,97022.0259664687,97089.83019435567,19175.62336030515
2025-10-21 12:00:00,97089.83019435567,97273.64552493123,96347.57589067204,96615.20323049123,18755.67375391298
2025-10-21 16:00:00,96615.20323049123,96734.5197326254,96473.29620976346,96478.80968124975,17127.333962501834
2025-10-21 20:00:00,96478.80968124975,96581.5200692414,96347.57589067204,96379.08335305518,13849.027208423397
2025-10-22 00:00:00,96567.56921695216,96739.85920811897,96371.19149615342,96400.43906871304,4649.074715341185
2025-10-22 04:00:00,96400.43906871304,96661.50658551806,96371.19149615342,96553.25447096633,8198.657698015402
2025-10-22 08:00:00,96553.25447096633,96648.71366834227,96142.64749845906,96142.64749845906,8360.844179605992
2025-10-22 12:00:00,96142.64749845906,96863.67445234867,96142.64749845906,96602.35784147469,8711.16893266228
2025-10-22 16:00:00,96602.35784147469,96624.93211258663,96314.03459843855,96314.03459843855,3108.0433276314593
2025-10-22 20:00:00,96314.03459843855,97018.23907006737,96314.03459843855,96925.01003702804,5440.086622694524
2025-10-23 00:00:00,96601.84333773116,96630.12252835186,96545.76563364439,96626.74609070765,16450.20090577689
2025-10-23 04:00:00,96626.74609070765,96712.00364036422,96351.35882404602,96429.96043110995,8601.315451093888
2025-10-23 08:00:00,96429.96043110995,96589.93796145445,95600.39663186656,95945.71653140131,9795.016692123263
2025-10-23 12:00:00,95945.71653140131,96085.66800782473,95526.62142682307,95737.58953120072,11546.966586383303
2025-10-23 16:00:00,95737.58953120072,95937.93419814622,94965.72035025647,95132.45511593063,11578.461619465224
2025-10-23 20:00:00,95132.45511593063,95681.21386316464,95106.06493744811,95660.76132068613,8190.959143678484
2025-10-24 00:00:00,95606.9125063642,95655.09268717279,95288.7838504988,95396.60680968277,4774.792586263442
2025-10-24 04:00:00,95396.60680968277,95632.98315007004,95086.46621599093,95102.4750256113,3204.203263631607
2025-10-24 08:00:00,95102.4750256113,95217.59966585458,94744.562315435,94857.7089902657,8405.669006419543
2025-10-24 12:00:00,94857.7089902657,95478.82823242953,94675.6999609253,95206.69403220464,8316.220914095153
2025-10-24 16:00:00,95206.69403220464,95400.94751179362,95111.24839004339,95336.75324591751,5724.975483033304
2025-10-24 20:00:00,95336.75324591751,95347.45777395638,95138.57415820945,95146.83745506173,5979.965031864209
2025-10-25 00:00:00,95253.93337075127,95281.97314685072,95239.84789350565,95240.92106624924,4010.0013403977746
2025-10-25 04:00:00,95240.92106624924,95285.12454471085,95159.83244899752,95192.27710853623,3106.7708150407852
2025-10-25 08:00:00,95192.27710853623,95614.20607323886,95056.79154132039,95381.86070879103,8775.383568691062
2025-10-25 12:00:00,95381.86070879103,95423.21128852286,95279.09844056884,95342.79643726676,4053.806687760842
2025-10-25 16:00:00,95342.79643726676,95474.83450050003,95268.74967293961,95449.27530387335,8198.58500741463
2025-10-25 20:00:00,95449.27530387335,95451.27279119218,95409.29203194383,95431.25077509927,4046.254128359613
2025-10-26 00:00:00,95508.7953244865,95883.2535894318,94881.3981141437,94881.3981141437,15738.904180950618
2025-10-26 04:00:00,94881.3981141437,96015.88187605872,94881.3981141437,95679.53259283186,33743.376535548916
2025-10-26 08:00:00,95679.53259283186,98434.27264294859,95106.98655699994,98149.20551336519,26485.888161663366
2025-10-26 12:00:00,98149.20551336519,99427.34590586046,97976.95181198252,99247.40995261274,24261.321562266934
2025-10-26 16:00:00,99247.40995261274,101947.25559135321,98926.8850864023,101947.25559135321,14091.41904912151
2025-10-26 20:00:00,101947.25559135321,101947.25559135321,101197.37557602706,101389.55473720032,15223.826847646285
2025-10-27 00:00:00,101058.44313549298,101835.89259748145,99237.63255235512,99373.93120260056,12024.376902228718
2025-10-27 04:00:00,99373.93120260056,99634.03534682654,98957.47208922758,98957.47208922758,15969.020598019777
2025-10-27 08:00:00,98957.47208922758,101746.78425749025,98957.47208922758,101343.94853761196,6637.9737380486495
2025-10-27 12:00:00,101343.94853761196,101625.82684542646,99901.70180474722,100268.30461837468,15046.711284082185
2025-10-27 16:00:00,100268.30461837468,102098.84872546626,100119.51148013206,101955.09660935265,13382.639011398796
2025-10-27 20:00:00,101955.09660935265,103044.48535117808,101835.1055464922,102766.77297747217,13587.781168564086
2025-10-28 00:00:00,102803.65859189534,103430.68594155148,102422.09300620353,103430.68594155148,7301.077523761699
2025-10-28 04:00:00,103430.68594155148,103430.68594155148,103411.28520884074,103421.26470854299,12542.099876661094
2025-10-28 08:00:00,103421.26470854299,103421.26470854299,103099.23735817322,103152.84858298754,12367.474848610655
2025-10-28 12:00:00,103152.84858298754,103152.84858298754,101621.42472755548,102109.62462331532,6840.884405080697
2025-10-28 16:00:00,102109.62462331532,102259.2295075085,101912.18809155832,102036.44099560964,11327.561720481455
2025-10-28 20:00:00,102036.44099560964,102571.4247908541,101400.25555440632,101572.91502417157,9617.324000166987
2025-10-29 00:00:00,101677.86366069262,102430.24637300335,101574.87810409794,102253.89545972389,7452.744197010896
2025-10-29 04:00:00,102253.89545972389,103038.191453199,102056.45994497374,102765.80201177574,5528.1610001476165
2025-10-29 08:00:00,102765.80201177574,102803.54891358316,102419.41503496365,102488.7915416243,11871.411008748764
2025-10-29 12:00:00,102488.7915416243,102597.51751949327,102414.79269029642,102563.54219243697,4944.964461566403
2025-10-29 16:00:00,102563.54219243697,102674.95690348145,102535.87773074575,102650.84974554893,9929.250208624217
2025-10-29 20:00:00,102650.84974554893,103232.58386780114,102568.03969315952,102984.47684402733,6984.3009711462955
2025-10-30 00:00:00,103308.79491892409,104439.37883356112,103256.29816228208,104439.37883356112,7771.02249999878
2025-10-30 04:00:00,104439.37883356112,104439.37883356112,102039.120500112,102799.73639518507,10265.132746316996
2025-10-30 08:00:00,102799.73639518507,103036.28582504543,99351.17222937802,99351.17222937802,5799.413874527888
2025-10-30 12:00:00,99351.17222937802,99743.77599996576,98532.43575307105,98532.43575307105,6143.446152031362
2025-10-30 16:00:00,98532.43575307105,100126.96648357838,98532.43575307105,99902.76595577152,10019.175637512195
2025-10-30 20:00:00,99902.76595577152,101683.03644150893,99902.76595577152,101635.77262292072,6311.498215360562
2025-10-31 00:00:00,101191.81745046796,102711.57988753592,100797.81674893237,102569.73278747944,5871.945159260598
2025-10-31 04:00:00,102569.73278747944,105609.80446025556,101460.51349691757,105609.80446025556,6987.807051236219
2025-10-31 08:00:00,105609.80446025556,105609.80446025556,105538.526907705,105555.20547359537,8848.38158236774
2025-10-31 12:00:00,105555.20547359537,105555.20547359537,102061.48767694492,103229.28906934835,6649.364540621734
2025-10-31 16:00:00,103229.28906934835,103377.81943451744,102069.36509260965,102465.65424718305,7498.781658916754
2025-10-31 20:00:00,102465.65424718305,103843.79134590256,102343.47757563539,103456.2397646309,11369.573271753801
2025-11-01 00:00:00,103210.05881291778,103260.89141960887,103200.10417965843,103209.67583376939,5327.469058399922
2025-11-01 04:00:00,103209.67583376939,103217.34022168838,103204.04746771717,103215.9677123568,4454.618516122894
2025-11-01 08:00:00,103215.9677123568,103273.10896814891,103096.11024022684,103223.15284087815,3388.048430565612
2025-11-01 12:00:00,103223.15284087815,103344.86764291943,103215.34377529546,103222.70993064552,6122.992237602931
2025-11-01 16:00:00,103222.70993064552,103258.92189159633,103204.16232620356,103215.34113564935,3243.39591619359
2025-11-01 20:00:00,103215.34113564935,103235.97135743411,103203.00672403304,103215.77365949447,5723.341582826987
2025-11-02 00:00:00,102792.19454498772,104027.92710098437,102429.32691751017,103866.72694028192,17661.82238985815
2025-11-02 04:00:00,103866.72694028192,104839.86445087803,103728.35735974577,104453.25051314071,19912.981363271603
2025-11-02 08:00:00,104453.25051314071,105602.59358025146,104118.10248027222,105269.61509115377,21898.016500668724
2025-11-02 12:00:00,105269.61509115377,105298.52871152063,104731.07855755274,104796.27364261124,11509.698648019905
2025-11-02 16:00:00,104796.27364261124,104982.7927954267,104769.1745674886,104769.88794582986,12936.848976932868
2025-11-02 20:00:00,104769.88794582986,105877.09449454825,104646.27580475579,105623.68046261871,11787.721532111982
2025-11-03 00:00:00,105149.65146016788,105515.76826666636,105114.66562241787,105119.53572929265,7960.879288402554
2025-11-03 04:00:00,105119.53572929265,105349.69540167465,104879.62495975733,104997.58352254094,7172.140707043871
2025-11-03 08:00:00,104997.58352254094,105111.06103946455,104935.19093012638,105024.63527503348,3918.207606187295
2025-11-03 12:00:00,105024.63527503348,105040.10646621176,105019.14315939539,105032.43340926945,6206.094203901125
2025-11-03 16:00:00,105032.43340926945,105060.53358160317,104991.31555387295,104996.72855113253,7821.637949566128
2025-11-03 20:00:00,104996.72855113253,105007.93566159741,104835.23983959324,104909.92113643554,3931.884864408952
2025-11-04 00:00:00,105242.92597388302,105769.55305336813,102463.69077013571,102463.69077013571,10607.944048383837
2025-11-04 04:00:00,102463.69077013571,106265.44313126913,102463.69077013571,106141.9548919707,5792.057799714703
2025-11-04 08:00:00,106141.9548919707,106195.9500235364,106127.2445569186,106168.86251397323,10971.09009301028
2025-11-04 12:00:00,106168.86251397323,106265.44313126913,105799.93034274506,105987.67485443254,8871.373058772686
2025-11-04 16:00:00,105987.67485443254,108611.01638306293,104756.3900844506,108611.01638306293,7021.621073328332
2025-11-04 20:00:00,108611.01638306293,108611.01638306293,104213.62571602727,105359.28771834682,9840.524960688686
2025-11-05 00:00:00,105361.17388894965,105367.1308941585,105289.01291245427,105355.60333656221,7602.417015124441
2025-11-05 04:00:00,105355.60333656221,105532.95215039645,105156.03100123977,105267.16254479255,2609.483557257427
2025-11-05 08:00:00,105267.16254479255,105359.66710594045,105108.53392179991,105199.71183073893,7091.908389840328
2025-11-05 12:00:00,105199.71183073893,105212.30088190566,105172.72820072138,105208.70696674657,3966.070581593304
2025-11-05 16:00:00,105208.70696674657,105254.16754655403,105094.07686949887,105176.37474921293,7035.653299469312
2025-11-05 20:00:00,105176.37474921293,105196.76046311177,105049.6555724992,105073.22956176527,4298.406298634598
2025-11-06 00:00:00,105224.15786526508,105346.32567230049,104353.8828805984,104504.7563795805,17683.955256018755
2025-11-06 04:00:00,104504.7563795805,104930.27020846294,104491.65606425208,104839.48194433749,6992.645847378122
2025-11-06 08:00:00,104839.48194433749,105129.22203124962,104726.98973656559,105032.34775300704,17996.304065873344
2025-11-06 12:00:00,105032.34775300704,105346.32567230049,104921.25751357253,105210.67125000035,6680.899341051879
2025-11-06 16:00:00,105210.67125000035,105346.32567230049,104543.78083695522,104653.78332370383,12894.890661247046
2025-11-06 20:00:00,104653.78332370383,104921.04255247429,104103.16555394712,104174.09846563119,13644.030443589045
2025-11-07 00:00:00,104155.52514021908,104843.85475895293,103887.8970738324,104637.69136759394,5474.143847305926
2025-11-07 04:00:00,104637.69136759394,104656.57755778756,104608.88745557795,104629.315667526,11501.30888482268
2025-11-07 08:00:00,104629.315667526,104934.08483162204,104230.16145176748,104828.70501626423,8952.757032720645
2025-11-07 12:00:00,104828.70501626423,104934.08483162204,104488.61297779059,104584.21320047934,9998.034760554518
2025-11-07 16:00:00,104584.21320047934,105043.04571683302,104560.8625189168,105043.04571683302,9619.430674981208
2025-11-07 20:00:00,105043.04571683302,105043.04571683302,104532.17833115056,104666.73409568629,7955.582765232901
2025-11-08 00:00:00,105370.25772732269,105927.97820309953,105118.3998208324,105832.39223879717,7264.931314474474
2025-11-08 04:00:00,105832.39223879717,105973.70507886562,105527.46811034645,105604.39556141588,9320.848484615915
2025-11-08 08:00:00,105604.39556141588,105883.42198670589,104283.23230857916,104710.16579399342,4529.953292187172
2025-11-08 12:00:00,104710.16579399342,105202.40675011186,104407.43477403095,104979.80587456198,11290.11565279597
2025-11-08 16:00:00,104979.80587456198,105539.64684815529,103659.01012166533,103659.01012166533,10545.15277122358
2025-11-08 20:00:00,103659.01012166533,104804.99624696032,103659.01012166533,104506.53186403766,10922.817290811652
2025-11-09 00:00:00,103942.04468099534,104497.54146869485,102531.19560721278,102531.19560721278,11575.671917202055
2025-11-09 04:00:00,102531.19560721278,102760.451364265,101214.86941977209,101214.86941977209,7804.662634755593
2025-11-09 08:00:00,101214.86941977209,104723.38246680771,101214.86941977209,103780.16415210832,15677.763522281844
2025-11-09 12:00:00,103780.16415210832,104152.89925955341,103706.15344794252,103964.05641907497,8220.846127469385
2025-11-09 16:00:00,103964.05641907497,104182.86168000073,103412.74771088583,103412.74771088583,15491.436348135696
2025-11-09 20:00:00,103412.74771088583,106384.94681697436,103412.74771088583,106240.01853786873,11953.55046722093
2025-11-10 00:00:00,106502.22141598929,106580.04451542896,106338.25100266893,106415.95922303056,3937.0793630415355
2025-11-10 04:00:00,106415.95922303056,106462.38057471582,106321.22124319665,106387.03426382932,2599.361595332508
2025-11-10 08:00:00,106387.03426382932,106531.67512579667,106272.13423495929,106507.77110099552,4415.76327115597
2025-11-10 12:00:00,106507.77110099552,106514.67755175075,106454.4791170831,106466.51549531097,3195.855094097792
2025-11-10 16:00:00,106466.51549531097,106674.0064766684,106132.96021197403,106321.37926626478,5765.058064068149
2025-11-10 20:00:00,106321.37926626478,106482.99865598495,106098.33132718843,106205.21295633423,3078.5590388937358
2025-11-11 00:00:00,106482.1952801748,106516.6179130469,106459.51065000662,106493.433109373,4294.682872267519
2025-11-11 04:00:00,106493.433109373,106533.24269154655,106361.31676116324,106447.12529106122,9063.765154695917
2025-11-11 08:00:00,106447.12529106122,106482.06627990313,106279.24470025295,106309.35274732523,6729.557441033171
2025-11-11 12:00:00,106309.35274732523,106355.36258885195,106240.31265653574,106332.16718762949,8538.18146094807
2025-11-11 16:00:00,106332.16718762949,106363.27809373983,106237.95517175442,106285.77680713846,8175.136441410664
2025-11-11 20:00:00,106285.77680713846,106529.35459627367,106285.3078517599,106371.02409851101,7663.849163777813
2025-11-12 00:00:00,106661.23772815945,107198.54508585221,106515.79162221582,107187.82935087827,12432.32449520137
2025-11-12 04:00:00,107187.82935087827,110061.14978420704,106202.93382542978,110061.14978420704,6912.42695169152
2025-11-12 08:00:00,110061.14978420704,110061.14978420704,108362.77382682265,108682.22351217724,7002.592099714642
2025-11-12 12:00:00,108682.22351217724,108682.22351217724,106786.59613205651,107270.400171774,9188.118461534272
2025-11-12 16:00:00,107270.400171774,108241.94994380932,106641.2656173526,108241.94994380932,8486.898346362206
2025-11-12 20:00:00,108241.94994380932,108241.94994380932,106650.28908051952,107132.82514218894,9076.386497216989
2025-11-13 00:00:00,107281.28958982133,107320.61933561017,107172.85446530727,107251.70109654263,10934.104289899476
2025-11-13 04:00:00,107251.70109654263,107545.93781571215,107230.35248761548,107313.42864259689,6590.095760650651
2025-11-13 08:00:00,107313.42864259689,107507.04756080534,107243.01545152084,107331.64465158795,5020.410379059691
2025-11-13 12:00:00,107331.64465158795,107342.2166262846,107294.76474391046,107323.35579539897,7815.839025041501
2025-11-13 16:00:00,107323.35579539897,107436.85990360404,107223.17609468405,107289.51917494407,10630.278359297756
2025-11-13 20:00:00,107289.51917494407,107519.29071627863,107250.60806427663,107360.89663274605,12143.120684128775
2025-11-14 00:00:00,107641.88835312809,107703.27223190044,107613.51992982817,107651.14012643757,8408.785258955642
2025-11-14 04:00:00,107651.14012643757,107820.6292375327,107490.89600403969,107613.92892625538,9769.035345716638
2025-11-14 08:00:00,107613.92892625538,107699.31657562865,107506.796104947,107580.87042487596,7628.008179833841
2025-11-14 12:00:00,107580.87042487596,107673.56940866102,107489.37707425738,107588.82247301775,10025.66914779762
2025-11-14 16:00:00,107588.82247301775,107711.06779507559,107530.68506256808,107600.42736268145,5591.014240524145
2025-11-14 20:00:00,107600.42736268145,107806.18196022898,107499.45975458981,107570.12131432677,6188.1084127561635
2025-11-15 00:00:00,107881.89452097933,108008.33674166216,107458.19144802255,107622.19420649203,4176.002161819408
2025-11-15 04:00:00,107622.19420649203,107776.58703530348,107168.14987661714,107265.04442980382,5140.065830581339
2025-11-15 08:00:00,107265.04442980382,107589.3791635343,107143.97010485386,107474.2336583115,4095.7210743958176
2025-11-15 12:00:00,107474.2336583115,107767.13343867069,107109.33453267808,107109.33453267808,5334.730854330423
2025-11-15 16:00:00,107109.33453267808,107412.39862751807,107109.33453267808,107166.65661064301,6881.57994777808
2025-11-15 20:00:00,107166.65661064301,107367.24770645896,107143.97010485386,107241.65096282579,7225.438194362255
2025-11-16 00:00:00,106959.50955407791,107288.99486902109,106627.50723931505,107288.99486902109,7902.253504120752
2025-11-16 04:00:00,107288.99486902109,107288.99486902109,106545.27843420608,106545.27843420608,4714.119389642314
2025-11-16 08:00:00,106545.27843420608,106580.36208834461,106294.06410480425,106294.06410480425,6996.155113100313
2025-11-16 12:00:00,106294.06410480425,107257.8619866855,106294.06410480425,107047.43614386891,6972.92544972999
2025-11-16 16:00:00,107047.43614386891,108488.97355404453,106627.50723931505,108488.97355404453,5078.919021795156
2025-11-16 20:00:00,108488.97355404453,108488.97355404453,106880.86631244927,107134.34365647222,3793.949718350269
2025-11-17 00:00:00,107676.46937883763,108002.11428335283,107045.18496290875,108002.11428335283,4513.016853176136
2025-11-17 04:00:00,108002.11428335283,108002.11428335283,107321.41347553671,107653.20336526408,4580.464035497283
2025-11-17 08:00:00,107653.20336526408,107685.32013519533,107354.18182900443,107524.93181934014,3624.1665489952566
2025-11-17 12:00:00,107524.93181934014,107572.21257763189,107495.1396737103,107520.6674498061,5511.3775984703325
2025-11-17 16:00:00,107520.6674498061,107847.39931368557,107114.97940955851,107186.4919392544,7119.785335368431
2025-11-17 20:00:00,107186.4919392544,107314.62892068033,107030.36103451173,107115.31660969536,6468.770267681403
2025-11-18 00:00:00,107014.9302420823,107174.48194179093,103935.35103005105,103935.35103005105,4800.363996213019
2025-11-18 04:00:00,103935.35103005105,106322.32460356684,103935.35103005105,105770.20480477513,5720.57467565589
2025-11-18 08:00:00,105770.20480477513,108469.82512788016,105770.20480477513,108469.82512788016,8471.472732258873
2025-11-18 12:00:00,108469.82512788016,108469.82512788016,107216.08291492995,107626.41528167039,3847.3755885975474
2025-11-18 16:00:00,107626.41528167039,107637.46387485093,104094.45293897555,104094.45293897555,7553.445790998554
2025-11-18 20:00:00,104094.45293897555,107637.46387485093,104094.45293897555,106526.87947161646,8777.162032062575
2025-11-19 00:00:00,106591.88552171798,106610.82548209542,106573.46841985144,106606.80211487666,8590.553315165978
2025-11-19 04:00:00,106606.80211487666,106683.52271873265,106261.9008061285,106624.3960895649,9122.974494869046
2025-11-19 08:00:00,106624.3960895649,106652.39726802292,106519.0469831839,106608.52273979415,6049.131078088831
2025-11-19 12:00:00,106608.52273979415,106665.21972021017,106561.91847231156,106608.97916174564,4287.388984193452
2025-11-19 16:00:00,106608.97916174564,106728.61021141711,106552.87963600489,106652.79899257113,3662.1202087917914
2025-11-19 20:00:00,106652.79899257113,106724.13792208576,106627.37476151882,106685.56476733332,4839.9097648474135
2025-11-20 00:00:00,106440.27703067554,110841.07964442443,106078.91941916976,110841.07964442443,4045.4703102440744
2025-11-20 04:00:00,110841.07964442443,110841.07964442443,107968.11319700969,108647.78606631373,5935.0035557379615
2025-11-20 08:00:00,108647.78606631373,117183.29276479561,105773.59760694709,117183.29276479561,6015.13199615179
2025-11-20 12:00:00,117183.29276479561,117183.29276479561,105604.48629172772,108862.11130491899,9342.11098951599
2025-11-20 16:00:00,108862.11130491899,109987.9821599972,108373.44778232496,109987.9821599972,9925.155151812056
2025-11-20 20:00:00,109987.9821599972,109987.9821599972,105006.69281521438,105006.69281521438,4954.637172095341
2025-11-21 00:00:00,106232.963961304,106265.03083476708,106169.02393954255,106180.22533885983,7929.908252598562
2025-11-21 04:00:00,106180.22533885983,106368.8112465248,105783.84295056426,105787.59258818402,5779.743471643962
2025-11-21 08:00:00,105787.59258818402,106003.35036825461,105601.14304123062,105958.55179404475,4195.558590578418
2025-11-21 12:00:00,105958.55179404475,106187.8952010944,105629.62834156008,105809.04524779844,8146.217525635924
2025-11-21 16:00:00,105809.04524779844,106045.37681967247,105494.58072957062,105864.65319199409,6958.617785277975
2025-11-21 20:00:00,105864.65319199409,106171.77372459765,105535.1581023229,105739.41579212542,4745.282459850061
2025-11-22 00:00:00,105610.507498911,105701.99024597305,105029.83747468483,105204.79629415725,3588.852802144354
2025-11-22 04:00:00,105204.79629415725,105451.1713715558,105192.06228423581,105405.26968866812,3836.693422549042
2025-11-22 08:00:00,105405.26968866812,105601.39731180601,105240.78347699894,105532.35833365272,2839.9434304479664
2025-11-22 12:00:00,105532.35833365272,105617.7157346487,105235.98309340893,105362.33732685183,4331.404825891995
2025-11-22 16:00:00,105362.33732685183,105587.13962299099,105268.8732556993,105566.13983303108,3737.7763671623543
2025-11-22 20:00:00,105566.13983303108,105799.54394324723,105428.41574539887,105754.30042397593,3406.3985620440117
2025-11-23 00:00:00,105931.50551120508,106158.347087633,105076.38284619639,105076.38284619639,9648.701887559711
2025-11-23 04:00:00,105076.38284619639,105563.90663039598,105076.38284619639,105278.44311520904,9064.832293106136
2025-11-23 08:00:00,105278.44311520904,105661.74749251959,105278.44311520904,105521.33868169073,4170.491434417974
2025-11-23 12:00:00,105521.33868169073,105684.68073199008,105486.7584953797,105536.30661796991,5981.153183733587
2025-11-23 16:00:00,105536.30661796991,105966.26589908758,104961.33203810346,104961.33203810346,4957.292171257684
2025-11-23 20:00:00,104961.33203810346,105552.87648698561,104961.33203810346,105406.95876821516,11660.188498924434
2025-11-24 00:00:00,105272.55281445348,105288.88947230003,105139.46477931784,105181.99234554707,12439.660777944879
2025-11-24 04:00:00,105181.99234554707,105422.14446014843,105134.73259575467,105403.7581062016,8489.054825018371
2025-11-24 08:00:00,105403.7581062016,105442.50314527286,105370.15929100172,105442.50314527286,5254.454403339828
2025-11-24 12:00:00,105442.50314527286,105442.50314527286,105367.11043545924,105426.22392812118,9172.438457987551
2025-11-24 16:00:00,105426.22392812118,105426.22392812118,105110.94001442341,105167.5103317484,5129.413785502499
2025-11-24 20:00:00,105167.5103317484,105231.61852059473,104868.52666787153,104927.52334204577,10461.463815351404
2025-11-25 00:00:00,105235.05521448741,105942.98184497863,102830.38831311524,103238.4909575029,4185.814446670074
2025-11-25 04:00:00,103238.4909575029,105007.18384945889,103110.70019189604,104293.51794944168,7606.17831138726
2025-11-25 08:00:00,104293.51794944168,104718.29547652103,103239.23375912772,103475.07317825043,9467.262050809788
2025-11-25 12:00:00,103475.07317825043,104720.5554418983,102944.25572093205,104652.45694971437,4219.294712735773
2025-11-25 16:00:00,104652.45694971437,104865.51492919745,102830.38831311524,103100.58691928648,6173.503453221619
2025-11-25 20:00:00,103100.58691928648,104595.2168597858,102830.38831311524,104181.02325152568,4590.67422747376
2025-11-26 00:00:00,103912.30579057465,103923.4685157002,103887.72749382125,103898.99422714941,9838.450820794156
2025-11-26 04:00:00,103898.99422714941,104047.4767050318,103830.86436206572,103971.5191576545,8191.031797412377
2025-11-26 08:00:00,103971.5191576545,104021.69657898878,103910.37984495058,103931.5037684242,4106.522476898602
2025-11-26 12:00:00,103931.5037684242,104000.58267428295,103801.19084921926,103812.7816566854,5127.977530902362
2025-11-26 16:00:00,103812.7816566854,103875.25367487861,103691.33676223128,103764.71951828687,6301.7418448519975
2025-11-26 20:00:00,103764.71951828687,103986.71595412778,103493.78230376153,103616.00408952961,7677.794178418891
2025-11-27 00:00:00,103658.76689648234,103886.60654191089,102965.66768157121,103283.89080323148,7095.368020683767
2025-11-27 04:00:00,103283.89080323148,103357.69339975319,102309.31229663058,102309.31229663058,13690.246899207992
2025-11-27 08:00:00,102309.31229663058,102660.23154821487,101656.5497612372,101656.5497612372,12304.347504291292
2025-11-27 12:00:00,101656.5497612372,101760.62693976954,101516.10948143028,101516.10948143028,10209.512888744446
2025-11-27 16:00:00,101516.10948143028,102380.5589064265,101516.10948143028,102243.82333771186,7580.138860532684
2025-11-27 20:00:00,102243.82333771186,103274.43163547802,102243.82333771186,102993.37756882729,15338.807254256051
2025-11-28 00:00:00,103355.01101627754,103655.08316911524,90140.40550995963,90140.40550995963,6146.566919792338
2025-11-28 04:00:00,90140.40550995963,101575.7480697452,90140.40550995963,98877.80659262741,4845.427967797374
2025-11-28 08:00:00,98877.80659262741,105520.28558933953,98877.80659262741,105520.28558933953,3085.7985242673967
2025-11-28 12:00:00,105520.28558933953,124615.82429900483,104329.04196577168,124615.82429900483,6332.520825365618
2025-11-28 16:00:00,124615.82429900483,124615.82429900483,111062.878954633,113930.753760989,6332.101925986397
2025-11-28 20:00:00,113930.753760989,113930.753760989,98359.31020246608,98359.31020246608,6172.092930396857
2025-11-29 00:00:00,103057.80477047442,103680.16063122211,102782.9061735835,103482.32656054481,8713.907680531935
2025-11-29 04:00:00,103482.32656054481,103501.24669266667,103264.71986320491,103342.01690378788,5373.57223358761
2025-11-29 08:00:00,103342.01690378788,103498.76899696894,103120.32003227313,103219.22734480555,8948.633083024522
2025-11-29 12:00:00,103219.22734480555,103372.48152474506,102828.72621846054,102862.90552114452,10513.035840032326
2025-11-29 16:00:00,102862.90552114452,102901.07854053791,102764.39356023284,102848.08499050741,5482.544048427165
2025-11-29 20:00:00,102848.08499050741,102936.41785881486,102429.39171040762,102615.27815040122,7489.435997016418
2025-11-30 00:00:00,102408.8014987168,102561.95348572882,102377.39212469933,102495.64573483917,3159.9212435179174
2025-11-30 04:00:00,102495.64573483917,102533.85722656001,102468.7206313159,102512.85321802222,7731.780455927765
2025-11-30 08:00:00,102512.85321802222,102561.80038211872,102357.71858600546,102442.97705559128,6870.078020379452
2025-11-30 12:00:00,102442.97705559128,102495.5594028741,102281.0867903779,102284.4709359883,4228.660147485423
2025-11-30 16:00:00,102284.4709359883,102542.2841762537,102281.0867903779,102442.61335774264,5808.729907067731
2025-11-30 20:00:00,102442.61335774264,102761.70917456868,102309.99030066724,102653.23688921181,7502.224562098555
2025-12-01 00:00:00,102531.05969390644,102540.68094171237,102465.20300414455,102465.20300414455,7329.822774509689
2025-12-01 04:00:00,102465.20300414455,102886.79136500445,102465.20300414455,102640.67573563558,8235.32819673217
2025-12-01 08:00:00,102640.67573563558,103064.66701851915,102492.90198644983,102934.55246694862,7785.116533005725
2025-12-01 12:00:00,102934.55246694862,103211.20929639394,102635.26484811377,103182.46140659376,5481.670771758492
2025-12-01 16:00:00,103182.46140659376,103211.20929639394,103081.15923730745,103160.84797656946,3300.97439199645
2025-12-01 20:00:00,103160.84797656946,103211.20929639394,103105.89449494462,103204.82082813664,4719.654086789063
2025-12-02 00:00:00,102869.4594541574,103155.57254773715,102766.52268537132,103006.5735184187,3784.562886084048
2025-12-02 04:00:00,103006.5735184187,103270.00671108958,103003.52069267188,103167.8665465507,3496.0416484968077
2025-12-02 08:00:00,103167.8665465507,103306.20925878255,103082.31948973502,103192.1322903713,3712.473663676314
2025-12-02 12:00:00,103192.1322903713,103322.70090878298,103005.68765215282,103121.22899133206,4843.306704924165
2025-12-02 16:00:00,103121.22899133206,103225.11090351136,103006.53283762836,103138.67435658502,7269.634467664697
2025-12-02 20:00:00,103138.67435658502,103186.85524509213,103135.38539078554,103166.7924380485,5881.013445520583
2025-12-03 00:00:00,103408.68183650414,103415.58465563164,103256.23563967996,103327.13600029319,5848.988536559212
2025-12-03 04:00:00,103327.13600029319,103750.3580959806,103051.2629174881,103705.62711994094,6918.534115691264
2025-12-03 08:00:00,103705.62711994094,103737.81837594649,103403.61059720024,103474.70169928366,3407.219922755659
2025-12-03 12:00:00,103474.70169928366,103646.0023854269,103175.49379987294,103573.6627603558,4137.350515145572
2025-12-03 16:00:00,103573.6627603558,103644.69667459182,103336.13649358205,103391.34596311006,3480.1494811425155
2025-12-03 20:00:00,103391.34596311006,104078.16341242865,103296.3546380747,103772.71602636274,5049.438538113864
2025-12-04 00:00:00,103941.86448536228,103978.48737716641,103938.05789041508,103959.25914841254,15938.395988461254
2025-12-04 04:00:00,103959.25914841254,104186.61307990956,103908.91244916589,104048.64088033236,9405.521570730454
2025-12-04 08:00:00,104048.64088033236,104057.79610657638,103995.34222548392,104025.49577923011,8727.838275321314
2025-12-04 12:00:00,104025.49577923011,104045.84303667195,104011.09292616705,104016.24169811263,6943.834011656006
2025-12-04 16:00:00,104016.24169811263,104340.24888925896,103706.72183582997,104048.27790949291,17726.553256606017
2025-12-04 20:00:00,104048.27790949291,104221.39023241446,104032.45597564896,104073.00287612161,12347.872061771777
2025-12-05 00:00:00,103821.4104677162,103885.65400965868,103334.49933984542,103334.49933984542,5202.960115427034
2025-12-05 04:00:00,103334.49933984542,103569.96611741782,102923.02032697355,102923.02032697355,2803.337163241372
2025-12-05 08:00:00,102923.02032697355,104166.1953033519,102923.02032697355,103802.51204761493,4527.680311006073
2025-12-05 12:00:00,103802.51204761493,104042.55286937466,103506.77212244495,103609.23302361627,3972.48577455129
2025-12-05 16:00:00,103609.23302361627,103924.22401387096,103547.59807990758,103807.05385928109,3012.441165976063
2025-12-05 20:00:00,103807.05385928109,104690.62993880031,103722.39418898044,104594.60842026222,6644.931531940821
2025-12-06 00:00:00,104436.26255466767,104800.31746413266,104182.48000512572,104718.57854128513,17361.43322156912
2025-12-06 04:00:00,104718.57854128513,106109.40993448967,104211.95312566221,106109.40993448967,6506.886472980513
2025-12-06 08:00:00,106109.40993448967,106109.40993448967,105236.629484722,105321.25595376731,12314.076644132918
2025-12-06 12:00:00,105321.25595376731,105593.65574362391,105223.25490294672,105567.55477815589,15160.868913404636
2025-12-06 16:00:00,105567.55477815589,106319.63767426557,105379.71918203753,106319.63767426557,7247.173080265587
2025-12-06 20:00:00,106319.63767426557,106319.63767426557,105501.44052710706,105697.81531886022,10563.770879949807
2025-12-07 00:00:00,105775.72176862496,106705.37345043251,105696.40761473644,106555.84476821743,21282.43013532847
2025-12-07 04:00:00,106555.84476821743,106606.47450262199,106512.53190855501,106552.31768943708,13682.589794012536
2025-12-07 08:00:00,106552.31768943708,106725.70463872343,106004.15434610669,106203.56813719364,20724.21645717586
2025-12-07 12:00:00,106203.56813719364,106309.37368339126,105999.18077044077,106122.5077017538,10973.102018785397
2025-12-07 16:00:00,106122.5077017538,106450.05937786754,106055.36402005676,106446.76095106381,11270.078229786513
2025-12-07 20:00:00,106446.76095106381,106617.89703984639,106277.02110498883,106584.87293546714,13666.774720420302
2025-12-08 00:00:00,106495.2932917323,106539.07174942613,106442.1273985967,106503.13108157435,12258.536281617946
2025-12-08 04:00:00,106503.13108157435,106511.12295206719,106430.71474335145,106438.69511096521,9957.98855362617
2025-12-08 08:00:00,106438.69511096521,106441.10012825356,106342.49839925229,106381.60894376822,18895.615969662704
2025-12-08 12:00:00,106381.60894376822,106417.28345641596,106378.323493041,106382.70153368369,15267.708102443694
2025-12-08 16:00:00,106382.70153368369,106489.11053206696,106257.52390537303,106349.79839384176,22555.573586051905
2025-12-08 20:00:00,106349.79839384176,106609.4131719279,106257.52390537303,106353.27395406611,22126.855140713065
2025-12-09 00:00:00,105881.90197159845,105904.74362246775,105632.45373289315,105632.45373289315,7547.063259559849
2025-12-09 04:00:00,105632.45373289315,107259.34499509232,105632.45373289315,106694.97511172165,10411.462570043102
2025-12-09 08:00:00,106694.97511172165,108194.5708558332,106647.5961569004,108194.5708558332,12697.49716041563
2025-12-09 12:00:00,108194.5708558332,108194.5708558332,104445.68097355841,104445.68097355841,11547.862022207963
2025-12-09 16:00:00,104445.68097355841,105043.55602951771,103450.72607550898,103450.72607550898,8667.639294534849
2025-12-09 20:00:00,103450.72607550898,107259.34499509232,103450.72607550898,107041.66270613307,9394.571428682628
2025-12-10 00:00:00,106873.28479566512,107310.62466904115,106790.02818116407,107275.99128246396,12019.014946084093
2025-12-10 04:00:00,107275.99128246396,107476.36013059561,107259.69259217,107476.36013059561,10268.21604406236
2025-12-10 08:00:00,107476.36013059561,107476.36013059561,106728.38319016962,106728.38319016962,11047.619452551446
2025-12-10 12:00:00,106728.38319016962,106797.27736203332,106633.0326874682,106633.0326874682,7519.235334822787
2025-12-10 16:00:00,106633.0326874682,107310.62466904115,106633.0326874682,107275.58755707198,7715.954488207725
2025-12-10 20:00:00,107275.58755707198,107294.25240768245,107031.13519569444,107133.97669197315,8681.230614640153
2025-12-11 00:00:00,106924.27155602397,107863.1255813837,106884.46637580654,107782.60821390859,11272.485401842046
2025-12-11 04:00:00,107782.60821390859,107838.89891669377,107701.43789733673,107763.85589373065,13734.059764682108
2025-12-11 08:00:00,107763.85589373065,107969.98519270495,107726.32727172173,107878.70420207026,14142.145702474527
2025-12-11 12:00:00,107878.70420207026,108312.19560974342,107703.36840953914,108312.19560974342,6957.71131655396
2025-12-11 16:00:00,108312.19560974342,108312.19560974342,107811.919817097,107928.03943097832,6527.6362019449125
2025-12-11 20:00:00,107928.03943097832,108012.93964872346,107898.71254797575,107969.28437630626,10845.067312663596
2025-12-12 00:00:00,107467.42636878835,107507.94758364774,107180.77413859621,107282.56808412675,7569.5444073678655
2025-12-12 04:00:00,107282.56808412675,107429.32986937102,107013.8741044736,107013.8741044736,11023.3177359208
2025-12-12 08:00:00,107013.8741044736,107274.46732349726,107013.8741044736,107200.42840285851,7106.290485452196
2025-12-12 12:00:00,107200.42840285851,108166.39503852658,107180.77413859621,107910.77212559606,14120.037111776934
2025-12-12 16:00:00,107910.77212559606,108085.30940681441,107180.77413859621,107238.62250306628,10970.735895102449
2025-12-12 20:00:00,107238.62250306628,108524.12875517744,107180.77413859621,108477.91202882314,10710.69572622549
2025-12-13 00:00:00,108144.63201655463,108435.20424130006,107908.69118113448,108279.7903103202,11806.073640578898
2025-12-13 04:00:00,108279.7903103202,108316.46188556388,107900.76783255677,108181.16635358307,11596.802635319376
2025-12-13 08:00:00,108181.16635358307,108270.25013626569,107955.32391660959,108043.17857694636,14619.314673955454
2025-12-13 12:00:00,108043.17857694636,108056.85594194598,107874.55556529103,107880.721370822,15176.203709793363
2025-12-13 16:00:00,107880.721370822,107892.88921365353,107757.21024027657,107826.43030497026,16309.457301934517
2025-12-13 20:00:00,107826.43030497026,107864.91297569964,107591.45970774647,107703.14128971628,13506.689725676495
2025-12-14 00:00:00,107102.24875823251,107332.41807173847,106595.82699958885,106819.7726652572,7355.780119759135
2025-12-14 04:00:00,106819.7726652572,107065.10985972275,106656.37139213331,106899.27712362772,5942.3189324943505
2025-12-14 08:00:00,106899.27712362772,107350.36698371143,106675.03669223098,107224.13211566837,7611.93074310682
2025-12-14 12:00:00,107224.13211566837,107253.7063128003,107197.92006664361,107217.0804892955,7254.639918018507
2025-12-14 16:00:00,107217.0804892955,107350.16523552978,107157.06386326613,107228.51702479913,6817.008955526031
2025-12-14 20:00:00,107228.51702479913,107608.72199467156,106974.18604308947,107554.9238020138,6383.079277351897
2025-12-15 00:00:00,107894.76014747105,108311.00354480537,107845.66116874118,108201.47247230857,5675.030444666084
2025-12-15 04:00:00,108201.47247230857,108421.54846130166,108138.43660203106,108405.1821334359,7669.227792076261
2025-12-15 08:00:00,108405.1821334359,108575.98065315196,108230.2055979088,108456.26185016325,6488.08361071724
2025-12-15 12:00:00,108456.26185016325,108584.46225857492,108327.07391715323,108563.93335338616,4908.087824883653
2025-12-15 16:00:00,108563.93335338616,108583.05339840558,108229.56707553464,108341.03793232825,3273.0022729310904
2025-12-15 20:00:00,108341.03793232825,108404.907271433,108279.5011369075,108341.91784338781,7060.234029271989
2025-12-16 00:00:00,108222.73020725625,108873.12599345593,108125.19878118808,108621.17460058346,15531.678127152369
2025-12-16 04:00:00,108621.17460058346,108940.57671301169,108435.09974305701,108886.15053640056,8360.18232835893
2025-12-16 08:00:00,108886.15053640056,109384.08305705097,107415.53492034368,108010.30346287494,18198.86890475151
2025-12-16 12:00:00,108010.30346287494,108138.87934192552,107988.8284399174,108001.59397452661,11219.715726752913
2025-12-16 16:00:00,108001.59397452661,108802.93778903807,107788.67143947916,108661.06445676812,9581.933710238558
2025-12-16 20:00:00,108661.06445676812,108913.924694945,108556.11769391553,108789.62759920635,19538.365396605222
2025-12-17 00:00:00,108781.63937525288,108865.13589550568,108608.39229614635,108609.22443852042,8609.16653031678
2025-12-17 04:00:00,108609.22443852042,108773.81148761278,108351.56542153718,108456.33196322469,5011.710228807492
2025-12-17 08:00:00,108456.33196322469,108494.98946730424,108351.93219762474,108486.07985102545,7322.1617943945585
2025-12-17 12:00:00,108486.07985102545,108539.4136181285,108156.15895197474,108313.19532679838,5092.705061642839
2025-12-17 16:00:00,108313.19532679838,108389.24203829402,108283.52059086667,108371.80873610394,6182.525206310432
2025-12-17 20:00:00,108371.80873610394,108465.56741423007,108333.59779966551,108408.48731788152,11516.280207506206
2025-12-18 00:00:00,108048.61004196241,108071.04906287587,107715.61643286071,107841.5732136346,10752.080965922318
2025-12-18 04:00:00,107841.5732136346,107966.79293817464,107021.75790546747,107169.00501756255,14904.300606534298
2025-12-18 08:00:00,107169.00501756255,107362.29598446676,106182.64932643536,106182.64932643536,11587.174803286287
2025-12-18 12:00:00,106182.64932643536,106209.54574315865,106041.03821707498,106041.03821707498,6916.214695211792
2025-12-18 16:00:00,106041.03821707498,106910.22055411694,106041.03821707498,106644.35795185702,7589.2575673883985
2025-12-18 20:00:00,106644.35795185702,106826.71670551,106644.35795185702,106734.89557802408,7917.884359369532
2025-12-19 00:00:00,107128.97474695613,107214.09167790481,107021.27638216205,107214.09167790481,6689.563797730347
2025-12-19 04:00:00,107214.09167790481,107752.98281984791,106982.5539401953,107752.98281984791,5538.403961002925
2025-12-19 08:00:00,107752.98281984791,107980.72394217078,107681.33762004941,107980.72394217078,7254.130632403678
2025-12-19 12:00:00,107980.72394217078,107980.72394217078,107288.83323032189,107525.76719883645,9866.56243444837
2025-12-19 16:00:00,107525.76719883645,107525.76719883645,106532.41670401403,106544.94936136209,13704.517746167885
2025-12-19 20:00:00,106544.94936136209,106769.10089374353,105746.62697539359,105750.01116518884,6140.192278801877
2025-12-20 00:00:00,106644.00800101765,106952.0283331956,106432.58035516295,106833.61813933567,7179.028296034225
2025-12-20 04:00:00,106833.61813933567,106952.0283331956,106496.40045602035,106666.07444054262,7212.81335663455
2025-12-20 08:00:00,106666.07444054262,106704.5142250444,106126.77780807685,106370.38443594266,16242.427983228605
2025-12-20 12:00:00,106370.38443594266,106524.38628992329,106298.60266148747,106473.81786802801,9002.160616140543
2025-12-20 16:00:00,106473.81786802801,106602.14246615404,105790.7496528004,105972.78091318045,11786.152190444378
2025-12-20 20:00:00,105972.78091318045,106066.34172334945,105539.67781373444,105647.70159617938,8540.056925003488
2025-12-21 00:00:00,105896.64073271614,106238.15761911776,105789.54221159384,106121.37451364053,12250.381064518908
2025-12-21 04:00:00,106121.37451364053,106211.42720757128,105824.1955436561,105898.92722383945,5168.427307695783
2025-12-21 08:00:00,105898.92722383945,106076.15410972435,105815.71986590137,105996.0475835108,12070.720523420712
2025-12-21 12:00:00,105996.0475835108,106076.06569708828,105623.00628508942,105911.53325246584,11332.478197539112
2025-12-21 16:00:00,105911.53325246584,105914.96821390372,105905.7918411716,105905.9860897191,4106.07551929574
2025-12-21 20:00:00,105905.9860897191,105962.53928036809,105634.79478454105,105683.48315385166,9020.80055736788
2025-12-22 00:00:00,105278.46158009718,105447.46999835243,105180.02944081192,105373.39125735473,6665.4818128741845
2025-12-22 04:00:00,105373.39125735473,105638.07324897085,104577.95536670706,104577.95536670706,7309.25005712686
2025-12-22 08:00:00,104577.95536670706,105019.27110361418,103700.26846592095,103700.26846592095,6880.1872948444525
2025-12-22 12:00:00,103700.26846592095,104814.35413093079,103700.26846592095,104789.74987904033,6975.364212831542
2025-12-22 16:00:00,104789.74987904033,104945.03550353956,104789.74987904033,104884.00883062105,6105.499080194761
2025-12-22 20:00:00,104884.00883062105,105749.7934086178,104884.00883062105,105526.50049864774,4772.8056405817415
2025-12-23 00:00:00,106150.27652149857,106233.84948566854,106068.47667787832,106224.41799337143,6608.140188495004
2025-12-23 04:00:00,106224.41799337143,106257.87078703156,106118.96383294123,106119.66995673616,7984.35799730449
2025-12-23 08:00:00,106119.66995673616,106907.88180510701,105796.00237648876,106767.34454879702,4101.174965117834
2025-12-23 12:00:00,106767.34454879702,107060.22494122975,105754.3708384713,105942.40235244366,6002.241704326295
2025-12-23 16:00:00,105942.40235244366,105952.19278513062,105439.1808452321,105613.22431365422,8971.248279199264
2025-12-23 20:00:00,105613.22431365422,105643.4789770362,105162.86804165614,105244.31169780823,5915.515356050003
2025-12-24 00:00:00,105596.02848999329,106208.04235657217,105421.6072987127,106208.04235657217,5281.934957506823
2025-12-24 04:00:00,106208.04235657217,106208.04235657217,105849.72464285106,105899.41303384789,4290.855590518762
2025-12-24 08:00:00,105899.41303384789,106132.49515053869,105889.01597956929,106132.49515053869,4391.477519333326
2025-12-24 12:00:00,106132.49515053869,106132.49515053869,105904.31817541811,105941.78723533379,3019.5700937890183
2025-12-24 16:00:00,105941.78723533379,105941.78723533379,105422.50770453767,105599.83790635325,5477.252216981962
2025-12-24 20:00:00,105599.83790635325,105714.31563242253,105248.87604746745,105272.3855337784,4330.754197108639
2025-12-25 00:00:00,105263.66397906558,105330.2334597305,105234.01598268539,105283.80876131584,5123.573265483381
2025-12-25 04:00:00,105283.80876131584,105303.37136053959,105226.75515173216,105228.78644192086,4142.472994406551
2025-12-25 08:00:00,105228.78644192086,105357.2637088873,105191.51516301782,105200.43585323502,3259.9660780495483
2025-12-25 12:00:00,105200.43585323502,105297.05436242025,105035.73029139389,105127.23225067757,8030.478128728139
2025-12-25 16:00:00,105127.23225067757,105192.85708436149,105059.73164784217,105101.68475081626,4962.242828217162
2025-12-25 20:00:00,105101.68475081626,105200.1083937399,105090.91815083586,105109.03583473508,5027.069422400332
2025-12-26 00:00:00,105569.91576255369,105679.15315792312,105330.74854168683,105498.79240665727,19750.621888295642
2025-12-26 04:00:00,105498.79240665727,105933.14304969997,105130.63658074927,105698.1495469975,16959.148832582814
2025-12-26 08:00:00,105698.1495469975,105850.42155310218,105598.7599856425,105821.96678322702,10417.612556168344
2025-12-26 12:00:00,105821.96678322702,105933.14304969997,105063.70566614547,105316.9566004381,18723.641124520513
2025-12-26 16:00:00,105316.9566004381,105346.82411956851,104939.52379217063,105011.28294291822,13895.59201825709
2025-12-26 20:00:00,105011.28294291822,105208.7832005024,104991.99365142353,105189.24310268468,12472.584502673373
2025-12-27 00:00:00,105434.33091325616,105649.7297194286,105405.66005410424,105649.7297194286,7659.66757775692
2025-12-27 04:00:00,105649.7297194286,105938.63779672062,105560.29113889477,105938.63779672062,5823.743950136441
2025-12-27 08:00:00,105938.63779672062,105938.63779672062,105375.04949173471,105575.84692527639,12138.885400270647
2025-12-27 12:00:00,105575.84692527639,105662.07733680471,105518.8097258866,105662.07733680471,9597.282404087488
2025-12-27 16:00:00,105662.07733680471,105662.07733680471,104633.47338641236,104787.89572857055,8584.979457997872
2025-12-27 20:00:00,104787.89572857055,104817.80682274724,104342.33735461044,104373.65742817178,8829.83724675956
2025-12-28 00:00:00,104527.89326558771,110980.29223909495,101595.99499900488,110980.29223909495,15948.419176647792
2025-12-28 04:00:00,110980.29223909495,110980.29223909495,100544.04110007315,100544.04110007315,16055.890606508794
2025-12-28 08:00:00,100544.04110007315,103872.65514741922,100544.04110007315,103416.82935768522,16021.770122725735
2025-12-28 12:00:00,103416.82935768522,113488.39376813191,103126.82722603562,113488.39376813191,10621.805764312674
2025-12-28 16:00:00,113488.39376813191,113488.39376813191,96274.46738445535,96274.46738445535,13244.87842463389
2025-12-28 20:00:00,96274.46738445535,101074.68708641858,96274.46738445535,100356.0736919012,8848.666657305894
2025-12-29 00:00:00,103182.95775468842,103290.81308708925,102835.75257951066,102913.64546665178,9311.568287474358
2025-12-29 04:00:00,102913.64546665178,102924.41498055568,102807.52214656466,102869.0834241539,11324.766570372167
2025-12-29 08:00:00,102869.0834241539,103100.44709831373,102589.62291895266,102682.3384093319,11987.901766577395
2025-12-29 12:00:00,102682.3384093319,102710.09011693124,102206.24045719739,102485.49235072792,16896.263819436266
2025-12-29 16:00:00,102485.49235072792,102641.03784545278,102312.16556667285,102362.56719174316,7570.289915564434
2025-12-29 20:00:00,102362.56719174316,102475.78055488027,102357.44841938537,102440.50081215655,6629.335492446469
2025-12-30 00:00:00,102036.33696985706,102197.98458726009,101260.55298539877,101493.37898493829,16685.358077020406
2025-12-30 04:00:00,101493.37898493829,101585.47615353718,101410.02169582139,101584.95282105707,12023.33364494324
2025-12-30 08:00:00,101584.95282105707,102443.96894984978,101040.31916209777,102405.09946761052,14748.745137687392
2025-12-30 12:00:00,102405.09946761052,102491.58391840685,101686.34706277608,101936.78937368774,13540.450019068321
2025-12-30 16:00:00,101936.78937368774,102026.10560430733,101480.65488898578,101527.11280396217,7153.102113233848
2025-12-30 20:00:00,101527.11280396217,101586.2210749323,101195.53155024681,101288.86461393202,15411.808642518175
2025-12-31 00:00:00,101298.67972770531,101370.76231559669,101197.17701687776,101298.03396223883,4990.83859322257
2025-12-31 04:00:00,101298.03396223883,101300.34192844997,101294.50303721326,101299.76188766595,6677.942069800713
2025-12-31 08:00:00,101299.76188766595,101313.88759668086,101260.11359814719,101299.37821153764,7400.463071291664
2025-12-31 12:00:00,101299.37821153764,101313.66511563121,101294.20362233731,101306.81669685444,4721.720178974051
2025-12-31 16:00:00,101306.81669685444,101366.5018863422,101229.43106874077,101301.0636528152,9486.509432287288
2025-12-31 20:00:00,101301.0636528152,101315.5603627573,101297.83165695656,101310.58198256714,3919.1391689920924
2026-01-01 00:00:00,101576.32260584384,101679.34209607329,101153.10423445718,101339.85821708819,4547.071826304351
2026-01-01 04:00:00,101339.85821708819,101525.60069235224,101171.35040678218,101315.81174127015,5938.032137935235
2026-01-01 08:00:00,101315.81174127015,101518.34597485371,101037.27835244547,101163.47038503137,7066.634158322954
2026-01-01 12:00:00,101163.47038503137,101203.20991272075,101064.37149708648,101097.45872293599,5020.074968296659
2026-01-01 16:00:00,101097.45872293599,101205.8245972823,101012.62367208888,101016.88593899162,7194.826455514159
2026-01-01 20:00:00,101016.88593899162,101344.14246762918,100920.1415152676,101190.73200008663,6217.014042919368
2026-01-02 00:00:00,101118.57054837383,102197.85506525144,100873.01678597105,102197.85506525144,5138.85513773766
2026-01-02 04:00:00,102197.85506525144,103245.80663697323,101553.26666215509,103245.80663697323,5573.023668514872
2026-01-02 08:00:00,103245.80663697323,103522.28708684466,102938.03668127261,103522.28708684466,7554.361069718531
2026-01-02 12:00:00,103522.28708684466,105012.96077655243,103423.0113365239,105012.96077655243,2795.750387219871
2026-01-02 16:00:00,105012.96077655243,105012.96077655243,104653.54063916863,104767.59686537985,6826.919767100773
2026-01-02 20:00:00,104767.59686537985,104767.59686537985,100635.28922810814,100902.17075086963,3712.5576001664654
2026-01-03 00:00:00,101431.06825368619,101488.43931969516,101320.9839641776,101488.43931969516,4760.629032456455
2026-01-03 04:00:00,101488.43931969516,101553.31898989104,101457.1728997722,101553.31898989104,7220.936833473587
2026-01-03 08:00:00,101553.31898989104,101553.31898989104,101287.13957423359,101468.25004479053,8677.784931126162
2026-01-03 12:00:00,101468.25004479053,101468.25004479053,101260.66231129097,101310.88417128824,5505.724226817142
2026-01-03 16:00:00,101310.88417128824,101465.79790998141,101030.81435361046,101030.81435361046,6245.040640861392
2026-01-03 20:00:00,101030.81435361046,101126.3814437502,101030.81435361046,101120.86237121276,6947.428004090178
2026-01-04 00:00:00,101301.41729069529,101498.51098811219,99901.66288982268,99901.66288982268,15291.351391883358
2026-01-04 04:00:00,99901.66288982268,100543.50635841601,99901.66288982268,100518.57850060232,19147.446718002913
2026-01-04 08:00:00,100518.57850060232,100829.38120012861,100482.82131886847,100720.8290504007,29436.90574136605
2026-01-04 12:00:00,100720.8290504007,100800.25556180043,100640.29706056017,100703.14499355137,13669.931828787738
2026-01-04 16:00:00,100703.14499355137,100793.83972935735,100409.69593731155,100412.80160672149,28488.55060271685
2026-01-04 20:00:00,100412.80160672149,100443.89927044655,100396.21703822604,100437.19926965074,34562.043743146205
2026-01-05 00:00:00,100494.48068086685,101555.66394457176,100385.48512047873,101207.013127472,6967.021725821697
2026-01-05 04:00:00,101207.013127472,101322.5723568596,100819.88226541477,100948.61153101998,6395.761632838366
2026-01-05 08:00:00,100948.61153101998,101222.23938158255,100923.0400356441,101160.03033855133,3088.545217119051
2026-01-05 12:00:00,101160.03033855133,101261.33474403851,100946.59670910792,101033.66919016484,6059.871748006881
2026-01-05 16:00:00,101033.66919016484,101179.31615643569,100515.62734268565,100581.40712696208,4142.338328958224
2026-01-05 20:00:00,100581.40712696208,100609.71856433424,100169.84278277459,100268.05294977571,5499.830107098263
2026-01-06 00:00:00,99960.60274000232,99973.25292160652,99199.54249396965,99199.54249396965,4336.439374095496
2026-01-06 04:00:00,99199.54249396965,99964.13048689358,99199.54249396965,99624.53506544312,5714.856153689761
2026-01-06 08:00:00,99624.53506544312,99637.00547895566,98936.57127803769,98936.57127803769,8632.563916946618
2026-01-06 12:00:00,98936.57127803769,99281.12867410909,98936.57127803769,99153.92275633804,4670.724575547122
2026-01-06 16:00:00,99153.92275633804,99176.46368095318,99145.50853226987,99145.50853226987,3633.538847737905
2026-01-06 20:00:00,99145.50853226987,100262.36520405753,99145.50853226987,100185.88801743806,8939.104067199067
2026-01-07 00:00:00,100304.80053562943,100407.11934853085,99945.76968423116,99945.76968423116,9532.875022179613
2026-01-07 04:00:00,99945.76968423116,100317.13233541933,99468.62124726392,99468.62124726392,9888.90943526081
2026-01-07 08:00:00,99468.62124726392,101333.84821200366,99468.62124726392,100748.54109444008,14699.282220463088
2026-01-07 12:00:00,100748.54109444008,101846.78894553008,100698.47360938072,101846.78894553008,14553.899514469034
2026-01-07 16:00:00,101846.78894553008,101846.78894553008,101383.18294467512,101437.37795205266,5405.927142361197
2026-01-07 20:00:00,101437.37795205266,101437.37795205266,101173.62988576914,101270.17562752438,13384.725889570569
2026-01-08 00:00:00,101482.0220485499,102916.31119062573,100837.26538271226,102916.31119062573,11039.595031795176
2026-01-08 04:00:00,102916.31119062573,103462.5633637751,102664.62093390858,103462.5633637751,9462.863789385965
2026-01-08 08:00:00,103462.5633637751,103462.5633637751,100292.16616353112,101033.74830037885,7241.964368347098
2026-01-08 12:00:00,101033.74830037885,104406.24901262017,100292.16616353112,104406.24901262017,8992.504436540432
2026-01-08 16:00:00,104406.24901262017,104406.24901262017,100951.52035916652,101616.79699841992,4286.819351912832
2026-01-08 20:00:00,101616.79699841992,101703.21322093904,100292.16616353112,100294.24984561272,4274.299508893711
2026-01-09 00:00:00,100150.65718009217,100272.7483646555,99981.82481847191,100092.29380441489,7641.6634123958975
2026-01-09 04:00:00,100092.29380441489,100496.67134918786,100069.88979228621,100443.41976623223,3807.730248794864
2026-01-09 08:00:00,100443.41976623223,101152.41301376042,100359.82391389916,100987.7002083898,4418.541226601689
2026-01-09 12:00:00,100987.7002083898,101141.25925500666,100845.4851403474,101135.02199102874,5274.183088172917
2026-01-09 16:00:00,101135.02199102874,101136.41484134803,100918.4228775487,100971.44548448182,3639.529948478169
2026-01-09 20:00:00,100971.44548448182,100992.46018289171,100613.27369177536,100716.19103442384,9194.182807522908
2026-01-10 00:00:00,100683.36481328077,100754.04708420092,100551.46090313827,100672.66341877033,5450.116695134731
2026-01-10 04:00:00,100672.66341877033,100690.8635953659,100519.4596631146,100573.63575721819,3366.4403936492936
2026-01-10 08:00:00,100573.63575721819,100635.36394265576,100508.41497818487,100573.97220689914,6970.646143765338
2026-01-10 12:00:00,100573.97220689914,100721.6781661943,100312.03857073117,100457.3894146838,3751.807215486619
2026-01-10 16:00:00,100457.3894146838,100466.20544641707,100355.69131519544,100385.26950747578,6312.515656905147
2026-01-10 20:00:00,100385.26950747578,100407.68223402138,100308.02319891841,100407.64794938483,3034.7548227488605
2026-01-11 00:00:00,100549.36632780464,100555.32548773696,100339.85023013735,100452.57075904898,4866.000917632956
2026-01-11 04:00:00,100452.57075904898,100575.48528882637,100393.51059059834,100509.75217938099,4257.420004488321
2026-01-11 08:00:00,100509.75217938099,100748.64972891471,100410.34242152279,100426.93327603028,4127.145110631488
2026-01-11 12:00:00,100426.93327603028,100459.12546198022,100376.66918010158,100457.9462169195,8047.244667808291
2026-01-11 16:00:00,100457.9462169195,100485.93230140842,100449.17243909753,100460.54459886713,8125.673745150514
2026-01-11 20:00:00,100460.54459886713,100519.50170244423,100418.89398226659,100493.38438716621,8918.93938439092
2026-01-12 00:00:00,100248.01973894009,100277.97641563056,99444.28084457364,99444.28084457364,8996.47799131741
2026-01-12 04:00:00,99444.28084457364,99494.5731520159,99389.47366560857,99389.47366560857,5581.472091717537
2026-01-12 08:00:00,99389.47366560857,99400.44511129026,98581.24457259974,98581.24457259974,6253.869865967379
2026-01-12 12:00:00,98581.24457259974,99319.89073510269,98581.24457259974,99044.31581824188,4125.477998435205
2026-01-12 16:00:00,99044.31581824188,99801.21984104905,99044.31581824188,99412.42992286528,4354.315431248711
2026-01-12 20:00:00,99412.42992286528,99940.58776205296,99412.42992286528,99818.13219954721,3534.7769924998242
2026-01-13 00:00:00,99746.64042705805,99830.81575031333,99720.85910457131,99795.96791754563,6376.010931865519
2026-01-13 04:00:00,99795.96791754563,99810.62061381734,99367.70983744276,99697.35585276411,11070.987945613815
2026-01-13 08:00:00,99697.35585276411,99795.0942195118,99610.36874566067,99714.94333306275,11112.063955060987
2026-01-13 12:00:00,99714.94333306275,99852.1916422423,99609.50026791418,99792.1308663596,9731.2327476137
2026-01-13 16:00:00,99792.1308663596,99813.83929935242,99686.66210291004,99723.08176945557,10927.966549591612
2026-01-13 20:00:00,99723.08176945557,99852.79968531692,99512.70043072366,99669.10703362634,9900.281194651692
2026-01-14 00:00:00,99839.17691217521,99956.09693018586,99678.83972789552,99814.43920166497,11145.750265547214
2026-01-14 04:00:00,99814.43920166497,99932.74080961882,99738.64453147218,99890.04767851558,6517.834436382662
2026-01-14 08:00:00,99890.04767851558,100057.51847917716,99643.41468585395,99644.54657356144,8190.301971928724
2026-01-14 12:00:00,99644.54657356144,99688.28815398377,99224.42284757922,99320.43064693782,4424.182412569616
2026-01-14 16:00:00,99320.43064693782,99356.64467351124,98996.78800589002,99139.09947820679,4858.900091113377
2026-01-14 20:00:00,99139.09947820679,99386.30722980748,98696.38996459401,98722.92925266002,5286.512345254278
2026-01-15 00:00:00,98993.04766668573,99055.35099789905,98802.2508375261,98889.70959413172,10049.261266808242
2026-01-15 04:00:00,98889.70959413172,98984.73766612592,98885.48525921756,98931.10996421239,4635.261692550618
2026-01-15 08:00:00,98931.10996421239,99063.67655064842,98780.52428079705,98926.48494603082,10735.589154935516
2026-01-15 12:00:00,98926.48494603082,99116.3070795898,98885.62346522413,98919.99544416259,12128.279049678136
2026-01-15 16:00:00,98919.99544416259,98921.35646184659,98780.52428079705,98827.6647568329,5542.008377909326
2026-01-15 20:00:00,98827.6647568329,98877.95195702974,98785.24843883279,98810.08371028112,11507.460404130446
2026-01-16 00:00:00,98565.06914122908,104884.72588744288,98372.1106295394,104884.72588744288,3049.290542634535
2026-01-16 04:00:00,104884.72588744288,113488.84444540265,100787.16991933383,113488.84444540265,5681.006034445431
2026-01-16 08:00:00,113488.84444540265,113488.84444540265,103911.384811816,104664.6528722268,4886.33287277486
2026-01-16 12:00:00,104664.6528722268,104664.6528722268,104265.33601631457,104441.44525801946,5506.579884599863
2026-01-16 16:00:00,104441.44525801946,104441.44525801946,101062.72018793772,102196.43885987929,4921.226088953248
2026-01-16 20:00:00,102196.43885987929,102196.43885987929,97975.57273527174,98136.73460788553,2997.8986007972803
2026-01-17 00:00:00,99472.76324950681,99666.39467260067,98912.31198341926,99046.8836894274,7014.703391123194
2026-01-17 04:00:00,99046.8836894274,99237.68871048802,98416.79382281532,98604.4560707271,9109.704928358502
2026-01-17 08:00:00,98604.4560707271,98782.55285489329,97375.39496017435,97375.39496017435,7981.266526897721
2026-01-17 12:00:00,97375.39496017435,98970.87865797173,97375.39496017435,98769.3678540858,5843.761105283758
2026-01-17 16:00:00,98769.3678540858,98825.00709727239,98444.05790801154,98611.15311608296,6875.101823024648
2026-01-17 20:00:00,98611.15311608296,98772.96780658756,98162.16361602685,98380.20153443095,6243.123174735074
2026-01-18 00:00:00,98645.51596813138,98722.17887746399,98500.40847925867,98609.82125498979,5544.400981976121
2026-01-18 04:00:00,98609.82125498979,98692.76362853798,98469.05997615341,98503.99380164887,5386.960159885572
2026-01-18 08:00:00,98503.99380164887,98521.60892207874,98444.51841584749,98481.16744380568,3266.3663339913774
2026-01-18 12:00:00,98481.16744380568,98584.58931822766,98400.23998109804,98447.57527855449,7549.0422401371825
2026-01-18 16:00:00,98447.57527855449,98467.68787050567,98409.74722565235,98428.8841077448,6908.869034671496
2026-01-18 20:00:00,98428.8841077448,98459.76624446995,98367.81135015505,98368.37684665246,8863.222491991844
2026-01-19 00:00:00,98354.79669308489,98405.02427375628,98321.93129603674,98322.24974517294,19738.66192385423
2026-01-19 04:00:00,98322.24974517294,98478.14365744665,98248.43537394925,98329.2625328793,11672.589067840072
2026-01-19 08:00:00,98329.2625328793,98440.79466476946,97568.31593032843,97826.57080109237,18122.010361568307
2026-01-19 12:00:00,97826.57080109237,97900.45783769636,97641.89522320675,97732.78793256405,10601.67934377879
2026-01-19 16:00:00,97732.78793256405,97810.93933729622,97175.61506099018,97318.99841562906,13399.168284181582
2026-01-19 20:00:00,97318.99841562906,97574.26137266708,96574.90584463955,96806.81634656509,12321.044304905343
2026-01-20 00:00:00,96960.01374130869,97370.96559960143,96375.36048910259,96625.60337526827,10873.278073047864
2026-01-20 04:00:00,96625.60337526827,96757.53790446006,96617.38247405554,96747.19154638283,7121.421940794367
2026-01-20 08:00:00,96747.19154638283,96983.64449752096,96103.08925163656,96236.98983367601,8443.717333727547
2026-01-20 12:00:00,96236.98983367601,96376.19865290544,95789.72119546245,95790.3740415346,5626.388546723202
2026-01-20 16:00:00,95790.3740415346,95963.42263308544,95717.4828535623,95912.41889499106,5508.751443722161
2026-01-20 20:00:00,95912.41889499106,95934.43613755697,95471.5291409975,95627.60233423428,4838.167830638165
2026-01-21 00:00:00,95604.23506902471,95765.50886131836,95466.31088393225,95755.59044255305,7438.93915813879
2026-01-21 04:00:00,95755.59044255305,95765.50886131836,95482.90043389577,95529.88385571644,4080.151306282074
2026-01-21 08:00:00,95529.88385571644,95655.73366230661,95221.74143978657,95268.77695138472,6309.154363678289
2026-01-21 12:00:00,95268.77695138472,95406.71503904196,94839.13672322883,94914.41689054,6591.219438578732
2026-01-21 16:00:00,94914.41689054,95050.21650291444,94554.51710352591,94678.11544580899,7520.85185527385
2026-01-21 20:00:00,94678.11544580899,94686.42025332378,94504.43228929878,94562.3212851811,9477.298517257672
2026-01-22 00:00:00,94403.20536483939,94451.54731619876,94010.15650042905,94010.15650042905,4238.662810571915
2026-01-22 04:00:00,94010.15650042905,94037.6200332718,93903.37787244534,93903.37787244534,6923.136045399804
2026-01-22 08:00:00,93903.37787244534,94072.04438592185,93903.37787244534,93942.34649521252,6309.435754775084
2026-01-22 12:00:00,93942.34649521252,94022.87483981956,93863.74379837811,93863.74379837811,4078.3844796225812
2026-01-22 16:00:00,93863.74379837811,94466.89139339993,93863.74379837811,94214.08677992717,5044.4331126291445
2026-01-22 20:00:00,94214.08677992717,94611.76321818042,94214.08677992717,94588.846069201,5243.1516505679165
2026-01-23 00:00:00,94484.11983725679,94492.01711824561,94421.12362661645,94426.07970804747,7750.069295824507
2026-01-23 04:00:00,94426.07970804747,94745.14450957534,94080.00089266108,94140.03262383553,10028.061604205117
2026-01-23 08:00:00,94140.03262383553,94854.96264013443,93113.43494537835,93113.43494537835,9323.06791018138
2026-01-23 12:00:00,93113.43494537835,94169.99529188949,93113.43494537835,94015.97489631944,5345.875989346654
2026-01-23 16:00:00,94015.97489631944,94109.05234478698,93884.15097706633,94040.51801324707,4764.258177496385
2026-01-23 20:00:00,94040.51801324707,94296.13742191596,94006.53531386526,94167.31288904777,8570.436419986407
2026-01-24 00:00:00,94571.83181979085,94693.32792725462,93833.09599792252,94089.1011664864,19405.628037293474
2026-01-24 04:00:00,94089.1011664864,94214.89128914491,93426.10684897519,93532.17922743964,23197.694035614917
2026-01-24 08:00:00,93532.17922743964,93931.32356956191,93407.31423919705,93853.34513409388,17396.653889505356
2026-01-24 12:00:00,93853.34513409388,93896.47627527449,93776.78115717311,93871.68243838412,24430.428961914306
2026-01-24 16:00:00,93871.68243838412,93895.19869109473,92657.3879220629,93025.58625578947,13277.946980774388
2026-01-24 20:00:00,93025.58625578947,93417.17023495851,92058.58953447886,92171.47136735641,16766.994777960397
2026-01-25 00:00:00,92171.20613468782,92185.9811453011,91546.7552649355,91546.7552649355,12794.650638192044
2026-01-25 04:00:00,91546.7552649355,91708.90152268657,90525.32129377898,90525.32129377898,10391.488732828233
2026-01-25 08:00:00,90525.32129377898,90705.85134155513,90257.13294015419,90257.13294015419,9116.830848434034
2026-01-25 12:00:00,90257.13294015419,91016.30237929239,90257.13294015419,90911.16366581061,5310.725641331737
2026-01-25 16:00:00,90911.16366581061,92200.43942703199,90911.16366581061,91798.90958071989,13477.989588704906
2026-01-25 20:00:00,91798.90958071989,91968.4153100293,91787.13962919908,91887.53972976987,10819.75223513176
2026-01-26 00:00:00,91891.50228879946,91910.90763391857,91586.3429452679,91681.07455570811,7863.870051977749
2026-01-26 04:00:00,91681.07455570811,92903.38325967353,91586.3429452679,92544.23199237685,3415.8238893598964
2026-01-26 08:00:00,92544.23199237685,92869.33049253465,91712.08183678289,91942.68475127804,7081.425174908563
2026-01-26 12:00:00,91942.68475127804,92320.56756343429,91821.8791255403,92144.3010590703,9322.11228769533
2026-01-26 16:00:00,92144.3010590703,92550.94239389426,91974.53795267879,92421.67795915638,3945.725373797319
2026-01-26 20:00:00,92421.67795915638,92903.38325967353,92419.8585965181,92823.42842453573,7118.313970483696
2026-01-27 00:00:00,92310.52792337327,92326.78473076504,91653.45970994582,91841.24179031336,9936.32826609002
2026-01-27 04:00:00,91841.24179031336,92198.9174566209,91101.71799523383,91101.71799523383,12179.53940241902
2026-01-27 08:00:00,91101.71799523383,91368.1510815629,90424.77195767692,90424.77195767692,7807.211070082039
2026-01-27 12:00:00,90424.77195767692,91314.45750216734,90424.77195767692,91078.98191067213,4718.336854581048
2026-01-27 16:00:00,91078.98191067213,92280.65788778463,91078.98191067213,91904.90059199072,11927.878420262432
2026-01-27 20:00:00,91904.90059199072,91990.02184693719,91390.39106413364,91487.80944938182,5523.572099672862
2026-01-28 00:00:00,91425.12929340411,91649.16210960312,91254.77936465408,91459.2458550812,13501.171254120825
2026-01-28 04:00:00,91459.2458550812,91558.03539043739,91378.09819079509,91474.86337008557,7865.296977571741
2026-01-28 08:00:00,91474.86337008557,91502.91281234499,91414.74807587647,91447.71292617173,9670.196413544827
2026-01-28 12:00:00,91447.71292617173,91527.7342520018,91326.65836207515,91510.57337659076,8533.157895093667
2026-01-28 16:00:00,91510.57337659076,91510.79477619936,91499.8297454746,91508.64052235003,10523.747828098381
2026-01-28 20:00:00,91508.64052235003,91556.81435957857,91427.09203715935,91546.18876688962,13507.743924370507
2026-01-29 00:00:00,91528.60839837763,91576.35294137937,91291.92826082978,91364.8735110831,10095.117891966236
2026-01-29 04:00:00,91364.8735110831,91568.92861024902,91272.73119271749,91436.27397115575,10186.52685635399
2026-01-29 08:00:00,91436.27397115575,91506.17408590108,91397.22800480189,91492.31611366179,6729.149526150747
2026-01-29 12:00:00,91492.31611366179,91601.49376740772,91315.27343067474,91325.85781920548,10509.151946189204
2026-01-29 16:00:00,91325.85781920548,91558.37713071742,91288.02411669491,91371.34590427834,9657.832494508912
2026-01-29 20:00:00,91371.34590427834,91391.38177077693,91234.72997024667,91292.37161033468,4388.03081938227
2026-01-30 00:00:00,91465.217079386,91519.67312093105,91220.98015109508,91270.1955771393,5243.497260727743
2026-01-30 04:00:00,91270.1955771393,91701.84996659537,91163.74826901538,91616.85195710722,5490.044273929805
2026-01-30 08:00:00,91616.85195710722,92171.79035616573,91515.13494003545,92171.79035616573,6872.6318622926565
2026-01-30 12:00:00,92171.79035616573,92171.79035616573,91459.67812556813,91793.85173791045,12752.007095275689
2026-01-30 16:00:00,91793.85173791045,91849.14749354431,91346.85731508103,91377.27893437399,10127.466462571723
2026-01-30 20:00:00,91377.27893437399,91687.46667030395,90421.88774926915,90637.92794837519,5720.678079166071
2026-01-31 00:00:00,90594.80589331462,90799.76667327661,90487.044647493,90603.8000050478,6499.575006492529
2026-01-31 04:00:00,90603.8000050478,90687.33713064152,90570.9194094149,90622.29913583188,7991.519127911109
2026-01-31 08:00:00,90622.29913583188,90642.1992357687,90580.63808302734,90602.51578026902,5672.846958003914
2026-01-31 12:00:00,90602.51578026902,90628.792938161,90572.22667141572,90577.55591364331,8927.010274028336
2026-01-31 16:00:00,90577.55591364331,90685.76384009498,90551.77166602857,90643.90935114902,9745.624930814636
2026-01-31 20:00:00,90643.90935114902,90680.98633697681,90639.247421719,90658.87354868415,5748.870886884408
2026-02-01 00:00:00,90292.78711364216,90358.80434382186,90189.70794418179,90294.42485691539,13464.353572886572
2026-02-01 04:00:00,90294.42485691539,90408.86296162051,90176.11030713639,90293.87581869564,13806.059612371619
2026-02-01 08:00:00,90293.87581869564,90303.53596982379,90232.66489286223,90294.27941729399,8759.249287568684
2026-02-01 12:00:00,90294.27941729399,90304.65894532342,90246.92386478568,90293.80322828733,9658.577957955318
2026-02-01 16:00:00,90293.80322828733,90388.67836185661,90225.85944933248,90293.68417192347,6765.567900589787
2026-02-01 20:00:00,90293.68417192347,90324.68949051751,90277.59775484807,90294.04592265132,16424.862957286186
2026-02-02 00:00:00,90219.82645834425,90342.03620250784,89994.58951299076,90149.47454495405,9196.447739223395
2026-02-02 04:00:00,90149.47454495405,90184.81672289556,89859.2927349719,89911.52939467363,15054.33343717973
2026-02-02 08:00:00,89911.52939467363,89912.18473297573,89709.26002723712,89744.06667585587,9868.808113823301
2026-02-02 12:00:00,89744.06667585587,89924.25188925776,89709.26002723712,89917.63480333697,8334.22019679102
2026-02-02 16:00:00,89917.63480333697,89959.04263871796,89773.72028095911,89846.11022704557,7038.728229258398
2026-02-02 20:00:00,89846.11022704557,90106.7300231793,89787.57664559588,89975.14486324883,16621.78239054172
2026-02-03 00:00:00,89989.54362354701,90752.91071696313,89705.08222820706,90739.02462506127,5073.1188891677575
2026-02-03 04:00:00,90739.02462506127,90752.91071696313,89647.98180321137,90002.35075964688,9709.415051416085
2026-02-03 08:00:00,90002.35075964688,90362.24617683995,89948.31756922783,90257.68620441789,7734.124101430931
2026-02-03 12:00:00,90257.68620441789,90787.28195445999,90031.22278460264,90787.28195445999,6701.558064122068
2026-02-03 16:00:00,90787.28195445999,90787.28195445999,90289.61244583923,90328.33723401395,4571.970655149413
2026-02-03 20:00:00,90328.33723401395,90410.71867219909,90207.76644689718,90273.4729100252,4697.150450793265
2026-02-04 00:00:00,90451.00267929805,90500.09464869711,90260.91102785115,90300.65277675787,7252.116725438381
2026-02-04 04:00:00,90300.65277675787,90525.39054529983,90120.53290709843,90186.69920086766,5341.184376468566
2026-02-04 08:00:00,90186.69920086766,90434.72901238031,90183.91553129964,90411.63683175096,5595.24431061491
2026-02-04 12:00:00,90411.63683175096,90630.35673690517,90120.53290709843,90234.75590996725,8239.476185010428
2026-02-04 16:00:00,90234.75590996725,90250.34728001339,90114.63483288215,90114.63483288215,6986.218024929789
2026-02-04 20:00:00,90114.63483288215,90345.49697794137,90114.63483288215,90168.56699334041,6107.915224984841
2026-02-05 00:00:00,90170.03814183261,90237.83335649317,90110.07666605042,90237.83335649317,5912.880164104193
2026-02-05 04:00:00,90237.83335649317,90324.28522673232,90228.78171221471,90324.28522673232,5794.290507297971
2026-02-05 08:00:00,90324.28522673232,90419.75684781231,90203.12215110556,90419.75684781231,8062.973415222223
2026-02-05 12:00:00,90419.75684781231,90419.75684781231,90056.54405298144,90123.51860138519,7340.075346382183
2026-02-05 16:00:00,90123.51860138519,90176.91787215933,89442.54246955994,89539.99942956849,5463.710258656512
2026-02-05 20:00:00,89539.99942956849,89784.63979067856,89442.54246955994,89445.84741096251,5171.851760543315
2026-02-06 00:00:00,89400.167261204,89456.85326588163,89153.59637892245,89302.93714694695,9848.000656275595
2026-02-06 04:00:00,89302.93714694695,89462.94485825415,89081.96080446444,89263.61968961664,10532.06819680048
2026-02-06 08:00:00,89263.61968961664,89372.71099984461,89187.76758779054,89293.57701743352,9297.217338907723
2026-02-06 12:00:00,89293.57701743352,89353.47185404414,89240.89660537531,89323.8842577984,5817.556287798671
2026-02-06 16:00:00,89323.8842577984,89611.74668584362,88992.86072711645,89272.2748685511,10751.719443055565
2026-02-06 20:00:00,89272.2748685511,89429.99034839123,88691.20734331463,88922.14343249644,10130.996634844743
2026-02-07 00:00:00,88958.149951513,89366.96662357346,88813.78746037342,89210.95045396173,25244.96821238348
2026-02-07 04:00:00,89210.95045396173,89296.64117749114,89023.19295213236,89097.31483688185,27266.09650879063
2026-02-07 08:00:00,89097.31483688185,89186.10945718038,88728.7567789657,88776.12470574104,31276.084267756112
2026-02-07 12:00:00,88776.12470574104,88864.04470195407,88534.50527482387,88641.511597903,32038.52986119624
2026-02-07 16:00:00,88641.511597903,88703.04656826284,88561.23078264495,88598.29122209948,13045.00418207844
2026-02-07 20:00:00,88598.29122209948,88721.54747821453,88165.49335607683,88252.20806096306,19270.033711762568
2026-02-08 00:00:00,88773.6925551168,93349.5401767926,88329.28463163701,93349.5401767926,5646.670844726486
2026-02-08 04:00:00,93349.5401767926,93349.5401767926,92539.7360783375,92771.96062348306,6226.291127439917
2026-02-08 08:00:00,92771.96062348306,92771.96062348306,89683.3825493408,90016.29777648584,5693.716950255582
2026-02-08 12:00:00,90016.29777648584,90016.29777648584,86405.37697517779,86405.37697517779,4227.132549705449
2026-02-08 16:00:00,86405.37697517779,86738.60426771357,85167.69758923548,85167.69758923548,6527.500646528676
2026-02-08 20:00:00,85167.69758923548,88260.86393666649,85167.69758923548,88026.0702307492,9277.426551966988
2026-02-09 00:00:00,88142.32237835921,88309.12152130537,88124.3942455346,88224.8424972159,4379.251940111883
2026-02-09 04:00:00,88224.8424972159,88381.73893133909,88086.61858153295,88339.90144249132,7815.405916004919
2026-02-09 08:00:00,88339.90144249132,88405.06201546386,88335.34443789689,88371.88550557784,4816.574030898752
2026-02-09 12:00:00,88371.88550557784,88590.20389083968,88333.63146056398,88519.66786186029,6465.551140789516
2026-02-09 16:00:00,88519.66786186029,88760.32152329013,88457.84720622753,88724.46998762887,10387.828885379093
2026-02-09 20:00:00,88724.46998762887,88836.57530158556,88342.53412360595,88582.2501753522,3908.94205782768
2026-02-10 00:00:00,88652.90695393767,89450.81541960835,87346.95425110277,87346.95425110277,14186.510168959698
2026-02-10 04:00:00,87346.95425110277,88119.81598687367,87346.95425110277,88117.76728229714,12122.768940783068
2026-02-10 08:00:00,88117.76728229714,88240.70104580911,87710.18777917461,87710.18777917461,10207.280344802186
2026-02-10 12:00:00,87710.18777917461,88359.43795516966,87710.18777917461,88108.44582765012,16282.567171014214
2026-02-10 16:00:00,88108.44582765012,88841.36715938908,87902.68428491449,88721.65833047238,12222.54126730458
2026-02-10 20:00:00,88721.65833047238,89753.60288080618,88517.67811822567,89648.90809058321,20915.460816545718
2026-02-11 00:00:00,89858.54148873869,89933.12741678645,88739.01595856484,88739.01595856484,3086.938053483892
2026-02-11 04:00:00,88739.01595856484,89211.49765721362,88437.26413987696,88437.26413987696,4667.11562855678
2026-02-11 08:00:00,88437.26413987696,89458.217559724,86261.95505745105,86261.95505745105,3017.181383628609
2026-02-11 12:00:00,86261.95505745105,89114.10011412593,86261.95505745105,88822.97566674533,6844.3264707522685
2026-02-11 16:00:00,88822.97566674533,89933.12741678645,88822.97566674533,89897.56474790136,4003.8434851804386
2026-02-11 20:00:00,89897.56474790136,89922.36813804237,89436.54894398761,89436.54894398761,5412.856094017918
2026-02-12 00:00:00,89305.19925931375,89313.42641017237,89270.94167477709,89309.13344557262,6133.3102784100965
2026-02-12 04:00:00,89309.13344557262,89328.45479237122,89216.25995739254,89304.99771488135,7600.729836848377
2026-02-12 08:00:00,89304.99771488135,89343.21704275355,89237.21717918501,89291.12714463996,11695.069047255452
2026-02-12 12:00:00,89291.12714463996,89378.24631785334,89264.6761099606,89296.7486900422,4552.5181299651385
2026-02-12 16:00:00,89296.7486900422,89326.09143944512,89265.11925822537,89309.49799850548,5557.650230825596
2026-02-12 20:00:00,89309.49799850548,89355.38587715111,89261.3839746724,89269.88251510226,13188.19677764652
2026-02-13 00:00:00,89256.36922099938,89860.28318590835,89087.40214075144,89854.03438313717,7010.941678055177
2026-02-13 04:00:00,89854.03438313717,89875.49435235078,88388.53694850096,88522.8117180987,4866.785496530812
2026-02-13 08:00:00,88522.8117180987,88688.7062779963,88472.40940799915,88637.56856756129,9665.310018121418
2026-02-13 12:00:00,88637.56856756129,89226.39609267648,88388.53694850096,89216.17031887076,9189.63837037403
2026-02-13 16:00:00,89216.17031887076,89286.19834910732,89054.49610564567,89080.37582059955,7633.102012620241
2026-02-13 20:00:00,89080.37582059955,89432.833208459,88388.53694850096,88559.71895704011,8712.3871781034
2026-02-14 00:00:00,88510.7942388003,88588.06557437973,88179.76026057132,88195.32583371073,13006.75447114438
2026-02-14 04:00:00,88195.32583371073,88253.27092479647,87923.08876871363,88013.57018547136,10746.359127794827
2026-02-14 08:00:00,88013.57018547136,88049.17109700154,87847.33706696061,87993.70424043137,11660.569567891387
2026-02-14 12:00:00,87993.70424043137,88535.09599692764,87918.47511781474,88377.56522854092,7935.553847181644
2026-02-14 16:00:00,88377.56522854092,88597.71133943526,88016.47458588242,88066.29350742073,9500.496643890012
2026-02-14 20:00:00,88066.29350742073,88109.88003486051,87691.63954125062,87760.38890486813,8127.547845433421
