datetime,open,high,low,close,volume
2024-02-01 00:00:00,42525.90095177913,42547.228366893396,42404.4749514049,42478.45210519658,2824.8505114742015
2024-02-01 02:00:00,42478.45210519658,42503.133917487285,42375.778526149916,42460.82880634878,2545.4125921317855
2024-02-01 04:00:00,42460.82880634878,42550.95963655142,42375.48754226784,42522.516948193006,2706.8116015383
2024-02-01 06:00:00,42522.516948193006,42532.60766268929,42497.64383125503,42531.82129699984,3070.608320458154
2024-02-01 08:00:00,42531.82129699984,42605.448888695006,42488.60331379807,42575.97156585809,3411.7256277344372
2024-02-01 10:00:00,42575.97156585809,42683.51936627108,42508.61802076688,42603.688236092145,1944.6632257473195
2024-02-01 12:00:00,42603.688236092145,42664.4656427089,42552.06679694266,42573.100779873814,2567.6052100757424
2024-02-01 14:00:00,42573.100779873814,42633.83674824605,42558.94265743052,42599.12746410149,3162.409115259121
2024-02-01 16:00:00,42599.12746410149,42614.9706918162,42583.18074294533,42583.9140062868,1331.3798040164734
2024-02-01 18:00:00,42583.9140062868,42656.04029835958,42548.7616865438,42568.42767634074,1893.9062622738095
2024-02-01 20:00:00,42568.42767634074,42574.67044633831,42566.044614094004,42573.09352220617,2318.2469282073753
2024-02-01 22:00:00,42573.09352220617,42629.62444640818,42475.413011614364,42499.812335087125,3277.5552782952077
2024-02-02 00:00:00,42367.402026454336,42758.14335450163,42221.522825890854,42638.49025643129,7768.81069910503
2024-02-02 02:00:00,42638.49025643129,42920.12982837443,42508.1676748739,42919.115121584575,4825.6959127006385
2024-02-02 04:00:00,42919.115121584575,43115.66115405261,42818.24804207767,43079.14925376146,12118.848084217645
2024-02-02 06:00:00,43079.14925376146,43455.48520325539,43025.55992383273,43312.94695077659,10962.807276302405
2024-02-02 08:00:00,43312.94695077659,44045.881938974024,43222.85758499227,44045.881938974024,5327.8239000877265
2024-02-02 10:00:00,44045.881938974024,44045.881938974024,43000.39707419502,43337.47298865586,5674.161299833451
2024-02-02 12:00:00,43337.47298865586,43411.18800694682,43056.801298354476,43113.322494702996,11351.195968160728
2024-02-02 14:00:00,43113.322494702996,43522.42999198019,42976.183964663105,43474.82984443904,11956.78858626584
2024-02-02 16:00:00,43474.82984443904,43522.42999198019,43308.537614304645,43322.614954920515,10361.599330899944
2024-02-02 18:00:00,43322.614954920515,43546.41163932748,43284.1233753009,43546.41163932748,7274.363868864992
2024-02-02 20:00:00,43546.41163932748,43654.99332182309,43503.397703539114,43654.99332182309,10440.873469049071
2024-02-02 22:00:00,43654.99332182309,43654.99332182309,43406.7701853378,43467.79417643681,9854.18816915709
2024-02-03 00:00:00,43488.044874926614,43682.745283095166,43433.64129894017,43676.34610751483,1961.9353905701362
2024-02-03 02:00:00,43676.34610751483,43720.03964159108,43586.92922119163,43590.75820947185,5226.9119424301225
2024-02-03 04:00:00,43590.75820947185,43598.64092319574,43494.92292736675,43529.431514545024,5383.977349297637
2024-02-03 06:00:00,43529.431514545024,43728.438899553264,43485.67654880924,43723.098512288525,1988.160639372681
2024-02-03 08:00:00,43723.098512288525,43871.957088766365,43687.7929439754,43784.18974701821,4444.84477871833
2024-02-03 10:00:00,43784.18974701821,43817.3480838011,43700.76097991104,43715.49352132073,5489.271330365907
2024-02-03 12:00:00,43715.49352132073,43799.376041408264,43660.34503249106,43791.10622784542,3056.356346527123
2024-02-03 14:00:00,43791.10622784542,43810.941856868616,43781.43984841673,43809.43896138685,2270.393113822806
2024-02-03 16:00:00,43809.43896138685,43879.89283015057,43793.528433768326,43870.78918833624,2480.961071536636
2024-02-03 18:00:00,43870.78918833624,44353.63296027139,43762.602467235054,44353.63296027139,5033.832251458598
2024-02-03 20:00:00,44353.63296027139,44353.63296027139,44213.33775558116,44279.18395002322,4301.556514728781
2024-02-03 22:00:00,44279.18395002322,44279.18395002322,44117.22376850551,44147.741232045904,4019.8944890370817
2024-02-04 00:00:00,44249.83650597057,45914.425436926635,44223.77328875331,45914.425436926635,2952.050884992863
2024-02-04 02:00:00,45914.425436926635,45914.425436926635,45453.04154505868,45502.67039424981,4271.940638660725
2024-02-04 04:00:00,45502.67039424981,45555.59753512245,45477.94899817955,45555.59753512245,3559.3456043633614
2024-02-04 06:00:00,45555.59753512245,45732.78204035551,45501.454272607356,45732.78204035551,4457.118029464833
2024-02-04 08:00:00,45732.78204035551,45732.78204035551,44870.40094640184,45106.35867626026,5724.970089877457
2024-02-04 10:00:00,45106.35867626026,45106.35867626026,43686.51425944175,43686.51425944175,4353.493729950613
2024-02-04 12:00:00,43686.51425944175,43820.56653583854,43049.21902477849,43049.21902477849,5682.390927203864
2024-02-04 14:00:00,43049.21902477849,44151.531944668255,43049.21902477849,43897.12712054717,3070.6917024054446
2024-02-04 16:00:00,43897.12712054717,43977.03090853473,43633.91248801509,43633.91248801509,6485.619369863387
2024-02-04 18:00:00,43633.91248801509,43739.1996026161,43373.83640133993,43373.83640133993,5225.813478545505
2024-02-04 20:00:00,43373.83640133993,44658.77329897162,43373.83640133993,44574.09561997145,6063.2940759814055
2024-02-04 22:00:00,44574.09561997145,45072.96668196655,44364.13337318985,44975.44380427704,2448.360008043635
2024-02-05 00:00:00,45111.92500703394,46160.27488718743,42081.21117316419,42081.21117316419,10042.047630658097
2024-02-05 02:00:00,42081.21117316419,42742.03618715115,42081.21117316419,42505.968088145266,5296.426512474398
2024-02-05 04:00:00,42505.968088145266,44110.06412133302,42505.968088145266,43986.06969010337,6157.755249841814
2024-02-05 06:00:00,43986.06969010337,44459.126117483764,42924.15754729766,42924.15754729766,10439.704142838053
2024-02-05 08:00:00,42924.15754729766,44357.87545803337,42924.15754729766,44298.607707214076,4104.187889250908
2024-02-05 10:00:00,44298.607707214076,44433.81520031012,43356.93769142815,43356.93769142815,9168.632201116248
2024-02-05 12:00:00,43356.93769142815,43654.383120300074,43356.93769142815,43545.615563318475,3671.8031106387507
2024-02-05 14:00:00,43545.615563318475,43557.29146346496,43370.82471584906,43370.82471584906,5569.8145485249925
2024-02-05 16:00:00,43370.82471584906,43643.658967959636,43370.82471584906,43491.03795770545,6823.249235782369
2024-02-05 18:00:00,43491.03795770545,46064.16072484284,43491.03795770545,45451.980773801384,8765.234743104504
2024-02-05 20:00:00,45451.980773801384,46634.68037496654,44868.52657975114,46634.68037496654,6281.92283630057
2024-02-05 22:00:00,46634.68037496654,46634.68037496654,45408.039802478605,45701.427122951325,7503.89650005034
2024-02-06 00:00:00,45855.36392866638,46595.2303419728,44385.29234829767,44385.29234829767,4561.685747820121
2024-02-06 02:00:00,44385.29234829767,44864.43501210517,42609.68270141863,42609.68270141863,2314.010073229444
2024-02-06 04:00:00,42609.68270141863,42710.26633354109,42482.3934536746,42482.3934536746,1962.4184219540728
2024-02-06 06:00:00,42482.3934536746,42636.644580008884,42482.3934536746,42576.834094961196,4621.182756107152
2024-02-06 08:00:00,42576.834094961196,43193.97961839594,42576.834094961196,43146.34262796241,3955.7421853569167
2024-02-06 10:00:00,43146.34262796241,43323.61777982174,43146.34262796241,43234.07259313088,5047.625050228942
2024-02-06 12:00:00,43234.07259313088,45161.063829536564,43234.07259313088,44910.850477234606,5165.466017303802
2024-02-06 14:00:00,44910.850477234606,45000.37673159669,43099.141611209176,43099.141611209176,3275.961204725215
2024-02-06 16:00:00,43099.141611209176,43889.06606970429,43099.141611209176,43864.81621075845,2986.651138628441
2024-02-06 18:00:00,43864.81621075845,44340.95667616831,43864.81621075845,44174.21324193971,2116.290408497311
2024-02-06 20:00:00,44174.21324193971,46544.757104999124,44174.21324193971,46046.93806227099,5594.281947576714
2024-02-06 22:00:00,46046.93806227099,46276.557595688086,46005.93164892199,46226.74087230465,2236.729111509823
2024-02-07 00:00:00,46486.30271859523,46552.25185005501,46445.41026261125,46551.94497708914,5286.392046327012
2024-02-07 02:00:00,46551.94497708914,46563.426490376965,46488.910073176055,46506.51035914611,6176.439272831437
2024-02-07 04:00:00,46506.51035914611,46512.26668316788,46471.72238783923,46500.643075664506,2571.275855702067
2024-02-07 06:00:00,46500.643075664506,46575.296338510794,46334.27755699241,46334.27755699241,3724.9172883596843
2024-02-07 08:00:00,46334.27755699241,46953.44837625404,46334.27755699241,46726.40794837931,4179.3534556160475
2024-02-07 10:00:00,46726.40794837931,46948.71227314816,46221.203224329634,46221.203224329634,3681.0105960089372
2024-02-07 12:00:00,46221.203224329634,46279.644464038756,46132.622415955615,46132.622415955615,5401.825422119511
2024-02-07 14:00:00,46132.622415955615,46313.607341345734,45817.909268311996,45817.909268311996,5972.0478573711625
2024-02-07 16:00:00,45817.909268311996,45886.77693099502,45719.1969149772,45719.1969149772,2520.192580421928
2024-02-07 18:00:00,45719.1969149772,46172.84794524845,45719.1969149772,45969.26802481138,4784.310991605165
2024-02-07 20:00:00,45969.26802481138,46092.74962577655,45969.26802481138,46062.74644119455,3557.619270986978
2024-02-07 22:00:00,46062.74644119455,47112.040344393405,46062.74644119455,47010.82252153614,3703.8085591531953
2024-02-08 00:00:00,46967.09289765191,47433.67824524306,46830.55233652461,47304.02648213408,6595.983122662789
2024-02-08 02:00:00,47304.02648213408,47635.45510446946,47175.2411980441,47487.19901927293,5759.923903077559
2024-02-08 04:00:00,47487.19901927293,47725.16999284175,47400.969696722874,47641.588277323826,3734.776902879323
2024-02-08 06:00:00,47641.588277323826,47749.90695502689,47641.56422070751,47674.40462930596,3363.54398957589
2024-02-08 08:00:00,47674.40462930596,47803.31528451372,47596.57273220995,47803.31528451372,5320.457087841509
2024-02-08 10:00:00,47803.31528451372,47908.45638836316,47788.103325030854,47908.45638836316,6454.9019916817
2024-02-08 12:00:00,47908.45638836316,47908.45638836316,47630.17980194718,47693.98638968003,3186.234615313318
2024-02-08 14:00:00,47693.98638968003,47749.90695502689,47343.52059938925,47464.67771438146,5604.100896789693
2024-02-08 16:00:00,47464.67771438146,47530.27950502196,47303.40113194609,47312.00963996406,4402.735884329475
2024-02-08 18:00:00,47312.00963996406,47453.98598362505,47211.53338542604,47400.3837308873,4067.0415382000965
2024-02-08 20:00:00,47400.3837308873,47705.69802713891,47195.73494017353,47591.30131775824,3549.7958364342344
2024-02-08 22:00:00,47591.30131775824,47694.14621834901,47569.681149792355,47657.88424352876,5131.460246112954
2024-02-09 00:00:00,47640.42782422852,47931.23591698449,47603.09676589237,47775.29822254913,9599.007817051943
2024-02-09 02:00:00,47775.29822254913,48214.72082433498,47617.714926058,48069.51829031912,5181.059628981629
2024-02-09 04:00:00,48069.51829031912,48141.284291498276,48055.94489570169,48109.412978400236,6395.293138136386
2024-02-09 06:00:00,48109.412978400236,48118.39959933393,48036.16929080697,48091.04119010448,4424.185485944355
2024-02-09 08:00:00,48091.04119010448,48425.35575927506,47910.2614221314,48395.814197230495,9832.728666491443
2024-02-09 10:00:00,48395.814197230495,48707.223858820595,48270.58710438869,48707.223858820595,6717.4087209383115
2024-02-09 12:00:00,48707.223858820595,49004.2598388644,48663.64966425425,49004.2598388644,10155.088269383048
2024-02-09 14:00:00,49004.2598388644,49004.2598388644,48602.996748884936,48771.48335381616,5894.797770988501
2024-02-09 16:00:00,48771.48335381616,48771.48335381616,48203.815143469925,48378.34848263743,6438.260465057392
2024-02-09 18:00:00,48378.34848263743,48560.05221146055,47969.92029834392,48019.630164261594,7782.121159193696
2024-02-09 20:00:00,48019.630164261594,48365.03120748048,47969.993840992785,48274.93469906369,6234.144343071327
2024-02-09 22:00:00,48274.93469906369,48558.97376876728,48194.132154611376,48469.921251832006,8286.758114148126
2024-02-10 00:00:00,48550.16170091286,48853.20990395803,48379.86427788263,48829.61075921,6500.680051733382
2024-02-10 02:00:00,48829.61075921,48926.03997695802,48778.22715096195,48918.10830793194,4611.515713035888
2024-02-10 04:00:00,48918.10830793194,49463.14085141422,48642.38491549915,49463.14085141422,4892.465886294239
2024-02-10 06:00:00,49463.14085141422,49479.769719874865,49405.592620544616,49479.769719874865,5576.500554302604
2024-02-10 08:00:00,49479.769719874865,49546.19910408574,49450.03335219767,49546.19910408574,2355.4886313315365
2024-02-10 10:00:00,49546.19910408574,49802.952190879114,49403.18753640051,49802.952190879114,5444.124375642471
2024-02-10 12:00:00,49802.952190879114,49802.952190879114,49609.62096552445,49672.58114798508,5806.996999194977
2024-02-10 14:00:00,49672.58114798508,49672.58114798508,48694.835309540205,49094.57619567879,5064.144122864617
2024-02-10 16:00:00,49094.57619567879,49932.209329737925,48707.131736015835,49932.209329737925,2688.202198827304
2024-02-10 18:00:00,49932.209329737925,50388.041966463825,49897.61235746377,50388.041966463825,5483.522221506425
2024-02-10 20:00:00,50388.041966463825,50388.041966463825,49668.81587832094,49754.18552597084,2366.497589507636
2024-02-10 22:00:00,49754.18552597084,49754.18552597084,49190.68209706873,49280.61830889332,5408.260121010197
2024-02-11 00:00:00,49427.19025229494,49809.592314680456,49377.90300935445,49803.84534486855,4639.11137158559
2024-02-11 02:00:00,49803.84534486855,52454.57744311244,49377.90300935445,52454.57744311244,6003.418838965196
2024-02-11 04:00:00,52454.57744311244,52454.57744311244,51232.621229496064,51488.930060617306,3019.1603887734427
2024-02-11 06:00:00,51488.930060617306,51488.930060617306,49377.90300935445,50042.88048722955,2331.581839739735
2024-02-11 08:00:00,50042.88048722955,50116.82024853976,47903.03661853817,47903.03661853817,4296.972642260739
2024-02-11 10:00:00,47903.03661853817,48028.002394761155,47903.03661853817,48005.37249133721,3438.932128324451
2024-02-11 12:00:00,48005.37249133721,48566.514225202016,48005.37249133721,48506.532405423226,3663.0431941054576
2024-02-11 14:00:00,48506.532405423226,48552.97543874405,48317.26051210018,48317.26051210018,5601.065400962733
2024-02-11 16:00:00,48317.26051210018,49807.717715914674,48317.26051210018,49441.51713554987,4186.164119502976
2024-02-11 18:00:00,49441.51713554987,50407.40838565952,49377.90300935445,50407.40838565952,2392.056779584818
2024-02-11 20:00:00,50407.40838565952,50407.40838565952,49377.90300935445,49685.07123306857,2229.1567377237466
2024-02-11 22:00:00,49685.07123306857,50041.79950552073,49675.5183630966,49932.39081536359,5337.224317979894
2024-02-12 00:00:00,50200.01439761948,50285.39178524215,50084.94849281327,50159.734576467876,2282.392250992122
2024-02-12 02:00:00,50159.734576467876,50203.614288911536,50123.24897140924,50179.383978871505,2433.88138050737
2024-02-12 04:00:00,50179.383978871505,50220.389011906576,50150.42557064608,50211.322232446626,3885.1011757616243
2024-02-12 06:00:00,50211.322232446626,50286.14715663446,50189.052369885576,50280.02216805702,3470.3633576619673
2024-02-12 08:00:00,50280.02216805702,50348.534997422335,50196.64504525811,50234.2531017477,4267.185649747487
2024-02-12 10:00:00,50234.2531017477,50305.047023758736,50197.76717054819,50299.19921091344,3662.3652445547136
2024-02-12 12:00:00,50299.19921091344,50408.74256584659,50213.00120252532,50347.18565916608,2666.601311757828
2024-02-12 14:00:00,50347.18565916608,50510.75291685546,50331.17933512592,50424.78587311044,2978.3734945448477
2024-02-12 16:00:00,50424.78587311044,50456.87347637512,50419.140812086436,50439.40148459931,2576.2177072561435
2024-02-12 18:00:00,50439.40148459931,50535.62023291062,50418.61341403036,50507.64469686992,2121.60877854952
2024-02-12 20:00:00,50507.64469686992,50703.852228835145,50281.5434275219,50464.774317622534,3792.7702729132584
2024-02-12 22:00:00,50464.774317622534,50599.102839902676,50369.73705665968,50489.92692431756,5247.911879698942
2024-02-13 00:00:00,50447.71229306198,50513.695766825665,50297.318438706105,50326.320648819354,3864.4344368223205
2024-02-13 02:00:00,50326.320648819354,51196.8106919811,50279.5720089622,50933.481630934264,8135.242374718477
2024-02-13 04:00:00,50933.481630934264,50972.09858268898,50683.186565984295,50759.542711718714,6781.718074599429
2024-02-13 06:00:00,50759.542711718714,51305.61191055042,50582.60006804063,51140.05682203153,4328.458067069358
2024-02-13 08:00:00,51140.05682203153,51712.76720819369,50856.919418127516,51712.76720819369,6241.739026969102
2024-02-13 10:00:00,51712.76720819369,52031.36621733596,51540.15309469879,52031.36621733596,9175.64807643722
2024-02-13 12:00:00,52031.36621733596,53017.90688220057,51879.584428676484,53017.90688220057,9424.027950102924
2024-02-13 14:00:00,53017.90688220057,53017.90688220057,52541.2357845615,52679.712961465695,4461.546150820082
2024-02-13 16:00:00,52679.712961465695,53103.99039509557,52465.694335216176,53103.99039509557,9491.688144146307
2024-02-13 18:00:00,53103.99039509557,53103.99039509557,52220.355650202095,52354.56315855606,10281.864707893856
2024-02-13 20:00:00,52354.56315855606,52354.56315855606,51833.90047772729,51940.153486319905,7290.299397267074
2024-02-13 22:00:00,51940.153486319905,51940.153486319905,51289.0369997516,51333.81934596478,8316.475649307404
2024-02-14 00:00:00,51305.85546546589,51377.440036220374,51250.53795498916,51321.52198311398,7207.986726572416
2024-02-14 02:00:00,51321.52198311398,51370.316748411475,51222.866118156475,51222.866118156475,6452.622126349273
2024-02-14 04:00:00,51222.866118156475,51287.75530432486,51150.03348518843,51150.03348518843,4960.7426959411105
2024-02-14 06:00:00,51150.03348518843,51223.55619568569,51071.71238332323,51071.71238332323,5455.270026753663
2024-02-14 08:00:00,51071.71238332323,51193.188554466935,51071.71238332323,51118.38776107812,3153.2982603008904
2024-02-14 10:00:00,51118.38776107812,51579.432539477006,51118.38776107812,51490.149348707906,3327.2250938134434
2024-02-14 12:00:00,51490.149348707906,51633.11315472501,51378.021879840686,51586.02866893208,5754.939693489919
2024-02-14 14:00:00,51586.02866893208,51634.81935553678,51562.79341001907,51587.750761458774,6793.117580526222
2024-02-14 16:00:00,51587.750761458774,51879.17925693422,51562.83832627451,51731.416834012416,4889.170662579589
2024-02-14 18:00:00,51731.416834012416,51813.11996717994,51587.83522436139,51616.78863270547,4911.102669626819
2024-02-14 20:00:00,51616.78863270547,51782.67126779952,51543.97619924746,51758.238368325314,4993.474478252438
2024-02-14 22:00:00,51758.238368325314,52148.41104883103,51614.00671083737,52114.381514847606,3736.779655434683
2024-02-15 00:00:00,52056.95518673224,52154.89507684296,52019.63753010246,52112.70627518953,7528.018778258516
2024-02-15 02:00:00,52112.70627518953,52224.983134808914,51861.17762861323,51861.17762861323,6928.873470194294
2024-02-15 04:00:00,51861.17762861323,52033.273035023434,51861.17762861323,51932.461071678525,5908.740798958228
2024-02-15 06:00:00,51932.461071678525,52323.908919898146,51932.461071678525,52231.57809569513,7261.341759760701
2024-02-15 08:00:00,52231.57809569513,52374.83026863201,52183.36249372345,52335.62063998741,8264.729023428921
2024-02-15 10:00:00,52335.62063998741,52340.84770691349,52283.22848776829,52302.7696620329,11822.686238758328
2024-02-15 12:00:00,52302.7696620329,52601.64423418874,52167.18130694867,52495.944645229385,5728.693319846187
2024-02-15 14:00:00,52495.944645229385,52668.77508571258,52449.04583023528,52653.04555223801,4973.069409699107
2024-02-15 16:00:00,52653.04555223801,52663.744486530784,52391.02546796536,52396.52524519059,12718.377968463981
2024-02-15 18:00:00,52396.52524519059,52877.12316742274,52267.887937066764,52728.116751200956,9950.636123610378
2024-02-15 20:00:00,52728.116751200956,53051.40873987139,52663.724025996344,52940.226652780824,4688.062105447406
2024-02-15 22:00:00,52940.226652780824,53054.214915207194,52888.13236550365,53031.28493487194,9412.857172309115
2024-02-16 00:00:00,52846.398237208974,52909.971158416316,52737.70508754291,52831.81945262188,7101.855941193425
2024-02-16 02:00:00,52831.81945262188,52879.485156015915,52824.60087605481,52860.70208840243,5721.30710186729
2024-02-16 04:00:00,52860.70208840243,53021.3077215123,52713.44946371952,52927.89699263691,7673.500879904385
2024-02-16 06:00:00,52927.89699263691,52940.31146057965,52883.19395441985,52898.072778150134,6640.292624718831
2024-02-16 08:00:00,52898.072778150134,53105.1089170345,52862.0198108969,53011.92435811121,2893.36954430211
2024-02-16 10:00:00,53011.92435811121,53308.48296895407,52904.886034058625,53183.37397588594,5637.302836299043
2024-02-16 12:00:00,53183.37397588594,53761.42559973855,53103.42192113067,53567.950967394085,6751.358633575215
2024-02-16 14:00:00,53567.950967394085,53860.935660656665,53498.92360917529,53808.186940117455,4019.464697321602
2024-02-16 16:00:00,53808.186940117455,53860.935660656665,53699.957748242414,53858.185022940816,5435.695848250088
2024-02-16 18:00:00,53858.185022940816,53860.935660656665,53720.85631611578,53761.16757087206,7166.364312966955
2024-02-16 20:00:00,53761.16757087206,53860.935660656665,53440.55073439097,53571.51726250006,3256.0932613091773
2024-02-16 22:00:00,53571.51726250006,53729.562064506514,53485.49960606561,53728.77863501052,7004.017237459775
2024-02-17 00:00:00,53655.66054987018,53802.92063214197,53607.08691653369,53724.389243005244,3537.2266216630446
2024-02-17 02:00:00,53724.389243005244,53743.84243549754,53590.17137258187,53590.17137258187,1598.950136330571
2024-02-17 04:00:00,53590.17137258187,53794.86686994458,53590.17137258187,53787.446114401944,1414.5279404872674
2024-02-17 06:00:00,53787.446114401944,53858.05534919873,53590.20982798463,53592.27772108996,2446.123393102654
2024-02-17 08:00:00,53592.27772108996,53830.97388490485,53590.20982798463,53680.32729723944,2647.133266857632
2024-02-17 10:00:00,53680.32729723944,53993.39231821374,53590.20982798463,53910.25357480453,2199.9073012372305
2024-02-17 12:00:00,53910.25357480453,53964.53295512268,53906.46392777198,53961.97555912072,1925.6243776130798
2024-02-17 14:00:00,53961.97555912072,54054.90780384295,53910.88910750836,54054.90780384295,2522.3728203116057
2024-02-17 16:00:00,54054.90780384295,54125.264645929936,54004.128255906886,54125.264645929936,2604.800587506254
2024-02-17 18:00:00,54125.264645929936,54125.264645929936,54023.14815831501,54110.991241594136,2074.245977012417
2024-02-17 20:00:00,54110.991241594136,54150.771034021,54069.48724151801,54150.771034021,3338.1734193326165
2024-02-17 22:00:00,54150.771034021,54150.771034021,53897.01584205678,53962.870881664756,2333.1085898795527
2024-02-18 00:00:00,53856.81552819161,55003.93084612713,53785.098666774065,55003.93084612713,2898.4802091405686
2024-02-18 02:00:00,55003.93084612713,55003.93084612713,54401.99952074108,54559.69658135703,5107.451689032014
2024-02-18 04:00:00,54559.69658135703,54559.69658135703,53785.098666774065,53942.70314460912,4933.428795052366
2024-02-18 06:00:00,53942.70314460912,54963.97326789355,53785.098666774065,54963.97326789355,2902.8871578005396
2024-02-18 08:00:00,54963.97326789355,54963.97326789355,53646.79035371721,53646.79035371721,3270.4111425927836
2024-02-18 10:00:00,53646.79035371721,53735.556861425415,53519.99817506892,53519.99817506892,4688.9230189813115
2024-02-18 12:00:00,53519.99817506892,53675.25443128358,53146.20014691847,53146.20014691847,5533.8995713724735
2024-02-18 14:00:00,53146.20014691847,54393.84890949105,53146.20014691847,53992.987483980185,4677.884667261047
2024-02-18 16:00:00,53992.987483980185,54130.525342940186,53935.60369794146,54078.5953327467,3670.505963875595
2024-02-18 18:00:00,54078.5953327467,54435.50400787875,54037.667445906,54408.40497226426,2749.0438885058593
2024-02-18 20:00:00,54408.40497226426,54520.04279216125,54360.187929645,54520.04279216125,5303.871919384704
2024-02-18 22:00:00,54520.04279216125,54520.04279216125,54340.17337817178,54363.30773278277,5501.810338474668
2024-02-19 00:00:00,54336.48231870051,54479.02472057262,54325.844747895295,54325.844747895295,6925.98288816091
2024-02-19 02:00:00,54325.844747895295,54701.68354573302,54325.844747895295,54581.54254744642,5534.210399037071
2024-02-19 04:00:00,54581.54254744642,54714.676886038214,54511.70689374701,54710.426237025094,6730.376803406573
2024-02-19 06:00:00,54710.426237025094,54858.788503442105,54380.343975755604,54488.641118463594,6334.456554490876
2024-02-19 08:00:00,54488.641118463594,54501.07776555227,54392.61442404476,54438.848949561405,6500.957593819903
2024-02-19 10:00:00,54438.848949561405,54718.09429102574,54333.694401611334,54690.55868518756,3564.9393451740048
2024-02-19 12:00:00,54690.55868518756,54780.217000921206,54679.741630411874,54734.5070205873,4236.4772499987375
2024-02-19 14:00:00,54734.5070205873,54792.847247954676,54616.26972874559,54647.16279950297,2665.5841213873523
2024-02-19 16:00:00,54647.16279950297,54674.09285152961,54643.25325235078,54660.82310743137,5832.2072513909125
2024-02-19 18:00:00,54660.82310743137,54848.34781836972,54588.44052076491,54847.94084555202,3219.813852572827
2024-02-19 20:00:00,54847.94084555202,54908.980122112276,54800.19018621099,54908.980122112276,4948.652477017371
2024-02-19 22:00:00,54908.980122112276,54908.980122112276,54813.32248554372,54877.010772068905,5575.083405502534
2024-02-20 00:00:00,54860.376957168475,54981.3648180182,54828.22933034655,54974.74414974457,2024.7592557972828
2024-02-20 02:00:00,54974.74414974457,55083.367042962105,54936.23746316319,55041.60292115838,3737.5579762286443
2024-02-20 04:00:00,55041.60292115838,55050.82939499816,54863.377545915886,54940.15419255278,3310.0834750387576
2024-02-20 06:00:00,54940.15419255278,55018.919033391445,54909.679086167016,54969.6857041351,4742.112564909731
2024-02-20 08:00:00,54969.6857041351,54991.364694018775,54798.2679141702,54829.06773117038,2036.0332434071126
2024-02-20 10:00:00,54829.06773117038,54930.04556584715,54809.73545699913,54896.26034461046,3190.501962862557
2024-02-20 12:00:00,54896.26034461046,55334.10372701122,54753.16168192677,55066.46822480801,2738.55577943995
2024-02-20 14:00:00,55066.46822480801,55517.30405039872,54982.621935084884,55434.76185937204,3422.7568940536044
2024-02-20 16:00:00,55434.76185937204,55482.22010330418,55287.51173449138,55307.732745418936,4184.742233611429
2024-02-20 18:00:00,55307.732745418936,55517.30405039872,55255.39779262434,55484.49084949332,2308.4519631879575
2024-02-20 20:00:00,55484.49084949332,55610.65570185241,55425.37296006067,55610.65570185241,2443.5239780664037
2024-02-20 22:00:00,55610.65570185241,55610.65570185241,55416.730916426146,55443.17986920811,4692.12416371192
2024-02-21 00:00:00,55222.88429221782,55402.882254117656,54660.59195108654,54660.59195108654,6272.483112308047
2024-02-21 02:00:00,54660.59195108654,54883.67087660295,54660.59195108654,54769.05818465639,4592.44943281331
2024-02-21 04:00:00,54769.05818465639,54925.768457841215,54400.05028889982,54400.05028889982,7207.873345777957
2024-02-21 06:00:00,54400.05028889982,55565.86803044849,54400.05028889982,55405.79872771007,6105.037273323233
2024-02-21 08:00:00,55405.79872771007,55427.31309339779,55256.6010528489,55339.57534399817,8052.236682549531
2024-02-21 10:00:00,55339.57534399817,56574.88414513251,54715.70225661744,56508.002426758205,8174.589539842516
2024-02-21 12:00:00,56508.002426758205,56787.9249447651,56340.16334609114,56787.9249447651,8862.072987744701
2024-02-21 14:00:00,56787.9249447651,57250.17279616214,56602.601871223414,57250.17279616214,4461.51981745717
2024-02-21 16:00:00,57250.17279616214,57250.17279616214,56925.61550433196,56967.758892901045,11213.566503197853
2024-02-21 18:00:00,56967.758892901045,57254.57689000457,56919.971048096304,57254.57689000457,7764.536381877767
2024-02-21 20:00:00,57254.57689000457,57254.57689000457,55735.15652908487,55986.318021895524,10779.11327212154
2024-02-21 22:00:00,55986.318021895524,56308.868218009935,55860.46909555917,56248.55194379082,9586.077643525347
2024-02-22 00:00:00,56502.49019774422,56918.00102830482,50934.160078220346,50934.160078220346,2830.5776168896855
2024-02-22 02:00:00,50934.160078220346,56918.00102830482,50934.160078220346,56230.63688652825,3825.119197189042
2024-02-22 04:00:00,56230.63688652825,56522.42450651533,55022.32302331159,55022.32302331159,2154.1041796577633
2024-02-22 06:00:00,55022.32302331159,55834.51285277151,48014.472840076516,48014.472840076516,3303.0924105515232
2024-02-22 08:00:00,48014.472840076516,49219.104351608104,45350.97573323695,45350.97573323695,3891.4741833531493
2024-02-22 10:00:00,45350.97573323695,45361.7930116939,43420.264368538556,43420.264368538556,4227.33225203794
2024-02-22 12:00:00,43420.264368538556,43976.94950610205,41097.74097035072,41097.74097035072,4772.851582472681
2024-02-22 14:00:00,41097.74097035072,41489.54852140429,39063.2097105919,39063.2097105919,2861.8838565106503
2024-02-22 16:00:00,39063.2097105919,39674.77016365999,39063.2097105919,39588.36256451092,3301.350399052454
2024-02-22 18:00:00,39588.36256451092,48687.51461269687,39588.36256451092,46436.80558842056,5308.507593309724
2024-02-22 20:00:00,46436.80558842056,55954.52294201902,46436.80558842056,55373.24786683114,2523.326395545
2024-02-22 22:00:00,55373.24786683114,55569.41828920965,53800.996377810654,53800.996377810654,2898.307795535736
2024-02-23 00:00:00,56681.14255920297,56737.804354442014,56543.653355154755,56543.653355154755,2528.0835105661295
2024-02-23 02:00:00,56543.653355154755,56562.94946707407,56410.350665405385,56410.350665405385,1767.6531866076934
2024-02-23 04:00:00,56410.350665405385,56567.26410043404,56410.350665405385,56557.49105687768,2946.777380021089
2024-02-23 06:00:00,56557.49105687768,56645.88426154728,56557.49105687768,56586.993158418976,2275.176452801062
2024-02-23 08:00:00,56586.993158418976,56643.33826260855,56561.69069267078,56597.90253749618,1705.4817538606217
2024-02-23 10:00:00,56597.90253749618,56613.302023521115,56588.07602457323,56607.82229280786,3871.118999670435
2024-02-23 12:00:00,56607.82229280786,56697.01410772817,56561.69069267078,56613.111627801736,2634.0554026300756
2024-02-23 14:00:00,56613.111627801736,56656.84374850699,56603.832445152075,56652.77620403938,2461.3233089395967
2024-02-23 16:00:00,56652.77620403938,56686.394463483884,56650.71336002938,56667.36274610544,2279.8826187909017
2024-02-23 18:00:00,56667.36274610544,56760.9281281535,56585.823647807105,56741.51685485648,2016.7452200287332
2024-02-23 20:00:00,56741.51685485648,56950.27465636622,56726.63769804597,56843.79543520243,3720.3101256489576
2024-02-23 22:00:00,56843.79543520243,56940.80689313227,56823.28890513858,56915.150883488066,2262.782481939915
2024-02-24 00:00:00,56955.9896187374,57094.223214649704,56585.579995064145,56585.579995064145,5137.389701160272
2024-02-24 02:00:00,56585.579995064145,56747.70504122404,55886.94176746756,55886.94176746756,5153.799820487216
2024-02-24 04:00:00,55886.94176746756,55941.5291791462,55236.51037034581,55236.51037034581,8671.707161313945
2024-02-24 06:00:00,55236.51037034581,55817.84585714333,55236.51037034581,55647.286065158165,6140.033340082064
2024-02-24 08:00:00,55647.286065158165,56095.30001619128,54273.51167867785,54273.51167867785,10382.621659720327
2024-02-24 10:00:00,54273.51167867785,55040.15172164716,54273.51167867785,54850.80196411276,4684.902217029494
2024-02-24 12:00:00,54850.80196411276,54975.81738479742,53845.62263085471,53845.62263085471,9009.83597226584
2024-02-24 14:00:00,53845.62263085471,54800.36734995015,53845.62263085471,54646.13551424586,6143.612208206112
2024-02-24 16:00:00,54646.13551424586,57768.52642660448,54646.13551424586,56771.44277990314,10044.248299662533
2024-02-24 18:00:00,56771.44277990314,56855.977599146194,56104.3723742755,56104.3723742755,8213.79348346987
2024-02-24 20:00:00,56104.3723742755,56588.381954423945,56104.3723742755,56539.0240736233,3517.8928548579993
2024-02-24 22:00:00,56539.0240736233,57942.172491857105,56539.0240736233,57649.58278324148,3890.636091062691
2024-02-25 00:00:00,57792.00841488907,57900.87776760838,57791.48197334721,57867.000661943326,2970.522716410207
2024-02-25 02:00:00,57867.000661943326,57959.247424356465,57844.52595741873,57939.8956841268,2885.5666502276094
2024-02-25 04:00:00,57939.8956841268,58060.183739286265,57854.34819273076,57974.59668231027,2334.6760949556046
2024-02-25 06:00:00,57974.59668231027,58038.09166608298,57957.81893389945,58004.8942826713,3806.150905758306
2024-02-25 08:00:00,58004.8942826713,58275.92581120488,57941.07225946819,58119.64686494054,4421.269920431204
2024-02-25 10:00:00,58119.64686494054,58275.92581120488,58008.176301025545,58218.24789816115,3963.7887333065387
2024-02-25 12:00:00,58218.24789816115,58275.92581120488,58202.55610047431,58275.40760195293,3765.8696710543627
2024-02-25 14:00:00,58275.40760195293,58288.86378776251,58222.55955499848,58288.86378776251,4428.667465559676
2024-02-25 16:00:00,58288.86378776251,58288.86378776251,58061.02488628426,58163.34097321037,3256.726064721177
2024-02-25 18:00:00,58163.34097321037,58269.7770113044,58087.08239652099,58187.489147159475,2812.8514235684443
2024-02-25 20:00:00,58187.489147159475,58198.030389041036,58103.76313028142,58163.064078951975,3387.582581891032
2024-02-25 22:00:00,58163.064078951975,58275.92581120488,58093.30515885949,58271.08059958763,3246.757488787925
2024-02-26 00:00:00,58301.02673224276,58382.10761874359,58299.09933083336,58376.486849935194,5097.554427005499
2024-02-26 02:00:00,58376.486849935194,58820.927454418816,58235.895409405166,58795.173519954056,3632.0142321678527
2024-02-26 04:00:00,58795.173519954056,59530.73223391291,58477.30637909775,59530.73223391291,4152.157848384191
2024-02-26 06:00:00,59530.73223391291,59530.73223391291,59369.904363433314,59435.08038123206,5131.402346811409
2024-02-26 08:00:00,59435.08038123206,59435.08038123206,58545.745947455835,58552.78243233533,2269.282622203859
2024-02-26 10:00:00,58552.78243233533,58714.69790560178,58510.00007047561,58590.98110861958,3636.3685978384365
2024-02-26 12:00:00,58590.98110861958,58618.05486979616,58127.816897333614,58127.816897333614,3674.424385959085
2024-02-26 14:00:00,58127.816897333614,58753.50106401605,58127.816897333614,58730.06607778569,3924.020439516489
2024-02-26 16:00:00,58730.06607778569,58930.15585003108,58657.00315486465,58930.15585003108,4041.427275706935
2024-02-26 18:00:00,58930.15585003108,58941.812517117694,58889.154178630415,58941.812517117694,4261.851410705184
2024-02-26 20:00:00,58941.812517117694,58941.812517117694,58713.287976726344,58799.45678289389,4246.483688907337
2024-02-26 22:00:00,58799.45678289389,58833.90152424462,58792.96875004823,58823.413529489124,3741.440308472519
2024-02-27 00:00:00,59097.48032125911,59197.121475339285,59076.62836456982,59170.622094056795,2673.241928251547
2024-02-27 02:00:00,59170.622094056795,59825.73024555424,59038.229790836034,59747.82417000389,3682.994875536188
2024-02-27 04:00:00,59747.82417000389,59980.95241921892,59615.45536044818,59980.95241921892,3727.677034472599
2024-02-27 06:00:00,59980.95241921892,60613.28411524783,59770.409995847265,60613.28411524783,2517.025117284915
2024-02-27 08:00:00,60613.28411524783,60661.18716368683,60465.16268056251,60661.18716368683,2946.2718674658054
2024-02-27 10:00:00,60661.18716368683,60661.18716368683,60040.41977691866,60211.091152464214,3074.3430752394893
2024-02-27 12:00:00,60211.091152464214,60211.091152464214,59267.1068410791,59477.670244192246,4301.942411026278
2024-02-27 14:00:00,59477.670244192246,59677.35923760255,59012.49723704915,59113.07912397168,4660.751736546753
2024-02-27 16:00:00,59113.07912397168,59213.49856115839,59093.633801254866,59175.5206643766,3062.2470223320465
2024-02-27 18:00:00,59175.5206643766,59456.04409999137,59163.91601655334,59447.41495401475,5005.748989769236
2024-02-27 20:00:00,59447.41495401475,59825.73024555424,59315.29959868327,59738.7104878541,3059.4731196649163
2024-02-27 22:00:00,59738.7104878541,59741.24962890711,59344.257401226845,59347.60869157058,4835.627248488554
2024-02-28 00:00:00,59118.277396234786,59158.78873879817,59038.60330949357,59093.71407795427,5621.22834448613
2024-02-28 02:00:00,59093.71407795427,59205.65550203957,59078.73992972682,59093.586991400094,3881.9889519673816
2024-02-28 04:00:00,59093.586991400094,59239.48956322524,59014.69118851108,59175.18546607509,4075.7888581053676
2024-02-28 06:00:00,59175.18546607509,59452.31920828275,59034.625994573704,59280.16168243748,2652.994590903673
2024-02-28 08:00:00,59280.16168243748,59471.64526282298,59207.369149199425,59367.66627622274,3047.245163745044
2024-02-28 10:00:00,59367.66627622274,59671.34304854031,59250.97621175487,59649.030862176274,7232.343254721471
2024-02-28 12:00:00,59649.030862176274,59918.257402164854,59595.46718274816,59886.36247266,6473.288706940108
2024-02-28 14:00:00,59886.36247266,59928.04927892984,59855.44601932718,59897.63284111963,3787.096715745139
2024-02-28 16:00:00,59897.63284111963,59923.721462030866,59894.57559946608,59913.131478765776,6634.709565302897
2024-02-28 18:00:00,59913.131478765776,60008.30299274067,59835.92273784491,59961.42687191566,5343.792883911917
2024-02-28 20:00:00,59961.42687191566,60089.229816074665,59944.9223945371,60034.25178339938,7141.967739233918
2024-02-28 22:00:00,60034.25178339938,60272.78914974558,59908.494717063,60215.99399352147,4524.346825963164
2024-02-29 00:00:00,60264.23827125643,60527.18456640704,60170.913383959625,60478.17543425473,9943.91208040602
2024-02-29 02:00:00,60478.17543425473,60779.58410222274,60342.83409697612,60623.05753659951,6276.134035371113
2024-02-29 04:00:00,60623.05753659951,60633.697430938155,60506.359545741456,60515.81441859122,6413.411408356479
2024-02-29 06:00:00,60515.81441859122,60912.680036837985,60377.208947863306,60881.57415266655,5401.531132441726
2024-02-29 08:00:00,60881.57415266655,61006.755955917615,60855.39246114756,60935.36633445583,3408.492760038811
2024-02-29 10:00:00,60935.36633445583,61040.951606472634,60657.19158500001,60744.902122240375,7906.780857581721
2024-02-29 12:00:00,60744.902122240375,60860.49765332501,60601.81822950298,60634.615707011726,9172.004204180277
2024-02-29 14:00:00,60634.615707011726,60934.588593891945,60530.88315807339,60901.2577835056,7501.548807946146
2024-02-29 16:00:00,60901.2577835056,61205.00179962665,60805.72939833009,61153.1009531052,5449.931542418624
2024-02-29 18:00:00,61153.1009531052,61327.32158484925,61054.79360149751,61327.32158484925,3461.306576419151
2024-02-29 20:00:00,61327.32158484925,61327.32158484925,61131.56288571076,61145.29680438008,8638.548065817999
2024-02-29 22:00:00,61145.29680438008,61179.45756425058,60913.02094201121,61003.914641427364,8661.766644712425
2024-03-01 00:00:00,60822.24316339724,60851.701162883626,60230.13109773874,60339.44224030261,3574.8416642230713
2024-03-01 02:00:00,60339.44224030261,61738.60311117274,56409.44698876443,56409.44698876443,6012.286794441675
2024-03-01 04:00:00,56409.44698876443,59553.040895913764,56409.44698876443,59469.05960666658,5003.24364811528
2024-03-01 06:00:00,59469.05960666658,59472.47285810036,59232.44533666444,59232.44533666444,5743.274369646958
2024-03-01 08:00:00,59232.44533666444,63259.65073759604,59232.44533666444,63259.65073759604,4753.138428458976
2024-03-01 10:00:00,63259.65073759604,63259.65073759604,62665.70164854787,62840.186594183964,2621.218945324977
2024-03-01 12:00:00,62840.186594183964,65615.51161332492,61682.21026155402,65615.51161332492,5055.998056399947
2024-03-01 14:00:00,65615.51161332492,65615.51161332492,60182.48621873402,60209.37546360129,5482.80235806621
2024-03-01 16:00:00,60209.37546360129,60829.30659378093,59055.423231001725,59055.423231001725,3637.6822605890216
2024-03-01 18:00:00,59055.423231001725,59208.657301944106,57672.96933764898,57672.96933764898,5435.3852788569275
2024-03-01 20:00:00,57672.96933764898,62560.2428302156,57672.96933764898,62560.2428302156,5661.968961638802
2024-03-01 22:00:00,62560.2428302156,62560.2428302156,60287.60573439286,60733.13525294494,4364.969468365436
2024-03-02 00:00:00,61517.06093160056,61659.097799359864,61466.45015467986,61659.097799359864,2306.0823994362536
2024-03-02 02:00:00,61659.097799359864,61659.097799359864,61560.97720080703,61618.56593313887,2668.6548217742393
2024-03-02 04:00:00,61618.56593313887,61628.74859046849,61541.36235243648,61606.180484227836,1853.574252376982
2024-03-02 06:00:00,61606.180484227836,61628.74859046849,61473.42419763084,61616.89457273759,1784.7178095350564
2024-03-02 08:00:00,61616.89457273759,61628.74859046849,61440.91220836157,61537.9249067679,1874.7304756525562
2024-03-02 10:00:00,61537.9249067679,61628.74859046849,61440.91220836157,61608.18041854522,2821.6278756828274
2024-03-02 12:00:00,61608.18041854522,61628.74859046849,61505.08309059008,61583.57631723847,2011.651711073256
2024-03-02 14:00:00,61583.57631723847,61628.74859046849,61564.045617303615,61589.66013547741,1711.5472765905936
2024-03-02 16:00:00,61589.66013547741,61628.74859046849,61541.97611826137,61612.95243125033,3284.710656868615
2024-03-02 18:00:00,61612.95243125033,61628.74859046849,61578.64360578325,61611.97392479212,1475.4428127464819
2024-03-02 20:00:00,61611.97392479212,61628.74859046849,61524.10945212781,61554.66984543995,2230.129679347771
2024-03-02 22:00:00,61554.66984543995,61594.95360839897,61497.91432144385,61573.18354000462,4264.750484176336
2024-03-03 00:00:00,61382.16041681007,61601.6482408605,61277.1837242253,61537.755375198416,3446.5925166679344
2024-03-03 02:00:00,61537.755375198416,61629.598297279146,61501.341915401936,61599.283932478094,5806.416036693746
2024-03-03 04:00:00,61599.283932478094,61784.31043908052,61529.64573241421,61722.02936239076,3831.8481418362335
2024-03-03 06:00:00,61722.02936239076,61864.72496113,61711.742203325164,61807.369651034365,4224.774454860378
2024-03-03 08:00:00,61807.369651034365,61818.108715104834,61795.34248228039,61801.28989185523,4162.107664413842
2024-03-03 10:00:00,61801.28989185523,61879.371770487385,61787.675528013264,61810.92713250586,5383.967062627273
2024-03-03 12:00:00,61810.92713250586,61951.167112242794,61696.28483682547,61849.91401046435,3821.266344754998
2024-03-03 14:00:00,61849.91401046435,61927.68162539033,61777.06972496873,61846.25411125954,3898.893155596355
2024-03-03 16:00:00,61846.25411125954,61864.28879112839,61821.76942650801,61831.03997317443,4584.933654597397
2024-03-03 18:00:00,61831.03997317443,62004.10259701691,61748.80580766503,61969.66848564951,3130.3469197126637
2024-03-03 20:00:00,61969.66848564951,61980.765991738524,61960.81276546075,61960.94572177376,3251.9753954812177
2024-03-03 22:00:00,61960.94572177376,62050.31661340916,61940.331055951785,62031.48934199417,2579.6729379411995
2024-03-04 00:00:00,62357.68356102147,62767.589651598835,62326.998380243334,62654.08897434228,5433.190868280959
2024-03-04 02:00:00,62654.08897434228,62863.292072393255,62612.91767928982,62863.292072393255,5379.5451295746325
2024-03-04 04:00:00,62863.292072393255,62863.292072393255,62767.85786934462,62816.59039274023,7720.342047837557
2024-03-04 06:00:00,62816.59039274023,62816.59039274023,61933.40650987331,61933.40650987331,6684.512570489486
2024-03-04 08:00:00,61933.40650987331,62341.63660599879,60897.57236941894,60897.57236941894,3699.926992462653
2024-03-04 10:00:00,60897.57236941894,61507.69084627723,60897.57236941894,61159.75834635782,7715.971700703958
2024-03-04 12:00:00,61159.75834635782,61408.7203197161,60691.56267058938,60691.56267058938,4050.2130281551017
2024-03-04 14:00:00,60691.56267058938,61165.79308042731,60691.56267058938,61031.37981636041,4009.9942522183183
2024-03-04 16:00:00,61031.37981636041,62044.35816423014,61031.37981636041,61975.07258442598,7545.200270193172
2024-03-04 18:00:00,61975.07258442598,62409.47407171288,61975.07258442598,62347.81001097624,3496.941196358717
2024-03-04 20:00:00,62347.81001097624,62378.48817046107,62240.83759115947,62240.83759115947,4521.761929094219
2024-03-04 22:00:00,62240.83759115947,62739.286908644804,62240.83759115947,62712.411325915404,6075.741513889912
2024-03-05 00:00:00,62559.61730897326,62966.772485016074,62449.96408849053,62916.99686643653,5016.338762836788
2024-03-05 02:00:00,62916.99686643653,63014.23078486844,62595.45032362751,62677.35363616263,4658.409174290895
2024-03-05 04:00:00,62677.35363616263,62890.66871148157,61802.25769281559,61802.25769281559,4597.35462545341
2024-03-05 06:00:00,61802.25769281559,62507.054660683774,61802.25769281559,62451.26688037138,4295.200544155683
2024-03-05 08:00:00,62451.26688037138,62478.24518170984,62244.11306335489,62244.11306335489,7289.819837444488
2024-03-05 10:00:00,62244.11306335489,62462.08459620487,61916.70730433138,61916.70730433138,5268.414039531426
2024-03-05 12:00:00,61916.70730433138,63743.58546771495,61916.70730433138,63260.40055657368,5167.136306563266
2024-03-05 14:00:00,63260.40055657368,64186.75072495026,63149.10117176948,64157.65443892452,5481.6039058141805
2024-03-05 16:00:00,64157.65443892452,64402.5205499565,64085.78184179881,64402.5205499565,3502.586949676095
2024-03-05 18:00:00,64402.5205499565,64402.5205499565,63346.29758134846,63360.8368218811,6042.95152658328
2024-03-05 20:00:00,63360.8368218811,64224.94284215832,63076.14988537407,63975.614481492856,3751.458336185981
2024-03-05 22:00:00,63975.614481492856,63995.586175647775,63944.67373184942,63965.55890444266,6582.799492052821
2024-03-06 00:00:00,63821.32091817447,63962.16641527356,63520.202813230506,63628.65136232164,3850.8564171558937
2024-03-06 02:00:00,63628.65136232164,63738.807828356614,63519.36513994001,63664.01778591644,4921.357634572196
2024-03-06 04:00:00,63664.01778591644,63688.25895945163,63519.36513994001,63592.258706637425,4216.384546064549
2024-03-06 06:00:00,63592.258706637425,63681.69416863914,63519.36513994001,63584.69154071162,2788.581303135366
2024-03-06 08:00:00,63584.69154071162,63790.164818202495,63519.36513994001,63765.39987432378,4097.982989635151
2024-03-06 10:00:00,63765.39987432378,63786.44233856019,63689.11135199965,63726.35133048942,2966.7433146228404
2024-03-06 12:00:00,63726.35133048942,63878.14760972613,63271.0983970799,63271.0983970799,2965.9816639458654
2024-03-06 14:00:00,63271.0983970799,64063.02831956041,63271.0983970799,64026.344704691975,5352.181625793236
2024-03-06 16:00:00,64026.344704691975,64124.00204354804,64025.24831949188,64102.23309799442,2391.52286318061
2024-03-06 18:00:00,64102.23309799442,64126.47031605167,63995.086627702934,64049.686897155705,3777.623391067083
2024-03-06 20:00:00,64049.686897155705,64576.826979971804,64044.462884527384,64434.45011831688,2351.635434805286
2024-03-06 22:00:00,64434.45011831688,64535.04994424019,64327.99173234313,64352.40294374967,4874.765157443925
2024-03-07 00:00:00,64231.80630797267,64327.022350034444,64072.1041400789,64072.1041400789,2333.4823509363223
2024-03-07 02:00:00,64072.1041400789,64185.50408106137,63936.44592895694,63936.44592895694,5102.555685688551
2024-03-07 04:00:00,63936.44592895694,64169.44012871761,63936.44592895694,64102.863958513284,3331.5532373455576
2024-03-07 06:00:00,64102.863958513284,64260.53439506806,64089.62371409465,64089.62371409465,5779.571532506397
2024-03-07 08:00:00,64089.62371409465,64250.85175119393,63989.750944498606,63989.750944498606,6313.747497166602
2024-03-07 10:00:00,63989.750944498606,64172.861377239366,63871.8101806909,63871.8101806909,3338.9149187997045
2024-03-07 12:00:00,63871.8101806909,64023.131336699174,63825.21924755159,63825.21924755159,4280.8507730869005
2024-03-07 14:00:00,63825.21924755159,64122.3938675178,63825.21924755159,64090.65002900538,5683.049181790013
2024-03-07 16:00:00,64090.65002900538,64189.9557354891,63999.34087472818,63999.34087472818,6165.242865589358
2024-03-07 18:00:00,63999.34087472818,64027.41911752486,63978.539220518105,63978.539220518105,2734.647810272665
2024-03-07 20:00:00,63978.539220518105,64224.76690093046,63978.539220518105,64191.94573164646,4452.711120174539
2024-03-07 22:00:00,64191.94573164646,64605.64750319034,64164.48793944297,64499.83830903575,3800.3654898377667
2024-03-08 00:00:00,64532.72145081547,65202.58560800893,64482.64504082532,65202.58560800893,7017.993384323706
2024-03-08 02:00:00,65202.58560800893,65202.58560800893,65153.500005235,65170.29841447587,5854.228436975074
2024-03-08 04:00:00,65170.29841447587,65806.18102061034,64992.18462595925,65806.18102061034,7651.67199257808
2024-03-08 06:00:00,65806.18102061034,65806.18102061034,65690.15086402085,65724.52122588317,6090.288909602022
2024-03-08 08:00:00,65724.52122588317,65724.52122588317,65535.55917904668,65567.44773793076,8435.197309400477
2024-03-08 10:00:00,65567.44773793076,65567.44773793076,65238.04333338096,65419.70523078509,3404.613665668679
2024-03-08 12:00:00,65419.70523078509,65459.39515901622,65418.14533639677,65459.39515901622,3242.7067180978097
2024-03-08 14:00:00,65459.39515901622,65459.39515901622,65183.1573271057,65273.22494207938,5757.601008133902
2024-03-08 16:00:00,65273.22494207938,65273.22494207938,64794.11307931719,64978.524041034194,6285.487033463156
2024-03-08 18:00:00,64978.524041034194,65030.39156414771,64935.96559385593,65030.39156414771,6985.382735285557
2024-03-08 20:00:00,65030.39156414771,65052.41386797437,64950.13883170167,65052.41386797437,7283.446084549579
2024-03-08 22:00:00,65052.41386797437,65052.41386797437,64622.04246618604,64777.71096818944,4597.297912238461
2024-03-09 00:00:00,64705.82594564332,64815.01045132089,64658.02422380415,64745.347950137475,6135.147951720555
2024-03-09 02:00:00,64745.347950137475,64798.48957997016,64734.05652598229,64738.343327882925,4672.65334890098
2024-03-09 04:00:00,64738.343327882925,65002.24995990455,64662.460200356676,64965.73941560174,3737.768710267102
2024-03-09 06:00:00,64965.73941560174,65192.80683977046,64874.63623763872,65061.27624686843,2874.080714346016
2024-03-09 08:00:00,65061.27624686843,65302.93006709861,64994.68760609985,65226.91915509009,3386.8204598962434
2024-03-09 10:00:00,65226.91915509009,65447.913656610945,65152.33738518093,65358.58100488199,3595.897884012015
2024-03-09 12:00:00,65358.58100488199,65367.66735298156,65355.929454994344,65366.52520786125,6038.560889057466
2024-03-09 14:00:00,65366.52520786125,65450.82399646745,65232.56468854673,65317.89116022192,2581.077046717792
2024-03-09 16:00:00,65317.89116022192,65520.59542793667,65267.279584222044,65476.19241229634,6740.348528068108
2024-03-09 18:00:00,65476.19241229634,65491.49140273791,65336.41166998382,65385.872394933656,5425.538740927764
2024-03-09 20:00:00,65385.872394933656,65405.435629076026,65385.04119709034,65393.53214369569,5627.019213025095
2024-03-09 22:00:00,65393.53214369569,65395.791952583335,65320.50100742217,65347.28556888885,6361.516091839398
2024-03-10 00:00:00,65105.195172273074,65331.25300286436,64974.69883314553,65303.54341927208,6433.6779272839985
2024-03-10 02:00:00,65303.54341927208,65695.38920821926,65159.85611074991,65628.73279172051,6192.45672236619
2024-03-10 04:00:00,65628.73279172051,66063.98112478998,64751.44814960361,64864.03703431895,4704.822997785519
2024-03-10 06:00:00,64864.03703431895,64906.90843329652,64841.070034575256,64874.93099325696,8249.635000775574
2024-03-10 08:00:00,64874.93099325696,64929.52013405683,64740.94495265233,64740.94495265233,3627.1328537795293
2024-03-10 10:00:00,64740.94495265233,64879.33834090757,64740.94495265233,64867.39099040248,5432.196453871474
2024-03-10 12:00:00,64867.39099040248,65998.48374564288,64751.44814960361,65768.33670558233,6565.285864141409
2024-03-10 14:00:00,65768.33670558233,65855.31831797164,65576.86780571972,65657.3452684914,6725.893498780015
2024-03-10 16:00:00,65657.3452684914,66180.69539950448,65638.29377116771,66014.33553103452,6260.954963964505
2024-03-10 18:00:00,66014.33553103452,66663.64723992602,65973.63956440549,66472.07063356902,7250.491430209461
2024-03-10 20:00:00,66472.07063356902,66900.24630878428,66432.2607841907,66736.8863544835,9407.300653708497
2024-03-10 22:00:00,66736.8863544835,67087.8740459931,66534.45575598777,67007.26164803228,4407.750507294585
2024-03-11 00:00:00,66918.69473703355,68117.79472226728,60433.67106316286,60433.67106316286,4216.005117125132
2024-03-11 02:00:00,60433.67106316286,66470.56869542685,60433.67106316286,65519.386245310336,2736.1074327655315
2024-03-11 04:00:00,65519.386245310336,66769.43289535826,65519.386245310336,66232.67517268493,2867.168759446589
2024-03-11 06:00:00,66232.67517268493,69935.62667970784,66013.48498422917,69935.62667970784,3134.31838191048
2024-03-11 08:00:00,69935.62667970784,72020.46421295067,69021.44929521081,72020.46421295067,3618.7061687520945
2024-03-11 10:00:00,72020.46421295067,72020.46421295067,67231.74580518831,68184.21657119418,2208.6587415576205
2024-03-11 12:00:00,68184.21657119418,68184.21657119418,67418.18186768478,67800.47215518024,5179.870163641669
2024-03-11 14:00:00,67800.47215518024,68117.79472226728,67708.71232932103,67996.34501332205,5621.92601851536
2024-03-11 16:00:00,67996.34501332205,68001.11715212118,67974.0642004177,67994.1738467823,3402.0018371488445
2024-03-11 18:00:00,67994.1738467823,68065.43255023322,67511.65636883838,67602.70611223612,2088.0230948013154
2024-03-11 20:00:00,67602.70611223612,69868.0708138055,67496.11799968896,69868.0708138055,2127.6088562674095
2024-03-11 22:00:00,69868.0708138055,69868.0708138055,66013.48498422917,67012.01708611984,4353.330775543435
2024-03-12 00:00:00,68032.65060631413,102781.14567895076,67855.2804504384,102781.14567895076,4227.265525279264
2024-03-12 02:00:00,102781.14567895076,103553.49468407324,102673.1643261798,103553.49468407324,4157.756976375019
2024-03-12 04:00:00,103553.49468407324,103553.49468407324,74487.37407759333,77746.32795612724,3607.4001254577142
2024-03-12 06:00:00,77746.32795612724,99096.81612878658,68011.56021068679,99096.81612878658,4586.2202016393
2024-03-12 08:00:00,99096.81612878658,99096.81612878658,26938.11913744173,26938.11913744173,5811.926060794079
2024-03-12 10:00:00,26938.11913744173,45666.18239240154,26938.11913744173,42294.36673158116,4500.86182693421
2024-03-12 12:00:00,42294.36673158116,45605.10050910789,35617.83468242927,35617.83468242927,4409.7747512166
2024-03-12 14:00:00,35617.83468242927,43927.37542935336,35617.83468242927,42155.54350816457,5074.65516349531
2024-03-12 16:00:00,42155.54350816457,42161.03800273803,28563.733753818375,28563.733753818375,5134.621067093253
2024-03-12 18:00:00,28563.733753818375,29044.260705309956,28563.733753818375,28883.302553473102,3134.689022924705
2024-03-12 20:00:00,28883.302553473102,45160.09912122865,28883.302553473102,40101.90046440478,2315.811880410635
2024-03-12 22:00:00,40101.90046440478,46948.47070579258,21141.698152103952,21141.698152103952,5039.468822390436
2024-03-13 00:00:00,69388.56088225788,69427.51479232319,69292.48730789623,69318.73062087025,1839.8515012711844
2024-03-13 02:00:00,69318.73062087025,69429.41812009312,69155.81898967545,69245.58794421588,1979.952423089403
2024-03-13 04:00:00,69245.58794421588,69420.35677543165,69142.43433668707,69192.01755212486,2464.009369993612
2024-03-13 06:00:00,69192.01755212486,69244.87806637646,69135.51744745762,69221.67381168331,2368.3857369660254
2024-03-13 08:00:00,69221.67381168331,69262.68698698447,69190.03815878282,69224.85472335201,3900.478788335304
2024-03-13 10:00:00,69224.85472335201,69302.72319360462,69135.51744745762,69184.75661102367,3063.192234957516
2024-03-13 12:00:00,69184.75661102367,69232.57996436539,69135.51744745762,69168.39440881672,3642.42416674167
2024-03-13 14:00:00,69168.39440881672,69296.58603615362,69135.51744745762,69203.83639323601,3303.306087268495
2024-03-13 16:00:00,69203.83639323601,69374.09784942395,69135.51744745762,69156.31301293113,4005.4387544948627
2024-03-13 18:00:00,69156.31301293113,69193.08380640224,69135.51744745762,69173.49543051062,3346.4966975436587
2024-03-13 20:00:00,69173.49543051062,69292.50900442424,69135.51744745762,69200.51031611495,2442.953083589546
2024-03-13 22:00:00,69200.51031611495,69297.97278326614,69135.51744745762,69146.61395025034,2185.2843574729563
2024-03-14 00:00:00,68971.44082574637,68988.45930678712,68952.64144192691,68953.82778227389,2046.2760096014592
2024-03-14 02:00:00,68953.82778227389,69026.45499386387,68861.71584964711,68908.79567217756,2637.7485406706587
2024-03-14 04:00:00,68908.79567217756,69091.69649923219,68816.67473261231,69075.48240656685,5054.88609907512
2024-03-14 06:00:00,69075.48240656685,69177.81482721081,69035.11213649854,69138.98349126086,5628.481672717673
2024-03-14 08:00:00,69138.98349126086,69309.54400054419,69083.26026177523,69256.08062955606,2375.5264365973444
2024-03-14 10:00:00,69256.08062955606,69277.32997500987,68951.59335449668,68973.82265407956,2393.223223748129
2024-03-14 12:00:00,68973.82265407956,69206.24871158444,68955.22843924354,69159.79921824568,3686.971306168531
2024-03-14 14:00:00,69159.79921824568,69468.39000850679,69153.31301029546,69392.14879694916,2305.2906799413568
2024-03-14 16:00:00,69392.14879694916,69705.2129086066,69377.28932312079,69684.06217085043,5978.41962973015
2024-03-14 18:00:00,69684.06217085043,69781.34604379412,69616.75483665329,69767.18533422689,3815.4589389006132
2024-03-14 20:00:00,69767.18533422689,69802.11419038278,69528.7991097925,69570.92641819826,5600.822013444219
2024-03-14 22:00:00,69570.92641819826,69700.90573566222,69449.78884985036,69580.92296398088,2013.95199537208
2024-03-15 00:00:00,69303.86275910641,69312.04628710078,69267.0321611434,69303.46134149042,5114.683352903339
2024-03-15 02:00:00,69303.46134149042,69341.48293874176,69242.85417772512,69341.48293874176,5409.595273364045
2024-03-15 04:00:00,69341.48293874176,69375.98936761293,69293.39519527032,69375.98936761293,3991.9307519019326
2024-03-15 06:00:00,69375.98936761293,69375.98936761293,69301.3398158895,69341.04408675004,6825.034031136491
2024-03-15 08:00:00,69341.04408675004,69341.04408675004,69294.66813291445,69315.73341292139,4042.8164927531093
2024-03-15 10:00:00,69315.73341292139,69315.73341292139,69260.86756021982,69286.1084914886,6500.708791953172
2024-03-15 12:00:00,69286.1084914886,69300.71643694017,69156.00362981437,69231.18905360586,6250.700489631263
2024-03-15 14:00:00,69231.18905360586,69264.85234194383,69086.33284615807,69208.30874512604,5976.82030862799
2024-03-15 16:00:00,69208.30874512604,69263.59848682555,69086.33284615807,69147.25767040161,6285.219209353312
2024-03-15 18:00:00,69147.25767040161,69212.59330600081,69075.49714598172,69075.49714598172,6399.245628355849
2024-03-15 20:00:00,69075.49714598172,69224.32763352644,69075.49714598172,69103.70288852963,2820.015397394589
2024-03-15 22:00:00,69103.70288852963,69110.53436517222,69086.33284615807,69100.39416843785,4334.63434128139
2024-03-16 00:00:00,69032.30254495802,69080.01325742368,68781.72042275198,68971.48100843311,2449.281202280512
2024-03-16 02:00:00,68971.48100843311,68974.55652301204,68915.37295696452,68935.66422114096,3589.2169519751983
2024-03-16 04:00:00,68935.66422114096,68960.19304229824,68891.71830198531,68904.35634422328,2743.5123143507913
2024-03-16 06:00:00,68904.35634422328,69101.21175904114,68852.32692631482,68918.79244244451,2066.498709017672
2024-03-16 08:00:00,68918.79244244451,68940.41589913041,68903.49897521544,68938.11999428934,3012.6981080336272
2024-03-16 10:00:00,68938.11999428934,69007.53256038904,68935.40408598154,68990.17943877076,5320.1348151600905
2024-03-16 12:00:00,68990.17943877076,69029.1914046728,68919.07718685117,68962.85151296383,4191.529927991095
2024-03-16 14:00:00,68962.85151296383,69118.21637556008,68843.74234224163,68973.1245811476,4446.024656922
2024-03-16 16:00:00,68973.1245811476,68998.14242182722,68967.76687010686,68980.1459131669,4674.845976096408
2024-03-16 18:00:00,68980.1459131669,69060.65019231335,68847.60134513424,68959.63267572208,5199.109384110291
2024-03-16 20:00:00,68959.63267572208,69009.82366094795,68956.143057709,68994.66147075662,2185.4740105671935
2024-03-16 22:00:00,68994.66147075662,69051.8092091705,68911.89510080959,68963.6537620614,4347.385001777508
2024-03-17 00:00:00,68819.72786283294,68900.05747979759,68598.33455589527,68598.33455589527,3301.6141804362314
2024-03-17 02:00:00,68598.33455589527,68742.35740395408,68598.33455589527,68735.71139952743,2843.6979870385517
2024-03-17 04:00:00,68735.71139952743,68843.11120070043,68711.96844328658,68778.6181053718,4105.96423322359
2024-03-17 06:00:00,68778.6181053718,68785.92181812803,68711.96844328658,68723.30280842319,5586.69332256507
2024-03-17 08:00:00,68723.30280842319,68947.37200641369,68711.96844328658,68940.31422823571,3293.6239623056213
2024-03-17 10:00:00,68940.31422823571,69258.75302132357,68933.1474507987,69242.59809466792,5708.455330412049
2024-03-17 12:00:00,69242.59809466792,69651.88234913163,69238.9889109491,69539.08879676404,2394.440283009566
2024-03-17 14:00:00,69539.08879676404,69623.69390843385,69348.92911962679,69440.87700080681,6610.099280042955
2024-03-17 16:00:00,69440.87700080681,69651.2235734076,69316.94860164763,69536.94953781432,6505.493006708398
2024-03-17 18:00:00,69536.94953781432,69872.24983157674,69488.97120159109,69702.5762582115,5126.044590684929
2024-03-17 20:00:00,69702.5762582115,69977.18060522569,69170.89384515474,69425.47131174765,5565.665687237896
2024-03-17 22:00:00,69425.47131174765,69976.31042924538,69177.0277443218,69905.81422807022,5682.3049500412235
2024-03-18 00:00:00,69920.9853328128,70218.44590234579,69757.82417561254,70218.44590234579,7101.122788658412
2024-03-18 02:00:00,70218.44590234579,70225.95293137773,70135.45324177336,70225.95293137773,5003.038568159321
2024-03-18 04:00:00,70225.95293137773,70225.95293137773,69880.84601042054,69984.54620352652,7026.739939098388
2024-03-18 06:00:00,69984.54620352652,70073.62571980701,69850.15847658191,70066.64733588474,8886.133629616616
2024-03-18 08:00:00,70066.64733588474,70093.6278728247,70065.82769416053,70093.6278728247,5674.2503117294755
2024-03-18 10:00:00,70093.6278728247,70093.6278728247,69803.29196747243,69824.10176503487,11452.751656945144
2024-03-18 12:00:00,69824.10176503487,69889.83849005328,69737.84791323809,69808.80649207441,7574.549216102744
2024-03-18 14:00:00,69808.80649207441,70043.9414750567,69035.73903193077,69291.90270888638,8520.554008350686
2024-03-18 16:00:00,69291.90270888638,69293.28580731888,69099.89838073419,69283.64941528691,5672.174639204856
2024-03-18 18:00:00,69283.64941528691,69558.46724177619,68428.191031398,68436.39280656292,7453.114854391748
2024-03-18 20:00:00,68436.39280656292,68464.60417727494,68298.87355783823,68298.87355783823,11078.013105951572
2024-03-18 22:00:00,68298.87355783823,68505.33535092979,68298.87355783823,68504.99302187309,11018.161887893928
2024-03-19 00:00:00,68440.67723318869,68456.28282869223,67802.61372182325,68016.90264002385,3874.493637419449
2024-03-19 02:00:00,68016.90264002385,68154.89190807639,67480.50586696985,67480.50586696985,2125.042377402918
2024-03-19 04:00:00,67480.50586696985,68015.65419888817,67480.50586696985,67963.66981774027,3167.3463145368974
2024-03-19 06:00:00,67963.66981774027,67990.14958209837,67802.61372182325,67825.27205123943,2242.572989527009
2024-03-19 08:00:00,67825.27205123943,67893.80191148921,67539.89208970508,67539.89208970508,1686.5939624746736
2024-03-19 10:00:00,67539.89208970508,67568.24477247712,67498.82904484338,67498.82904484338,2396.835234172558
2024-03-19 12:00:00,67498.82904484338,67532.8532882774,67347.64910084322,67347.64910084322,3148.6765736782218
2024-03-19 14:00:00,67347.64910084322,67678.57837880707,67347.64910084322,67543.38694343143,2989.0069509243135
2024-03-19 16:00:00,67543.38694343143,67552.36414588313,67516.99745015473,67516.99745015473,2721.9783029498985
2024-03-19 18:00:00,67516.99745015473,67654.11772816652,67516.99745015473,67558.40184949644,2796.505086609486
2024-03-19 20:00:00,67558.40184949644,67827.18304045443,67558.40184949644,67762.6631138343,4284.826634034214
2024-03-19 22:00:00,67762.6631138343,68052.49036083516,67762.6631138343,67907.80884169061,4073.592116885289
2024-03-20 00:00:00,67764.09429127192,68340.71843587799,67750.99553963389,68290.66208555206,4836.477932702208
2024-03-20 02:00:00,68290.66208555206,68392.40647654595,68151.58799287947,68381.74947953742,4786.671298612333
2024-03-20 04:00:00,68381.74947953742,68440.41193186564,67624.26731801112,67905.54348961907,5527.662090216437
2024-03-20 06:00:00,67905.54348961907,68488.42968076492,67679.31358862479,68488.42968076492,7230.631028630239
2024-03-20 08:00:00,68488.42968076492,68520.26946450642,68419.0766648141,68520.26946450642,3964.4796719339433
2024-03-20 10:00:00,68520.26946450642,68820.88794139598,68412.38407455121,68820.88794139598,6700.88758151482
2024-03-20 12:00:00,68820.88794139598,69850.82141788915,68604.35090538154,69850.82141788915,5949.414024137105
2024-03-20 14:00:00,69850.82141788915,69850.82141788915,69451.72293756045,69475.6533213615,9215.221404233438
2024-03-20 16:00:00,69475.6533213615,69982.14358363058,69137.7421189231,69982.14358363058,8734.088383704078
2024-03-20 18:00:00,69982.14358363058,69982.14358363058,67576.47006148518,68206.12786865322,5112.524415362999
2024-03-20 20:00:00,68206.12786865322,69304.37317402603,67627.80813647257,69304.37317402603,7718.708489623722
2024-03-20 22:00:00,69304.37317402603,69304.37317402603,67563.7635716545,68198.17501566067,9576.196728801675
2024-03-21 00:00:00,68145.16941297508,68587.74007876331,67105.5066324563,67197.64251598575,16780.525526786892
2024-03-21 02:00:00,67197.64251598575,68013.35980358862,67084.78392517935,67728.3038268237,13317.446831590152
2024-03-21 04:00:00,67728.3038268237,68686.13645862692,67477.67574901112,68686.13645862692,9182.946570723647
2024-03-21 06:00:00,68686.13645862692,68864.82223086088,68503.24638778219,68864.82223086088,11592.044716842172
2024-03-21 08:00:00,68864.82223086088,68864.82223086088,68358.95702127714,68495.56002758839,13666.701419751767
2024-03-21 10:00:00,68495.56002758839,68502.41089778427,68246.31681507702,68290.56701696871,8849.336348519297
2024-03-21 12:00:00,68290.56701696871,69879.39095769222,68047.99902464297,69879.39095769222,10983.308192184382
2024-03-21 14:00:00,69879.39095769222,70350.64605539384,69695.5115522743,70350.64605539384,11640.977699354211
2024-03-21 16:00:00,70350.64605539384,70350.64605539384,68772.41192696906,69152.95276322606,15273.608782963727
2024-03-21 18:00:00,69152.95276322606,69152.95276322606,66368.00917148533,66757.12026100737,11840.638178328674
2024-03-21 20:00:00,66757.12026100737,67091.71182063769,65924.23867965298,65924.23867965298,7057.7430342294865
2024-03-21 22:00:00,65924.23867965298,66894.92237582081,65924.23867965298,66649.69933741196,12651.801677715797
2024-03-22 00:00:00,67157.3453563047,67709.34600231744,65949.3775594847,66177.40283531255,1844.1117661252815
2024-03-22 02:00:00,66177.40283531255,66452.84229781844,66034.64506831963,66356.30326018756,3034.751265225756
2024-03-22 04:00:00,66356.30326018756,66848.23517161843,66249.27966677988,66689.67835650488,2878.482143729674
2024-03-22 06:00:00,66689.67835650488,67352.58840410614,65196.56558990123,65196.56558990123,2349.737959517832
2024-03-22 08:00:00,65196.56558990123,65908.25916922675,65196.56558990123,65782.30958739572,1759.059734174902
2024-03-22 10:00:00,65782.30958739572,65877.70772123593,65782.30958739572,65842.3458774923,3473.647678279577
2024-03-22 12:00:00,65842.3458774923,65970.41235120226,65842.3458774923,65909.03295940375,3706.042989517124
2024-03-22 14:00:00,65909.03295940375,66464.30942446053,65909.03295940375,66203.15654993501,2403.0769594017615
2024-03-22 16:00:00,66203.15654993501,66433.6168256739,66121.77881054464,66372.46416736124,1491.7887267422727
2024-03-22 18:00:00,66372.46416736124,66647.08726988448,66338.36227333089,66536.77307383636,2065.1652207713873
2024-03-22 20:00:00,66536.77307383636,66576.86906576403,66281.22703956402,66308.04414703482,3599.016641504109
2024-03-22 22:00:00,66308.04414703482,66460.95998003591,66251.81536868625,66428.33158898697,3032.3658026176954
2024-03-23 00:00:00,66220.53268373107,66312.0465042717,66121.44383979183,66155.32558181134,3867.138791541695
2024-03-23 02:00:00,66155.32558181134,66174.98436085394,66146.94977432658,66165.03106464686,3649.365694209156
2024-03-23 04:00:00,66165.03106464686,66219.16241776294,66156.87282557186,66210.33036573288,2139.815464664252
2024-03-23 06:00:00,66210.33036573288,66742.9271727608,66121.44383979183,66603.65809922654,3956.453678017109
2024-03-23 08:00:00,66603.65809922654,66664.40721390465,66448.64097651745,66556.0449578132,3800.4893659406052
2024-03-23 10:00:00,66556.0449578132,66578.80415137723,66340.39828278124,66352.99417274013,1965.201464515927
2024-03-23 12:00:00,66352.99417274013,66421.82101095562,66347.76455693414,66354.16499966156,3041.669130397058
2024-03-23 14:00:00,66354.16499966156,67028.64711591476,66335.14694862149,66931.10859878192,2787.322570945543
2024-03-23 16:00:00,66931.10859878192,67028.64711591476,66836.99221644808,67025.73332774299,3030.0589565450364
2024-03-23 18:00:00,67025.73332774299,67065.18731674086,66959.87588992853,67065.18731674086,4270.20878863086
2024-03-23 20:00:00,67065.18731674086,67065.18731674086,66932.6051005857,66972.85921450915,3334.435586602999
2024-03-23 22:00:00,66972.85921450915,67028.64711591476,66788.50161611642,66881.19718018353,4586.874048998676
2024-03-24 00:00:00,66832.93837632072,66916.53818189687,66696.22921126682,66711.96841483739,3525.477822323758
2024-03-24 02:00:00,66711.96841483739,66752.08570028792,66660.84268030769,66737.4988705005,5983.7702406239105
2024-03-24 04:00:00,66737.4988705005,66923.3080581183,66588.15776463506,66664.48866061421,3875.0585794020503
2024-03-24 06:00:00,66664.48866061421,67045.88619957173,66423.59813768271,66792.72843407979,2370.0290529580307
2024-03-24 08:00:00,66792.72843407979,66892.26012737057,66522.5141330429,66601.41302271729,3635.345351110978
2024-03-24 10:00:00,66601.41302271729,66691.50857839856,66594.81801130656,66661.67104911982,3459.822382370622
2024-03-24 12:00:00,66661.67104911982,66790.75312799291,66305.05614987254,66467.30313364071,3579.4565179301635
2024-03-24 14:00:00,66467.30313364071,66687.07831998072,66031.64322461988,66158.0446978101,5899.445748043635
2024-03-24 16:00:00,66158.0446978101,66401.99521772334,66079.87278295425,66345.27799701098,5433.526556658855
2024-03-24 18:00:00,66345.27799701098,66386.9489617698,66248.22293784954,66314.7320993683,2189.1671655361592
2024-03-24 20:00:00,66314.7320993683,66500.56977401444,66135.55709439004,66152.56106857456,4476.632091687561
2024-03-24 22:00:00,66152.56106857456,66372.29454951154,65875.34421372089,65876.68386731425,2676.7295661741177
2024-03-25 00:00:00,65600.72117480749,65606.93987189194,65540.64718270785,65568.74678822554,4313.462933878932
2024-03-25 02:00:00,65568.74678822554,65577.58674070505,65550.55216194583,65553.10753211686,4694.423879186459
2024-03-25 04:00:00,65553.10753211686,65635.86825655948,65349.70547856833,65464.111492128766,3474.286188528328
2024-03-25 06:00:00,65464.111492128766,65524.386453501655,65389.737382415035,65435.9108455323,2254.278791017441
2024-03-25 08:00:00,65435.9108455323,65446.146013929254,65391.7846813066,65406.50157923381,3460.2417910095246
2024-03-25 10:00:00,65406.50157923381,65422.842685201336,65260.079743297654,65358.2920714004,4875.901036935617
2024-03-25 12:00:00,65358.2920714004,65366.78128564989,65324.794805486046,65327.99344907183,1968.6094298880537
2024-03-25 14:00:00,65327.99344907183,65444.74112920627,65265.083620119505,65313.11284438979,2055.6732736669783
2024-03-25 16:00:00,65313.11284438979,65344.23828123112,65299.4464700955,65326.19286434478,2378.36938864123
2024-03-25 18:00:00,65326.19286434478,65441.83661545979,65205.79840530143,65371.99914333225,2745.0146798385144
2024-03-25 20:00:00,65371.99914333225,65431.143296679395,65288.95284321241,65349.68322039328,2797.598025931274
2024-03-25 22:00:00,65349.68322039328,65401.59543661712,65205.79840530143,65238.39598792584,3752.5800509439136
2024-03-26 00:00:00,65329.903799788735,65636.020759027,65322.364133612005,65447.652844525684,3293.2808813183296
2024-03-26 02:00:00,65447.652844525684,65811.03785297404,65307.82033563063,65578.20007582263,1723.8265283980145
2024-03-26 04:00:00,65578.20007582263,65620.83285263505,65537.3689683404,65581.04159548326,3501.3541307841965
2024-03-26 06:00:00,65581.04159548326,65623.93399004803,65494.01901696997,65508.3980278506,4494.040485332925
2024-03-26 08:00:00,65508.3980278506,65528.66314792225,65496.834929141885,65497.42374326072,2607.9874203539903
2024-03-26 10:00:00,65497.42374326072,65607.52956201784,65406.08962230317,65482.91142058543,3268.79369375396
2024-03-26 12:00:00,65482.91142058543,65597.47857847324,65452.220963357424,65576.57222577489,1622.3885824565666
2024-03-26 14:00:00,65576.57222577489,65649.4704325341,65543.96513217333,65627.9060017606,1625.9323786633856
2024-03-26 16:00:00,65627.9060017606,65672.92868536852,65465.26013616471,65520.61776252145,1804.9127253413901
2024-03-26 18:00:00,65520.61776252145,65568.59214105229,65481.485490168554,65548.35595379218,2110.54393133403
2024-03-26 20:00:00,65548.35595379218,65600.90160065373,65541.20681314693,65571.467939811,3701.625157305576
2024-03-26 22:00:00,65571.467939811,65761.57225679718,65493.59486564407,65639.50857716617,4062.9102929602373
2024-03-27 00:00:00,65639.29157459606,65851.51273936949,65540.96159156137,65851.51273936949,2530.04120181064
2024-03-27 02:00:00,65851.51273936949,66175.64521511782,65729.93215548007,66175.64521511782,1900.841509577506
2024-03-27 04:00:00,66175.64521511782,66175.64521511782,65614.3209521632,65848.76549759714,3136.925216102289
2024-03-27 06:00:00,65848.76549759714,65848.76549759714,65777.47798797021,65827.51023935855,1983.5119160585036
2024-03-27 08:00:00,65827.51023935855,66336.13693176652,65719.16279897706,66336.13693176652,3613.2956333902507
2024-03-27 10:00:00,66336.13693176652,66590.5211416657,66198.34929353408,66590.5211416657,3589.870807993084
2024-03-27 12:00:00,66590.5211416657,67094.7378633788,66085.28462416805,67094.7378633788,1494.196548130027
2024-03-27 14:00:00,67094.7378633788,67094.7378633788,66962.23229212778,67013.58313703572,2526.9279949486154
2024-03-27 16:00:00,67013.58313703572,67013.58313703572,66373.4285203799,66479.96953547354,3725.6536012865954
2024-03-27 18:00:00,66479.96953547354,66479.96953547354,65444.25660971378,65732.89736297204,2991.9312004267167
2024-03-27 20:00:00,65732.89736297204,65795.56341845708,65083.20085098181,65083.20085098181,3681.564990481284
2024-03-27 22:00:00,65083.20085098181,65647.29291644871,65083.20085098181,65525.850162160445,3704.8623287087034
2024-03-28 00:00:00,65954.62939102197,66145.43622558117,65523.8240339617,65604.79174986531,2161.3766169479914
2024-03-28 02:00:00,65604.79174986531,65690.00789871662,65390.3547461421,65412.30529775715,2514.2221652935436
2024-03-28 04:00:00,65412.30529775715,65420.36960804825,65005.75599675185,65005.75599675185,2270.9201079722116
2024-03-28 06:00:00,65005.75599675185,65038.969159430155,64958.91286978117,64958.91286978117,3005.4999136538995
2024-03-28 08:00:00,64958.91286978117,65024.485688443405,64958.91286978117,65022.401078063696,2033.1237378286894
2024-03-28 10:00:00,65022.401078063696,65151.005829073896,65022.401078063696,65115.03412568456,3056.3894899042725
2024-03-28 12:00:00,65115.03412568456,65581.2586270336,65115.03412568456,65541.89704722636,2862.680921762784
2024-03-28 14:00:00,65541.89704722636,65705.58181514949,65290.8797094636,65327.67666831182,2157.9320307816847
2024-03-28 16:00:00,65327.67666831182,65532.42097273854,65324.05312729669,65506.39420419487,3626.153337494867
2024-03-28 18:00:00,65506.39420419487,65512.54535856786,64940.08282323633,64940.08282323633,3026.649215476051
2024-03-28 20:00:00,64940.08282323633,65286.91053418043,64940.08282323633,65260.38621689733,4416.917047653947
2024-03-28 22:00:00,65260.38621689733,65331.08511842458,65211.782406186925,65253.43570122081,2923.8586768921205
2024-03-29 00:00:00,65308.7088820745,65311.44511573363,65292.5369701286,65297.67341270401,5832.670263719539
2024-03-29 02:00:00,65297.67341270401,65378.75938239484,65256.66219401179,65302.8509060433,6721.97759177403
2024-03-29 04:00:00,65302.8509060433,65353.86775496216,65258.26168931096,65303.76333879191,3887.180350792765
2024-03-29 06:00:00,65303.76333879191,65336.07774597526,65277.24483460457,65279.55257482747,7291.764387772881
2024-03-29 08:00:00,65279.55257482747,65354.38354464489,65277.35873056386,65297.12420478152,4489.966317888791
2024-03-29 10:00:00,65297.12420478152,65306.55346839809,65291.63169287615,65294.91012101511,7329.128552220039
2024-03-29 12:00:00,65294.91012101511,65322.57170460751,65289.68155071005,65295.92426525681,7169.149137870774
2024-03-29 14:00:00,65295.92426525681,65355.15914967,65228.35495293958,65275.74228200715,7636.340041608844
2024-03-29 16:00:00,65275.74228200715,65289.07214659747,65247.494974598914,65274.12789812483,4348.511931284905
2024-03-29 18:00:00,65274.12789812483,65369.82166507765,65184.56023464346,65286.62418706208,5491.11886474222
2024-03-29 20:00:00,65286.62418706208,65288.24580905744,65281.34856563146,65283.19337124639,8156.066719424206
2024-03-29 22:00:00,65283.19337124639,65329.519018611725,65189.95274987455,65270.77691963921,4947.351092604985
2024-03-30 00:00:00,64929.168090543775,65465.94125929437,63269.63645555321,63269.63645555321,4601.746998321192
2024-03-30 02:00:00,63269.63645555321,66074.03297562887,63269.63645555321,65732.85892966967,9824.271804117021
2024-03-30 04:00:00,65732.85892966967,66159.33415200294,64361.01640246049,64634.12824065322,10873.749021325102
2024-03-30 06:00:00,64634.12824065322,64960.956111339525,62515.25939963217,62515.25939963217,7284.834602427084
2024-03-30 08:00:00,62515.25939963217,63315.429295208094,60247.43197810952,60247.43197810952,4871.363521155713
2024-03-30 10:00:00,60247.43197810952,64239.593536055734,60247.43197810952,63004.871000548555,6765.24050576454
2024-03-30 12:00:00,63004.871000548555,63406.443207717144,63004.871000548555,63406.03173422257,5068.211432407751
2024-03-30 14:00:00,63406.03173422257,63659.913236975684,62535.310961515264,62535.310961515264,7161.625561306262
2024-03-30 16:00:00,62535.310961515264,64091.7043415829,62535.310961515264,63806.58726341338,10949.850582604766
2024-03-30 18:00:00,63806.58726341338,63850.65570224012,63703.71172069346,63703.71172069346,10034.610322839007
2024-03-30 20:00:00,63703.71172069346,63737.530549078336,63626.26899345372,63626.26899345372,8425.16846769072
2024-03-30 22:00:00,63626.26899345372,65732.65659824392,63626.26899345372,65470.474349603945,7469.854651599056
2024-03-31 00:00:00,65792.0291432643,65830.28902719877,65762.70295295144,65775.7373218331,2762.893468963801
2024-03-31 02:00:00,65775.7373218331,65850.92239437313,65762.70295295144,65814.84730825467,4884.573462718243
2024-03-31 04:00:00,65814.84730825467,66031.50976773872,65762.70295295144,65876.89818230501,3619.647639345752
2024-03-31 06:00:00,65876.89818230501,65955.0216737115,65847.09455454144,65885.18839743697,5609.802739388421
2024-03-31 08:00:00,65885.18839743697,65953.22397696188,65882.18379576395,65927.58996181977,4269.2277587685185
2024-03-31 10:00:00,65927.58996181977,65984.88041285674,65762.70295295144,65941.73306604545,4472.504039461258
2024-03-31 12:00:00,65941.73306604545,65998.8100979786,65884.15621052023,65896.13277356396,5057.714111475475
2024-03-31 14:00:00,65896.13277356396,65934.69368912277,65894.10578587338,65929.35682334019,3200.050853599959
2024-03-31 16:00:00,65929.35682334019,66045.46190660007,65904.3908041619,65974.66901346472,3981.53477127468
2024-03-31 18:00:00,65974.66901346472,66093.77079141123,65943.64971360068,66024.24384879261,6033.43853900731
2024-03-31 20:00:00,66024.24384879261,66050.83731105994,65995.82776230853,66021.90594021318,6070.998202213993
2024-03-31 22:00:00,66021.90594021318,66130.63712712856,65965.95968403363,66125.00984989197,3764.432355258199
2024-04-01 00:00:00,66154.63125273306,66261.124653685,66060.2178537933,66152.09461979059,3126.026150593411
2024-04-01 02:00:00,66152.09461979059,66272.45012942665,65967.25111462457,66130.70712470454,3618.392388846987
2024-04-01 04:00:00,66130.70712470454,66214.37081197718,66120.82168427436,66162.29985111211,2730.5791770644646
2024-04-01 06:00:00,66162.29985111211,66253.28206325915,66133.51843687972,66168.7794489972,2062.1833341113115
2024-04-01 08:00:00,66168.7794489972,66310.39934467545,66112.07107888274,66191.97874457495,3175.7983177033902
2024-04-01 10:00:00,66191.97874457495,66194.86081044415,66187.33550637228,66187.44601401774,3904.160973129063
2024-04-01 12:00:00,66187.44601401774,66191.59171457961,66121.53723327917,66169.46592282462,4248.6644809189675
2024-04-01 14:00:00,66169.46592282462,66186.5130949064,66161.56343135318,66179.08641031668,3040.486012262102
2024-04-01 16:00:00,66179.08641031668,66211.02468075517,66121.77741736695,66189.25097059798,2787.1260885208653
2024-04-01 18:00:00,66189.25097059798,66301.76471686123,66110.25291484743,66199.80825658895,4443.845054699887
2024-04-01 20:00:00,66199.80825658895,66327.39657609278,66081.64888433846,66214.12979518555,2188.4385753119172
2024-04-01 22:00:00,66214.12979518555,66248.76573016355,66186.6524664225,66199.59171095768,1892.1311544224525
2024-04-02 00:00:00,66258.38398677981,66414.62971790283,66233.10908880123,66281.06858130316,1431.0943096248052
2024-04-02 02:00:00,66281.06858130316,66414.62971790283,66133.90769713932,66206.47389184572,1296.8436053846058
2024-04-02 04:00:00,66206.47389184572,66225.37888515872,66179.89279254683,66201.469348883,2638.904162624123
2024-04-02 06:00:00,66201.469348883,66203.38300306082,66144.4121083522,66148.05573103884,1225.4504939763185
2024-04-02 08:00:00,66148.05573103884,66273.25250830292,66123.79598048588,66196.08042432056,1428.671438221357
2024-04-02 10:00:00,66196.08042432056,66279.58329087975,66123.79598048588,66191.1451658249,1168.8809926836514
2024-04-02 12:00:00,66191.1451658249,66248.03476912728,66123.79598048588,66153.3667794172,1910.4079536924341
2024-04-02 14:00:00,66153.3667794172,66309.3764472443,66123.79598048588,66190.80553951634,3203.295421677278
2024-04-02 16:00:00,66190.80553951634,66270.08230641078,66184.19295112163,66239.96772454951,3102.2949892715765
2024-04-02 18:00:00,66239.96772454951,66312.093459517,66229.53948948601,66265.84254650776,2227.671972629103
2024-04-02 20:00:00,66265.84254650776,66300.80755295444,66238.13008328778,66289.78753691759,2780.387793326005
2024-04-02 22:00:00,66289.78753691759,66318.60281016736,66193.90833344203,66209.84977026684,1192.2253009440376
2024-04-03 00:00:00,65905.34357068934,66014.98924176744,65895.93881717336,65929.53355202015,4900.19260180984
2024-04-03 02:00:00,65929.53355202015,65997.23661344891,65821.163222556,65849.83283485005,2249.7213958936222
2024-04-03 04:00:00,65849.83283485005,65852.6040683135,65806.8486412048,65817.74835315761,5402.404502501301
2024-04-03 06:00:00,65817.74835315761,65836.12232572956,65756.12322967793,65814.21441240364,3774.3992464822586
2024-04-03 08:00:00,65814.21441240364,65831.84453247696,65797.22832664782,65811.81086207066,4640.061190074948
2024-04-03 10:00:00,65811.81086207066,65823.1167991122,65734.61598885612,65744.6292340966,5489.028105129246
2024-04-03 12:00:00,65744.6292340966,65985.90592941453,65724.83040763691,65855.61628613735,2895.5671563179626
2024-04-03 14:00:00,65855.61628613735,65864.02204023543,65728.27424646319,65756.90657047048,4320.653751069708
2024-04-03 16:00:00,65756.90657047048,65800.62996352432,65677.79743732882,65712.96111484733,4890.09059062799
2024-04-03 18:00:00,65712.96111484733,65750.2495109833,65602.14764935276,65602.88589263045,4782.374840380727
2024-04-03 20:00:00,65602.88589263045,65663.86601347214,65598.41755444453,65624.64038481496,4811.316991815183
2024-04-03 22:00:00,65624.64038481496,65659.17266049527,65611.2547140657,65649.48206098219,2703.2468593712806
2024-04-04 00:00:00,65583.49211426775,65774.68816543673,65505.58397989129,65701.08197908322,5468.538305772864
2024-04-04 02:00:00,65701.08197908322,66200.11323173982,65378.58121036925,66032.40241642053,4639.601908834178
2024-04-04 04:00:00,66032.40241642053,66044.5396648241,65833.96219399174,65961.9418136416,5622.134581859022
2024-04-04 06:00:00,65961.9418136416,65986.5253353641,65850.0653557845,65954.23920438057,4876.010781548405
2024-04-04 08:00:00,65954.23920438057,66041.65945606909,65499.37581472778,65756.04468212988,4107.816625289526
2024-04-04 10:00:00,65756.04468212988,65798.0709817641,65397.579067202,65488.74211100429,2988.3053522591417
2024-04-04 12:00:00,65488.74211100429,65660.46021982192,65375.8072238839,65645.38847550302,4036.8130244256295
2024-04-04 14:00:00,65645.38847550302,65646.33361873496,65298.818715873604,65404.459973485966,3381.4602398772895
2024-04-04 16:00:00,65404.459973485966,65476.282427189944,65374.1676837172,65448.097937255916,5461.679963735131
2024-04-04 18:00:00,65448.097937255916,65702.23691736582,65390.37120030967,65583.67789925926,4322.890728533744
2024-04-04 20:00:00,65583.67789925926,66051.87582558037,65535.950358105154,65891.53064264142,3552.772325004726
2024-04-04 22:00:00,65891.53064264142,66114.88606864195,65873.07766399783,66045.23241512472,3451.798097079568
2024-04-05 00:00:00,66134.11371851696,66472.86802564889,66082.04409685562,66398.91353448565,5531.229864707435
2024-04-05 02:00:00,66398.91353448565,66654.11356047839,64893.31511606704,65156.37255860073,3958.6511134193365
2024-04-05 04:00:00,65156.37255860073,65346.14555263885,65124.23271067295,65286.48444903661,5925.016242691675
2024-04-05 06:00:00,65286.48444903661,65634.33110764496,65225.40560551453,65585.66399078471,7361.686742015254
2024-04-05 08:00:00,65585.66399078471,65586.64962245384,64947.6070959554,65028.82308909301,4736.35087053886
2024-04-05 10:00:00,65028.82308909301,65153.379034367266,64735.03307117258,64789.963657275875,5567.731452882698
2024-04-05 12:00:00,64789.963657275875,64796.575356672205,64685.93686064141,64685.93686064141,5697.360537010745
2024-04-05 14:00:00,64685.93686064141,64807.21647638957,64313.40031591031,64313.40031591031,4971.568289698433
2024-04-05 16:00:00,64313.40031591031,64537.464115302435,64153.356329408576,64153.356329408576,3914.2929813700543
2024-04-05 18:00:00,64153.356329408576,65361.13662972897,64153.356329408576,64978.390747115394,6724.239790732138
2024-04-05 20:00:00,64978.390747115394,65439.94259212291,64868.488899384916,65259.10897963773,4189.858123439651
2024-04-05 22:00:00,65259.10897963773,65392.45339799111,65211.616196193136,65380.40419784189,3326.379824860537
2024-04-06 00:00:00,65412.59928621424,65441.238659847455,65262.845423800594,65300.26329922281,2395.300050944738
2024-04-06 02:00:00,65300.26329922281,65358.87092640499,64954.338380173744,64966.52911401328,2334.4542251406147
2024-04-06 04:00:00,64966.52911401328,65169.043039485376,64792.082686223,64792.082686223,2340.279300619026
2024-04-06 06:00:00,64792.082686223,64853.58478463477,64467.01956636256,64467.01956636256,3571.8636299270165
2024-04-06 08:00:00,64467.01956636256,64487.948364104355,64449.206000062106,64449.206000062106,4101.826806429094
2024-04-06 10:00:00,64449.206000062106,64564.81417301459,64449.206000062106,64532.48371297106,1719.7383774085322
2024-04-06 12:00:00,64532.48371297106,64822.52249964668,64532.48371297106,64671.44832138775,2031.8074611112102
2024-04-06 14:00:00,64671.44832138775,65007.23158984787,64671.44832138775,64764.33236134879,3503.5946748025726
2024-04-06 16:00:00,64764.33236134879,65075.9346775679,64324.83110625633,64324.83110625633,2741.2378221206654
2024-04-06 18:00:00,64324.83110625633,64636.64759523353,64324.83110625633,64538.480726813366,2526.512377156601
2024-04-06 20:00:00,64538.480726813366,64762.99048013813,64538.480726813366,64755.25131484191,4196.381207124511
2024-04-06 22:00:00,64755.25131484191,65196.10166355949,64755.25131484191,65050.602582414824,2408.6287895006803
2024-04-07 00:00:00,65017.600366918145,65201.167221489304,64913.296394054036,65135.3653403631,3670.2691084542516
2024-04-07 02:00:00,65135.3653403631,65241.89459936074,65014.17458818141,65119.970793680004,3667.7235457805887
2024-04-07 04:00:00,65119.970793680004,65223.478994939695,65083.896378651334,65089.99913343446,2106.319443228013
2024-04-07 06:00:00,65089.99913343446,65131.68582435365,65034.95836997582,65057.15438404452,2354.987965305388
2024-04-07 08:00:00,65057.15438404452,65117.187808058494,64977.79084582623,65064.4941712404,3281.6834214530213
2024-04-07 10:00:00,65064.4941712404,65093.9390232944,64952.808727469965,64975.60690207827,3887.288423144045
2024-04-07 12:00:00,64975.60690207827,65021.7605133301,64949.7444965468,65018.40724766481,3424.5482024880303
2024-04-07 14:00:00,65018.40724766481,65310.15167246421,64744.01433337018,65086.86147671687,3320.999425953055
2024-04-07 16:00:00,65086.86147671687,65286.46303790897,65015.68091124362,65202.838885127996,3881.0563874871036
2024-04-07 18:00:00,65202.838885127996,65465.79722984222,65126.3369945774,65346.972561495626,2117.115564298906
2024-04-07 20:00:00,65346.972561495626,65410.76677306411,65079.18639238633,65233.987640280015,1794.9959086884814
2024-04-07 22:00:00,65233.987640280015,65327.299827083276,65191.58733914498,65312.771355404155,2030.0079331059555
2024-04-08 00:00:00,65004.721718770976,65544.58089603635,64684.207593246065,65544.58089603635,5745.043167301917
2024-04-08 02:00:00,65544.58089603635,65544.58089603635,64173.327301887766,64334.82239335968,7141.818119770359
2024-04-08 04:00:00,64334.82239335968,64335.01633167622,64292.601393440964,64310.33313030361,6029.751111442496
2024-04-08 06:00:00,64310.33313030361,64349.492322059144,63940.70781301857,63940.70781301857,8091.587780364995
2024-04-08 08:00:00,63940.70781301857,64111.359235158634,63940.70781301857,64083.19665860044,4881.291847098844
2024-04-08 10:00:00,64083.19665860044,64627.22823343096,64083.19665860044,64609.01586853665,6792.059755098744
2024-04-08 12:00:00,64609.01586853665,64925.87850050628,63939.52243248753,63939.52243248753,9198.962717701477
2024-04-08 14:00:00,63939.52243248753,64783.05515643845,63939.52243248753,64505.40265495854,9674.19662142585
2024-04-08 16:00:00,64505.40265495854,64534.25644048471,63882.88333697766,63882.88333697766,8005.898420602988
2024-04-08 18:00:00,63882.88333697766,64443.01533013589,62671.927779715115,62671.927779715115,6065.816882699334
2024-04-08 20:00:00,62671.927779715115,63270.82286616566,62671.927779715115,63213.98702592579,6980.014523203447
2024-04-08 22:00:00,63213.98702592579,64359.78887058585,63213.98702592579,64156.51015650144,9580.589201659677
2024-04-09 00:00:00,64321.06584261462,80920.28092787444,63509.74025329974,80920.28092787444,9021.96401051927
2024-04-09 02:00:00,80920.28092787444,80920.28092787444,59840.902014364394,59840.902014364394,5158.755673495097
2024-04-09 04:00:00,59840.902014364394,73765.72774268143,59840.902014364394,73765.72774268143,8418.038703126082
2024-04-09 06:00:00,73765.72774268143,73765.72774268143,68071.7982301853,68899.38284879044,4462.145814340167
2024-04-09 08:00:00,68899.38284879044,68899.38284879044,41573.72828828051,41573.72828828051,11340.928267448207
2024-04-09 10:00:00,41573.72828828051,57078.37201267398,41573.72828828051,53502.61140232623,8730.237828562167
2024-04-09 12:00:00,53502.61140232623,55358.434080898085,53502.61140232623,55092.23873857891,10796.364688105643
2024-04-09 14:00:00,55092.23873857891,56116.44774712898,55092.23873857891,55952.40098334742,6349.4390079427285
2024-04-09 16:00:00,55952.40098334742,57933.90628864567,46875.386270158095,46875.386270158095,11764.750804464473
2024-04-09 18:00:00,46875.386270158095,50987.14546584252,36680.90287237209,36680.90287237209,8422.329537237332
2024-04-09 20:00:00,36680.90287237209,61934.58176249562,36680.90287237209,55782.31605899823,4968.061294360938
2024-04-09 22:00:00,55782.31605899823,58320.08459859785,41732.77533122626,41732.77533122626,5000.11052389282
2024-04-10 00:00:00,63493.71351275509,64298.5428984165,63336.74301869139,64298.5428984165,3162.6551037050654
2024-04-10 02:00:00,64298.5428984165,64298.5428984165,61958.557482772136,61958.557482772136,3657.566497473964
2024-04-10 04:00:00,61958.557482772136,63527.88119254602,61958.557482772136,63094.19318150357,5711.758040359429
2024-04-10 06:00:00,63094.19318150357,63275.170846682064,62761.69968851436,62761.69968851436,2626.8358621069906
2024-04-10 08:00:00,62761.69968851436,63416.78483675509,62761.69968851436,63153.04765397214,3747.689541085707
2024-04-10 10:00:00,63153.04765397214,63630.82986228349,61565.11586196939,61565.11586196939,7224.631985264616
2024-04-10 12:00:00,61565.11586196939,61704.841552386446,61105.94867411657,61105.94867411657,5221.163062641564
2024-04-10 14:00:00,61105.94867411657,61357.933901302466,61105.94867411657,61347.00149576297,6001.194813907498
2024-04-10 16:00:00,61347.00149576297,62099.44602615033,59649.46837921357,59649.46837921357,4851.670794474221
2024-04-10 18:00:00,59649.46837921357,61388.13823962969,59649.46837921357,60901.11114053075,5322.460943147818
2024-04-10 20:00:00,60901.11114053075,61918.67380217915,60901.11114053075,61738.617833701755,5583.671005337973
2024-04-10 22:00:00,61738.617833701755,63315.925905461096,61738.617833701755,63049.1179976537,6972.179214920936
2024-04-11 00:00:00,63247.3439371685,63286.40393519352,63072.81272794927,63134.13087387331,3374.3147426898076
2024-04-11 02:00:00,63134.13087387331,63161.9423968695,63072.81272794927,63080.90338490045,5938.242366411142
2024-04-11 04:00:00,63080.90338490045,63087.29413579258,63045.30718624143,63045.30718624143,4564.339769581947
2024-04-11 06:00:00,63045.30718624143,63050.54722485296,63013.136941269586,63013.136941269586,2201.212668504651
2024-04-11 08:00:00,63013.136941269586,63087.03301822048,62978.90141419494,62978.90141419494,3825.344988990803
2024-04-11 10:00:00,62978.90141419494,63033.423765624466,62978.90141419494,63016.16287844167,5948.086282075406
2024-04-11 12:00:00,63016.16287844167,63017.94942081968,62984.16313882326,62984.16313882326,6269.038335260204
2024-04-11 14:00:00,62984.16313882326,63083.59069386366,62984.16313882326,63054.882101401614,2634.619281465541
2024-04-11 16:00:00,63054.882101401614,63186.09680811073,63054.882101401614,63107.214246574615,2614.958189074115
2024-04-11 18:00:00,63107.214246574615,63132.39950225289,63081.470582206784,63097.85001587762,5006.049407672691
2024-04-11 20:00:00,63097.85001587762,63227.04499346883,63072.81272794927,63082.08647456679,2963.122346662712
2024-04-11 22:00:00,63082.08647456679,63136.597381630556,63072.81272794927,63090.73590714472,4997.650232961368
2024-04-12 00:00:00,62978.89785513219,63068.097948075025,62832.009217820036,62859.247048113226,3247.2033255303163
2024-04-12 02:00:00,62859.247048113226,63433.428845829454,62629.95775033751,63433.428845829454,7017.57087531133
2024-04-12 04:00:00,63433.428845829454,63433.428845829454,62935.79500882934,63065.53373872426,5622.529689648343
2024-04-12 06:00:00,63065.53373872426,63120.09162058744,62486.38022071641,62486.38022071641,4971.6945986445235
2024-04-12 08:00:00,62486.38022071641,62814.69926212776,62486.38022071641,62770.70938453589,4335.485488495955
2024-04-12 10:00:00,62770.70938453589,62809.578540193834,62628.11084293463,62631.24437272418,3804.188827440386
2024-04-12 12:00:00,62631.24437272418,63008.035459585466,62498.980837895986,62965.64585163418,8607.628113348663
2024-04-12 14:00:00,62965.64585163418,63029.8283863593,62679.22890755588,62715.16903406485,4689.685708755484
2024-04-12 16:00:00,62715.16903406485,63120.09162058744,61858.83228431024,61858.83228431024,5937.946123392148
2024-04-12 18:00:00,61858.83228431024,62345.02418600261,61180.447654119744,61180.447654119744,6817.694316352432
2024-04-12 20:00:00,61180.447654119744,62314.13778488884,61180.447654119744,62115.37243709708,7431.891989304617
2024-04-12 22:00:00,62115.37243709708,62711.86617914515,62115.37243709708,62529.92955614798,4053.157877446369
2024-04-13 00:00:00,62714.27306776951,64075.29161198501,62682.86008840398,64075.29161198501,6025.874815861403
2024-04-13 02:00:00,64075.29161198501,64075.29161198501,63843.23145725509,63864.59043326081,4025.4095145855495
2024-04-13 04:00:00,63864.59043326081,64394.37859023676,63611.50355183158,64394.37859023676,2246.2734914041907
2024-04-13 06:00:00,64394.37859023676,65575.05591101892,64009.698203209366,65575.05591101892,5332.671140636471
2024-04-13 08:00:00,65575.05591101892,65575.05591101892,63326.75063749491,64028.901435087115,4000.0817698087317
2024-04-13 10:00:00,64028.901435087115,64199.50696116296,63994.79475022542,64199.50696116296,4122.675317067172
2024-04-13 12:00:00,64199.50696116296,64199.50696116296,62977.55424999641,63353.409378263226,5974.24420831767
2024-04-13 14:00:00,63353.409378263226,63839.91438366284,63064.67153644025,63839.91438366284,5128.508593984411
2024-04-13 16:00:00,63839.91438366284,63839.91438366284,62806.45141864574,62943.5649982867,2197.5361974860302
2024-04-13 18:00:00,62943.5649982867,62992.677349705446,62919.57695270536,62992.677349705446,4104.865666211366
2024-04-13 20:00:00,62992.677349705446,62992.677349705446,62430.42564225666,62688.06174356921,3359.0088643332847
2024-04-13 22:00:00,62688.06174356921,62987.638116810165,62111.709236961215,62132.84977077698,3058.0517503486813
2024-04-14 00:00:00,62236.06755214761,62261.45105162454,61877.42092823542,62085.173744136555,4439.734174280355
2024-04-14 02:00:00,62085.173744136555,62138.76704623684,61722.37026696591,61725.94430190204,2535.1898038726717
2024-04-14 04:00:00,61725.94430190204,61807.09044418736,61482.170616134325,61482.170616134325,2078.5118570093828
2024-04-14 06:00:00,61482.170616134325,61691.50803326289,61357.279152339266,61357.279152339266,2005.1726024227596
2024-04-14 08:00:00,61357.279152339266,61973.17986557961,61357.279152339266,61861.782447286205,2436.90861281752
2024-04-14 10:00:00,61861.782447286205,61948.146228060454,61722.37026696591,61734.45894500042,4634.4888420905545
2024-04-14 12:00:00,61734.45894500042,62174.14575123382,61722.37026696591,61994.30206539856,1806.67368328002
2024-04-14 14:00:00,61994.30206539856,62195.798795260154,61975.76122901964,62115.09240312519,1801.3395865497837
2024-04-14 16:00:00,62115.09240312519,62250.87590939502,61823.02458246499,61910.96776745386,1745.9675714432803
2024-04-14 18:00:00,61910.96776745386,62217.875317341,61846.46321866178,62026.10031597549,2080.5103873227995
2024-04-14 20:00:00,62026.10031597549,62027.70175536408,61872.98668457759,61962.582259620074,2521.6633223762565
2024-04-14 22:00:00,61962.582259620074,61965.4804308178,61722.37026696591,61766.828403813706,1949.5699510319478
2024-04-15 00:00:00,61841.622387559546,61942.728034795735,61624.4951348581,61678.857836523835,3143.6765792174297
2024-04-15 02:00:00,61678.857836523835,61828.591752656204,61477.72738358022,61813.68719513536,1638.5623038665294
2024-04-15 04:00:00,61813.68719513536,61916.17778290581,61570.75564822434,61647.58732902091,4066.7952489366626
2024-04-15 06:00:00,61647.58732902091,61695.695478932364,61493.584729684524,61648.96575011664,2613.2587034519047
2024-04-15 08:00:00,61648.96575011664,61725.91141089212,61464.693113138914,61469.8617458174,3940.3993980563855
2024-04-15 10:00:00,61469.8617458174,61843.140733076434,61464.693113138914,61711.985857688764,3175.864050785631
2024-04-15 12:00:00,61711.985857688764,61714.15676041756,61627.66589899027,61663.73344673683,4772.319731403563
2024-04-15 14:00:00,61663.73344673683,61735.94644669419,61652.67825583823,61709.322076772914,3896.386027578281
2024-04-15 16:00:00,61709.322076772914,62017.34566422772,61597.82407443139,61981.376695356106,1927.2654271635367
2024-04-15 18:00:00,61981.376695356106,62296.36538795562,61914.50345619159,62267.053687130574,3788.3953552050793
2024-04-15 20:00:00,62267.053687130574,62362.41772915039,62263.24922552234,62362.41772915039,3900.0737907433104
2024-04-15 22:00:00,62362.41772915039,62362.41772915039,62093.53389288705,62153.58192354909,3696.422996923863
2024-04-16 00:00:00,62017.17830933307,62094.779599937996,61980.01646209781,62050.742696913294,4859.605340197527
2024-04-16 02:00:00,62050.742696913294,62103.15172622596,62021.515674441034,62079.4464763643,4476.791954002614
2024-04-16 04:00:00,62079.4464763643,62203.08807760413,61964.178333313954,61992.526746009964,3049.3030689228117
2024-04-16 06:00:00,61992.526746009964,62055.55701040972,61885.95949145173,61898.81884933059,5815.065734222547
2024-04-16 08:00:00,61898.81884933059,61943.44209937996,61882.67360887152,61893.36191705218,4916.90515967872
2024-04-16 10:00:00,61893.36191705218,61937.873359641286,61847.836152418946,61872.18620338073,2727.6143364835175
2024-04-16 12:00:00,61872.18620338073,61882.46826037869,61727.189814389,61835.112623817695,5116.7051149500985
2024-04-16 14:00:00,61835.112623817695,61875.58883656495,61778.9121994143,61791.228546060716,2502.0891113327584
2024-04-16 16:00:00,61791.228546060716,61878.92403422613,61712.36799545213,61740.57494883208,3189.0887327109745
2024-04-16 18:00:00,61740.57494883208,61832.757422148345,61664.43994303533,61812.07690752432,2730.3534704691824
2024-04-16 20:00:00,61812.07690752432,61840.347470860754,61746.151272110954,61781.46345591006,2833.4953318387948
2024-04-16 22:00:00,61781.46345591006,61847.06319141627,61704.58685751338,61727.19469741322,3249.543606438577
2024-04-17 00:00:00,61972.88408702326,61994.5680560605,60482.16822471518,60482.16822471518,6651.70009542946
2024-04-17 02:00:00,60482.16822471518,60714.363920488315,60009.01099001209,60009.01099001209,6627.589100500141
2024-04-17 04:00:00,60009.01099001209,60098.3804542974,59519.63198485093,59519.63198485093,7345.049850051919
2024-04-17 06:00:00,59519.63198485093,60076.86214078907,58102.64268672043,58102.64268672043,6299.1342137817755
2024-04-17 08:00:00,58102.64268672043,58570.738348588566,56517.47018316838,56517.47018316838,9058.275447805203
2024-04-17 10:00:00,56517.47018316838,56595.848983723954,56230.89198791942,56230.89198791942,5597.764356467468
2024-04-17 12:00:00,56230.89198791942,56301.0934518244,55841.443895673765,55841.443895673765,5599.9096677769385
2024-04-17 14:00:00,55841.443895673765,56679.80385403916,55841.443895673765,56627.58653198605,8913.608231551887
2024-04-17 16:00:00,56627.58653198605,60075.21540885051,56627.58653198605,59451.09056404523,5956.846288583651
2024-04-17 18:00:00,59451.09056404523,60180.00717026034,59451.09056404523,60013.849461005266,5667.129240531088
2024-04-17 20:00:00,60013.849461005266,62898.44170827581,60013.849461005266,62324.67897632809,8738.672428191854
2024-04-17 22:00:00,62324.67897632809,62769.45073236823,62289.41966886897,62649.94345134662,5956.092103470184
2024-04-18 00:00:00,62802.47196153092,62812.936441607904,62128.83450970641,62260.18698305783,4128.721022422811
2024-04-18 02:00:00,62260.18698305783,62272.4115646589,62223.88559427364,62272.03951928208,3357.909886799595
2024-04-18 04:00:00,62272.03951928208,62405.55830208886,61747.62817931865,61803.73167763419,3249.9285259965304
2024-04-18 06:00:00,61803.73167763419,61963.9413894863,61594.63947440622,61663.34863770975,5066.450003765188
2024-04-18 08:00:00,61663.34863770975,62050.093996423944,61507.8615740654,62015.42148937386,3841.1526505845886
2024-04-18 10:00:00,62015.42148937386,62200.643147634844,61961.92466164857,62136.838584283105,3005.5507827669794
2024-04-18 12:00:00,62136.838584283105,62213.83666847523,61548.449166162565,61805.303302317225,3889.099839538796
2024-04-18 14:00:00,61805.303302317225,61817.616757304815,61786.24215098342,61811.8140809205,4843.991694309225
2024-04-18 16:00:00,61811.8140809205,62026.09372757606,61736.377287667616,61966.06509571875,2953.5654783406662
2024-04-18 18:00:00,61966.06509571875,61980.392730026535,61868.2503190665,61891.372872252054,4333.626503824171
2024-04-18 20:00:00,61891.372872252054,62005.6257770537,61824.99242500851,61908.535597870294,3721.3154210168846
2024-04-18 22:00:00,61908.535597870294,62088.13118196361,61806.35960107991,61993.983381117454,2571.099874425027
2024-04-19 00:00:00,62238.936135081916,62280.403110629835,62233.97479403895,62271.269663699975,2401.07254691817
2024-04-19 02:00:00,62271.269663699975,62277.02684868402,62257.90537733892,62260.6595917935,2581.543724980701
2024-04-19 04:00:00,62260.6595917935,62374.551467669735,62256.133387051275,62286.510728074565,3228.732483971225
2024-04-19 06:00:00,62286.510728074565,62333.85910562915,62158.52361608179,62200.15950802043,3089.7750978901004
2024-04-19 08:00:00,62200.15950802043,62235.36185638234,62135.070044279564,62162.69981621286,2036.3992571977913
2024-04-19 10:00:00,62162.69981621286,62244.41743564608,61757.52224095677,61970.20856105203,2137.7983243442927
2024-04-19 12:00:00,61970.20856105203,62066.72391049447,61802.403233892735,61916.464242099035,3327.5349818966347
2024-04-19 14:00:00,61916.464242099035,62204.6849568938,61809.5191684173,62026.20907666774,1862.4541435047897
2024-04-19 16:00:00,62026.20907666774,62056.80582625659,61992.48164687194,62028.609116101565,3373.991303573316
2024-04-19 18:00:00,62028.609116101565,62071.79976107559,61888.23086155789,61909.06703815912,2194.141516779716
2024-04-19 20:00:00,61909.06703815912,62066.3806138796,61863.886155887616,62051.56546752586,1405.0033830625866
2024-04-19 22:00:00,62051.56546752586,62058.28296798755,61850.719412093735,61907.31950138154,2953.12087224536
2024-04-20 00:00:00,61989.03789157185,62078.851697318416,60871.04883188476,61293.03933952145,8333.401664579993
2024-04-20 02:00:00,61293.03933952145,62257.24024855122,61060.99200451601,62159.20663810399,7110.029733900967
2024-04-20 04:00:00,62159.20663810399,62257.24024855122,60361.726726891175,60843.82831684334,6036.753691713327
2024-04-20 06:00:00,60843.82831684334,62257.24024855122,60635.35014778343,61882.67048780133,8020.014284159184
2024-04-20 08:00:00,61882.67048780133,62696.31075960677,61750.11559487281,62696.31075960677,6949.988150489549
2024-04-20 10:00:00,62696.31075960677,62696.31075960677,61917.06852379699,62263.33610993722,4547.066618214544
2024-04-20 12:00:00,62263.33610993722,62263.33610993722,61631.34140438685,61723.2995881662,4232.4473241251835
2024-04-20 14:00:00,61723.2995881662,61843.847211692235,61695.40157263774,61805.64726245098,4800.236622950325
2024-04-20 16:00:00,61805.64726245098,61920.74540513559,61404.831390750536,61498.36618265029,7055.577582065462
2024-04-20 18:00:00,61498.36618265029,61708.13129806607,60361.726726891175,60364.8470343407,7271.8353324657455
2024-04-20 20:00:00,60364.8470343407,60976.59310784309,59205.551716035356,59205.551716035356,7790.2208079866705
2024-04-20 22:00:00,59205.551716035356,60375.17792576273,59205.551716035356,60359.307292196434,7116.865178647872
2024-04-21 00:00:00,60497.66879732851,60828.28806099855,60469.16229137337,60679.7049433914,5839.244633731819
2024-04-21 02:00:00,60679.7049433914,61782.810941980635,60664.70885137986,61782.810941980635,16473.748473452135
2024-04-21 04:00:00,61782.810941980635,61782.810941980635,59917.92561762006,60607.8698172427,10707.434617828862
2024-04-21 06:00:00,60607.8698172427,60716.69119007204,60470.147244999884,60626.35299191686,13447.078365813175
2024-04-21 08:00:00,60626.35299191686,60734.55810887831,60250.18345483007,60402.16695826979,8907.448386448446
2024-04-21 10:00:00,60402.16695826979,60415.92846078936,59667.170416957015,59824.6701812421,6687.851330930729
2024-04-21 12:00:00,59824.6701812421,60952.32280268965,59467.25208333124,60952.32280268965,6265.109761849465
2024-04-21 14:00:00,60952.32280268965,60952.32280268965,60711.53857919343,60773.6737268375,5901.644348101923
2024-04-21 16:00:00,60773.6737268375,61404.82194544487,60458.80764439925,61404.82194544487,9386.826437349358
2024-04-21 18:00:00,61404.82194544487,61404.82194544487,60510.23927079056,60648.76951889891,13929.388323409767
2024-04-21 20:00:00,60648.76951889891,60711.26136247933,59299.09809411293,59788.06198981239,8670.87635137758
2024-04-21 22:00:00,59788.06198981239,60299.69861324181,58309.62137943363,58485.0918284643,11276.98906786017
2024-04-22 00:00:00,58648.18959692031,58675.69470349199,57500.11947762937,57500.11947762937,9579.407167244886
2024-04-22 02:00:00,57500.11947762937,58508.34743867476,57500.11947762937,58295.6961116314,6474.26957634483
2024-04-22 04:00:00,58295.6961116314,60709.56168171331,58295.6961116314,59977.422908391156,13498.592681669104
2024-04-22 06:00:00,59977.422908391156,60853.820621117025,59878.27706491279,60505.72223081537,13515.793913436308
2024-04-22 08:00:00,60505.72223081537,60614.74700699192,58151.14890622074,58151.14890622074,9469.920492156041
2024-04-22 10:00:00,58151.14890622074,59340.83205656705,58151.14890622074,59004.84413343122,9059.839248900098
2024-04-22 12:00:00,59004.84413343122,59282.08728123202,58603.3277235242,58616.62475256662,11551.271490154833
2024-04-22 14:00:00,58616.62475256662,60006.920917314856,58603.3277235242,59697.43438389681,8327.360074413142
2024-04-22 16:00:00,59697.43438389681,61780.43258435127,58614.67246325195,61780.43258435127,5025.9193461603245
2024-04-22 18:00:00,61780.43258435127,63098.783270989894,61574.84089427659,63098.783270989894,8451.198706901707
2024-04-22 20:00:00,63098.783270989894,63098.783270989894,62354.44969863394,62494.14507420867,11765.283480401684
2024-04-22 22:00:00,62494.14507420867,62494.14507420867,60498.53407954142,60976.69022915114,11181.499099308769
2024-04-23 00:00:00,61142.201813610736,61448.406635082,61098.58214678911,61448.236707718075,4010.928301189921
2024-04-23 02:00:00,61448.236707718075,61609.079317992735,61095.6940494377,61161.92718264392,3437.3093255612894
2024-04-23 04:00:00,61161.92718264392,61194.41566639764,60730.49624812511,60783.20038836556,4368.681537454852
2024-04-23 06:00:00,60783.20038836556,60866.71336173958,60467.32125092042,60536.31378803171,4082.9865229222255
2024-04-23 08:00:00,60536.31378803171,60712.50610713444,60486.50820008682,60679.7678121169,4125.186198747637
2024-04-23 10:00:00,60679.7678121169,60762.548756835,60656.17967590659,60739.80399453089,2557.3040741385494
2024-04-23 12:00:00,60739.80399453089,60788.79271656316,60586.72572541196,60650.33661482522,4342.554267186187
2024-04-23 14:00:00,60650.33661482522,60690.02149530988,60437.9678965958,60437.9678965958,1914.3103458907353
2024-04-23 16:00:00,60437.9678965958,60647.62313766694,59817.45557369026,59817.45557369026,1516.5218837460345
2024-04-23 18:00:00,59817.45557369026,59880.136077138166,59536.211893890155,59536.211893890155,2621.8840758649217
2024-04-23 20:00:00,59536.211893890155,60199.44048395692,59536.211893890155,59986.881416958015,4166.538365299627
2024-04-23 22:00:00,59986.881416958015,61117.56641183644,59986.881416958015,60684.561403189546,3316.765053224002
2024-04-24 00:00:00,60674.961408946605,60716.07028987004,59733.622343549585,59956.12611631161,4861.324965311732
2024-04-24 02:00:00,59956.12611631161,59988.203595574676,59659.507903988466,59666.071482867075,5982.696187553891
2024-04-24 04:00:00,59666.071482867075,61035.05187064043,59656.86183630805,60754.04619019631,4898.9630057704435
2024-04-24 06:00:00,60754.04619019631,60805.388977927214,60624.44282583871,60691.65043313092,5574.301206968176
2024-04-24 08:00:00,60691.65043313092,61035.05187064043,59919.704649756044,60091.12671874794,5635.2391018040535
2024-04-24 10:00:00,60091.12671874794,60105.82698948515,59863.98415922704,59914.49896738387,5718.690988817862
2024-04-24 12:00:00,59914.49896738387,59946.047940993674,58908.32029710985,58908.32029710985,2519.497211061935
2024-04-24 14:00:00,58908.32029710985,60231.195910043476,58908.32029710985,59911.00119978643,4319.467563035671
2024-04-24 16:00:00,59911.00119978643,61035.05187064043,59687.9715407987,60718.27882805423,4100.9259173625105
2024-04-24 18:00:00,60718.27882805423,61680.54890474147,60270.390846932736,61680.54890474147,3585.0565810281805
2024-04-24 20:00:00,61680.54890474147,61680.54890474147,59784.78102334513,60026.83257075464,5413.36601672554
2024-04-24 22:00:00,60026.83257075464,60076.169505749545,59820.253364027616,59879.98421689789,4721.273879027738
2024-04-25 00:00:00,59526.044533146116,59534.569493498355,59521.870027102465,59533.07926690892,6309.086192924986
2024-04-25 02:00:00,59533.07926690892,59550.82885882336,59495.571617727655,59504.14738409164,5274.3451347471655
2024-04-25 04:00:00,59504.14738409164,59541.155189311205,59321.71509991922,59347.58275248873,6970.8278932562325
2024-04-25 06:00:00,59347.58275248873,59382.20490179371,59331.45042710635,59359.58460206693,7729.538305589788
2024-04-25 08:00:00,59359.58460206693,59440.20004364753,59262.10623385998,59332.882165261595,7856.098577870438
2024-04-25 10:00:00,59332.882165261595,59367.723639337484,59246.97048181332,59301.2608220437,9673.295152938917
2024-04-25 12:00:00,59301.2608220437,59364.334516996765,59285.99066851474,59339.761898545454,11183.585405883377
2024-04-25 14:00:00,59339.761898545454,59352.90359388729,59304.014449347385,59312.13838062157,7159.928019635366
2024-04-25 16:00:00,59312.13838062157,59390.29608844577,59298.28113158635,59363.65828706496,6366.869223599333
2024-04-25 18:00:00,59363.65828706496,59468.34405098455,59111.595881249785,59201.83248319308,12276.624629138516
2024-04-25 20:00:00,59201.83248319308,59307.31487514952,58975.74078831055,59075.95909898223,4410.030492539847
2024-04-25 22:00:00,59075.95909898223,59076.71644973469,59066.02168311424,59066.98603270756,6984.694223310192
2024-04-26 00:00:00,59258.84138826362,59493.979237557345,58239.566688896826,58528.5166225044,3620.07563924583
2024-04-26 02:00:00,58528.5166225044,59241.104324507374,58321.551595067496,59102.3258387645,5378.81886018823
2024-04-26 04:00:00,59102.3258387645,59207.096269725116,59079.17036288962,59198.4844729099,3459.2362388757383
2024-04-26 06:00:00,59198.4844729099,59589.61480859061,59091.86580030177,59589.61480859061,5660.617968338536
2024-04-26 08:00:00,59589.61480859061,60049.474310458085,59344.349720302016,60049.474310458085,2216.3326417694766
2024-04-26 10:00:00,60049.474310458085,60049.474310458085,59753.85362928434,59857.42112146192,4952.828870615049
2024-04-26 12:00:00,59857.42112146192,59857.42112146192,59523.148500957504,59626.954466156516,4105.271247713573
2024-04-26 14:00:00,59626.954466156516,59626.954466156516,59343.91147427077,59460.68218159232,2484.02122168498
2024-04-26 16:00:00,59460.68218159232,59512.812841660416,58507.93594934879,58608.274083352706,2306.9954985981403
2024-04-26 18:00:00,58608.274083352706,58934.90114461285,58074.74896128078,58074.74896128078,2774.757082069262
2024-04-26 20:00:00,58074.74896128078,58608.25725005897,58074.74896128078,58452.22093691837,6170.122090983444
2024-04-26 22:00:00,58452.22093691837,58453.84546130806,58255.441391181805,58287.40935665758,2562.07005616267
2024-04-27 00:00:00,58283.7680329476,58444.158483212836,57723.57018264433,57891.798520707525,2934.8372558892715
2024-04-27 02:00:00,57891.798520707525,58140.673382483394,57817.34465205065,58128.24541340035,3866.4570462575757
2024-04-27 04:00:00,58128.24541340035,58228.13680716558,57804.90275763726,57904.53785576038,2652.1760186643896
2024-04-27 06:00:00,57904.53785576038,57969.00835301967,57512.926877503465,57601.17495090172,2267.9437683981237
2024-04-27 08:00:00,57601.17495090172,57867.46707600703,57372.2034419753,57692.78415739245,4954.003847497518
2024-04-27 10:00:00,57692.78415739245,57930.39659951813,57607.78898706512,57873.298572401385,4723.317526588295
2024-04-27 12:00:00,57873.298572401385,57960.78434675855,57832.56137333151,57859.762263495504,4707.642843655255
2024-04-27 14:00:00,57859.762263495504,57914.12526268883,57807.165504448945,57852.203443252736,2355.001184255552
2024-04-27 16:00:00,57852.203443252736,57989.32733883567,57380.078820967545,57601.432812992905,4891.917593734397
2024-04-27 18:00:00,57601.432812992905,57657.478533120266,57573.599285178745,57622.66159531298,4989.145222445025
2024-04-27 20:00:00,57622.66159531298,57625.05347323563,57422.637388133226,57456.87395332901,4466.44403901808
2024-04-27 22:00:00,57456.87395332901,57516.97003306659,57386.214129145636,57426.18600305079,5084.645133618853
2024-04-28 00:00:00,57168.96688059152,57269.77089082705,57027.98293977684,57106.513593806034,3903.947534606736
2024-04-28 02:00:00,57106.513593806034,57191.629717856595,56863.55634084053,56871.99099867379,2952.030055495723
2024-04-28 04:00:00,56871.99099867379,56911.42692039678,56648.33416727926,56767.19402536294,6142.112141566805
2024-04-28 06:00:00,56767.19402536294,56932.825087640675,56667.968433075876,56885.74859856406,6726.283047996639
2024-04-28 08:00:00,56885.74859856406,56953.80287592661,56878.51773047133,56909.68959428982,7197.307575092605
2024-04-28 10:00:00,56909.68959428982,57127.513444828306,56832.703902992354,57060.30378882629,3172.085695497336
2024-04-28 12:00:00,57060.30378882629,57270.187361123135,56933.5801107732,57086.083179537345,7170.053180145398
2024-04-28 14:00:00,57086.083179537345,57194.60428042857,57023.07860473032,57058.208953707326,3289.0284678644416
2024-04-28 16:00:00,57058.208953707326,57061.96123005973,57043.937258792976,57048.48117281879,5276.310126427594
2024-04-28 18:00:00,57048.48117281879,57067.13689953823,57046.21457976437,57051.95776777327,5331.604773531283
2024-04-28 20:00:00,57051.95776777327,57062.16970139473,56787.09509741001,56896.95608121436,6645.25223842318
2024-04-28 22:00:00,56896.95608121436,56948.89707822476,56885.40043692667,56913.58522737245,5371.219873443405
2024-04-29 00:00:00,56678.18745989595,56802.240117433634,56605.12869163603,56752.428771502025,8547.394656298686
2024-04-29 02:00:00,56752.428771502025,56872.18367356286,56697.301789513134,56872.18367356286,6976.308660076895
2024-04-29 04:00:00,56872.18367356286,56872.18367356286,56652.49585604764,56728.23529601181,8404.067472277795
2024-04-29 06:00:00,56728.23529601181,56873.2721654732,56599.820824772105,56873.2721654732,10271.403930980843
2024-04-29 08:00:00,56873.2721654732,56873.2721654732,56611.006845908654,56700.1825496006,14623.328634488724
2024-04-29 10:00:00,56700.1825496006,56840.02477711168,56580.77773648916,56823.17004373241,14437.822922758336
2024-04-29 12:00:00,56823.17004373241,56840.02477711168,56618.14513418612,56670.71550350498,13989.752828893568
2024-04-29 14:00:00,56670.71550350498,56699.68018607278,56577.580358800275,56635.06066938855,11775.244718494054
2024-04-29 16:00:00,56635.06066938855,56656.21146418324,56573.5190131569,56606.005550663234,9176.092864696959
2024-04-29 18:00:00,56606.005550663234,56624.330301474474,56515.56263028175,56620.90770832457,12978.18621139945
2024-04-29 20:00:00,56620.90770832457,56672.634171086254,56439.68010543704,56515.5374260056,8180.526043883965
2024-04-29 22:00:00,56515.5374260056,56522.84601833304,56321.341905481815,56325.94529979507,5700.615916150456
2024-04-30 00:00:00,56017.041496524755,56205.40578075365,54238.85662731533,54238.85662731533,7847.012156961826
2024-04-30 02:00:00,54238.85662731533,54878.829263891705,49634.72571865484,49634.72571865484,5023.269755869039
2024-04-30 04:00:00,49634.72571865484,53265.14670471989,41796.86969883923,41796.86969883923,7414.058369332776
2024-04-30 06:00:00,41796.86969883923,46343.911778315785,41796.86969883923,45551.14317096148,3554.3491812098905
2024-04-30 08:00:00,45551.14317096148,49534.660415772494,45551.14317096148,48937.968578878834,8332.039178249819
2024-04-30 10:00:00,48937.968578878834,50193.40278186509,48937.968578878834,49820.41054081737,4180.644757762232
2024-04-30 12:00:00,49820.41054081737,52643.596521773055,49820.41054081737,51883.947401249,5954.223536363346
2024-04-30 14:00:00,51883.947401249,53039.40429158473,51883.947401249,52714.261012474606,8493.099247271819
2024-04-30 16:00:00,52714.261012474606,52841.08544822701,52682.493784675484,52682.493784675484,6262.371390525535
2024-04-30 18:00:00,52682.493784675484,52900.822630087714,52073.75584225017,52073.75584225017,5703.46171593622
2024-04-30 20:00:00,52073.75584225017,56205.40578075365,52073.75584225017,55780.92145772191,6546.870869223402
2024-04-30 22:00:00,55780.92145772191,55897.419379638784,54133.87042575422,54133.87042575422,4084.44278277245
2024-05-01 00:00:00,55604.86276501332,55734.23795134567,55461.4375269374,55569.388124580306,1756.1561854541603
2024-05-01 02:00:00,55569.388124580306,55721.48779484397,55532.4904918846,55536.21373394528,3791.2198449170733
2024-05-01 04:00:00,55536.21373394528,55593.37688702068,55450.10698636989,55505.71903686963,3212.9802874619436
2024-05-01 06:00:00,55505.71903686963,55510.246986569095,55444.29107663921,55506.97675642124,2059.1767164394287
2024-05-01 08:00:00,55506.97675642124,55623.82451650488,55467.47019191168,55508.00497714041,3379.071006912393
2024-05-01 10:00:00,55508.00497714041,55612.24836968329,55437.93688237607,55443.20704475657,3333.98096509275
2024-05-01 12:00:00,55443.20704475657,55457.41131433409,55333.76964075685,55362.37064044878,3200.2312832098537
2024-05-01 14:00:00,55362.37064044878,55397.0390749306,55327.4464966202,55353.970636613274,2276.594729425431
2024-05-01 16:00:00,55353.970636613274,55430.90680024671,55317.74930859111,55380.137947637435,3967.164711350301
2024-05-01 18:00:00,55380.137947637435,55658.190704760214,55227.85977795997,55321.42077857377,3233.6182448664676
2024-05-01 20:00:00,55321.42077857377,55330.32188959422,55317.486910415166,55329.206345878265,3176.297334136836
2024-05-01 22:00:00,55329.206345878265,55454.900601309804,55227.85977795997,55333.351756273194,4040.987032624895
2024-05-02 00:00:00,55552.08019655836,55706.71508500041,55521.11036367977,55636.53421033544,5116.207186098921
2024-05-02 02:00:00,55636.53421033544,55795.9352701874,55636.23127735882,55731.71440646778,4855.4571517478
2024-05-02 04:00:00,55731.71440646778,55803.12924810176,55636.84308210002,55725.78791841792,4788.943725767835
2024-05-02 06:00:00,55725.78791841792,55733.30534962964,55570.64851376486,55643.08115908786,5583.990190882838
2024-05-02 08:00:00,55643.08115908786,55847.9181194273,55579.0661476759,55841.62399949256,2247.289093961024
2024-05-02 10:00:00,55841.62399949256,55895.82489128631,55800.59332914363,55882.88451977014,4982.364885713555
2024-05-02 12:00:00,55882.88451977014,55923.22407297699,55801.67630918886,55843.66704051321,4818.536737071216
2024-05-02 14:00:00,55843.66704051321,56047.943411285094,55841.77608484289,55974.24908006115,6446.169717476323
2024-05-02 16:00:00,55974.24908006115,55976.73359812976,55852.88608665151,55909.30710668657,2727.9683828842294
2024-05-02 18:00:00,55909.30710668657,56132.81133110767,55757.09757523508,56088.40692618405,3791.372816154044
2024-05-02 20:00:00,56088.40692618405,56132.81133110767,55839.17833930878,55961.484666751756,5409.790077689022
2024-05-02 22:00:00,55961.484666751756,56117.38770958921,55928.99248218687,56033.78478396777,4805.508087206625
2024-05-03 00:00:00,56220.32081434607,56237.16130324005,56217.84432639948,56227.82259490413,2839.277711168862
2024-05-03 02:00:00,56227.82259490413,56292.070484982745,56208.38869470987,56290.8647883506,2745.6994351978688
2024-05-03 04:00:00,56290.8647883506,56397.60411272431,56137.18541269908,56171.15930716923,4383.49552826078
2024-05-03 06:00:00,56171.15930716923,56312.37906726406,56123.17435923749,56307.59530346083,2474.9461866406773
2024-05-03 08:00:00,56307.59530346083,56486.432735461865,56252.80054129936,56437.70608657262,2623.537313707002
2024-05-03 10:00:00,56437.70608657262,56501.486263628976,56405.73273670861,56472.93071637378,2829.445027935415
2024-05-03 12:00:00,56472.93071637378,56660.27585138518,56391.30084675439,56625.04616777572,2182.8073051818624
2024-05-03 14:00:00,56625.04616777572,56649.010299461435,56569.30328276837,56603.152754552466,4749.233416003155
2024-05-03 16:00:00,56603.152754552466,56606.47696926503,56471.94029312246,56489.58306731618,4328.053139442728
2024-05-03 18:00:00,56489.58306731618,56694.75364985475,56362.999260009216,56543.78445351008,5405.860569353778
2024-05-03 20:00:00,56543.78445351008,56651.50170220053,56521.15771541758,56630.213289747975,2802.413391403717
2024-05-03 22:00:00,56630.213289747975,56697.52261570544,56602.79102093081,56663.60137871302,4878.712326132983
2024-05-04 00:00:00,57015.8372195848,57265.26489176342,56996.10746937715,57181.49678679335,4716.223959596783
2024-05-04 02:00:00,57181.49678679335,57303.68582254158,57126.09609132195,57291.75452773871,2501.5655440661153
2024-05-04 04:00:00,57291.75452773871,57423.3932176313,57278.769775685236,57389.40265354263,3765.2891381598342
2024-05-04 06:00:00,57389.40265354263,57416.90559150773,57350.075812044306,57381.28196991742,2798.6406028697897
2024-05-04 08:00:00,57381.28196991742,57458.832720241764,57318.59753349562,57454.12154077136,6243.25835322525
2024-05-04 10:00:00,57454.12154077136,57499.60395790862,57390.85851361759,57391.21627714413,5412.354411932527
2024-05-04 12:00:00,57391.21627714413,57403.40519113424,57345.286669391004,57398.60072712726,2986.745640390297
2024-05-04 14:00:00,57398.60072712726,57440.97317556139,57266.09744086329,57330.89542351814,4598.826081332094
2024-05-04 16:00:00,57330.89542351814,57334.91362373831,57326.82864988469,57326.88899242991,2506.149174406746
2024-05-04 18:00:00,57326.88899242991,57525.01117946056,57258.587226698575,57525.01117946056,4748.79118737126
2024-05-04 20:00:00,57525.01117946056,57528.397654044216,57514.75181827842,57528.397654044216,4191.599440303055
2024-05-04 22:00:00,57528.397654044216,57528.397654044216,57432.281092888436,57489.37623231796,3525.9963595778822
2024-05-05 00:00:00,57545.766246479594,58033.70749678619,57536.95958985287,58033.70749678619,3842.4618832033098
2024-05-05 02:00:00,58033.70749678619,58036.125818895314,57941.93210593508,58036.125818895314,3953.312445863582
2024-05-05 04:00:00,58036.125818895314,58339.359934683955,57909.99944743608,58339.359934683955,2925.5148178257887
2024-05-05 06:00:00,58339.359934683955,59098.72726329083,58253.04776838403,59098.72726329083,2587.2894819211583
2024-05-05 08:00:00,59098.72726329083,59098.72726329083,58550.704528498725,58762.73009494442,2170.389294613149
2024-05-05 10:00:00,58762.73009494442,58762.73009494442,58070.306856780124,58276.8493126217,5273.39408605605
2024-05-05 12:00:00,58276.8493126217,58276.8493126217,57768.48679907749,57938.34096427829,3564.8212017092383
2024-05-05 14:00:00,57938.34096427829,58243.69890178311,57817.75479141929,58243.69890178311,5483.811319013709
2024-05-05 16:00:00,58243.69890178311,58430.712247819516,58236.587665947234,58430.712247819516,4708.2702556328595
2024-05-05 18:00:00,58430.712247819516,58430.712247819516,57679.80771243319,57706.2854395939,2265.1704398611514
2024-05-05 20:00:00,57706.2854395939,57708.335757511326,57671.94499793838,57679.076484863515,3948.149841369649
2024-05-05 22:00:00,57679.076484863515,57876.295392284075,57554.43959585642,57867.63667561774,4018.182706659866
2024-05-06 00:00:00,57524.18548554889,57913.149532961725,57511.18891219391,57824.840502033665,1918.047139481466
2024-05-06 02:00:00,57824.840502033665,57995.81079673455,57802.9220641067,57993.340538370045,4920.938095133527
2024-05-06 04:00:00,57993.340538370045,58172.862974929274,57986.75851271515,58094.697548568205,4746.468881024944
2024-05-06 06:00:00,58094.697548568205,58102.81908261649,58046.74738262993,58058.08438477428,3627.5123711790225
2024-05-06 08:00:00,58058.08438477428,58146.43381208224,57969.17703991212,58128.09282267809,2111.876523768358
2024-05-06 10:00:00,58128.09282267809,58557.1344921948,57895.85856016792,58431.854934213006,1794.3864461965625
2024-05-06 12:00:00,58431.854934213006,58454.89472209838,58344.475326874555,58348.13741229529,3527.0430735450136
2024-05-06 14:00:00,58348.13741229529,58365.53876323818,58333.2349488199,58365.02522399596,3102.9708457414936
2024-05-06 16:00:00,58365.02522399596,58398.545902963335,58173.619882421655,58261.268442309294,4367.379629135197
2024-05-06 18:00:00,58261.268442309294,58278.836549032196,58069.54434951563,58150.724328907294,4588.838209700109
2024-05-06 20:00:00,58150.724328907294,58557.1344921948,58051.843507634745,58478.87824104521,3344.7270727410623
2024-05-06 22:00:00,58478.87824104521,58557.1344921948,58309.565259625975,58330.64005991616,2124.6362890344303
2024-05-07 00:00:00,58521.87586146327,58620.31593424577,58479.71057797671,58564.11999044833,3822.4190324818223
2024-05-07 02:00:00,58564.11999044833,58591.37490460113,58474.646524952506,58584.57393458829,4688.299318574306
2024-05-07 04:00:00,58584.57393458829,58618.880078325245,58580.99069171457,58614.05345310744,6183.309289837577
2024-05-07 06:00:00,58614.05345310744,58640.648927327005,58521.723843511856,58561.404406648326,4318.950621334932
2024-05-07 08:00:00,58561.404406648326,58678.20330508611,58531.312046700055,58616.52530721977,5866.892340025514
2024-05-07 10:00:00,58616.52530721977,58691.39437402301,58599.60847521965,58670.54163627593,4512.99403357943
2024-05-07 12:00:00,58670.54163627593,58692.47131348859,58625.432752665256,58677.641444516135,6101.132985311949
2024-05-07 14:00:00,58677.641444516135,58840.81042768945,58632.107152177545,58820.83001581472,8481.687344744127
2024-05-07 16:00:00,58820.83001581472,58842.99554121557,58815.43793156361,58837.51178026703,4904.238133662863
2024-05-07 18:00:00,58837.51178026703,58898.545122972566,58834.83786202479,58848.973786828166,6693.150575201861
2024-05-07 20:00:00,58848.973786828166,59101.43270241969,58806.56852231084,58993.06944687263,4669.433158872271
2024-05-07 22:00:00,58993.06944687263,59019.800302795695,58787.11987274152,58909.32517296047,3179.821353835083
2024-05-08 00:00:00,58941.312636481496,59078.938297831504,58848.2328363846,58853.17600004051,2895.845012439677
2024-05-08 02:00:00,58853.17600004051,59127.77942656719,58628.30997981262,59029.09903732723,2208.762997747365
2024-05-08 04:00:00,59029.09903732723,59030.56958292748,58996.87478647002,59016.50612089916,2525.1969110232903
2024-05-08 06:00:00,59016.50612089916,59285.6990656909,58933.53524261153,59142.11265874286,3853.0289821375304
2024-05-08 08:00:00,59142.11265874286,59161.98450434276,58814.85733250127,58934.582848507554,4443.234326344372
2024-05-08 10:00:00,58934.582848507554,59209.24671556922,58874.7220035423,59110.01387499612,4065.206159415049
2024-05-08 12:00:00,59110.01387499612,59133.542916878156,58789.11241158236,58939.86581645372,2345.4432978306313
2024-05-08 14:00:00,58939.86581645372,59073.880343115605,58886.06022062836,58993.0749247456,2165.0492542109173
2024-05-08 16:00:00,58993.0749247456,59218.752518835645,58932.97080965121,59203.58982046624,2918.4767482720667
2024-05-08 18:00:00,59203.58982046624,59371.69368037741,59177.0649440818,59177.7966304806,2708.3529704539765
2024-05-08 20:00:00,59177.7966304806,59546.711672377714,59070.834609370686,59367.76305066189,4429.756778049246
2024-05-08 22:00:00,59367.76305066189,59394.09594412332,59332.17956074648,59388.425936443484,6008.3527064243635
2024-05-09 00:00:00,59389.9110368674,59451.793607247244,59331.64928137244,59360.761775826766,1899.4211129442065
2024-05-09 02:00:00,59360.761775826766,59868.9067548442,59356.00024304781,59719.27166761621,3141.014446070989
2024-05-09 04:00:00,59719.27166761621,59883.944534954026,59608.10788669182,59672.428497682835,2045.468986774476
2024-05-09 06:00:00,59672.428497682835,59758.3795001188,59650.877167742176,59710.60410600526,1718.1516132306829
2024-05-09 08:00:00,59710.60410600526,59785.83530575834,59624.66890314857,59765.53288071039,3361.8795564146208
2024-05-09 10:00:00,59765.53288071039,59868.82712921326,59697.79024342054,59719.87899872481,3622.252831772438
2024-05-09 12:00:00,59719.87899872481,59824.66354564163,59642.21930030606,59821.3761769108,2934.8117515720123
2024-05-09 14:00:00,59821.3761769108,59863.0538898432,59786.44411043636,59825.19111902788,1471.0537805351664
2024-05-09 16:00:00,59825.19111902788,59943.55780549838,59695.696687143616,59923.5960452346,2836.3144794921154
2024-05-09 18:00:00,59923.5960452346,59934.25845041464,59881.27847402444,59884.700654495515,2552.593527604985
2024-05-09 20:00:00,59884.700654495515,59947.60138809678,59629.32990468038,59695.27274067735,3496.9159035206294
2024-05-09 22:00:00,59695.27274067735,59724.10501074688,59674.40865309491,59707.09196111192,3512.7508352011873
2024-05-10 00:00:00,59811.91522440939,60324.09055608861,59788.819304310884,60196.3791528188,3563.8918960704577
2024-05-10 02:00:00,60196.3791528188,60363.53679358239,60045.976931303456,60352.19940665143,3311.786195276326
2024-05-10 04:00:00,60352.19940665143,60485.61745672628,60314.26128003786,60460.64071221915,7241.469352539743
2024-05-10 06:00:00,60460.64071221915,60618.18143354476,60139.61701065242,60331.171748835026,9419.413446226961
2024-05-10 08:00:00,60331.171748835026,60548.61002051071,60282.41183187166,60456.41520702924,6074.016345030718
2024-05-10 10:00:00,60456.41520702924,60486.23887190306,60443.74845566866,60455.47302787529,5177.301649633312
2024-05-10 12:00:00,60455.47302787529,60883.77156734648,60237.63618837399,60849.70082915426,7285.724027268673
2024-05-10 14:00:00,60849.70082915426,61258.226177837896,60846.57435700085,61148.60843571521,4367.343886408579
2024-05-10 16:00:00,61148.60843571521,61258.226177837896,61010.2260495716,61198.0587103139,4581.10453762347
2024-05-10 18:00:00,61198.0587103139,61325.50314915659,61123.97634212761,61325.50314915659,8832.48682262351
2024-05-10 20:00:00,61325.50314915659,61325.50314915659,60957.58272299312,61067.961800858226,7836.333112366535
2024-05-10 22:00:00,61067.961800858226,61258.226177837896,61067.1304135654,61250.36254532851,7642.369250698585
2024-05-11 00:00:00,61081.621125963175,61134.3645830511,60935.721850240414,60943.72505604016,4230.893074607505
2024-05-11 02:00:00,60943.72505604016,61044.99010641807,60930.5523838081,60991.309194262794,4130.219700437344
2024-05-11 04:00:00,60991.309194262794,61209.2471832372,60916.70696292977,61142.0195828653,2758.340718290644
2024-05-11 06:00:00,61142.0195828653,61312.08964441772,61055.45851065504,61311.528453999774,1913.7765844773128
2024-05-11 08:00:00,61311.528453999774,61539.40913314016,61128.71071358776,61503.151043440674,1570.5374137690008
2024-05-11 10:00:00,61503.151043440674,61567.17763232405,61493.148821107716,61538.091540535184,1975.8138998395675
2024-05-11 12:00:00,61538.091540535184,61583.10399343232,61512.750813614126,61575.897916873866,3471.812734330241
2024-05-11 14:00:00,61575.897916873866,61607.18385863075,61455.53451215224,61488.86951678959,2268.115866238369
2024-05-11 16:00:00,61488.86951678959,61608.64861085345,61380.179365723576,61524.40621512385,2786.53857414557
2024-05-11 18:00:00,61524.40621512385,61561.16753624669,61500.339752249,61554.49746516973,2668.7478571935562
2024-05-11 20:00:00,61554.49746516973,61615.611738161075,61457.89398129808,61496.524129946134,1842.1622775778349
2024-05-11 22:00:00,61496.524129946134,61695.61239225962,61440.301817757914,61642.27270046161,1730.9934376175145
2024-05-12 00:00:00,61724.85486231474,61791.90616867382,61721.371414940455,61761.129676257144,2520.623140077045
2024-05-12 02:00:00,61761.129676257144,61853.691442221636,61714.06254588488,61764.48221629853,3339.6753403138914
2024-05-12 04:00:00,61764.48221629853,61982.94153851924,61694.557639847066,61907.72412722463,4153.426858117786
2024-05-12 06:00:00,61907.72412722463,62078.897721156434,61754.929862888974,62028.20682105818,4177.435569071024
2024-05-12 08:00:00,62028.20682105818,62105.16762309164,61915.57938389917,62068.18220633805,3400.346197494357
2024-05-12 10:00:00,62068.18220633805,62210.84535475817,62064.45741124399,62210.84535475817,4298.692344123728
2024-05-12 12:00:00,62210.84535475817,62210.84535475817,61994.38552483415,62020.01988220796,2256.6174831640074
2024-05-12 14:00:00,62020.01988220796,62201.44256797334,61821.496283387074,62148.60943582923,4061.2189203124367
2024-05-12 16:00:00,62148.60943582923,62203.18705446983,62089.29290201294,62203.18705446983,3043.158727546626
2024-05-12 18:00:00,62203.18705446983,62203.18705446983,62129.53792928868,62146.00461741054,3456.1188975231767
2024-05-12 20:00:00,62146.00461741054,62201.44256797334,62096.14021916111,62163.0504519283,2084.4975088963697
2024-05-12 22:00:00,62163.0504519283,62201.44256797334,62029.80673219868,62096.99898821425,2470.489898372111
2024-05-13 00:00:00,61725.99148459959,64231.19660984717,61196.86466949136,64231.19660984717,10231.465715895305
2024-05-13 02:00:00,64231.19660984717,66447.36071317592,63850.472787496336,66447.36071317592,6079.021282429567
2024-05-13 04:00:00,66447.36071317592,67334.0441545864,65976.78011098111,67334.0441545864,5239.2996353309445
2024-05-13 06:00:00,67334.0441545864,67334.0441545864,65754.04818943939,66212.0810965229,8431.230918282272
2024-05-13 08:00:00,66212.0810965229,66525.40332312646,66183.35121309121,66525.40332312646,6444.951912872969
2024-05-13 10:00:00,66525.40332312646,68117.00399444244,65970.62456645333,68117.00399444244,11708.484753597395
2024-05-13 12:00:00,68117.00399444244,68117.00399444244,63768.358972400645,64255.87651486978,9016.923150426126
2024-05-13 14:00:00,64255.87651486978,64965.966043103566,64207.19804797485,64965.966043103566,4766.071059452989
2024-05-13 16:00:00,64965.966043103566,64965.966043103566,63656.07594023784,64091.88753150759,7840.497472699528
2024-05-13 18:00:00,64091.88753150759,64091.88753150759,62777.77271335315,63187.99791381278,7507.478769679166
2024-05-13 20:00:00,63187.99791381278,63769.7486564468,62882.9194409905,63769.7486564468,9485.516694897542
2024-05-13 22:00:00,63769.7486564468,63769.7486564468,62465.00560739034,62900.017918354664,6011.571189482693
2024-05-14 00:00:00,62849.07554760206,63097.8253880922,62778.90853777006,63093.137586257064,13248.834063237537
2024-05-14 02:00:00,63093.137586257064,63524.81720555536,62947.874942000606,63356.94696777558,10725.427253311376
2024-05-14 04:00:00,63356.94696777558,64580.92597589694,63247.29721440359,64422.451065416055,8685.363899391175
2024-05-14 06:00:00,64422.451065416055,64447.195012298536,63843.208693661254,63913.92960722249,9618.145965796422
2024-05-14 08:00:00,63913.92960722249,64298.55411521458,63767.33046059629,64187.79851933132,14249.602128010503
2024-05-14 10:00:00,64187.79851933132,64241.2366409962,63741.94769667925,63793.39380407336,6403.059339165123
2024-05-14 12:00:00,63793.39380407336,63953.775494576155,63271.1975667514,63491.75409089482,7765.754415724882
2024-05-14 14:00:00,63491.75409089482,65096.994834501915,63355.94440383032,64740.430027892784,9876.947728594118
2024-05-14 16:00:00,64740.430027892784,64840.50864766922,63483.41349689987,63934.178639894926,11116.513872947922
2024-05-14 18:00:00,63934.178639894926,64062.90751924702,63714.3130589982,63722.90516559812,8640.21505223568
2024-05-14 20:00:00,63722.90516559812,63765.017847474584,63412.02245117527,63446.76693172268,15581.554130839208
2024-05-14 22:00:00,63446.76693172268,64361.46173057405,63309.223314332914,64321.5728206925,12211.201479540698
2024-05-15 00:00:00,64234.592026001366,64365.45808740877,64126.634138227375,64349.71566036409,8347.544087007893
2024-05-15 02:00:00,64349.71566036409,64446.90419584761,64294.24277098017,64378.34408801984,4847.758687787204
2024-05-15 04:00:00,64378.34408801984,64463.71347886494,64339.95975234145,64406.25365176171,7131.777979359041
2024-05-15 06:00:00,64406.25365176171,64570.971427161596,64344.69410692345,64509.57544376968,3678.742407955858
2024-05-15 08:00:00,64509.57544376968,64618.44348878078,64482.48577552283,64578.60150143549,7397.452188105049
2024-05-15 10:00:00,64578.60150143549,64737.82065033604,64524.51679605283,64647.03425692413,6388.787375342251
2024-05-15 12:00:00,64647.03425692413,64688.26853526207,64541.18973025682,64595.09390189217,3891.0733869818205
2024-05-15 14:00:00,64595.09390189217,64620.08019749202,64580.007041636454,64589.54834889681,5259.1271837734275
2024-05-15 16:00:00,64589.54834889681,64625.28680265246,64545.05237256544,64585.04224471329,5853.34029561289
2024-05-15 18:00:00,64585.04224471329,64784.26334497715,64451.92017834838,64640.07973994771,5603.896472188901
2024-05-15 20:00:00,64640.07973994771,64805.22923961646,64593.939286501474,64727.863596353796,4232.54460145266
2024-05-15 22:00:00,64727.863596353796,64796.51613468413,64708.66444253336,64767.169466258594,7982.260926268304
2024-05-16 00:00:00,64748.630988098244,64831.38943463535,64721.594920157404,64791.38074317464,2609.2424589154693
2024-05-16 02:00:00,64791.38074317464,64953.311614840146,64717.669196669594,64880.709208341475,2597.990389114192
2024-05-16 04:00:00,64880.709208341475,65340.908745193155,64837.13747194697,65166.102008899536,5588.694498679572
2024-05-16 06:00:00,65166.102008899536,65499.905664848324,64934.631439320954,65192.51107207431,5684.084456729685
2024-05-16 08:00:00,65192.51107207431,65406.31900249128,65058.34540414424,65387.20719291699,4892.630608253822
2024-05-16 10:00:00,65387.20719291699,65409.35334493336,65233.245804415084,65298.905503803035,6278.816150148554
2024-05-16 12:00:00,65298.905503803035,65683.58852724827,65254.22166608166,65539.80268720294,4505.054639132249
2024-05-16 14:00:00,65539.80268720294,65645.62269040786,65282.59501183461,65379.2817407406,3287.57082584282
2024-05-16 16:00:00,65379.2817407406,65509.58981868377,65327.17040278445,65488.436084728826,4900.032021146952
2024-05-16 18:00:00,65488.436084728826,65497.78604876899,65407.670157425135,65414.1948060478,5126.159121340485
2024-05-16 20:00:00,65414.1948060478,65499.210183937466,65401.49815445276,65480.29605598915,4974.9765574313005
2024-05-16 22:00:00,65480.29605598915,65694.67860153291,65328.10308055841,65595.38246751849,5151.071937130458
2024-05-17 00:00:00,65768.51317046226,66388.39518853162,64684.319338179004,64684.319338179004,1817.1965446707832
2024-05-17 02:00:00,64684.319338179004,65565.0439559887,64684.319338179004,65332.77442642419,2833.7483817317766
2024-05-17 04:00:00,65332.77442642419,65537.28498992938,65205.05217253114,65524.85939195945,3553.319742222974
2024-05-17 06:00:00,65524.85939195945,65565.37626216079,65405.359248769906,65414.04844434888,1421.9428399477895
2024-05-17 08:00:00,65414.04844434888,65415.19285618672,65241.38272716392,65282.15611076415,1762.6048524669063
2024-05-17 10:00:00,65282.15611076415,65995.60957473035,65096.95416872759,65686.97734779755,2825.8054363432693
2024-05-17 12:00:00,65686.97734779755,65766.06222314433,65517.14740690248,65559.59305244504,3251.147437434993
2024-05-17 14:00:00,65559.59305244504,65643.71304282971,65047.296252830674,65197.85023209982,2679.0789618655613
2024-05-17 16:00:00,65197.85023209982,65744.43567494722,64996.25696188116,65728.27606584008,3706.230002238485
2024-05-17 18:00:00,65728.27606584008,65785.16012248557,64994.35183824577,64994.35183824577,3163.303012284907
2024-05-17 20:00:00,64994.35183824577,65131.76592447933,64994.35183824577,65052.039443903115,2541.918758394089
2024-05-17 22:00:00,65052.039443903115,65764.10593765917,64996.25696188116,65617.65376842937,1837.1261177499798
2024-05-18 00:00:00,65917.93908283173,66094.60454206874,65841.44445442491,66034.6582021249,5102.369004979245
2024-05-18 02:00:00,66034.6582021249,66128.32052283641,65618.01751331157,65618.01751331157,6033.722634594882
2024-05-18 04:00:00,65618.01751331157,65681.98517038596,65583.98770048073,65583.98770048073,3765.7779213542512
2024-05-18 06:00:00,65583.98770048073,65630.19460491608,65251.598725693904,65251.598725693904,4298.170418862334
2024-05-18 08:00:00,65251.598725693904,65303.838849430416,65251.598725693904,65262.97229121037,5882.392897560473
2024-05-18 10:00:00,65262.97229121037,65693.66085747955,65262.97229121037,65587.38845957999,3810.4441356727007
2024-05-18 12:00:00,65587.38845957999,65721.69045371897,65392.885292327424,65392.885292327424,6123.370033784403
2024-05-18 14:00:00,65392.885292327424,65449.17602424158,65270.534826661824,65270.534826661824,6887.3143382109065
2024-05-18 16:00:00,65270.534826661824,65468.679589755244,65270.534826661824,65409.628737532534,6968.260945490983
2024-05-18 18:00:00,65409.628737532534,65875.81800499192,65409.628737532534,65794.31923056424,4978.11107593599
2024-05-18 20:00:00,65794.31923056424,66329.15270996756,65794.31923056424,66252.00082072355,5243.3567321817
2024-05-18 22:00:00,66252.00082072355,66584.14706947267,66167.34585320904,66416.8450143423,3285.6397543003286
2024-05-19 00:00:00,66733.33349600935,66823.9502182927,66726.18912709907,66803.05528048244,1451.6580577695752
2024-05-19 02:00:00,66803.05528048244,66834.27958773143,66725.94212468798,66743.03160763616,1693.8875283032037
2024-05-19 04:00:00,66743.03160763616,66835.95399118369,66629.94962233154,66729.20848796338,1804.4942520568925
2024-05-19 06:00:00,66729.20848796338,66733.16646234486,66681.41190106703,66699.34455636072,1962.190713327579
2024-05-19 08:00:00,66699.34455636072,66797.63040030007,66626.00858362783,66724.28312635818,3019.652261643488
2024-05-19 10:00:00,66724.28312635818,66789.41164531122,66678.82962982796,66682.50907125362,2346.3926472579715
2024-05-19 12:00:00,66682.50907125362,66762.51326127791,66605.68024945397,66687.52677292698,2440.8958230711332
2024-05-19 14:00:00,66687.52677292698,66705.93746788698,66646.36392463984,66668.49666449176,2796.8926165239254
2024-05-19 16:00:00,66668.49666449176,66834.65141566901,66595.06754670819,66622.8622586637,1646.1750962470683
2024-05-19 18:00:00,66622.8622586637,66650.22678325878,66529.94385150848,66640.92999729859,2444.927429160721
2024-05-19 20:00:00,66640.92999729859,66766.68344938959,66586.7731047294,66599.16209914103,2171.1420330647193
2024-05-19 22:00:00,66599.16209914103,66708.0226831429,66350.18022555488,66486.29960302482,1953.4478133646426
2024-05-20 00:00:00,66173.75703921377,67306.67878268997,65962.37512277991,66952.4245915325,7758.852322382808
2024-05-20 02:00:00,66952.4245915325,67049.64699213409,66931.87821720702,67020.54189912224,3265.318386406886
2024-05-20 04:00:00,67020.54189912224,67361.63356106154,66914.670492,67303.43102393829,8019.3296422594085
2024-05-20 06:00:00,67303.43102393829,67952.01799743892,67056.11805308117,67952.01799743892,5621.14191811473
2024-05-20 08:00:00,67952.01799743892,68320.95731261729,67911.20445607636,68320.95731261729,5389.605592986737
2024-05-20 10:00:00,68320.95731261729,68396.83632299566,68217.87283092477,68396.83632299566,6681.888674769801
2024-05-20 12:00:00,68396.83632299566,68396.83632299566,68180.09939209532,68236.73818203881,3767.5926708169304
2024-05-20 14:00:00,68236.73818203881,68236.73818203881,67340.23542601545,67599.60199120798,5273.329336484426
2024-05-20 16:00:00,67599.60199120798,67599.60199120798,66471.67621228614,66527.43352690391,4241.54308025345
2024-05-20 18:00:00,66527.43352690391,66655.49278743142,66442.3408605905,66618.6785024183,3614.8996561199456
2024-05-20 20:00:00,66618.6785024183,67361.63356106154,66495.74481961448,67161.92041857968,4111.8259887976465
2024-05-20 22:00:00,67161.92041857968,67172.11487598781,67115.050219455,67152.3382606535,3211.247247033232
2024-05-21 00:00:00,67009.65774770672,67086.54557417508,66883.19356169544,66992.59357498333,6558.693765348174
2024-05-21 02:00:00,66992.59357498333,67018.05359793827,66843.52971008769,66888.73282245523,5141.88705302463
2024-05-21 04:00:00,66888.73282245523,66928.14712765161,66807.72228643848,66917.03465018405,6898.547362492789
2024-05-21 06:00:00,66917.03465018405,66935.25542463615,66914.14958489824,66923.1844175339,2608.684951083293
2024-05-21 08:00:00,66923.1844175339,67046.33283920582,66908.11358298865,67020.5147957231,4632.342244472032
2024-05-21 10:00:00,67020.5147957231,67040.99297650962,66977.82537951361,67029.0308771218,4116.89398616942
2024-05-21 12:00:00,67029.0308771218,67112.45967425848,66863.21292876298,66960.79947284753,4463.089397768348
2024-05-21 14:00:00,66960.79947284753,67053.21837956745,66925.68464095933,67009.6552528071,3943.325035057474
2024-05-21 16:00:00,67009.6552528071,67205.13831278296,66971.95884436535,67095.82948826606,2867.592383476572
2024-05-21 18:00:00,67095.82948826606,67163.65391518439,66808.72056222236,66883.28521693627,6902.13204076875
2024-05-21 20:00:00,66883.28521693627,66903.74748849729,66622.62965724092,66726.88888076275,6823.289561660766
2024-05-21 22:00:00,66726.88888076275,66839.43315605105,66674.44856549549,66797.62843514352,4767.939841764309
2024-05-22 00:00:00,66747.34322135642,67095.2466583395,66721.0892055961,67095.2466583395,2375.6044037405522
2024-05-22 02:00:00,67095.2466583395,67265.95716562722,66871.58317058017,67265.95716562722,2203.8484481556998
2024-05-22 04:00:00,67265.95716562722,67346.20939925392,67238.22297787348,67346.20939925392,2792.5114580616937
2024-05-22 06:00:00,67346.20939925392,67346.20939925392,67134.70156986664,67254.34681141486,4131.375553102377
2024-05-22 08:00:00,67254.34681141486,67267.28108450527,67230.26252740751,67267.28108450527,2448.5083471692606
2024-05-22 10:00:00,67267.28108450527,67267.28108450527,67051.50446430276,67160.57337369588,4818.575271899269
2024-05-22 12:00:00,67160.57337369588,67208.54488709902,66995.53535488415,67208.54488709902,3660.7221520117405
2024-05-22 14:00:00,67208.54488709902,67208.54488709902,67027.44365002186,67120.48298151854,3723.483178772469
2024-05-22 16:00:00,67120.48298151854,67120.48298151854,66949.18956767696,67023.27058117534,4559.182018831274
2024-05-22 18:00:00,67023.27058117534,67023.27058117534,66918.83464312112,66927.15430722568,4587.35299497807
2024-05-22 20:00:00,66927.15430722568,66927.15430722568,66774.93870615093,66822.09129903011,4832.030784284637
2024-05-22 22:00:00,66822.09129903011,66822.09129903011,66582.56886126239,66614.6992575894,2376.289803391742
2024-05-23 00:00:00,66748.93249822088,66776.06398927433,66586.43551983526,66654.37608338904,3636.1531395783504
2024-05-23 02:00:00,66654.37608338904,66687.13509051576,66598.45362912376,66660.18335051781,3589.660448545623
2024-05-23 04:00:00,66660.18335051781,67115.18515649061,66582.90559628358,67006.6000573498,5925.064066304095
2024-05-23 06:00:00,67006.6000573498,67072.80200490559,66934.13099632636,66991.46831628212,4975.354469633295
2024-05-23 08:00:00,66991.46831628212,67752.80783260119,66899.34649737888,67531.15970993263,3483.2189570900205
2024-05-23 10:00:00,67531.15970993263,67547.82024117127,67109.67600521495,67158.92332384223,4333.920604234982
2024-05-23 12:00:00,67158.92332384223,67181.96139162147,66852.64938800615,66939.54940522039,3860.460663891602
2024-05-23 14:00:00,66939.54940522039,66994.69126258304,66751.33076264166,66829.55082948827,4103.861073912455
2024-05-23 16:00:00,66829.55082948827,66861.8364927195,66771.33014206341,66792.0000496247,3240.489524401662
2024-05-23 18:00:00,66792.0000496247,67348.25394987086,66652.80358724468,67252.98726668989,3164.9243575700298
2024-05-23 20:00:00,67252.98726668989,67668.86122336307,66982.43976755119,67527.6374028413,5901.696798331272
2024-05-23 22:00:00,67527.6374028413,67690.2591807377,67472.63809138413,67605.3963189153,4229.446311915484
2024-05-24 00:00:00,67589.0626398052,67694.40776200742,67441.12126352386,67527.04860461572,1532.4934243541704
2024-05-24 02:00:00,67527.04860461572,67708.09794343809,67366.83023979873,67366.83023979873,2700.94486427804
2024-05-24 04:00:00,67366.83023979873,67405.27043662703,66211.43218074366,66211.43218074366,4305.119243571713
2024-05-24 06:00:00,66211.43218074366,67570.09610715359,66211.43218074366,67223.12030634639,1853.3759260078732
2024-05-24 08:00:00,67223.12030634639,67584.70674195956,67223.12030634639,67462.49550811076,3220.372603977206
2024-05-24 10:00:00,67462.49550811076,67661.61997304097,66759.26479109663,66759.26479109663,2920.169670602885
2024-05-24 12:00:00,66759.26479109663,67072.80106220416,66759.26479109663,66973.0968658657,2030.9279514479626
2024-05-24 14:00:00,66973.0968658657,66974.11095179008,66973.0968658657,66973.38504381505,1549.4122526810959
2024-05-24 16:00:00,66973.38504381505,66989.62655052784,66457.58424336549,66457.58424336549,4266.2278982976595
2024-05-24 18:00:00,66457.58424336549,66726.6740540237,66457.58424336549,66665.38042238227,3436.7132594348127
2024-05-24 20:00:00,66665.38042238227,67045.63077812827,66665.38042238227,66997.59719615482,1641.6095316774472
2024-05-24 22:00:00,66997.59719615482,67736.72948826694,66997.59719615482,67730.18913532425,2396.180663330827
2024-05-25 00:00:00,67579.11698127464,67587.15758969556,66031.55496819018,66031.55496819018,4950.969378347733
2024-05-25 02:00:00,66031.55496819018,67686.24440354564,66031.55496819018,67686.24440354564,3824.2330982406243
2024-05-25 04:00:00,67686.24440354564,68193.80866409399,67671.8449878331,68193.80866409399,2792.036427304916
2024-05-25 06:00:00,68193.80866409399,69748.29940464908,67540.35902421275,69748.29940464908,3304.160622321448
2024-05-25 08:00:00,69748.29940464908,69748.29940464908,66591.10219234714,67448.00281341026,5307.701285358632
2024-05-25 10:00:00,67448.00281341026,69197.07434750111,67346.4973613603,69197.07434750111,4583.571170179098
2024-05-25 12:00:00,69197.07434750111,69197.07434750111,66976.25017920618,67826.3007702606,5992.060440261485
2024-05-25 14:00:00,67826.3007702606,69208.28696739454,67280.55905612012,69208.28696739454,5199.782022382182
2024-05-25 16:00:00,69208.28696739454,69208.28696739454,66060.02275530648,66060.02275530648,2449.1868629480277
2024-05-25 18:00:00,66060.02275530648,66119.3727185743,64733.51047254214,64733.51047254214,3064.713082602726
2024-05-25 20:00:00,64733.51047254214,64814.46659594871,64395.54279781594,64395.54279781594,4741.930941843641
2024-05-25 22:00:00,64395.54279781594,67035.77124616742,64395.54279781594,66361.7566414965,7209.361281372181
2024-05-26 00:00:00,66793.52495420523,66796.78503159233,66667.36180026396,66700.22083371555,3188.6137569913353
2024-05-26 02:00:00,66700.22083371555,66768.02207280311,66571.29857174844,66613.17685905578,4479.60505989617
2024-05-26 04:00:00,66613.17685905578,66614.34053358986,66565.66405862218,66587.9269150354,4270.948261011417
2024-05-26 06:00:00,66587.9269150354,66641.21777085905,66283.9404871128,66414.02203687414,5833.869281064774
2024-05-26 08:00:00,66414.02203687414,66567.57710030618,66344.8609876061,66363.35020788331,5805.906039464015
2024-05-26 10:00:00,66363.35020788331,66372.84221851628,66345.41858608056,66345.47552236637,5847.746567370457
2024-05-26 12:00:00,66345.47552236637,66390.72057982744,66283.11420799293,66305.48329866803,2383.7505062624914
2024-05-26 14:00:00,66305.48329866803,66317.89755705868,66183.18234205697,66280.66121460371,3228.7007760205925
2024-05-26 16:00:00,66280.66121460371,66447.14571960406,66143.89731062682,66262.89868767356,5432.81370601923
2024-05-26 18:00:00,66262.89868767356,66276.0186898601,66256.2845328503,66267.09770852518,3904.7731706517166
2024-05-26 20:00:00,66267.09770852518,66402.91495193851,66005.88698297323,66141.73489832848,5336.480260973551
2024-05-26 22:00:00,66141.73489832848,66168.1160149296,66047.33567010134,66132.88219363887,4286.587296457871
2024-05-27 00:00:00,66167.40212387864,66283.64747131766,66035.77743077165,66149.59692087263,9386.151121145613
2024-05-27 02:00:00,66149.59692087263,66186.72269477195,65941.93961143262,66092.23453838314,7010.799705339234
2024-05-27 04:00:00,66092.23453838314,66429.02520321221,66073.341404021,66306.0968212811,6742.729514941962
2024-05-27 06:00:00,66306.0968212811,66483.9752339991,66171.50547630107,66172.63380034963,5658.770383023812
2024-05-27 08:00:00,66172.63380034963,66331.99039315761,66058.56459415948,66198.21192652632,6828.871679191789
2024-05-27 10:00:00,66198.21192652632,66481.46899710216,66074.7649372401,66431.53717100731,5414.976424991925
2024-05-27 12:00:00,66431.53717100731,66498.99663234483,66233.58751876763,66304.15888709898,7118.246698690309
2024-05-27 14:00:00,66304.15888709898,66455.02836967695,66216.84744116938,66362.88333700172,7236.219540615441
2024-05-27 16:00:00,66362.88333700172,66405.1938337596,66201.06954318631,66262.23198374882,4649.174793971515
2024-05-27 18:00:00,66262.23198374882,66420.77649360387,66199.5273970512,66337.3727098798,6762.918324792592
2024-05-27 20:00:00,66337.3727098798,66729.49754332534,66042.98987767046,66522.06790804306,9325.773657870273
2024-05-27 22:00:00,66522.06790804306,66948.25158724168,66422.40368205107,66852.65792993644,3803.8987948681893
2024-05-28 00:00:00,66889.46665683121,66929.92726817548,66818.84619729297,66825.01024777592,4794.359604561942
2024-05-28 02:00:00,66825.01024777592,67930.65848682384,66494.37290344818,67628.6433948036,3600.385579968335
2024-05-28 04:00:00,67628.6433948036,68069.79632742249,67506.25200110301,68069.79632742249,6132.514037977129
2024-05-28 06:00:00,68069.79632742249,68069.79632742249,67114.01273467431,67379.35873312426,6197.134242713712
2024-05-28 08:00:00,67379.35873312426,67423.12773041152,67091.85132951273,67129.63661561091,2617.5512528189834
2024-05-28 10:00:00,67129.63661561091,67229.01861612951,67097.5326502845,67181.58444520288,2382.479338089373
2024-05-28 12:00:00,67181.58444520288,67325.27096238785,67130.87587150863,67213.22608446494,5470.877010145049
2024-05-28 14:00:00,67213.22608446494,67230.7335056398,66969.99518305922,67040.98454981422,4433.359475887617
2024-05-28 16:00:00,67040.98454981422,67045.16785892482,67038.71804697732,67040.98175304968,6091.147688253905
2024-05-28 18:00:00,67040.98175304968,67387.08621875834,66976.60168654611,67276.32771264043,3822.314995522629
2024-05-28 20:00:00,67276.32771264043,67971.61366255458,66631.35800389161,67971.61366255458,3589.8554008547235
2024-05-28 22:00:00,67971.61366255458,67971.61366255458,67440.58331975524,67538.20673116147,6417.927785061331
2024-05-29 00:00:00,67624.47916354955,67742.60518134812,67324.12672490413,67369.19545537885,8275.981114324151
2024-05-29 02:00:00,67369.19545537885,67759.75169717037,67291.81311975536,67705.77303421269,8979.73466413193
2024-05-29 04:00:00,67705.77303421269,68950.08218425006,67523.48226568644,68950.08218425006,7201.289929328043
2024-05-29 06:00:00,68950.08218425006,69385.40389764811,68781.44613612491,69385.40389764811,7333.944220110983
2024-05-29 08:00:00,69385.40389764811,69385.40389764811,68271.83165218937,68367.63748432939,9877.553736890639
2024-05-29 10:00:00,68367.63748432939,68774.48177868946,68210.72148542188,68655.00351740846,6499.965979012349
2024-05-29 12:00:00,68655.00351740846,68822.18327767457,67471.39619911167,67514.5045053186,11981.947841054232
2024-05-29 14:00:00,67514.5045053186,68332.37503069622,67430.48605862621,68287.31294181079,11607.766890967934
2024-05-29 16:00:00,68287.31294181079,68346.56868386443,68165.94128646547,68242.95437155783,10390.660139497166
2024-05-29 18:00:00,68242.95437155783,68476.47461460347,67586.09373968033,67918.24544489983,6400.552853289432
2024-05-29 20:00:00,67918.24544489983,68088.32777714056,67194.34871039164,67392.69006304281,11743.650105329303
2024-05-29 22:00:00,67392.69006304281,67949.22508028465,67165.97099186994,67851.1804320267,5103.916931277858
2024-05-30 00:00:00,68036.40306059775,68046.47587453094,67999.25366132462,68010.62620062269,3117.6100987036743
2024-05-30 02:00:00,68010.62620062269,68016.84437805659,68001.58551825018,68007.92913579303,2617.729168491181
2024-05-30 04:00:00,68007.92913579303,68067.56967132795,67975.50691582811,67986.58085715037,3925.857372793919
2024-05-30 06:00:00,67986.58085715037,68025.73348881167,67951.72835239454,68018.29463714699,3059.298366381825
2024-05-30 08:00:00,68018.29463714699,68065.17186159927,67969.35223385775,68024.87170154412,5901.842923956622
2024-05-30 10:00:00,68024.87170154412,68031.53706743558,67892.52986898113,68017.39131508426,4143.428632724653
2024-05-30 12:00:00,68017.39131508426,68047.64537621415,67979.30761640247,68038.6448835044,6003.521672481483
2024-05-30 14:00:00,68038.6448835044,68054.88539616614,67975.04734036054,67989.46425561998,4933.266462096963
2024-05-30 16:00:00,67989.46425561998,68060.54203692805,67973.34416028671,67991.76394312213,2347.4426516280278
2024-05-30 18:00:00,67991.76394312213,68028.59292260546,67968.5754768542,67998.9536715214,4971.265243687589
2024-05-30 20:00:00,67998.9536715214,68037.94959148907,67888.86000601125,67927.32822506092,3622.519163285356
2024-05-30 22:00:00,67927.32822506092,67958.8871513495,67893.07629117614,67933.7318634351,3706.7481219127226
2024-05-31 00:00:00,68262.07772164358,68296.90010180691,68203.74226307383,68273.83160745734,2512.9825157761966
2024-05-31 02:00:00,68273.83160745734,68458.28071460479,68217.17317085307,68329.47448391476,2196.8593679932665
2024-05-31 04:00:00,68329.47448391476,68477.05410070937,68016.35026397646,68029.10458205239,2736.9715163242395
2024-05-31 06:00:00,68029.10458205239,68193.12556192456,68020.76722810311,68128.88176139796,6237.002749991394
2024-05-31 08:00:00,68128.88176139796,68140.61294277495,68053.94784340267,68127.76724127607,5855.2645776511
2024-05-31 10:00:00,68127.76724127607,68191.79416716637,67950.76314369113,68012.53424936233,3783.231812382377
2024-05-31 12:00:00,68012.53424936233,68071.01276570212,67951.4844924121,67960.67558032805,2699.0979759779375
2024-05-31 14:00:00,67960.67558032805,68076.22616850221,67774.08662704936,67785.03390999057,2950.134349920353
2024-05-31 16:00:00,67785.03390999057,67816.06421612635,67680.94149418204,67724.03845404147,2973.378324377307
2024-05-31 18:00:00,67724.03845404147,67729.80489802716,67563.79692121064,67592.40020390609,4797.10817058928
2024-05-31 20:00:00,67592.40020390609,67631.04890929195,67253.12659815881,67312.60586439354,4671.226336586002
2024-05-31 22:00:00,67312.60586439354,67583.38264944582,67202.35850893242,67488.9832237692,3387.8323106950074
2024-06-01 00:00:00,67400.82817551136,67574.92872639697,67364.77767569138,67545.08053105084,3496.1921888438824
2024-06-01 02:00:00,67545.08053105084,67819.90354748376,67526.75979070505,67819.90354748376,6010.7514460465845
2024-06-01 04:00:00,67819.90354748376,68129.0474906966,67679.62302809156,68129.0474906966,4501.739233758462
2024-06-01 06:00:00,68129.0474906966,68359.00307992139,68077.94159669372,68359.00307992139,6176.167974414567
2024-06-01 08:00:00,68359.00307992139,68359.00307992139,67832.92712806798,68060.82702604962,2849.2300666164997
2024-06-01 10:00:00,68060.82702604962,68544.64656584035,68025.61477609118,68544.64656584035,4175.302647976027
2024-06-01 12:00:00,68544.64656584035,68544.64656584035,67917.7000697289,68129.9343873397,2835.959872803732
2024-06-01 14:00:00,68129.9343873397,68129.9343873397,67874.93603959908,67908.15515764216,6149.105473690844
2024-06-01 16:00:00,67908.15515764216,67908.15515764216,66447.7081932213,66967.86895675407,3604.675557336478
2024-06-01 18:00:00,66967.86895675407,67060.0229304951,66597.62551146012,66726.5661117291,4378.790899879874
2024-06-01 20:00:00,66726.5661117291,66838.66974783136,66689.32770859422,66830.30318767684,4875.203776293638
2024-06-01 22:00:00,66830.30318767684,67245.75045739237,66779.84232054248,67062.91631779072,5158.2568534212005
2024-06-02 00:00:00,67238.75768796151,67354.68272396408,67064.80719223435,67064.80719223435,4732.7859984802135
2024-06-02 02:00:00,67064.80719223435,67280.66821884838,67064.80719223435,67184.90327991289,2241.6634707930307
2024-06-02 04:00:00,67184.90327991289,67428.821665206,67092.81507797951,67319.35939727315,3211.0533770268908
2024-06-02 06:00:00,67319.35939727315,67455.24174389575,67221.34631825701,67353.17014804472,3897.3354012016116
2024-06-02 08:00:00,67353.17014804472,67370.63994466847,67322.70867601763,67342.54216471758,2823.22639033266
2024-06-02 10:00:00,67342.54216471758,67523.63053928321,67234.23748497816,67523.63053928321,2359.9355295255946
2024-06-02 12:00:00,67523.63053928321,67574.61231450932,67492.53823629266,67574.61231450932,2776.3128728095153
2024-06-02 14:00:00,67574.61231450932,67574.61231450932,67518.30954858045,67523.70992371578,3394.779140044833
2024-06-02 16:00:00,67523.70992371578,67523.70992371578,67234.24349967687,67387.48248187131,4601.471061681179
2024-06-02 18:00:00,67387.48248187131,67561.99142979896,67326.07024085752,67561.99142979896,2131.4548338676746
2024-06-02 20:00:00,67561.99142979896,67561.99142979896,67294.51033627862,67369.89801910533,2752.4407339898967
2024-06-02 22:00:00,67369.89801910533,67444.60797258076,67281.48434373566,67410.31058732115,3750.57035372765
2024-06-03 00:00:00,67669.2335428664,67680.05151975245,67668.76155432736,67675.86789991308,6224.008000324707
2024-06-03 02:00:00,67675.86789991308,67733.58983579106,67584.82176353587,67669.20165118892,6780.312849767063
2024-06-03 04:00:00,67669.20165118892,67782.45403772536,67483.22072548849,67668.4270225361,7042.230021114844
2024-06-03 06:00:00,67668.4270225361,67675.20208412064,67664.45876247091,67664.84989787443,7711.1446321006415
2024-06-03 08:00:00,67664.84989787443,67670.49666913248,67642.20865195166,67661.4285409301,3816.773131594066
2024-06-03 10:00:00,67661.4285409301,67746.01205722969,67565.72666487873,67664.57791275255,6828.792147278697
2024-06-03 12:00:00,67664.57791275255,67695.54756280257,67648.64370347976,67657.32856185736,8126.285907235596
2024-06-03 14:00:00,67657.32856185736,67697.09415875083,67626.89145623973,67650.86347801721,8234.428516342274
2024-06-03 16:00:00,67650.86347801721,67710.15726886883,67595.46942186113,67656.21864287615,6750.924402285188
2024-06-03 18:00:00,67656.21864287615,67684.21367368168,67602.81420292029,67647.77671292484,7161.5397793088605
2024-06-03 20:00:00,67647.77671292484,67693.23650927977,67605.09671664014,67645.41145616781,6728.661144799382
2024-06-03 22:00:00,67645.41145616781,67675.94122577603,67627.29392913879,67650.895199605,8132.966526955435
2024-06-04 00:00:00,67741.8382959931,68677.87054840407,65334.63483715622,65334.63483715622,4020.351964510362
2024-06-04 02:00:00,65334.63483715622,66582.58308569244,65334.63483715622,66238.3693453596,6970.716157916454
2024-06-04 04:00:00,66238.3693453596,66470.15295595766,64763.74840099227,64763.74840099227,6394.3841095087455
2024-06-04 06:00:00,64763.74840099227,66140.44494489867,64763.74840099227,65958.00916418491,8336.414619424066
2024-06-04 08:00:00,65958.00916418491,66278.21039494312,65958.00916418491,66231.154380928,6124.26266293405
2024-06-04 10:00:00,66231.154380928,66545.58911543398,66231.154380928,66473.53220368498,5058.988194616221
2024-06-04 12:00:00,66473.53220368498,66712.71260873375,66473.53220368498,66635.11542805356,8135.14482289072
2024-06-04 14:00:00,66635.11542805356,67945.00404975134,66635.11542805356,67762.80997195614,6201.189253683603
2024-06-04 16:00:00,67762.80997195614,67811.58541260815,67552.11913877538,67601.40715286526,9543.02563995203
2024-06-04 18:00:00,67601.40715286526,69016.37989591593,67469.53097414847,68946.94642509546,6700.1494464657635
2024-06-04 20:00:00,68946.94642509546,69016.37989591593,68908.47978890131,68993.08802903448,7269.4196343973135
2024-06-04 22:00:00,68993.08802903448,69016.37989591593,68661.74128979459,68727.98467970178,6398.792638250265
2024-06-05 00:00:00,68530.34017532096,68624.10397042797,68274.03799132846,68387.61826792346,7523.894989005484
2024-06-05 02:00:00,68387.61826792346,68412.15788697945,68291.03121529293,68315.9716082788,5040.953462509123
2024-06-05 04:00:00,68315.9716082788,68695.53356915298,68247.81079646101,68560.8102267424,6382.640724439785
2024-06-05 06:00:00,68560.8102267424,68981.84591110288,68508.25572011797,68878.2975062129,6775.4518865671935
2024-06-05 08:00:00,68878.2975062129,69171.6056793242,68762.48337604894,69117.11673364468,3315.4216258657816
2024-06-05 10:00:00,69117.11673364468,69726.63566849621,69071.25728769961,69509.96990601392,4780.971198421865
2024-06-05 12:00:00,69509.96990601392,70052.88036464428,69325.00913511783,69838.40700107423,5205.159242055335
2024-06-05 14:00:00,69838.40700107423,69921.9585264706,69808.61665281699,69906.03150150669,3859.720806909334
2024-06-05 16:00:00,69906.03150150669,70052.88036464428,69834.29753249243,70021.80743687133,8562.323162294304
2024-06-05 18:00:00,70021.80743687133,70052.88036464428,69975.27187464117,69981.05612581871,5630.263973810143
2024-06-05 20:00:00,69981.05612581871,70052.88036464428,69640.52196268782,69741.53272038659,5253.00265975475
2024-06-05 22:00:00,69741.53272038659,70052.88036464428,69710.35628626154,69892.33392715732,3064.430134673687
2024-06-06 00:00:00,69933.971365911,70224.32802496708,69541.34473369304,69541.34473369304,5065.200506452567
2024-06-06 02:00:00,69541.34473369304,69795.53314863674,69325.79962378557,69325.79962378557,3090.116339913362
2024-06-06 04:00:00,69325.79962378557,69904.9651243516,69325.79962378557,69800.79918073778,4196.866166346786
2024-06-06 06:00:00,69800.79918073778,69998.12388962926,69775.76646637906,69963.61453775277,5177.740908483422
2024-06-06 08:00:00,69963.61453775277,70859.8415981596,69724.23458888687,70832.15429468761,3697.574142466645
2024-06-06 10:00:00,70832.15429468761,70841.09314924804,70772.1501362311,70803.15359567622,3667.8076168227753
2024-06-06 12:00:00,70803.15359567622,71790.65017458102,70339.69930753019,71507.24347981818,4083.4579465893826
2024-06-06 14:00:00,71507.24347981818,71676.02491544813,70664.01364333021,70778.75471490732,2410.5738814968504
2024-06-06 16:00:00,70778.75471490732,70933.48136174015,70700.27984793627,70721.2010321821,5754.574694289973
2024-06-06 18:00:00,70721.2010321821,71336.03383071494,70696.27281765461,70973.41683747327,6623.615841166474
2024-06-06 20:00:00,70973.41683747327,71790.65017458102,70708.54307148045,71658.90367170367,3003.299770610033
2024-06-06 22:00:00,71658.90367170367,71748.76643831034,71412.36009962784,71518.78833079078,5007.811018864139
2024-06-07 00:00:00,71578.34466719588,72743.25042316517,71031.94832304698,72743.25042316517,12303.272681852235
2024-06-07 02:00:00,72743.25042316517,76923.7246375942,72335.93943466376,76923.7246375942,8850.443723725753
2024-06-07 04:00:00,76923.7246375942,77250.50019328782,76891.3262287634,77250.50019328782,10173.780306289835
2024-06-07 06:00:00,77250.50019328782,77250.50019328782,73071.60105964672,74364.59186278522,5684.027499568959
2024-06-07 08:00:00,74364.59186278522,74831.48466682095,74166.72725601241,74831.48466682095,7781.699052339364
2024-06-07 10:00:00,74831.48466682095,74831.48466682095,74090.85253457994,74103.64340380287,11867.198484764598
2024-06-07 12:00:00,74103.64340380287,75372.60426613719,73631.49776988875,75372.60426613719,8024.790512484471
2024-06-07 14:00:00,75372.60426613719,75372.60426613719,74950.46322371654,74998.56753924879,11465.305942808456
2024-06-07 16:00:00,74998.56753924879,75037.9487209618,74980.76765443014,75037.9487209618,5654.587029166125
2024-06-07 18:00:00,75037.9487209618,75037.9487209618,70879.49794340752,71601.24334390752,7559.558658556807
2024-06-07 20:00:00,71601.24334390752,71716.89860250184,70964.47645008044,71153.00464660706,11222.006907406698
2024-06-07 22:00:00,71153.00464660706,71699.43580223304,69456.69556275969,69456.69556275969,7417.7024298494425
2024-06-08 00:00:00,70000.32186723326,70010.94771900197,69915.30133006591,69999.81840392838,10403.608757118329
2024-06-08 02:00:00,69999.81840392838,70105.71846205003,69863.20497824177,69999.2154653792,9388.257136921775
2024-06-08 04:00:00,69999.2154653792,70006.92939033626,69985.27517808723,69998.41670047566,4175.679726144138
2024-06-08 06:00:00,69998.41670047566,70047.01293778469,69984.42336496904,69998.07505834146,9677.494481669759
2024-06-08 08:00:00,69998.07505834146,70029.17859147312,69985.46053242632,69998.22322071255,7144.869961930115
2024-06-08 10:00:00,69998.22322071255,70009.8788550062,69998.00282058377,69998.70083443525,7487.247526576605
2024-06-08 12:00:00,69998.70083443525,70013.54506339597,69990.95999902103,69998.06242032706,3941.6532811550933
2024-06-08 14:00:00,69998.06242032706,70029.66485434528,69987.27591883976,69996.76012339849,9619.171189637556
2024-06-08 16:00:00,69996.76012339849,70174.16434373645,69967.16392919084,69997.24195070809,5453.412892752691
2024-06-08 18:00:00,69997.24195070809,70036.04265321443,69936.3788943587,69997.88198687742,5148.85828354584
2024-06-08 20:00:00,69997.88198687742,70011.07959463079,69983.61929106618,69996.97076331076,5554.561094699876
2024-06-08 22:00:00,69996.97076331076,70153.80586621047,69933.7585469004,69996.14699994799,6991.047888964716
2024-06-09 00:00:00,69911.04505628526,71095.69330146056,69861.42199373084,71095.69330146056,8173.192260085236
2024-06-09 02:00:00,71095.69330146056,71573.06562576555,70730.08896706135,71573.06562576555,7934.284638222435
2024-06-09 04:00:00,71573.06562576555,72703.49987776372,71031.01195050753,72703.49987776372,13339.331698788192
2024-06-09 06:00:00,72703.49987776372,72927.8804112543,72610.93472333007,72927.8804112543,6399.877703618914
2024-06-09 08:00:00,72927.8804112543,73118.24705172455,72912.45746177637,73118.24705172455,8395.324655590062
2024-06-09 10:00:00,73118.24705172455,73118.24705172455,72912.44719360958,72926.33488416251,7180.370657227962
2024-06-09 12:00:00,72926.33488416251,72926.33488416251,72857.40746286075,72871.04821171507,8344.445380632447
2024-06-09 14:00:00,72871.04821171507,74562.1564553815,72318.0723622366,74562.1564553815,9311.694696141185
2024-06-09 16:00:00,74562.1564553815,74562.1564553815,71832.63405023317,71976.71215028173,9081.94119616624
2024-06-09 18:00:00,71976.71215028173,71976.71215028173,69056.08785895935,69900.00864408,7493.823291767657
2024-06-09 20:00:00,69900.00864408,70027.24292105173,66721.3463345347,66721.3463345347,7790.353796591573
2024-06-09 22:00:00,66721.3463345347,67981.46825334917,66721.3463345347,67970.00235459399,9314.539659896522
2024-06-10 00:00:00,67913.78136644757,67937.22088831759,67907.3992306247,67910.16877748889,5126.020816344991
2024-06-10 02:00:00,67910.16877748889,67927.69222662697,67847.91402046401,67910.37679788319,4016.4109555150817
2024-06-10 04:00:00,67910.37679788319,68062.13502328322,67699.64206622734,67876.87413787698,5225.729290612401
2024-06-10 06:00:00,67876.87413787698,67929.44042859903,67866.69593045411,67908.66560809888,6132.50171210127
2024-06-10 08:00:00,67908.66560809888,67994.17766233135,67891.98082170446,67941.37953042673,6465.780672875731
2024-06-10 10:00:00,67941.37953042673,68157.35648720882,67864.77288857986,68143.88252006176,7421.084949940436
2024-06-10 12:00:00,68143.88252006176,68150.64515785771,67984.7078294096,68067.56346798089,2702.292615497517
2024-06-10 14:00:00,68067.56346798089,68279.88302750299,67881.7953770916,68137.12707086699,5572.751738021653
2024-06-10 16:00:00,68137.12707086699,68252.60985332102,68104.27534568607,68242.58483253072,5715.012872679798
2024-06-10 18:00:00,68242.58483253072,68318.59604265208,68229.4467388666,68281.02300339719,3436.39693550575
2024-06-10 20:00:00,68281.02300339719,68438.59762187337,68201.3387303979,68374.76292076756,6275.831272211897
2024-06-10 22:00:00,68374.76292076756,68563.30472344515,68370.00000521992,68507.69716916735,7285.3726527469325
2024-06-11 00:00:00,68927.66474244377,68956.94240782628,68858.25167513585,68928.19522340066,7337.519125180865
2024-06-11 02:00:00,68928.19522340066,68933.14782249581,68894.62397598627,68932.25845728272,5664.404556100172
2024-06-11 04:00:00,68932.25845728272,68937.3197478901,68894.24672269508,68933.04394742724,6200.035654346187
2024-06-11 06:00:00,68933.04394742724,68936.55420186317,68922.57245810963,68932.76265448931,5428.725817279812
2024-06-11 08:00:00,68932.76265448931,68936.65730189774,68858.25167513585,68933.06664022777,4802.197552295233
2024-06-11 10:00:00,68933.06664022777,68956.94240782628,68864.90869088739,68932.00016948703,5474.872572904139
2024-06-11 12:00:00,68932.00016948703,68956.94240782628,68921.86068015303,68931.71695593066,6830.293814254955
2024-06-11 14:00:00,68931.71695593066,68956.94240782628,68907.18944375325,68932.53248865354,7383.164950915142
2024-06-11 16:00:00,68932.53248865354,68946.34246615632,68921.9393868973,68934.98187311232,3810.3312600976205
2024-06-11 18:00:00,68934.98187311232,68940.81359672364,68932.82589890646,68935.33140137377,6303.147945533515
2024-06-11 20:00:00,68935.33140137377,68942.9709635671,68902.04352490291,68934.35141655777,5020.902877694844
2024-06-11 22:00:00,68934.35141655777,68956.94240782628,68869.45552620738,68935.35709311672,3357.4483636128334
2024-06-12 00:00:00,68577.44346956546,68616.21325413675,68509.54970124595,68536.81909001707,4596.692596195836
2024-06-12 02:00:00,68536.81909001707,68640.13212024706,68229.1579512288,68277.54014525919,2054.9208715660343
2024-06-12 04:00:00,68277.54014525919,68290.74993970398,68093.84828413787,68093.84828413787,4498.459350986156
2024-06-12 06:00:00,68093.84828413787,68128.49413531544,67969.32335388905,67969.32335388905,4154.623462823223
2024-06-12 08:00:00,67969.32335388905,68106.16446095497,67969.32335388905,68020.75806073476,5134.165279054209
2024-06-12 10:00:00,68020.75806073476,68294.06186815363,68020.75806073476,68227.85966613167,3681.5695132777737
2024-06-12 12:00:00,68227.85966613167,68315.2489315605,68078.61486011525,68078.61486011525,3103.150146204294
2024-06-12 14:00:00,68078.61486011525,68273.23033873987,68078.61486011525,68239.91127856288,4697.70995183103
2024-06-12 16:00:00,68239.91127856288,68288.44050682969,67956.71381224225,67956.71381224225,5240.593070051268
2024-06-12 18:00:00,67956.71381224225,68256.90082322771,67956.71381224225,68200.37767837493,4768.763613211153
2024-06-12 20:00:00,68200.37767837493,68524.53839362935,68200.37767837493,68496.26741152955,4304.274130167678
2024-06-12 22:00:00,68496.26741152955,68532.25355271962,68229.1579512288,68270.92351256244,2802.2959563327026
2024-06-13 00:00:00,68615.46395039205,68668.34361529197,68555.54987424621,68632.832225736,1875.3357709624484
2024-06-13 02:00:00,68632.832225736,68730.83791901995,68609.8557622653,68625.82183436355,2181.01675088394
2024-06-13 04:00:00,68625.82183436355,68654.0288987252,68607.442643693,68629.27667423565,2859.618244665711
2024-06-13 06:00:00,68629.27667423565,68908.55298058948,68387.58670098582,68657.00242116212,2614.703427926522
2024-06-13 08:00:00,68657.00242116212,68702.14040005987,68643.7796869752,68678.17807201494,2305.459402116401
2024-06-13 10:00:00,68678.17807201494,68710.16083082571,68669.77641914118,68697.43799198787,4174.746412262515
2024-06-13 12:00:00,68697.43799198787,68829.12750036574,68623.95189732783,68755.7028976232,2743.206376958016
2024-06-13 14:00:00,68755.7028976232,68908.55298058948,68692.93287933434,68795.17145151566,3101.8431848477394
2024-06-13 16:00:00,68795.17145151566,68803.09260206306,68768.71540938331,68780.36306646273,2204.5060721179034
2024-06-13 18:00:00,68780.36306646273,68893.55498297798,68649.37430186132,68745.9647004611,3140.753013740678
2024-06-13 20:00:00,68745.9647004611,68849.73236007137,68738.65566847654,68799.84456335554,3834.5364264777263
2024-06-13 22:00:00,68799.84456335554,68850.00437117228,68781.64407794626,68824.76802259339,1996.1601999795646
2024-06-14 00:00:00,68861.16296101312,70573.90465553766,67961.53192100098,70573.90465553766,3479.223053237668
2024-06-14 02:00:00,70573.90465553766,70573.90465553766,66709.33130958164,66709.33130958164,1697.0198268812787
2024-06-14 04:00:00,66709.33130958164,66716.31790918896,66640.63665922632,66640.63665922632,2713.8749823095563
2024-06-14 06:00:00,66640.63665922632,67414.71165102332,64015.416036854076,64015.416036854076,4075.9046247963784
2024-06-14 08:00:00,64015.416036854076,65331.6022821023,60867.41444264226,60867.41444264226,2653.4776875398675
2024-06-14 10:00:00,60867.41444264226,62640.9565364322,55942.73788511619,55942.73788511619,3823.13624731352
2024-06-14 12:00:00,55942.73788511619,57640.720251375715,55942.73788511619,57495.3946009274,2441.2638624542296
2024-06-14 14:00:00,57495.3946009274,62248.914933157634,57495.3946009274,60811.00916497033,3556.374688596223
2024-06-14 16:00:00,60811.00916497033,60951.16887572363,58926.690009591,58926.690009591,4133.435057037031
2024-06-14 18:00:00,58926.690009591,61073.286958122,58926.690009591,60604.06692161544,3833.2468345395146
2024-06-14 20:00:00,60604.06692161544,69354.91095471129,60604.06692161544,68161.78723759824,4492.643863949092
2024-06-14 22:00:00,68161.78723759824,68810.53224117361,67335.19476386826,67335.19476386826,3906.5881001001853
2024-06-15 00:00:00,68337.28388325451,68547.82635952304,62073.43539193243,62073.43539193243,8685.186566387529
2024-06-15 02:00:00,62073.43539193243,64872.38252896077,53676.012872094485,53676.012872094485,9675.130650463783
2024-06-15 04:00:00,53676.012872094485,57780.61442163165,53676.012872094485,56575.24936911942,6197.216814921934
2024-06-15 06:00:00,56575.24936911942,59180.11372453656,56575.24936911942,58569.513928212626,4919.277362152727
2024-06-15 08:00:00,58569.513928212626,63953.8961919847,58569.513928212626,63647.16431211414,10700.579819652243
2024-06-15 10:00:00,63647.16431211414,64709.1049584942,59593.17575369277,59593.17575369277,7746.61054973257
2024-06-15 12:00:00,59593.17575369277,62050.45647506949,59593.17575369277,61576.76325355388,10687.499801599595
2024-06-15 14:00:00,61576.76325355388,65838.66430844257,61576.76325355388,64520.76169316933,9604.442987586495
2024-06-15 16:00:00,64520.76169316933,69606.47518563454,64520.76169316933,69606.47518563454,7060.758136551169
2024-06-15 18:00:00,69606.47518563454,69606.47518563454,61026.91419372861,61026.91419372861,11077.413933677299
2024-06-15 20:00:00,61026.91419372861,63761.60954467778,61026.91419372861,62915.426642912986,6709.208587579417
2024-06-15 22:00:00,62915.426642912986,64434.548143416716,62915.426642912986,63982.782313991214,7992.565124313074
2024-06-16 00:00:00,66375.58880809911,66648.96459132481,65516.364825424374,65806.23728953795,10800.975579520144
2024-06-16 02:00:00,65806.23728953795,66115.16885525944,62086.90177977576,62086.90177977576,8470.043305540403
2024-06-16 04:00:00,62086.90177977576,62582.230737376194,62086.90177977576,62541.70863606347,7514.559543634171
2024-06-16 06:00:00,62541.70863606347,62607.72159128153,60770.300173893505,60770.300173893505,12456.714008055897
2024-06-16 08:00:00,60770.300173893505,61701.978510914254,58836.230565037724,58836.230565037724,6288.546182625231
2024-06-16 10:00:00,58836.230565037724,58855.378276053714,58613.853086691495,58613.853086691495,12780.116661884173
2024-06-16 12:00:00,58613.853086691495,58689.89536515347,58171.11138446333,58171.11138446333,12070.842999738505
2024-06-16 14:00:00,58171.11138446333,61086.16375763589,58171.11138446333,60240.843576457264,13530.50413282305
2024-06-16 16:00:00,60240.843576457264,60438.358441043776,60240.843576457264,60432.160710848184,13352.152816166443
2024-06-16 18:00:00,60432.160710848184,60878.62492985374,59410.1978063822,59410.1978063822,5865.5237883957325
2024-06-16 20:00:00,59410.1978063822,61400.485331788856,59410.1978063822,61362.15817843143,9207.491004362337
2024-06-16 22:00:00,61362.15817843143,63829.85356781843,61362.15817843143,63563.69337176373,8160.332424630499
2024-06-17 00:00:00,63671.78235107507,65659.78601990812,63610.37799446636,65659.78601990812,2621.140330391475
2024-06-17 02:00:00,65659.78601990812,65659.78601990812,64028.18464719189,64226.54037013569,5120.075151990385
2024-06-17 04:00:00,64226.54037013569,64226.54037013569,63201.98541468789,63215.202163825634,5792.679610350694
2024-06-17 06:00:00,63215.202163825634,63255.885067802265,63138.507317450196,63138.507317450196,3615.11453088869
2024-06-17 08:00:00,63138.507317450196,63585.87483937583,62052.49451829326,62052.49451829326,3146.2824866254778
2024-06-17 10:00:00,62052.49451829326,63844.2939760747,62052.49451829326,63171.45717225357,6378.769114782271
2024-06-17 12:00:00,63171.45717225357,63331.361740716326,62934.26414763003,62934.26414763003,4731.819625956087
2024-06-17 14:00:00,62934.26414763003,63332.196832049776,62934.26414763003,63211.12619345671,6256.955577389509
2024-06-17 16:00:00,63211.12619345671,63767.042048116295,63201.98541468789,63733.491563648524,6467.963636244063
2024-06-17 18:00:00,63733.491563648524,64247.40195674422,63728.15468854076,64247.40195674422,3497.6201571971083
2024-06-17 20:00:00,64247.40195674422,64247.40195674422,63201.98541468789,63432.92417103011,4657.819523031904
2024-06-17 22:00:00,63432.92417103011,63505.29144583813,63250.64973618222,63280.241981459214,5195.124622538829
2024-06-18 00:00:00,63436.44718446795,63616.43049871034,62804.61140472829,62804.61140472829,2016.3038441901438
2024-06-18 02:00:00,62804.61140472829,63245.66901857006,62292.523229581064,62292.523229581064,2768.153502724289
2024-06-18 04:00:00,62292.523229581064,63437.60262020546,62292.523229581064,63324.85446202206,3197.5002665671095
2024-06-18 06:00:00,63324.85446202206,63540.50748017475,62881.46718419778,62881.46718419778,1956.082965480015
2024-06-18 08:00:00,62881.46718419778,63106.43332192297,62551.66860299635,62551.66860299635,4247.440147133882
2024-06-18 10:00:00,62551.66860299635,63738.957174073585,62551.66860299635,63714.209890410326,5467.320669165601
2024-06-18 12:00:00,63714.209890410326,63959.79321029329,63026.41272825606,63026.41272825606,3163.0672341581635
2024-06-18 14:00:00,63026.41272825606,63355.85740437076,62293.51875066548,62293.51875066548,2117.450147855154
2024-06-18 16:00:00,62293.51875066548,62629.29758961781,62293.51875066548,62559.33174317381,5393.700298594536
2024-06-18 18:00:00,62559.33174317381,63857.008104085275,62559.33174317381,63594.43634149183,5253.92265285515
2024-06-18 20:00:00,63594.43634149183,64546.776763830974,63546.83554027191,64546.776763830974,5288.215889022849
2024-06-18 22:00:00,64546.776763830974,64546.776763830974,64013.05199876011,64091.58881587183,5348.871558565641
2024-06-19 00:00:00,64261.51182610613,64878.789986951146,64096.97890312126,64841.476655966035,14963.361302398649
2024-06-19 02:00:00,64841.476655966035,65140.396419333694,64635.2567314242,65140.396419333694,10915.282567162898
2024-06-19 04:00:00,65140.396419333694,65140.396419333694,64698.81722593956,64753.361683423085,9337.826540465107
2024-06-19 06:00:00,64753.361683423085,64992.546070371056,64626.22050190121,64992.546070371056,12185.720214952318
2024-06-19 08:00:00,64992.546070371056,64992.546070371056,64381.21682130385,64465.99770937717,7993.480391093971
2024-06-19 10:00:00,64465.99770937717,64673.982787020934,63499.19708478825,63656.58191370289,9361.916593528815
2024-06-19 12:00:00,63656.58191370289,64327.64225329311,63617.19483182659,64261.470896305305,9792.179499522606
2024-06-19 14:00:00,64261.470896305305,64340.5320745632,64242.67880881554,64329.971817347556,9902.06152462064
2024-06-19 16:00:00,64329.971817347556,64564.78378585466,63720.67783234358,63962.38233127727,14815.072076665088
2024-06-19 18:00:00,63962.38233127727,64333.75008645842,63885.8815051004,64236.87166756185,7448.959485732614
2024-06-19 20:00:00,64236.87166756185,64334.50005435532,63877.69246471179,63905.28898634113,12598.80250272637
2024-06-19 22:00:00,63905.28898634113,63998.81631409845,63819.594011161964,63844.26612903728,12016.011457342409
2024-06-20 00:00:00,63777.027609349156,63816.575660312024,63530.64334763014,63643.26313556578,9369.029111661934
2024-06-20 02:00:00,63643.26313556578,63744.79260988789,63589.118640069435,63627.02613936149,6639.63097393975
2024-06-20 04:00:00,63627.02613936149,63647.03482051576,63394.89431360736,63460.26029128352,10260.44156489563
2024-06-20 06:00:00,63460.26029128352,63561.683358390605,63172.031295603185,63261.942222158505,3785.5410414542766
2024-06-20 08:00:00,63261.942222158505,63298.47451513168,63231.08873908319,63281.6073691355,7414.615081013227
2024-06-20 10:00:00,63281.6073691355,63317.92530988051,63191.27457434041,63206.13355757485,6170.299992334856
2024-06-20 12:00:00,63206.13355757485,63284.06098037103,63171.87757506489,63254.51267750549,8844.30410828696
2024-06-20 14:00:00,63254.51267750549,63379.74337580349,63062.937607428816,63128.98473146435,7485.6080133237065
2024-06-20 16:00:00,63128.98473146435,63182.24191862451,63009.762391499884,63045.95557038001,3789.4194743502367
2024-06-20 18:00:00,63045.95557038001,63091.8517221271,63013.54813756302,63077.19238807045,8578.407399839492
2024-06-20 20:00:00,63077.19238807045,63185.05288220212,62953.79106218908,63068.15519384274,9812.102279392391
2024-06-20 22:00:00,63068.15519384274,63077.71605134779,62902.3718354345,62931.2207946195,4126.307535637487
2024-06-21 00:00:00,62846.45464334075,62958.175334889784,62803.49526315694,62916.93640335546,11345.304955106712
2024-06-21 02:00:00,62916.93640335546,62955.8312220873,62756.4338288839,62805.66472527807,17055.549946722746
2024-06-21 04:00:00,62805.66472527807,62963.96119509004,62790.75863269005,62942.25879951311,27961.116719359798
2024-06-21 06:00:00,62942.25879951311,62963.96119509004,62827.157854880046,62833.44345215652,26824.455067050647
2024-06-21 08:00:00,62833.44345215652,62963.96119509004,62013.237935805984,62089.357229831396,19819.071195506593
2024-06-21 10:00:00,62089.357229831396,62428.379459809155,62013.237935805984,62399.01714732585,15540.141379387655
2024-06-21 12:00:00,62399.01714732585,62526.194454923025,62304.56499059064,62523.48384366914,12792.20380631094
2024-06-21 14:00:00,62523.48384366914,62586.22476581895,61745.892764995435,61745.892764995435,16291.659566933378
2024-06-21 16:00:00,61745.892764995435,61787.105345440985,61696.38921753903,61696.38921753903,16646.83405051205
2024-06-21 18:00:00,61696.38921753903,61877.37387404532,61696.38921753903,61846.60776057781,21041.807782256925
2024-06-21 20:00:00,61846.60776057781,61858.31534206661,61813.06430294546,61813.06430294546,20489.17641110767
2024-06-21 22:00:00,61813.06430294546,62067.83442988459,61813.06430294546,62031.016704337984,11181.350727376408
2024-06-22 00:00:00,61891.29647900097,69754.03110400106,61379.82108692815,69754.03110400106,8588.882851553428
2024-06-22 02:00:00,69754.03110400106,69754.03110400106,68496.75805188637,68618.23579037485,4576.88245299651
2024-06-22 04:00:00,68618.23579037485,74213.36364682298,67515.3856291761,74213.36364682298,4165.053567585927
2024-06-22 06:00:00,74213.36364682298,80976.03039356979,74110.62637031914,80976.03039356979,7075.786045338877
2024-06-22 08:00:00,80976.03039356979,92411.02109560958,79236.06052113313,92411.02109560958,8241.50578791388
2024-06-22 10:00:00,92411.02109560958,95834.89970900436,91181.12130809225,95834.89970900436,6302.692975049299
2024-06-22 12:00:00,95834.89970900436,110360.88662122718,89157.73034900759,110360.88662122718,5968.91116779876
2024-06-22 14:00:00,110360.88662122718,110360.88662122718,99555.97440209858,101411.88347100565,9111.965555958284
2024-06-22 16:00:00,101411.88347100565,101411.88347100565,63579.641612724576,71013.21178091188,8406.424175705675
2024-06-22 18:00:00,71013.21178091188,71013.21178091188,58440.55976434965,58440.55976434965,4486.5791554932175
2024-06-22 20:00:00,58440.55976434965,61654.0601405943,49610.07796379705,49610.07796379705,7646.785042932376
2024-06-22 22:00:00,49610.07796379705,57655.20357702177,49610.07796379705,55834.5086538061,6398.810723161176
2024-06-23 00:00:00,63944.506285449235,64164.23410142125,63913.854690216256,64164.23410142125,4182.1808248889
2024-06-23 02:00:00,64164.23410142125,64164.23410142125,63795.75127921928,63922.071286143306,2852.8518986286335
2024-06-23 04:00:00,63922.071286143306,64002.7211407568,63445.20065487954,63536.611184469904,4365.505535944946
2024-06-23 06:00:00,63536.611184469904,63845.12919489963,63502.040020994915,63812.511980485186,2201.9784795984224
2024-06-23 08:00:00,63812.511980485186,63883.23138293459,63801.8978905183,63839.64244283421,4575.999496610558
2024-06-23 10:00:00,63839.64244283421,63917.14149051258,63788.95515362169,63881.72012394756,4974.59243773053
2024-06-23 12:00:00,63881.72012394756,63992.56822557384,63821.507597352334,63917.22181110366,5585.661340406662
2024-06-23 14:00:00,63917.22181110366,64002.7211407568,63679.19541579751,63747.45982599944,3481.348530962069
2024-06-23 16:00:00,63747.45982599944,63863.46726529307,63365.83202298649,63415.92638629901,4389.786693265626
2024-06-23 18:00:00,63415.92638629901,63449.51465753699,63183.73690713162,63315.33892944179,5112.095649868663
2024-06-23 20:00:00,63315.33892944179,63405.787712442005,63066.265885130604,63114.36138719421,3864.3846686585066
2024-06-23 22:00:00,63114.36138719421,63162.88129999578,62773.76675184499,62829.73241467746,1961.8064395654742
2024-06-24 00:00:00,62640.73835172675,62654.96373177349,61417.68620716901,61695.74968323144,5812.452248985221
2024-06-24 02:00:00,61695.74968323144,62801.521924062436,61673.56941818018,62517.56134336647,3234.7367601074748
2024-06-24 04:00:00,62517.56134336647,62577.67362643077,62138.06102016926,62227.0471707685,6271.664364368825
2024-06-24 06:00:00,62227.0471707685,62567.77348932047,62120.81147454169,62471.654825618374,5110.483535333643
2024-06-24 08:00:00,62471.654825618374,62519.94085042885,61960.26795770472,62038.832187387205,4292.007302782422
2024-06-24 10:00:00,62038.832187387205,62158.7175841069,61538.31059056208,61635.85325448901,5174.0805720395765
2024-06-24 12:00:00,61635.85325448901,61709.91546576765,61281.632090414394,61281.632090414394,6686.1267657783155
2024-06-24 14:00:00,61281.632090414394,61318.67464845383,61177.716961057115,61177.716961057115,2934.960376339665
2024-06-24 16:00:00,61177.716961057115,61428.92869557262,61177.716961057115,61410.82399052989,5166.807429091054
2024-06-24 18:00:00,61410.82399052989,61463.26684931656,61410.82399052989,61426.407756449225,4052.263206302285
2024-06-24 20:00:00,61426.407756449225,61548.44195005059,60717.20739957104,60717.20739957104,2655.2924106830214
2024-06-24 22:00:00,60717.20739957104,61661.10898844485,60717.20739957104,61586.55171113498,6623.946849433885
2024-06-25 00:00:00,61603.91758993538,61652.88091690449,61440.748378132295,61498.92172238579,5874.209453053876
2024-06-25 02:00:00,61498.92172238579,61595.518370097525,61303.62917250637,61334.19303630435,3295.2532215909723
2024-06-25 04:00:00,61334.19303630435,61421.49727293822,61127.26950317793,61146.80614393065,5868.822809154558
2024-06-25 06:00:00,61146.80614393065,61155.825929662584,61032.18931630407,61061.974610568446,6600.127968778739
2024-06-25 08:00:00,61061.974610568446,61104.49627367466,60917.70315902691,60931.623626176464,6438.7248602701675
2024-06-25 10:00:00,60931.623626176464,60960.52789175933,60900.831210273784,60902.98344724086,3577.218561423266
2024-06-25 12:00:00,60902.98344724086,60911.070882739725,60788.20589918014,60808.88495699477,3069.5333007313347
2024-06-25 14:00:00,60808.88495699477,60876.03326696563,60750.40261226965,60750.40261226965,5880.463604172486
2024-06-25 16:00:00,60750.40261226965,60841.26040178268,60626.11336854286,60626.11336854286,5280.424607764558
2024-06-25 18:00:00,60626.11336854286,60952.49729369159,60626.11336854286,60796.20969749271,5661.2827408457715
2024-06-25 20:00:00,60796.20969749271,60824.959789426575,60660.57928531959,60660.57928531959,5827.881201180272
2024-06-25 22:00:00,60660.57928531959,60847.980037161244,60660.57928531959,60810.467314945876,3538.1567394335657
2024-06-26 00:00:00,60585.12973692393,61429.17900797689,44643.77686036529,44643.77686036529,1595.906396212167
2024-06-26 02:00:00,44643.77686036529,48708.03292860577,44643.77686036529,48684.84399613207,2554.230333777234
2024-06-26 04:00:00,48684.84399613207,49975.21521369383,36440.62161990813,36440.62161990813,1646.8944907414113
2024-06-26 06:00:00,36440.62161990813,36777.39763958711,34037.50318534042,34037.50318534042,3683.296078270228
2024-06-26 08:00:00,34037.50318534042,44582.89055138464,34037.50318534042,41624.25370225869,1757.625111592624
2024-06-26 10:00:00,41624.25370225869,41729.707949310716,41283.42726679715,41283.42726679715,3585.541354394354
2024-06-26 12:00:00,41283.42726679715,44465.86764222775,41283.42726679715,43736.223748703545,3607.089375062785
2024-06-26 14:00:00,43736.223748703545,46893.18630097933,43736.223748703545,46163.07294473313,2547.610452286288
2024-06-26 16:00:00,46163.07294473313,46784.92129661173,44590.908663333095,44590.908663333095,1941.449225735025
2024-06-26 18:00:00,44590.908663333095,61429.17900797689,44590.908663333095,60975.44810624015,2019.2129749948751
2024-06-26 20:00:00,60975.44810624015,61069.15146433891,60727.61837645616,60776.38225643909,4506.680256397497
2024-06-26 22:00:00,60776.38225643909,60784.22578356474,50768.01595169137,50768.01595169137,1921.4199091077735
2024-06-27 00:00:00,60870.55826326171,60895.38953437138,60787.38329769532,60883.0703000601,4260.741002983942
2024-06-27 02:00:00,60883.0703000601,60903.34845294761,60840.01200433436,60863.26666415518,2997.5973597465236
2024-06-27 04:00:00,60863.26666415518,60880.838861191674,60809.002865571536,60827.32235503494,4203.024994524846
2024-06-27 06:00:00,60827.32235503494,60891.410416214574,60784.92897545743,60866.473435801716,2143.949770543848
2024-06-27 08:00:00,60866.473435801716,60894.25386220252,60726.584595275126,60784.30337597485,1630.8384219044954
2024-06-27 10:00:00,60784.30337597485,60836.40454643775,60549.25895575994,60588.98107700461,1874.122995628461
2024-06-27 12:00:00,60588.98107700461,60663.981677243646,60533.764855093665,60533.764855093665,3661.2805382357615
2024-06-27 14:00:00,60533.764855093665,60568.786186379024,60533.764855093665,60560.86687239507,3374.3407711024647
2024-06-27 16:00:00,60560.86687239507,60685.576549318175,60549.25895575994,60637.66388607579,4155.837869867699
2024-06-27 18:00:00,60637.66388607579,60769.80597617659,60549.25895575994,60682.376390007295,3318.935355604065
2024-06-27 20:00:00,60682.376390007295,60775.040834761196,60678.89733017655,60734.6554844136,4111.486402034859
2024-06-27 22:00:00,60734.6554844136,60815.22492191977,60695.43008532723,60814.829119490896,3584.7943551729327
2024-06-28 00:00:00,61081.960598165366,61542.295112127176,61053.98524394393,61542.295112127176,10704.178824658804
2024-06-28 02:00:00,61542.295112127176,62313.60515300728,61192.723841440675,62313.60515300728,6808.660281096462
2024-06-28 04:00:00,62313.60515300728,63913.501348189915,61515.68904196432,63913.501348189915,8721.371727739519
2024-06-28 06:00:00,63913.501348189915,64186.09617327919,63790.261379177566,64186.09617327919,11575.877009792302
2024-06-28 08:00:00,64186.09617327919,64186.09617327919,64134.54428800056,64161.05765678932,6902.529364632614
2024-06-28 10:00:00,64161.05765678932,64161.05765678932,63309.0164176644,63479.35785472354,9352.7346079861
2024-06-28 12:00:00,63479.35785472354,63479.35785472354,60936.62507834309,61238.40632771787,9990.639572027301
2024-06-28 14:00:00,61238.40632771787,62052.81403459375,60784.14680165528,62052.81403459375,6419.817437316859
2024-06-28 16:00:00,62052.81403459375,62052.81403459375,60217.0543549732,60549.11830179843,4642.503595759879
2024-06-28 18:00:00,60549.11830179843,60821.43849156277,58777.09826186755,58777.09826186755,6238.336446596949
2024-06-28 20:00:00,58777.09826186755,59088.66044455085,58578.34238200674,58578.34238200674,11303.16051292336
2024-06-28 22:00:00,58578.34238200674,60336.85049134059,58578.34238200674,59850.279997238846,11546.11793375702
2024-06-29 00:00:00,60052.35876291202,60312.504879630054,60042.759745312134,60224.483105510444,5597.505555859302
2024-06-29 02:00:00,60224.483105510444,60312.504879630054,60214.30636077982,60301.266243228005,6596.217676850456
2024-06-29 04:00:00,60301.266243228005,60312.504879630054,60268.14617465757,60275.4386204552,5604.666513770939
2024-06-29 06:00:00,60275.4386204552,60383.20829380765,60207.00552672588,60383.20829380765,3514.2415758677926
2024-06-29 08:00:00,60383.20829380765,60434.03970258192,60366.53903752332,60434.03970258192,3123.7091968084023
2024-06-29 10:00:00,60434.03970258192,60434.03970258192,60330.36595252724,60367.75991142669,4059.25284396205
2024-06-29 12:00:00,60367.75991142669,60367.75991142669,60264.56154134886,60291.445812285405,3612.847534214703
2024-06-29 14:00:00,60291.445812285405,60312.504879630054,60286.82025472154,60299.00567198862,5626.136317863519
2024-06-29 16:00:00,60299.00567198862,60316.89291445109,60238.9699562403,60316.89291445109,7721.520403526741
2024-06-29 18:00:00,60316.89291445109,60417.47437346209,60224.42475038001,60417.47437346209,5984.58780995046
2024-06-29 20:00:00,60417.47437346209,60417.47437346209,60373.831540256695,60414.434197994255,7752.849355491819
2024-06-29 22:00:00,60414.434197994255,60414.434197994255,60253.221491733755,60305.924888775146,5193.085293462577
2024-06-30 00:00:00,60334.6830405074,60377.66294444416,60230.833406316146,60309.230505943,5261.964789148092
2024-06-30 02:00:00,60309.230505943,60356.61579008422,60248.45959653773,60305.43845995118,4543.091818535707
2024-06-30 04:00:00,60305.43845995118,60312.71387063092,60221.11587956257,60266.64386715808,5153.270209271898
2024-06-30 06:00:00,60266.64386715808,60295.080455712035,60139.92411152946,60177.64944123118,3066.7978516799217
2024-06-30 08:00:00,60177.64944123118,60207.1199779638,60162.18000464112,60184.544037903295,2732.0297204539293
2024-06-30 10:00:00,60184.544037903295,60276.31837795736,60095.11764897201,60095.11764897201,3933.0397540509634
2024-06-30 12:00:00,60095.11764897201,60184.48791550167,60095.11764897201,60135.16824377993,2573.1917370946403
2024-06-30 14:00:00,60135.16824377993,60157.45965655325,60102.626691825935,60102.626691825935,4898.523192676313
2024-06-30 16:00:00,60102.626691825935,60162.17475283575,60102.626691825935,60133.46228644181,2295.133263319805
2024-06-30 18:00:00,60133.46228644181,60139.93449623575,60108.150494795205,60108.150494795205,2820.1764474517768
2024-06-30 20:00:00,60108.150494795205,60192.7860492609,60108.150494795205,60164.54921547911,2784.5794738981795
2024-06-30 22:00:00,60164.54921547911,60229.88490389026,60115.39599471685,60193.23425769938,3221.662631440596
2024-07-01 00:00:00,60374.18304361613,60593.18955241647,60056.9821365462,60132.70285582859,3556.4513793763285
2024-07-01 02:00:00,60132.70285582859,60443.44112074317,59989.531980462736,60383.88266703657,1797.4777145111386
2024-07-01 04:00:00,60383.88266703657,60570.62676426532,60054.794899578,60094.43816537031,2396.699917073542
2024-07-01 06:00:00,60094.43816537031,60177.797731695326,60086.1080726248,60161.171027742486,2894.736813659023
2024-07-01 08:00:00,60161.171027742486,60186.37144951603,59642.81055671326,59835.70315640782,2565.4762119571556
2024-07-01 10:00:00,59835.70315640782,59971.914844340194,59770.06309279731,59883.42662070741,3127.011179505675
2024-07-01 12:00:00,59883.42662070741,59898.44792209894,59389.12122097348,59389.12122097348,2596.0055141512253
2024-07-01 14:00:00,59389.12122097348,59939.56444559043,59389.12122097348,59790.549811786426,1630.4117894221567
2024-07-01 16:00:00,59790.549811786426,59910.359821393016,59779.47858254942,59868.838612673215,2290.274879856433
2024-07-01 18:00:00,59868.838612673215,59923.42058932934,59861.79157581374,59907.506756545255,1388.3841532866707
2024-07-01 20:00:00,59907.506756545255,60448.641731756674,59815.29140058074,60268.157582860054,2865.903862212521
2024-07-01 22:00:00,60268.157582860054,60450.0172048153,59902.00311097094,59993.578201516895,3299.9474400294225
2024-07-02 00:00:00,60167.797080942364,60408.660369164136,60036.29295406134,60356.43539871996,10843.464623302636
2024-07-02 02:00:00,60356.43539871996,60585.245137520156,60180.40633443035,60317.8505261181,9838.192626989732
2024-07-02 04:00:00,60317.8505261181,60360.40545600918,60254.14998509212,60281.853370340374,8225.825767819313
2024-07-02 06:00:00,60281.853370340374,60568.677625432814,60183.906966957824,60557.55709621336,4300.603900332062
2024-07-02 08:00:00,60557.55709621336,60569.28928498419,60536.844438023916,60559.60510879386,4210.701661163469
2024-07-02 10:00:00,60559.60510879386,60855.05469298937,60492.29096036469,60855.05469298937,5716.273827953799
2024-07-02 12:00:00,60855.05469298937,61016.22779510358,60740.52389221746,61016.22779510358,8388.176465732564
2024-07-02 14:00:00,61016.22779510358,61016.22779510358,60476.73612116821,60517.37243790787,10341.68372207472
2024-07-02 16:00:00,60517.37243790787,60579.97818267972,59594.820816570296,59686.516461288,8968.774835558916
2024-07-02 18:00:00,59686.516461288,59732.10798715382,59550.0930281601,59576.545052801615,6350.195763939273
2024-07-02 20:00:00,59576.545052801615,60134.56326035009,59548.37241097555,60054.75390655406,8609.346709380203
2024-07-02 22:00:00,60054.75390655406,60057.353455305376,59697.630869535635,59756.99735205708,10382.29922873141
2024-07-03 00:00:00,59770.02885925509,59803.201831917955,59719.823654771804,59748.349400657025,2169.2624583590355
2024-07-03 02:00:00,59748.349400657025,59949.0686165297,59742.10211044984,59874.96832584773,4088.9842653987084
2024-07-03 04:00:00,59874.96832584773,59979.632957379516,59865.33966620544,59943.70128002948,3520.5724460773968
2024-07-03 06:00:00,59943.70128002948,60068.14357529734,59681.278868342924,59859.39055250764,4960.678765855607
2024-07-03 08:00:00,59859.39055250764,60090.97325371191,59747.91514674762,59949.2320224074,2332.7803004682282
2024-07-03 10:00:00,59949.2320224074,59966.25718138327,59842.27110043796,59900.06213861533,3061.9665955797614
2024-07-03 12:00:00,59900.06213861533,59959.6990965883,59802.06167606042,59840.20707696025,1792.7247488268283
2024-07-03 14:00:00,59840.20707696025,59965.31793846456,59723.215061712486,59848.52727720117,4353.853955107952
2024-07-03 16:00:00,59848.52727720117,60110.886383874444,59744.8789649481,60033.288032119395,4361.818394102612
2024-07-03 18:00:00,60033.288032119395,60134.6937180765,59872.7502362481,59979.90025783523,2994.3009330814352
2024-07-03 20:00:00,59979.90025783523,60063.963112296806,59934.90949689995,60001.31984510139,2027.6371041920186
2024-07-03 22:00:00,60001.31984510139,60111.410685876275,59925.57572455229,60087.70541405758,3294.717422558
2024-07-04 00:00:00,59921.59698980169,60353.71664660975,58652.41918199413,59028.02041557448,5122.4204100840025
2024-07-04 02:00:00,59028.02041557448,59707.31694518378,59008.6586854996,59485.97119189741,4706.876961177748
2024-07-04 04:00:00,59485.97119189741,60417.80117812508,58852.71853398034,60417.80117812508,6442.768218065514
2024-07-04 06:00:00,60417.80117812508,61292.00433130376,60092.250970665984,61292.00433130376,4599.636756055041
2024-07-04 08:00:00,61292.00433130376,61944.11944767619,61254.59898447135,61944.11944767619,3706.6096270707444
2024-07-04 10:00:00,61944.11944767619,61944.11944767619,60966.94543883244,61300.99324414498,8659.403710121576
2024-07-04 12:00:00,61300.99324414498,61300.99324414498,58572.6155707973,58862.13696777245,3775.955291355617
2024-07-04 14:00:00,58862.13696777245,59364.114306257994,57777.28645293132,57777.28645293132,3805.9998156558986
2024-07-04 16:00:00,57777.28645293132,58362.1775230711,57777.28645293132,58223.165430903675,3755.899397111124
2024-07-04 18:00:00,58223.165430903675,58544.69823902348,57721.298330126636,57721.298330126636,5921.361841377377
2024-07-04 20:00:00,57721.298330126636,58945.47338538876,57721.298330126636,58530.01617093675,5910.428438943053
2024-07-04 22:00:00,58530.01617093675,58818.47941845213,58530.01617093675,58718.55250919746,8137.3182571307025
2024-07-05 00:00:00,58916.20612047294,58920.75546816045,58916.1655197554,58919.26800379294,2276.4418812850445
2024-07-05 02:00:00,58919.26800379294,58965.9313048696,58823.417617201274,58878.35735729853,3440.0001511457517
2024-07-05 04:00:00,58878.35735729853,58886.64217027669,58868.89966739231,58881.49379691219,2334.6564150026784
2024-07-05 06:00:00,58881.49379691219,58985.7624757294,58858.86817513726,58905.20063362549,2489.4334735282905
2024-07-05 08:00:00,58905.20063362549,58982.00344654606,58819.92987072092,58884.214938308185,2478.959723659934
2024-07-05 10:00:00,58884.214938308185,58904.40601109708,58817.1529312379,58883.20966823024,3086.116088556862
2024-07-05 12:00:00,58883.20966823024,58910.42672335111,58851.018273273454,58855.78552194274,3407.555461788673
2024-07-05 14:00:00,58855.78552194274,58859.786483300995,58779.33999027239,58829.22676114947,1503.7471631519447
2024-07-05 16:00:00,58829.22676114947,58864.625366408574,58805.94087374114,58821.25818456082,3026.462390418096
2024-07-05 18:00:00,58821.25818456082,58854.759137263296,58779.33999027239,58831.48449856094,1578.9348362085034
2024-07-05 20:00:00,58831.48449856094,58891.86798699227,58779.33999027239,58813.4523591859,1988.0885558424445
2024-07-05 22:00:00,58813.4523591859,58878.897427173324,58801.993711572926,58830.68886775574,2813.0590415504953
2024-07-06 00:00:00,58845.42721000804,59115.42583589194,58798.42052810039,59115.42583589194,7954.846992902226
2024-07-06 02:00:00,59115.42583589194,59191.31617214595,58916.7341239873,59191.31617214595,4055.1898286948776
2024-07-06 04:00:00,59191.31617214595,59191.31617214595,58573.19940136188,58906.466972847425,8795.997788098288
2024-07-06 06:00:00,58906.466972847425,58925.75357506705,58677.37586151614,58721.86506526911,6192.9141617734185
2024-07-06 08:00:00,58721.86506526911,58795.25682403587,58622.359223634674,58756.7374369277,8230.51798041467
2024-07-06 10:00:00,58756.7374369277,58901.50225951109,58726.74327177234,58811.42208545878,5355.232725684256
2024-07-06 12:00:00,58811.42208545878,58836.4345778742,58619.90088800694,58660.390879723425,7434.996178346951
2024-07-06 14:00:00,58660.390879723425,58739.13858641778,58563.64597389405,58710.665108834175,8656.402562573716
2024-07-06 16:00:00,58710.665108834175,58843.41277090867,58571.34061277638,58743.100946399194,4926.648426431981
2024-07-06 18:00:00,58743.100946399194,58765.702313519905,58597.69441095156,58649.02382088908,5919.898002847001
2024-07-06 20:00:00,58649.02382088908,58667.372995269274,58596.2542379617,58648.72394763902,8518.970373088236
2024-07-06 22:00:00,58648.72394763902,58714.78507637923,58504.40358385869,58517.1294766105,8349.000361035278
2024-07-07 00:00:00,58756.95205451428,58863.81245259236,58678.89583309661,58684.868928099975,2031.656658597765
2024-07-07 02:00:00,58684.868928099975,58762.424765616066,58556.68555146092,58639.19690255478,1273.2491320517586
2024-07-07 04:00:00,58639.19690255478,58692.41964161257,58538.61195173042,58666.984377774854,2035.7132222401242
2024-07-07 06:00:00,58666.984377774854,58780.791882325626,58541.30269586819,58658.54990483932,2500.7861487302966
2024-07-07 08:00:00,58658.54990483932,58720.74851750278,58646.398779403855,58685.647984188225,2087.2721983546853
2024-07-07 10:00:00,58685.647984188225,58743.99790745098,58667.19716565018,58742.14795644476,1341.1117785475221
2024-07-07 12:00:00,58742.14795644476,58779.044984879634,58691.95861295784,58721.82167994494,1893.9275994066466
2024-07-07 14:00:00,58721.82167994494,58794.11063835744,58606.32630345281,58624.19836719011,3421.5686777473593
2024-07-07 16:00:00,58624.19836719011,58639.779156628574,58616.3362505586,58626.615238753795,2958.8763636348194
2024-07-07 18:00:00,58626.615238753795,58721.47298954962,58533.66378085812,58595.807917624436,1807.0056758839555
2024-07-07 20:00:00,58595.807917624436,58634.164427561394,58508.29329364161,58540.27755323141,1763.765113659032
2024-07-07 22:00:00,58540.27755323141,58553.08070636736,58497.29003394146,58505.3858712781,3407.696572780206
2024-07-08 00:00:00,58313.15745950785,58434.19200021812,58256.43303788823,58365.36683746994,2668.3859691210887
2024-07-08 02:00:00,58365.36683746994,58879.009202466936,58243.720624064175,58879.009202466936,2917.032070820316
2024-07-08 04:00:00,58879.009202466936,58879.009202466936,58703.96796452577,58788.87563482135,1356.515028777086
2024-07-08 06:00:00,58788.87563482135,59526.51143447979,58546.452636297174,59526.51143447979,1349.3327050060154
2024-07-08 08:00:00,59526.51143447979,59526.51143447979,59059.90687546665,59134.68879199804,1451.800916056161
2024-07-08 10:00:00,59134.68879199804,59149.470912890654,59129.17155166835,59149.470912890654,2149.4867465099906
2024-07-08 12:00:00,59149.470912890654,59149.470912890654,59005.03175379015,59067.561607027434,2413.7073462731223
2024-07-08 14:00:00,59067.561607027434,59067.561607027434,58275.54469198677,58549.69744737234,1273.1663994710816
2024-07-08 16:00:00,58549.69744737234,58834.74008993616,58387.022935014196,58834.74008993616,1235.4522902858214
2024-07-08 18:00:00,58834.74008993616,58834.74008993616,58160.986803025255,58220.384155241416,1918.896128271134
2024-07-08 20:00:00,58220.384155241416,58223.53940858497,58166.39546970226,58202.76578284263,2782.741951878235
2024-07-08 22:00:00,58202.76578284263,58655.5121883363,58160.986803025255,58496.39478088069,2147.9843203173236
2024-07-09 00:00:00,58497.21459825738,58705.08033637938,58330.564764091105,58381.11440655886,3084.4046630498865
2024-07-09 02:00:00,58381.11440655886,58489.59499772949,58296.46161795873,58418.70092172458,5641.931082529078
2024-07-09 04:00:00,58418.70092172458,58584.68430966116,57457.60438512448,57457.60438512448,5871.529402536895
2024-07-09 06:00:00,57457.60438512448,57896.37925522952,57457.60438512448,57748.00357926373,7839.3378975662135
2024-07-09 08:00:00,57748.00357926373,58816.483257255255,57748.00357926373,58541.21134285013,3788.866879334846
2024-07-09 10:00:00,58541.21134285013,58816.483257255255,58483.17413154161,58780.43220015023,4014.7801001270163
2024-07-09 12:00:00,58780.43220015023,58830.69471451881,58727.684668519636,58830.69471451881,7342.287697262769
2024-07-09 14:00:00,58830.69471451881,59368.98053468518,58613.27679766251,59368.98053468518,6713.498411567809
2024-07-09 16:00:00,59368.98053468518,59493.98587225233,59282.94717281308,59493.98587225233,7651.576561503862
2024-07-09 18:00:00,59493.98587225233,59493.98587225233,59212.78918182729,59264.067592551815,4184.511735691189
2024-07-09 20:00:00,59264.067592551815,59327.43429416033,59241.11842910443,59327.43429416033,6704.292052845768
2024-07-09 22:00:00,59327.43429416033,59327.43429416033,58389.44407565724,58608.72943693588,5582.232386484182
2024-07-10 00:00:00,58638.615193375605,58773.47264803379,58552.93395742393,58557.34435033838,3260.0757228029315
2024-07-10 02:00:00,58557.34435033838,58890.268403747636,58550.171101581014,58775.6245600824,4858.94564375248
2024-07-10 04:00:00,58775.6245600824,59283.77554886627,58709.668390706946,59039.86665854622,3027.168491201074
2024-07-10 06:00:00,59039.86665854622,59284.64825663746,59023.88733021051,59202.390403031655,2317.450365257337
2024-07-10 08:00:00,59202.390403031655,59218.777527099766,59151.25266151347,59182.90759209848,2193.000842289584
2024-07-10 10:00:00,59182.90759209848,59364.063580623224,59092.79150436907,59364.063580623224,4574.023035008312
2024-07-10 12:00:00,59364.063580623224,59364.063580623224,59226.072744432175,59235.56767903962,3677.507229231926
2024-07-10 14:00:00,59235.56767903962,59279.296869783444,59140.28568212809,59268.08416448122,1808.693605726234
2024-07-10 16:00:00,59268.08416448122,59349.75613801687,59241.33724515036,59349.75613801687,2505.28567142868
2024-07-10 18:00:00,59349.75613801687,59355.1472365188,59348.91992640055,59355.1472365188,3082.3935451745665
2024-07-10 20:00:00,59355.1472365188,59355.1472365188,59267.21826446611,59280.56112571949,3184.053878157766
2024-07-10 22:00:00,59280.56112571949,59306.44466172709,59231.850452192404,59283.218437292984,1853.7260446442265
2024-07-11 00:00:00,59059.14077876308,59202.74151076025,59047.74172629382,59162.48022812851,2866.444184706008
2024-07-11 02:00:00,59162.48022812851,59230.73744735741,58921.05516041269,59023.7678137355,2740.6477342941116
2024-07-11 04:00:00,59023.7678137355,59168.25317584947,58930.4721919131,59094.893196175704,1288.2993791966094
2024-07-11 06:00:00,59094.893196175704,59095.650144337684,59093.00509318693,59094.70550855027,3305.278326995262
2024-07-11 08:00:00,59094.70550855027,59138.187774288854,59080.54229499986,59087.54292644853,1372.3944436739232
2024-07-11 10:00:00,59087.54292644853,59171.47594885106,59029.953591140256,59068.602344718674,1335.1705947177873
2024-07-11 12:00:00,59068.602344718674,59279.70724801993,59052.60784927519,59152.6438466773,2593.5571029714733
2024-07-11 14:00:00,59152.6438466773,59226.07208319631,59148.1155773169,59213.365258049314,1227.7371845977925
2024-07-11 16:00:00,59213.365258049314,59296.560933227156,59204.545029328576,59259.91638466293,1203.2868996494476
2024-07-11 18:00:00,59259.91638466293,59330.455031862126,59147.75110683594,59215.52114128565,2307.460470110247
2024-07-11 20:00:00,59215.52114128565,59361.322897530816,59133.73977822422,59297.11114469369,2948.331487997752
2024-07-11 22:00:00,59297.11114469369,59398.98090180372,59251.465511359675,59375.88266945701,2018.3414213210156
2024-07-12 00:00:00,59552.93025357155,59637.940625137824,59463.58216003925,59487.917613619196,9093.391590895895
2024-07-12 02:00:00,59487.917613619196,59548.27115170791,59450.08320414326,59514.09268035697,7157.054363907643
2024-07-12 04:00:00,59514.09268035697,59716.82711187432,59461.76587119607,59595.43397336226,6092.4527286161265
2024-07-12 06:00:00,59595.43397336226,59778.214593587654,59548.530540904496,59725.112993912124,7196.402539779323
2024-07-12 08:00:00,59725.112993912124,59781.766883775956,59497.47053016866,59584.41915181371,9491.371559664289
2024-07-12 10:00:00,59584.41915181371,59786.628122510694,59554.15319809372,59711.13989160625,4961.206051730127
2024-07-12 12:00:00,59711.13989160625,59748.837593622324,59676.85031555268,59719.53454834585,7988.326532932767
2024-07-12 14:00:00,59719.53454834585,59766.199723367616,59647.09954790973,59726.23246595,4170.911266242833
2024-07-12 16:00:00,59726.23246595,59815.74635716278,59682.37392861262,59802.161181523035,9198.870414706265
2024-07-12 18:00:00,59802.161181523035,59833.477464157186,59768.993821806594,59787.677687256386,3579.971985734302
2024-07-12 20:00:00,59787.677687256386,59806.405400947464,59660.978852646374,59760.25392865796,9488.72927642856
2024-07-12 22:00:00,59760.25392865796,59839.94888831144,59681.46901810852,59720.931019952404,8855.062525273248
2024-07-13 00:00:00,59527.14235939697,59689.64318401827,59308.47220788094,59308.47220788094,4063.7836385079004
2024-07-13 02:00:00,59308.47220788094,59315.018305218,59234.30426706635,59234.30426706635,5549.175871245434
2024-07-13 04:00:00,59234.30426706635,59742.48815488338,59234.30426706635,59709.9482416746,3268.4037927375034
2024-07-13 06:00:00,59709.9482416746,60101.5595427296,59638.535084459996,59991.920848785565,3652.176242435374
2024-07-13 08:00:00,59991.920848785565,60215.24691958031,59843.79170066689,60215.24691958031,5698.238821791185
2024-07-13 10:00:00,60215.24691958031,60215.24691958031,60175.718749103246,60180.734902178585,4268.351209265624
2024-07-13 12:00:00,60180.734902178585,60251.02480751816,60169.39682926605,60251.02480751816,5406.639990404449
2024-07-13 14:00:00,60251.02480751816,60251.02480751816,60086.88829080443,60238.07615077983,4977.363884965978
2024-07-13 16:00:00,60238.07615077983,60238.07615077983,60135.45713314099,60159.89832227202,3096.822737679305
2024-07-13 18:00:00,60159.89832227202,60271.6965776515,60099.11309146981,60271.6965776515,2207.556605365384
2024-07-13 20:00:00,60271.6965776515,60271.6965776515,59890.210965670725,59968.48876831358,3964.961430927905
2024-07-13 22:00:00,59968.48876831358,60034.139842134784,59943.55774637161,60025.32978323364,3936.394054370214
2024-07-14 00:00:00,60003.86281437904,60050.853478666046,59975.322731606924,60031.25674859767,1548.3623711918826
2024-07-14 02:00:00,60031.25674859767,60116.75464919396,59996.392333713615,60036.41648546515,3469.081185383127
2024-07-14 04:00:00,60036.41648546515,60063.4294501585,59995.446090187426,60055.23128553784,2219.880483533957
2024-07-14 06:00:00,60055.23128553784,60102.93289692651,60021.2831819146,60083.30022432878,2851.8961812445636
2024-07-14 08:00:00,60083.30022432878,60276.65900113218,60072.69948015446,60114.05503537322,2265.486820225934
2024-07-14 10:00:00,60114.05503537322,60115.03097478516,60064.14794187172,60100.77014742185,3492.4091178770786
2024-07-14 12:00:00,60100.77014742185,60135.56317213229,60078.89327449173,60112.50985234722,3419.4818580369315
2024-07-14 14:00:00,60112.50985234722,60125.61393028854,60072.36905971235,60076.63756476419,3680.1942934466647
2024-07-14 16:00:00,60076.63756476419,60186.42558693438,60026.77828841885,60092.458254035504,2236.293686285379
2024-07-14 18:00:00,60092.458254035504,60306.38057440016,59970.51628972409,60151.00023529891,3310.8189734969205
2024-07-14 20:00:00,60151.00023529891,60274.90176933752,60109.04646201997,60240.24661509263,2905.5608510118564
2024-07-14 22:00:00,60240.24661509263,60356.43068562778,60227.35465224199,60296.69932782451,1497.9028927454706
2024-07-15 00:00:00,60191.61269023933,60234.69840810558,60187.03729469566,60217.47126942596,2198.3688159473795
2024-07-15 02:00:00,60217.47126942596,60223.348298574136,60205.17353395713,60214.53665298762,3606.2675170737994
2024-07-15 04:00:00,60214.53665298762,60260.55370369956,60176.928468692815,60223.015788568446,2052.457606520749
2024-07-15 06:00:00,60223.015788568446,60252.1437421093,60178.158706664995,60233.43197768921,4550.047233451814
2024-07-15 08:00:00,60233.43197768921,60234.62316387023,60201.84499072402,60232.819621945106,1944.9683740646012
2024-07-15 10:00:00,60232.819621945106,60271.199710447225,60216.78726778463,60250.49845429449,3662.471648348209
2024-07-15 12:00:00,60250.49845429449,60253.558635895846,60249.1563320937,60252.341757212154,4879.941820648785
2024-07-15 14:00:00,60252.341757212154,60273.32171855528,60206.17319699383,60233.92491571275,5398.781861704674
2024-07-15 16:00:00,60233.92491571275,60251.83740354356,60229.43818395461,60245.86818028937,4838.261074716875
2024-07-15 18:00:00,60245.86818028937,60262.94464502109,60193.36551685555,60262.74734284254,3769.6147269528815
2024-07-15 20:00:00,60262.74734284254,60358.99948921779,60239.723484186885,60282.36894906475,4021.610521851497
2024-07-15 22:00:00,60282.36894906475,60358.99948921779,60213.96265542841,60335.25832823631,3211.9239215935495
2024-07-16 00:00:00,60262.366819116774,60290.9863303344,60247.62719630894,60275.942059869936,3686.923816008656
2024-07-16 02:00:00,60275.942059869936,60299.26740604487,60258.74607037886,60273.93679054327,4887.1155335719795
2024-07-16 04:00:00,60273.93679054327,60321.83472701072,60190.1432781659,60280.17344075781,2145.174346297237
2024-07-16 06:00:00,60280.17344075781,60308.88779568285,60260.61957051732,60293.66949859629,2399.9461494603415
2024-07-16 08:00:00,60293.66949859629,60302.86893959397,60281.39300948162,60286.002604326415,4003.7654623372164
2024-07-16 10:00:00,60286.002604326415,60308.55473216979,60280.01427259498,60286.034817648884,2315.6206673625534
2024-07-16 12:00:00,60286.034817648884,60321.83472701072,60263.23849672593,60273.44712592583,1840.3051346842205
2024-07-16 14:00:00,60273.44712592583,60310.15885411522,60254.2274480825,60277.129150255525,1673.7771746123258
2024-07-16 16:00:00,60277.129150255525,60321.83472701072,60171.518764782115,60245.908392373145,2452.6730000345224
2024-07-16 18:00:00,60245.908392373145,60313.98932228866,60153.674613600844,60238.58239232767,4245.451429115753
2024-07-16 20:00:00,60238.58239232767,60270.781546805476,60170.938511592336,60233.62616001298,3916.845711440411
2024-07-16 22:00:00,60233.62616001298,60247.59550108436,60166.954660463096,60217.41185144134,1828.6333562194054
2024-07-17 00:00:00,60477.14891925348,60484.44505568134,60452.567133383614,60475.64292412509,3913.3046565159684
2024-07-17 02:00:00,60475.64292412509,60531.153763444934,60368.16918231806,60446.93220063049,4632.341617733902
2024-07-17 04:00:00,60446.93220063049,60456.14857960769,60417.53438807584,60430.41337756978,4549.372624452574
2024-07-17 06:00:00,60430.41337756978,60531.20807716117,60415.24687362895,60481.18688553447,7505.0561749792705
2024-07-17 08:00:00,60481.18688553447,60556.35077431772,60475.78507769182,60521.09912054338,8044.742338121271
2024-07-17 10:00:00,60521.09912054338,60702.92933131935,60467.34941784131,60631.937666885555,3667.1733757646593
2024-07-17 12:00:00,60631.937666885555,60803.11584250518,60491.51021199672,60709.49500646564,2884.3477781785214
2024-07-17 14:00:00,60709.49500646564,60806.380579447476,60646.373583951034,60682.326633958786,4287.407768607457
2024-07-17 16:00:00,60682.326633958786,60711.17962894147,60647.54712404697,60682.28436504856,4951.402677208658
2024-07-17 18:00:00,60682.28436504856,60695.68021039924,60652.023577078944,60671.64276527026,4115.890227384752
2024-07-17 20:00:00,60671.64276527026,60769.20832331607,60568.82411850751,60714.50690695534,5238.379690271611
2024-07-17 22:00:00,60714.50690695534,60748.766004475714,60704.39151128711,60720.775227490565,8494.418867549783
2024-07-18 00:00:00,60726.13448750987,60775.27147706872,60690.61002586501,60706.131448534914,2627.689356948541
2024-07-18 02:00:00,60706.131448534914,60784.51335542477,60498.41616296118,60498.41616296118,4960.648405253309
2024-07-18 04:00:00,60498.41616296118,60604.98693921644,60498.41616296118,60565.35038716447,2497.207427371348
2024-07-18 06:00:00,60565.35038716447,60683.86885518006,60553.92440883354,60609.94492762454,3296.8201311598514
2024-07-18 08:00:00,60609.94492762454,60702.32484672744,60553.92440883354,60698.68688997778,6189.2197363866835
2024-07-18 10:00:00,60698.68688997778,60858.72110954762,60660.38597923787,60858.72110954762,5250.079465376101
2024-07-18 12:00:00,60858.72110954762,60858.72110954762,60702.55876064179,60839.96040163767,4799.596308200758
2024-07-18 14:00:00,60839.96040163767,60839.96040163767,60792.66378930034,60813.29431418038,6456.80802855568
2024-07-18 16:00:00,60813.29431418038,60813.29431418038,60634.347158866934,60660.199777912676,4167.325256176219
2024-07-18 18:00:00,60660.199777912676,60784.51335542477,60586.014444720495,60753.4099384544,3596.2267630774363
2024-07-18 20:00:00,60753.4099384544,60757.312289334215,60577.80775986638,60669.31434568515,5515.458817469285
2024-07-18 22:00:00,60669.31434568515,60672.95050124661,60554.665674105854,60591.391903905365,3167.43284635179
2024-07-19 00:00:00,60876.14600320162,60925.57042022928,60644.701801646916,60762.19913268579,4456.0483595707965
2024-07-19 02:00:00,60762.19913268579,60894.96290554321,60736.47568978418,60819.036492780244,1667.2311849237165
2024-07-19 04:00:00,60819.036492780244,60819.47052206086,60784.31704328725,60801.44355204764,2957.494839725719
2024-07-19 06:00:00,60801.44355204764,60880.34253205735,60691.420302617415,60709.892910152186,2595.001057890983
2024-07-19 08:00:00,60709.892910152186,60884.826867142445,60641.19766851694,60801.05969199106,3618.361766132523
2024-07-19 10:00:00,60801.05969199106,60886.43656942792,60604.70198069731,60617.56205901776,3531.356009896859
2024-07-19 12:00:00,60617.56205901776,60628.534240344,60592.44629972203,60601.54930879025,2417.1749410768634
2024-07-19 14:00:00,60601.54930879025,61006.14696164189,60589.06190302918,60926.77350865784,1952.5137966228092
2024-07-19 16:00:00,60926.77350865784,60973.489929189054,60825.947517586814,60835.88317958635,3640.255245430838
2024-07-19 18:00:00,60835.88317958635,60988.157188506455,60748.73539387894,60868.35213375611,3710.3089594570615
2024-07-19 20:00:00,60868.35213375611,60925.83123589256,60630.7235338447,60665.37992747919,3871.949760918032
2024-07-19 22:00:00,60665.37992747919,60691.08128427702,60544.75507455882,60568.25745233054,4026.659126595083
2024-07-20 00:00:00,60510.11254793593,60570.86493278966,60433.06397948601,60449.439369572625,6058.047937527354
2024-07-20 02:00:00,60449.439369572625,60718.81002438302,60345.1966318047,60655.64854340933,2600.505030247034
2024-07-20 04:00:00,60655.64854340933,60706.12480346953,60330.74912959379,60347.49618083246,5268.00615322595
2024-07-20 06:00:00,60347.49618083246,60385.900166502186,60342.215107125565,60383.8829182311,2979.0842809533615
2024-07-20 08:00:00,60383.8829182311,60441.34883587645,60293.05870290226,60430.98632547194,5530.202563105184
2024-07-20 10:00:00,60430.98632547194,60664.015347021545,60428.764147469556,60590.19076806457,5512.898681450592
2024-07-20 12:00:00,60590.19076806457,60625.810201306216,60563.90632778604,60601.649362620934,6751.894653951676
2024-07-20 14:00:00,60601.649362620934,60669.20471606204,60520.504425742205,60610.329629995205,6170.071055551745
2024-07-20 16:00:00,60610.329629995205,60706.856651323506,60545.538328425224,60683.67671756213,5665.231622791784
2024-07-20 18:00:00,60683.67671756213,60712.859783301355,60626.98609761319,60628.15529779282,6710.730971409707
2024-07-20 20:00:00,60628.15529779282,60718.81002438302,60589.958345516075,60678.11766764504,2838.2123806978834
2024-07-20 22:00:00,60678.11766764504,60718.81002438302,60457.383795027,60618.83353298662,2762.480631406087
2024-07-21 00:00:00,60626.73095656931,60861.25404355301,60533.39697025136,60798.991341228175,5943.269724318125
2024-07-21 02:00:00,60798.991341228175,60838.27523641714,60545.47605748292,60636.779485088904,2558.0905391931515
2024-07-21 04:00:00,60636.779485088904,60827.23833526281,60279.05691251027,60364.36296727025,4526.053382282463
2024-07-21 06:00:00,60364.36296727025,60515.17656729439,59980.418755373394,60058.84419367044,3737.8511420851296
2024-07-21 08:00:00,60058.84419367044,60314.48297850208,59955.0219808049,60261.27055977091,5011.152117345965
2024-07-21 10:00:00,60261.27055977091,60282.027136622484,60016.921287879035,60081.93040805056,3645.2310610868158
2024-07-21 12:00:00,60081.93040805056,60276.80512516221,60020.47268050055,60138.98731257457,5621.247263057624
2024-07-21 14:00:00,60138.98731257457,60142.43920872343,60120.51404418225,60122.90198810747,4690.1950190173175
2024-07-21 16:00:00,60122.90198810747,60365.43502767154,60076.61194326244,60281.606699879405,3570.9833104060554
2024-07-21 18:00:00,60281.606699879405,60629.19920267221,60136.98418867721,60498.02965246803,4710.363035844566
2024-07-21 20:00:00,60498.02965246803,61215.242755911335,60236.037823078164,60957.187580831654,5769.401735683708
2024-07-21 22:00:00,60957.187580831654,61024.56835767244,60955.20292484711,61005.1198290227,5763.345699846755
2024-07-22 00:00:00,61590.610050926254,65140.542536697874,60745.19975485587,65140.542536697874,6569.304088979386
2024-07-22 02:00:00,65140.542536697874,67176.01293768741,65071.15952967392,67176.01293768741,8953.896206629342
2024-07-22 04:00:00,67176.01293768741,67176.01293768741,66500.72171904788,66674.57196799383,3537.921695803122
2024-07-22 06:00:00,66674.57196799383,66674.57196799383,62406.56083376525,63708.79046458365,4788.200330188591
2024-07-22 08:00:00,63708.79046458365,63708.79046458365,62376.63300900432,62524.68217927099,5143.597608923336
2024-07-22 10:00:00,62524.68217927099,63684.73771748859,62315.30581187013,63684.73771748859,7281.768331064887
2024-07-22 12:00:00,63684.73771748859,63684.73771748859,62810.46356553796,63148.41300939594,6246.081118666198
2024-07-22 14:00:00,63148.41300939594,63148.41300939594,61256.89426507258,61658.11830164352,7043.608959725836
2024-07-22 16:00:00,61658.11830164352,61895.040198490045,59608.37596696258,59608.37596696258,8901.873035645132
2024-07-22 18:00:00,59608.37596696258,59612.9953934805,59179.0660587757,59179.0660587757,7550.514117654111
2024-07-22 20:00:00,59179.0660587757,59230.42047236046,59087.56417775606,59087.56417775606,5116.934575710212
2024-07-22 22:00:00,59087.56417775606,61004.7534583956,59087.56417775606,60698.725192929815,4993.801115936273
2024-07-23 00:00:00,60894.96125587398,61205.96314947918,60377.829841311475,60377.829841311475,3738.9799642769935
2024-07-23 02:00:00,60377.829841311475,60385.68522390919,60319.39420748275,60319.39420748275,2962.76896158184
2024-07-23 04:00:00,60319.39420748275,60515.14771163055,60026.68326058724,60026.68326058724,2860.499160729358
2024-07-23 06:00:00,60026.68326058724,60054.1445725187,59924.185501332984,59924.185501332984,3309.9604192144616
2024-07-23 08:00:00,59924.185501332984,60484.77146919366,59924.185501332984,60326.21907121684,2098.879987285966
2024-07-23 10:00:00,60326.21907121684,61175.8492058421,60326.21907121684,60985.44449262156,4158.678177900634
2024-07-23 12:00:00,60985.44449262156,61062.25660996276,60984.038981936705,61061.977773679966,1647.0654013822968
2024-07-23 14:00:00,61061.977773679966,61205.96314947918,60629.41980841781,60807.72759892865,2362.1435949275847
2024-07-23 16:00:00,60807.72759892865,60983.11716946754,60501.76363164181,60650.381180214004,2485.7191697636226
2024-07-23 18:00:00,60650.381180214004,60757.1580928827,60634.473068758394,60708.0966954893,3341.1839152454577
2024-07-23 20:00:00,60708.0966954893,60851.86639977125,60700.98509209717,60797.16548543421,1615.8061531534318
2024-07-23 22:00:00,60797.16548543421,61007.73364151971,60578.896492090695,60675.7050203821,2635.748052877625
2024-07-24 00:00:00,60745.600498889704,60858.351603174524,60665.670375627495,60832.06453633216,1508.981723326142
2024-07-24 02:00:00,60832.06453633216,60841.42330063249,60826.41449715761,60829.25195763897,2280.4481313183423
2024-07-24 04:00:00,60829.25195763897,61020.09919114557,60797.87712358501,61020.09919114557,3413.635684206827
2024-07-24 06:00:00,61020.09919114557,61020.09919114557,60709.370689605705,60792.66524771868,4120.048810038931
2024-07-24 08:00:00,60792.66524771868,60883.224651660676,60606.711985466434,60606.747547040184,4159.721981888734
2024-07-24 10:00:00,60606.747547040184,60681.95555714869,60606.711985466434,60623.57799536382,2158.4922965312703
2024-07-24 12:00:00,60623.57799536382,60628.08266598687,60606.711985466434,60615.567284071,2802.637584891781
2024-07-24 14:00:00,60615.567284071,60630.650882335416,60597.127788408536,60597.127788408536,3418.782914880818
2024-07-24 16:00:00,60597.127788408536,60625.30744870972,60543.50446787599,60543.50446787599,3774.103914787348
2024-07-24 18:00:00,60543.50446787599,60782.56435825897,60543.50446787599,60779.119000209015,3014.1657333894686
2024-07-24 20:00:00,60779.119000209015,60813.40649201727,60773.37466586809,60812.337252156074,1529.3404371529641
2024-07-24 22:00:00,60812.337252156074,60849.59314246403,60787.34115194405,60787.46946351431,2415.832315704701
2024-07-25 00:00:00,60525.99713440442,60554.90339244486,60220.525969659146,60220.525969659146,2276.1237653066
2024-07-25 02:00:00,60220.525969659146,60389.253400099165,59748.13041105617,59748.13041105617,3250.955952107677
2024-07-25 04:00:00,59748.13041105617,60385.2901319068,59748.13041105617,60109.14871651833,2268.98560892873
2024-07-25 06:00:00,60109.14871651833,60447.86455274839,60109.14871651833,60256.44126707359,1922.947375153666
2024-07-25 08:00:00,60256.44126707359,60526.770936203546,60256.44126707359,60390.616931014854,2469.730392986039
2024-07-25 10:00:00,60390.616931014854,60419.695009730574,59284.92787476109,59284.92787476109,1691.965172622766
2024-07-25 12:00:00,59284.92787476109,60350.597621849425,59284.92787476109,59930.36709480338,3609.3671527588826
2024-07-25 14:00:00,59930.36709480338,60123.81352777273,59930.36709480338,60087.4811740117,2889.734044102146
2024-07-25 16:00:00,60087.4811740117,60367.551321686995,59575.880944112,59575.880944112,2452.177587747696
2024-07-25 18:00:00,59575.880944112,60973.82472505534,59575.880944112,60830.77429365928,2311.3443190165917
2024-07-25 20:00:00,60830.77429365928,60848.86603637192,60813.606631676375,60839.09375289184,4347.667456579552
2024-07-25 22:00:00,60839.09375289184,61423.55159110547,60658.2637052184,61384.024966214,3640.308870614558
2024-07-26 00:00:00,61166.69337354319,61224.09116744947,61010.83694992923,61011.508983284104,5007.010296674747
2024-07-26 02:00:00,61011.508983284104,61131.246839307714,61007.63877135195,61069.38606031164,2619.641240548878
2024-07-26 04:00:00,61069.38606031164,61525.00359040587,61007.63877135195,61375.02163143233,3778.383949755531
2024-07-26 06:00:00,61375.02163143233,61588.12222851182,61257.969619736796,61490.412803904306,2734.3069404279763
2024-07-26 08:00:00,61490.412803904306,61518.59591549559,61434.89381009609,61492.010383255496,4259.121785249561
2024-07-26 10:00:00,61492.010383255496,61585.38432605549,61440.65312391134,61534.03969206875,4720.855534286596
2024-07-26 12:00:00,61534.03969206875,61776.50741851205,61477.009766044335,61645.852083462894,2927.472739896171
2024-07-26 14:00:00,61645.852083462894,61738.678808548786,61623.070071679875,61696.56372578721,2426.9662002843747
2024-07-26 16:00:00,61696.56372578721,61960.487892709956,61563.338717674065,61958.19395187145,2135.6129049528295
2024-07-26 18:00:00,61958.19395187145,62010.63086937149,61956.769129181106,62006.20831325255,4555.432352409693
2024-07-26 20:00:00,62006.20831325255,62327.06667517378,61914.28501437552,62327.06667517378,4586.544326237964
2024-07-26 22:00:00,62327.06667517378,62327.06667517378,62218.757516733225,62255.16650998024,1843.7702035756065
2024-07-27 00:00:00,62060.03198558291,62236.985242026225,61932.24670827394,62096.89318620305,2360.7187059316548
2024-07-27 02:00:00,62096.89318620305,62271.8021240446,61858.621843404835,62039.350595236894,3529.427678687587
2024-07-27 04:00:00,62039.350595236894,62045.26993170269,61968.85785270453,62008.81092535358,2585.0582766533835
2024-07-27 06:00:00,62008.81092535358,62072.5449376389,61958.424858742765,61989.150364048335,3899.7430591752586
2024-07-27 08:00:00,61989.150364048335,62157.2128487069,61984.86247271641,62137.36420577083,1746.6842942631456
2024-07-27 10:00:00,62137.36420577083,62408.934822965966,61987.72027061286,62258.24529659104,2084.5766568785198
2024-07-27 12:00:00,62258.24529659104,62402.43205613401,62212.03257177045,62283.805805214404,3090.3925173699276
2024-07-27 14:00:00,62283.805805214404,62371.68729470152,62205.26327652244,62301.45341851611,1949.862788541412
2024-07-27 16:00:00,62301.45341851611,62352.63072614228,62094.64359533497,62234.98870526429,2626.006277525383
2024-07-27 18:00:00,62234.98870526429,62274.630160345885,62189.798515191345,62228.24144440191,1469.216929102198
2024-07-27 20:00:00,62228.24144440191,62292.30083785678,62085.688151079245,62157.63361886076,2042.5209980200973
2024-07-27 22:00:00,62157.63361886076,62326.43078855582,62083.9127415826,62229.62562198383,3549.3640030318015
2024-07-28 00:00:00,62227.56206632267,62286.6948083622,62201.508608482036,62243.23534336284,1643.0491438468734
2024-07-28 02:00:00,62243.23534336284,62252.22356023278,62173.135675549565,62176.159169642066,3947.0903074463804
2024-07-28 04:00:00,62176.159169642066,62247.39135475578,62137.36679003933,62229.48407520924,2046.26039326112
2024-07-28 06:00:00,62229.48407520924,62331.23378104849,62183.995492064714,62329.41551128731,4168.293541270805
2024-07-28 08:00:00,62329.41551128731,62460.55133864726,62314.70677677629,62382.22397726797,4333.6619619647345
2024-07-28 10:00:00,62382.22397726797,62391.72445673616,62286.63279428792,62317.367653632115,3605.0288982564302
2024-07-28 12:00:00,62317.367653632115,62397.525034181315,62245.48439405192,62368.05998913995,2715.7831222778723
2024-07-28 14:00:00,62368.05998913995,62537.71540565127,62246.53859341653,62477.96250951619,2424.158477974291
2024-07-28 16:00:00,62477.96250951619,62657.56994724961,62392.906642053385,62587.0840478985,4771.377500078631
2024-07-28 18:00:00,62587.0840478985,62672.858765833844,62540.95992790028,62663.33225089393,4854.751767110091
2024-07-28 20:00:00,62663.33225089393,62691.12994548685,62559.44249212452,62641.266847727806,3493.4105930676155
2024-07-28 22:00:00,62641.266847727806,62755.1201455161,62631.80452943124,62711.75869048038,3340.2913943048884
2024-07-29 00:00:00,62888.665415327865,63036.017100715595,62745.66970450523,62977.28896993458,4061.6688414379337
2024-07-29 02:00:00,62977.28896993458,63205.388173030326,62274.099187933156,62414.98488595412,3400.3907695244566
2024-07-29 04:00:00,62414.98488595412,62542.8726595166,62056.98011647427,62075.099003068266,2374.474792724498
2024-07-29 06:00:00,62075.099003068266,62113.029566645535,61643.89710336662,61808.61977347526,4483.222049351754
2024-07-29 08:00:00,61808.61977347526,62445.19175151455,61600.4424955236,62239.59604449267,4346.035107620949
2024-07-29 10:00:00,62239.59604449267,62253.036537538734,62198.07135608756,62222.45211404875,4478.937397610266
2024-07-29 12:00:00,62222.45211404875,62421.18437431409,61658.84172480856,61736.06074110466,3274.407650708009
2024-07-29 14:00:00,61736.06074110466,61997.623498685374,61669.483162840406,61927.428258826054,4200.860598601084
2024-07-29 16:00:00,61927.428258826054,62124.58010146079,61807.78851336596,62092.28746700564,3187.0539676840435
2024-07-29 18:00:00,62092.28746700564,62135.69731730452,61933.765164857046,61987.65280498861,6182.441012487394
2024-07-29 20:00:00,61987.65280498861,62062.65007245302,61840.20389374196,61900.24680886045,6685.605355414556
2024-07-29 22:00:00,61900.24680886045,62091.16938766338,61403.252182954726,61506.93122749066,6187.493700372869
2024-07-30 00:00:00,61730.73034289711,62222.28995487886,61726.48155627097,62222.28995487886,11352.721180317438
2024-07-30 02:00:00,62222.28995487886,62222.28995487886,61530.49776009541,61649.96630946998,12393.71789804893
2024-07-30 04:00:00,61649.96630946998,61805.062089230276,61391.34420704651,61431.95694876988,12488.281420184996
2024-07-30 06:00:00,61431.95694876988,61437.11904472889,61352.68826216519,61381.034830073666,6688.158509466236
2024-07-30 08:00:00,61381.034830073666,61506.26316195491,60246.92279309017,60546.1047232976,8818.925704920068
2024-07-30 10:00:00,60546.1047232976,60734.05055459201,60505.11794005592,60680.2549242517,11247.560514871153
2024-07-30 12:00:00,60680.2549242517,61001.060884518825,59738.728194700394,60010.207005093485,7060.119541013272
2024-07-30 14:00:00,60010.207005093485,60141.09127588887,59981.917496719514,60098.66693366372,10901.26392374287
2024-07-30 16:00:00,60098.66693366372,60228.24926079008,60049.09939740762,60100.8855442214,5418.128091170841
2024-07-30 18:00:00,60100.8855442214,60177.00472164196,59246.44761961116,59267.153803235,14157.819563852487
2024-07-30 20:00:00,59267.153803235,59393.299487783734,58778.550000893396,58778.550000893396,8782.08219202333
2024-07-30 22:00:00,58778.550000893396,59739.864962168394,58778.550000893396,59419.95039959642,5770.4496768476865
2024-07-31 00:00:00,59302.70772037858,59354.149477726896,59141.22188172746,59212.78029688682,4895.494232321713
2024-07-31 02:00:00,59212.78029688682,59251.45410899351,57616.16642385065,58091.37279709874,3878.329671494809
2024-07-31 04:00:00,58091.37279709874,58278.79131007103,57546.65791890598,57641.92209624633,8731.377428433296
2024-07-31 06:00:00,57641.92209624633,58069.51441844307,56914.424344855935,56914.424344855935,7006.194160119475
2024-07-31 08:00:00,56914.424344855935,57318.61279365963,56914.424344855935,57274.27816175837,8412.844926191361
2024-07-31 10:00:00,57274.27816175837,57295.54280705748,57087.64942914529,57087.64942914529,6530.366955893146
2024-07-31 12:00:00,57087.64942914529,57246.64038491771,57087.64942914529,57232.669784006786,4481.867860334052
2024-07-31 14:00:00,57232.669784006786,57490.356522459624,57232.669784006786,57469.13863245948,9097.895769440713
2024-07-31 16:00:00,57469.13863245948,57885.460216196356,57469.13863245948,57745.43901861961,7089.290178305509
2024-07-31 18:00:00,57745.43901861961,58056.420321107325,57604.93888909199,58006.72170114751,6437.116901169477
2024-07-31 20:00:00,58006.72170114751,58415.14231184902,57837.86897656761,58358.10444240995,7810.3627647662815
2024-07-31 22:00:00,58358.10444240995,58588.43981270631,57548.92046688891,57590.87340530404,5375.645630381717
2024-08-01 00:00:00,57476.000441160235,57718.98026009053,56870.767100421275,57078.03855526461,6089.793517458547
2024-08-01 02:00:00,57078.03855526461,57489.168869478475,55556.812413682455,55988.0011484553,9263.806061679434
2024-08-01 04:00:00,55988.0011484553,56986.64539418969,55442.39411983225,56673.96678192632,11958.18422249949
2024-08-01 06:00:00,56673.96678192632,56831.34771199986,56626.211462885716,56804.68936454607,10962.406948585429
2024-08-01 08:00:00,56804.68936454607,56916.80052006062,56652.44672180361,56679.74197622286,11539.131134089388
2024-08-01 10:00:00,56679.74197622286,57181.08885738736,55397.91778713303,55465.66031665125,5086.772568255159
2024-08-01 12:00:00,55465.66031665125,55836.9003489437,55397.91778713303,55673.68859415767,11486.244555885054
2024-08-01 14:00:00,55673.68859415767,55706.69380960355,55559.75146012852,55578.754028707,11162.498185768427
2024-08-01 16:00:00,55578.754028707,56583.22567011404,55400.32978723314,56151.197088201945,5875.683778376207
2024-08-01 18:00:00,56151.197088201945,56304.3605025941,56104.32130344046,56256.021927640766,10292.531457195162
2024-08-01 20:00:00,56256.021927640766,56378.93299705301,55870.7099174765,56002.202585241925,8520.307589478574
2024-08-01 22:00:00,56002.202585241925,56137.24999003894,55461.953410081165,55549.516844191545,11452.829479632901
2024-08-02 00:00:00,55569.61978724192,55605.05636684404,55331.215326339756,55415.201701606835,6750.793497297172
2024-08-02 02:00:00,55415.201701606835,55605.05636684404,54455.998452375374,54714.79991087986,3693.6738271118475
2024-08-02 04:00:00,54714.79991087986,54910.797101856355,54609.73868549189,54843.44059064755,4655.3901736340695
2024-08-02 06:00:00,54843.44059064755,55216.38016527109,54601.275856707616,55081.744795136234,7630.35919997019
2024-08-02 08:00:00,55081.744795136234,55154.186507561615,54052.180481898904,54171.21043889258,5788.159775112182
2024-08-02 10:00:00,54171.21043889258,55068.23405023413,53984.38894194535,54802.45267427089,4948.503497441689
2024-08-02 12:00:00,54802.45267427089,55605.05636684404,54668.95746385138,55421.54822765634,7536.717968502133
2024-08-02 14:00:00,55421.54822765634,55581.38740823606,55380.43391410762,55472.923800781864,6657.760861876512
2024-08-02 16:00:00,55472.923800781864,55733.41112513887,55325.25187493969,55733.41112513887,4684.577446750329
2024-08-02 18:00:00,55733.41112513887,55733.41112513887,54980.69716816794,55202.77027056845,5554.453415609491
2024-08-02 20:00:00,55202.77027056845,55448.29607590364,54403.80582782018,54616.284300776584,3466.5109064278627
2024-08-02 22:00:00,54616.284300776584,54746.358807855184,53984.38894194535,54029.24912540136,8157.204513251866
2024-08-03 00:00:00,54000.82090211095,55420.06949085843,53610.414762765155,55420.06949085843,2140.826286944699
2024-08-03 02:00:00,55420.06949085843,55420.06949085843,53541.52367377066,54146.2515513144,5975.745470193457
2024-08-03 04:00:00,54146.2515513144,55275.20508216707,53993.57254248925,55275.20508216707,3862.271293969033
2024-08-03 06:00:00,55275.20508216707,55275.20508216707,55202.85750994231,55222.81871809872,3018.849670353481
2024-08-03 08:00:00,55222.81871809872,55222.81871809872,53842.20542065604,54194.454642198056,3794.1358089004993
2024-08-03 10:00:00,54194.454642198056,54266.218428256136,54102.83153341986,54253.08702348183,2494.056808854658
2024-08-03 12:00:00,54253.08702348183,54330.52654319541,54102.91485880754,54123.59605000245,2797.943470297083
2024-08-03 14:00:00,54123.59605000245,54497.15776760196,53897.49699213958,54497.15776760196,5423.287051790636
2024-08-03 16:00:00,54497.15776760196,54944.532348235385,54330.56050287193,54944.532348235385,4994.859179613821
2024-08-03 18:00:00,54944.532348235385,55297.51797734924,54837.8063011527,55297.51797734924,5828.100392190682
2024-08-03 20:00:00,55297.51797734924,55297.51797734924,54133.799014881966,54405.358001114044,5419.752180826883
2024-08-03 22:00:00,54405.358001114044,54405.358001114044,53139.23430516552,53141.08564323749,5875.507141904791
2024-08-04 00:00:00,53277.75132816376,53411.453763639256,51787.331182139875,51858.17874730495,5591.875278113125
2024-08-04 02:00:00,51858.17874730495,52067.157696931004,51800.94732218474,52009.5282854665,5235.6169333971275
2024-08-04 04:00:00,52009.5282854665,52164.72727930661,52002.11490705601,52103.84154308405,6390.866859310723
2024-08-04 06:00:00,52103.84154308405,52138.10801394359,52022.44478952784,52027.88552221009,4962.864398968456
2024-08-04 08:00:00,52027.88552221009,52107.61936068898,51571.51034281861,51584.7987173315,9081.506032117888
2024-08-04 10:00:00,51584.7987173315,52032.553653414405,50527.57868658226,50527.57868658226,7825.785014924758
2024-08-04 12:00:00,50527.57868658226,51027.13874692134,49138.63558175766,49138.63558175766,4452.312814057971
2024-08-04 14:00:00,49138.63558175766,49515.14748324115,49138.63558175766,49372.05301713882,6038.513960429708
2024-08-04 16:00:00,49372.05301713882,49478.553344761436,48588.24850074171,48588.24850074171,10719.841379828089
2024-08-04 18:00:00,48588.24850074171,50554.13789030603,48588.24850074171,49864.41381327608,5820.719930678817
2024-08-04 20:00:00,49864.41381327608,50711.40130194723,49864.41381327608,50629.26333211065,9192.790009608047
2024-08-04 22:00:00,50629.26333211065,51129.88875045022,50629.26333211065,50984.668248353555,10596.82697111643
2024-08-05 00:00:00,51240.07472012017,51325.94189935518,51193.001192068084,51325.169982068706,5679.062586753889
2024-08-05 02:00:00,51325.169982068706,51362.88029582925,50892.249720407584,51023.7951718762,4085.471220071283
2024-08-05 04:00:00,51023.7951718762,51087.765806650634,50079.01501224967,50405.61590877457,11390.002051789997
2024-08-05 06:00:00,50405.61590877457,50601.93221122317,49867.37423490156,50006.334981168606,6357.686313415571
2024-08-05 08:00:00,50006.334981168606,50057.37094129243,49988.21616312188,50016.28143626807,5376.508543651447
2024-08-05 10:00:00,50016.28143626807,50075.097941288186,49975.13177866136,50037.134035652,5223.298581861413
2024-08-05 12:00:00,50037.134035652,50242.558428870645,49255.40406521193,49535.570742614,6430.2961662505695
2024-08-05 14:00:00,49535.570742614,49739.096816692196,49489.988754356054,49668.714841962515,7436.29055844599
2024-08-05 16:00:00,49668.714841962515,50065.20470651328,49564.15023923546,49922.974721793595,5427.699725751202
2024-08-05 18:00:00,49922.974721793595,49974.127189347484,49460.2945021517,49612.70652969842,3916.4677500802213
2024-08-05 20:00:00,49612.70652969842,49647.39682719719,49566.268889225175,49603.9585724797,4036.244336294588
2024-08-05 22:00:00,49603.9585724797,49817.85000479795,48885.7931499884,48986.032526858275,3949.906340888566
2024-08-06 00:00:00,48822.45160516991,49290.57414620921,48772.7015449476,49118.34402661203,5248.012805903231
2024-08-06 02:00:00,49118.34402661203,49173.361355696914,49061.56072119453,49169.10221133602,2861.437959214722
2024-08-06 04:00:00,49169.10221133602,49287.5857194339,49121.96904036409,49229.511718227724,5309.536197608134
2024-08-06 06:00:00,49229.511718227724,49233.51616639129,49094.54612793885,49168.70179970774,4979.091069634548
2024-08-06 08:00:00,49168.70179970774,49325.2787447634,49161.78537651765,49310.25706581903,3894.39483830616
2024-08-06 10:00:00,49310.25706581903,49432.31499113256,49007.718018315645,49049.86622722694,5054.3587425322385
2024-08-06 12:00:00,49049.86622722694,49156.409869092684,48852.37741524417,48943.739301112386,4565.823716370288
2024-08-06 14:00:00,48943.739301112386,49455.603291435036,48776.37344996813,49406.93887199671,2755.7642969266926
2024-08-06 16:00:00,49406.93887199671,49455.603291435036,49219.23239772979,49239.479819650725,3146.100071836112
2024-08-06 18:00:00,49239.479819650725,49257.9516973786,49146.79623434618,49155.5867281024,5238.707750584926
2024-08-06 20:00:00,49155.5867281024,49187.822782549236,49099.81189778508,49114.71411435051,4734.392289494886
2024-08-06 22:00:00,49114.71411435051,49455.603291435036,49108.00081441322,49429.61560919774,5112.1223823978
2024-08-07 00:00:00,49406.2362911402,49565.90882885362,49146.02567069317,49146.02567069317,4934.2007021863665
2024-08-07 02:00:00,49146.02567069317,49241.39545339993,48534.64326221312,48534.64326221312,5157.10251784448
2024-08-07 04:00:00,48534.64326221312,48567.40888833735,48492.80571010874,48492.80571010874,5418.469402433315
2024-08-07 06:00:00,48492.80571010874,48521.206591902905,48020.299657317875,48020.299657317875,2477.63229410112
2024-08-07 08:00:00,48020.299657317875,48515.45868222114,48020.299657317875,48335.47159358878,4494.622237139764
2024-08-07 10:00:00,48335.47159358878,49274.59784416248,48335.47159358878,48988.71704550408,5534.824388836562
2024-08-07 12:00:00,48988.71704550408,49013.138946274354,48880.75876473542,48880.75876473542,2809.2046014683497
2024-08-07 14:00:00,48880.75876473542,49869.49725253053,48880.75876473542,49601.36013090003,5148.331195587329
2024-08-07 16:00:00,49601.36013090003,50000.859592202054,49527.65124503384,49865.66148607943,2557.433602539074
2024-08-07 18:00:00,49865.66148607943,49893.912494001495,49652.02561212823,49722.39504609003,2174.04068777685
2024-08-07 20:00:00,49722.39504609003,49749.08322170857,49257.604275187325,49257.604275187325,5486.163354554507
2024-08-07 22:00:00,49257.604275187325,50220.71628013992,49257.604275187325,50160.070877992715,3536.1704907269686
2024-08-08 00:00:00,50251.030399939395,50258.10074445911,50227.007236675505,50236.91587036861,4188.716412005121
2024-08-08 02:00:00,50236.91587036861,50617.390519789995,50107.611467946255,50511.33084573621,6042.589579259139
2024-08-08 04:00:00,50511.33084573621,50611.71079717811,50488.509108566715,50599.11650706391,4340.332725789061
2024-08-08 06:00:00,50599.11650706391,50671.041287583255,50531.83726015544,50595.93297067805,3263.5856850331857
2024-08-08 08:00:00,50595.93297067805,50815.97469282176,50559.97068109942,50792.827471259894,2391.4773780522164
2024-08-08 10:00:00,50792.827471259894,50865.553647583016,50478.59607443633,50585.542901796245,3618.886639948252
2024-08-08 12:00:00,50585.542901796245,50657.75881015452,50479.519958479,50581.99846323562,2809.6267944156093
2024-08-08 14:00:00,50581.99846323562,50701.18126964301,50440.91347077813,50598.92728141927,6043.489179527201
2024-08-08 16:00:00,50598.92728141927,50705.45374671081,50573.31676808801,50682.17418940423,4063.2779544870723
2024-08-08 18:00:00,50682.17418940423,50929.88721680123,50581.77312739827,50883.524699087495,6576.1875730418315
2024-08-08 20:00:00,50883.524699087495,50887.01745183683,50835.06125363986,50857.310216489575,5157.642923094739
2024-08-08 22:00:00,50857.310216489575,50921.021453545894,50769.14297353376,50838.4348620734,4546.193580778201
2024-08-09 00:00:00,50661.608723660625,51279.650341695364,50647.14399387543,51250.30254352643,8330.24851398896
2024-08-09 02:00:00,51250.30254352643,51569.56865232152,51113.58322542492,51569.56865232152,4762.557086310402
2024-08-09 04:00:00,51569.56865232152,51569.56865232152,50647.14399387543,50652.51172962007,4278.627426806354
2024-08-09 06:00:00,50652.51172962007,51112.1978148747,50647.14399387543,51039.56321576617,7176.083842051521
2024-08-09 08:00:00,51039.56321576617,51094.79549090443,50920.084371569515,50998.918534097094,5367.821495247163
2024-08-09 10:00:00,50998.918534097094,51860.73698197404,50885.48242730855,51860.73698197404,7735.336255286232
2024-08-09 12:00:00,51860.73698197404,51860.73698197404,51389.809893083875,51617.33152075003,7258.052646285509
2024-08-09 14:00:00,51617.33152075003,52275.028219078435,51389.25068875968,52275.028219078435,8661.287716588786
2024-08-09 16:00:00,52275.028219078435,52275.028219078435,51245.82783838508,51586.54428528161,6064.697372617196
2024-08-09 18:00:00,51586.54428528161,51680.72643860224,51576.56149649475,51680.72643860224,8415.149117506133
2024-08-09 20:00:00,51680.72643860224,51680.72643860224,51455.2183090586,51513.09776245791,11081.744615336349
2024-08-09 22:00:00,51513.09776245791,51513.09776245791,51232.29780840378,51244.0151965934,10916.07271267046
2024-08-10 00:00:00,51408.27037262251,51545.886915940326,51218.16808095568,51218.16808095568,5544.627509639527
2024-08-10 02:00:00,51218.16808095568,51244.27374989126,51200.35509646212,51200.35509646212,2820.132869005958
2024-08-10 04:00:00,51200.35509646212,51279.93040229766,51016.59490186564,51016.59490186564,4701.0012380222
2024-08-10 06:00:00,51016.59490186564,51244.95399722578,51016.59490186564,51146.39709691496,4135.451556055004
2024-08-10 08:00:00,51146.39709691496,51354.365137251785,51146.39709691496,51323.46218319908,3676.6616743254176
2024-08-10 10:00:00,51323.46218319908,51327.313463881415,51298.5356124819,51302.848232576194,4341.937693413561
2024-08-10 12:00:00,51302.848232576194,51313.873759115115,51292.126857565265,51293.293205863825,3949.3831042398956
2024-08-10 14:00:00,51293.293205863825,51309.566697207054,51279.81396764117,51292.612165277584,4194.499712257203
2024-08-10 16:00:00,51292.612165277584,51402.93418005564,51200.1791499342,51200.1791499342,3495.847834879015
2024-08-10 18:00:00,51200.1791499342,51493.24348577824,51200.1791499342,51463.65506164246,3551.7399358758803
2024-08-10 20:00:00,51463.65506164246,51815.17512668729,51326.184245581615,51732.30816648835,5584.255739321911
2024-08-10 22:00:00,51732.30816648835,51883.78395017704,51574.12141017965,51846.51093737348,3868.4662009572653
2024-08-11 00:00:00,51899.64195885905,51945.698101122616,51836.302453985816,51878.76681799208,5667.827807494275
2024-08-11 02:00:00,51878.76681799208,51956.13591196308,51844.783637862274,51909.648263687355,4762.8740762743355
2024-08-11 04:00:00,51909.648263687355,51932.511990349456,51794.13140272759,51932.488463509326,3453.428942224789
2024-08-11 06:00:00,51932.488463509326,52404.57845141887,51832.93777092263,52241.03639442637,9261.461053449577
2024-08-11 08:00:00,52241.03639442637,52397.86995699076,52144.56412037201,52347.78598797155,5635.819001385139
2024-08-11 10:00:00,52347.78598797155,52415.082028130426,52240.92427165365,52402.461837395706,8483.713154731171
2024-08-11 12:00:00,52402.461837395706,52884.42214356486,52285.54810639762,52761.28512211187,9083.69331378988
2024-08-11 14:00:00,52761.28512211187,52764.79163422779,52754.17275793105,52755.02320392036,10079.615016302745
2024-08-11 16:00:00,52755.02320392036,52848.24284756175,52681.7732330978,52824.21141457193,5922.3471768524305
2024-08-11 18:00:00,52824.21141457193,52975.673514738075,52822.342109345474,52929.12894710305,7284.1576159257875
2024-08-11 20:00:00,52929.12894710305,52974.66688589739,52899.70113355324,52953.500751400934,3947.1412787512254
2024-08-11 22:00:00,52953.500751400934,52980.40119786974,52653.98614082971,52753.84517354567,5955.595849099853
2024-08-12 00:00:00,52821.18480298209,52879.69688184801,52675.26455604908,52750.12827832363,5096.320071052977
2024-08-12 02:00:00,52750.12827832363,52805.527440598366,52528.852700304145,52611.601927972646,2823.701504019423
2024-08-12 04:00:00,52611.601927972646,52617.70659335876,52585.73401767842,52606.87586484199,4447.618756632737
2024-08-12 06:00:00,52606.87586484199,52687.417880628076,52222.05475452593,52307.88751906082,3512.982090446667
2024-08-12 08:00:00,52307.88751906082,52346.99576844582,52182.66899047623,52207.737491266766,4861.547532162622
2024-08-12 10:00:00,52207.737491266766,52304.51385746503,52202.20060276494,52247.45735016067,3951.9640481052434
2024-08-12 12:00:00,52247.45735016067,52271.00723952159,52162.92799347962,52210.29899681814,6234.566801177024
2024-08-12 14:00:00,52210.29899681814,52352.87325567341,51811.77703678675,51901.58389441041,3044.4953409901427
2024-08-12 16:00:00,51901.58389441041,51903.12421715034,51889.766355180385,51893.788257699416,3405.116793692547
2024-08-12 18:00:00,51893.788257699416,51990.70161656547,51811.77703678675,51821.022541272425,2147.344449863857
2024-08-12 20:00:00,51821.022541272425,51881.03554630035,51818.0413545176,51865.02135207093,4609.254350567752
2024-08-12 22:00:00,51865.02135207093,51884.28740048208,51848.22208251973,51850.78838762315,4490.050379077061
2024-08-13 00:00:00,51768.69486963746,51802.98160080621,51755.003458375126,51780.55804024801,2269.942823223482
2024-08-13 02:00:00,51780.55804024801,51782.37722289646,51772.46221278374,51775.30155436105,3951.0267952634754
2024-08-13 04:00:00,51775.30155436105,51825.78907543448,51770.462756696674,51816.53004780606,4120.098101650318
2024-08-13 06:00:00,51816.53004780606,51863.23043424713,51779.558913695255,51828.97434069703,2926.8042028767395
2024-08-13 08:00:00,51828.97434069703,51839.71988967238,51784.615819085266,51824.31445505758,2495.3151345654233
2024-08-13 10:00:00,51824.31445505758,51832.32879434219,51813.32427185663,51820.34680084305,3600.451878391471
2024-08-13 12:00:00,51820.34680084305,51828.03467605861,51744.1163009978,51822.556661046016,4580.7733877203655
2024-08-13 14:00:00,51822.556661046016,51864.59866098921,51802.6190085565,51819.8847700128,3351.7378884211676
2024-08-13 16:00:00,51819.8847700128,51879.58777875803,51750.1720204577,51845.04962041792,2096.630825908374
2024-08-13 18:00:00,51845.04962041792,51849.7840348718,51827.794210941945,51848.50387638115,2459.3226875271903
2024-08-13 20:00:00,51848.50387638115,51903.08703860806,51821.629063117914,51882.57036056859,2731.8707066220272
2024-08-13 22:00:00,51882.57036056859,51931.84033225175,51823.05187403155,51876.180065201705,2158.123456164952
2024-08-14 00:00:00,51896.49794465494,51951.208487562566,51879.5045496446,51902.910465187015,12021.574940578213
2024-08-14 02:00:00,51902.910465187015,51905.16799483234,51886.70488679682,51892.29182731656,9009.80088942188
2024-08-14 04:00:00,51892.29182731656,51910.84367220541,51852.64780244103,51867.192335856875,11153.319365381261
2024-08-14 06:00:00,51867.192335856875,51931.85594929492,51787.679657353394,51792.410846809726,7256.098564310008
2024-08-14 08:00:00,51792.410846809726,51906.23153163532,51710.93695186724,51746.92300579055,6516.377058897568
2024-08-14 10:00:00,51746.92300579055,51770.61027722865,51693.63104113152,51720.001197267426,7123.102486201627
2024-08-14 12:00:00,51720.001197267426,51870.002965241845,51716.4066592879,51822.85496438921,6567.368235583812
2024-08-14 14:00:00,51822.85496438921,51849.68957758019,51656.16752737595,51724.164322700795,5111.446171891042
2024-08-14 16:00:00,51724.164322700795,51794.08213663657,51539.2794029563,51593.177972660305,11107.208163818445
2024-08-14 18:00:00,51593.177972660305,51602.73815706289,51586.448015335656,51600.83435144246,5797.082714797172
2024-08-14 20:00:00,51600.83435144246,51665.11243671084,51595.27658703534,51646.065149967304,7281.909374733591
2024-08-14 22:00:00,51646.065149967304,51703.732039760034,51504.623885091634,51551.576663530446,10038.837568032455
2024-08-15 00:00:00,51436.20258470934,55119.751877387935,51422.17167452901,55119.751877387935,10025.218093460913
2024-08-15 02:00:00,55119.751877387935,64257.9938643426,52798.05694938734,64257.9938643426,8796.842193020346
2024-08-15 04:00:00,64257.9938643426,65791.16099804794,63706.180961912636,65791.16099804794,7852.518921417601
2024-08-15 06:00:00,65791.16099804794,65791.16099804794,63779.43012007554,64398.11367475027,9881.666705426442
2024-08-15 08:00:00,64398.11367475027,64398.11367475027,54281.839136076655,56162.997402187,7014.593988695265
2024-08-15 10:00:00,56162.997402187,56162.997402187,50484.588479487524,50484.588479487524,9001.340394653129
2024-08-15 12:00:00,50484.588479487524,51478.56255336445,48019.079283355524,48019.079283355524,4473.59822356421
2024-08-15 14:00:00,48019.079283355524,48252.81753159098,47451.613360835436,47451.613360835436,9762.206296243769
2024-08-15 16:00:00,47451.613360835436,51103.780397579816,39908.08366936273,39908.08366936273,3799.896518150174
2024-08-15 18:00:00,39908.08366936273,41178.51318400165,39908.08366936273,40738.3514630129,7117.136190020638
2024-08-15 20:00:00,40738.3514630129,44197.25936550513,40738.3514630129,43496.609382548304,6187.269411639786
2024-08-15 22:00:00,43496.609382548304,53017.5583420424,43496.609382548304,50294.482092155595,4634.690330095279
2024-08-16 00:00:00,53337.643050813705,54272.26779279865,53249.23125617512,53986.80277220235,12374.668489084444
2024-08-16 02:00:00,53986.80277220235,54183.91795791126,53923.17894916339,54126.79937366019,6948.90058172564
2024-08-16 04:00:00,54126.79937366019,54771.86304181802,54101.90673379601,54637.82140500415,10417.288925015206
2024-08-16 06:00:00,54637.82140500415,54704.95080293027,54054.66283282471,54251.699597025996,8705.998249682283
2024-08-16 08:00:00,54251.699597025996,54491.07694051392,53753.036579462205,53867.56601343927,12378.876470461668
2024-08-16 10:00:00,53867.56601343927,53903.18253694352,53847.54579732764,53893.88394363871,6678.626675575965
2024-08-16 12:00:00,53893.88394363871,53970.217343167824,53424.13306422147,53595.03522318724,12165.82989351189
2024-08-16 14:00:00,53595.03522318724,55001.446973599785,53158.85555008015,54567.23850140933,12679.19640950398
2024-08-16 16:00:00,54567.23850140933,54589.55268264937,54440.57103518625,54481.28869609655,8929.825244838292
2024-08-16 18:00:00,54481.28869609655,55331.146603923706,54408.10770551941,55155.255848951056,6116.972643784404
2024-08-16 20:00:00,55155.255848951056,55376.298739538914,55001.143860140386,55325.20946382586,9071.41538409155
2024-08-16 22:00:00,55325.20946382586,55407.32596894938,55257.02552395538,55394.098871431896,9513.86941164746
2024-08-17 00:00:00,55309.9914916378,55443.00138499989,55272.21464778923,55346.743752120245,2719.4225111265814
2024-08-17 02:00:00,55346.743752120245,55398.62819642186,55325.27305898501,55368.61102756038,6395.054768225909
2024-08-17 04:00:00,55368.61102756038,55575.80618128183,55355.83974140784,55525.4862516716,3794.15036350848
2024-08-17 06:00:00,55525.4862516716,55594.72565346769,55415.009335852825,55425.61951825458,3295.154755915487
2024-08-17 08:00:00,55425.61951825458,55652.54344648806,54911.35644914463,55143.27455953191,4888.651927346178
2024-08-17 10:00:00,55143.27455953191,55226.05940442061,55121.417059182706,55185.55806503536,5647.70308046537
2024-08-17 12:00:00,55185.55806503536,55209.98458756248,55162.381273546685,55188.22290622234,6414.692387117516
2024-08-17 14:00:00,55188.22290622234,55264.499275420996,55021.85238037348,55065.25648073086,2656.8198033420995
2024-08-17 16:00:00,55065.25648073086,55071.46636260726,55046.982318821494,55070.617852646,5141.96132334129
2024-08-17 18:00:00,55070.617852646,55159.50519647735,55054.826786399375,55147.19238493415,3355.933319811523
2024-08-17 20:00:00,55147.19238493415,55149.81146222926,55036.913241105445,55096.83503482529,5288.4446606691145
2024-08-17 22:00:00,55096.83503482529,55224.79877755975,54802.69439531714,54924.92028228686,6623.690082889264
2024-08-18 00:00:00,54962.93466241421,55046.54252436125,54813.03763107791,54863.4543437287,4012.2996304476433
2024-08-18 02:00:00,54863.4543437287,54912.786715464346,54676.01069958367,54816.43445833215,3294.8464846273328
2024-08-18 04:00:00,54816.43445833215,54903.901560889666,54719.0882870934,54830.34934847456,2930.4511106206082
2024-08-18 06:00:00,54830.34934847456,54857.722928558724,54775.62498782597,54793.129359033104,4443.107982188988
2024-08-18 08:00:00,54793.129359033104,54890.50165291518,54600.70566701698,54671.59104230732,4488.186160308553
2024-08-18 10:00:00,54671.59104230732,54736.03865489444,54665.408778856974,54714.079606270505,4853.946190834718
2024-08-18 12:00:00,54714.079606270505,54997.869537027575,54672.32086826679,54933.87466947137,5219.089147748636
2024-08-18 14:00:00,54933.87466947137,55074.21989431599,54862.36639993998,55034.770127839685,3077.5025681478996
2024-08-18 16:00:00,55034.770127839685,55141.47133331502,54993.66212026967,55132.604586379966,4402.345281035589
2024-08-18 18:00:00,55132.604586379966,55243.74515327917,55011.04615886429,55109.456238847204,2491.6744567475516
2024-08-18 20:00:00,55109.456238847204,55158.84591506173,55100.31648530981,55142.32239564004,4780.29702800901
2024-08-18 22:00:00,55142.32239564004,55243.74515327917,55129.85229826006,55192.8837936615,3898.2403439165587
2024-08-19 00:00:00,55248.15386204624,55374.66071998909,47924.24597140511,47924.24597140511,5358.123510123366
2024-08-19 02:00:00,47924.24597140511,48061.63542003828,45841.3792935948,45841.3792935948,4738.132818404015
2024-08-19 04:00:00,45841.3792935948,47637.6143815414,45841.3792935948,47491.755768155985,1819.0731404782362
2024-08-19 06:00:00,47491.755768155985,47973.10036584925,43885.924193131614,43885.924193131614,5006.038376220731
2024-08-19 08:00:00,43885.924193131614,51224.98566737622,43885.924193131614,48737.14736427595,2375.941161069249
2024-08-19 10:00:00,48737.14736427595,49881.84320910096,48737.14736427595,49566.95537704085,2166.0784754798274
2024-08-19 12:00:00,49566.95537704085,54272.95949729493,49566.95537704085,54142.71665394471,4275.51973578727
2024-08-19 14:00:00,54142.71665394471,54184.922269326984,53726.85146214911,53726.85146214911,3428.793968453524
2024-08-19 16:00:00,53726.85146214911,55224.75860900691,50504.89712522508,50504.89712522508,2896.9966542033158
2024-08-19 18:00:00,50504.89712522508,55893.17309742647,50504.89712522508,55893.17309742647,3725.9067357286144
2024-08-19 20:00:00,55893.17309742647,55893.17309742647,51002.874328955266,51002.874328955266,3684.5681295503878
2024-08-19 22:00:00,51002.874328955266,53469.67585046295,51002.874328955266,52916.19475950947,4405.769101706626
2024-08-20 00:00:00,55156.2979905616,55350.29882380518,53385.92469379413,53385.92469379413,3349.5157708861043
2024-08-20 02:00:00,53385.92469379413,53742.700294786955,53385.92469379413,53739.769558315646,3945.2038639370617
2024-08-20 04:00:00,53739.769558315646,58253.58940725932,53739.769558315646,58253.58940725932,2538.7131314608987
2024-08-20 06:00:00,58253.58940725932,60133.21482960889,58119.68596134266,60133.21482960889,3748.574336965518
2024-08-20 08:00:00,60133.21482960889,65905.78520665647,59339.28827502665,65905.78520665647,3792.8273761476935
2024-08-20 10:00:00,65905.78520665647,65905.78520665647,54152.85737930644,58099.46319419168,4361.706085570601
2024-08-20 12:00:00,58099.46319419168,58099.46319419168,53700.18619381801,53700.18619381801,2185.041930751089
2024-08-20 14:00:00,53700.18619381801,53836.035191248746,51080.008936181795,51080.008936181795,4342.207382190456
2024-08-20 16:00:00,51080.008936181795,51877.37592341945,51080.008936181795,51681.55771168296,2244.117373400045
2024-08-20 18:00:00,51681.55771168296,56458.71285650696,51681.55771168296,56458.71285650696,1584.4841597612908
2024-08-20 20:00:00,56458.71285650696,56458.71285650696,55059.6373582537,55514.63274505156,4527.348433879224
2024-08-20 22:00:00,55514.63274505156,55573.22260872087,53081.13190624275,53081.13190624275,2427.6120440370314
2024-08-21 00:00:00,54485.66809289415,54588.12597192635,54225.80566583792,54225.80566583792,3784.4257424896414
2024-08-21 02:00:00,54225.80566583792,54291.35044327626,54128.32443975421,54128.32443975421,3992.7146790272095
2024-08-21 04:00:00,54128.32443975421,54362.31720438919,53567.85663089852,53567.85663089852,3053.389565193712
2024-08-21 06:00:00,53567.85663089852,54247.11180054346,53567.85663089852,54022.42968313039,3579.5925832422286
2024-08-21 08:00:00,54022.42968313039,54283.32145938776,54022.42968313039,54250.71648346182,3235.5335499350704
2024-08-21 10:00:00,54250.71648346182,55172.01420427972,54250.71648346182,55172.01420427972,3875.8880508143156
2024-08-21 12:00:00,55172.01420427972,55172.01420427972,55142.232041610434,55159.25585077566,3201.7494266408753
2024-08-21 14:00:00,55159.25585077566,55159.25585077566,54723.5526758531,54796.426652855575,4463.6471311686755
2024-08-21 16:00:00,54796.426652855575,54923.007050511675,53549.44657723828,53549.44657723828,3052.9453455146186
2024-08-21 18:00:00,53549.44657723828,53679.159557475316,53396.430604186135,53396.430604186135,3682.0392359348903
2024-08-21 20:00:00,53396.430604186135,54923.007050511675,53396.430604186135,54469.45008477312,2373.7962332961315
2024-08-21 22:00:00,54469.45008477312,54923.007050511675,54443.06957500041,54847.40801579904,4521.693722413006
2024-08-22 00:00:00,54819.71524109852,54871.00349110228,54765.86115098458,54812.65966556288,6364.888846850436
2024-08-22 02:00:00,54812.65966556288,55321.6434642862,54530.11131913685,55321.6434642862,4512.667707476287
2024-08-22 04:00:00,55321.6434642862,55321.6434642862,55204.21281878698,55265.713704519905,7071.955706900004
2024-08-22 06:00:00,55265.713704519905,55327.55719665064,55152.306581618985,55327.55719665064,3415.4449915860496
2024-08-22 08:00:00,55327.55719665064,55327.55719665064,54746.57397879471,54819.91961928326,3564.7204490575277
2024-08-22 10:00:00,54819.91961928326,54953.26419736019,54748.12646061532,54923.90102190031,5175.799910430459
2024-08-22 12:00:00,54923.90102190031,54953.26419736019,54749.4268149053,54792.248455050714,2812.295419773477
2024-08-22 14:00:00,54792.248455050714,54997.16392419851,54613.67413305223,54997.16392419851,3212.740879086291
2024-08-22 16:00:00,54997.16392419851,54997.16392419851,54467.7754745984,54488.93098646399,5861.182086219894
2024-08-22 18:00:00,54488.93098646399,54571.43224767985,54077.19975808291,54077.19975808291,6368.99592608589
2024-08-22 20:00:00,54077.19975808291,54189.95065829913,54024.99749637773,54024.99749637773,6066.361418408681
2024-08-22 22:00:00,54024.99749637773,54373.33414023371,54024.99749637773,54281.27322187808,3944.896255312911
2024-08-23 00:00:00,54227.503311098575,54270.23760621324,54098.57550909551,54198.18159800191,3264.8080555791353
2024-08-23 02:00:00,54198.18159800191,54221.613532630734,54165.10696738665,54184.509631465495,3629.6718450817943
2024-08-23 04:00:00,54184.509631465495,54350.659936408054,54098.09712866413,54229.27592044987,3013.0198412141895
2024-08-23 06:00:00,54229.27592044987,54328.234237991135,54098.09712866413,54247.117977593814,2068.5119882634144
2024-08-23 08:00:00,54247.117977593814,54357.798311407045,54202.049076895455,54332.77369138106,3482.3646835821373
2024-08-23 10:00:00,54332.77369138106,54415.16896894166,54267.12464676066,54360.97615262762,3849.8438185505556
2024-08-23 12:00:00,54360.97615262762,54378.037810444046,54342.72554533918,54373.38122753634,2866.4433977705917
2024-08-23 14:00:00,54373.38122753634,54409.957409043025,54299.179646840785,54391.57218713573,4204.976678729357
2024-08-23 16:00:00,54391.57218713573,54395.1875359529,54342.93377928667,54367.89980735934,3671.930813625349
2024-08-23 18:00:00,54367.89980735934,54504.989727569045,54359.1306316768,54458.3876279437,2684.6991956470683
2024-08-23 20:00:00,54458.3876279437,54547.669079308536,54391.24921384543,54493.331692102234,4137.950672820822
2024-08-23 22:00:00,54493.331692102234,54527.713549788394,54486.06949296103,54524.53912292053,4109.0513338224155
2024-08-24 00:00:00,54442.03140907804,54522.05251702129,54376.53635227247,54492.836986698516,1321.3609765755364
2024-08-24 02:00:00,54492.836986698516,54501.906555409514,54434.14144659375,54444.47898206026,2321.7497411445124
2024-08-24 04:00:00,54444.47898206026,54468.513835205566,54304.50396066861,54319.265373486254,2832.1338010244604
2024-08-24 06:00:00,54319.265373486254,54373.956489902725,54301.35309313479,54365.72727185004,1951.8206152134492
2024-08-24 08:00:00,54365.72727185004,54525.89148398724,54286.39667915962,54465.555862122026,3041.212337548767
2024-08-24 10:00:00,54465.555862122026,54577.951762416495,54414.26124904116,54540.99734821501,3336.5218315866455
2024-08-24 12:00:00,54540.99734821501,54552.49448947299,54536.43177457068,54537.73483270737,2261.421303812827
2024-08-24 14:00:00,54537.73483270737,54586.03693390627,54434.61216343272,54465.44774684459,1337.4346446709135
2024-08-24 16:00:00,54465.44774684459,54706.979785602685,54403.67707040788,54523.01021791428,2721.770369934711
2024-08-24 18:00:00,54523.01021791428,54567.83087472953,54415.77421670982,54459.08780038031,3370.4974928821034
2024-08-24 20:00:00,54459.08780038031,54726.27026519537,54362.08973893893,54617.895546655505,2765.689144699004
2024-08-24 22:00:00,54617.895546655505,54910.85824563413,54459.21602792238,54773.32673280263,3747.7693301463305
2024-08-25 00:00:00,54728.24369378003,55186.21544403497,54635.03167521011,55011.68390808558,6600.353744328865
2024-08-25 02:00:00,55011.68390808558,55161.92483327176,54569.91039773647,54569.91039773647,7855.491195611537
2024-08-25 04:00:00,54569.91039773647,54613.90131594664,54458.6225321492,54458.6225321492,4476.180421643412
2024-08-25 06:00:00,54458.6225321492,55112.85486756881,54458.6225321492,55072.85617809064,3494.721019458752
2024-08-25 08:00:00,55072.85617809064,55239.09946147743,54635.03167521011,54816.33862623244,9753.90098983839
2024-08-25 10:00:00,54816.33862623244,55042.50011363171,54787.09393937951,54958.824027812734,8576.605539512975
2024-08-25 12:00:00,54958.824027812734,55585.13546358114,54830.83452395334,55373.26306335451,9292.755122393508
2024-08-25 14:00:00,55373.26306335451,55387.77070233703,55340.71698323822,55360.816631078866,8031.380221698268
2024-08-25 16:00:00,55360.816631078866,55880.51454760934,55288.35017487005,55880.51454760934,7319.821055561684
2024-08-25 18:00:00,55880.51454760934,55880.51454760934,55642.67328615619,55686.06902182617,5181.489932897519
2024-08-25 20:00:00,55686.06902182617,55715.98643525175,55601.796023209376,55715.98643525175,8697.312071063421
2024-08-25 22:00:00,55715.98643525175,55715.98643525175,55429.84081885952,55510.8191657446,8587.638728984857
2024-08-26 00:00:00,55585.046808025494,55602.58080463791,55581.733557418636,55601.35357329725,2543.003946528616
2024-08-26 02:00:00,55601.35357329725,55665.74296504024,55528.90560336479,55637.365627664,2266.3823821828846
2024-08-26 04:00:00,55637.365627664,55646.009268349066,55622.31277379158,55630.22973333724,5312.369267028975
2024-08-26 06:00:00,55630.22973333724,55688.63385878471,55610.653905650455,55635.81714129473,4286.452846584006
2024-08-26 08:00:00,55635.81714129473,55660.97739873617,55600.31849094269,55618.56293789625,3895.985516672209
2024-08-26 10:00:00,55618.56293789625,55722.504220709954,55596.184168052045,55708.46837770227,4433.99685686496
2024-08-26 12:00:00,55708.46837770227,55769.09769810305,55620.26055804612,55692.801515842664,2227.3925798260607
2024-08-26 14:00:00,55692.801515842664,55839.92970221942,55607.45697087493,55742.9825970489,5221.867953101016
2024-08-26 16:00:00,55742.9825970489,55748.57018315089,55710.68336584566,55722.19513978637,3359.1528025587627
2024-08-26 18:00:00,55722.19513978637,55725.28907795641,55654.616138551784,55700.67790604312,3992.495051777502
2024-08-26 20:00:00,55700.67790604312,55708.51934106767,55592.65494270694,55637.09246914899,3137.1690303666796
2024-08-26 22:00:00,55637.09246914899,55705.97265626308,55604.154441862614,55609.605737092206,3271.5370888668367
2024-08-27 00:00:00,55615.78195544378,55617.12346049937,55591.54355270143,55608.32216839677,3869.9401798602757
2024-08-27 02:00:00,55608.32216839677,55617.12346049937,55459.7953229785,55481.24741123877,6443.339581908999
2024-08-27 04:00:00,55481.24741123877,55502.73144198778,55378.278276362405,55412.20845988776,6327.1989297999935
2024-08-27 06:00:00,55412.20845988776,55481.79894863316,55315.53526465638,55419.31915056587,3426.28104958129
2024-08-27 08:00:00,55419.31915056587,55487.11663185728,55395.86399354922,55472.083044806204,6083.0123183327805
2024-08-27 10:00:00,55472.083044806204,55502.757443394614,55360.7620042347,55410.385035683044,4974.238928088576
2024-08-27 12:00:00,55410.385035683044,55446.23319962582,55311.69566073014,55353.82999873301,4251.323038371284
2024-08-27 14:00:00,55353.82999873301,55550.970737302145,55248.33102083756,55502.90079617183,5962.098352247869
2024-08-27 16:00:00,55502.90079617183,55617.12346049937,55234.03180885449,55347.99350882318,6141.813527160881
2024-08-27 18:00:00,55347.99350882318,55371.307931999094,55220.797261750384,55261.61584612181,4921.627934868809
2024-08-27 20:00:00,55261.61584612181,55358.41126158091,55241.597483761165,55313.820010957235,4041.322267659652
2024-08-27 22:00:00,55313.820010957235,55478.45987138701,55220.797261750384,55223.08057859328,2959.0299815669423
2024-08-28 00:00:00,55139.657882916596,55226.044907710864,55094.21800920724,55199.36522914191,15417.40536578953
2024-08-28 02:00:00,55199.36522914191,55251.82530925267,55101.98612481324,55130.91038130908,10866.64265529244
2024-08-28 04:00:00,55130.91038130908,55290.34563082312,54437.20698016741,54714.13494721716,14521.056687308892
2024-08-28 06:00:00,54714.13494721716,55085.740494990125,54633.39689748803,54968.541240773295,5721.166746568579
2024-08-28 08:00:00,54968.541240773295,55179.672456879875,54919.42824590216,55153.8400978257,5565.423865099905
2024-08-28 10:00:00,55153.8400978257,55371.417637311264,55062.39190566481,55371.417637311264,15258.698740285994
2024-08-28 12:00:00,55371.417637311264,55371.417637311264,54956.03385130598,55018.68837276175,6969.190071257886
2024-08-28 14:00:00,55018.68837276175,55182.565037342065,54721.192075398416,54737.76948222099,15234.92419494844
2024-08-28 16:00:00,54737.76948222099,54773.92224874507,54670.463244346254,54736.76735618104,15137.884294315412
2024-08-28 18:00:00,54736.76735618104,54782.40709646023,54263.43908495317,54436.26773698442,14608.603305758352
2024-08-28 20:00:00,54436.26773698442,54538.55483250632,53758.271161755634,53975.35996877619,11951.750065105072
2024-08-28 22:00:00,53975.35996877619,54154.00975304708,53487.913358086225,53560.3436314357,9345.495052934974
2024-08-29 00:00:00,53456.98244289507,54701.73856947464,53205.073678080385,54335.89659850608,4473.6691192969865
2024-08-29 02:00:00,54335.89659850608,54768.993322493334,52244.797229392694,52244.797229392694,8578.094707287788
2024-08-29 04:00:00,52244.797229392694,53930.55209834945,52244.797229392694,53686.715447678806,5823.9248693330455
2024-08-29 06:00:00,53686.715447678806,53688.815995433266,53667.96078448119,53674.68722742302,7044.094637992554
2024-08-29 08:00:00,53674.68722742302,53703.85662671207,53645.153439944326,53689.98049848107,3983.414116506687
2024-08-29 10:00:00,53689.98049848107,56015.11347079913,53058.2030773649,56015.11347079913,8210.613405596545
2024-08-29 12:00:00,56015.11347079913,56015.11347079913,55415.74362866333,55648.87831831088,9322.025966692088
2024-08-29 14:00:00,55648.87831831088,55648.87831831088,54961.527025721814,55052.70969949894,3749.2529146161833
2024-08-29 16:00:00,55052.70969949894,55261.37311759134,54154.944163433385,54384.27883068819,6763.737819495503
2024-08-29 18:00:00,54384.27883068819,54395.82462992004,53357.545292911425,53478.79895888319,3868.3754373138463
2024-08-29 20:00:00,53478.79895888319,54910.18771165616,53153.55976066872,54719.44814701093,4577.6791497714885
2024-08-29 22:00:00,54719.44814701093,55036.06341626497,54594.35320031237,55005.99908837765,5923.520294053644
2024-08-30 00:00:00,55246.62040842725,55276.450519850114,54804.88898793547,54940.62643350565,4931.354537324671
2024-08-30 02:00:00,54940.62643350565,55420.484894087385,54804.88898793547,55420.484894087385,6451.969921685865
2024-08-30 04:00:00,55420.484894087385,55420.484894087385,55362.599652767734,55370.16444337108,7777.277140788465
2024-08-30 06:00:00,55370.16444337108,55370.16444337108,55084.33984503965,55125.471910711436,3885.384417580586
2024-08-30 08:00:00,55125.471910711436,55405.08282118758,54999.569817954616,55405.08282118758,4976.215521203476
2024-08-30 10:00:00,55405.08282118758,55405.08282118758,55132.92346368395,55247.62609386277,3552.46468187978
2024-08-30 12:00:00,55247.62609386277,55276.450519850114,54257.62443360361,54257.62443360361,5033.098442601916
2024-08-30 14:00:00,54257.62443360361,54849.0637961177,54257.62443360361,54542.94827068684,5483.356752313117
2024-08-30 16:00:00,54542.94827068684,55081.751592727975,54542.94827068684,55060.02869437966,5845.496701582784
2024-08-30 18:00:00,55060.02869437966,55206.96548310763,54804.88898793547,54869.54099211161,7757.069544288055
2024-08-30 20:00:00,54869.54099211161,55007.39593345904,54428.23922397386,54428.23922397386,5325.2817662696325
2024-08-30 22:00:00,54428.23922397386,54864.31227907102,54428.23922397386,54800.41451207401,4679.652803159331
2024-08-31 00:00:00,54907.89622449752,55225.72890613206,54827.11607567212,55122.217632849766,3768.3980914350254
2024-08-31 02:00:00,55122.217632849766,55288.980669817654,54546.272974991836,54595.76714722483,5967.570471813826
2024-08-31 04:00:00,54595.76714722483,54611.25913224831,54330.89782380573,54376.18041028606,2957.3054100818918
2024-08-31 06:00:00,54376.18041028606,54600.07284886325,54314.16362608986,54520.30787132565,6361.602501521457
2024-08-31 08:00:00,54520.30787132565,54605.914398166635,54327.71680374166,54381.53402643123,3858.3893210953024
2024-08-31 10:00:00,54381.53402643123,54388.978278413015,54373.10562340619,54388.517592214506,3015.1618467789244
2024-08-31 12:00:00,54388.517592214506,54785.840003971076,54275.736191069394,54657.85691184154,5827.044322583881
2024-08-31 14:00:00,54657.85691184154,54743.94625765374,54548.01495457093,54552.83355567143,3403.865076994359
2024-08-31 16:00:00,54552.83355567143,54590.63012694155,54382.74962477115,54397.03108877272,5336.625154382398
2024-08-31 18:00:00,54397.03108877272,54422.0139641767,54197.5822781567,54368.773812616906,3390.5701470491763
2024-08-31 20:00:00,54368.773812616906,54547.84641400248,53886.1214539851,54048.102525788876,4548.11013824671
2024-08-31 22:00:00,54048.102525788876,54179.772838548946,53946.991076110324,54168.44753400238,2673.4601439417224
2024-09-01 00:00:00,54187.09485495191,54244.100429512044,53594.13003741943,53829.340690577745,6440.683682542946
2024-09-01 02:00:00,53829.340690577745,54042.91035469102,53742.312137925706,53978.23073580983,9675.243358704458
2024-09-01 04:00:00,53978.23073580983,54026.93371876773,53887.946037651054,53915.00612127109,4858.8983098386525
2024-09-01 06:00:00,53915.00612127109,54167.88435452616,53291.69482614986,53445.896012171004,8618.854618436984
2024-09-01 08:00:00,53445.896012171004,53570.980702341636,53306.19451959429,53534.0430918414,4623.900204764177
2024-09-01 10:00:00,53534.0430918414,53558.151225918635,53457.49631322338,53467.19234557859,8113.186449565881
2024-09-01 12:00:00,53467.19234557859,53521.98926108081,53193.09472776328,53279.75092497806,5496.801601862212
2024-09-01 14:00:00,53279.75092497806,53391.639548782936,53043.026847625624,53043.026847625624,9299.01559854249
2024-09-01 16:00:00,53043.026847625624,53822.10750093765,53043.026847625624,53605.13543620671,3956.6437426681214
2024-09-01 18:00:00,53605.13543620671,53897.232205176035,53364.51380272983,53792.0246134406,8952.406279125733
2024-09-01 20:00:00,53792.0246134406,53997.95372582957,53712.31708729529,53898.07963808636,7174.694532927997
2024-09-01 22:00:00,53898.07963808636,53964.86844297722,53148.69346143676,53378.394586434784,5144.989035322423
2024-09-02 00:00:00,53448.61745121896,53623.59156116095,53442.05326554499,53576.436437448356,2094.758537629124
2024-09-02 02:00:00,53576.436437448356,53598.42516128378,53553.26485729809,53575.02948712414,2304.2970218156906
2024-09-02 04:00:00,53575.02948712414,53579.101735779135,53492.546720704595,53535.28544649933,3440.114599034743
2024-09-02 06:00:00,53535.28544649933,53682.09588137562,53470.210037089,53670.01606611036,3123.771245513659
2024-09-02 08:00:00,53670.01606611036,53755.82666695198,53599.940488730674,53755.82666695198,2855.3581710782273
2024-09-02 10:00:00,53755.82666695198,53755.82666695198,53712.663775706926,53729.188858307316,2748.213042637388
2024-09-02 12:00:00,53729.188858307316,53729.188858307316,53489.82691195555,53626.26091565227,3154.4231884482265
2024-09-02 14:00:00,53626.26091565227,53646.44918329428,53496.295245344714,53521.54617414868,4506.515560704906
2024-09-02 16:00:00,53521.54617414868,53672.390818903696,53480.06528951276,53570.087988402214,2360.7376828035085
2024-09-02 18:00:00,53570.087988402214,53593.824284519935,53562.18109205254,53593.21576419736,3824.076358155319
2024-09-02 20:00:00,53593.21576419736,53601.356371884685,53585.367506596915,53590.92187225321,3927.074293419078
2024-09-02 22:00:00,53590.92187225321,53682.09588137562,53558.19431455843,53659.85741644795,2306.403167618627
2024-09-03 00:00:00,53586.6407081188,54578.44958854773,53426.615365244914,54385.10777808534,2871.99578200645
2024-09-03 02:00:00,54385.10777808534,54521.97405766404,53489.281139953695,53750.43989303038,5949.003411754195
2024-09-03 04:00:00,53750.43989303038,53933.151833475895,53071.697691661626,53071.697691661626,4030.671737010934
2024-09-03 06:00:00,53071.697691661626,53485.88777333742,53071.697691661626,53405.06392429964,6328.90080122947
2024-09-03 08:00:00,53405.06392429964,53609.13780829066,53037.88475114737,53037.88475114737,4616.366908238121
2024-09-03 10:00:00,53037.88475114737,53108.34366757219,51054.62962633143,51054.62962633143,6157.619628632461
2024-09-03 12:00:00,51054.62962633143,52472.351778548524,51054.62962633143,52095.02263426761,3834.966915579517
2024-09-03 14:00:00,52095.02263426761,52437.61108944031,51394.0032723108,51394.0032723108,2692.0380603316817
2024-09-03 16:00:00,51394.0032723108,51899.84240579505,51394.0032723108,51736.07060144433,3833.7537085296103
2024-09-03 18:00:00,51736.07060144433,51743.38934830495,51726.187768017764,51726.187768017764,4294.663403014282
2024-09-03 20:00:00,51726.187768017764,52748.00533970064,51726.187768017764,52582.51568238165,5330.474361002284
2024-09-03 22:00:00,52582.51568238165,54578.44958854773,52582.51568238165,54409.6375694864,5283.007875696888
2024-09-04 00:00:00,54588.36230960235,54590.597314230225,54567.10788439152,54574.49252050327,2076.479557394054
2024-09-04 02:00:00,54574.49252050327,54589.85663019211,54552.98006351359,54576.00992582922,3584.761751069237
2024-09-04 04:00:00,54576.00992582922,54592.04001361959,54572.617559208185,54581.40452489712,1386.372576829879
2024-09-04 06:00:00,54581.40452489712,54634.00327772112,54564.55814737465,54613.17201294175,3461.5340989918345
2024-09-04 08:00:00,54613.17201294175,54629.52885207442,54556.1633454611,54592.0206688606,2042.5249746614681
2024-09-04 10:00:00,54592.0206688606,54642.11546487627,54457.569825933446,54576.668925482576,3469.176368115405
2024-09-04 12:00:00,54576.668925482576,54584.52389502869,54517.469917784336,54549.94357527366,2755.6439780178903
2024-09-04 14:00:00,54549.94357527366,54568.64703234653,54528.38498824898,54551.87828948756,2648.9593051548736
2024-09-04 16:00:00,54551.87828948756,54575.04404664919,54511.25073507747,54556.50931890563,2727.184374709531
2024-09-04 18:00:00,54556.50931890563,54581.91070417435,54542.45829179695,54573.2625563988,3940.8427927657913
2024-09-04 20:00:00,54573.2625563988,54647.7110123487,54519.77138466318,54577.654134040706,3389.3191584689325
2024-09-04 22:00:00,54577.654134040706,54592.572157547576,54528.7295041385,54556.02507465477,3639.9115908813483
2024-09-05 00:00:00,54518.518952620616,54716.18658320605,54491.42155458911,54662.818317638754,4922.156973922333
2024-09-05 02:00:00,54662.818317638754,55107.395068975435,54649.833611946706,54934.85316091067,3237.80476975145
2024-09-05 04:00:00,54934.85316091067,55572.958719241724,54634.401393839136,55508.14824853322,5309.264205714216
2024-09-05 06:00:00,55508.14824853322,55597.87871417206,55430.46583765895,55544.369884915795,4545.288238145399
2024-09-05 08:00:00,55544.369884915795,55910.000153509056,55343.73882262284,55698.77973991614,3375.34988472006
2024-09-05 10:00:00,55698.77973991614,55903.55347384588,55587.08009785471,55825.60433346624,6010.519818207888
2024-09-05 12:00:00,55825.60433346624,55951.028719156115,55700.820906927314,55717.30854333865,5020.176807554035
2024-09-05 14:00:00,55717.30854333865,55718.454496112696,55699.773969794864,55715.82839372675,5788.869147104202
2024-09-05 16:00:00,55715.82839372675,55719.53000254818,55611.8418821747,55624.09509285426,5822.329701403887
2024-09-05 18:00:00,55624.09509285426,55743.68085447099,55243.28884153951,55379.806224390086,6596.0991210869715
2024-09-05 20:00:00,55379.806224390086,55650.70248475857,55244.01953583336,55603.84365558739,4388.984191614293
2024-09-05 22:00:00,55603.84365558739,56185.817014157496,55333.25893405032,56027.79207756947,3193.2013557483137
2024-09-06 00:00:00,56486.245952410536,56507.358157034505,56438.46533364255,56464.00451127021,5826.935054470874
2024-09-06 02:00:00,56464.00451127021,56475.662120024506,56410.27147577389,56451.7487348489,2449.6788379990207
2024-09-06 04:00:00,56451.7487348489,56508.87104475514,56413.19697307983,56472.27073697812,3707.5103511139155
2024-09-06 06:00:00,56472.27073697812,56474.68462382707,56447.887436430065,56464.81137735087,2843.075115879946
2024-09-06 08:00:00,56464.81137735087,56493.31082195141,56421.296320790236,56478.219490662916,3225.1844396658207
2024-09-06 10:00:00,56478.219490662916,56502.297196469764,56433.418574642135,56471.32140548562,4169.41415498844
2024-09-06 12:00:00,56471.32140548562,56524.04171583166,56431.06319921567,56468.64662239379,3358.142226480062
2024-09-06 14:00:00,56468.64662239379,56476.375273897334,56446.638301778985,56461.59451369652,4083.069316175373
2024-09-06 16:00:00,56461.59451369652,56474.7706042591,56460.66349741806,56470.45986303794,4905.906710082897
2024-09-06 18:00:00,56470.45986303794,56552.133009977006,56440.55056449994,56445.41574137877,3724.6614423702013
2024-09-06 20:00:00,56445.41574137877,56455.24503892006,56433.27393454615,56436.039956453365,5383.755921406407
2024-09-06 22:00:00,56436.039956453365,56593.01836541303,56400.31857588779,56447.25783890009,2610.006050644827
2024-09-07 00:00:00,56520.5212989593,56616.193469837315,56505.49945735288,56607.25622631464,4561.89700629227
2024-09-07 02:00:00,56607.25622631464,56870.78207194469,56509.366199332406,56832.56183030497,4966.536731571985
2024-09-07 04:00:00,56832.56183030497,56878.37846845919,56813.23041164818,56866.87640810914,2152.225445374937
2024-09-07 06:00:00,56866.87640810914,56905.16051411911,56848.71846313955,56899.06350247334,3032.7449758633047
2024-09-07 08:00:00,56899.06350247334,57032.99449164061,56821.21671584607,56998.12467238416,6021.160805854431
2024-09-07 10:00:00,56998.12467238416,57248.58294946593,56891.06726403638,57108.50532537842,2418.6819356179
2024-09-07 12:00:00,57108.50532537842,57297.398288743345,57008.70759318372,57170.40557698344,5154.806442170458
2024-09-07 14:00:00,57170.40557698344,57357.085794971186,57118.717474917656,57288.963506196866,5641.136341391746
2024-09-07 16:00:00,57288.963506196866,57433.77645360313,57215.44709599746,57433.77645360313,5332.071265632738
2024-09-07 18:00:00,57433.77645360313,57516.052334863365,57388.00433751502,57516.052334863365,3293.1201450440835
2024-09-07 20:00:00,57516.052334863365,57516.052334863365,57473.360018334075,57488.32890537499,2163.935895440236
2024-09-07 22:00:00,57488.32890537499,57488.32890537499,57244.86339572441,57380.47791604228,3658.9432558467042
2024-09-08 00:00:00,57109.52655300974,57559.78249767024,56904.89401925469,57482.094321065204,3874.988428962876
2024-09-08 02:00:00,57482.094321065204,57495.65225707044,57348.80712806313,57357.3787306429,5167.203955827868
2024-09-08 04:00:00,57357.3787306429,57857.47167692101,57075.984964099865,57857.47167692101,2810.2947313552213
2024-09-08 06:00:00,57857.47167692101,58136.852479626505,57777.47374138283,58136.852479626505,4552.755145382647
2024-09-08 08:00:00,58136.852479626505,58252.097827927,58087.49828132219,58252.097827927,4637.7096490083695
2024-09-08 10:00:00,58252.097827927,58275.05690851338,58239.24821289098,58275.05690851338,5403.55690374665
2024-09-08 12:00:00,58275.05690851338,58352.004288587406,58239.68545496153,58352.004288587406,3180.6406683979735
2024-09-08 14:00:00,58352.004288587406,58352.004288587406,58009.9111645282,58104.44868393245,4577.012266273987
2024-09-08 16:00:00,58104.44868393245,58370.254777657836,57963.25025421979,58370.254777657836,3892.581084872182
2024-09-08 18:00:00,58370.254777657836,58370.254777657836,58290.277178082775,58307.957411788215,2907.523143988639
2024-09-08 20:00:00,58307.957411788215,58307.957411788215,57236.2667522989,57649.75868269468,4203.287902114895
2024-09-08 22:00:00,57649.75868269468,57678.02165132054,57437.44199817275,57528.155246305345,2903.398046839929
2024-09-09 00:00:00,57673.10967207279,57682.9310832618,57641.53517987634,57671.43910221173,4935.142440036886
2024-09-09 02:00:00,57671.43910221173,57710.76501207436,57607.69360800198,57700.78324088349,3112.2959230510164
2024-09-09 04:00:00,57700.78324088349,57750.909122549085,57637.93208441898,57667.957564465054,3766.382271937139
2024-09-09 06:00:00,57667.957564465054,57720.18197950657,57612.46032259914,57673.6457904429,6254.902906782627
2024-09-09 08:00:00,57673.6457904429,57692.91138500363,57578.9995846283,57649.72736487248,2608.695507872565
2024-09-09 10:00:00,57649.72736487248,57666.835291316,57569.113740444125,57610.02082883928,4486.855266838515
2024-09-09 12:00:00,57610.02082883928,57613.087246064955,57590.55461588733,57606.99072442645,5357.47888164818
2024-09-09 14:00:00,57606.99072442645,57616.05986092447,57549.66833647199,57571.607260892626,7137.225567296847
2024-09-09 16:00:00,57571.607260892626,57585.379240675116,57559.972506632395,57582.36180366919,4019.860523919214
2024-09-09 18:00:00,57582.36180366919,57588.074103165105,57549.66833647199,57581.48766424785,2643.1069068182246
2024-09-09 20:00:00,57581.48766424785,57611.250970771565,57549.66833647199,57607.69474704087,5428.5025154410605
2024-09-09 22:00:00,57607.69474704087,57657.47778813615,57549.66833647199,57622.35007567129,4379.386403709004
2024-09-10 00:00:00,57895.372586698395,57918.133951211785,57857.79667695238,57861.41493818265,6457.570097846539
2024-09-10 02:00:00,57861.41493818265,57924.40594567522,57739.14275404743,57887.45431631948,2760.995344492139
2024-09-10 04:00:00,57887.45431631948,57897.31768555303,57880.68467891326,57884.22259457384,2702.831874053186
2024-09-10 06:00:00,57884.22259457384,57948.44221331175,57839.22343426427,57919.59242303987,4821.496866739279
2024-09-10 08:00:00,57919.59242303987,57926.82070326074,57902.9862549601,57923.81740413416,5185.771513585143
2024-09-10 10:00:00,57923.81740413416,58074.3322532532,57757.474262549564,57965.06163572109,3331.626791911846
2024-09-10 12:00:00,57965.06163572109,58127.079252407275,57811.79746270796,57973.81500716906,3092.3731930907747
2024-09-10 14:00:00,57973.81500716906,57993.33890019905,57924.141066569544,57956.47749045278,5261.175418121521
2024-09-10 16:00:00,57956.47749045278,58045.8306925492,57921.59420904846,57961.87655044885,3543.6652514924194
2024-09-10 18:00:00,57961.87655044885,58066.033156099795,57840.18075202206,58039.74305006042,6505.584495207359
2024-09-10 20:00:00,58039.74305006042,58040.35568747611,57991.965758241575,57998.6880833996,4130.884777617309
2024-09-10 22:00:00,57998.6880833996,58158.944605077086,57930.51394431639,58075.48320947492,5968.1356479725955
2024-09-11 00:00:00,58182.35816945781,58526.2168702641,58121.888167880934,58390.11617726115,4401.511731141013
2024-09-11 02:00:00,58390.11617726115,58418.3951518167,58228.78532843554,58291.31370780203,2779.357388014703
2024-09-11 04:00:00,58291.31370780203,58692.26872036698,58107.08413076037,58667.87374642836,2526.130026514529
2024-09-11 06:00:00,58667.87374642836,58675.695950050795,58396.453577225235,58413.366035179104,2916.530574259376
2024-09-11 08:00:00,58413.366035179104,58481.63174713615,58287.47898578523,58317.36987676016,3266.1508119217665
2024-09-11 10:00:00,58317.36987676016,58487.50225118979,58229.75680469373,58423.27311826278,5072.213693823675
2024-09-11 12:00:00,58423.27311826278,58732.87620170625,58216.00140591403,58732.87620170625,4821.540614203333
2024-09-11 14:00:00,58732.87620170625,58732.87620170625,58311.4594411098,58548.37537198392,2116.332664684792
2024-09-11 16:00:00,58548.37537198392,58570.5789913573,58445.45528086254,58465.475309587426,5552.325523062111
2024-09-11 18:00:00,58465.475309587426,58637.5601044291,58324.885392255506,58422.595876733685,3646.125164489177
2024-09-11 20:00:00,58422.595876733685,58428.32495370727,58417.79866420495,58422.29499892256,4092.598067980175
2024-09-11 22:00:00,58422.29499892256,58633.922591745235,58294.46823285632,58580.48420721005,4485.056992738475
2024-09-12 00:00:00,58344.620179629484,58566.40809133878,58160.07841331738,58369.19173312443,6568.787627208752
2024-09-12 02:00:00,58369.19173312443,58447.91117833251,58338.998278026294,58437.03727027498,2768.0191480085778
2024-09-12 04:00:00,58437.03727027498,58551.86038963662,58361.846706857395,58487.141985159964,3820.145441799054
2024-09-12 06:00:00,58487.141985159964,58580.0639645819,58414.046189126115,58448.50159269247,5611.134271048969
2024-09-12 08:00:00,58448.50159269247,58477.94136285343,58297.86615974217,58361.94441594351,6722.216996220626
2024-09-12 10:00:00,58361.94441594351,58375.03227404253,58304.25685891163,58343.8026530915,3549.9810621444462
2024-09-12 12:00:00,58343.8026530915,58538.32506455908,58326.6833393609,58461.37062657458,6102.0781697340435
2024-09-12 14:00:00,58461.37062657458,58472.29219068325,58320.08106558501,58381.66012683653,6747.753652656078
2024-09-12 16:00:00,58381.66012683653,58383.850041054495,58198.246243819325,58352.005433602324,3213.0892416810348
2024-09-12 18:00:00,58352.005433602324,58424.309696853976,58291.28720095986,58354.694772686125,5801.266277537363
2024-09-12 20:00:00,58354.694772686125,58384.42749317083,58267.24421315566,58276.56845423105,2633.9931710465676
2024-09-12 22:00:00,58276.56845423105,58351.6759387548,58265.997108830226,58295.40724117766,2804.1294807478043
2024-09-13 00:00:00,58248.255218406346,58653.031500883066,58066.37513345311,58629.24915822636,13606.431890353057
2024-09-13 02:00:00,58629.24915822636,58644.332620944035,58600.156403190325,58642.813105318644,10545.731749327708
2024-09-13 04:00:00,58642.813105318644,58970.72679613847,58451.03039557773,58957.47976163864,7161.001718379659
2024-09-13 06:00:00,58957.47976163864,59068.45621953295,58753.644220380345,58808.934405797605,8864.626300198075
2024-09-13 08:00:00,58808.934405797605,58835.19957974407,58786.305067862944,58824.49978987365,7359.380294572375
2024-09-13 10:00:00,58824.49978987365,58954.45676486112,58776.42181070174,58920.359189170114,11260.189464743135
2024-09-13 12:00:00,58920.359189170114,59201.22160657903,58764.088424346846,58951.25757138067,8724.635489325312
2024-09-13 14:00:00,58951.25757138067,59283.868931705634,58908.08276759051,59161.09321183605,15860.659715781563
2024-09-13 16:00:00,59161.09321183605,59543.54246440654,59021.827128264194,59481.6443176036,15812.33575920281
2024-09-13 18:00:00,59481.6443176036,59555.023602648616,59095.07794637356,59296.96022385379,7634.042907406502
2024-09-13 20:00:00,59296.96022385379,59513.567726108035,59255.997879367445,59429.368782970414,16036.103888523421
2024-09-13 22:00:00,59429.368782970414,59444.32511710776,59426.54336194675,59435.36124350606,10445.013227558215
2024-09-14 00:00:00,59629.53850931318,59665.83869750326,59572.019321977205,59576.107111510646,1185.197364979483
2024-09-14 02:00:00,59576.107111510646,59606.35045205534,59562.381417930796,59586.4092611177,2529.4928935787148
2024-09-14 04:00:00,59586.4092611177,59588.988145685704,59522.54556207907,59587.38967161279,2753.1554899604007
2024-09-14 06:00:00,59587.38967161279,59625.70512108898,59584.89694436644,59624.47633911707,2508.3095505189526
2024-09-14 08:00:00,59624.47633911707,59660.914833478826,59527.31484347345,59597.21261958683,3043.062421844318
2024-09-14 10:00:00,59597.21261958683,59646.1008486162,59524.88159990241,59531.94869459707,2212.0657065724217
2024-09-14 12:00:00,59531.94869459707,59537.99001325511,59504.272741421286,59504.272741421286,2617.0224408262247
2024-09-14 14:00:00,59504.272741421286,59525.14599218226,59470.947185895566,59470.947185895566,2361.0774375563838
2024-09-14 16:00:00,59470.947185895566,59607.78011724241,59470.947185895566,59498.81410222054,2427.082539798608
2024-09-14 18:00:00,59498.81410222054,59608.46408310795,59498.81410222054,59592.465085951226,1784.2826097160748
2024-09-14 20:00:00,59592.465085951226,59654.87752392431,59548.90132089142,59628.52555864061,1386.7630420787402
2024-09-14 22:00:00,59628.52555864061,59652.73594449859,59506.65881977128,59536.69733914559,1507.6231750193228
2024-09-15 00:00:00,59537.43644956459,61830.053430913336,59155.709971469856,61830.053430913336,8272.40940136496
2024-09-15 02:00:00,61830.053430913336,66212.3857204298,61333.00559599753,66212.3857204298,3842.7669035982767
2024-09-15 04:00:00,66212.3857204298,66212.3857204298,64659.73155850847,65304.68689625346,6722.6241642102705
2024-09-15 06:00:00,65304.68689625346,65304.68689625346,59930.51417692955,61564.3532255306,6157.833824695218
2024-09-15 08:00:00,61564.3532255306,61564.3532255306,55913.13016463673,55913.13016463673,8060.605774735609
2024-09-15 10:00:00,55913.13016463673,56232.83774339083,55150.74319365991,55150.74319365991,6258.432381757286
2024-09-15 12:00:00,55150.74319365991,56498.47152074179,48996.593167592335,48996.593167592335,6544.081313187531
2024-09-15 14:00:00,48996.593167592335,49269.01650968108,48996.593167592335,49203.69848992966,7932.437214641747
2024-09-15 16:00:00,49203.69848992966,51421.69439788154,49203.69848992966,50774.21665390942,6400.670520489337
2024-09-15 18:00:00,50774.21665390942,59308.816524929905,50774.21665390942,58907.47817308684,7899.128117987565
2024-09-15 20:00:00,58907.47817308684,62481.57056609529,58907.47817308684,62481.57056609529,4355.071124909354
2024-09-15 22:00:00,62481.57056609529,62481.57056609529,58536.94268069907,58536.94268069907,8325.34196956019
2024-09-16 00:00:00,60766.84579626744,60790.78168362164,60668.078117102064,60700.10297413988,2009.190648014297
2024-09-16 02:00:00,60700.10297413988,60790.78168362164,60682.40435089827,60776.47929590891,4931.556452979963
2024-09-16 04:00:00,60776.47929590891,60790.78168362164,60717.718101016624,60757.106689928136,2239.6033882436727
2024-09-16 06:00:00,60757.106689928136,60762.846889308435,60675.024963992575,60732.344910881606,2678.000675973758
2024-09-16 08:00:00,60732.344910881606,60755.64217510108,60717.12657109778,60750.99955420786,4779.256938567848
2024-09-16 10:00:00,60750.99955420786,60772.82776944561,60690.092107496355,60712.675055766056,3981.9880395489295
2024-09-16 12:00:00,60712.675055766056,60727.93381293843,60646.74273222253,60668.62368548254,5170.877867912927
2024-09-16 14:00:00,60668.62368548254,60692.87692116342,60596.00719127722,60611.62125553718,4581.872968366267
2024-09-16 16:00:00,60611.62125553718,60658.788451835826,60571.88861238803,60577.82130313629,3523.6813731998336
2024-09-16 18:00:00,60577.82130313629,60649.11458954079,60411.30579805673,60558.843529179496,4351.882198599492
2024-09-16 20:00:00,60558.843529179496,60712.69596228903,60335.95754643947,60409.659623454965,4806.251694684629
2024-09-16 22:00:00,60409.659623454965,60427.77331469957,60343.74629495253,60362.06867765447,2126.4470257037274
2024-09-17 00:00:00,60313.44300466678,60418.5859121766,60146.77991499737,60146.77991499737,3784.444472368419
2024-09-17 02:00:00,60146.77991499737,60205.53866325121,60146.77991499737,60188.937827275964,7840.374659474463
2024-09-17 04:00:00,60188.937827275964,60240.68032578453,60161.180819215515,60166.572157896415,7543.693836656583
2024-09-17 06:00:00,60166.572157896415,60450.77733530134,60161.180819215515,60323.034841432986,6960.720084262658
2024-09-17 08:00:00,60323.034841432986,60511.200305162565,60161.180819215515,60467.965191294934,4308.9682985280715
2024-09-17 10:00:00,60467.965191294934,60514.62644575999,60393.37818390041,60411.26934079472,4741.717473045661
2024-09-17 12:00:00,60411.26934079472,60536.85273133866,60271.53290387882,60346.846956521425,5880.041772193044
2024-09-17 14:00:00,60346.846956521425,60717.33074484863,60169.40787334827,60626.61521295394,2795.8982209812834
2024-09-17 16:00:00,60626.61521295394,60918.89772160402,60510.569986941366,60790.388607247056,4194.816108958076
2024-09-17 18:00:00,60790.388607247056,60841.042939005936,60778.28056202867,60823.56352602882,3546.4454464060414
2024-09-17 20:00:00,60823.56352602882,61051.43588331877,60810.45179771822,61051.43588331877,2754.4372172500143
2024-09-17 22:00:00,61051.43588331877,61051.43588331877,60773.01624368736,60834.73822360247,5553.128813971828
2024-09-18 00:00:00,60846.12543379919,60875.18712872619,60831.32943674193,60849.62865953587,3091.8635372305503
2024-09-18 02:00:00,60849.62865953587,60883.844217828,60831.32943674193,60860.479124933314,2663.707574566877
2024-09-18 04:00:00,60860.479124933314,60866.58268255755,60847.86407203681,60848.864859913425,6257.528653135701
2024-09-18 06:00:00,60848.864859913425,60877.74733270799,60744.69023673065,60744.69023673065,5695.932172777821
2024-09-18 08:00:00,60744.69023673065,60803.94094177549,60644.038307509225,60644.038307509225,4101.141046336736
2024-09-18 10:00:00,60644.038307509225,60732.73976998535,60644.038307509225,60696.93280039614,5309.93877542906
2024-09-18 12:00:00,60696.93280039614,60883.844217828,60696.93280039614,60744.55729875137,3036.7140549103237
2024-09-18 14:00:00,60744.55729875137,60785.464431151864,60744.55729875137,60772.79778552444,5523.343073779628
2024-09-18 16:00:00,60772.79778552444,60883.844217828,60772.79778552444,60846.60447787074,3747.7603043832833
2024-09-18 18:00:00,60846.60447787074,60883.844217828,60827.008047394585,60827.008047394585,5112.365195927164
2024-09-18 20:00:00,60827.008047394585,60883.844217828,60827.008047394585,60859.98028820286,4942.999822763707
2024-09-18 22:00:00,60859.98028820286,60883.844217828,60838.44292449235,60871.10068543518,2453.370410959123
2024-09-19 00:00:00,60447.78330100894,61253.52023897198,60329.883888876146,60966.55264179482,3212.813586576338
2024-09-19 02:00:00,60966.55264179482,63401.64058830266,60645.01767614881,63401.64058830266,3580.3941172438576
2024-09-19 04:00:00,63401.64058830266,63844.92748525553,63379.165075717814,63844.92748525553,4330.630630072727
2024-09-19 06:00:00,63844.92748525553,64324.95720458558,63686.07398726975,64324.95720458558,7583.518714591856
2024-09-19 08:00:00,64324.95720458558,64324.95720458558,64019.139681877845,64121.7500876489,3113.1616194351636
2024-09-19 10:00:00,64121.7500876489,64889.56828037438,63767.825962674055,64889.56828037438,7214.647208269482
2024-09-19 12:00:00,64889.56828037438,65060.48520379224,64852.01324687824,65060.48520379224,3287.5658041987913
2024-09-19 14:00:00,65060.48520379224,65171.32738673795,64939.50234368656,65171.32738673795,3837.1203316757765
2024-09-19 16:00:00,65171.32738673795,65171.32738673795,63907.97821518279,64405.64351329696,3287.667540271536
2024-09-19 18:00:00,64405.64351329696,65938.02888069481,63658.709820733646,65938.02888069481,4716.272443797548
2024-09-19 20:00:00,65938.02888069481,65938.02888069481,63415.15290331519,64216.42211894908,7521.138488131822
2024-09-19 22:00:00,64216.42211894908,64216.42211894908,62214.98643790525,62242.535218008925,4115.392782661197
2024-09-20 00:00:00,62433.31619235476,62532.74979417479,58360.90063452746,58360.90063452746,8088.90004654704
2024-09-20 02:00:00,58360.90063452746,62172.53807268789,58360.90063452746,60918.38352487873,4580.687681793862
2024-09-20 04:00:00,60918.38352487873,61255.475462646486,60281.52731972217,60281.52731972217,7484.336695390828
2024-09-20 06:00:00,60281.52731972217,60742.818667967935,60281.52731972217,60727.25001345545,3409.0388908794002
2024-09-20 08:00:00,60727.25001345545,61526.26537064275,60727.25001345545,61300.848833580756,5777.625472830662
2024-09-20 10:00:00,61300.848833580756,61434.13556667793,59451.68397633607,59451.68397633607,4827.534148402208
2024-09-20 12:00:00,59451.68397633607,59625.00861679944,57862.70852097052,57862.70852097052,6742.599141995943
2024-09-20 14:00:00,57862.70852097052,57914.77560999073,57834.870826286286,57834.870826286286,9021.722604035838
2024-09-20 16:00:00,57834.870826286286,59160.77409963703,57834.870826286286,58909.911786966,5060.249205776811
2024-09-20 18:00:00,58909.911786966,59123.07099544868,58909.911786966,59036.21175469163,5189.332741533811
2024-09-20 20:00:00,59036.21175469163,60796.00480811262,59036.21175469163,60438.16251761075,9955.799534523187
2024-09-20 22:00:00,60438.16251761075,60967.223881321625,60438.16251761075,60944.58542191001,7605.494455442267
2024-09-21 00:00:00,61390.386356466464,61615.61127578893,61181.7255639879,61615.61127578893,5245.281243868826
2024-09-21 02:00:00,61615.61127578893,61615.61127578893,61520.05278898768,61560.831263566506,3619.0209261254963
2024-09-21 04:00:00,61560.831263566506,61907.05905067651,61377.147036574584,61907.05905067651,5685.939788689682
2024-09-21 06:00:00,61907.05905067651,62027.4995148792,61863.14333807328,62027.4995148792,1965.4815476109468
2024-09-21 08:00:00,62027.4995148792,62027.4995148792,62015.58450139276,62025.84201610447,2337.896227437119
2024-09-21 10:00:00,62025.84201610447,62025.84201610447,61844.723078228024,61914.76009356294,4208.831301223851
2024-09-21 12:00:00,61914.76009356294,61914.76009356294,61453.790718430566,61624.18023534333,4244.937568030957
2024-09-21 14:00:00,61624.18023534333,61980.720579650624,61480.86776738704,61980.720579650624,4605.481250479484
2024-09-21 16:00:00,61980.720579650624,61980.720579650624,61491.893788334164,61635.494521874796,2412.6174079720204
2024-09-21 18:00:00,61635.494521874796,61635.494521874796,61295.53147983961,61518.85139256126,2264.110967557164
2024-09-21 20:00:00,61518.85139256126,61518.85139256126,61226.31319710691,61285.93214816522,2263.8553193017337
2024-09-21 22:00:00,61285.93214816522,61515.98786422221,60756.047543809655,60813.34013634715,4326.9447447014445
2024-09-22 00:00:00,60817.51730400603,60855.17219405493,60812.594108553596,60819.22702182121,1468.7368164560264
2024-09-22 02:00:00,60819.22702182121,60826.37740963914,60809.46409355145,60821.34646936297,3207.687098823501
2024-09-22 04:00:00,60821.34646936297,60907.36750535123,60781.274855001975,60816.31929671148,2660.280348796397
2024-09-22 06:00:00,60816.31929671148,60871.4372006327,60762.98812787906,60827.924806558614,2763.3646039070177
2024-09-22 08:00:00,60827.924806558614,60859.45568946913,60790.010741414844,60832.223288166366,1163.4527849553717
2024-09-22 10:00:00,60832.223288166366,60845.183715938474,60736.74726635343,60830.57198150192,3217.5994818638196
2024-09-22 12:00:00,60830.57198150192,60886.26326851043,60796.80278232088,60825.5582737694,2768.133335041329
2024-09-22 14:00:00,60825.5582737694,60881.135773611946,60807.8534009175,60809.437659413255,1197.021985285278
2024-09-22 16:00:00,60809.437659413255,60822.990226738475,60778.04961192517,60800.3885863789,3142.920430046963
2024-09-22 18:00:00,60800.3885863789,60824.75074802536,60745.25028387129,60805.40101058953,1835.3589550878287
2024-09-22 20:00:00,60805.40101058953,60816.56849876816,60801.11897859869,60810.98133710299,3270.811740947742
2024-09-22 22:00:00,60810.98133710299,60842.69207034725,60800.127917906495,60810.631058464045,2769.9202872722726
2024-09-23 00:00:00,60744.36536617909,61835.527529744104,60616.034358596866,61812.99872197202,7377.847414321161
2024-09-23 02:00:00,61812.99872197202,61840.10895346385,61147.85766767682,61167.73255464381,7852.896117062912
2024-09-23 04:00:00,61167.73255464381,61330.76425756665,60616.034358596866,60618.67993766668,7384.023840954672
2024-09-23 06:00:00,60618.67993766668,61312.23976257383,60616.034358596866,61270.31888277448,7872.862939120297
2024-09-23 08:00:00,61270.31888277448,61279.85891712567,61244.23900003935,61258.79518670306,5740.717439733901
2024-09-23 10:00:00,61258.79518670306,61437.27729714077,60624.5062380194,60894.7172356732,8435.491843947222
2024-09-23 12:00:00,60894.7172356732,61369.8888284351,60855.600958880605,61294.810190839555,6473.080343757925
2024-09-23 14:00:00,61294.810190839555,61507.531653281265,60616.034358596866,60630.75977758332,4579.532884416025
2024-09-23 16:00:00,60630.75977758332,61333.06311090722,60616.034358596866,61114.034729510844,4161.518541976845
2024-09-23 18:00:00,61114.034729510844,61136.7604662107,61013.985775933055,61133.865270611364,3549.8782302435343
2024-09-23 20:00:00,61133.865270611364,61646.118054385195,60806.407016030236,61627.45062729964,3422.503136534314
2024-09-23 22:00:00,61627.45062729964,61920.92799835339,61579.28632957761,61878.6895951024,3816.1050322806195
2024-09-24 00:00:00,62353.49169832348,62444.84889549779,62299.56711232057,62361.94099642321,5294.671796359178
2024-09-24 02:00:00,62361.94099642321,62363.56893239785,62271.42780596629,62341.575717778185,1954.251049132457
2024-09-24 04:00:00,62341.575717778185,62527.499278855335,62335.75320033724,62462.041100190436,2133.835036218043
2024-09-24 06:00:00,62462.041100190436,62553.14949359079,62446.5650556624,62505.42355902898,2781.0716612976557
2024-09-24 08:00:00,62505.42355902898,62614.24090990673,62426.162884579666,62441.97954408081,2284.7150825229705
2024-09-24 10:00:00,62441.97954408081,62442.18216048986,62436.622597700945,62438.085308071604,3821.644487548545
2024-09-24 12:00:00,62438.085308071604,62542.54551733328,62432.834560796095,62438.56189393569,2872.9902924481557
2024-09-24 14:00:00,62438.56189393569,62478.86449081303,62385.16166050616,62473.801224019684,5043.535364662513
2024-09-24 16:00:00,62473.801224019684,62531.90106532838,62410.41860396773,62456.63912775243,3670.2172576873145
2024-09-24 18:00:00,62456.63912775243,62572.486172774654,62315.03889799004,62569.79978990672,3275.2794748947185
2024-09-24 20:00:00,62569.79978990672,62620.067152315605,62470.192001426476,62519.32750413463,4021.184024179241
2024-09-24 22:00:00,62519.32750413463,62567.96356703849,62463.46021535213,62480.83364571727,2250.9070198942736
2024-09-25 00:00:00,62123.352079163524,62407.927648534,62079.89371429432,62300.37084818282,5742.543165018862
2024-09-25 02:00:00,62300.37084818282,63758.92111249939,62079.89371429432,63758.92111249939,5628.918170757822
2024-09-25 04:00:00,63758.92111249939,64185.61675598158,63613.970825786026,64185.61675598158,4786.909575632179
2024-09-25 06:00:00,64185.61675598158,64185.61675598158,63426.67309527365,63436.193749747166,3961.7688325672752
2024-09-25 08:00:00,63436.193749747166,63890.31824499199,63418.95159390271,63890.31824499199,5685.272112326173
2024-09-25 10:00:00,63890.31824499199,64125.456655315385,63879.30749756173,64125.456655315385,5970.913632892899
2024-09-25 12:00:00,64125.456655315385,64125.456655315385,63436.20094926618,63583.34125608702,6042.148282645649
2024-09-25 14:00:00,63583.34125608702,63585.30376996852,63546.129655554694,63585.30376996852,6123.684914402668
2024-09-25 16:00:00,63585.30376996852,63649.38199382045,63561.95635771017,63649.38199382045,7453.388165858703
2024-09-25 18:00:00,63649.38199382045,63738.58133246142,63545.80923010159,63738.58133246142,6283.092859399468
2024-09-25 20:00:00,63738.58133246142,64174.197504652875,63542.39064260453,64174.197504652875,4501.568953351681
2024-09-25 22:00:00,64174.197504652875,64174.197504652875,62158.891984537804,62651.2274771195,6787.143683191978
2024-09-26 00:00:00,62551.89826673292,62947.54271841963,62506.1313152357,62722.639602995056,2467.537701517424
2024-09-26 02:00:00,62722.639602995056,62970.808454812795,62658.52605302723,62970.808454812795,3059.02480882137
2024-09-26 04:00:00,62970.808454812795,62970.808454812795,62861.13999112548,62868.0033380374,2115.627020054504
2024-09-26 06:00:00,62868.0033380374,62960.417424586594,62840.80864031359,62960.417424586594,3354.127448969039
2024-09-26 08:00:00,62960.417424586594,63030.642358494995,62864.35660878828,63030.642358494995,2151.184520264456
2024-09-26 10:00:00,63030.642358494995,63030.642358494995,62833.61715332542,62929.351735886055,2008.8887247304738
2024-09-26 12:00:00,62929.351735886055,62947.54271841963,62561.909521615904,62641.50348751397,2234.142226009777
2024-09-26 14:00:00,62641.50348751397,62804.27057352869,62560.17054087568,62790.26374090324,1834.801656995997
2024-09-26 16:00:00,62790.26374090324,62947.54271841963,62737.87895279782,62924.3169228203,2040.9746479392957
2024-09-26 18:00:00,62924.3169228203,63013.90649427752,62853.506489902495,63013.90649427752,1890.192543707239
2024-09-26 20:00:00,63013.90649427752,63168.02562189686,62854.52428887386,63168.02562189686,3925.7162717618785
2024-09-26 22:00:00,63168.02562189686,63168.02562189686,62775.17620135304,62907.16686052231,1694.1444157275823
2024-09-27 00:00:00,63070.21527140143,63263.829488323645,63052.034160968375,63263.829488323645,2518.683442480417
2024-09-27 02:00:00,63263.829488323645,63263.829488323645,63062.38775024745,63129.00332967749,3198.801682191879
2024-09-27 04:00:00,63129.00332967749,63186.79470060873,63116.24464908799,63170.52392387204,3824.7768467241985
2024-09-27 06:00:00,63170.52392387204,63275.552763148764,63115.16942031242,63275.552763148764,3628.1178361600687
2024-09-27 08:00:00,63275.552763148764,63275.552763148764,63234.67382904181,63260.02897224568,3478.629476619928
2024-09-27 10:00:00,63260.02897224568,63260.02897224568,63150.62933985777,63202.337250166944,3446.4058261906785
2024-09-27 12:00:00,63202.337250166944,63243.47384915302,63108.26535852591,63113.00807229165,4375.42727526499
2024-09-27 14:00:00,63113.00807229165,63184.69537496904,62924.3696649862,62995.01254462618,2270.5298458357165
2024-09-27 16:00:00,62995.01254462618,63095.99511582902,62506.20152083648,62661.82441426583,2563.1786474188434
2024-09-27 18:00:00,62661.82441426583,62709.40558033645,62523.59400189182,62597.84247600295,4369.596762546694
2024-09-27 20:00:00,62597.84247600295,62784.041042181525,62480.33375115542,62719.19385362094,4386.145928027705
2024-09-27 22:00:00,62719.19385362094,62812.91076440327,62480.33375115542,62530.94719055194,3873.5521460467003
2024-09-28 00:00:00,62471.3758400093,62737.392609559996,62396.38955468744,62737.392609559996,3913.0854125780957
2024-09-28 02:00:00,62737.392609559996,62947.790031820856,62722.7980532057,62947.790031820856,2491.976996973799
2024-09-28 04:00:00,62947.790031820856,62947.790031820856,62810.687806712485,62870.071974785016,2537.5086502295485
2024-09-28 06:00:00,62870.071974785016,62870.071974785016,62590.51026090118,62608.05567911855,4456.115283258035
2024-09-28 08:00:00,62608.05567911855,62608.05567911855,62243.31930568881,62424.59465894587,4228.296845447497
2024-09-28 10:00:00,62424.59465894587,62430.77388839251,62242.87796049359,62320.72963805228,2875.9272721173716
2024-09-28 12:00:00,62320.72963805228,62386.49552383542,62083.454384607336,62084.63762294184,2910.6378595093647
2024-09-28 14:00:00,62084.63762294184,62279.189316742864,62067.63259195065,62067.63259195065,4954.003392576179
2024-09-28 16:00:00,62067.63259195065,62251.4556864684,62067.63259195065,62180.282555981496,4584.7013128095705
2024-09-28 18:00:00,62180.282555981496,62275.111582006444,62158.620363352304,62251.390501607384,4782.403246235263
2024-09-28 20:00:00,62251.390501607384,62446.63414484684,62243.69499106827,62347.97452759452,5559.8856686313775
2024-09-28 22:00:00,62347.97452759452,62443.16663870625,62209.33274786049,62225.46663246627,5233.348812543543
2024-09-29 00:00:00,62415.71990445921,62468.6168662476,61153.41992598054,61302.13215025129,5049.52340159958
2024-09-29 02:00:00,61302.13215025129,61633.91599496285,60378.474611757905,60628.96334908931,4310.327247711448
2024-09-29 04:00:00,60628.96334908931,60632.84339782803,60151.67524392423,60151.67524392423,7368.273878839278
2024-09-29 06:00:00,60151.67524392423,60165.76186991141,60099.62758296806,60099.62758296806,5070.197737147467
2024-09-29 08:00:00,60099.62758296806,60260.151056735,59638.48531588466,59638.48531588466,8107.93626167541
2024-09-29 10:00:00,59638.48531588466,61265.13529364954,59638.48531588466,60902.11797953797,6022.477551073293
2024-09-29 12:00:00,60902.11797953797,61201.092720912755,60291.6910737255,60350.60924759996,9870.38741474837
2024-09-29 14:00:00,60350.60924759996,62253.54497757765,60340.59467367242,61552.792531579275,5852.810763034538
2024-09-29 16:00:00,61552.792531579275,61772.21077276221,61101.716744584395,61152.49603629832,6968.541660724004
2024-09-29 18:00:00,61152.49603629832,61208.911084909545,60932.88855256949,61044.282941432066,7139.905887551551
2024-09-29 20:00:00,61044.282941432066,61169.56358432707,60633.82757232202,60691.34871780349,5887.661187158565
2024-09-29 22:00:00,60691.34871780349,60701.72662968992,60291.6910737255,60313.427791859445,9367.03308818822
2024-09-30 00:00:00,60104.91894637704,60116.29708447313,59848.94934117001,59936.79944429775,4417.2975107265975
2024-09-30 02:00:00,59936.79944429775,60105.21929330197,59786.58619210419,59786.58619210419,2201.9287058909713
2024-09-30 04:00:00,59786.58619210419,59815.370281079755,59770.787036370006,59770.787036370006,4667.528784773321
2024-09-30 06:00:00,59770.787036370006,60033.35214943994,59770.787036370006,60027.267342135565,6291.43682854864
2024-09-30 08:00:00,60027.267342135565,60222.91170087165,59953.61425931242,60113.948573011905,2804.630514212023
2024-09-30 10:00:00,60113.948573011905,60570.74856180202,59992.046422678046,60386.50438265386,4477.651273952025
2024-09-30 12:00:00,60386.50438265386,60981.37089641231,60116.67675595377,60730.05970800604,3893.871046443343
2024-09-30 14:00:00,60730.05970800604,60859.98001478152,60438.456602361635,60505.76486386318,2629.5998480030635
2024-09-30 16:00:00,60505.76486386318,60602.8624617615,60245.98201502364,60261.83358493503,4713.801304392689
2024-09-30 18:00:00,60261.83358493503,60384.9998724157,60223.23843547584,60355.588523397746,6199.361650550419
2024-09-30 20:00:00,60355.588523397746,61270.015091835354,60235.13996001478,60917.620078856904,2829.1898137328803
2024-09-30 22:00:00,60917.620078856904,61501.6750553244,60882.7913581813,61416.840148853815,5893.455659189045
2024-10-01 00:00:00,61321.35116204554,61321.569475664124,60913.498417514515,60967.595757773066,3986.8153712840763
2024-10-01 02:00:00,60967.595757773066,61173.25794821055,60565.24237800467,60604.96419514827,9149.51775188891
2024-10-01 04:00:00,60604.96419514827,60624.531694052675,60564.045519302104,60624.05307674516,9099.589199851014
2024-10-01 06:00:00,60624.05307674516,60936.58898836333,60621.454563480474,60837.03226693201,7704.2889975002045
2024-10-01 08:00:00,60837.03226693201,61054.41603846025,60277.78964818952,60359.34823517547,4454.727846729332
2024-10-01 10:00:00,60359.34823517547,60365.728596678004,60277.78964818952,60309.76267729453,5841.544578563286
2024-10-01 12:00:00,60309.76267729453,60713.07137319541,60277.78964818952,60569.09517353535,5574.037245520802
2024-10-01 14:00:00,60569.09517353535,61032.43062876943,60489.76111183283,60968.399720913505,9851.417306462732
2024-10-01 16:00:00,60968.399720913505,61421.48400921374,60658.65255222225,61305.45485013337,9599.555166348724
2024-10-01 18:00:00,61305.45485013337,61421.48400921374,60883.229943222315,61005.44892918755,8652.61457686642
2024-10-01 20:00:00,61005.44892918755,61218.39344665817,60412.4117539825,60482.688527077655,4632.560013483473
2024-10-01 22:00:00,60482.688527077655,60528.086835356225,60398.63696078492,60430.54192321775,7581.693980408688
2024-10-02 00:00:00,60305.12383238862,60315.94845572687,60168.86253246981,60226.10957683604,3787.0629634820643
2024-10-02 02:00:00,60226.10957683604,60329.78090881941,59880.32077817811,59880.32077817811,2542.4108685026863
2024-10-02 04:00:00,59880.32077817811,59939.314837116166,59851.34511794505,59851.34511794505,3493.6682788941685
2024-10-02 06:00:00,59851.34511794505,60424.475469679695,59851.34511794505,60274.46736521232,4193.852333383241
2024-10-02 08:00:00,60274.46736521232,60368.23475552478,60067.91171739811,60149.12495617112,3449.171882198433
2024-10-02 10:00:00,60149.12495617112,60826.32702671958,60011.22206899869,60739.85815755444,2033.6736861747931
2024-10-02 12:00:00,60739.85815755444,60778.730843402715,60449.36696129501,60470.13701297817,4154.965744337867
2024-10-02 14:00:00,60470.13701297817,60878.13032124844,60351.6380432197,60765.0113333609,5162.431207783033
2024-10-02 16:00:00,60765.0113333609,60837.289007009895,60608.48043997406,60700.52282451887,3371.4734184006447
2024-10-02 18:00:00,60700.52282451887,60715.50418529941,60542.6008803609,60576.1148311586,4561.927101044866
2024-10-02 20:00:00,60576.1148311586,60804.510216658375,60559.313800084645,60692.56634236087,3111.603765265895
2024-10-02 22:00:00,60692.56634236087,60753.269249796955,60554.591349406735,60734.17622730311,3520.8624919208137
2024-10-03 00:00:00,60650.71159830749,60750.75988867032,60341.59814407148,60341.59814407148,4332.732587201189
2024-10-03 02:00:00,60341.59814407148,60408.5106365254,60341.59814407148,60384.67426597149,4281.808011139015
2024-10-03 04:00:00,60384.67426597149,60472.386827047565,59698.5657552392,59698.5657552392,4413.5769841077745
2024-10-03 06:00:00,59698.5657552392,59716.17559365374,59552.29842988023,59552.29842988023,3667.033503909448
2024-10-03 08:00:00,59552.29842988023,60331.74541986145,59552.29842988023,60209.58000025854,3328.276722431713
2024-10-03 10:00:00,60209.58000025854,61160.7010718978,60209.58000025854,60996.20931417914,4128.660749719941
2024-10-03 12:00:00,60996.20931417914,61027.15107452882,60971.63439621566,61000.53531104499,1523.5510348122887
2024-10-03 14:00:00,61000.53531104499,61194.99679817538,60471.7682329983,60471.7682329983,3834.1068445339056
2024-10-03 16:00:00,60471.7682329983,60566.86770168253,60471.7682329983,60512.194504214756,2582.0663783896243
2024-10-03 18:00:00,60512.194504214756,61194.99679817538,60512.194504214756,61060.361485762594,3668.190816161515
2024-10-03 20:00:00,61060.361485762594,61071.48230331036,60702.984966864045,60728.74276337677,2684.4727879675006
2024-10-03 22:00:00,60728.74276337677,61194.99679817538,60592.6975750327,61157.99924792994,3079.145615387872
2024-10-04 00:00:00,60844.50274767564,61248.46098682974,60716.76717186956,61201.09156613282,7903.819487467612
2024-10-04 02:00:00,61201.09156613282,61794.88144537947,61119.600461046466,61572.02266749802,5810.947008342751
2024-10-04 04:00:00,61572.02266749802,61872.36171900482,61547.30300031969,61869.11182592689,7769.833329153043
2024-10-04 06:00:00,61869.11182592689,61923.59056055462,61823.236276227464,61886.10350102292,8386.745983820412
2024-10-04 08:00:00,61886.10350102292,62396.66029894535,61643.78343337942,62111.25929690328,5449.434625122849
2024-10-04 10:00:00,62111.25929690328,62138.43081101126,62053.89077205187,62081.364163590115,5723.296948147137
2024-10-04 12:00:00,62081.364163590115,62202.12357763237,61582.44420913837,61725.750746267404,7873.630494661904
2024-10-04 14:00:00,61725.750746267404,62169.03098549766,61662.128088500336,61980.17390203323,5863.711757460298
2024-10-04 16:00:00,61980.17390203323,62026.071311398686,61792.20326245188,61794.71854192768,6918.679063981224
2024-10-04 18:00:00,61794.71854192768,62654.43180845526,61705.601800027645,62432.023471270535,3933.6055161787294
2024-10-04 20:00:00,62432.023471270535,62705.32415318568,62373.81301530005,62617.17331840846,5339.4278491277255
2024-10-04 22:00:00,62617.17331840846,62630.97612280912,62385.52308369746,62389.81178772768,9658.935126723429
2024-10-05 00:00:00,62620.97241064392,62864.44193761059,62542.71178401812,62779.06930829735,6794.918471567674
2024-10-05 02:00:00,62779.06930829735,62927.48650838577,62742.89103937395,62807.21068962095,8550.220896621666
2024-10-05 04:00:00,62807.21068962095,62877.04158303819,62615.784500748305,62661.25434055162,6805.581498528431
2024-10-05 06:00:00,62661.25434055162,62746.3842591859,62473.28079815036,62556.72444156082,5277.149777026883
2024-10-05 08:00:00,62556.72444156082,62653.250921050436,62538.90204207338,62610.14009688691,7926.361755393463
2024-10-05 10:00:00,62610.14009688691,62809.801644663225,62524.71608396724,62784.47110679158,8659.819677315829
2024-10-05 12:00:00,62784.47110679158,62817.348834564364,62699.73416072527,62761.33545605009,8896.463516020076
2024-10-05 14:00:00,62761.33545605009,62931.41211554435,62656.35549927513,62839.21372852985,4019.7664558861707
2024-10-05 16:00:00,62839.21372852985,63123.119110703905,62719.47825231429,63113.66479419634,5528.3546435954
2024-10-05 18:00:00,63113.66479419634,63123.119110703905,62877.6296953384,62989.024360266405,5547.260467615382
2024-10-05 20:00:00,62989.024360266405,63152.11330485774,62927.31990526119,63152.11330485774,8916.549085247543
2024-10-05 22:00:00,63152.11330485774,63152.11330485774,63058.09505830929,63090.330865279255,5955.139800557658
2024-10-06 00:00:00,63228.24202366623,63422.25330041148,63137.01420456025,63409.56789186901,3983.14473443996
2024-10-06 02:00:00,63409.56789186901,63567.94563324743,63333.06543552504,63567.94563324743,4303.006142325956
2024-10-06 04:00:00,63567.94563324743,63567.94563324743,62870.825596493654,63133.62489753839,3718.8504933610716
2024-10-06 06:00:00,63133.62489753839,63238.45002784389,63074.81007122966,63157.09556810468,5616.23131608487
2024-10-06 08:00:00,63157.09556810468,63481.02873050204,63031.48654827616,63408.16060535222,5783.997158234266
2024-10-06 10:00:00,63408.16060535222,63711.65935260868,63305.17333862651,63711.65935260868,6994.664659949614
2024-10-06 12:00:00,63711.65935260868,63711.65935260868,63201.139020225506,63274.18744862194,5066.834559922299
2024-10-06 14:00:00,63274.18744862194,63532.838534327595,62986.02830434057,63532.838534327595,4119.911481207633
2024-10-06 16:00:00,63532.838534327595,63532.838534327595,62982.925653275255,63085.064143408264,5383.446260088626
2024-10-06 18:00:00,63085.064143408264,63160.10622287515,62973.413878333886,62981.8045042069,2955.7943025650047
2024-10-06 20:00:00,62981.8045042069,63295.93518184778,62909.475510222335,63189.582130018935,4700.885246260849
2024-10-06 22:00:00,63189.582130018935,63228.660476167235,62076.72185401493,62279.75096495139,5115.750813261959
2024-10-07 00:00:00,62076.57666564939,62266.846630221524,62038.10708778666,62264.318584690256,5494.519111777238
2024-10-07 02:00:00,62264.318584690256,64085.88466256673,61590.985918448234,64085.88466256673,2757.4187812342993
2024-10-07 04:00:00,64085.88466256673,64085.88466256673,62263.92619775799,62623.23241444598,5575.007601072529
2024-10-07 06:00:00,62623.23241444598,66141.11975462595,61786.339329430455,66141.11975462595,5114.300425810021
2024-10-07 08:00:00,66141.11975462595,66141.11975462595,65538.82560862417,65828.18058401004,4754.355654009067
2024-10-07 10:00:00,65828.18058401004,66500.04428826841,65536.51349975882,66500.04428826841,5794.879610090267
2024-10-07 12:00:00,66500.04428826841,66500.04428826841,64189.95758169838,64760.75102309366,2922.3226476530235
2024-10-07 14:00:00,64760.75102309366,65424.43090163382,64517.234776622616,65424.43090163382,2948.393120140085
2024-10-07 16:00:00,65424.43090163382,65962.2543661401,65180.736604957565,65962.2543661401,2837.190558968906
2024-10-07 18:00:00,65962.2543661401,65962.2543661401,65040.565475753705,65265.42241909983,3178.0898089108323
2024-10-07 20:00:00,65265.42241909983,66697.1257652839,64995.6071705172,66697.1257652839,2748.2739569618357
2024-10-07 22:00:00,66697.1257652839,66697.1257652839,62165.033676427825,63262.24118811532,5880.532272670898
2024-10-08 00:00:00,63584.87649441095,63645.49538321675,63476.32364762913,63565.55771213734,4647.932851774173
2024-10-08 02:00:00,63565.55771213734,63573.97448093425,63513.12216895703,63516.16060244767,1963.7992663529867
2024-10-08 04:00:00,63516.16060244767,63529.24158214023,63485.3118793485,63493.39929699983,2060.1953915663867
2024-10-08 06:00:00,63493.39929699983,63606.05547870864,63296.44170660653,63445.46338213228,1599.766927625507
2024-10-08 08:00:00,63445.46338213228,63482.276368075865,63154.29705844379,63251.43982473118,1761.6505820961333
2024-10-08 10:00:00,63251.43982473118,63265.74223893901,63193.57032447873,63204.2133226648,3196.1543381728343
2024-10-08 12:00:00,63204.2133226648,63275.965249250716,63110.92630540261,63164.794687386704,2374.7483829350695
2024-10-08 14:00:00,63164.794687386704,63263.75657436693,63054.01029133119,63054.01029133119,4040.8078231743957
2024-10-08 16:00:00,63054.01029133119,63096.70293967219,63054.01029133119,63094.17210274052,1969.0713868761693
2024-10-08 18:00:00,63094.17210274052,63139.66150991656,63063.87972097267,63138.18761780114,3620.677211894132
2024-10-08 20:00:00,63138.18761780114,63192.720851994854,63129.54427783097,63176.55393274801,2822.2970544376954
2024-10-08 22:00:00,63176.55393274801,63334.25083806219,63111.344428843135,63211.06940819138,3536.341854317492
2024-10-09 00:00:00,63504.77147827311,63562.47893909772,63107.84415310136,63283.7680409205,2767.0332544920975
2024-10-09 02:00:00,63283.7680409205,63422.15043449431,63264.85488964925,63358.25918731304,3538.0037001859164
2024-10-09 04:00:00,63358.25918731304,63461.175040032635,63244.981735760564,63345.167698629615,4321.2745364986085
2024-10-09 06:00:00,63345.167698629615,63405.397300621145,63319.919204175465,63377.27112794304,3638.615355901815
2024-10-09 08:00:00,63377.27112794304,63447.211601993295,63090.35929818998,63243.09763874776,4314.705401851303
2024-10-09 10:00:00,63243.09763874776,63281.51293685654,62998.924354334325,63121.904696797785,1723.2631775732057
2024-10-09 12:00:00,63121.904696797785,63227.25472370036,63072.30981088809,63156.58068220885,2340.139265379119
2024-10-09 14:00:00,63156.58068220885,63213.94241402852,63112.98065641263,63206.762517428186,2614.6052957712072
2024-10-09 16:00:00,63206.762517428186,63323.294983031636,63203.518751815056,63258.11230675364,3842.4835824119973
2024-10-09 18:00:00,63258.11230675364,63321.6924221654,63207.716809312406,63268.78176857396,3895.2437592926476
2024-10-09 20:00:00,63268.78176857396,63295.708658266274,62934.0616710332,63069.87829356002,3557.264714936378
2024-10-09 22:00:00,63069.87829356002,63090.90652929713,63017.78304608045,63024.00357391884,3630.8263016383357
2024-10-10 00:00:00,63220.809285566946,63320.427989860786,63149.125970925474,63149.125970925474,5849.575687002369
2024-10-10 02:00:00,63149.125970925474,63284.79513151817,63025.98792295105,63025.98792295105,6126.19442923719
2024-10-10 04:00:00,63025.98792295105,63175.12340323287,63025.98792295105,63144.46437227281,3878.573577783094
2024-10-10 06:00:00,63144.46437227281,63251.6051712402,63144.46437227281,63206.98652192716,4849.76093750014
2024-10-10 08:00:00,63206.98652192716,63338.89413233426,63179.704330890396,63322.37582054832,5427.431377910346
2024-10-10 10:00:00,63322.37582054832,63349.549967368264,63240.56410290746,63263.595426978434,3346.7216848706926
2024-10-10 12:00:00,63263.595426978434,63435.77575014818,63212.344404927084,63423.103953555095,4062.4652942831954
2024-10-10 14:00:00,63423.103953555095,63475.73274941603,63179.704330890396,63299.233380770325,2428.2419702493603
2024-10-10 16:00:00,63299.233380770325,63648.12075543751,63289.48521108082,63564.646234372434,3249.5106945347843
2024-10-10 18:00:00,63564.646234372434,63738.80995524645,63512.01620292504,63667.734499123806,4780.258515369526
2024-10-10 20:00:00,63667.734499123806,63755.67633911887,63596.98627377543,63749.728038546265,6454.751595025953
2024-10-10 22:00:00,63749.728038546265,63755.67633911887,63686.499557089235,63727.66584424807,6063.485537323145
2024-10-11 00:00:00,63428.97074403401,63447.93591927652,63250.84882524331,63274.43826467801,6136.438962067259
2024-10-11 02:00:00,63274.43826467801,63888.9439767193,63078.74447988786,63667.930418029755,10559.445579589625
2024-10-11 04:00:00,63667.930418029755,63839.8079855144,63117.17061934162,63295.051719376956,5187.807870741673
2024-10-11 06:00:00,63295.051719376956,64697.41738888655,63094.497411224795,64279.434905211936,5281.563609494502
2024-10-11 08:00:00,64279.434905211936,65190.678103076425,64206.74792468667,65190.678103076425,5833.562858601824
2024-10-11 10:00:00,65190.678103076425,65190.678103076425,65026.81584845559,65075.2319854286,8408.077611730318
2024-10-11 12:00:00,65075.2319854286,65075.2319854286,64362.83359933623,64475.24211117626,8334.568385299073
2024-10-11 14:00:00,64475.24211117626,64517.88837026717,64176.559458228156,64235.69787481017,6470.529569849787
2024-10-11 16:00:00,64235.69787481017,64864.70116008419,64044.73839650613,64864.70116008419,7929.809663489607
2024-10-11 18:00:00,64864.70116008419,64970.92347646699,64780.34377473145,64970.92347646699,8731.440520259015
2024-10-11 20:00:00,64970.92347646699,64970.92347646699,64660.729239831264,64729.30381749235,10866.691843884417
2024-10-11 22:00:00,64729.30381749235,64799.98413783485,64566.95473319307,64602.212355911935,9159.75324407802
2024-10-12 00:00:00,64474.20825222234,65279.911228615776,64417.960514631166,64960.788499647046,2108.849816010142
2024-10-12 02:00:00,64960.788499647046,65123.91989364226,64875.18752003624,65118.102029767324,3437.0858627178045
2024-10-12 04:00:00,65118.102029767324,65157.11308799356,65014.80551676887,65092.51041709723,4694.789898191821
2024-10-12 06:00:00,65092.51041709723,65166.48184516598,64697.00676622438,64810.90780087193,5338.123382868458
2024-10-12 08:00:00,64810.90780087193,65045.9718365164,64332.142565193986,64456.59864380356,2947.2115433092094
2024-10-12 10:00:00,64456.59864380356,64467.59757121495,64349.772629255225,64350.79234236162,3472.5833483684264
2024-10-12 12:00:00,64350.79234236162,64355.45167110283,64059.14291760536,64059.14291760536,1867.7973289265522
2024-10-12 14:00:00,64059.14291760536,64110.620207208434,64059.14291760536,64091.68993473714,2067.521850625485
2024-10-12 16:00:00,64091.68993473714,64977.93992574894,64091.68993473714,64715.10171875817,5502.938780725159
2024-10-12 18:00:00,64715.10171875817,65157.955746004765,64703.20758801189,65065.69790363916,4501.43002586195
2024-10-12 20:00:00,65065.69790363916,65176.97234534852,64986.6831719584,64996.08193750707,4074.856824714416
2024-10-12 22:00:00,64996.08193750707,65329.5735892126,64971.352715137655,65232.76607822583,2897.0126877656107
2024-10-13 00:00:00,65142.748715630885,65227.99770663931,65136.66033244829,65177.642318251324,4222.674575925489
2024-10-13 02:00:00,65177.642318251324,65588.109889301,64937.46491351631,65386.31352337987,6509.77992743811
2024-10-13 04:00:00,65386.31352337987,65456.760499457065,65337.48262734166,65423.79101211727,4890.812577566165
2024-10-13 06:00:00,65423.79101211727,65433.44827888749,65308.848384590376,65312.394388332024,4363.033102172978
2024-10-13 08:00:00,65312.394388332024,65350.52025867941,65121.36028359877,65251.586010342224,4225.257623078494
2024-10-13 10:00:00,65251.586010342224,65497.9040913649,65222.54103396651,65391.17519171797,4774.872856230359
2024-10-13 12:00:00,65391.17519171797,65412.978147435075,65367.47228315724,65374.46238352826,5480.262408524942
2024-10-13 14:00:00,65374.46238352826,65397.35301699804,65326.112901876164,65351.17736814051,5167.252650414203
2024-10-13 16:00:00,65351.17736814051,65385.82070074285,65278.18611714332,65311.04887643087,5972.604731679456
2024-10-13 18:00:00,65311.04887643087,65458.13621469847,65270.48460860649,65454.23343237739,5870.967797914448
2024-10-13 20:00:00,65454.23343237739,65573.33990985107,65418.3238907233,65572.74667204592,4934.039106253662
2024-10-13 22:00:00,65572.74667204592,65577.72611528783,65570.99165990659,65576.80187790845,6240.160616184092
2024-10-14 00:00:00,65566.51901562557,65628.47271861316,64913.68018005684,64913.68018005684,4700.224631327295
2024-10-14 02:00:00,64913.68018005684,66532.17602899113,64913.68018005684,66532.17602899113,2883.251642128702
2024-10-14 04:00:00,66532.17602899113,67097.40546773834,66309.07211680397,67097.40546773834,3114.7474926224613
2024-10-14 06:00:00,67097.40546773834,67097.40546773834,65499.12566687031,65848.01526182336,4693.720520653655
2024-10-14 08:00:00,65848.01526182336,66126.34424047482,65192.903128051075,65192.903128051075,3012.087765991929
2024-10-14 10:00:00,65192.903128051075,66013.25722204735,65192.903128051075,65820.94653085795,3540.76525822213
2024-10-14 12:00:00,65820.94653085795,66531.47356603744,65805.02132537616,66531.47356603744,2215.8418172955235
2024-10-14 14:00:00,66531.47356603744,67012.00032508679,66224.01274136399,67012.00032508679,2449.8132715589004
2024-10-14 16:00:00,67012.00032508679,67012.00032508679,66962.15297567651,66981.43939711378,2014.6752909858653
2024-10-14 18:00:00,66981.43939711378,66981.43939711378,66758.0167353375,66801.98263633503,5300.012631504663
2024-10-14 20:00:00,66801.98263633503,66801.98263633503,66603.39793280476,66675.74328335456,3334.6497017840607
2024-10-14 22:00:00,66675.74328335456,66675.74328335456,66277.3338797168,66355.2947736925,4508.991666415093
2024-10-15 00:00:00,66518.91115917917,66843.12335470192,66344.56242028833,66715.8743568852,2584.4837945404656
2024-10-15 02:00:00,66715.8743568852,66735.49650130095,66642.36654979,66674.04222056085,1888.259851904581
2024-10-15 04:00:00,66674.04222056085,66720.20097949983,66573.94586768356,66597.58504148996,2215.303815799427
2024-10-15 06:00:00,66597.58504148996,66628.34861799613,66592.39262156887,66626.12561903014,3856.485219677136
2024-10-15 08:00:00,66626.12561903014,66639.23365610602,66438.08415434937,66484.96514057707,2458.382237030976
2024-10-15 10:00:00,66484.96514057707,66877.29497337696,66411.38432053916,66737.814924717,3197.747883326484
2024-10-15 12:00:00,66737.814924717,66901.2695592401,66344.30251723122,66463.66670183983,3772.644139569943
2024-10-15 14:00:00,66463.66670183983,66825.71615290637,66231.589576212,66739.46582183756,1824.0370055095527
2024-10-15 16:00:00,66739.46582183756,66765.51934700197,66555.5187647011,66602.39079094885,4260.799541412268
2024-10-15 18:00:00,66602.39079094885,66654.13835100623,66461.15894912253,66501.26403014114,3157.43017257489
2024-10-15 20:00:00,66501.26403014114,66653.62773506546,66446.62445782278,66612.43279540604,2427.2433825421217
2024-10-15 22:00:00,66612.43279540604,66835.28404331265,66577.33560002544,66773.68843991464,2736.2788692969516
2024-10-16 00:00:00,66780.50239792092,66871.96145276587,66684.63386650696,66721.8583881217,1615.4030252792236
2024-10-16 02:00:00,66721.8583881217,66775.82981213123,66623.07421103705,66648.46930613086,3838.12143369327
2024-10-16 04:00:00,66648.46930613086,66803.48074088147,66647.35123479798,66803.20002612362,3735.0417503141894
2024-10-16 06:00:00,66803.20002612362,67426.13762035183,66767.10385047861,67235.4939279277,1841.6216979620335
2024-10-16 08:00:00,67235.4939279277,67252.58987187661,67177.7290698762,67195.7419812104,1742.9568807031824
2024-10-16 10:00:00,67195.7419812104,67426.13762035183,67192.32596301165,67404.81578647078,2819.868511484048
2024-10-16 12:00:00,67404.81578647078,67479.29626794158,67334.81902804894,67479.29626794158,2611.722791940043
2024-10-16 14:00:00,67479.29626794158,67479.29626794158,66926.92438534679,66967.56047175542,2278.9070276171838
2024-10-16 16:00:00,66967.56047175542,67426.13762035183,66766.4685300352,67267.23983792533,4192.869529617212
2024-10-16 18:00:00,67267.23983792533,67608.75672864298,67103.09365802348,67608.75672864298,2992.0200709792703
2024-10-16 20:00:00,67608.75672864298,67608.75672864298,67421.1412676097,67427.59540176023,2846.167731845649
2024-10-16 22:00:00,67427.59540176023,67427.59540176023,67180.5631752045,67245.29810641469,3490.49145693026
2024-10-17 00:00:00,67490.45163089849,67751.2735065028,67241.38844192978,67546.34844393854,2673.312401705542
2024-10-17 02:00:00,67546.34844393854,67550.25937503725,67531.4576859035,67538.73807075681,3922.8696183155394
2024-10-17 04:00:00,67538.73807075681,67668.62086398227,67537.40974655155,67557.9680744703,3984.520757354272
2024-10-17 06:00:00,67557.9680744703,67775.56557974961,67488.14002822671,67687.83518086508,2932.894924412981
2024-10-17 08:00:00,67687.83518086508,67775.77088951026,67469.8509045061,67486.14306844657,2452.562055050696
2024-10-17 10:00:00,67486.14306844657,67567.50524708291,67336.4476322395,67424.00020024231,2312.4515415528726
2024-10-17 12:00:00,67424.00020024231,67462.88181223116,67308.39710781927,67369.48474998197,1615.3116619567973
2024-10-17 14:00:00,67369.48474998197,67541.26938011355,67311.06145593304,67505.50886640266,1455.1327654557465
2024-10-17 16:00:00,67505.50886640266,67657.64272755347,67484.82447492542,67611.31363255577,3542.444459562041
2024-10-17 18:00:00,67611.31363255577,67764.69120411445,67471.8096245443,67746.68316393778,3959.0990932089403
2024-10-17 20:00:00,67746.68316393778,67769.4392845048,67635.9165150206,67664.83670258145,3391.2515502414803
2024-10-17 22:00:00,67664.83670258145,67721.62649514654,67586.4566248876,67615.7640746914,3612.4071327413317
2024-10-18 00:00:00,67667.37493668495,67966.93634505133,67657.04020792045,67818.27075614821,7491.049950122564
2024-10-18 02:00:00,67818.27075614821,67958.97158157072,67718.23109663039,67892.2551238412,4151.519232661569
2024-10-18 04:00:00,67892.2551238412,67949.6640851972,67884.39899135775,67909.03434519663,4423.065521594921
2024-10-18 06:00:00,67909.03434519663,67931.25741332013,67705.97611797335,67895.23519644573,3904.5339778668945
2024-10-18 08:00:00,67895.23519644573,67967.36015166131,67849.56869804568,67919.96365289157,5884.913417235091
2024-10-18 10:00:00,67919.96365289157,67963.64586205684,67881.33197757127,67887.54341203497,4057.61104635789
2024-10-18 12:00:00,67887.54341203497,67933.34827577102,67765.70091578276,67820.29184138341,7399.192878545776
2024-10-18 14:00:00,67820.29184138341,67883.43263863394,67798.88042457776,67810.07833120142,5137.228346418198
2024-10-18 16:00:00,67810.07833120142,67853.65094414398,67713.5580838329,67717.9829974138,3772.539287475156
2024-10-18 18:00:00,67717.9829974138,67752.47653579929,67675.61986710817,67714.06289605304,3383.6170184576586
2024-10-18 20:00:00,67714.06289605304,67829.88621687102,67667.22271637956,67773.44779692707,7140.640007114261
2024-10-18 22:00:00,67773.44779692707,67944.50162795476,67755.71021112688,67914.76055955017,3794.122112336968
2024-10-19 00:00:00,67949.37956917581,67974.89147620565,67696.98521823074,67747.945734212,4369.9974096866545
2024-10-19 02:00:00,67747.945734212,68036.26554811717,67739.28197571033,67990.15529758378,2366.196674613554
2024-10-19 04:00:00,67990.15529758378,68125.23898792522,67848.5345398392,67950.92501615941,4254.832886949462
2024-10-19 06:00:00,67950.92501615941,68038.41826425664,67853.04408321643,67879.12904758083,2654.074724605011
2024-10-19 08:00:00,67879.12904758083,67961.58532189342,67701.53334338326,67742.51305562112,2108.969574645358
2024-10-19 10:00:00,67742.51305562112,67967.49596381931,67696.98521823074,67944.2023149335,2970.172331854123
2024-10-19 12:00:00,67944.2023149335,67985.8639088171,67845.80096921734,67867.74389413426,3935.5171139829326
2024-10-19 14:00:00,67867.74389413426,68357.04127590408,67696.98521823074,68246.87372815543,1902.9129702242367
2024-10-19 16:00:00,68246.87372815543,68294.6547869465,68202.87611796503,68283.34075821545,4711.366044058542
2024-10-19 18:00:00,68283.34075821545,68341.99223374276,68281.62386847181,68339.31543596144,4939.798895220887
2024-10-19 20:00:00,68339.31543596144,68457.66954632563,68232.85695209468,68457.66954632563,4743.914854850873
2024-10-19 22:00:00,68457.66954632563,68457.66954632563,68178.93072192602,68235.60303181487,3750.997261544173
2024-10-20 00:00:00,68410.89561400641,68423.86211078239,68403.20221435776,68416.84335782968,8070.276226793298
2024-10-20 02:00:00,68416.84335782968,68434.18046839765,68367.38588428113,68394.1109005435,5324.592631164707
2024-10-20 04:00:00,68394.1109005435,68429.76954192587,68372.59011047335,68389.16736614883,3278.141429323796
2024-10-20 06:00:00,68389.16736614883,68417.71171168206,68303.12526654788,68389.26791114251,8159.687895771939
2024-10-20 08:00:00,68389.26791114251,68473.23741295922,68332.53540213521,68401.52216689443,8694.221921351373
2024-10-20 10:00:00,68401.52216689443,68434.2673036515,68391.1533997343,68400.95010052064,3485.1882448851816
2024-10-20 12:00:00,68400.95010052064,68444.01767370317,68360.59783856275,68421.8113830785,6738.49884413796
2024-10-20 14:00:00,68421.8113830785,68439.91633338144,68319.07845042879,68427.7090932273,4824.584091754437
2024-10-20 16:00:00,68427.7090932273,68482.3373160963,68349.26019143334,68422.808306291,3393.656284657779
2024-10-20 18:00:00,68422.808306291,68481.94943650477,68396.26614495079,68440.42791153652,3015.958764698766
2024-10-20 20:00:00,68440.42791153652,68444.78335348061,68413.9198129486,68426.88319679677,5877.954378546386
2024-10-20 22:00:00,68426.88319679677,68621.3202758613,68408.91956884261,68446.02565142949,4681.322149220947
2024-10-21 00:00:00,68457.01365966501,68529.01939457253,68439.16268174416,68464.06262227739,4303.824486771802
2024-10-21 02:00:00,68464.06262227739,68464.33058667507,68375.31752425604,68439.4646892983,3402.9448077850748
2024-10-21 04:00:00,68439.4646892983,68476.73557820763,68390.15922114202,68413.0799287421,4779.747869009555
2024-10-21 06:00:00,68413.0799287421,68436.3420534035,68403.47431204433,68426.62552934357,2038.563367945627
2024-10-21 08:00:00,68426.62552934357,68443.05195671771,68391.97172928094,68414.40799402464,4411.599255079747
2024-10-21 10:00:00,68414.40799402464,68461.49649530264,68286.73492356649,68376.44766299607,2359.557643602385
2024-10-21 12:00:00,68376.44766299607,68454.36350042751,68206.13959222876,68352.08023516992,3764.2905170013346
2024-10-21 14:00:00,68352.08023516992,68396.39339883292,68327.81605445097,68361.17043831779,4581.785161262865
2024-10-21 16:00:00,68361.17043831779,68395.97517400936,68260.85448157492,68348.386409194,3475.69315161031
2024-10-21 18:00:00,68348.386409194,68383.34579754862,68329.1350925314,68329.80640802236,5515.034814741472
2024-10-21 20:00:00,68329.80640802236,68351.90007600369,68289.47294009378,68307.18612703154,2172.0165556084025
2024-10-21 22:00:00,68307.18612703154,68383.13061206676,68203.03096604582,68345.01748915478,4517.792365486189
2024-10-22 00:00:00,67836.33969167962,68961.73780545605,65583.3756297076,65583.3756297076,5817.883736844087
2024-10-22 02:00:00,65583.3756297076,66304.55421299575,62559.086942833506,62559.086942833506,2165.465252896633
2024-10-22 04:00:00,62559.086942833506,64209.53057480001,62559.086942833506,63761.589615952944,5680.813288372669
2024-10-22 06:00:00,63761.589615952944,63981.39016243861,63444.111530314076,63444.111530314076,5217.571532714194
2024-10-22 08:00:00,63444.111530314076,66598.55812743996,63444.111530314076,65930.51878036023,3359.0800233304935
2024-10-22 10:00:00,65930.51878036023,66013.90964969013,65776.8006282427,65776.8006282427,4191.605510438028
2024-10-22 12:00:00,65776.8006282427,70871.82026001316,65776.8006282427,70871.82026001316,3623.8998136256428
2024-10-22 14:00:00,70871.82026001316,72573.96005755675,70196.19138307078,72573.96005755675,2233.0925332583706
2024-10-22 16:00:00,72573.96005755675,72573.96005755675,71236.17181519807,71678.17308674564,4097.710192002808
2024-10-22 18:00:00,71678.17308674564,73325.69138110505,71408.7278484179,73325.69138110505,5351.858405981272
2024-10-22 20:00:00,73325.69138110505,73325.69138110505,71053.90960454261,71424.90876842003,5729.145168329481
2024-10-22 22:00:00,71424.90876842003,71424.90876842003,68173.69886951796,68493.09249737214,4316.888174984768
2024-10-23 00:00:00,68740.23383081054,69203.08562687357,68710.28277038455,69161.19502501996,2749.959484394017
2024-10-23 02:00:00,69161.19502501996,69588.16591774437,68990.49134224588,69470.42336411448,3986.697156015997
2024-10-23 04:00:00,69470.42336411448,69753.96860378442,69421.78165830376,69753.96860378442,5703.552952522979
2024-10-23 06:00:00,69753.96860378442,69753.96860378442,69282.22547223454,69490.07940499678,3252.673884829576
2024-10-23 08:00:00,69490.07940499678,69706.66583758162,68422.24633397133,68858.95083812073,3057.210588956482
2024-10-23 10:00:00,68858.95083812073,69492.98584125571,68839.32705632743,69263.43674715856,2971.3053146852985
2024-10-23 12:00:00,69263.43674715856,69566.27241429042,69224.2417382836,69533.20717412824,6286.361418964623
2024-10-23 14:00:00,69533.20717412824,69605.41845631198,69507.63244292366,69575.85034115866,6502.936062307631
2024-10-23 16:00:00,69575.85034115866,69607.06015374433,69150.44255083651,69222.28619956427,3155.018799696999
2024-10-23 18:00:00,69222.28619956427,69550.32129441878,69102.29630184495,69390.17622516949,2753.922454593833
2024-10-23 20:00:00,69390.17622516949,69827.26031385423,69287.97415771704,69827.26031385423,3511.351926754142
2024-10-23 22:00:00,69827.26031385423,69827.26031385423,69563.07172687864,69582.16882180837,3103.8245324131685
2024-10-24 00:00:00,69970.86425470698,70065.14045838488,69931.95177019275,70031.82269693598,7008.592111467545
2024-10-24 02:00:00,70031.82269693598,70058.56196403784,69944.34299233473,69974.01740433025,5458.104044128504
2024-10-24 04:00:00,69974.01740433025,70065.14045838488,69894.78751546745,69898.62616398007,6146.964606723532
2024-10-24 06:00:00,69898.62616398007,69964.44460482121,69820.43588077275,69820.43588077275,6628.675612519958
2024-10-24 08:00:00,69820.43588077275,69991.80831220243,69820.43588077275,69855.86013247105,3587.885922153362
2024-10-24 10:00:00,69855.86013247105,70062.49960774019,69855.86013247105,69911.46721819328,6471.557500177368
2024-10-24 12:00:00,69911.46721819328,69984.74479927,69891.57167904313,69923.65188758195,6155.000968318664
2024-10-24 14:00:00,69923.65188758195,69953.06474410475,69911.17885818635,69952.01405626429,5024.06771516157
2024-10-24 16:00:00,69952.01405626429,69970.65196202144,69847.63202460334,69847.63202460334,6391.502379610169
2024-10-24 18:00:00,69847.63202460334,69856.20075878888,69842.17026701153,69842.17026701153,4898.628275099676
2024-10-24 20:00:00,69842.17026701153,69947.31989435067,69842.17026701153,69888.02954720201,2447.214566760661
2024-10-24 22:00:00,69888.02954720201,69978.87931675336,69874.60084530918,69928.00901425013,6588.638666339472
2024-10-25 00:00:00,69768.73020186526,70083.79400405195,69615.31684239597,69984.84308219857,3706.568516040892
2024-10-25 02:00:00,69984.84308219857,70097.7895566118,69930.8753838467,70069.22434943401,3918.91026181193
2024-10-25 04:00:00,70069.22434943401,70263.73782641502,69546.32069631189,69663.73353842716,3585.0871899708723
2024-10-25 06:00:00,69663.73353842716,69682.84041732347,69546.32069631189,69559.85696581121,3776.058503750455
2024-10-25 08:00:00,69559.85696581121,69650.65644168592,69397.19286244959,69397.19286244959,1650.057432704665
2024-10-25 10:00:00,69397.19286244959,69438.81956934421,69326.70328539563,69326.70328539563,1951.4350441254014
2024-10-25 12:00:00,69326.70328539563,70120.28546468038,69326.70328539563,70079.12771391649,1507.1690905039002
2024-10-25 14:00:00,70079.12771391649,70392.50305904042,69938.38165192954,70286.53340291018,1623.3325201606808
2024-10-25 16:00:00,70286.53340291018,70316.66930279681,69929.43185726838,70066.80692285138,1747.996059745637
2024-10-25 18:00:00,70066.80692285138,70643.18352780046,70038.96447535347,70643.18352780046,3337.8148042236535
2024-10-25 20:00:00,70643.18352780046,71256.62587379321,70361.983328106,71256.62587379321,3150.1755979574596
2024-10-25 22:00:00,71256.62587379321,71256.62587379321,70094.85721815565,70344.45133319392,2744.486786061955
2024-10-26 00:00:00,70563.61739006541,70595.69267922016,70562.24465356821,70569.09250816288,6028.386115993195
2024-10-26 02:00:00,70569.09250816288,70840.26043705705,70469.9091710828,70644.35915369798,5643.745088083254
2024-10-26 04:00:00,70644.35915369798,70686.83278128141,70604.23623152141,70608.8716727533,3472.8727076931273
2024-10-26 06:00:00,70608.8716727533,70699.99036286095,70557.22713773204,70655.08511289161,3926.8919127366094
2024-10-26 08:00:00,70655.08511289161,70712.36823427197,70489.4775942017,70604.26646581011,6092.454559574229
2024-10-26 10:00:00,70604.26646581011,70699.30566194051,70592.2549289376,70647.98213288069,4229.380359885065
2024-10-26 12:00:00,70647.98213288069,70840.40332920139,70507.10977202312,70743.21660929428,3848.335289944839
2024-10-26 14:00:00,70743.21660929428,70923.39906238645,70660.61814900192,70890.40478591352,4415.972243490431
2024-10-26 16:00:00,70890.40478591352,71013.15353399947,70867.62561279797,70929.50330212625,4525.185463327021
2024-10-26 18:00:00,70929.50330212625,71152.99976947502,70812.91152973808,71152.99976947502,6226.148979812987
2024-10-26 20:00:00,71152.99976947502,71152.99976947502,71006.0205606629,71088.35371307394,4693.732669639497
2024-10-26 22:00:00,71088.35371307394,71114.25699104411,70997.1535119238,71084.6067960164,4046.094726438869
2024-10-27 00:00:00,70682.91367829213,70743.5965634035,70650.52615604675,70671.69439852418,3890.6817579834155
2024-10-27 02:00:00,70671.69439852418,70746.93411220293,70655.1751351888,70716.15485648334,2262.2882870284534
2024-10-27 04:00:00,70716.15485648334,70822.27433752021,70642.1609565418,70664.06828205615,4834.038854444371
2024-10-27 06:00:00,70664.06828205615,70737.64616118782,70632.66329986419,70713.19449352208,3767.0517150878177
2024-10-27 08:00:00,70713.19449352208,70936.38624848,70619.25661126834,70904.39766385547,3018.098525361362
2024-10-27 10:00:00,70904.39766385547,70911.3459941712,70878.05015491912,70901.51347490468,5050.653332450613
2024-10-27 12:00:00,70901.51347490468,70911.68676500548,70865.81320336436,70874.08944406435,2241.21099287149
2024-10-27 14:00:00,70874.08944406435,70950.45916942832,70774.5111507489,70910.891642883,4622.556244369493
2024-10-27 16:00:00,70910.891642883,71058.35627319152,70773.61988043327,71058.260992554,3870.049482250579
2024-10-27 18:00:00,71058.260992554,71127.77731830951,71054.74032341606,71093.2246111759,4810.194745887059
2024-10-27 20:00:00,71093.2246111759,71331.4955681502,71003.14623626115,71240.13846397916,5291.472092273385
2024-10-27 22:00:00,71240.13846397916,71343.93170351171,71231.76236640471,71291.1783874082,2384.3532214008837
2024-10-28 00:00:00,71686.91569691368,71939.9371534119,71539.87437975167,71871.42320682041,3493.7442562402894
2024-10-28 02:00:00,71871.42320682041,72727.14022681626,71786.94163686696,72727.14022681626,3469.002472319604
2024-10-28 04:00:00,72727.14022681626,73164.97552146175,72703.36906712626,73164.97552146175,3773.010380095987
2024-10-28 06:00:00,73164.97552146175,73164.97552146175,71768.8498388268,71981.24879138252,3812.5177522798554
2024-10-28 08:00:00,71981.24879138252,72804.13733561884,71451.82004098725,72804.13733561884,2753.0149776296116
2024-10-28 10:00:00,72804.13733561884,72804.13733561884,71703.27329757347,71824.91239812846,6082.152270685034
2024-10-28 12:00:00,71824.91239812846,71857.5193197959,71702.67951614312,71794.35397779816,3934.4232477721102
2024-10-28 14:00:00,71794.35397779816,71932.96768589922,71735.50388489461,71895.38000886828,3637.164136661666
2024-10-28 16:00:00,71895.38000886828,71900.36902673832,71638.5887146097,71748.48040039111,6074.457896726063
2024-10-28 18:00:00,71748.48040039111,72507.97703030302,71431.19902458665,72507.97703030302,6100.947415124975
2024-10-28 20:00:00,72507.97703030302,72507.97703030302,71604.8961120732,71824.5340433158,4858.5758021937245
2024-10-28 22:00:00,71824.5340433158,71939.9371534119,71341.73517288927,71378.08458680907,2898.1919943774187
2024-10-29 00:00:00,71242.53826492741,71372.13146341924,71143.053728196,71356.27155770245,2007.9913149372583
2024-10-29 02:00:00,71356.27155770245,71370.58464597809,71143.053728196,71251.19379960437,2423.841617332328
2024-10-29 04:00:00,71251.19379960437,71411.14822060942,71218.72835794464,71378.66481540076,2849.230195364262
2024-10-29 06:00:00,71378.66481540076,71459.22994144881,71356.26858510074,71441.04282659288,1701.99025735218
2024-10-29 08:00:00,71441.04282659288,71568.94600006536,71419.09222744407,71514.36561641215,1877.5276433692807
2024-10-29 10:00:00,71514.36561641215,71587.06113527405,71449.59808136779,71452.18431249801,2291.3204980429537
2024-10-29 12:00:00,71452.18431249801,71654.50203562675,71424.34286608637,71580.42290317811,3115.564134269729
2024-10-29 14:00:00,71580.42290317811,71587.11716782508,71562.52216496482,71572.48980666843,2936.1574991191274
2024-10-29 16:00:00,71572.48980666843,71591.56851322044,71529.4303619421,71544.56426915227,1885.9668208601652
2024-10-29 18:00:00,71544.56426915227,71654.50203562675,71382.72269453945,71432.25792965543,2708.6208605461243
2024-10-29 20:00:00,71432.25792965543,71440.41754498167,71401.44641151711,71426.5987948564,1947.4902033232659
2024-10-29 22:00:00,71426.5987948564,71538.87422908346,71376.06239324946,71525.66639405407,2855.331573229815
2024-10-30 00:00:00,71368.62401824468,71789.3806548685,71284.31083555143,71683.16875786922,8664.297936386058
2024-10-30 02:00:00,71683.16875786922,71990.72732191683,71681.2330932377,71990.72732191683,7303.0141506036725
2024-10-30 04:00:00,71990.72732191683,72407.46596707084,71763.15593529165,72407.46596707084,5824.980179192477
2024-10-30 06:00:00,72407.46596707084,72425.7002966407,72388.30320050065,72425.7002966407,8185.142358014139
2024-10-30 08:00:00,72425.7002966407,72425.7002966407,71683.8482279561,71960.32941841228,7661.04731378333
2024-10-30 10:00:00,71960.32941841228,71976.32378767282,71826.71256632666,71847.47411716434,6237.799203648561
2024-10-30 12:00:00,71847.47411716434,71976.32378767282,71364.87920171501,71509.71360446408,4379.482658357047
2024-10-30 14:00:00,71509.71360446408,71700.82143771333,71443.56950916004,71582.73652938813,4537.994055290292
2024-10-30 16:00:00,71582.73652938813,71860.22088209985,71098.74268610598,71168.69026212965,7235.000477910489
2024-10-30 18:00:00,71168.69026212965,71392.42772156023,71098.74268610598,71356.70879496913,7133.336373595232
2024-10-30 20:00:00,71356.70879496913,71561.54872253773,71327.65220622055,71415.53983417722,6521.392608966975
2024-10-30 22:00:00,71415.53983417722,71521.78601208575,71127.16338991658,71175.03890789262,5257.283637605168
2024-10-31 00:00:00,70905.71354232545,70950.16926912779,70337.64322669912,70337.64322669912,2630.278520738201
2024-10-31 02:00:00,70337.64322669912,70688.37638623013,70337.64322669912,70667.84162852836,4249.722979794119
2024-10-31 04:00:00,70667.84162852836,71106.24476696696,70599.54443318631,70889.9157364071,3606.965119637646
2024-10-31 06:00:00,70889.9157364071,71618.66560335463,70617.34644918052,71618.66560335463,3293.3894150831165
2024-10-31 08:00:00,71618.66560335463,71618.66560335463,71468.83532705034,71514.44751581355,2851.876720265722
2024-10-31 10:00:00,71514.44751581355,71624.39925062354,71496.68730213556,71624.39925062354,3599.3306054221607
2024-10-31 12:00:00,71624.39925062354,71624.39925062354,70867.50846744177,71127.07704294345,2171.4514802724207
2024-10-31 14:00:00,71127.07704294345,71127.07704294345,70981.54583867066,71006.60099361981,3839.8464279661225
2024-10-31 16:00:00,71006.60099361981,71195.73839940043,70881.46753994022,71195.73839940043,1969.4970972462936
2024-10-31 18:00:00,71195.73839940043,71195.73839940043,70651.9626755518,70865.46493971537,4194.975905468529
2024-10-31 20:00:00,70865.46493971537,71008.7949155891,70605.89844154031,70610.21345111582,2923.8070319896674
2024-10-31 22:00:00,70610.21345111582,70690.46133529196,70603.10437785675,70637.64853568216,4999.398822914739
2024-11-01 00:00:00,70540.26092848739,70593.56701861524,70485.66707034894,70543.47077955712,1466.0094130303414
2024-11-01 02:00:00,70543.47077955712,70572.69674296165,70526.45940552278,70535.83484135679,2112.14583303382
2024-11-01 04:00:00,70535.83484135679,70561.79666853994,70475.40112503563,70528.5991431664,1437.6212978136712
2024-11-01 06:00:00,70528.5991431664,70577.98665524469,70461.35856487567,70493.62760315236,3586.563415661538
2024-11-01 08:00:00,70493.62760315236,70500.77000281164,70434.38795130336,70469.85868567588,2465.4650261257752
2024-11-01 10:00:00,70469.85868567588,70491.76907596501,70453.19002373435,70488.35858191371,2062.796045665729
2024-11-01 12:00:00,70488.35858191371,70505.17623761724,70401.94494318779,70473.96930823235,3400.1290712558284
2024-11-01 14:00:00,70473.96930823235,70483.34505641554,70441.40943715638,70446.98405046445,2542.1618521853643
2024-11-01 16:00:00,70446.98405046445,70490.10871876981,70385.03237359149,70438.39445081569,2143.441900667976
2024-11-01 18:00:00,70438.39445081569,70518.50250798001,70363.11904591142,70442.48326307045,2607.2727687813153
2024-11-01 20:00:00,70442.48326307045,70610.36652785492,70280.96729350368,70435.91232855796,2197.957264752881
2024-11-01 22:00:00,70435.91232855796,70456.66421522817,70383.81864813142,70385.33703049464,2678.342587999876
2024-11-02 00:00:00,70019.23156238481,70022.09178212102,69219.52871061713,69581.69421775159,6591.562144223283
2024-11-02 02:00:00,69581.69421775159,69710.4200825896,69401.04113121169,69534.26924549027,7056.994510083971
2024-11-02 04:00:00,69534.26924549027,69620.862704185,69203.91735049224,69269.51939169687,7136.160075539802
2024-11-02 06:00:00,69269.51939169687,69323.5655967407,69204.29235558335,69210.62331015778,3097.2047435001327
2024-11-02 08:00:00,69210.62331015778,69493.26977688512,69203.91735049224,69411.62867895568,5979.0267977891
2024-11-02 10:00:00,69411.62867895568,69627.91669007942,69318.86884946896,69543.20007331354,6726.478917832475
2024-11-02 12:00:00,69543.20007331354,69585.81159560452,69242.36595824838,69412.74278981425,3635.272004600861
2024-11-02 14:00:00,69412.74278981425,69447.04501888629,69336.5457184877,69346.0999205627,6065.472579980737
2024-11-02 16:00:00,69346.0999205627,69453.05214770373,69152.99954411353,69152.99954411353,5425.960106632465
2024-11-02 18:00:00,69152.99954411353,69499.97367729453,69152.99954411353,69495.23671669184,5002.481831737507
2024-11-02 20:00:00,69495.23671669184,69614.30464803975,69457.58209617536,69555.44523513548,3705.5093431321693
2024-11-02 22:00:00,69555.44523513548,69577.64009741141,69235.0581972891,69365.49156026577,6811.0502734693755
2024-11-03 00:00:00,69642.82103689254,70325.65444333125,62304.557784185854,62304.557784185854,5200.1775344826965
2024-11-03 02:00:00,62304.557784185854,75303.21574207328,62304.557784185854,75303.21574207328,4750.290462839138
2024-11-03 04:00:00,75303.21574207328,75303.21574207328,70138.41470118187,71523.96441682952,10292.811143786957
2024-11-03 06:00:00,71523.96441682952,72861.06761188609,71025.79190393748,72861.06761188609,5917.047863293913
2024-11-03 08:00:00,72861.06761188609,77765.00409081522,70883.29796287007,77765.00409081522,9932.102996796275
2024-11-03 10:00:00,77765.00409081522,87788.32263109223,75924.4527076916,87788.32263109223,8866.83899984265
2024-11-03 12:00:00,87788.32263109223,87788.32263109223,82811.01083667883,84352.85129808499,6670.235530989275
2024-11-03 14:00:00,84352.85129808499,84352.85129808499,76823.17921521165,77251.69828643285,6593.301527121828
2024-11-03 16:00:00,77251.69828643285,77251.69828643285,68446.59131480061,70400.56372515927,8034.488544324855
2024-11-03 18:00:00,70400.56372515927,70400.56372515927,68381.08805227457,68381.08805227457,9050.480060499825
2024-11-03 20:00:00,68381.08805227457,69677.9451815256,64644.60385396526,64644.60385396526,6359.064691623849
2024-11-03 22:00:00,64644.60385396526,65810.77288447894,64644.60385396526,65734.34376002451,6070.802079094376
2024-11-04 00:00:00,68906.02424058419,69019.79873377635,68637.79468427488,68977.07897954328,7279.8792811377825
2024-11-04 02:00:00,68977.07897954328,69076.5120697887,68491.36081960167,68648.099029113,3279.6797808060523
2024-11-04 04:00:00,68648.099029113,68713.2482249848,68642.7790707523,68678.9395172251,5140.961250187981
2024-11-04 06:00:00,68678.9395172251,68831.20471401441,68471.91648008971,68491.60673823033,3476.448713467723
2024-11-04 08:00:00,68491.60673823033,68675.99901579008,68305.13083362559,68305.13083362559,6809.191906404306
2024-11-04 10:00:00,68305.13083362559,68379.08876838021,68268.1982119932,68268.1982119932,6919.145831714932
2024-11-04 12:00:00,68268.1982119932,68593.43857034952,68268.1982119932,68582.18317556214,6756.228369139664
2024-11-04 14:00:00,68582.18317556214,68662.68682582174,68547.99284093133,68658.61190288409,3504.630872160399
2024-11-04 16:00:00,68658.61190288409,68703.208885705,68611.13780587827,68658.03273015184,7519.229760066841
2024-11-04 18:00:00,68658.03273015184,68721.5818228657,68462.04944437851,68462.04944437851,3277.864853804107
2024-11-04 20:00:00,68462.04944437851,68892.75248012102,68462.04944437851,68663.86743059679,2956.7590515272464
2024-11-04 22:00:00,68663.86743059679,68669.21301604284,68541.78396929668,68576.47025895219,6941.023485333998
2024-11-05 00:00:00,68881.61133464263,69146.9637221608,68856.93938052846,68991.00814732153,8822.697107824755
2024-11-05 02:00:00,68991.00814732153,69050.82332829633,68817.8616493141,68846.01811925333,5173.756663984385
2024-11-05 04:00:00,68846.01811925333,68865.25710336801,68744.63107609497,68770.33624958062,3800.687669487249
2024-11-05 06:00:00,68770.33624958062,68787.19742083488,68714.71481150498,68725.32601731896,8631.521253212999
2024-11-05 08:00:00,68725.32601731896,69592.19286899964,68526.90478647327,69592.19286899964,8789.31693408541
2024-11-05 10:00:00,69592.19286899964,69592.19286899964,69455.44592772269,69477.84017059514,3918.856019378035
2024-11-05 12:00:00,69477.84017059514,69477.84017059514,68819.28561766248,69049.39816331948,5421.989924454779
2024-11-05 14:00:00,69049.39816331948,69288.0985808673,68926.62161060577,69136.4530411497,5055.232809490289
2024-11-05 16:00:00,69136.4530411497,69284.97896922957,68426.3381850387,68663.32016799158,4651.446824891052
2024-11-05 18:00:00,68663.32016799158,68830.13488093704,68214.73171334992,68428.37636249639,8431.83133909296
2024-11-05 20:00:00,68428.37636249639,68629.82821777421,68109.65457753022,68127.78559574709,4385.296832615656
2024-11-05 22:00:00,68127.78559574709,68209.3441808519,67921.32621338323,67982.02875227871,4863.448183353022
2024-11-06 00:00:00,67628.78884313146,68366.15527691555,67604.85110723876,68243.96605478137,8827.27109144338
2024-11-06 02:00:00,68243.96605478137,68691.2540575105,68119.5572097573,68512.19270474583,12215.674955605436
2024-11-06 04:00:00,68512.19270474583,69348.64818641465,68235.61286593192,68948.26353731929,12167.581136463044
2024-11-06 06:00:00,68948.26353731929,69071.31988261928,68779.48178529374,68791.99578192054,8552.491325278625
2024-11-06 08:00:00,68791.99578192054,68816.05226132598,68768.7751585276,68797.8681006784,6743.317699115122
2024-11-06 10:00:00,68797.8681006784,69345.82886639202,68628.26015234715,69195.04659310757,13009.106500209422
2024-11-06 12:00:00,69195.04659310757,69776.67447586745,69037.16175000048,69580.81200536345,13689.66380987265
2024-11-06 14:00:00,69580.81200536345,69783.7915478731,69391.42772502477,69758.56045603164,6533.5137444064085
2024-11-06 16:00:00,69758.56045603164,69939.04378739688,69274.61841780851,69431.6031967939,13443.10007919212
2024-11-06 18:00:00,69431.6031967939,69493.13872983637,69079.33744979874,69213.35935753387,12970.37266986727
2024-11-06 20:00:00,69213.35935753387,69862.49198874271,69191.54053597507,69770.67318040814,6018.872895138608
2024-11-06 22:00:00,69770.67318040814,70082.66456016753,69526.97859665458,70082.66456016753,5819.482382766254
2024-11-07 00:00:00,69857.89813541702,72179.24708985811,64848.774036398136,64848.774036398136,7666.837962185744
2024-11-07 02:00:00,64848.774036398136,72480.88951394858,64848.774036398136,72480.88951394858,3912.05749562718
2024-11-07 04:00:00,72480.88951394858,72480.88951394858,59323.8600714917,59323.8600714917,3913.935241483906
2024-11-07 06:00:00,59323.8600714917,59396.05378166379,53345.059752429144,53345.059752429144,4120.660011493335
2024-11-07 08:00:00,53345.059752429144,72179.24708985811,53345.059752429144,70337.02562090596,4644.380183692631
2024-11-07 10:00:00,70337.02562090596,82780.85674132666,69760.10000416299,82780.85674132666,7909.15285156629
2024-11-07 12:00:00,82780.85674132666,93186.79942660657,78946.66221145891,93186.79942660657,5792.635638388546
2024-11-07 14:00:00,93186.79942660657,93186.79942660657,77297.55526445138,78642.94221325399,7678.152264487068
2024-11-07 16:00:00,78642.94221325399,78642.94221325399,77684.56306949047,77828.72022519897,4915.305210321275
2024-11-07 18:00:00,77828.72022519897,77828.72022519897,74517.52072399762,74519.50288107959,3876.0609035155226
2024-11-07 20:00:00,74519.50288107959,76670.90271358668,74314.35101591381,76670.90271358668,7535.882635793567
2024-11-07 22:00:00,76670.90271358668,76670.90271358668,63455.345031318495,63455.345031318495,6762.404913188496
2024-11-08 00:00:00,71715.70102905291,72284.54226132405,70127.15048163291,70127.15048163291,15445.597757909407
2024-11-08 02:00:00,70127.15048163291,71576.9502476988,70127.15048163291,71168.02689267647,12494.089120647437
2024-11-08 04:00:00,71168.02689267647,72782.92621256057,71084.46908906417,72099.4372317517,16047.022132915286
2024-11-08 06:00:00,72099.4372317517,72861.5943622801,71810.87366985664,72731.0923215874,20823.87622031599
2024-11-08 08:00:00,72731.0923215874,73433.6101453755,72681.60670890917,73208.68291993965,16776.760512216228
2024-11-08 10:00:00,73208.68291993965,73776.82437605181,72780.29209939972,73675.71610206224,21245.47791562933
2024-11-08 12:00:00,73675.71610206224,74199.81784061748,72525.70930550918,72598.10691614528,16250.212334324162
2024-11-08 14:00:00,72598.10691614528,73068.63329762407,71525.0368255918,71640.39285505546,11480.661845753
2024-11-08 16:00:00,71640.39285505546,72922.93826537573,71385.18152745893,72419.51944586704,13043.434696624872
2024-11-08 18:00:00,72419.51944586704,72507.5909903558,72363.44204543236,72447.78079808575,9684.654231344733
2024-11-08 20:00:00,72447.78079808575,73106.34732499771,72146.20463828751,73046.61185944869,23004.605318186583
2024-11-08 22:00:00,73046.61185944869,75011.49837247672,73000.9424993852,74793.81784191956,16584.371318173875
2024-11-09 00:00:00,74491.580474892,74928.65499195516,72229.81639091083,72229.81639091083,4139.84417488855
2024-11-09 02:00:00,72229.81639091083,75007.97793519654,72229.81639091083,74526.48162140755,3435.837837544633
2024-11-09 04:00:00,74526.48162140755,75367.6369837049,70464.5140474602,70464.5140474602,7165.391482320473
2024-11-09 06:00:00,70464.5140474602,74128.89633776822,70464.5140474602,73047.18796562204,5553.583999454149
2024-11-09 08:00:00,73047.18796562204,73179.52189787473,72914.63728619496,72914.63728619496,4533.245474628315
2024-11-09 10:00:00,72914.63728619496,76135.28019462193,72914.63728619496,75357.7489803477,8757.510464752793
2024-11-09 12:00:00,75357.7489803477,75629.07167944287,75269.11906815914,75507.6556207397,7606.411868016891
2024-11-09 14:00:00,75507.6556207397,77790.64561996552,74738.54228887992,77790.64561996552,3012.165662525011
2024-11-09 16:00:00,77790.64561996552,77790.64561996552,73496.7666558809,73496.7666558809,3341.1925251891425
2024-11-09 18:00:00,73496.7666558809,77054.7809550154,73496.7666558809,75932.57352783305,3230.5090817534656
2024-11-09 20:00:00,75932.57352783305,78909.48552735182,75886.11713480689,78909.48552735182,5443.470199036742
2024-11-09 22:00:00,78909.48552735182,78909.48552735182,76426.04531474196,76486.8710373646,8758.281862366997
2024-11-10 00:00:00,76886.10948894189,77406.9030801833,76768.80660648031,77386.9849400506,7974.414771777064
2024-11-10 02:00:00,77386.9849400506,77557.96044641215,77330.45540993102,77379.46333307434,9519.979429070094
2024-11-10 04:00:00,77379.46333307434,77622.81853286434,77367.88240162992,77553.52706673891,4245.106684235313
2024-11-10 06:00:00,77553.52706673891,77868.10095414161,76724.12412024809,76738.801434447,8363.012882312558
2024-11-10 08:00:00,76738.801434447,77625.5886629826,76721.86126188474,77395.29274996,7026.20666545768
2024-11-10 10:00:00,77395.29274996,78382.09388266626,77256.96803172347,78252.68530683125,5372.10005073663
2024-11-10 12:00:00,78252.68530683125,78297.62649510271,77878.35368598395,77952.9586494773,3850.7791760039595
2024-11-10 14:00:00,77952.9586494773,78380.39619840296,77794.68021411446,78258.32456550097,9766.189566434194
2024-11-10 16:00:00,78258.32456550097,78319.71416356468,78232.77165474788,78310.89084174833,5131.195836092569
2024-11-10 18:00:00,78310.89084174833,79013.45747555906,78150.72733480748,78878.17234698797,3888.291081149968
2024-11-10 20:00:00,78878.17234698797,79198.20913908906,78772.06129200132,79158.9675753074,7085.675345524887
2024-11-10 22:00:00,79158.9675753074,79198.20913908906,78700.61204008682,78977.02141303328,10014.737583887629
2024-11-11 00:00:00,79088.11303081516,80667.91348619037,78839.72352682233,80376.077647577,4173.2624886591375
2024-11-11 02:00:00,80376.077647577,80513.12520021775,79680.68144148507,79787.13032182155,3046.2594865779033
2024-11-11 04:00:00,79787.13032182155,80066.15687337998,79623.29963514832,80053.9395803359,8467.12319398571
2024-11-11 06:00:00,80053.9395803359,81162.36667628711,79713.15735379173,80795.92187512232,4349.147829506066
2024-11-11 08:00:00,80795.92187512232,81021.05263951089,80747.2851720698,80968.18314936856,8313.626249189907
2024-11-11 10:00:00,80968.18314936856,81079.57049215218,80758.95198640495,80872.61978989243,3741.395948913932
2024-11-11 12:00:00,80872.61978989243,81152.3743599199,80835.73672615632,81047.06699852292,4644.866853151098
2024-11-11 14:00:00,81047.06699852292,81682.11483549031,80916.14646068709,81682.11483549031,8883.461988152972
2024-11-11 16:00:00,81682.11483549031,81682.11483549031,81213.3288600672,81383.86397282174,5976.053182959839
2024-11-11 18:00:00,81383.86397282174,81519.4223947126,81332.17421845779,81519.4223947126,8932.763013572026
2024-11-11 20:00:00,81519.4223947126,81614.52865474363,81492.30066755039,81614.52865474363,3324.5882385056993
2024-11-11 22:00:00,81614.52865474363,81614.52865474363,80736.73223312617,80964.42433304164,5952.074258877555
2024-11-12 00:00:00,81297.14435263819,81492.67482397212,80743.45805017716,80743.45805017716,5263.964429022345
2024-11-12 02:00:00,80743.45805017716,88877.3832677706,80743.45805017716,88877.3832677706,5056.676943560868
2024-11-12 04:00:00,88877.3832677706,88877.3832677706,88471.80720133524,88604.54535708172,7124.472120529792
2024-11-12 06:00:00,88604.54535708172,88604.54535708172,83185.47158539791,83548.70729812284,3528.1801835348037
2024-11-12 08:00:00,83548.70729812284,91299.35992131302,80975.6685176261,91299.35992131302,5734.487087180073
2024-11-12 10:00:00,91299.35992131302,91299.35992131302,90867.49205603445,90871.45430156599,7071.395596523838
2024-11-12 12:00:00,90871.45430156599,90871.45430156599,87574.89637044593,88217.65969217687,3223.988560713007
2024-11-12 14:00:00,88217.65969217687,88217.65969217687,84207.75658374833,85010.20465539602,2438.4851210924694
2024-11-12 16:00:00,85010.20465539602,85010.20465539602,81343.60379996065,82449.20325308811,5396.746668112816
2024-11-12 18:00:00,82449.20325308811,82596.2074244363,78794.43816340649,78794.43816340649,6889.407600039771
2024-11-12 20:00:00,78794.43816340649,79314.84981589484,74948.83856506585,74948.83856506585,6475.198118692306
2024-11-12 22:00:00,74948.83856506585,82596.2074244363,74948.83856506585,80929.13659651202,3004.0051988497803
2024-11-13 00:00:00,82348.62605182668,82410.9092281671,82047.24006513134,82047.24006513134,7910.518660725333
2024-11-13 02:00:00,82047.24006513134,83667.1975022742,82047.24006513134,83240.78871615017,4745.25221288961
2024-11-13 04:00:00,83240.78871615017,84015.01434921288,82909.18617827768,84015.01434921288,5194.252577703767
2024-11-13 06:00:00,84015.01434921288,84015.01434921288,82300.50494175471,82835.53586456976,4609.397331192471
2024-11-13 08:00:00,82835.53586456976,83581.50801535997,82520.6618902179,83421.48218213883,9597.796754150575
2024-11-13 10:00:00,83421.48218213883,83781.0823443379,83284.14682047855,83697.42502500143,8939.285817860988
2024-11-13 12:00:00,83697.42502500143,85042.24276436675,83003.03426933916,85042.24276436675,8353.29367563594
2024-11-13 14:00:00,85042.24276436675,85042.24276436675,84338.63396806011,84529.83547239938,4484.942690936181
2024-11-13 16:00:00,84529.83547239938,85276.6145192499,84197.81570241303,85276.6145192499,4840.894030915324
2024-11-13 18:00:00,85276.6145192499,85499.64375282274,85240.67662088618,85499.64375282274,3986.36652287985
2024-11-13 20:00:00,85499.64375282274,85499.64375282274,83853.07455819695,84044.26345635894,5273.014172002786
2024-11-13 22:00:00,84044.26345635894,84044.26345635894,83748.93635795925,83806.1233892653,3761.1017533613085
2024-11-14 00:00:00,83890.28929467862,84266.69197986064,83772.45507844954,84163.91218324183,7631.877946173209
2024-11-14 02:00:00,84163.91218324183,84514.3420753228,84144.74002991333,84393.50885974128,4432.356894818348
2024-11-14 04:00:00,84393.50885974128,84606.54668434587,84130.44841754244,84199.90182235665,6825.638149178475
2024-11-14 06:00:00,84199.90182235665,84658.2954315734,84002.36214240266,84646.5222923836,6256.421456269246
2024-11-14 08:00:00,84646.5222923836,84869.25411460274,84160.57764910746,84194.2382206466,6929.703953598941
2024-11-14 10:00:00,84194.2382206466,84778.19336050945,83947.23882042023,84676.70702128908,7255.717331485705
2024-11-14 12:00:00,84676.70702128908,84761.92638115474,84399.89415989495,84494.10969878269,3593.2875269713845
2024-11-14 14:00:00,84494.10969878269,84533.39644212465,84424.25078386038,84524.86485459669,5385.574655191267
2024-11-14 16:00:00,84524.86485459669,84608.78982486224,84463.78141702121,84582.81228404077,7695.96590148905
2024-11-14 18:00:00,84582.81228404077,84697.04038264624,84548.87609041044,84620.70961886634,3418.575830890982
2024-11-14 20:00:00,84620.70961886634,84825.31635618741,84588.23325807041,84760.14623954667,2728.7575981993027
2024-11-14 22:00:00,84760.14623954667,85192.8327504958,84523.62970254662,85100.22624647498,3878.3145397085823
2024-11-15 00:00:00,85287.64787365917,85707.00153430876,85214.47762007033,85639.96040591461,9203.907608264799
2024-11-15 02:00:00,85639.96040591461,85897.35539143371,85605.09222894005,85811.80706471938,11532.789601844946
2024-11-15 04:00:00,85811.80706471938,85978.48460967084,85363.58122748669,85481.57474892041,11513.08870544416
2024-11-15 06:00:00,85481.57474892041,86531.50672075896,85413.27917789939,86176.92352195935,5333.196056511713
2024-11-15 08:00:00,86176.92352195935,86355.25355877221,85976.08684339565,85976.52053402532,11185.300137888722
2024-11-15 10:00:00,85976.52053402532,86009.92353525267,85453.82135135215,85512.20689193519,14557.615927151535
2024-11-15 12:00:00,85512.20689193519,85646.16700266878,85481.83068244506,85591.58878030018,14442.21760445158
2024-11-15 14:00:00,85591.58878030018,85695.66584243963,85092.67951890476,85092.67951890476,7226.8461766590835
2024-11-15 16:00:00,85092.67951890476,86774.62033278668,85092.67951890476,86191.78653978926,11440.089691763871
2024-11-15 18:00:00,86191.78653978926,86658.32954395871,86039.6583784895,86550.98161667326,13384.26231573137
2024-11-15 20:00:00,86550.98161667326,86840.91482169348,86515.33613977532,86748.12412698727,5619.684451770946
2024-11-15 22:00:00,86748.12412698727,86923.25852055647,86677.61260007642,86883.89137821936,10583.140751701916
2024-11-16 00:00:00,86946.32411967212,87512.3162691029,85441.76723350189,85441.76723350189,2342.17377584769
2024-11-16 02:00:00,85441.76723350189,85782.81340167166,85441.76723350189,85718.18193568819,4348.46405124841
2024-11-16 04:00:00,85718.18193568819,85895.63288816865,84792.59990213046,84792.59990213046,5754.839056078679
2024-11-16 06:00:00,84792.59990213046,85486.75818460665,84792.59990213046,85417.255097198,5956.147650291466
2024-11-16 08:00:00,85417.255097198,85487.08080063331,85417.255097198,85484.72634716476,4364.119976686579
2024-11-16 10:00:00,85484.72634716476,85537.45871474946,85338.10123308422,85338.10123308422,3719.3696927492024
2024-11-16 12:00:00,85338.10123308422,86493.41019500532,85338.10123308422,86450.55156639835,4323.125714125066
2024-11-16 14:00:00,86450.55156639835,86669.3233591003,84417.53976671552,84417.53976671552,2013.700506229758
2024-11-16 16:00:00,84417.53976671552,84452.03873972823,83619.33548603987,83619.33548603987,4014.1428355640123
2024-11-16 18:00:00,83619.33548603987,87957.93356460576,83619.33548603987,87588.08384123284,3562.198596068067
2024-11-16 20:00:00,87588.08384123284,88362.08740866507,87136.89520963065,88362.08740866507,4033.4365764350896
2024-11-16 22:00:00,88362.08740866507,88362.08740866507,87358.54433234752,87753.25424435176,5553.247817715179
2024-11-17 00:00:00,88202.40035260165,88445.05841814786,88024.34482621531,88118.51734747729,3891.0959852964456
2024-11-17 02:00:00,88118.51734747729,88165.4354016943,88109.14428335123,88137.35965885788,4770.734850704523
2024-11-17 04:00:00,88137.35965885788,88534.83888685086,87997.66853234591,88394.0160600173,5357.236049812575
2024-11-17 06:00:00,88394.0160600173,88599.94979639561,88312.8987728406,88543.4341323053,4131.5004007524
2024-11-17 08:00:00,88543.4341323053,89072.37425119683,88326.7007713461,88821.31353202586,4376.958142003571
2024-11-17 10:00:00,88821.31353202586,89112.71446186,88665.66059344908,89112.71446186,4787.486554407813
2024-11-17 12:00:00,89112.71446186,89112.71446186,88182.26235073709,88528.58467451944,2303.581464752666
2024-11-17 14:00:00,88528.58467451944,88588.54003241668,88372.96573258362,88447.62312072093,5246.981061372066
2024-11-17 16:00:00,88447.62312072093,89052.39985483566,88326.19078703302,88851.19664161529,5371.683625652729
2024-11-17 18:00:00,88851.19664161529,89000.1468333421,88784.54246827653,88992.79176273267,3763.1397619470363
2024-11-17 20:00:00,88992.79176273267,89024.40493971386,88921.58309994281,88957.23347825978,3281.672888278956
2024-11-17 22:00:00,88957.23347825978,89097.59142783323,88765.87625088157,88827.02675116083,3381.6385836056534
2024-11-18 00:00:00,88790.96093844248,88854.82446416948,88746.33557739723,88811.15166941752,10016.673978492008
2024-11-18 02:00:00,88811.15166941752,88973.9033906592,88222.95142258483,88553.81873479724,12039.915571037149
2024-11-18 04:00:00,88553.81873479724,88616.93833821903,88398.59009709317,88479.6476285886,11796.182540489988
2024-11-18 06:00:00,88479.6476285886,88542.55908699591,88175.4942881854,88199.06967324825,16181.70046218667
2024-11-18 08:00:00,88199.06967324825,88382.53951308703,87887.27792127283,87923.68550111624,16200.268078578018
2024-11-18 10:00:00,87923.68550111624,88019.64522740318,87722.45132580944,87722.45132580944,15743.676387664249
2024-11-18 12:00:00,87722.45132580944,87932.09749711947,87722.45132580944,87893.59054010331,10844.381702234432
2024-11-18 14:00:00,87893.59054010331,88081.22374490293,87887.27792127283,88068.03025321693,9794.870460280488
2024-11-18 16:00:00,88068.03025321693,88083.08774079366,87988.52166867586,88022.94483546316,13191.64897137245
2024-11-18 18:00:00,88022.94483546316,88123.15904546523,87997.7989162628,88095.6606561282,15445.697101311189
2024-11-18 20:00:00,88095.6606561282,88117.85595031557,87903.54903185414,88039.28091817908,9526.539023244846
2024-11-18 22:00:00,88039.28091817908,88059.07203043748,87973.13894290007,87986.33597397857,5752.975075793849
2024-11-19 00:00:00,87828.02577383445,88027.82908950042,87747.32599180672,87864.81245681677,18699.665825266697
2024-11-19 02:00:00,87864.81245681677,89036.10452148497,87665.67039547327,88814.96941515962,14627.70676005856
2024-11-19 04:00:00,88814.96941515962,89045.42873712388,88152.37395630135,88503.91784067501,13830.02763062592
2024-11-19 06:00:00,88503.91784067501,89806.02770122813,87734.42545802036,89796.02767154203,12346.77374542891
2024-11-19 08:00:00,89796.02767154203,89830.17467291106,89710.91267250416,89744.83985575564,8913.809578231936
2024-11-19 10:00:00,89744.83985575564,90296.24827126609,89695.34067188528,90296.24827126609,16416.320647318982
2024-11-19 12:00:00,90296.24827126609,90296.24827126609,90191.20893959462,90240.81849748621,18273.85706204061
2024-11-19 14:00:00,90240.81849748621,90240.81849748621,89971.93097170143,90104.81595745338,14288.722841935138
2024-11-19 16:00:00,90104.81595745338,90104.81595745338,89886.46638374362,89937.70792183449,11659.343754940108
2024-11-19 18:00:00,89937.70792183449,89937.70792183449,89798.86126858981,89841.663224156,16561.871922934704
2024-11-19 20:00:00,89841.663224156,90602.42730653717,89683.64189997285,90602.42730653717,9159.783719933037
2024-11-19 22:00:00,90602.42730653717,90602.42730653717,89670.51308484598,89740.53610567124,17109.293402780284
2024-11-20 00:00:00,90139.05246949228,91198.58372620984,90113.054836206,91138.82661711419,4642.937063244391
2024-11-20 02:00:00,91138.82661711419,91710.37537731399,91127.37075962793,91573.91658283985,4854.533997379804
2024-11-20 04:00:00,91573.91658283985,91587.5057214018,91415.40294863797,91424.94784276288,6346.259514003071
2024-11-20 06:00:00,91424.94784276288,91734.29223390335,91302.59824760685,91638.35678089666,7953.588934057102
2024-11-20 08:00:00,91638.35678089666,91684.7833293497,91630.5515836269,91671.7905457549,8473.710070990659
2024-11-20 10:00:00,91671.7905457549,92424.80111855049,91273.46829935521,92424.80111855049,4666.908312334981
2024-11-20 12:00:00,92424.80111855049,92776.58720472547,92317.88136006318,92776.58720472547,7931.529491869391
2024-11-20 14:00:00,92776.58720472547,92953.76559943962,92588.86765347027,92953.76559943962,11257.48624814856
2024-11-20 16:00:00,92953.76559943962,93011.01482492806,92750.99762332601,93011.01482492806,10052.130804950053
2024-11-20 18:00:00,93011.01482492806,93011.01482492806,91599.85575003138,91630.59742890042,8196.88761420896
2024-11-20 20:00:00,91630.59742890042,91691.69608032097,91526.52463608491,91581.47299037084,11219.374651356784
2024-11-20 22:00:00,91581.47299037084,91844.94938778869,91486.33307964525,91788.6569752594,11339.416916818398
2024-11-21 00:00:00,91893.16962821594,92086.01144037647,91849.57643467562,92011.92612204833,3176.064225504216
2024-11-21 02:00:00,92011.92612204833,92040.87984925939,91908.70342332669,91942.85400817881,4412.487570527526
2024-11-21 04:00:00,91942.85400817881,92213.97037026013,91942.60226294381,92169.48225586352,2915.3584927366637
2024-11-21 06:00:00,92169.48225586352,92352.46022188636,92132.87234523256,92279.93699396847,2322.9943134180803
2024-11-21 08:00:00,92279.93699396847,92304.01651181796,91867.27136367348,92046.46417418362,5469.654922531699
2024-11-21 10:00:00,92046.46417418362,92195.26720164415,91981.15161853995,92110.83950994554,3146.1479859574742
2024-11-21 12:00:00,92110.83950994554,92290.16705348082,92023.64294075665,92074.36742328598,6083.385264965681
2024-11-21 14:00:00,92074.36742328598,92459.47029613431,91959.22384223412,92253.63300690176,3040.679611716823
2024-11-21 16:00:00,92253.63300690176,92536.88603505098,92231.944771137,92434.14496892813,5696.980811990051
2024-11-21 18:00:00,92434.14496892813,92458.05224625142,92261.4584925823,92353.88012020384,2206.605932559034
2024-11-21 20:00:00,92353.88012020384,92407.22947631133,91975.62163960646,92110.83686670742,2664.082006109758
2024-11-21 22:00:00,92110.83686670742,92647.0578628943,91761.5808018015,92518.41970475737,2257.8629590259443
2024-11-22 00:00:00,92793.0526029162,92884.93363266258,92566.93103771181,92566.93103771181,8383.691084877833
2024-11-22 02:00:00,92566.93103771181,93990.02510044698,89998.07433957262,89998.07433957262,6121.710156919971
2024-11-22 04:00:00,89998.07433957262,90095.09129255854,89827.58195294734,89827.58195294734,3570.573566460153
2024-11-22 06:00:00,89827.58195294734,93556.81674087497,89827.58195294734,92962.70721359404,3328.292929936433
2024-11-22 08:00:00,92962.70721359404,94235.86004733077,92841.63713303929,93762.45797614986,6281.923548682533
2024-11-22 10:00:00,93762.45797614986,95110.68547624204,93577.67958404192,94590.35235098231,7414.883747838433
2024-11-22 12:00:00,94590.35235098231,95919.2631018426,93808.8667468764,95919.2631018426,3104.1269286306097
2024-11-22 14:00:00,95919.2631018426,95919.2631018426,95358.21378271635,95457.57720504099,5666.696229022729
2024-11-22 16:00:00,95457.57720504099,95536.33603885888,94366.98040598421,94445.05252638915,3104.6331615706513
2024-11-22 18:00:00,94445.05252638915,96481.36123564924,93815.20864961065,96481.36123564924,4213.408945866392
2024-11-22 20:00:00,96481.36123564924,96481.36123564924,92761.68966395626,93012.1415164903,8807.361844635489
2024-11-22 22:00:00,93012.1415164903,95536.33603885888,92761.68966395626,95330.37087260807,6150.718437917531
2024-11-23 00:00:00,95015.34434100747,95033.95935130048,94503.69344894728,94664.47710246636,6024.003441127811
2024-11-23 02:00:00,94664.47710246636,94796.06185967353,94335.04191496063,94461.04343161642,7423.96217137285
2024-11-23 04:00:00,94461.04343161642,94805.80722168343,94163.13364343003,94791.65531560987,5953.056132947982
2024-11-23 06:00:00,94791.65531560987,95594.72421548932,94768.87825138518,95594.72421548932,9407.115896837226
2024-11-23 08:00:00,95594.72421548932,95594.72421548932,94081.21267526282,94579.13800831881,14045.450459103733
2024-11-23 10:00:00,94579.13800831881,94937.13574234887,93697.73702761094,93936.28163468179,12174.285697220914
2024-11-23 12:00:00,93936.28163468179,94025.93432993318,93425.46904566337,93683.76434917838,7676.6325414696275
2024-11-23 14:00:00,93683.76434917838,93698.1277021795,93662.93990599668,93688.23572171459,10617.165461985755
2024-11-23 16:00:00,93688.23572171459,94239.80005111033,93321.23991819232,94178.97368810153,6844.295405678573
2024-11-23 18:00:00,94178.97368810153,94238.23012139201,94102.16976362569,94224.14533067301,9618.286721281218
2024-11-23 20:00:00,94224.14533067301,94320.72640969565,93681.9398861209,93862.66398319784,14386.04286701699
2024-11-23 22:00:00,93862.66398319784,94080.83242730779,93291.03316086018,93338.37393134653,12537.831964641766
2024-11-24 00:00:00,93286.27031010059,93383.16129991636,93171.20764815985,93383.16129991636,2596.840675627025
2024-11-24 02:00:00,93383.16129991636,93681.38547326408,93370.9589795589,93681.38547326408,2810.548358215711
2024-11-24 04:00:00,93681.38547326408,93681.38547326408,93354.67427698105,93374.9425957556,3905.8498688324953
2024-11-24 06:00:00,93374.9425957556,93374.9425957556,92866.49284372323,93206.7595298289,2738.431118265974
2024-11-24 08:00:00,93206.7595298289,93217.61299161355,93157.34301686978,93189.3722564273,3784.354073636387
2024-11-24 10:00:00,93189.3722564273,93276.57839932875,92814.31125254631,92942.57826501389,3229.3242047426324
2024-11-24 12:00:00,92942.57826501389,93340.75466622146,92822.72802579585,93258.20346362093,2414.991182503872
2024-11-24 14:00:00,93258.20346362093,93274.60379886703,93205.62573372167,93224.30509549752,2902.330549717278
2024-11-24 16:00:00,93224.30509549752,93247.75749078831,93164.99895726178,93186.03582330218,2879.7730574160482
2024-11-24 18:00:00,93186.03582330218,93343.2478613767,92632.72782528681,92840.61921424889,3316.231035613912
2024-11-24 20:00:00,92840.61921424889,92907.57318319229,92608.43284382898,92771.41648047727,2114.1039533761887
2024-11-24 22:00:00,92771.41648047727,92873.39793255866,92608.43284382898,92709.15073960193,2702.259720463481
2024-11-25 00:00:00,93184.55361102399,93852.85241427585,88823.21440413407,88823.21440413407,4507.667857091117
2024-11-25 02:00:00,88823.21440413407,89014.68367552062,87050.04086697001,87050.04086697001,8838.714447929595
2024-11-25 04:00:00,87050.04086697001,87203.84598060815,86796.9410824604,86796.9410824604,5760.856345328531
2024-11-25 06:00:00,86796.9410824604,89613.86989782857,86796.9410824604,88915.34859589797,5563.844485694642
2024-11-25 08:00:00,88915.34859589797,90783.57685459472,88915.34859589797,90154.90470136832,3456.622470932073
2024-11-25 10:00:00,90154.90470136832,91802.37352313595,90154.90470136832,91747.54571062175,7457.372507922275
2024-11-25 12:00:00,91747.54571062175,92165.77977343093,91747.54571062175,92135.07263851716,7956.805597279317
2024-11-25 14:00:00,92135.07263851716,92137.98043500885,90132.90830120645,90132.90830120645,4632.306593910393
2024-11-25 16:00:00,90132.90830120645,93018.79848095893,90132.90830120645,92800.36084571628,6142.301856475492
2024-11-25 18:00:00,92800.36084571628,92849.65102619698,89657.99180599944,89657.99180599944,6021.821886710328
2024-11-25 20:00:00,89657.99180599944,93852.85241427585,89657.99180599944,93765.75851489611,5293.405964213993
2024-11-25 22:00:00,93765.75851489611,93844.69303415576,93134.61653420179,93197.9789164963,5152.909407768558
2024-11-26 00:00:00,93805.99643079824,93974.02044440985,93730.7475767172,93831.0275419268,4446.877143748104
2024-11-26 02:00:00,93831.0275419268,94163.21468227616,93809.99512366156,94139.33438465036,2502.0156411916687
2024-11-26 04:00:00,94139.33438465036,94190.54335454234,94117.35626386356,94171.0721091019,2737.582329592014
2024-11-26 06:00:00,94171.0721091019,94407.56791420888,94154.57222338008,94339.2717052166,4503.056346499897
2024-11-26 08:00:00,94339.2717052166,94375.49036593137,94036.38404598382,94208.8978289573,2307.1258981684737
2024-11-26 10:00:00,94208.8978289573,94331.87326358406,93879.7186409778,93894.08056114228,4562.200876011653
2024-11-26 12:00:00,93894.08056114228,93938.23809481306,93430.24102135662,93663.41095082511,4048.3344538792503
2024-11-26 14:00:00,93663.41095082511,93743.6400766279,93386.66628887768,93395.41674460772,3357.062721588899
2024-11-26 16:00:00,93395.41674460772,93525.35060208895,93123.79229225457,93123.79229225457,3915.17289935305
2024-11-26 18:00:00,93123.79229225457,93419.8332779757,93123.79229225457,93194.09162013102,3006.553962953522
2024-11-26 20:00:00,93194.09162013102,93941.13975070641,93194.09162013102,93871.2391005334,3040.2837633723548
2024-11-26 22:00:00,93871.2391005334,94273.21124473789,93699.38107455897,94116.16183112665,2404.0085897499125
2024-11-27 00:00:00,94171.2734015366,94241.4661895715,94022.49447896008,94086.70283675943,2164.64676299187
2024-11-27 02:00:00,94086.70283675943,94333.54497342971,93848.95702859138,94088.21805058404,4502.2178378369235
2024-11-27 04:00:00,94088.21805058404,94189.60680655032,93870.98731227643,94031.26736931193,5097.071966884745
2024-11-27 06:00:00,94031.26736931193,94172.87154376449,94018.12654898867,94103.2441869254,3531.0507786617713
2024-11-27 08:00:00,94103.2441869254,94116.27717161507,94031.6119268012,94081.90015826932,3658.148101895896
2024-11-27 10:00:00,94081.90015826932,94125.04054641,94033.52774090039,94124.37334484958,2767.6710443860557
2024-11-27 12:00:00,94124.37334484958,94313.79787369196,94033.14738751635,94075.18568295504,2115.122586171954
2024-11-27 14:00:00,94075.18568295504,94133.95315744032,93934.90423087629,94038.80860365155,5409.227008392972
2024-11-27 16:00:00,94038.80860365155,94106.13583783525,93960.33811037062,94021.17832312502,3157.00242488319
2024-11-27 18:00:00,94021.17832312502,94067.67652269699,94017.5367935614,94026.13201289826,3118.1078281874475
2024-11-27 20:00:00,94026.13201289826,94108.77254514057,93950.21696237296,94012.92318814452,3427.8236588086975
2024-11-27 22:00:00,94012.92318814452,94094.34716423613,93933.35565489436,93947.5686656912,2657.547911745659
2024-11-28 00:00:00,93847.7791790871,94020.45345501316,93416.18809322863,93510.00490835513,3927.347233095136
2024-11-28 02:00:00,93510.00490835513,93587.90870535852,93459.95119314695,93538.35366810994,4301.067754921019
2024-11-28 04:00:00,93538.35366810994,93708.54584285457,93405.44270808305,93574.85025694105,6170.878624175883
2024-11-28 06:00:00,93574.85025694105,93646.4719272675,93308.95085140908,93343.24553863777,5267.096803686586
2024-11-28 08:00:00,93343.24553863777,93591.04814458525,93060.37440774897,93541.69511454544,6834.97602824371
2024-11-28 10:00:00,93541.69511454544,93692.43502450526,93513.22056506336,93596.25957431093,4353.200306861564
2024-11-28 12:00:00,93596.25957431093,94136.40895435051,92996.88035612112,93349.66295179965,4343.906591445458
2024-11-28 14:00:00,93349.66295179965,93732.36355456886,93115.62747832204,93524.96772283503,3707.46304343283
2024-11-28 16:00:00,93524.96772283503,93574.49063989523,93447.12481811181,93468.49537785735,7144.614997321595
2024-11-28 18:00:00,93468.49537785735,93653.08322166829,93358.62705810193,93549.8581451023,5781.310719788509
2024-11-28 20:00:00,93549.8581451023,93587.18927635303,93513.47551669733,93574.38801944055,6854.365429542578
2024-11-28 22:00:00,93574.38801944055,93693.63541296385,93364.4653371202,93402.89223821225,4929.062718575875
2024-11-29 00:00:00,93072.61264274595,93108.57654958399,92957.05802873735,92993.6735169821,2017.0917575868098
2024-11-29 02:00:00,92993.6735169821,93161.73545633964,92819.94620900165,92864.06822991943,4343.131110563628
2024-11-29 04:00:00,92864.06822991943,92951.91909242391,92799.49114893608,92861.95036028349,5124.452438180973
2024-11-29 06:00:00,92861.95036028349,93020.0278404032,92856.98764635035,92901.27615881359,5051.785595568096
2024-11-29 08:00:00,92901.27615881359,92987.41130698707,92723.04045839145,92892.3234732113,3147.107481665148
2024-11-29 10:00:00,92892.3234732113,93086.0779764497,92572.13974452541,92747.16081367564,5431.1461730212895
2024-11-29 12:00:00,92747.16081367564,92909.55180934592,92739.53655155818,92850.46313869422,5416.390050738464
2024-11-29 14:00:00,92850.46313869422,92877.1197074498,92692.06122698497,92749.19129875323,3441.139233617207
2024-11-29 16:00:00,92749.19129875323,92908.58223432592,92292.81436346378,92614.03218728097,4481.260775496811
2024-11-29 18:00:00,92614.03218728097,92665.87129215898,92431.63907355192,92445.3416356353,3186.4095905921176
2024-11-29 20:00:00,92445.3416356353,92645.6081647216,92346.45142735589,92468.75028631384,4322.642078147401
2024-11-29 22:00:00,92468.75028631384,92564.76877379062,92082.14750106708,92224.17466420651,3995.102468923231
2024-11-30 00:00:00,92162.64705862215,92290.71353340875,92141.6627874958,92228.528266694,4795.771938444489
2024-11-30 02:00:00,92228.528266694,92242.64146911316,92067.21874956616,92217.04300022675,6041.38935364321
2024-11-30 04:00:00,92217.04300022675,92285.3490379598,92194.01002587602,92224.22077217432,4665.294296473902
2024-11-30 06:00:00,92224.22077217432,92309.04882415618,92108.07254648677,92167.14574071334,3048.3452070680737
2024-11-30 08:00:00,92167.14574071334,92287.10057443424,91881.37179425609,92064.27023702284,5674.547288099033
2024-11-30 10:00:00,92064.27023702284,92090.63121579542,91950.4422289463,92053.32390216175,3060.388077522158
2024-11-30 12:00:00,92053.32390216175,92079.29522596567,91906.2949469642,91929.67012099629,3107.989139252557
2024-11-30 14:00:00,91929.67012099629,92087.36257941609,91881.5544022126,92023.17725254853,4497.4048321630935
2024-11-30 16:00:00,92023.17725254853,92201.7970583426,91757.21856628319,91938.18381826751,2693.865567629708
2024-11-30 18:00:00,91938.18381826751,92010.7071030539,91718.64597936162,91738.45531206421,2245.3598549860717
2024-11-30 20:00:00,91738.45531206421,91837.29265983317,91624.46772859547,91784.11480377633,2807.295435946505
2024-11-30 22:00:00,91784.11480377633,91947.2180435349,91404.78275681421,91462.02642862324,3857.6702434737463
2024-12-01 00:00:00,91496.7316908804,91731.66613065483,91421.07069120323,91731.66613065483,2938.0926086372137
2024-12-01 02:00:00,91731.66613065483,91731.66613065483,91631.94871694734,91715.03881148856,2877.1405428208477
2024-12-01 04:00:00,91715.03881148856,93046.19823425249,91307.13225659032,93046.19823425249,3461.5830831814696
2024-12-01 06:00:00,93046.19823425249,93046.19823425249,92104.68864897151,92450.51787578098,2432.1643509293135
2024-12-01 08:00:00,92450.51787578098,92450.51787578098,91000.82286376973,91306.58679135871,4752.771380727042
2024-12-01 10:00:00,91306.58679135871,92029.93373905109,91209.80709613248,92029.93373905109,2733.2525108360505
2024-12-01 12:00:00,92029.93373905109,92029.93373905109,90961.24566211237,91149.71350378197,2439.7963844146393
2024-12-01 14:00:00,91149.71350378197,93609.05138297933,90847.91702913021,93609.05138297933,4867.369413540129
2024-12-01 16:00:00,93609.05138297933,93609.05138297933,93006.00119239248,93101.74783959401,3074.447668645059
2024-12-01 18:00:00,93101.74783959401,93101.74783959401,92909.45951295053,93059.55301970831,2076.331358302982
2024-12-01 20:00:00,93059.55301970831,93178.66220445209,93034.45074247148,93178.66220445209,3256.101867495839
2024-12-01 22:00:00,93178.66220445209,93178.66220445209,90777.21886718016,90777.21886718016,1659.4491314182224
2024-12-02 00:00:00,90406.71013006583,90437.92782502534,90391.24203013047,90406.56384271068,4622.280576227619
2024-12-02 02:00:00,90406.56384271068,91492.93978411265,90221.7816301744,91325.70458463019,6619.65839741626
2024-12-02 04:00:00,91325.70458463019,92106.69191592473,91186.93649374304,91700.65788764424,2957.3126029706787
2024-12-02 06:00:00,91700.65788764424,91823.22614276593,91633.55445378556,91681.21508559932,6181.264567508815
2024-12-02 08:00:00,91681.21508559932,91889.99813680044,91645.84706032976,91699.04958864441,6027.205215911409
2024-12-02 10:00:00,91699.04958864441,92547.56570138366,91512.10171814238,92478.3220081346,6512.728316829791
2024-12-02 12:00:00,92478.3220081346,92733.42960361835,92357.80417300784,92733.42960361835,5924.0134470286175
2024-12-02 14:00:00,92733.42960361835,92734.89286788854,92693.65229820284,92734.89286788854,5188.700922813605
2024-12-02 16:00:00,92734.89286788854,92734.89286788854,92228.91371430233,92364.11044057904,4979.650976316746
2024-12-02 18:00:00,92364.11044057904,92546.91308218501,92115.04285573163,92238.41564560737,6118.901954759255
2024-12-02 20:00:00,92238.41564560737,92254.59817437628,92073.48554936166,92131.73850467536,5729.002497087738
2024-12-02 22:00:00,92131.73850467536,92486.2267790354,91999.58416959015,92482.98917377795,7762.423979405824
2024-12-03 00:00:00,91933.36612355319,91940.55739582401,91930.46259000365,91939.79992646798,5977.83552968939
2024-12-03 02:00:00,91939.79992646798,92024.67949235364,91895.36278227383,91992.1178031455,7010.008699801478
2024-12-03 04:00:00,91992.1178031455,92014.76591901544,91948.56630982277,91964.72365879867,5757.8787379528985
2024-12-03 06:00:00,91964.72365879867,92019.3178008888,91869.19706194098,91898.69786088068,10638.505540448468
2024-12-03 08:00:00,91898.69786088068,91962.60168194777,91860.57800933966,91954.84329182781,5453.341022383312
2024-12-03 10:00:00,91954.84329182781,91982.24850474807,91843.76910960356,91880.43481746891,11940.553635658327
2024-12-03 12:00:00,91880.43481746891,91897.8011397891,91817.22778495785,91826.23488349363,9794.117559680606
2024-12-03 14:00:00,91826.23488349363,91968.22568453859,91780.66395870098,91788.04416300468,11202.872990817059
2024-12-03 16:00:00,91788.04416300468,91897.52392859609,91746.1258352569,91841.9131545543,5722.670207793918
2024-12-03 18:00:00,91841.9131545543,92008.73112430252,91620.00463374153,91778.99031180234,5022.472053237013
2024-12-03 20:00:00,91778.99031180234,91783.97657012395,91735.52448775734,91761.47833625879,4511.898272886432
2024-12-03 22:00:00,91761.47833625879,91769.4855881406,91683.2531113428,91733.60928614945,9212.920191265845
2024-12-04 00:00:00,91616.73697090104,91970.3330275342,90893.76197677568,90893.76197677568,12175.704800611687
2024-12-04 02:00:00,90893.76197677568,91000.88794236557,90893.76197677568,90991.37180426857,6704.975481268369
2024-12-04 04:00:00,90991.37180426857,91919.81451574092,90991.37180426857,91779.79054158223,11000.247533269689
2024-12-04 06:00:00,91779.79054158223,94048.28881131455,91260.17927469072,94048.28881131455,8182.284382801722
2024-12-04 08:00:00,94048.28881131455,94048.28881131455,93358.72313227697,93652.54474644379,6011.623016257427
2024-12-04 10:00:00,93652.54474644379,94882.97647618315,93485.76271881525,94882.97647618315,11628.911479232707
2024-12-04 12:00:00,94882.97647618315,94882.97647618315,94253.30155785257,94486.07554959919,12889.61841239091
2024-12-04 14:00:00,94486.07554959919,94486.07554959919,92802.37785413057,92905.48814262859,11149.502162836961
2024-12-04 16:00:00,92905.48814262859,92905.48814262859,91622.38299547751,92048.92529315583,6134.095445157616
2024-12-04 18:00:00,92048.92529315583,92434.61751550526,91792.45167470272,92345.2617410078,9973.958951950948
2024-12-04 20:00:00,92345.2617410078,93719.98646550681,91937.17134555841,93719.98646550681,9350.618638855285
2024-12-04 22:00:00,93719.98646550681,93719.98646550681,92517.9463221992,92550.62742137574,5455.932860499604
2024-12-05 00:00:00,92795.35160394931,93937.64787433259,92543.81995812016,93576.36558498826,12608.465986038957
2024-12-05 02:00:00,93576.36558498826,94126.34260935498,93326.53963187276,94115.45117998004,9840.912767473252
2024-12-05 04:00:00,94115.45117998004,95046.03998107793,93979.25051301048,94808.95422925072,12690.973631809884
2024-12-05 06:00:00,94808.95422925072,95028.1445704297,93830.27244031397,93883.33902420774,22554.42207863319
2024-12-05 08:00:00,93883.33902420774,94227.93733545626,93177.17342493826,93308.32312227813,18653.847005861087
2024-12-05 10:00:00,93308.32312227813,93345.39558955836,92933.7677460363,93031.5678311349,18770.622201761966
2024-12-05 12:00:00,93031.5678311349,93212.21815505798,92943.78352406695,93183.97017773298,9929.142536405683
2024-12-05 14:00:00,93183.97017773298,94495.77902934015,92886.9468417949,94001.62189661975,15463.435913799405
2024-12-05 16:00:00,94001.62189661975,94146.65519138017,93754.32035052408,93801.0028796385,8986.3731456972
2024-12-05 18:00:00,93801.0028796385,94727.18712753654,93452.10834750831,94612.97767234541,18881.903678364655
2024-12-05 20:00:00,94612.97767234541,94691.21146127587,94432.21802264391,94576.24212739577,17445.93321337106
2024-12-05 22:00:00,94576.24212739577,95073.925158111,94492.10504969703,94894.27902129198,16725.932164389164
2024-12-06 00:00:00,95464.53404607458,95540.12230202029,95402.23657632625,95444.31883360827,5368.16626577122
2024-12-06 02:00:00,95444.31883360827,95736.88273154927,95147.45228663347,95557.54624745555,2764.9908740651335
2024-12-06 04:00:00,95557.54624745555,95694.09434499557,94701.16047348962,94987.8698590095,5244.281869328663
2024-12-06 06:00:00,94987.8698590095,95048.31843510043,94637.88742593565,94741.0612706043,6377.812938513411
2024-12-06 08:00:00,94741.0612706043,94889.1045078534,94025.36638052894,94332.98207263074,5934.032473920154
2024-12-06 10:00:00,94332.98207263074,94888.04448796183,94100.9981540719,94688.1770445631,3851.326326652723
2024-12-06 12:00:00,94688.1770445631,94806.23705615215,94624.80325582458,94786.158865209,4914.590632726544
2024-12-06 14:00:00,94786.158865209,95124.21753656276,94117.08489556794,94165.17545051615,7083.780872685544
2024-12-06 16:00:00,94165.17545051615,94189.48666695911,93616.62242732097,93794.51715971768,5712.934841675978
2024-12-06 18:00:00,93794.51715971768,94010.50104718238,93739.24452766204,94008.56542610677,3620.2217455047175
2024-12-06 20:00:00,94008.56542610677,94152.02724617806,93960.21598855064,94114.70534093166,7548.444088962959
2024-12-06 22:00:00,94114.70534093166,94178.37126521807,94033.68898907625,94168.60364759975,2894.713710814597
2024-12-07 00:00:00,94403.83838389748,94466.45521375777,93910.0865679118,93972.93797956208,6160.67983586694
2024-12-07 02:00:00,93972.93797956208,94072.40082142563,93888.34111018239,94035.59935367502,6449.8632623995745
2024-12-07 04:00:00,94035.59935367502,94046.56683054416,94003.99062502888,94018.35988075372,5468.97911424989
2024-12-07 06:00:00,94018.35988075372,94296.56917458645,93960.5559404212,94195.99758766995,3476.856891720839
2024-12-07 08:00:00,94195.99758766995,94433.68186925964,94141.85874678433,94412.686346112,2733.0628862622066
2024-12-07 10:00:00,94412.686346112,94512.32242067526,94071.80351807257,94303.87451638556,6756.275716757769
2024-12-07 12:00:00,94303.87451638556,94512.32242067526,94050.7065285106,94179.610234658,3491.9674143705847
2024-12-07 14:00:00,94179.610234658,94215.31319645583,93778.86290722295,93791.04593296994,7527.305286116324
2024-12-07 16:00:00,93791.04593296994,93887.79898475263,93762.52335323347,93762.52335323347,2800.0983136134573
2024-12-07 18:00:00,93762.52335323347,93771.15997763204,93730.68424565901,93730.68424565901,4481.259974880317
2024-12-07 20:00:00,93730.68424565901,93979.08247917217,93730.68424565901,93966.77874509909,4832.960669242875
2024-12-07 22:00:00,93966.77874509909,93975.62426307774,93801.59044412164,93880.7636556779,7102.040632539679
2024-12-08 00:00:00,93380.49669849913,93579.10707974367,93209.38568772539,93409.6565077997,2503.571396871993
2024-12-08 02:00:00,93409.6565077997,93853.37911029636,93354.96570558187,93853.37911029636,3841.8124188269485
2024-12-08 04:00:00,93853.37911029636,93853.37911029636,93824.42052077292,93843.42878041565,2652.595015629056
2024-12-08 06:00:00,93843.42878041565,93843.42878041565,93417.52357067225,93655.28843058416,3995.5002739979996
2024-12-08 08:00:00,93655.28843058416,93660.93067221406,93610.8730887324,93631.24330311203,1490.1998646554757
2024-12-08 10:00:00,93631.24330311203,93669.88162366045,93533.61230655998,93543.31720112418,2791.544464677767
2024-12-08 12:00:00,93543.31720112418,93602.879307597,93505.33931000844,93590.45553459648,2230.5428274346286
2024-12-08 14:00:00,93590.45553459648,94240.96332689174,93504.70595508601,94240.96332689174,3056.3249647899315
2024-12-08 16:00:00,94240.96332689174,94240.96332689174,94182.22789741069,94225.46621405639,1790.6484837791968
2024-12-08 18:00:00,94225.46621405639,94225.46621405639,94172.09061394891,94215.46530055128,1553.5190644223499
2024-12-08 20:00:00,94215.46530055128,94215.46530055128,94184.81166897221,94196.155809015,2300.1449934398406
2024-12-08 22:00:00,94196.155809015,94196.155809015,93248.43794298483,93530.16785096047,2035.0666130036486
2024-12-09 00:00:00,93332.6852257178,93465.88985690237,93086.72865072217,93201.63162723239,3969.2816319656663
2024-12-09 02:00:00,93201.63162723239,93289.03734558207,93032.77881349938,93118.25274618546,2453.8239185842954
2024-12-09 04:00:00,93118.25274618546,93247.03576950377,93054.89785472449,93128.43503378188,3635.395217066352
2024-12-09 06:00:00,93128.43503378188,93131.65466395764,92987.40815751876,93075.79133183423,4221.9170623996515
2024-12-09 08:00:00,93075.79133183423,93102.49527465817,93023.88655418014,93042.11169859118,6430.168464739516
2024-12-09 10:00:00,93042.11169859118,93157.7172234564,92823.26290424402,92947.30346989496,3069.5824346527793
2024-12-09 12:00:00,92947.30346989496,92960.90615772476,92871.57649869157,92943.37492079263,6357.683571198784
2024-12-09 14:00:00,92943.37492079263,93008.77913890853,92845.54551307633,92957.86935132566,5950.350034387252
2024-12-09 16:00:00,92957.86935132566,93047.91444948137,92925.41068869413,93011.3617426126,2275.9205465753826
2024-12-09 18:00:00,93011.3617426126,93096.15294677629,92839.40982033349,93015.6347382918,4777.036657268628
2024-12-09 20:00:00,93015.6347382918,93086.32389309476,92977.1779890709,93068.49361896607,2643.52886446872
2024-12-09 22:00:00,93068.49361896607,93073.83732454917,92808.21376665855,92958.27409164055,3735.255708622788
2024-12-10 00:00:00,92754.6278379434,92817.53598815923,91303.62107404339,91303.62107404339,3933.190308222584
2024-12-10 02:00:00,91303.62107404339,93374.5183846473,91303.62107404339,93087.56971891125,4540.3965806005135
2024-12-10 04:00:00,93087.56971891125,93814.60339292847,92625.9544154236,93814.60339292847,5225.442802256516
2024-12-10 06:00:00,93814.60339292847,93814.60339292847,90523.94499413534,90523.94499413534,3516.1067598973887
2024-12-10 08:00:00,90523.94499413534,90909.57531024024,89916.53143431405,89916.53143431405,5252.021413727571
2024-12-10 10:00:00,89916.53143431405,93374.5183846473,89916.53143431405,93015.5266306646,3874.6640759099364
2024-12-10 12:00:00,93015.5266306646,95543.2281426364,92337.16805156031,95543.2281426364,3250.5142803394706
2024-12-10 14:00:00,95543.2281426364,101795.69123273846,95538.88184788277,101795.69123273846,2041.031189544356
2024-12-10 16:00:00,101795.69123273846,102885.86194355552,101232.06891690244,102885.86194355552,4703.550343045159
2024-12-10 18:00:00,102885.86194355552,102885.86194355552,96319.55312588355,98044.85972295488,3965.104589613621
2024-12-10 20:00:00,98044.85972295488,98044.85972295488,97816.9987966135,97970.05181698874,3808.457082883153
2024-12-10 22:00:00,97970.05181698874,97970.05181698874,91856.3594253276,91856.3594253276,3030.9423781000087
2024-12-11 00:00:00,92560.76667782693,92643.42890522408,91594.04602389112,91594.04602389112,3866.8234282629987
2024-12-11 02:00:00,91594.04602389112,91685.04680487812,91594.04602389112,91675.78794620735,7545.194625166396
2024-12-11 04:00:00,91675.78794620735,92567.14224478578,91675.78794620735,92497.32494411276,2633.1443795464097
2024-12-11 06:00:00,92497.32494411276,93270.21071271767,92271.78493350862,93013.52086326473,4335.095132703922
2024-12-11 08:00:00,93013.52086326473,94815.01355660573,92914.15070577039,94563.54041021763,2993.3098611970972
2024-12-11 10:00:00,94563.54041021763,94765.185385606,94550.20167152131,94729.71670266424,7568.823975690508
2024-12-11 12:00:00,94729.71670266424,94815.01355660573,93631.72013464774,94043.5394671296,7403.065366975725
2024-12-11 14:00:00,94043.5394671296,94385.78002856878,93191.54426047934,93207.35878356037,6760.342206313509
2024-12-11 16:00:00,93207.35878356037,93296.06767989743,93170.79274733696,93224.35340069539,5466.3594087945785
2024-12-11 18:00:00,93224.35340069539,94196.96071037483,92875.46484502147,93972.37251676033,3092.579829511471
2024-12-11 20:00:00,93972.37251676033,94815.01355660573,93517.0286852784,94730.04947318048,4502.2056025123775
2024-12-11 22:00:00,94730.04947318048,94793.32707406195,94398.33760403874,94615.90271480971,6490.641475545184
2024-12-12 00:00:00,94298.37663627802,94547.11115561152,94252.1496784314,94543.97376800064,6055.064829455428
2024-12-12 02:00:00,94543.97376800064,95939.42323107553,94204.57560155044,95682.60558068583,3745.8208372197223
2024-12-12 04:00:00,95682.60558068583,95845.68269320714,95578.97855731587,95741.24876041918,5269.275944539126
2024-12-12 06:00:00,95741.24876041918,95750.81018351848,95273.1005375616,95431.90182806672,5601.255913308873
2024-12-12 08:00:00,95431.90182806672,96554.63406874867,95065.8649236509,96554.63406874867,2928.7283060327654
2024-12-12 10:00:00,96554.63406874867,96554.63406874867,94271.05274288487,95074.3437905876,3335.1808577880392
2024-12-12 12:00:00,95074.3437905876,95675.81499722562,94802.08720850118,95495.20612868888,3931.7158035465914
2024-12-12 14:00:00,95495.20612868888,95906.1021451996,95357.54309519293,95799.29447260036,3942.4397905240407
2024-12-12 16:00:00,95799.29447260036,96763.60848391974,95759.96222878962,96763.60848391974,2789.0029186870743
2024-12-12 18:00:00,96763.60848391974,97017.79362496358,96651.48325238752,97017.79362496358,4303.624238677151
2024-12-12 20:00:00,97017.79362496358,97259.13438556726,97014.60652413871,97259.13438556726,3467.0710791764927
2024-12-12 22:00:00,97259.13438556726,97259.13438556726,95924.00240668561,96296.1301125517,5645.02888333667
2024-12-13 00:00:00,96248.41471764719,96377.79278084065,95903.71921067122,95903.71921067122,3206.3952356970954
2024-12-13 02:00:00,95903.71921067122,95920.83599092058,95573.94560544434,95573.94560544434,3349.207598290965
2024-12-13 04:00:00,95573.94560544434,96419.0747015066,95573.94560544434,96162.8898503603,3789.285157926448
2024-12-13 06:00:00,96162.8898503603,96163.78807690523,95996.58588570076,95996.58588570076,3735.632012096267
2024-12-13 08:00:00,95996.58588570076,96019.50747831352,95745.48295301612,95745.48295301612,4542.949791206557
2024-12-13 10:00:00,95745.48295301612,96475.63988833601,95745.48295301612,96472.8185606141,3757.4745801381778
2024-12-13 12:00:00,96472.8185606141,97151.08345316318,96432.89821258032,96861.51215993341,3413.6815905392896
2024-12-13 14:00:00,96861.51215993341,96900.70998901369,96371.52315688232,96593.53035972323,2402.4650484727294
2024-12-13 16:00:00,96593.53035972323,97746.72692112738,96061.40210319894,97746.72692112738,1940.752608517798
2024-12-13 18:00:00,97746.72692112738,97746.72692112738,97322.65399062517,97448.51028064074,4699.005002704257
2024-12-13 20:00:00,97448.51028064074,97448.51028064074,96347.85383079367,96805.35629099823,2283.489291000117
2024-12-13 22:00:00,96805.35629099823,97149.187134156,96539.2148922773,96937.6803075712,2225.7454466005247
2024-12-14 00:00:00,96960.62555441364,97401.6611694962,95219.66579434113,95219.66579434113,2226.007993321877
2024-12-14 02:00:00,95219.66579434113,95424.55976992818,93883.8639247489,93883.8639247489,2404.8933704743886
2024-12-14 04:00:00,93883.8639247489,96367.04400553572,93883.8639247489,95815.28524038476,1991.194355027512
2024-12-14 06:00:00,95815.28524038476,95980.2631749644,95014.26801315598,95014.26801315598,5166.417380017051
2024-12-14 08:00:00,95014.26801315598,95661.01491747049,92733.73348080718,92733.73348080718,4743.518035270514
2024-12-14 10:00:00,92733.73348080718,96735.16088733348,92733.73348080718,95490.04824376038,2931.7994680216493
2024-12-14 12:00:00,95490.04824376038,99265.61368103078,95490.04824376038,99265.61368103078,3491.2563730144666
2024-12-14 14:00:00,99265.61368103078,99265.61368103078,99051.51673101488,99172.9562610257,2408.5722935658014
2024-12-14 16:00:00,99172.9562610257,99589.24672960269,99105.29984837284,99589.24672960269,4303.016273344861
2024-12-14 18:00:00,99589.24672960269,99589.24672960269,98286.08042421906,98642.5375983688,1854.0484361448873
2024-12-14 20:00:00,98642.5375983688,98642.5375983688,97275.07793922797,97508.57497088132,4796.952506794817
2024-12-14 22:00:00,97508.57497088132,98104.22708535042,97157.61611951911,98080.05565400519,3189.2566555447643
2024-12-15 00:00:00,98235.27569675884,98733.29844232851,97139.60016711612,97139.60016711612,8566.363482101646
2024-12-15 02:00:00,97139.60016711612,102106.91689375056,97139.60016711612,102106.91689375056,7273.012069456071
2024-12-15 04:00:00,102106.91689375056,102106.91689375056,101479.17215471719,101751.88649427805,6633.283659695624
2024-12-15 06:00:00,101751.88649427805,101751.88649427805,96313.99963082546,96313.99963082546,5851.120923574537
2024-12-15 08:00:00,96313.99963082546,96405.24102176873,96218.36105411389,96218.36105411389,7773.602168170244
2024-12-15 10:00:00,96218.36105411389,96698.40946436538,96218.36105411389,96649.27992003575,4290.208517637828
2024-12-15 12:00:00,96649.27992003575,97083.22883697423,96649.27992003575,96886.31440866405,4060.1601124226304
2024-12-15 14:00:00,96886.31440866405,100329.69001796322,96886.31440866405,100329.69001796322,4447.929941794113
2024-12-15 16:00:00,100329.69001796322,100329.69001796322,98266.24766793789,98594.04781317695,7781.4797995825
2024-12-15 18:00:00,98594.04781317695,101831.35677401628,98036.05562450644,101831.35677401628,8331.656554968069
2024-12-15 20:00:00,101831.35677401628,101831.35677401628,101204.07948765508,101404.23425632312,8533.664364486112
2024-12-15 22:00:00,101404.23425632312,101404.23425632312,99432.92795560123,99517.67108620824,7019.284832607795
2024-12-16 00:00:00,99229.71873188484,99245.27796059396,99092.28086853433,99139.76102644205,6082.308827911334
2024-12-16 02:00:00,99139.76102644205,99448.83614958041,99045.04223352959,99439.32931839832,3831.5009838639985
2024-12-16 04:00:00,99439.32931839832,99517.11205583165,99417.85033188964,99500.79471742596,4637.950251172092
2024-12-16 06:00:00,99500.79471742596,100106.2944408783,99429.9741117599,100005.2252617217,2918.955354724197
2024-12-16 08:00:00,100005.2252617217,100169.98007395568,99863.76918051868,100110.86339332152,3891.343818968247
2024-12-16 10:00:00,100110.86339332152,100277.50489569953,100039.05826371702,100182.26448213412,3307.2072521496802
2024-12-16 12:00:00,100182.26448213412,101151.28751945788,99946.01398383973,101072.86257895222,6451.7622340334
2024-12-16 14:00:00,101072.86257895222,101151.28751945788,100586.2610047695,100806.18457680073,3642.7499303209356
2024-12-16 16:00:00,100806.18457680073,100935.99484276744,100740.73971217425,100851.04484383759,5190.591711620993
2024-12-16 18:00:00,100851.04484383759,101151.28751945788,100645.53526644151,101058.2680341031,3690.09188766903
2024-12-16 20:00:00,101058.2680341031,101151.28751945788,99987.46108812858,100365.73369195471,2725.024539674524
2024-12-16 22:00:00,100365.73369195471,100996.29867438141,100333.54812420474,100825.36935666909,4668.210755277195
2024-12-17 00:00:00,100395.91064518575,100413.81975068247,100332.30302237287,100390.11883923053,4098.3089073495485
2024-12-17 02:00:00,100390.11883923053,100807.22708762654,100257.86212839674,100635.65477935901,4410.927654753558
2024-12-17 04:00:00,100635.65477935901,101108.3199055817,100385.75934121993,100919.36686184867,4884.413938795067
2024-12-17 06:00:00,100919.36686184867,101147.05203307432,100721.76060205424,101094.27139312975,3300.659038116835
2024-12-17 08:00:00,101094.27139312975,101363.9641068201,100666.30456965473,100762.82790734242,3721.357879256897
2024-12-17 10:00:00,100762.82790734242,101090.61703648872,100657.94582973878,100986.41390142933,4092.3232316766776
2024-12-17 12:00:00,100986.41390142933,101102.68901516727,100956.5699504685,101089.45340595602,2150.9439983046464
2024-12-17 14:00:00,101089.45340595602,101370.10489796035,101088.67941917328,101167.73912560646,2417.651279574947
2024-12-17 16:00:00,101167.73912560646,101266.22505770657,101009.81895171182,101057.85913654245,2202.9011930338133
2024-12-17 18:00:00,101057.85913654245,101572.8874226715,100850.52162425446,101572.8874226715,3004.098848240144
2024-12-17 20:00:00,101572.8874226715,101572.8874226715,101294.75767020913,101438.65028270886,4474.959455394224
2024-12-17 22:00:00,101438.65028270886,101476.50971049177,101380.36203234014,101385.80014273844,4199.109415856929
2024-12-18 00:00:00,101481.71775948118,101594.52169929993,101456.59391769486,101484.64137618264,7636.165515166367
2024-12-18 02:00:00,101484.64137618264,101594.52169929993,100657.15988525319,100973.63341191963,4370.872469597555
2024-12-18 04:00:00,100973.63341191963,101079.45771637702,100750.31822517417,100762.4273784204,4344.384843419823
2024-12-18 06:00:00,100762.4273784204,100846.13193872798,100441.0459192514,100504.30739984482,8553.067215422256
2024-12-18 08:00:00,100504.30739984482,100559.9317411702,100356.27493694078,100363.45838760768,3652.2506028678426
2024-12-18 10:00:00,100363.45838760768,100410.53566137292,100325.896308665,100352.87533318842,5141.583648946251
2024-12-18 12:00:00,100352.87533318842,100467.83152604982,100011.2319657063,100095.22701217185,10127.500820803949
2024-12-18 14:00:00,100095.22701217185,100196.1919635091,99850.01203153968,99850.01203153968,9626.290260314752
2024-12-18 16:00:00,99850.01203153968,100120.26318111997,99850.01203153968,100058.77714547799,10328.647639585075
2024-12-18 18:00:00,100058.77714547799,100095.68372337763,100039.48791712838,100095.04205077297,10149.624640158228
2024-12-18 20:00:00,100095.04205077297,100099.09633334923,100079.09653719087,100087.61837242529,4224.952971550019
2024-12-18 22:00:00,100087.61837242529,100187.80129683512,100011.2319657063,100145.79057012811,3677.107153499076
2024-12-19 00:00:00,100480.03393423108,101026.80367667809,95357.11551376346,95357.11551376346,4639.573247388856
2024-12-19 02:00:00,95357.11551376346,101026.80367667809,95357.11551376346,100869.70866145147,4454.123078599916
2024-12-19 04:00:00,100869.70866145147,101026.80367667809,97919.52005522823,98085.72397333113,3742.7741355947073
2024-12-19 06:00:00,98085.72397333113,99867.64050443575,97919.52005522823,99376.71908002568,8024.193435737688
2024-12-19 08:00:00,99376.71908002568,100519.50028500175,99342.42420365322,100281.82873159296,3172.9520966681202
2024-12-19 10:00:00,100281.82873159296,100634.14727561291,100159.4445244611,100528.75436023665,8165.923452207993
2024-12-19 12:00:00,100528.75436023665,101026.80367667809,99441.01868700927,99696.47241870838,3031.4953787867626
2024-12-19 14:00:00,99696.47241870838,103794.16431382613,99207.23024926972,103794.16431382613,5851.1286361300445
2024-12-19 16:00:00,103794.16431382613,103794.16431382613,96766.19470003243,96766.19470003243,6191.054995187796
2024-12-19 18:00:00,96766.19470003243,97570.37538292796,95400.62049647297,95400.62049647297,3878.58238632983
2024-12-19 20:00:00,95400.62049647297,98367.3937153475,95400.62049647297,97887.54996552478,6279.932859586986
2024-12-19 22:00:00,97887.54996552478,97924.58180823372,97505.9001091912,97505.9001091912,4685.864915678286
2024-12-20 00:00:00,98331.4184446428,102044.891002795,96636.47316463848,102044.891002795,10993.388185805732
2024-12-20 02:00:00,102044.891002795,102044.891002795,95254.68085760651,95791.95701529927,9871.973611310217
2024-12-20 04:00:00,95791.95701529927,129878.77680559825,95254.68085760651,129878.77680559825,4280.942456157474
2024-12-20 06:00:00,129878.77680559825,162463.14143335517,119610.73232501083,162463.14143335517,7378.156108287621
2024-12-20 08:00:00,162463.14143335517,162463.14143335517,128670.64664634076,134052.99512459242,9466.114985034379
2024-12-20 10:00:00,134052.99512459242,134052.99512459242,128312.12896536865,129818.44318582969,4600.553137566189
2024-12-20 12:00:00,129818.44318582969,129818.44318582969,95254.68085760651,103455.99067126749,11466.073409528992
2024-12-20 14:00:00,103455.99067126749,103455.99067126749,99129.1690322772,100536.56492756125,10709.500195385881
2024-12-20 16:00:00,100536.56492756125,108758.60873335329,97011.26001994252,108758.60873335329,11093.05066014121
2024-12-20 18:00:00,108758.60873335329,108758.60873335329,99653.54559659408,101002.16580974661,6987.2305448794295
2024-12-20 20:00:00,101002.16580974661,101002.16580974661,65148.028374137924,65148.028374137924,9625.219726031108
2024-12-20 22:00:00,65148.028374137924,79500.45520742386,65148.028374137924,76149.52318838908,5791.215196871841
2024-12-21 00:00:00,95290.7843885338,95306.40718108433,94279.16545262176,94367.89214558172,6029.993864232892
2024-12-21 02:00:00,94367.89214558172,94922.87113852183,91937.55050616876,91937.55050616876,7321.343341579796
2024-12-21 04:00:00,91937.55050616876,92411.4665065912,90649.5585612256,90649.5585612256,7142.739046289378
2024-12-21 06:00:00,90649.5585612256,91176.70785855385,90649.5585612256,91041.54761196689,4216.321713813767
2024-12-21 08:00:00,91041.54761196689,91055.36513744338,90781.13114545275,90781.13114545275,3603.7042865521985
2024-12-21 10:00:00,90781.13114545275,91310.64756362306,88565.18272679942,88565.18272679942,3709.652490152235
2024-12-21 12:00:00,88565.18272679942,88661.36991012417,88282.12263957447,88282.12263957447,7837.629827500247
2024-12-21 14:00:00,88282.12263957447,89195.03672714037,88282.12263957447,88923.56860532046,7726.60653371102
2024-12-21 16:00:00,88923.56860532046,89843.78250858131,88923.56860532046,89762.62572009658,4565.3820629446145
2024-12-21 18:00:00,89762.62572009658,89785.35970474513,88481.78567146847,88481.78567146847,4362.725003577783
2024-12-21 20:00:00,88481.78567146847,89849.14436545041,88481.78567146847,89421.62366974996,3726.182783763151
2024-12-21 22:00:00,89421.62366974996,93579.04923813793,89421.62366974996,92865.57921417001,7863.967300958959
2024-12-22 00:00:00,93814.75082779754,94243.16139018619,93052.5819601499,93053.8508593216,4660.287727002154
2024-12-22 02:00:00,93053.8508593216,93345.32006598248,90727.90101241674,90727.90101241674,4783.158821376365
2024-12-22 04:00:00,90727.90101241674,90751.96652332984,90010.64703290032,90010.64703290032,1929.8489424812444
2024-12-22 06:00:00,90010.64703290032,94759.01708581504,90010.64703290032,94422.06986703524,2933.647452640983
2024-12-22 08:00:00,94422.06986703524,94759.01708581504,92862.19773670388,93153.95316423319,2971.9137169593787
2024-12-22 10:00:00,93153.95316423319,94759.01708581504,92739.16901288251,94364.42481213018,3899.455358822649
2024-12-22 12:00:00,94364.42481213018,96388.2864310957,93290.73612785009,96388.2864310957,3601.85617708927
2024-12-22 14:00:00,96388.2864310957,97689.23601826014,95842.71709136227,97689.23601826014,3852.036095691374
2024-12-22 16:00:00,97689.23601826014,98832.81511229016,97423.33728960494,98832.81511229016,2528.4445708865564
2024-12-22 18:00:00,98832.81511229016,98832.81511229016,91510.08390661763,92157.92034848785,2729.2359987447285
2024-12-22 20:00:00,92157.92034848785,94759.01708581504,91510.08390661763,94622.15162975817,4429.487008892213
2024-12-22 22:00:00,94622.15162975817,94759.01708581504,91227.32695201942,91227.32695201942,3960.8117488481535
2024-12-23 00:00:00,91720.19209528243,91860.67761750109,91445.64935515635,91560.66164935978,5475.11560626451
2024-12-23 02:00:00,91560.66164935978,91836.37518058167,91000.70697557215,91213.767525393,4772.254018385875
2024-12-23 04:00:00,91213.767525393,91298.27486045661,90997.81054748432,91043.7964103561,6489.030108602259
2024-12-23 06:00:00,91043.7964103561,92028.00000371986,90847.19759390233,91636.09151177954,7538.730332403337
2024-12-23 08:00:00,91636.09151177954,91741.68959814533,91432.01751495131,91523.62451538704,5886.50717354075
2024-12-23 10:00:00,91523.62451538704,91678.98009500721,91110.41664685697,91278.46163279335,7736.77373787798
2024-12-23 12:00:00,91278.46163279335,91455.24891617207,90934.30523083192,91027.20033828645,4314.5660909517765
2024-12-23 14:00:00,91027.20033828645,91191.2634834313,90966.51926321884,91022.8628777454,4775.341570639282
2024-12-23 16:00:00,91022.8628777454,91307.20764756715,90423.3988323049,90698.46575768801,5710.508863563021
2024-12-23 18:00:00,90698.46575768801,90741.52153697565,90636.72955535418,90665.95465804641,8181.903742049534
2024-12-23 20:00:00,90665.95465804641,90692.70431827169,90096.56054357562,90260.85140439915,7041.526961649197
2024-12-23 22:00:00,90260.85140439915,90291.99967780102,90223.055410547,90260.30265994064,6437.853301815192
2024-12-24 00:00:00,89618.96072692386,90016.23857709627,89542.46118224242,89915.57228483602,12516.426464659913
2024-12-24 02:00:00,89915.57228483602,90086.1803227023,88237.34270461554,88796.11699544537,9222.88089121409
2024-12-24 04:00:00,88796.11699544537,90003.09698071715,88274.15395232395,89595.81995488817,15571.032279713
2024-12-24 06:00:00,89595.81995488817,89630.28956926022,89240.70386023316,89354.73413499616,9288.958541796199
2024-12-24 08:00:00,89354.73413499616,90217.08211785025,88946.97765616653,90217.08211785025,13785.606478349126
2024-12-24 10:00:00,90217.08211785025,90300.94084147304,90159.9371062883,90300.94084147304,13739.833479799086
2024-12-24 12:00:00,90300.94084147304,90300.94084147304,88444.96745553837,88919.550034403,10007.779678693068
2024-12-24 14:00:00,88919.550034403,88929.27909327007,88827.23845509147,88846.36743764128,7475.80592058128
2024-12-24 16:00:00,88846.36743764128,88966.06421345662,88680.0310378571,88686.88606778093,7354.875346049001
2024-12-24 18:00:00,88686.88606778093,88812.86424136288,88549.58511239894,88644.77684769442,16168.914001056075
2024-12-24 20:00:00,88644.77684769442,88922.8408031651,86934.36136845005,87310.84103001669,12792.667351762699
2024-12-24 22:00:00,87310.84103001669,87639.44207045922,87294.12890780918,87579.50771796344,7758.876464018068
2024-12-25 00:00:00,87374.70442726988,87898.5648222298,87324.66939031205,87709.16992032512,2959.122414594096
2024-12-25 02:00:00,87709.16992032512,88027.30578845585,87630.83290890926,87831.44105838123,4014.5837915656107
2024-12-25 04:00:00,87831.44105838123,87841.06203732871,87720.90177460856,87770.9305237625,3085.4584661520926
2024-12-25 06:00:00,87770.9305237625,87853.8942929383,87518.09140873043,87624.68706748952,3676.928578370763
2024-12-25 08:00:00,87624.68706748952,87755.08697649893,87324.66939031205,87558.87173416911,5445.0823485771425
2024-12-25 10:00:00,87558.87173416911,87696.01563822832,87508.87659184789,87649.44508995232,2472.920301808383
2024-12-25 12:00:00,87649.44508995232,87668.3214772887,87461.51274488754,87470.39567684224,4855.015845224077
2024-12-25 14:00:00,87470.39567684224,87722.44314212372,87094.75961480069,87094.75961480069,5641.565706679886
2024-12-25 16:00:00,87094.75961480069,87422.16400617112,87094.75961480069,87299.91615672165,5302.109198236159
2024-12-25 18:00:00,87299.91615672165,87847.24920336269,87299.91615672165,87701.68207411685,2767.2038190658645
2024-12-25 20:00:00,87701.68207411685,88027.30578845585,87496.86707351668,87873.45373700456,2618.3680309875595
2024-12-25 22:00:00,87873.45373700456,88027.30578845585,87775.03742561038,87952.94322346087,2915.432424334438
2024-12-26 00:00:00,87488.5569519939,87593.46774780659,86828.84738066052,87204.89004106297,4658.414815198208
2024-12-26 02:00:00,87204.89004106297,87647.20288728173,86970.10462641236,87564.42663627671,4824.079849090049
2024-12-26 04:00:00,87564.42663627671,87614.07921851022,87293.62030129702,87317.79580633921,2104.2761661046634
2024-12-26 06:00:00,87317.79580633921,87570.23441128514,86914.1236782631,87056.282319404,3087.1284598136954
2024-12-26 08:00:00,87056.282319404,87099.38133462855,87006.75046517316,87099.25038093088,3128.8077589950517
2024-12-26 10:00:00,87099.25038093088,87278.23149474281,87031.04690695905,87204.73677297137,4859.356264848451
2024-12-26 12:00:00,87204.73677297137,87297.08655403911,86891.15003427461,87065.79549362212,5162.630257837427
2024-12-26 14:00:00,87065.79549362212,87106.90147759372,86968.0390796229,86973.10090246891,2577.184879230373
2024-12-26 16:00:00,86973.10090246891,87545.874180028,86725.66295101792,87450.53639230742,4197.2923036257525
2024-12-26 18:00:00,87450.53639230742,87991.8966021705,87319.96892885935,87801.21011360202,6022.369843172426
2024-12-26 20:00:00,87801.21011360202,88443.05013280042,87649.56031907852,88091.00523100447,4145.84281528907
2024-12-26 22:00:00,88091.00523100447,88284.7841104202,88000.33608169964,88239.39160867142,2870.0326185685444
2024-12-27 00:00:00,88374.14977683788,88401.18665727157,88359.28720414593,88396.16576044171,4320.186856676645
2024-12-27 02:00:00,88396.16576044171,88773.57027009613,88351.1187569065,88655.02649321809,3712.1296140871946
2024-12-27 04:00:00,88655.02649321809,88981.78492919923,88609.97817754213,88853.609737206,4135.424887526271
2024-12-27 06:00:00,88853.609737206,88858.5479560791,88813.99596743705,88826.5034918305,4411.143017822431
2024-12-27 08:00:00,88826.5034918305,89174.41142191208,88811.09096291536,89009.48822689382,2638.216061055581
2024-12-27 10:00:00,89009.48822689382,89380.44325504148,88950.98075195299,89231.68167742253,2061.9923628502056
2024-12-27 12:00:00,89231.68167742253,89503.98825295201,88819.52132745465,88899.06519683832,2285.967704923697
2024-12-27 14:00:00,88899.06519683832,89022.84259777192,88740.22104842655,88776.69843152112,4431.608067947649
2024-12-27 16:00:00,88776.69843152112,88808.50197290903,88554.94677194775,88636.52377112494,2278.228656588005
2024-12-27 18:00:00,88636.52377112494,88725.91944671681,88592.98018254049,88670.33831026916,3463.5798858630396
2024-12-27 20:00:00,88670.33831026916,89199.7316750698,88469.69211276241,88958.74880243909,5071.385516533618
2024-12-27 22:00:00,88958.74880243909,89130.90884436983,88777.9614400497,89004.80548112212,5399.505559071413
2024-12-28 00:00:00,88973.10892706447,89026.6011808801,88891.67352908378,88990.50232106411,4219.371229530727
2024-12-28 02:00:00,88990.50232106411,89115.43839977508,88986.28849088508,89095.456456142,3090.8204255626883
2024-12-28 04:00:00,89095.456456142,89221.8345918934,89019.86656107688,89179.50664417922,4922.098404246853
2024-12-28 06:00:00,89179.50664417922,89341.57184070302,89043.18078796915,89287.58080142365,3260.7209301381176
2024-12-28 08:00:00,89287.58080142365,89417.01664827367,89270.97778618675,89360.30489171819,3907.7972563817934
2024-12-28 10:00:00,89360.30489171819,89439.90785588516,89145.75096781114,89272.87084835979,2396.3033794327634
2024-12-28 12:00:00,89272.87084835979,89364.71155364446,89186.98798986679,89212.94866900868,4955.397472033533
2024-12-28 14:00:00,89212.94866900868,89446.01091470041,89097.99681510849,89368.55472930582,4644.527852282314
2024-12-28 16:00:00,89368.55472930582,89395.83498720918,89116.17275917793,89267.48680786625,6237.2486937924305
2024-12-28 18:00:00,89267.48680786625,89425.54577770448,89164.9773741762,89348.60189212911,6730.050856209513
2024-12-28 20:00:00,89348.60189212911,89379.60095240237,89103.55465323897,89362.45489106716,3115.732574066326
2024-12-28 22:00:00,89362.45489106716,89443.5948981881,89334.30465716237,89422.05498334863,4616.023310628824
2024-12-29 00:00:00,89762.90535977992,89807.66016301564,89618.38536709885,89741.13255866201,2742.415689819883
2024-12-29 02:00:00,89741.13255866201,89900.91118232971,89532.49639792256,89670.84052504788,2768.2397615829254
2024-12-29 04:00:00,89670.84052504788,89775.37741277521,89566.31808377874,89724.47228514962,3083.023505398327
2024-12-29 06:00:00,89724.47228514962,89787.82339362832,89597.86334506425,89764.90735366143,2419.000584317278
2024-12-29 08:00:00,89764.90735366143,90020.62911788268,89672.33795081594,89860.08323553177,1725.5240514212132
2024-12-29 10:00:00,89860.08323553177,90079.48561253428,89791.68968404575,89993.60263598787,2619.8379376917997
2024-12-29 12:00:00,89993.60263598787,90030.48773616663,89838.73932001523,90013.74944462576,2993.742254254097
2024-12-29 14:00:00,90013.74944462576,90070.31112734434,89932.89519988337,89946.41927386908,2678.366035944566
2024-12-29 16:00:00,89946.41927386908,89980.24890797141,89793.91870899164,89845.65783499616,3446.914007206035
2024-12-29 18:00:00,89845.65783499616,90039.60332603304,89825.91125129392,89932.13613779687,2806.767330316082
2024-12-29 20:00:00,89932.13613779687,89949.87761899679,89890.86528863164,89911.53862860362,2758.0592249260785
2024-12-29 22:00:00,89911.53862860362,89952.6130021084,89791.96964819318,89900.89538536327,4183.162128904907
2024-12-30 00:00:00,90005.89526725844,90079.9907531707,89943.39683809313,90007.35709791908,5101.533333238548
2024-12-30 02:00:00,90007.35709791908,90180.95781744868,89973.2330664193,90017.60426853126,7202.858812594912
2024-12-30 04:00:00,90017.60426853126,90257.71297031533,89947.35923056495,90210.42901048234,5176.275600137715
2024-12-30 06:00:00,90210.42901048234,90419.12829699174,90098.69607824094,90197.55957591686,6026.0298369663915
2024-12-30 08:00:00,90197.55957591686,90228.84219058939,90025.535871204,90052.17120561156,3368.845996961059
2024-12-30 10:00:00,90052.17120561156,90142.19203777907,89191.7674414654,89497.26898577821,5549.966886660711
2024-12-30 12:00:00,89497.26898577821,89583.38099813543,89330.36335627898,89423.96320240962,7772.331809311745
2024-12-30 14:00:00,89423.96320240962,89739.78715929016,89403.60493828446,89620.74483857838,7553.5609332405475
2024-12-30 16:00:00,89620.74483857838,89698.34296202807,89607.89471947866,89697.67635195331,6565.940645340598
2024-12-30 18:00:00,89697.67635195331,89744.43503344496,89600.97084637679,89657.11003367952,4798.601501562394
2024-12-30 20:00:00,89657.11003367952,90047.42001350326,89608.56415935988,89863.48872016092,5953.558858565056
2024-12-30 22:00:00,89863.48872016092,89981.77780597932,89448.31345893828,89608.46710235838,7521.117288722849
2024-12-31 00:00:00,89314.76788297745,89480.13094755464,89300.37356715216,89430.59821513057,2277.091106067836
2024-12-31 02:00:00,89430.59821513057,89536.56496150677,89256.58388751891,89498.54774903819,2531.4071035639035
2024-12-31 04:00:00,89498.54774903819,89502.08069385697,89479.63438342087,89492.75111538365,2073.463578134058
2024-12-31 06:00:00,89492.75111538365,89730.14004037739,89428.53130073684,89552.27726606057,2702.116069622557
2024-12-31 08:00:00,89552.27726606057,89625.17897093187,89437.88684967946,89515.17879419964,2327.283119777662
2024-12-31 10:00:00,89515.17879419964,89645.94802667515,89297.94952908678,89440.46012467207,3646.357975998155
2024-12-31 12:00:00,89440.46012467207,89446.31951646249,89256.58388751891,89285.20226121618,3270.8030088067485
2024-12-31 14:00:00,89285.20226121618,89501.53093781331,89256.58388751891,89416.58525424595,3556.4395274752037
2024-12-31 16:00:00,89416.58525424595,89624.1629271456,89304.82597263627,89491.37444074106,2823.634456588239
2024-12-31 18:00:00,89491.37444074106,89572.02459045786,89388.13110345695,89506.03418174456,3236.3894256606
2024-12-31 20:00:00,89506.03418174456,89774.8301165507,89256.58388751891,89636.84641791633,2427.814234173043
2024-12-31 22:00:00,89636.84641791633,89774.8301165507,89547.83020800627,89711.42823445033,3586.9352058959967
2025-01-01 00:00:00,89771.37659561307,90048.41134796005,89770.47461345379,89855.6168116601,5715.872231468179
2025-01-01 02:00:00,89855.6168116601,89870.86209976772,89770.47461345379,89775.52340924997,5208.131934351587
2025-01-01 04:00:00,89775.52340924997,89932.56083803733,89770.47461345379,89872.87962353259,2372.3797080604795
2025-01-01 06:00:00,89872.87962353259,90015.21615277465,89770.47461345379,90005.1819743834,5120.836801747619
2025-01-01 08:00:00,90005.1819743834,90100.5167730977,89914.80181294802,90000.88562875731,5386.263325882576
2025-01-01 10:00:00,90000.88562875731,90103.24612211133,89955.53182464441,90079.44414309021,5568.365252109694
2025-01-01 12:00:00,90079.44414309021,90288.16412145983,89871.1159907737,90128.05871742746,2853.7450401823207
2025-01-01 14:00:00,90128.05871742746,90220.79476624109,89943.9417496558,90160.88749742757,3067.471889229188
2025-01-01 16:00:00,90160.88749742757,90174.15247446603,90125.34621134741,90152.05198075336,2964.900913205245
2025-01-01 18:00:00,90152.05198075336,90438.84002930038,90019.99396655765,90234.04678976152,4917.322792333746
2025-01-01 20:00:00,90234.04678976152,90438.84002930038,90154.36453175994,90351.61818080807,5128.828285704734
2025-01-01 22:00:00,90351.61818080807,90439.84621767058,90334.26661831318,90439.84621767058,3840.3863741009404
2025-01-02 00:00:00,90004.23148690251,91449.03792294415,89940.87343722083,90874.0959826419,5705.240624895612
2025-01-02 02:00:00,90874.0959826419,91662.25984152229,90575.46259184003,91476.61211116647,3173.2709174207216
2025-01-02 04:00:00,91476.61211116647,91518.34940317077,91131.84169319062,91371.9586215209,4041.8128999154505
2025-01-02 06:00:00,91371.9586215209,92859.85064332157,91269.79826153372,92859.85064332157,4407.081481611566
2025-01-02 08:00:00,92859.85064332157,92859.85064332157,90616.34228901865,90976.75540260342,2756.8713739984046
2025-01-02 10:00:00,90976.75540260342,91309.71661126807,90289.28067317887,90597.83844865626,7042.680205568585
2025-01-02 12:00:00,90597.83844865626,91064.33532684617,90320.6156213714,90791.18217706971,2889.391340596832
2025-01-02 14:00:00,90791.18217706971,91842.62665297305,90773.15202356767,91790.78034181068,4781.312941631811
2025-01-02 16:00:00,91790.78034181068,92154.66409624137,91624.04393360182,92154.66409624137,3173.590939142705
2025-01-02 18:00:00,92154.66409624137,92154.66409624137,91453.95266544545,91644.09266693158,3595.923039416868
2025-01-02 20:00:00,91644.09266693158,92113.17895726034,91641.37955334921,92113.17895726034,4502.3053692145395
2025-01-02 22:00:00,92113.17895726034,92113.17895726034,91480.80131013512,91742.3180099597,4747.146902182584
2025-01-03 00:00:00,92045.08186593415,92111.47916774297,91654.04922352704,91766.73125900222,6439.312847769084
2025-01-03 02:00:00,91766.73125900222,92170.97710644561,91606.36745175999,92084.58895416597,3961.0975684091036
2025-01-03 04:00:00,92084.58895416597,92298.57140670126,91615.18449885258,91816.45447387578,6762.820560366684
2025-01-03 06:00:00,91816.45447387578,91888.14509100538,91735.8138137432,91738.63876073144,2968.107500646027
2025-01-03 08:00:00,91738.63876073144,91814.5671061145,91186.31640643174,91426.11730486147,6767.194942721284
2025-01-03 10:00:00,91426.11730486147,91539.22207313988,91135.06904166931,91261.74946434304,3602.027308779571
2025-01-03 12:00:00,91261.74946434304,91348.08218629015,91211.21656121264,91331.08538932815,2807.0338295620795
2025-01-03 14:00:00,91331.08538932815,91478.45128770781,90996.3639595117,90996.3639595117,4091.6453766652967
2025-01-03 16:00:00,90996.3639595117,91263.21641752955,90880.85141436856,90880.85141436856,4350.502429577615
2025-01-03 18:00:00,90880.85141436856,91048.39060252647,90880.85141436856,90978.256277973,3616.01985576351
2025-01-03 20:00:00,90978.256277973,91427.55522189834,90978.256277973,91271.19860450512,3776.156677576723
2025-01-03 22:00:00,91271.19860450512,91386.705773598,91057.84187899774,91097.33568868009,5754.036128331605
2025-01-04 00:00:00,90815.68818204955,90989.8964225284,90498.31273517598,90545.83577186853,2970.065490303665
2025-01-04 02:00:00,90545.83577186853,90898.81255362114,90498.31273517598,90701.57474844118,2712.1393173521415
2025-01-04 04:00:00,90701.57474844118,91040.88606547432,90629.18368465448,90991.94899274691,1696.3482607041017
2025-01-04 06:00:00,90991.94899274691,91227.20687214355,90973.67152154226,91208.9030558441,1377.9962121893384
2025-01-04 08:00:00,91208.9030558441,91285.44516378354,91166.36173403007,91285.44516378354,2614.7938504807676
2025-01-04 10:00:00,91285.44516378354,91285.44516378354,91274.54739557642,91277.63255907608,2112.7604054454005
2025-01-04 12:00:00,91277.63255907608,91285.38042428427,90892.03082512143,91024.90440110737,3121.262371206401
2025-01-04 14:00:00,91024.90440110737,91285.38042428427,90661.15614905956,91079.88119571643,3061.935892712158
2025-01-04 16:00:00,91079.88119571643,91271.26300664683,90589.60459077547,90603.85439606555,1957.9245168371667
2025-01-04 18:00:00,90603.85439606555,90674.64833203779,90595.57346228103,90641.4942737581,1710.3027673818199
2025-01-04 20:00:00,90641.4942737581,90903.79183017997,90498.31273517598,90846.7372667083,3773.6918607622724
2025-01-04 22:00:00,90846.7372667083,91285.38042428427,90807.31105756169,91217.06114099096,1675.0505749442475
2025-01-05 00:00:00,91072.75417663786,91125.32621487619,90941.35126444105,90946.83358401692,1585.1182504656413
2025-01-05 02:00:00,90946.83358401692,91111.16581074552,90941.35126444105,90996.51022638284,3915.8119509813523
2025-01-05 04:00:00,90996.51022638284,91005.6326879723,90935.79443901333,90935.79443901333,4165.562561556601
2025-01-05 06:00:00,90935.79443901333,91186.54703215642,90935.79443901333,90976.85094706548,3558.7688773992913
2025-01-05 08:00:00,90976.85094706548,91064.8989584388,90610.98589811276,90610.98589811276,3828.8953123289307
2025-01-05 10:00:00,90610.98589811276,90695.25748806741,90610.98589811276,90645.41559592314,2606.024315867605
2025-01-05 12:00:00,90645.41559592314,91262.48889395104,90645.41559592314,91065.08596183466,2674.2034423731757
2025-01-05 14:00:00,91065.08596183466,91362.9871695125,90941.35126444105,91337.37532616522,3008.74983505749
2025-01-05 16:00:00,91337.37532616522,91841.5625366527,91028.60475177187,91648.53940684345,3704.685338910684
2025-01-05 18:00:00,91648.53940684345,91930.38585333742,91618.47797601526,91930.38585333742,2715.5139268945672
2025-01-05 20:00:00,91930.38585333742,91930.38585333742,91876.39054357927,91882.43152873241,4346.118738144627
2025-01-05 22:00:00,91882.43152873241,91919.33421706267,91739.95823629852,91766.88353194368,2445.35343412869
2025-01-06 00:00:00,91334.62667878263,91528.11164879643,91282.44666345097,91497.78692274085,3034.525446077257
2025-01-06 02:00:00,91497.78692274085,91888.89852515001,91391.88130803841,91755.27571218945,3157.105662746471
2025-01-06 04:00:00,91755.27571218945,92552.6689025056,91434.96380407443,92275.55628697311,6569.6599904387185
2025-01-06 06:00:00,92275.55628697311,92328.46854754954,92237.24542651114,92251.01066955231,5396.772133036749
2025-01-06 08:00:00,92251.01066955231,92690.43101940882,92114.75195949331,92673.51898754462,5207.298162318257
2025-01-06 10:00:00,92673.51898754462,93515.76097084112,92632.4888544227,93257.73311878006,6397.634257240861
2025-01-06 12:00:00,93257.73311878006,93375.43031891675,92560.29433019663,92805.85696746792,5234.856639494768
2025-01-06 14:00:00,92805.85696746792,93077.59154166203,92158.77241550853,92347.77908760168,6673.486712107208
2025-01-06 16:00:00,92347.77908760168,92598.85821950674,92292.82446746857,92477.66554059986,4210.314995102445
2025-01-06 18:00:00,92477.66554059986,92844.09247116215,92271.79894214393,92679.06837685176,5815.163588644468
2025-01-06 20:00:00,92679.06837685176,93798.09894377724,92343.60013973352,93590.09052252905,6371.401791589147
2025-01-06 22:00:00,93590.09052252905,93893.63979740809,93161.20281338932,93191.7904410019,5590.093347044042
2025-01-07 00:00:00,93300.2854101463,93579.41140836844,85329.83956869817,85329.83956869817,2886.962181006578
2025-01-07 02:00:00,85329.83956869817,85724.82199541901,83604.63105195426,83604.63105195426,3405.475926875367
2025-01-07 04:00:00,83604.63105195426,87675.96535982042,70696.36616699611,70696.36616699611,2825.917249956195
2025-01-07 06:00:00,70696.36616699611,72481.66372386635,59957.329865632186,59957.329865632186,2996.415845178499
2025-01-07 08:00:00,59957.329865632186,60514.55562805392,55259.804038402566,55259.804038402566,2453.315862969704
2025-01-07 10:00:00,55259.804038402566,56491.764606842175,51827.709061386915,51827.709061386915,2979.505340137065
2025-01-07 12:00:00,51827.709061386915,60855.94102634764,51827.709061386915,58216.0459842594,2533.4010662565474
2025-01-07 14:00:00,58216.0459842594,59344.01339104172,54473.76626785169,54473.76626785169,1878.581653039249
2025-01-07 16:00:00,54473.76626785169,54484.466802840776,54470.99624581091,54470.99624581091,3021.103333728109
2025-01-07 18:00:00,54470.99624581091,56029.37729060982,49225.74927257796,49225.74927257796,2233.4736887456675
2025-01-07 20:00:00,49225.74927257796,63773.51757149802,49225.74927257796,62288.818992044275,3104.1443926189095
2025-01-07 22:00:00,62288.818992044275,85767.72246173126,62288.818992044275,82649.36075226258,3225.3245355913587
2025-01-08 00:00:00,93214.68084824666,93406.8633788498,93051.81830789322,93053.38069367092,2576.917174992872
2025-01-08 02:00:00,93053.38069367092,93093.09418153107,92948.49312427171,92985.19872858463,1963.770804382708
2025-01-08 04:00:00,92985.19872858463,93035.46338649624,92861.05339233727,92861.05339233727,2671.2166054948157
2025-01-08 06:00:00,92861.05339233727,93204.23416766354,92861.05339233727,93167.11660052725,2953.386218605446
2025-01-08 08:00:00,93167.11660052725,93575.6328956476,93130.50440693295,93551.9961138736,3495.8862163499102
2025-01-08 10:00:00,93551.9961138736,94345.9743029327,93256.39551309844,94191.45387041397,4717.7044710882
2025-01-08 12:00:00,94191.45387041397,94269.72106067494,94105.37375470076,94184.2371966721,1968.9976650765952
2025-01-08 14:00:00,94184.2371966721,94736.46788629433,94060.83365806319,94736.46788629433,3501.7371538766793
2025-01-08 16:00:00,94736.46788629433,94736.46788629433,94368.54560966251,94476.81865559901,4145.269763127749
2025-01-08 18:00:00,94476.81865559901,94476.81865559901,93927.46211890498,94025.8974390447,3313.1763719023625
2025-01-08 20:00:00,94025.8974390447,94119.77884683822,93999.99160873701,94002.47537284726,3187.2822828032063
2025-01-08 22:00:00,94002.47537284726,94113.1689834063,93865.81905568768,94111.1546865965,4638.2865201960485
2025-01-09 00:00:00,94650.93137127314,94716.09012138617,94622.76534304021,94640.79961075944,1593.5366067963337
2025-01-09 02:00:00,94640.79961075944,94808.28104977982,94295.65664523437,94532.26493028621,2143.063059931802
2025-01-09 04:00:00,94532.26493028621,94710.31506621499,94400.41230728458,94570.71989192399,3498.018308152861
2025-01-09 06:00:00,94570.71989192399,94591.1411564551,94533.63145261281,94536.02029360345,2763.8682407682354
2025-01-09 08:00:00,94536.02029360345,94594.11077188738,94329.56223524979,94374.86561100256,2706.337360130467
2025-01-09 10:00:00,94374.86561100256,94553.7498740312,94222.36416607737,94288.2902074119,1572.5612203795856
2025-01-09 12:00:00,94288.2902074119,94462.9680228136,94128.08028714059,94234.28595306048,2682.9283547118566
2025-01-09 14:00:00,94234.28595306048,94271.39257077996,94160.7710984148,94204.71906856511,1628.828532920383
2025-01-09 16:00:00,94204.71906856511,94213.0622834033,94154.93371464945,94184.88424448736,4411.132755515881
2025-01-09 18:00:00,94184.88424448736,94251.71806409716,94180.8363667499,94227.55311299153,4371.3187361749815
2025-01-09 20:00:00,94227.55311299153,94293.53355711138,94154.96330114671,94222.54421775149,3491.545136563726
2025-01-09 22:00:00,94222.54421775149,94287.36914073565,94194.50534678996,94223.14965065,2617.697108021134
2025-01-10 00:00:00,94058.24822841442,94059.35606254567,93996.07027875255,94038.798048342,7268.836512847647
2025-01-10 02:00:00,94038.798048342,94102.73266860428,93988.75135877989,94000.7151905935,9583.266280808728
2025-01-10 04:00:00,94000.7151905935,94119.02602500285,93984.3977006297,94088.65766910267,7262.356316007177
2025-01-10 06:00:00,94088.65766910267,94370.77082666935,94014.71873581376,94234.89242136892,9447.054269716451
2025-01-10 08:00:00,94234.89242136892,94265.05347591848,94037.86416162299,94256.63829172982,10897.175785076157
2025-01-10 10:00:00,94256.63829172982,94259.2022750027,94201.17557707899,94229.50990710148,4674.536934491631
2025-01-10 12:00:00,94229.50990710148,94303.66966952295,94138.44488071311,94172.59038401648,6278.091226315009
2025-01-10 14:00:00,94172.59038401648,94226.3076549731,94109.6424405782,94209.20811644313,7271.91147341801
2025-01-10 16:00:00,94209.20811644313,94365.35878386776,94028.65686364766,94264.060293597,5707.345356480575
2025-01-10 18:00:00,94264.060293597,94328.1080156607,93997.77372912595,94288.63085065677,7379.904886192646
2025-01-10 20:00:00,94288.63085065677,94439.72924397835,94253.04327911166,94392.38187320168,6630.366555469428
2025-01-10 22:00:00,94392.38187320168,94425.24627197228,94363.89854842723,94394.18728920931,11619.569769293157
2025-01-11 00:00:00,94429.70972353508,94431.2563501904,94427.82413107497,94427.9115934779,1393.4320652290194
2025-01-11 02:00:00,94427.9115934779,94459.74007937229,94398.20183261807,94425.6039483615,3061.286304063924
2025-01-11 04:00:00,94425.6039483615,94438.49883281448,94418.72825900246,94423.28583559516,2773.215563478089
2025-01-11 06:00:00,94423.28583559516,94425.1618085407,94412.62759695262,94423.15534758418,3455.3986264907903
2025-01-11 08:00:00,94423.15534758418,94503.80965779278,94313.41689545466,94422.31877363505,3027.04680074699
2025-01-11 10:00:00,94422.31877363505,94628.05397896441,94308.10235366452,94422.01376269953,3372.6038724833465
2025-01-11 12:00:00,94422.01376269953,94441.39240500735,94404.15165011838,94420.49248526916,1491.2355905218928
2025-01-11 14:00:00,94420.49248526916,94496.4442628316,94419.56864855695,94423.85966812399,3945.5143737526228
2025-01-11 16:00:00,94423.85966812399,94515.4923827639,94317.5134972168,94417.00727634915,3092.9067142279678
2025-01-11 18:00:00,94417.00727634915,94479.1767222315,94405.77129225372,94414.47670689107,2165.378060195903
2025-01-11 20:00:00,94414.47670689107,94472.59889707797,94308.10235366452,94419.31812123375,2054.074005302266
2025-01-11 22:00:00,94419.31812123375,94424.58576420903,94373.45312055484,94419.1396734408,2876.202106717185
2025-01-12 00:00:00,94715.7994638035,94721.90759232758,94465.6478061738,94574.23134970955,3896.978970494317
2025-01-12 02:00:00,94574.23134970955,94591.76097963747,94316.19727476801,94363.38593901783,2569.6133051643337
2025-01-12 04:00:00,94363.38593901783,94578.62710326746,94318.21325080641,94345.96145377777,3970.827849989405
2025-01-12 06:00:00,94345.96145377777,94510.92241771801,94299.55282054127,94346.5299535295,2004.741001021068
2025-01-12 08:00:00,94346.5299535295,94488.69610834197,94290.79028664417,94426.23909527599,3247.0347399639727
2025-01-12 10:00:00,94426.23909527599,94582.90954704979,94120.39073212142,94120.39073212142,2637.7752241688886
2025-01-12 12:00:00,94120.39073212142,94604.89135155361,94120.39073212142,94460.37594603185,2699.6318924337493
2025-01-12 14:00:00,94460.37594603185,94608.34767904034,94433.14067003364,94501.22885774636,1856.260834934098
2025-01-12 16:00:00,94501.22885774636,94530.48884628867,94391.3786463953,94445.87680642454,3367.1047392980217
2025-01-12 18:00:00,94445.87680642454,94586.66084881267,94433.22586298303,94525.05800395849,2662.3026298858717
2025-01-12 20:00:00,94525.05800395849,94851.6209544867,94471.39052762011,94741.42945713601,2419.5536985702456
2025-01-12 22:00:00,94741.42945713601,94986.68341740941,94599.62678177794,94916.54297038192,2893.092815762774
2025-01-13 00:00:00,94946.08289382266,95131.23868688475,94910.3174956203,95054.27921685319,5944.956975061409
2025-01-13 02:00:00,95054.27921685319,95152.48053174546,94917.48776580274,95009.26631500392,3976.1466493783237
2025-01-13 04:00:00,95009.26631500392,95037.1936296593,94995.30042329319,94996.6832571493,5672.137785607591
2025-01-13 06:00:00,94996.6832571493,95127.46353369225,94903.11045243157,95033.71311835448,3336.6935353542535
2025-01-13 08:00:00,95033.71311835448,95123.95097715603,94906.02718952046,95040.94837367741,5556.684666585139
2025-01-13 10:00:00,95040.94837367741,95454.65478939682,94741.44666305919,95120.37954547793,4771.325318733051
2025-01-13 12:00:00,95120.37954547793,95137.77888195559,95011.53134971224,95072.30542829269,2930.9146962906484
2025-01-13 14:00:00,95072.30542829269,95203.92428643553,94980.12713252776,95108.54225797438,5267.751573985714
2025-01-13 16:00:00,95108.54225797438,95122.58648749167,95055.17887306176,95114.48673503495,3909.417310385008
2025-01-13 18:00:00,95114.48673503495,95176.42604778055,95107.08987578363,95168.9330118982,3509.0651550452662
2025-01-13 20:00:00,95168.9330118982,95233.10445557129,95094.71930657957,95143.97509129337,4227.167547548568
2025-01-13 22:00:00,95143.97509129337,95164.14097078229,94860.62859676938,95105.06920626758,5042.20014435704
2025-01-14 00:00:00,95079.1690553798,95802.83145554733,95059.49330977823,95586.15474834462,4394.007011241141
2025-01-14 02:00:00,95586.15474834462,96302.53509576649,95369.48964258433,96302.53509576649,3919.5098625292517
2025-01-14 04:00:00,96302.53509576649,96302.53509576649,94734.54723499648,94734.54723499648,3310.281756807543
2025-01-14 06:00:00,94734.54723499648,95993.16480373638,94734.54723499648,95993.16480373638,7248.694033920048
2025-01-14 08:00:00,95993.16480373638,95993.16480373638,95467.9519059216,95658.52216782245,8696.118708145768
2025-01-14 10:00:00,95658.52216782245,96173.10626938714,95635.09948550546,96173.10626938714,3530.2273930544343
2025-01-14 12:00:00,96173.10626938714,96562.90943949387,96089.00974010827,96562.90943949387,5960.393527097746
2025-01-14 14:00:00,96562.90943949387,96562.90943949387,95171.38568147765,95606.12966420833,3289.598529135194
2025-01-14 16:00:00,95606.12966420833,95754.63270571396,95546.61856110526,95646.20598476075,4273.788741310874
2025-01-14 18:00:00,95646.20598476075,96684.87274780821,95431.80772442951,96684.87274780821,8627.822135894645
2025-01-14 20:00:00,96684.87274780821,96684.87274780821,96108.0062184856,96114.18152801233,3510.7126097435803
2025-01-14 22:00:00,96114.18152801233,96114.18152801233,95687.2681918946,95855.06199639742,3942.448396491291
2025-01-15 00:00:00,96155.10178309833,96503.38984487859,95602.98895815058,95736.44651234231,3300.068240404737
2025-01-15 02:00:00,95736.44651234231,95803.61474594263,95536.06980248146,95536.06980248146,3801.967139323068
2025-01-15 04:00:00,95536.06980248146,95550.22830535042,95536.06980248146,95540.28113983797,2195.165899055336
2025-01-15 06:00:00,95540.28113983797,95638.4711206526,95540.28113983797,95607.35387750565,2603.4890210667927
2025-01-15 08:00:00,95607.35387750565,95694.61990212748,95537.07444423481,95537.07444423481,3829.154282162265
2025-01-15 10:00:00,95537.07444423481,95830.94638707343,95537.07444423481,95785.93499039991,3249.1124476149475
2025-01-15 12:00:00,95785.93499039991,95912.50167915819,95783.02623772615,95878.26533223655,3774.564758534802
2025-01-15 14:00:00,95878.26533223655,95897.32218830395,95469.79313204618,95469.79313204618,3343.8157033963116
2025-01-15 16:00:00,95469.79313204618,95651.65586750943,95469.79313204618,95651.09165265929,2167.8350299234535
2025-01-15 18:00:00,95651.09165265929,95788.7534880686,95602.98895815058,95705.53745513939,2990.564627402772
2025-01-15 20:00:00,95705.53745513939,96177.7755521512,95671.0578148249,95996.62661524196,2275.4549377860967
2025-01-15 22:00:00,95996.62661524196,96355.09200058717,95974.78209771439,96341.48644689722,4368.645568608855
2025-01-16 00:00:00,96232.64918008535,98566.24102829765,96008.08612000999,98286.07370375874,3207.8415902436677
2025-01-16 02:00:00,98286.07370375874,100354.6572849817,97329.75334849807,100354.6572849817,3023.0116627477514
2025-01-16 04:00:00,100354.6572849817,100354.6572849817,97148.47810303935,97279.95583120469,8945.013711569663
2025-01-16 06:00:00,97279.95583120469,97380.66590695818,97235.10785683048,97334.75872392814,3307.566987647791
2025-01-16 08:00:00,97334.75872392814,97866.4511886068,94298.02153300305,94298.02153300305,6958.614493137546
2025-01-16 10:00:00,94298.02153300305,95198.41555569707,92756.34926298888,92756.34926298888,6875.081088084519
2025-01-16 12:00:00,92756.34926298888,98364.9523416783,92756.34926298888,96270.83489463473,6085.739481955583
2025-01-16 14:00:00,96270.83489463473,96546.84045398798,94941.31717831921,94977.51749762864,3845.4390969195274
2025-01-16 16:00:00,94977.51749762864,95037.45008334935,94777.88045855022,94777.88045855022,3186.65230307342
2025-01-16 18:00:00,94777.88045855022,95116.3762219814,94777.88045855022,94941.94190957147,6951.449285326446
2025-01-16 20:00:00,94941.94190957147,98702.73626200705,94941.31717831921,98228.18052072082,6963.070685041432
2025-01-16 22:00:00,98228.18052072082,98358.61445649063,97860.65710255053,98003.32351495634,5228.024863106976
2025-01-17 00:00:00,98041.53961768869,98534.0287668354,97917.99068515093,98315.43041020056,4527.964734106398
2025-01-17 02:00:00,98315.43041020056,98513.94433241553,98268.87271114686,98468.54843499135,5473.356870004618
2025-01-17 04:00:00,98468.54843499135,98516.84150010551,98326.25095557675,98395.22857597041,2100.3816288803755
2025-01-17 06:00:00,98395.22857597041,98666.23871734906,98289.11909615062,98559.75051156768,3786.684693418913
2025-01-17 08:00:00,98559.75051156768,99038.69059009299,98410.43508604546,98766.83846236415,2815.1307506086487
2025-01-17 10:00:00,98766.83846236415,99070.03709056365,98607.31811947297,98996.11855859871,5846.066728817169
2025-01-17 12:00:00,98996.11855859871,99090.08847168648,98769.4493562093,98922.53059895504,4129.621578527819
2025-01-17 14:00:00,98922.53059895504,99183.2200281512,98824.24802197,99115.66117791733,2407.756928170792
2025-01-17 16:00:00,99115.66117791733,99116.54934340296,98907.3156150918,98976.05991615338,2770.181973084311
2025-01-17 18:00:00,98976.05991615338,99065.34520743115,98810.86281738625,98881.3000078742,2372.251084207869
2025-01-17 20:00:00,98881.3000078742,99366.05210600428,98743.95032071462,99359.07485459831,2128.7084223817296
2025-01-17 22:00:00,99359.07485459831,99624.29131645357,99309.88044989882,99603.62268412879,4153.818572637419
2025-01-18 00:00:00,99362.83670285923,99446.33338602298,99322.39551830135,99432.2395341354,2711.7792532961785
2025-01-18 02:00:00,99432.2395341354,99466.27062302691,99413.21189151678,99439.20475582987,5133.048194163813
2025-01-18 04:00:00,99439.20475582987,99937.85113767529,99272.23741050871,99892.35209525586,4970.711072525696
2025-01-18 06:00:00,99892.35209525586,99937.1226632155,99515.9886146752,99589.34970708977,6748.920851491731
2025-01-18 08:00:00,99589.34970708977,100153.82903916208,99340.32905782833,100067.6825874194,4805.665240239371
2025-01-18 10:00:00,100067.6825874194,100318.43444349672,99908.60265698649,100143.95425063213,2965.428117804932
2025-01-18 12:00:00,100143.95425063213,100171.11606931455,100037.1907969952,100056.0104459824,7133.180638438565
2025-01-18 14:00:00,100056.0104459824,100418.8626376225,99923.21244889173,100328.77200279161,5709.883613311816
2025-01-18 16:00:00,100328.77200279161,101216.68369362135,100170.43294038808,101083.91723999758,5326.161203154739
2025-01-18 18:00:00,101083.91723999758,101907.12805352214,100847.57456346505,101651.4957711291,4307.638870574593
2025-01-18 20:00:00,101651.4957711291,101838.98143906928,101336.54257150942,101489.52693257306,4649.307460929646
2025-01-18 22:00:00,101489.52693257306,101794.81641405886,101478.58877388525,101766.40252535188,4624.619483757157
2025-01-19 00:00:00,101937.66974523617,102275.91252063435,97748.91481651358,97748.91481651358,5298.328404592784
2025-01-19 02:00:00,97748.91481651358,101804.77584896739,88885.11371131586,88885.11371131586,3734.8295317064963
2025-01-19 04:00:00,88885.11371131586,97420.49609167664,88885.11371131586,96257.8513913399,4074.4969227328957
2025-01-19 06:00:00,96257.8513913399,100577.46438117487,96257.8513913399,99199.23049315788,2890.4289399410277
2025-01-19 08:00:00,99199.23049315788,100914.33968501004,95573.76855211324,95573.76855211324,4944.019650674482
2025-01-19 10:00:00,95573.76855211324,107126.7031073594,95573.76855211324,107126.7031073594,4727.12926202181
2025-01-19 12:00:00,107126.7031073594,108139.18016503847,106422.60408968151,108139.18016503847,4577.152025826088
2025-01-19 14:00:00,108139.18016503847,117794.49778217248,103425.81049024033,117794.49778217248,3300.944970851268
2025-01-19 16:00:00,117794.49778217248,117794.49778217248,102798.52380672902,103133.74767650166,4237.181432475198
2025-01-19 18:00:00,103133.74767650166,103445.7092333249,98998.16003068112,98998.16003068112,3871.512477718051
2025-01-19 20:00:00,98998.16003068112,100232.0848701293,98998.16003068112,99808.3830084522,5399.6865723761875
2025-01-19 22:00:00,99808.3830084522,99883.28932247526,99629.21406847404,99629.21406847404,4407.282976812375
2025-01-20 00:00:00,102251.7033237246,102290.73559231941,102123.53975709807,102196.58789351203,5761.426978310592
2025-01-20 02:00:00,102196.58789351203,102933.81975280895,100069.56938054618,100069.56938054618,4759.336669895582
2025-01-20 04:00:00,100069.56938054618,100368.0593292228,100069.56938054618,100257.99473989967,5916.663074431023
2025-01-20 06:00:00,100257.99473989967,104190.99205809405,100257.99473989967,103230.53746898891,5163.796886234041
2025-01-20 08:00:00,103230.53746898891,103378.49008895918,101746.11767070762,102192.77533475467,3052.3323573406665
2025-01-20 10:00:00,102192.77533475467,102294.9188285781,100327.91530377761,100327.91530377761,4643.482199815594
2025-01-20 12:00:00,100327.91530377761,100384.36360027545,100080.00572637127,100080.00572637127,5515.048264289944
2025-01-20 14:00:00,100080.00572637127,100349.56035746414,99392.78356333944,99392.78356333944,7380.782749482956
2025-01-20 16:00:00,99392.78356333944,99482.98833504097,98399.94521677714,98399.94521677714,3113.651725719383
2025-01-20 18:00:00,98399.94521677714,104190.99205809405,98399.94521677714,103576.60506893076,3801.622977436181
2025-01-20 20:00:00,103576.60506893076,105738.23256629071,102817.30386067899,105738.23256629071,7207.80252602466
2025-01-20 22:00:00,105738.23256629071,105738.23256629071,103238.119299258,103813.01835573776,8726.454480041484
2025-01-21 00:00:00,104029.04805210522,104602.85488652735,101301.27368179007,101301.27368179007,7989.282183101189
2025-01-21 02:00:00,101301.27368179007,101568.03226428611,100831.42635845105,100831.42635845105,8143.234709068054
2025-01-21 04:00:00,100831.42635845105,101359.74565357596,99108.98870371465,99108.98870371465,5103.569619086743
2025-01-21 06:00:00,99108.98870371465,100104.5319529602,99108.98870371465,99783.11156103566,4867.560407534358
2025-01-21 08:00:00,99783.11156103566,101869.05144988606,99783.11156103566,101387.75966700043,5890.386563403874
2025-01-21 10:00:00,101387.75966700043,103584.70519744768,101387.75966700043,103188.64442365288,5765.927136413999
2025-01-21 12:00:00,103188.64442365288,105494.2821876177,103040.10659063999,105494.2821876177,6153.501756771145
2025-01-21 14:00:00,105494.2821876177,105494.2821876177,104225.7106153199,104580.82157198436,3802.2831776288194
2025-01-21 16:00:00,104580.82157198436,105481.54564272251,104232.49380023075,105481.54564272251,9887.658543906573
2025-01-21 18:00:00,105481.54564272251,105481.54564272251,103040.10659063999,103253.09840204865,9280.801572794611
2025-01-21 20:00:00,103253.09840204865,105368.4877454554,103040.10659063999,105368.4877454554,8021.245749634111
2025-01-21 22:00:00,105368.4877454554,105368.4877454554,103040.10659063999,103318.47439147049,5001.105873513391
2025-01-22 00:00:00,103359.06314983775,107329.341945481,102994.94370393372,107329.341945481,4844.427100579058
2025-01-22 02:00:00,107329.341945481,107329.341945481,106413.23865396796,106553.45360015881,8074.408446991948
2025-01-22 04:00:00,106553.45360015881,106553.45360015881,97797.98327554803,97797.98327554803,10534.787441938011
2025-01-22 06:00:00,97797.98327554803,100879.88547408073,97797.98327554803,100592.91444385094,6554.728081478646
2025-01-22 08:00:00,100592.91444385094,100861.13023522162,100592.91444385094,100700.6092758064,5143.541904834523
2025-01-22 10:00:00,100700.6092758064,101771.51011067118,92252.14527917423,92252.14527917423,8475.748110956409
2025-01-22 12:00:00,92252.14527917423,99790.09010260396,92252.14527917423,97344.23019242569,9149.234112548356
2025-01-22 14:00:00,97344.23019242569,97628.08524434322,96238.76433941629,96238.76433941629,10482.334558209692
2025-01-22 16:00:00,96238.76433941629,96339.63489242374,95811.36458293273,95811.36458293273,10688.040069462337
2025-01-22 18:00:00,95811.36458293273,97235.99424559456,95811.36458293273,96830.9933966719,11661.350701060277
2025-01-22 20:00:00,96830.9933966719,97291.13646194185,93516.71607630026,93516.71607630026,11301.23720052969
2025-01-22 22:00:00,93516.71607630026,103405.32655023083,93516.71607630026,100503.64697141196,7555.280406373026
2025-01-23 00:00:00,101929.78005371448,102193.36128990097,101755.63882144945,101812.93531934985,3518.1132960860605
2025-01-23 02:00:00,101812.93531934985,101863.11256526639,101510.6318863795,101659.83431980481,1610.2108120529447
2025-01-23 04:00:00,101659.83431980481,101846.24282321463,101469.5739048296,101537.70807549222,2068.000876176506
2025-01-23 06:00:00,101537.70807549222,101598.9625194764,101507.97449116925,101583.49762645786,2708.4107081666457
2025-01-23 08:00:00,101583.49762645786,101590.58314941695,101574.60008701605,101585.87560001317,2122.734738395539
2025-01-23 10:00:00,101585.87560001317,101590.37759444467,101514.60033716746,101520.56227025956,2957.132193668484
2025-01-23 12:00:00,101520.56227025956,101770.85344441651,101364.49594370263,101589.887896743,1894.1440492494964
2025-01-23 14:00:00,101589.887896743,101632.4716016802,101250.70208792802,101577.52832725535,3259.9509462126566
2025-01-23 16:00:00,101577.52832725535,101822.58513694812,101560.14812403466,101745.47880929378,4025.9247713850255
2025-01-23 18:00:00,101745.47880929378,101799.21895994047,101422.80214517501,101706.91617401683,2507.381049020048
2025-01-23 20:00:00,101706.91617401683,102117.6347105649,101672.32038028559,101891.8702098179,3791.020145245677
2025-01-23 22:00:00,101891.8702098179,102081.45370638405,101882.71710960074,102053.76548376973,1518.5140768468852
2025-01-24 00:00:00,102302.1912251945,102418.67105299867,102231.82112787198,102418.67105299867,5569.550007645203
2025-01-24 02:00:00,102418.67105299867,102418.67105299867,101827.60526246368,101980.3718605617,4983.9360203565875
2025-01-24 04:00:00,101980.3718605617,102010.14992007126,101662.50956557346,101773.0685582601,5549.3127821687285
2025-01-24 06:00:00,101773.0685582601,101969.52694436518,101605.98488823081,101774.6542769764,3436.4538836561674
2025-01-24 08:00:00,101774.6542769764,101871.145020404,101723.7544143647,101808.7152249616,2441.307447802744
2025-01-24 10:00:00,101808.7152249616,101989.64220851845,101508.96144328099,101649.3378563892,3114.064080822618
2025-01-24 12:00:00,101649.3378563892,101712.53761840815,101348.44715900214,101348.44715900214,3232.660503949767
2025-01-24 14:00:00,101348.44715900214,101566.2826288455,101348.44715900214,101476.63041999452,4532.619152294128
2025-01-24 16:00:00,101476.63041999452,101542.85403736526,101454.49508118216,101454.49508118216,4735.333640787702
2025-01-24 18:00:00,101454.49508118216,101689.48019018098,101347.86526679152,101347.86526679152,5446.427919426379
2025-01-24 20:00:00,101347.86526679152,101457.3131128075,101181.72513044003,101181.72513044003,2016.4108287617719
2025-01-24 22:00:00,101181.72513044003,101794.47698219803,101181.72513044003,101572.04683176702,4666.694061795783
2025-01-25 00:00:00,101941.85009023873,102048.57478868953,101606.49091772392,101696.83681969298,3092.4857248495614
2025-01-25 02:00:00,101696.83681969298,101815.71850180197,101639.63943968585,101762.42277708331,1716.4674070700346
2025-01-25 04:00:00,101762.42277708331,101898.36557421593,101554.2797987961,101554.58316987834,3133.9760171114385
2025-01-25 06:00:00,101554.58316987834,101688.23368590946,101533.07851574967,101638.97839498632,4696.935862449383
2025-01-25 08:00:00,101638.97839498632,101878.59290173274,101446.80963556733,101877.69946036967,3103.620462190348
2025-01-25 10:00:00,101877.69946036967,101932.07061845488,101863.75827659838,101909.71556451404,4058.303675867396
2025-01-25 12:00:00,101909.71556451404,102139.69037923389,101621.76974574804,101837.30085960728,4494.403803581527
2025-01-25 14:00:00,101837.30085960728,101872.86548632952,101720.93640036465,101741.73240631097,3119.348397244602
2025-01-25 16:00:00,101741.73240631097,101772.22887603717,101727.75469947289,101754.40754174636,2197.0282660494245
2025-01-25 18:00:00,101754.40754174636,101903.41238507973,101396.81258467786,101456.08556475506,4530.746034818078
2025-01-25 20:00:00,101456.08556475506,101576.36608862568,101030.97001419104,101174.56020547275,2191.9842869835047
2025-01-25 22:00:00,101174.56020547275,101357.51896335508,101030.97001419104,101265.65003319309,3670.9083287851486
2025-01-26 00:00:00,100761.39725334238,100766.1651869063,100511.78412849364,100682.76556204911,5501.565346145685
2025-01-26 02:00:00,100682.76556204911,100766.1651869063,100666.24501913815,100694.853705211,5980.1737049302765
2025-01-26 04:00:00,100694.853705211,100766.1651869063,100382.6469969906,100575.60233546527,3622.332183256583
2025-01-26 06:00:00,100575.60233546527,100766.1651869063,100229.00924475247,100311.57057939986,6360.804823952439
2025-01-26 08:00:00,100311.57057939986,100393.18912424667,100152.23599468757,100216.6529817944,2814.9229751591124
2025-01-26 10:00:00,100216.6529817944,100385.73796018929,100193.0494683322,100306.92361861472,5285.012467129255
2025-01-26 12:00:00,100306.92361861472,100355.51994733853,99970.34393860298,99970.34393860298,3168.21051677223
2025-01-26 14:00:00,99970.34393860298,100162.07214363222,99970.34393860298,100104.3434883941,3480.322708268324
2025-01-26 16:00:00,100104.3434883941,100377.76557344238,100104.3434883941,100235.51460179634,2568.1535865985093
2025-01-26 18:00:00,100235.51460179634,100280.93251645006,100140.34371560407,100230.5871600175,3265.300995791127
2025-01-26 20:00:00,100230.5871600175,100252.89026008196,100133.20789096909,100145.35313715559,2723.1034321856428
2025-01-26 22:00:00,100145.35313715559,100311.0171490782,100133.20789096909,100138.26933413645,3859.7949028516155
2025-01-27 00:00:00,100039.80881370696,100053.87563359457,99956.15799254022,100018.8927914418,3098.5895984856625
2025-01-27 02:00:00,100018.8927914418,100080.11318308905,99767.45655620856,99804.01332474983,5134.5170662257815
2025-01-27 04:00:00,99804.01332474983,100172.51461873091,99794.66849905183,100114.22428207079,4405.795787168986
2025-01-27 06:00:00,100114.22428207079,100145.2948401836,99784.63337831968,100003.6875146569,4906.250855670021
2025-01-27 08:00:00,100003.6875146569,100126.96371681683,98236.7294867774,98236.7294867774,2983.365633872283
2025-01-27 10:00:00,98236.7294867774,99038.809189855,98236.7294867774,98958.52331050519,2209.2884743115274
2025-01-27 12:00:00,98958.52331050519,99414.13293537687,98099.65933125798,98099.65933125798,4461.520240015903
2025-01-27 14:00:00,98099.65933125798,98246.1462251111,97260.0932043156,97260.0932043156,2558.249511519553
2025-01-27 16:00:00,97260.0932043156,98348.25628538497,97260.0932043156,98153.08504284898,2279.9184230277547
2025-01-27 18:00:00,98153.08504284898,98736.19360954578,98153.08504284898,98553.83519746995,4101.351177736394
2025-01-27 20:00:00,98553.83519746995,99691.20854371904,98553.83519746995,99462.2613052052,1782.3825973944543
2025-01-27 22:00:00,99462.2613052052,99654.58307302897,99191.25067889418,99341.69204371737,3310.9952333527926
2025-01-28 00:00:00,99363.4678795445,99484.40883268187,99251.52072450213,99320.57184335144,2976.963082067472
2025-01-28 02:00:00,99320.57184335144,99365.84555649327,99241.42821037892,99344.51060283928,6809.710724434694
2025-01-28 04:00:00,99344.51060283928,99401.62269914486,99336.00410052862,99353.72024352095,3984.8466889949586
2025-01-28 06:00:00,99353.72024352095,99460.44420738041,99283.38414292502,99445.85022895152,6967.818803454726
2025-01-28 08:00:00,99445.85022895152,99450.8974776109,99223.95557942899,99318.65008479665,7029.20545840609
2025-01-28 10:00:00,99318.65008479665,99336.17674790786,99281.53928596186,99313.98569879224,5708.941290176807
2025-01-28 12:00:00,99313.98569879224,99433.53460089417,99256.09383099005,99278.45043415594,5008.661742735399
2025-01-28 14:00:00,99278.45043415594,99440.05686906568,99263.77491371578,99408.50940423785,2917.6397794493587
2025-01-28 16:00:00,99408.50940423785,99478.4622307876,99280.37069278937,99336.9228465085,7404.622499223802
2025-01-28 18:00:00,99336.9228465085,99426.3168886432,99119.39766760971,99234.40935950752,5944.223380571848
2025-01-28 20:00:00,99234.40935950752,99265.64485827375,99165.90129057317,99195.30010231775,2886.6239032198996
2025-01-28 22:00:00,99195.30010231775,99221.36688576738,99031.1799542518,99103.74098015734,3266.943071880563
2025-01-29 00:00:00,98532.64805161658,98843.22047111618,98524.60291660509,98623.02084291626,3052.4233791090664
2025-01-29 02:00:00,98623.02084291626,98637.21123673869,98428.48464401286,98460.40591860922,2662.787470014629
2025-01-29 04:00:00,98460.40591860922,98761.48655825232,98374.8221095363,98685.9041966879,3839.4097521930444
2025-01-29 06:00:00,98685.9041966879,98766.06473929733,98594.53164702035,98670.5338694295,2143.5252157667155
2025-01-29 08:00:00,98670.5338694295,98729.49087631048,98583.9341382129,98721.99370113907,3063.987664530039
2025-01-29 10:00:00,98721.99370113907,98841.34706018928,98643.45073215135,98761.63209291216,3755.7090999122343
2025-01-29 12:00:00,98761.63209291216,98902.58134130354,98744.24726193989,98780.37498879666,2407.4484832340195
2025-01-29 14:00:00,98780.37498879666,99142.24578370356,98507.7407092813,98993.37965424766,1454.9565526001534
2025-01-29 16:00:00,98993.37965424766,99107.3166227291,98944.10916128973,99053.45616309643,3678.1063754126017
2025-01-29 18:00:00,99053.45616309643,99105.91800843795,98798.77238782194,98918.64555765674,1703.26063353779
2025-01-29 20:00:00,98918.64555765674,98969.50716336576,98825.00786437055,98839.50481419398,3552.918678012977
2025-01-29 22:00:00,98839.50481419398,98946.44333526956,98763.99463440485,98926.55563145586,1450.3022942009625
2025-01-30 00:00:00,98347.0797428435,98485.61697819509,98156.61283937062,98232.30815867287,1738.4632961348834
2025-01-30 02:00:00,98232.30815867287,98469.24196210406,98174.77055989625,98438.7541683224,1713.5245384116624
2025-01-30 04:00:00,98438.7541683224,98661.50252519804,98187.05476553115,98374.43144177528,1866.2115948632006
2025-01-30 06:00:00,98374.43144177528,98540.29982123288,98225.12734876822,98469.9434594624,1834.2538849075897
2025-01-30 08:00:00,98469.9434594624,98838.73307998346,98400.86156258131,98693.53510607664,2399.9606622394103
2025-01-30 10:00:00,98693.53510607664,98817.89593687432,98529.69658545603,98803.6462751316,2586.2419320970625
2025-01-30 12:00:00,98803.6462751316,99004.73066258637,98757.227113457,98956.70179720908,2555.795946507474
2025-01-30 14:00:00,98956.70179720908,98964.42927248796,98872.4605421013,98906.43879461795,1479.2925832935152
2025-01-30 16:00:00,98906.43879461795,98920.09800277068,98863.82429360377,98896.92922700288,1719.3135470753075
2025-01-30 18:00:00,98896.92922700288,98983.52174673823,98773.47913182506,98794.93840303732,2961.5138576381755
2025-01-30 20:00:00,98794.93840303732,98894.71494843024,98735.14100633826,98818.44693253425,3515.163139646065
2025-01-30 22:00:00,98818.44693253425,99204.9650797148,98792.43725212413,99045.47621734992,2962.4414095591223
2025-01-31 00:00:00,98906.80605345729,98940.85911372883,98823.01043457074,98872.08824442896,2691.375345313906
2025-01-31 02:00:00,98872.08824442896,98928.23683824133,98653.59913159968,98887.12188012844,2367.67795467672
2025-01-31 04:00:00,98887.12188012844,99072.79469649859,98857.12850998557,99002.21882668918,3754.928116986257
2025-01-31 06:00:00,99002.21882668918,99011.19112608336,98974.99035296672,98983.98082661803,2598.920915650442
2025-01-31 08:00:00,98983.98082661803,99022.11415608584,98948.16878641243,98998.67766413152,3803.413119835177
2025-01-31 10:00:00,98998.67766413152,99136.31371019338,98758.00487998706,99030.9254503981,4008.574836513047
2025-01-31 12:00:00,99030.9254503981,99094.88089065168,98925.02924161573,99029.50612101877,5899.280475780437
2025-01-31 14:00:00,99029.50612101877,99329.73061445027,98842.50476378508,99032.51081200168,2486.8982541907485
2025-01-31 16:00:00,99032.51081200168,99044.70852663387,98880.77949307475,98970.62259800297,4514.682743750017
2025-01-31 18:00:00,98970.62259800297,99003.35351781914,98907.65089928902,98946.35415818534,2620.3969162586645
2025-01-31 20:00:00,98946.35415818534,98988.30322402327,98944.39834410764,98971.91389576707,5010.640349559664
2025-01-31 22:00:00,98971.91389576707,99078.20289893035,98824.59840013804,99055.89537553868,2419.8026419256453
2025-02-01 00:00:00,98429.58917989046,98761.80245093959,98346.5509118482,98592.63534530577,9423.951863197815
2025-02-01 02:00:00,98592.63534530577,98747.75114395998,98330.11421851146,98352.73638900749,6787.946388752699
2025-02-01 04:00:00,98352.73638900749,98531.96116195609,97241.03958722888,97489.47377953514,10040.620346070944
2025-02-01 06:00:00,97489.47377953514,97534.50504553759,96769.40524225193,96769.40524225193,10268.170777575677
2025-02-01 08:00:00,96769.40524225193,97017.87839286588,96769.40524225193,96939.28792796042,11069.404383011304
2025-02-01 10:00:00,96939.28792796042,97448.63296809583,96939.28792796042,97351.320183036,6058.8469522329815
2025-02-01 12:00:00,97351.320183036,97860.28971110591,97350.23304000875,97640.23473944598,6212.993843483563
2025-02-01 14:00:00,97640.23473944598,97819.32763121916,97189.04683534255,97189.04683534255,4318.535112042955
2025-02-01 16:00:00,97189.04683534255,97580.4080591597,97189.04683534255,97553.35100011308,7160.618270893723
2025-02-01 18:00:00,97553.35100011308,97822.18208131554,97435.39858667704,97821.17324272664,9150.048868877213
2025-02-01 20:00:00,97821.17324272664,97896.73831038323,97804.88157426663,97849.84702616256,4855.611078554713
2025-02-01 22:00:00,97849.84702616256,98095.17911493828,97342.68910168731,97547.03931104077,5289.998906602684
2025-02-02 00:00:00,97751.25316934411,97765.6400109928,97645.63353622006,97745.67927173722,2962.1155538293788
2025-02-02 02:00:00,97745.67927173722,97829.92327849622,97739.09174876714,97805.19976723194,2020.8293742574206
2025-02-02 04:00:00,97805.19976723194,97913.36939786446,97585.4546481544,97671.72946931924,2076.1593462063265
2025-02-02 06:00:00,97671.72946931924,97732.9636846339,97523.76837531458,97652.3840478169,4310.451125841379
2025-02-02 08:00:00,97652.3840478169,97707.54721506166,97568.68620727502,97676.77089041875,3274.507131541959
2025-02-02 10:00:00,97676.77089041875,97798.85115323978,97511.5902874316,97654.09407426002,4114.491352202759
2025-02-02 12:00:00,97654.09407426002,97698.10249721182,97596.09870668205,97611.83842660708,1508.79575677356
2025-02-02 14:00:00,97611.83842660708,97785.79258177879,97450.59001330465,97593.74645991773,3143.65844305841
2025-02-02 16:00:00,97593.74645991773,97690.4645185611,97566.40386719188,97580.45728637914,3380.1020913425855
2025-02-02 18:00:00,97580.45728637914,97601.27681153457,97412.42729318622,97543.99596100692,2595.654001228974
2025-02-02 20:00:00,97543.99596100692,97616.96190347188,97494.4897087844,97504.78521024386,4200.986679278409
2025-02-02 22:00:00,97504.78521024386,97627.85378973772,97380.60697488098,97478.77365651641,2846.0707113102967
2025-02-03 00:00:00,97697.06907130708,97726.05008279637,97285.79341275577,97497.79417195013,5920.74746924572
2025-02-03 02:00:00,97497.79417195013,98313.81270777294,97299.52918901927,98313.81270777294,3321.4587018154784
2025-02-03 04:00:00,98313.81270777294,98668.22460120163,98252.9997781361,98668.22460120163,6471.025924312852
2025-02-03 06:00:00,98668.22460120163,98668.22460120163,97640.91746613283,97821.6623266094,3535.916421487675
2025-02-03 08:00:00,97821.6623266094,97962.9984320464,97720.13532455018,97962.9984320464,6712.352247342631
2025-02-03 10:00:00,97962.9984320464,100349.59167409968,96886.98666223972,100349.59167409968,6564.051870005484
2025-02-03 12:00:00,100349.59167409968,100349.59167409968,96204.29112729167,96656.83518903416,4670.369149397467
2025-02-03 14:00:00,96656.83518903416,97025.16160023799,95529.43912689161,95529.43912689161,5357.3054243706065
2025-02-03 16:00:00,95529.43912689161,97726.05008279637,95529.43912689161,97544.83525324902,6356.873520498971
2025-02-03 18:00:00,97544.83525324902,97726.05008279637,93850.90501499755,93850.90501499755,6103.9515949089755
2025-02-03 20:00:00,93850.90501499755,95487.17230767175,93850.90501499755,95312.30488663587,3797.318706425931
2025-02-03 22:00:00,95312.30488663587,96079.22538054445,95312.30488663587,96023.70514460086,5001.3245928077395
2025-02-04 00:00:00,96253.34968310592,96376.62327940817,95887.85931932896,96126.82149519351,3046.9376513351444
2025-02-04 02:00:00,96126.82149519351,96137.72508407291,96084.92476348596,96110.67537836423,3755.4223542624663
2025-02-04 04:00:00,96110.67537836423,96131.75661747406,96045.46737504222,96097.88573990115,3785.098392439548
2025-02-04 06:00:00,96097.88573990115,96258.11386106873,96014.02281250886,96065.83731569897,3103.321537142787
2025-02-04 08:00:00,96065.83731569897,96103.60259256096,95971.01148299081,96014.72502381589,4154.7794620377
2025-02-04 10:00:00,96014.72502381589,96129.79689211072,95952.26541338205,96005.03440770076,3213.5979127776845
2025-02-04 12:00:00,96005.03440770076,96028.81605578061,95949.81775642897,95974.78614239718,4172.947726554979
2025-02-04 14:00:00,95974.78614239718,96186.64117884869,95931.40633145739,95940.83701828444,2535.8627028458495
2025-02-04 16:00:00,95940.83701828444,95971.02659472407,95909.71498510294,95932.46534519299,2480.2633760333524
2025-02-04 18:00:00,95932.46534519299,95995.15851321649,95843.25715401114,95912.57700809186,3753.0047823513833
2025-02-04 20:00:00,95912.57700809186,95997.87797885509,95754.84940296513,95880.03628109541,3205.226386016865
2025-02-04 22:00:00,95880.03628109541,95897.71447681166,95770.82311014785,95830.2055741743,1661.7261963268422
2025-02-05 00:00:00,95660.56163193707,95714.68882255944,95656.01852829836,95662.28654522673,3007.688543462226
2025-02-05 02:00:00,95662.28654522673,95714.68882255944,95656.01852829836,95673.57473088008,3693.3903144572937
2025-02-05 04:00:00,95673.57473088008,95712.84280945375,95656.01852829836,95675.92055269895,2041.6922199177811
2025-02-05 06:00:00,95675.92055269895,95686.82398951375,95656.01852829836,95674.13912497068,3775.8649711849025
2025-02-05 08:00:00,95674.13912497068,95714.68882255944,95656.01852829836,95673.79328302677,2400.9126750521423
2025-02-05 10:00:00,95673.79328302677,95674.1227094273,95656.01852829836,95670.84783743988,2051.6468997666693
2025-02-05 12:00:00,95670.84783743988,95709.59083290164,95656.01852829836,95675.23926844184,1727.471271353782
2025-02-05 14:00:00,95675.23926844184,95714.68882255944,95656.01852829836,95694.23704862934,2755.6475438767216
2025-02-05 16:00:00,95694.23704862934,95714.68882255944,95656.01852829836,95704.64471043201,2068.5322817606902
2025-02-05 18:00:00,95704.64471043201,95714.68882255944,95656.01852829836,95702.54810256038,3539.714445690445
2025-02-05 20:00:00,95702.54810256038,95714.68882255944,95656.01852829836,95698.79619501322,3754.03280290369
2025-02-05 22:00:00,95698.79619501322,95714.68882255944,95670.4934077771,95708.27997572291,2817.157844027163
2025-02-06 00:00:00,95123.18954643034,95144.80567602537,95089.84050621232,95089.84050621232,3306.2191172942553
2025-02-06 02:00:00,95089.84050621232,95156.49451449994,95089.84050621232,95142.956596622,2036.6343598236838
2025-02-06 04:00:00,95142.956596622,95267.1311769517,94888.57849738994,94888.57849738994,3699.107577492566
2025-02-06 06:00:00,94888.57849738994,95240.91723376072,94888.57849738994,95112.44168487214,2555.2700248378
2025-02-06 08:00:00,95112.44168487214,95298.99267423188,95101.76529456442,95298.99267423188,4747.268614178782
2025-02-06 10:00:00,95298.99267423188,95460.68701682292,95270.21328585772,95460.68701682292,3410.037192239275
2025-02-06 12:00:00,95460.68701682292,95460.68701682292,95311.36160536783,95396.53546122077,3219.5883437001485
2025-02-06 14:00:00,95396.53546122077,95540.4006136191,95229.1333933986,95540.4006136191,2436.262935437143
2025-02-06 16:00:00,95540.4006136191,95540.4006136191,95530.09431405217,95537.7170391428,4897.412876331627
2025-02-06 18:00:00,95537.7170391428,95537.7170391428,95424.5295922489,95471.17222290646,1859.7985139566374
2025-02-06 20:00:00,95471.17222290646,95471.17222290646,95301.8866106645,95351.6671212033,3110.4560148552982
2025-02-06 22:00:00,95351.6671212033,95351.6671212033,95211.71071289002,95271.39633119367,4361.992148094799
2025-02-07 00:00:00,95089.12294546071,95177.37968109024,94940.0358800418,95061.94520090515,2171.2841276279246
2025-02-07 02:00:00,95061.94520090515,95197.02723703987,94696.04429959359,94926.23332432283,3997.5472208324973
2025-02-07 04:00:00,94926.23332432283,94927.05328939683,94905.80876376122,94918.33849954662,3555.4364769280005
2025-02-07 06:00:00,94918.33849954662,95023.14099411631,94696.04429959359,94820.30359406918,1860.3078620946858
2025-02-07 08:00:00,94820.30359406918,94848.95461195217,94798.31423837098,94846.19398683992,3584.11611741115
2025-02-07 10:00:00,94846.19398683992,94996.1461181297,94756.62781679149,94850.66880056901,2775.9144794091776
2025-02-07 12:00:00,94850.66880056901,95142.79847222214,94773.6220597675,95010.16512529396,3247.3437509871037
2025-02-07 14:00:00,95010.16512529396,95010.28996324497,95009.90258626259,95009.97911867355,4021.9553879179143
2025-02-07 16:00:00,95009.97911867355,95054.77413481647,94936.89360202875,95001.4121258096,3770.211192048279
2025-02-07 18:00:00,95001.4121258096,95029.40900075615,94838.43763057851,94861.2615205519,1993.0877074269745
2025-02-07 20:00:00,94861.2615205519,94979.17033400819,94696.04429959359,94831.61013925548,2263.380124447009
2025-02-07 22:00:00,94831.61013925548,94881.01273581939,94696.04429959359,94726.72579115612,3189.9161736025476
2025-02-08 00:00:00,94529.85681486911,94671.96525436807,94489.34893350034,94567.00929053473,2710.756291415605
2025-02-08 02:00:00,94567.00929053473,94621.98494621828,94498.7553030158,94560.2075016244,5582.482127933662
2025-02-08 04:00:00,94560.2075016244,94585.88341548611,94502.82074135626,94508.79241037609,6120.953976685916
2025-02-08 06:00:00,94508.79241037609,94584.69640953059,94498.3487437463,94566.49970617547,5533.314594993279
2025-02-08 08:00:00,94566.49970617547,94595.10102717315,94348.85032878078,94412.61222734387,3064.79330705928
2025-02-08 10:00:00,94412.61222734387,94454.3712078262,94289.8542892602,94360.70000123991,4667.60939021709
2025-02-08 12:00:00,94360.70000123991,94369.64477294436,94263.948605624,94323.16108482787,6418.48193997862
2025-02-08 14:00:00,94323.16108482787,94503.55751508496,94205.20386867225,94297.01808075367,6368.637794832583
2025-02-08 16:00:00,94297.01808075367,94456.28332200603,94238.54751456743,94360.17290871362,4222.691261757475
2025-02-08 18:00:00,94360.17290871362,94437.0994709965,94213.37976094078,94287.27072568971,4829.766606573957
2025-02-08 20:00:00,94287.27072568971,94444.18688197028,94228.04582861185,94347.59584358292,3492.396581849789
2025-02-08 22:00:00,94347.59584358292,94385.77968883335,94205.20386867225,94236.04814828269,3849.0645964881564
2025-02-09 00:00:00,94421.26363263806,94551.79626554558,94086.34832202618,94131.79530339959,6136.255241944806
2025-02-09 02:00:00,94131.79530339959,94162.63134109363,94072.74481715649,94124.62218040094,2711.745799486007
2025-02-09 04:00:00,94124.62218040094,94403.87358691114,94068.2453190156,94310.89087709144,3367.462038696477
2025-02-09 06:00:00,94310.89087709144,94424.68212057298,94191.62380931851,94204.36973955976,6585.261513605434
2025-02-09 08:00:00,94204.36973955976,94245.79388264852,93844.60977276077,94005.63812054704,4712.687262321399
2025-02-09 10:00:00,94005.63812054704,94496.44315113353,93730.30183875916,94155.47998238997,6946.888953315046
2025-02-09 12:00:00,94155.47998238997,94185.07555199286,93946.10115848531,94047.40034115725,3059.317801191814
2025-02-09 14:00:00,94047.40034115725,94155.88245354718,94035.85334648643,94138.2700213909,4858.958978010895
2025-02-09 16:00:00,94138.2700213909,94144.40077509098,93971.95254548358,94041.11843545259,5570.737845349654
2025-02-09 18:00:00,94041.11843545259,94053.72490125189,93802.78032981732,93886.43733084804,7273.819755008616
2025-02-09 20:00:00,93886.43733084804,94015.4136284652,93374.18964873857,93478.18018783536,3636.353315198761
2025-02-09 22:00:00,93478.18018783536,93567.64739763168,93263.79950233469,93360.89587292861,4699.762469730472
2025-02-10 00:00:00,93401.20748432007,93418.38904216627,93387.0849482319,93410.78099957122,1738.8735657554266
2025-02-10 02:00:00,93410.78099957122,93567.8782371736,93394.82053554208,93434.91630259869,3163.588885935295
2025-02-10 04:00:00,93434.91630259869,93468.42352297442,93415.61974655832,93441.52224797235,3804.9313234571423
2025-02-10 06:00:00,93441.52224797235,93494.61307408808,93383.26408470771,93391.71656161167,2239.359443425167
2025-02-10 08:00:00,93391.71656161167,93528.78322425486,93386.84830599125,93494.73077520898,3340.755553628867
2025-02-10 10:00:00,93494.73077520898,93582.16455740457,93451.65738230039,93494.42051367258,3488.6148000022863
2025-02-10 12:00:00,93494.42051367258,93496.008203712,93489.56247552422,93490.94512459704,3886.246433622072
2025-02-10 14:00:00,93490.94512459704,93507.34601208704,93470.13529784723,93481.29018897706,2041.0157872056402
2025-02-10 16:00:00,93481.29018897706,93489.68795346914,93475.74748200858,93485.93182617289,3035.0524295059063
2025-02-10 18:00:00,93485.93182617289,93659.81333912608,93276.89667727926,93567.90958387665,1462.5404540174595
2025-02-10 20:00:00,93567.90958387665,93606.20149710019,93561.27849655056,93572.66839523974,4115.238339738268
2025-02-10 22:00:00,93572.66839523974,93690.21900952517,93413.55549788802,93624.74151324386,1615.8258065137811
2025-02-11 00:00:00,93869.50300639946,93880.57954376511,93789.38259309351,93835.7556797628,2377.9451220309666
2025-02-11 02:00:00,93835.7556797628,93909.78303004937,93764.24132899361,93800.88302173077,5657.944819827037
2025-02-11 04:00:00,93800.88302173077,93807.51358349907,93749.405826864,93771.90248906461,4948.943456315817
2025-02-11 06:00:00,93771.90248906461,93826.17011457942,93707.64122702785,93762.60709662068,3105.3939717431535
2025-02-11 08:00:00,93762.60709662068,93793.42361049178,93709.55092599153,93746.79712933407,3747.6381794804347
2025-02-11 10:00:00,93746.79712933407,93773.42064134247,93702.60731816114,93766.93303052838,2049.830271863782
2025-02-11 12:00:00,93766.93303052838,93835.4140697357,93515.2540714518,93755.59482288384,5359.678700057579
2025-02-11 14:00:00,93755.59482288384,93763.89886290107,93734.93117013034,93744.92161048377,2771.8411765035626
2025-02-11 16:00:00,93744.92161048377,93815.29929077919,93590.39680079873,93685.69298915291,3925.1056436700933
2025-02-11 18:00:00,93685.69298915291,93691.09848577548,93658.10306123889,93675.28110411174,5038.121729905091
2025-02-11 20:00:00,93675.28110411174,93706.48856727961,93605.07718924324,93616.50880880555,3007.1823338733548
2025-02-11 22:00:00,93616.50880880555,93621.25180642755,93609.297725301,93614.65868376782,3140.05286319944
2025-02-12 00:00:00,93100.87999530425,93165.27883834427,93098.22171223044,93155.61049015948,3284.9319637956205
2025-02-12 02:00:00,93155.61049015948,93497.25898936242,93003.06301657562,93305.78774470417,2980.5444251821937
2025-02-12 04:00:00,93305.78774470417,93336.82691576988,93274.07802826651,93311.60660148357,2271.039584642533
2025-02-12 06:00:00,93311.60660148357,93368.40315601774,93242.02143058462,93305.897734029,4125.821562317415
2025-02-12 08:00:00,93305.897734029,93544.02650721758,93243.4510977266,93346.64078830549,3394.9669025914855
2025-02-12 10:00:00,93346.64078830549,93458.85463094398,93263.12218175574,93347.21722134794,3551.658729824891
2025-02-12 12:00:00,93347.21722134794,93447.63061689139,93144.11352828168,93365.67083081252,4946.272463904796
2025-02-12 14:00:00,93365.67083081252,93446.93158307727,93346.17365934046,93386.69545694914,4312.172645606492
2025-02-12 16:00:00,93386.69545694914,93682.25740634749,93322.27152046804,93449.3497063873,2145.7048958540686
2025-02-12 18:00:00,93449.3497063873,93569.63748096542,93441.64476996091,93540.54294757055,2717.7659448084437
2025-02-12 20:00:00,93540.54294757055,93716.02336994695,93421.97916471671,93628.21100001204,3325.19401491661
2025-02-12 22:00:00,93628.21100001204,93691.1580301197,93441.60319783264,93572.56507367305,4492.575726671748
2025-02-13 00:00:00,93775.12465970824,93849.81922507257,93519.2629648292,93595.75180339838,3753.557210605591
2025-02-13 02:00:00,93595.75180339838,93762.87719511647,93512.6798375495,93672.84101261092,2935.5019211294175
2025-02-13 04:00:00,93672.84101261092,93766.86094615477,93162.60523158974,93249.21623020477,4611.843865320029
2025-02-13 06:00:00,93249.21623020477,93331.26659284729,92873.56635858967,92918.21626743904,4694.6718319449255
2025-02-13 08:00:00,92918.21626743904,93027.34802297533,92303.06368558285,92476.90375527601,4114.0200205025085
2025-02-13 10:00:00,92476.90375527601,92573.61754827465,92161.56380655247,92161.56380655247,4872.6945935347785
2025-02-13 12:00:00,92161.56380655247,92375.0247437275,91741.89249330355,91741.89249330355,3093.814424342255
2025-02-13 14:00:00,91741.89249330355,92008.63511562241,91273.26108637638,91273.26108637638,2790.007480575693
2025-02-13 16:00:00,91273.26108637638,91741.49841958369,91273.26108637638,91689.43080771563,4929.306444115643
2025-02-13 18:00:00,91689.43080771563,92483.13939323611,91689.43080771563,92311.76432241459,2384.1010232716862
2025-02-13 20:00:00,92311.76432241459,92712.77915981578,92281.0962545725,92706.26108581814,1943.3813840949003
2025-02-13 22:00:00,92706.26108581814,92844.25031445028,92303.61756213207,92426.89358592029,4495.5445760514285
2025-02-14 00:00:00,92501.03923800225,93315.31994318796,92079.36511312218,93256.41706485872,5215.011403629934
2025-02-14 02:00:00,93256.41706485872,94838.05199388928,92942.45682487985,94838.05199388928,5740.250667658365
2025-02-14 04:00:00,94838.05199388928,97624.78338195653,94158.11114571038,97624.78338195653,4890.7209789903545
2025-02-14 06:00:00,97624.78338195653,97624.78338195653,91668.93180606415,92719.3738263291,5369.292485839789
2025-02-14 08:00:00,92719.3738263291,92801.2526847163,92332.14976629698,92512.10811782155,7800.350372290462
2025-02-14 10:00:00,92512.10811782155,93315.31994318796,89637.13149533287,89637.13149533287,2675.245680904371
2025-02-14 12:00:00,89637.13149533287,89919.09432162468,89637.13149533287,89879.16172725755,6150.549921901503
2025-02-14 14:00:00,89879.16172725755,95711.87205064805,89879.16172725755,95711.87205064805,7846.696902406597
2025-02-14 16:00:00,95711.87205064805,95711.87205064805,93757.05333595893,94411.67754951987,6589.288878334914
2025-02-14 18:00:00,94411.67754951987,95710.97239328954,94213.89474782211,95710.97239328954,3374.2818274424467
2025-02-14 20:00:00,95710.97239328954,96479.08551097148,95363.84499395831,96479.08551097148,7133.040050988375
2025-02-14 22:00:00,96479.08551097148,96479.08551097148,91668.93180606415,92214.96583080868,5789.336064878539
2025-02-15 00:00:00,93022.06333037853,93309.99910353107,92602.58214720534,92762.88121832974,2810.1637469301845
2025-02-15 02:00:00,92762.88121832974,93022.38486547135,92697.42613003356,92970.6368026329,2159.262300874757
2025-02-15 04:00:00,92970.6368026329,92978.10570503533,92923.80975328338,92973.85546200615,1429.2729437708997
2025-02-15 06:00:00,92973.85546200615,93016.58540584605,92620.37195930892,92681.46820982137,3682.337735950384
2025-02-15 08:00:00,92681.46820982137,92819.43923229916,92593.9203056818,92788.41924985938,1865.2516752836375
2025-02-15 10:00:00,92788.41924985938,92919.47263139869,92719.11598539545,92888.13256580608,3637.0691317220726
2025-02-15 12:00:00,92888.13256580608,92955.21525644658,92864.80221355258,92878.72181131724,3610.811785997216
2025-02-15 14:00:00,92878.72181131724,93110.8506642817,92653.81475950088,92924.89804015357,3148.7100252856053
2025-02-15 16:00:00,92924.89804015357,93226.92693439357,92795.42345534929,93176.41818065754,3751.3487037602004
2025-02-15 18:00:00,93176.41818065754,93337.9577489552,93101.85852336982,93337.9577489552,1791.3968850342712
2025-02-15 20:00:00,93337.9577489552,93337.9577489552,93089.36533501264,93211.93892320653,3057.238028453462
2025-02-15 22:00:00,93211.93892320653,93309.99910353107,93071.75014082651,93127.87084372638,1566.765130248639
2025-02-16 00:00:00,92967.10562211138,93037.88045699231,92947.18898098073,92981.87353746762,5034.747133433535
2025-02-16 02:00:00,92981.87353746762,93052.01065985815,92945.46290761708,93033.88193323767,4726.3439887952245
2025-02-16 04:00:00,93033.88193323767,93158.19020794527,92902.04036801297,93003.60048959163,4461.457215093269
2025-02-16 06:00:00,93003.60048959163,93064.68634338817,92891.5615343988,92999.5619376855,3123.128353602896
2025-02-16 08:00:00,92999.5619376855,93394.29172816164,92928.6519001801,93205.37253042312,6328.643089157065
2025-02-16 10:00:00,93205.37253042312,93363.94607252078,93134.79498179564,93286.91677109408,3032.1377951556124
2025-02-16 12:00:00,93286.91677109408,93329.98186210262,93174.44857151793,93230.58157634051,6253.28444220352
2025-02-16 14:00:00,93230.58157634051,93274.3295825579,93079.6844313345,93121.56213455317,6470.699008984298
2025-02-16 16:00:00,93121.56213455317,93451.03875728283,93060.3497955434,93268.3099410199,6489.724479535238
2025-02-16 18:00:00,93268.3099410199,93521.01301665684,93215.6470993459,93375.06424839632,3673.110061493283
2025-02-16 20:00:00,93375.06424839632,93436.96253827758,93254.92521261315,93429.6683801921,5525.167199574967
2025-02-16 22:00:00,93429.6683801921,93690.248961425,93357.64241735046,93606.22061401511,5651.083967960697
2025-02-17 00:00:00,93449.02395018427,93834.22928479002,93343.20537613609,93644.70837309299,3271.821803272943
2025-02-17 02:00:00,93644.70837309299,93788.66616130309,93607.04276103473,93777.91456900003,5099.649664860149
2025-02-17 04:00:00,93777.91456900003,93846.08256154224,93774.07413404544,93816.93434478863,2858.1397001734063
2025-02-17 06:00:00,93816.93434478863,93927.32893304067,93728.7363933045,93818.86797944344,3397.2932941155286
2025-02-17 08:00:00,93818.86797944344,93922.0915808249,93747.34848873618,93849.91291066162,4370.256908549224
2025-02-17 10:00:00,93849.91291066162,94032.44478841023,93740.29600105094,93753.67754289458,5284.8253684209285
2025-02-17 12:00:00,93753.67754289458,93816.94875966497,93707.2824887094,93814.48772656287,6787.994763579224
2025-02-17 14:00:00,93814.48772656287,93917.2677800344,93779.84533734682,93913.65193856625,7410.007281521692
2025-02-17 16:00:00,93913.65193856625,93959.0230434759,93815.81105389484,93955.53508021525,6340.7828275766
2025-02-17 18:00:00,93955.53508021525,93961.4896045354,93953.12846849677,93960.19542711464,2930.220407773115
2025-02-17 20:00:00,93960.19542711464,93962.26485806577,93951.38774364088,93954.5382614917,3285.754745967396
2025-02-17 22:00:00,93954.5382614917,93990.45979660159,93874.05167818766,93968.37951026436,5203.1041414490255
2025-02-18 00:00:00,93640.12189977399,95040.09809594596,93613.95704381137,94830.79682878402,8886.076802766001
2025-02-18 02:00:00,94830.79682878402,95376.15985078026,94570.91789695859,95221.76398858028,7733.810524680482
2025-02-18 04:00:00,95221.76398858028,95651.97667263969,93863.47862034538,94231.69240869196,15131.744316847089
2025-02-18 06:00:00,94231.69240869196,94361.28449914196,92602.54143419678,92602.54143419678,13966.069554033458
2025-02-18 08:00:00,92602.54143419678,94359.4164433541,92602.54143419678,93850.70308693612,21000.18716364949
2025-02-18 10:00:00,93850.70308693612,93859.53192083492,93644.3646345292,93646.50760489547,12789.558395090742
2025-02-18 12:00:00,93646.50760489547,94133.63047741797,93613.95704381137,94090.12196533514,10293.695591168189
2025-02-18 14:00:00,94090.12196533514,96767.69759441589,93613.95704381137,96084.41533910061,21595.944328649286
2025-02-18 16:00:00,96084.41533910061,96145.96080016127,95689.86500114793,95799.16316302461,8277.261412211494
2025-02-18 18:00:00,95799.16316302461,97026.26551125215,95324.53399979649,97026.26551125215,7804.285382077233
2025-02-18 20:00:00,97026.26551125215,97026.26551125215,96416.16812162875,96600.83814946697,16596.362291002548
2025-02-18 22:00:00,96600.83814946697,96927.05695816781,96446.26979949618,96893.54381534117,19702.065226704344
2025-02-19 00:00:00,96678.77461809969,96851.55643907968,95057.33246366786,95057.33246366786,5765.745178072364
2025-02-19 02:00:00,95057.33246366786,95281.79070563195,95057.33246366786,95213.3456550597,3454.5941286744633
2025-02-19 04:00:00,95213.3456550597,95384.12021743527,95213.3456550597,95383.80287373086,3606.1894435707572
2025-02-19 06:00:00,95383.80287373086,95394.47546397633,94226.71757143723,94226.71757143723,2163.1658853981085
2025-02-19 08:00:00,94226.71757143723,95153.33568264864,94226.71757143723,95034.37378735702,4182.155452603233
2025-02-19 10:00:00,95034.37378735702,95124.01579160272,94700.59583269784,94700.59583269784,3962.067728770246
2025-02-19 12:00:00,94700.59583269784,96305.46753109198,94700.59583269784,96165.26803941585,4795.653612968198
2025-02-19 14:00:00,96165.26803941585,96851.55643907968,92870.18005640608,92870.18005640608,4096.990559998869
2025-02-19 16:00:00,92870.18005640608,94979.9084672683,92870.18005640608,94134.37330862934,5114.761656932084
2025-02-19 18:00:00,94134.37330862934,96951.70099767152,94134.37330862934,96951.70099767152,1991.277994478272
2025-02-19 20:00:00,96951.70099767152,97241.61078933984,96920.0837088867,97241.61078933984,2538.8128111175497
2025-02-19 22:00:00,97241.61078933984,97241.61078933984,95247.93389852805,95389.29015873396,5500.195568117268
2025-02-20 00:00:00,94671.45007701141,94678.76818998561,94403.07212960058,94445.4997913388,7015.27941739379
2025-02-20 02:00:00,94445.4997913388,94562.64264132324,93967.68301584809,94104.22498821143,19109.237180715885
2025-02-20 04:00:00,94104.22498821143,94384.93233771266,93910.31507457265,94183.35138583313,12559.766217509328
2025-02-20 06:00:00,94183.35138583313,94208.18510970756,94127.33545247164,94162.88977769653,11429.72438447052
2025-02-20 08:00:00,94162.88977769653,94662.53878445302,94131.81300938093,94449.18536052786,16719.75169218693
2025-02-20 10:00:00,94449.18536052786,94650.88625953952,94355.8408265671,94642.53614796205,14928.857154318977
2025-02-20 12:00:00,94642.53614796205,94666.46572627632,94250.98596048435,94329.98605585172,7479.792026454245
2025-02-20 14:00:00,94329.98605585172,94452.46726017656,94148.41045819469,94259.57436812644,15261.943803502672
2025-02-20 16:00:00,94259.57436812644,94533.3731768859,93928.52270804155,94091.18803872292,7124.632719921656
2025-02-20 18:00:00,94091.18803872292,94308.32760179437,93529.3077364665,93622.5109260176,7482.3761471017815
2025-02-20 20:00:00,93622.5109260176,93754.7990144243,93438.89755007373,93463.91432800629,8682.334325383892
2025-02-20 22:00:00,93463.91432800629,93504.48894998229,93241.38610843677,93357.46212260409,17904.38209717661
2025-02-21 00:00:00,93045.58181680879,93144.90806206975,92999.30226477742,93087.93378552448,7534.721888888824
2025-02-21 02:00:00,93087.93378552448,93581.21452924934,92777.85565648244,93386.40137849188,7452.385146713186
2025-02-21 04:00:00,93386.40137849188,93697.17343227338,93194.14334951679,93688.77564105821,6422.731517420237
2025-02-21 06:00:00,93688.77564105821,94135.17461097096,93573.229585878,94033.83742274443,5506.367937822432
2025-02-21 08:00:00,94033.83742274443,94272.21529721159,93822.97186801683,94224.85779135054,3865.832863731304
2025-02-21 10:00:00,94224.85779135054,94438.80147385306,94211.10867299698,94350.75569545584,5580.19166588481
2025-02-21 12:00:00,94350.75569545584,94462.9729383724,94011.8110548833,94046.50336960804,5716.699915056822
2025-02-21 14:00:00,94046.50336960804,94397.86131899962,93923.21855488014,94316.14108504493,6997.976423400616
2025-02-21 16:00:00,94316.14108504493,94571.21131237123,94109.44933036373,94539.96518879541,7024.669098852935
2025-02-21 18:00:00,94539.96518879541,94581.99137549881,94455.48341105966,94538.1610400888,6012.790786458856
2025-02-21 20:00:00,94538.1610400888,94749.21329280065,94517.09811141307,94659.85719525616,5976.220519555625
2025-02-21 22:00:00,94659.85719525616,94976.30738770525,94625.88222899969,94845.64795001336,7524.069518860523
2025-02-22 00:00:00,94492.48845158308,95104.98084228966,94456.19938641661,95104.98084228966,7169.953965164329
2025-02-22 02:00:00,95104.98084228966,95104.98084228966,92751.02755968171,93469.51197817334,7047.428356371387
2025-02-22 04:00:00,93469.51197817334,96503.10459607236,92363.42193770365,96503.10459607236,4660.361094204614
2025-02-22 06:00:00,96503.10459607236,102408.96830818783,94591.27856915769,102408.96830818783,7570.416465612927
2025-02-22 08:00:00,102408.96830818783,102408.96830818783,96947.1084679955,98221.63925424204,8077.707779900391
2025-02-22 10:00:00,98221.63925424204,101128.98591744892,97565.99298755621,101128.98591744892,5257.211078566556
2025-02-22 12:00:00,101128.98591744892,107891.20883292482,99064.50306835149,107891.20883292482,6166.3448853229565
2025-02-22 14:00:00,107891.20883292482,107891.20883292482,107190.67788814675,107386.8844929993,7746.91163344624
2025-02-22 16:00:00,107386.8844929993,107386.8844929993,102206.81658593625,103294.57696487156,6025.6629648366525
2025-02-22 18:00:00,103294.57696487156,103294.57696487156,99374.8349041752,100404.4015269044,8224.02060778892
2025-02-22 20:00:00,100404.4015269044,100404.4015269044,95174.81563566855,95952.23241177094,2961.932310826904
2025-02-22 22:00:00,95952.23241177094,95952.23241177094,91719.78267335176,91719.78267335176,5883.658496012347
2025-02-23 00:00:00,92059.58723913912,92266.76001274036,92044.2493598975,92211.56390585961,5171.2025839386915
2025-02-23 02:00:00,92211.56390585961,92372.35894044711,91613.39860372423,91797.35335318142,5083.966556305797
2025-02-23 04:00:00,91797.35335318142,92584.99270655421,91508.21021523706,92584.99270655421,4297.95712541894
2025-02-23 06:00:00,92584.99270655421,92584.99270655421,91722.96538834422,92076.92339924915,5015.563090109633
2025-02-23 08:00:00,92076.92339924915,92131.68711325972,91929.68601423902,91968.07274385607,6556.487902291728
2025-02-23 10:00:00,91968.07274385607,92822.47366833882,91785.79458236338,92822.47366833882,6630.321762739516
2025-02-23 12:00:00,92822.47366833882,92822.47366833882,92544.40604591728,92588.06451992484,2884.408589180584
2025-02-23 14:00:00,92588.06451992484,92588.06451992484,92069.50876496534,92094.28798791039,6341.0922804262145
2025-02-23 16:00:00,92094.28798791039,92319.89299870632,91499.26795685916,91635.3725430649,5616.989394454194
2025-02-23 18:00:00,91635.3725430649,91817.85798151848,91445.93501345623,91674.1264448179,6501.040376108763
2025-02-23 20:00:00,91674.1264448179,91796.46627044804,91353.89794154423,91499.10090412103,3430.065884954018
2025-02-23 22:00:00,91499.10090412103,91717.60597272938,90496.57661492843,90688.33284735678,5658.361278218483
2025-02-24 00:00:00,91130.8982015933,91156.90304765574,90763.55572672116,90845.18196541695,14605.04874707234
2025-02-24 02:00:00,90845.18196541695,92252.28301855084,90156.53274782546,92252.28301855084,15692.28316626861
2025-02-24 04:00:00,92252.28301855084,92921.66514767315,92060.92084243153,92921.66514767315,18119.657528208565
2025-02-24 06:00:00,92921.66514767315,92921.66514767315,91082.91423718334,91184.02670025273,20257.781511220946
2025-02-24 08:00:00,91184.02670025273,91184.02670025273,89301.99145613631,89439.78623257279,21913.25219942769
2025-02-24 10:00:00,89439.78623257279,89541.87988936319,88170.33919596854,88363.32895965995,22164.407110762295
2025-02-24 12:00:00,88363.32895965995,88939.71829081197,88190.8853494607,88822.81814277945,9082.170293984409
2025-02-24 14:00:00,88822.81814277945,88930.64522654448,88585.51902488247,88711.85560820073,8332.175737374104
2025-02-24 16:00:00,88711.85560820073,88987.60353756414,88209.0263296958,88528.07914452214,20077.566248767158
2025-02-24 18:00:00,88528.07914452214,90018.03097281951,85774.59273860043,85774.59273860043,21245.932645638768
2025-02-24 20:00:00,85774.59273860043,85875.49859840356,85774.59273860043,85855.19807105565,13183.384797363522
2025-02-24 22:00:00,85855.19807105565,87771.06141959803,85855.19807105565,87131.30473199028,15161.935676943742
2025-02-25 00:00:00,86817.48185521936,86881.36224480176,78557.1551861332,78557.1551861332,3671.5440747848907
2025-02-25 02:00:00,78557.1551861332,78758.17333779254,76212.83230944863,76212.83230944863,3144.7798898861683
2025-02-25 04:00:00,76212.83230944863,84486.32907072268,76212.83230944863,83903.74937056194,4490.121382561909
2025-02-25 06:00:00,83903.74937056194,85010.46573269102,77270.30465742364,77270.30465742364,3885.841360477932
2025-02-25 08:00:00,77270.30465742364,77666.75104081735,75952.31620097208,75952.31620097208,2811.941936281211
2025-02-25 10:00:00,75952.31620097208,76229.68293073306,75075.33604346361,75075.33604346361,3206.9358929145073
2025-02-25 12:00:00,75075.33604346361,75079.88146706372,74307.05021198039,74307.05021198039,6941.433900927584
2025-02-25 14:00:00,74307.05021198039,80208.82615368483,74307.05021198039,78679.99090881669,6453.485071299938
2025-02-25 16:00:00,78679.99090881669,81608.47397900636,78679.99090881669,81189.49350883461,4538.027193731263
2025-02-25 18:00:00,81189.49350883461,84732.26170238771,81189.49350883461,84515.11644880948,5899.317633038479
2025-02-25 20:00:00,84515.11644880948,84692.0475738646,83965.81677449608,83965.81677449608,2714.899876799218
2025-02-25 22:00:00,83965.81677449608,84668.54911347076,83965.81677449608,84399.44605223712,6688.749831920276
2025-02-26 00:00:00,85346.23157965804,91240.71906707519,85048.18588324377,91240.71906707519,5366.9227900673595
2025-02-26 02:00:00,91240.71906707519,91240.71906707519,85875.92365243672,87608.40008373764,4159.019868525881
2025-02-26 04:00:00,87608.40008373764,93391.7488184743,86050.99609286865,93391.7488184743,2749.74000404441
2025-02-26 06:00:00,93391.7488184743,93391.7488184743,89775.75501125562,90952.18182161418,5892.169087508299
2025-02-26 08:00:00,90952.18182161418,90952.18182161418,85048.18588324377,85460.48661347629,5742.820072865412
2025-02-26 10:00:00,85460.48661347629,85690.64128247696,82081.08368680127,82081.08368680127,3059.789304579041
2025-02-26 12:00:00,82081.08368680127,82475.01938125255,82081.08368680127,82427.86235751017,5132.675009015163
2025-02-26 14:00:00,82427.86235751017,82477.31872056412,81639.59891859033,81639.59891859033,3045.598003513194
2025-02-26 16:00:00,81639.59891859033,84130.42336164846,76442.70020209296,76442.70020209296,5069.194360277282
2025-02-26 18:00:00,76442.70020209296,81420.9196034302,76442.70020209296,79872.2452401408,5493.9019117374855
2025-02-26 20:00:00,79872.2452401408,81333.50927767948,79872.2452401408,80793.7884659948,4970.948196924447
2025-02-26 22:00:00,80793.7884659948,85155.72185283784,80793.7884659948,84102.14595055227,4357.734686866161
2025-02-27 00:00:00,85154.00754397734,86225.27455841495,84920.70753720496,86225.27455841495,6510.922306954081
2025-02-27 02:00:00,86225.27455841495,86225.27455841495,85013.77670945322,85018.63220415179,5766.444629976697
2025-02-27 04:00:00,85018.63220415179,85267.4074063375,84980.54479967133,85267.4074063375,6081.034528036336
2025-02-27 06:00:00,85267.4074063375,85549.15909779025,85114.71260804342,85549.15909779025,3443.194864886297
2025-02-27 08:00:00,85549.15909779025,85549.15909779025,82113.57563560663,82113.57563560663,5851.88860529671
2025-02-27 10:00:00,82113.57563560663,82644.94886686673,82113.57563560663,82468.27313851984,7919.893491387294
2025-02-27 12:00:00,82468.27313851984,84857.40106630402,82468.27313851984,84402.39840478463,6216.458817417416
2025-02-27 14:00:00,84402.39840478463,84765.85618245124,84282.58954713261,84744.04183129703,5980.844159875908
2025-02-27 16:00:00,84744.04183129703,85023.10472442413,83831.78109565636,84027.7482879623,5091.509724632477
2025-02-27 18:00:00,84027.7482879623,85263.47811914077,83783.71309295524,84859.91016968228,7959.299998539018
2025-02-27 20:00:00,84859.91016968228,84902.34492363266,84747.50891605913,84813.33668631046,3601.9597565089734
2025-02-27 22:00:00,84813.33668631046,85199.11436823686,83339.71498590244,83352.40749963502,5317.466581923867
2025-02-28 00:00:00,83207.57835561088,83292.49319088773,82842.12698066497,82885.81931519175,6174.946702737681
2025-02-28 02:00:00,82885.81931519175,83024.23276718464,82800.28104816693,83018.51762500194,2837.8550199754623
2025-02-28 04:00:00,83018.51762500194,83702.25200580938,82792.21104089428,83356.2796048145,5740.865899862262
2025-02-28 06:00:00,83356.2796048145,83815.04347813906,82407.76487116843,82585.64776415956,3098.609858677736
2025-02-28 08:00:00,82585.64776415956,82863.75019687516,82483.80754184761,82766.47577172486,5674.9652545263725
2025-02-28 10:00:00,82766.47577172486,82784.891421841,82671.54313609624,82688.14535732879,5755.959314673012
2025-02-28 12:00:00,82688.14535732879,82736.44762529788,82512.23823587628,82568.00538401143,2366.159060105577
2025-02-28 14:00:00,82568.00538401143,82910.02740758266,81465.88111706331,81465.88111706331,3409.16125284694
2025-02-28 16:00:00,81465.88111706331,82783.65433623624,81465.88111706331,82431.21704136669,4617.601494957865
2025-02-28 18:00:00,82431.21704136669,82699.15799120232,82170.28557097746,82256.4353647121,3371.475769404381
2025-02-28 20:00:00,82256.4353647121,82275.15099437922,82221.80303876312,82232.61970680884,3509.227059572767
2025-02-28 22:00:00,82232.61970680884,82439.19419851397,81893.1588366361,82016.21612296483,4173.621977069748
2025-03-01 00:00:00,82067.11490409118,82200.06579825276,81981.76689465268,82162.29091541616,3053.8914023936795
2025-03-01 02:00:00,82162.29091541616,82210.34198082812,82140.65423021928,82149.82337091611,2334.5721382947204
2025-03-01 04:00:00,82149.82337091611,82158.5974989209,81923.04402311073,82011.09349610336,2230.896871199225
2025-03-01 06:00:00,82011.09349610336,82151.9895780054,81948.92378953275,82100.69786244234,2898.2604088673297
2025-03-01 08:00:00,82100.69786244234,82163.54987819552,82035.28038949674,82079.54930974403,4337.790623696988
2025-03-01 10:00:00,82079.54930974403,82109.65162944366,81890.56631470405,82015.21483512985,2628.080307629422
2025-03-01 12:00:00,82015.21483512985,82033.1361693846,81979.06080777758,81979.72348111865,2748.206286274325
2025-03-01 14:00:00,81979.72348111865,82118.9848004345,81857.08491627559,81878.54882693826,3653.5923237192737
2025-03-01 16:00:00,81878.54882693826,82107.03467501134,81857.30237198103,82019.65744249514,1817.1475100320868
2025-03-01 18:00:00,82019.65744249514,82065.5233975543,81857.08491627559,81885.78626993064,2396.985252549772
2025-03-01 20:00:00,81885.78626993064,82078.22938889106,81857.08491627559,82023.70027839005,3042.287507654623
2025-03-01 22:00:00,82023.70027839005,82240.35373173273,82001.23306205438,82154.60232398304,1884.9411051736197
2025-03-02 00:00:00,82274.88706667343,82503.5480264711,82178.40257315151,82503.5480264711,1486.1284820998387
2025-03-02 02:00:00,82503.5480264711,82503.5480264711,82247.61028865929,82389.99593228042,2986.0667613533305
2025-03-02 04:00:00,82389.99593228042,82389.99593228042,81746.84096489138,81839.55132110666,2111.207836466585
2025-03-02 06:00:00,81839.55132110666,81883.74003681529,81782.75960994173,81860.27575491574,1708.0036577173023
2025-03-02 08:00:00,81860.27575491574,82184.03593280587,81847.96801411253,81974.07507044995,3420.1791116280506
2025-03-02 10:00:00,81974.07507044995,81975.22533119222,81624.39039595777,81624.39039595777,2877.135929917435
2025-03-02 12:00:00,81624.39039595777,81657.403154456,81624.39039595777,81654.23629358527,4119.23106790144
2025-03-02 14:00:00,81654.23629358527,81871.32609059407,81654.23629358527,81840.07527767752,2119.859599361546
2025-03-02 16:00:00,81840.07527767752,81852.23316280906,81822.04010510103,81849.91563619394,2502.228745837129
2025-03-02 18:00:00,81849.91563619394,81911.46351126964,81695.7489152362,81695.7489152362,2335.8949743728112
2025-03-02 20:00:00,81695.7489152362,81758.67240052854,81574.60314605891,81574.60314605891,1803.925748036168
2025-03-02 22:00:00,81574.60314605891,82058.20390050067,81574.60314605891,81815.36579489229,3672.804473789536
2025-03-03 00:00:00,81760.0768231545,81812.00203186362,80827.00034730128,81252.76595854259,4965.319744139045
2025-03-03 02:00:00,81252.76595854259,81517.21845572857,80704.27117774649,80789.80887884958,4743.088289450413
2025-03-03 04:00:00,80789.80887884958,80814.02699968722,80135.7817125058,80321.8413854164,7106.751218675411
2025-03-03 06:00:00,80321.8413854164,80335.30954028205,80189.42592671669,80231.17885457304,3696.1626668506474
2025-03-03 08:00:00,80231.17885457304,80541.492117381,80132.10591702793,80408.0055385144,6350.773659075317
2025-03-03 10:00:00,80408.0055385144,80507.94801423067,80281.87174237463,80469.31639944391,8163.839931618434
2025-03-03 12:00:00,80469.31639944391,80619.24867058007,80317.5835359,80341.30176542058,7420.820104760176
2025-03-03 14:00:00,80341.30176542058,80341.69460082523,79891.43749062496,79891.43749062496,7177.491840520995
2025-03-03 16:00:00,79891.43749062496,79965.5895768223,79804.85284322815,79804.85284322815,4262.088184550345
2025-03-03 18:00:00,79804.85284322815,80278.13073425657,79804.85284322815,80064.92441487881,6611.510102452195
2025-03-03 20:00:00,80064.92441487881,80101.34255153245,79937.71731064597,80006.45292825665,6028.036275246436
2025-03-03 22:00:00,80006.45292825665,80182.48973414379,79931.09440534665,80057.64377559634,5435.135934575377
2025-03-04 00:00:00,80231.01539954286,80308.46427404323,79860.44256145947,80001.54839436663,10536.736170073278
2025-03-04 02:00:00,80001.54839436663,80123.48478654656,79843.81743255837,79851.62280917462,8784.455869004283
2025-03-04 04:00:00,79851.62280917462,80535.69268675336,79628.54076607327,80225.63563016172,8024.213381625103
2025-03-04 06:00:00,80225.63563016172,80261.93049752124,80108.97007594124,80240.22400598235,11539.798646587938
2025-03-04 08:00:00,80240.22400598235,80481.35576927921,80183.13310846663,80431.35075979562,5906.212835631092
2025-03-04 10:00:00,80431.35075979562,80626.92641267266,79817.36894583864,79906.32203659104,7487.934021661132
2025-03-04 12:00:00,79906.32203659104,79912.67647983955,79223.38105842493,79379.03067097774,8918.168904489732
2025-03-04 14:00:00,79379.03067097774,80028.0545004577,78926.10409537272,79752.06127657522,4036.845764367061
2025-03-04 16:00:00,79752.06127657522,80381.44399698757,78532.00315067451,78756.22480791768,9052.477005867275
2025-03-04 18:00:00,78756.22480791768,78789.23193609084,78467.17734023082,78484.66231008124,7272.332029347189
2025-03-04 20:00:00,78484.66231008124,78552.04767611097,78410.93956318957,78524.38231880488,6265.677336792107
2025-03-04 22:00:00,78524.38231880488,78611.12883562977,78111.26141582252,78180.754563078,7893.471436174344
2025-03-05 00:00:00,78207.6111981777,78256.98308903813,78050.82835964192,78071.4000576124,2406.4703557414437
2025-03-05 02:00:00,78071.4000576124,78109.01418094942,77988.97213101955,78061.15423162797,2310.820682478773
2025-03-05 04:00:00,78061.15423162797,78190.8241899395,78046.01623371414,78115.53642978668,4293.864107198616
2025-03-05 06:00:00,78115.53642978668,78296.11435698105,78064.76339926384,78210.2647035479,4221.761729385863
2025-03-05 08:00:00,78210.2647035479,78260.30010613005,77822.95680729277,77953.09256931693,4298.149210572872
2025-03-05 10:00:00,77953.09256931693,78200.58323662844,77946.8368812569,78091.92766301018,3050.0209263814822
2025-03-05 12:00:00,78091.92766301018,78156.47119189432,77869.16602205482,77988.84297621479,3350.8750681446886
2025-03-05 14:00:00,77988.84297621479,78110.55317567584,77738.21205925585,77882.6586440765,5123.395276809085
2025-03-05 16:00:00,77882.6586440765,78034.39360716818,77818.89521354677,78015.64454143321,2741.2470126675667
2025-03-05 18:00:00,78015.64454143321,78072.40094412465,77851.65194671294,77904.36988129723,4679.271735349577
2025-03-05 20:00:00,77904.36988129723,77981.33416637073,77724.74994699939,77796.83532033731,2187.5009021996702
2025-03-05 22:00:00,77796.83532033731,77865.08467316526,77787.94108997445,77864.49728854847,4847.554631709205
2025-03-06 00:00:00,77797.2108727748,78090.4709214897,77520.86960938467,78090.4709214897,4435.934108305712
2025-03-06 02:00:00,78090.4709214897,78090.4709214897,77633.0698269244,77836.12662589419,2674.9659803546665
2025-03-06 04:00:00,77836.12662589419,77879.52421193331,77306.72789374673,77531.66333512336,2685.068670063524
2025-03-06 06:00:00,77531.66333512336,77636.95482446844,76938.180043119,77343.12931429406,4223.92250179452
2025-03-06 08:00:00,77343.12931429406,77368.35002964619,76873.81889928851,77006.68989395058,5791.671420985145
2025-03-06 10:00:00,77006.68989395058,77050.06014048331,76958.52882464966,77029.63418704187,3059.4724426984208
2025-03-06 12:00:00,77029.63418704187,77047.62838193725,76593.99926417918,76643.78453742574,2971.659728741805
2025-03-06 14:00:00,76643.78453742574,76736.12404577776,76593.86279150314,76684.99706287934,3063.6982165630693
2025-03-06 16:00:00,76684.99706287934,77163.94549840054,76588.23112207715,76957.42582729865,4300.852190589647
2025-03-06 18:00:00,76957.42582729865,77297.46552599763,76953.0069098469,77203.91189363979,4970.5548712444615
2025-03-06 20:00:00,77203.91189363979,77324.84707834912,76966.06507709614,77031.81535120656,5316.984204759331
2025-03-06 22:00:00,77031.81535120656,77192.66324222418,76588.23112207715,76644.89580174298,4876.9083599276255
2025-03-07 00:00:00,76731.70473420579,76790.91985759292,76598.50574345843,76634.19672507205,4548.265455061631
2025-03-07 02:00:00,76634.19672507205,76864.02285348104,76598.50574345843,76863.78772960506,5106.376025370957
2025-03-07 04:00:00,76863.78772960506,77004.11508434331,76785.5031861083,76946.63114434834,4126.922357414354
2025-03-07 06:00:00,76946.63114434834,77114.4383173866,76897.02073150853,76911.93717212655,3193.8283974054275
2025-03-07 08:00:00,76911.93717212655,76965.4372261165,76750.62022770548,76799.74931148713,5840.690905514564
2025-03-07 10:00:00,76799.74931148713,77358.75907838144,76774.93842474655,77153.59238143376,5184.766571086068
2025-03-07 12:00:00,77153.59238143376,77227.698190729,77121.79616924521,77217.03573158634,3924.025700663094
2025-03-07 14:00:00,77217.03573158634,77379.91740206096,77152.40748354961,77357.32116447337,3138.0665581307644
2025-03-07 16:00:00,77357.32116447337,77420.76009551084,77175.0925354106,77238.05910456172,5804.105435176648
2025-03-07 18:00:00,77238.05910456172,77295.42502427654,77099.43464521684,77163.22030240625,4530.79035284071
2025-03-07 20:00:00,77163.22030240625,77372.30896264358,77096.37992846606,77239.66228657897,7357.837503346627
2025-03-07 22:00:00,77239.66228657897,77490.48788915774,77030.75932522412,77398.41641143827,6483.993749384788
2025-03-08 00:00:00,77488.38930151258,77516.79839140846,76515.82313526985,76769.49784209467,4040.849867820446
2025-03-08 02:00:00,76769.49784209467,76772.10343764693,76692.90081591127,76697.01591129071,2682.433836294508
2025-03-08 04:00:00,76697.01591129071,77362.48693665254,76617.81245700113,77197.64071868232,3965.392795234894
2025-03-08 06:00:00,77197.64071868232,77232.04581468615,76498.33752106472,76737.60911737818,5407.890009279716
2025-03-08 08:00:00,76737.60911737818,76889.37831656402,76686.90635266235,76820.59639538941,6800.96090821533
2025-03-08 10:00:00,76820.59639538941,77417.59132398175,76640.14746661605,77237.03553676335,2608.483369813622
2025-03-08 12:00:00,77237.03553676335,77444.41417901346,76467.79791358585,76779.06537094795,5593.913006931285
2025-03-08 14:00:00,76779.06537094795,77033.14062096066,76671.42105445948,76851.70066392957,2812.8561034527665
2025-03-08 16:00:00,76851.70066392957,77399.0269586379,75993.559003223,75993.559003223,5858.085690498935
2025-03-08 18:00:00,75993.559003223,76297.20899113416,75168.78138240942,75168.78138240942,3042.1581156852358
2025-03-08 20:00:00,75168.78138240942,75567.51345161254,75168.78138240942,75440.6516937855,3410.9998495821046
2025-03-08 22:00:00,75440.6516937855,76524.92069257441,75440.6516937855,76364.55609361459,5567.491454220569
2025-03-09 00:00:00,76228.47614688157,76815.24090897715,75925.24914118623,76815.24090897715,9210.524257464966
2025-03-09 02:00:00,76815.24090897715,77387.6649056183,76679.31850517188,77387.6649056183,12396.133695529255
2025-03-09 04:00:00,77387.6649056183,77387.6649056183,76011.5918677266,76431.01246564512,9833.524170202207
2025-03-09 06:00:00,76431.01246564512,76431.01246564512,73169.10894557292,73963.81165119869,8251.143478086882
2025-03-09 08:00:00,73963.81165119869,76212.12313080336,73131.83291974667,75532.60778094729,16246.813758959592
2025-03-09 10:00:00,75532.60778094729,76355.25127851989,72437.2329928601,72713.87474121265,11045.791006332714
2025-03-09 12:00:00,72713.87474121265,72854.40792571964,71682.03196057104,71682.03196057104,13980.044668113193
2025-03-09 14:00:00,71682.03196057104,71910.36541578505,71682.03196057104,71755.59347384238,10621.924210371744
2025-03-09 16:00:00,71755.59347384238,72735.92252646893,71755.59347384238,72717.31877883617,22469.171459597954
2025-03-09 18:00:00,72717.31877883617,73067.07826095463,71810.87092836501,71810.87092836501,9404.68366573409
2025-03-09 20:00:00,71810.87092836501,71990.07341540263,71810.87092836501,71836.17799498948,13687.590854142389
2025-03-09 22:00:00,71836.17799498948,72864.83828784146,71836.17799498948,72481.67142680235,13259.752616791471
2025-03-10 00:00:00,72511.73332814989,80997.32650237766,71427.73675706226,80997.32650237766,10674.96723010194
2025-03-10 02:00:00,80997.32650237766,80997.32650237766,61940.47964533329,61940.47964533329,14690.515312647656
2025-03-10 04:00:00,61940.47964533329,78996.66032025754,61940.47964533329,78996.66032025754,17959.114176700503
2025-03-10 06:00:00,78996.66032025754,78996.66032025754,28595.948613573222,28595.948613573222,17013.580339885037
2025-03-10 08:00:00,28595.948613573222,30561.530962012723,28595.948613573222,30159.086371718997,12772.219826984596
2025-03-10 10:00:00,30159.086371718997,34297.220870708996,17860.15088234504,17860.15088234504,9295.672728977766
2025-03-10 12:00:00,17860.15088234504,19233.770980507557,10989.85089707623,10989.85089707623,18199.434268882596
2025-03-10 14:00:00,10989.85089707623,16777.273657157042,10989.85089707623,14888.143621799221,9541.815138163409
2025-03-10 16:00:00,14888.143621799221,23652.467994978135,14888.143621799221,21643.09360198371,8978.669161210928
2025-03-10 18:00:00,21643.09360198371,25731.445598643044,8831.437303919063,8831.437303919063,16458.569816947653
2025-03-10 20:00:00,8831.437303919063,15602.784153319953,8831.437303919063,14467.685539260667,18320.760809921187
2025-03-10 22:00:00,14467.685539260667,20307.556241850565,14467.685539260667,18981.43986518706,17367.20489160215
2025-03-11 00:00:00,69104.68312808177,69117.07514421339,69074.86711125271,69096.02912687228,4569.169835593841
2025-03-11 02:00:00,69096.02912687228,69140.18826965435,69070.78312099942,69100.7144776748,5439.306531243928
2025-03-11 04:00:00,69100.7144776748,69171.4846097338,69060.26524327155,69151.69596247679,5564.418753576955
2025-03-11 06:00:00,69151.69596247679,69208.49600899626,69063.90825634371,69135.5576681151,3944.1433291096414
2025-03-11 08:00:00,69135.5576681151,69197.88095841519,69098.29782303984,69184.49002443349,3778.2132736934122
2025-03-11 10:00:00,69184.49002443349,69213.67627529579,69135.54002645232,69182.20198825416,4319.944268297158
2025-03-11 12:00:00,69182.20198825416,69288.98949008658,69105.58333614773,69189.70062076306,2539.7792289746694
2025-03-11 14:00:00,69189.70062076306,69235.4127086314,69154.98023331277,69182.01921410343,5320.612871616188
2025-03-11 16:00:00,69182.01921410343,69207.4602885589,69133.75661715696,69135.21564847622,2607.434526109789
2025-03-11 18:00:00,69135.21564847622,69297.4093316999,69007.27715822747,69207.44954423192,4659.550003440763
2025-03-11 20:00:00,69207.44954423192,69282.47891682682,69206.58654417853,69254.6163713254,3787.3037839415597
2025-03-11 22:00:00,69254.6163713254,69297.4093316999,69186.27338286112,69237.65713658911,4483.176666636567
2025-03-12 00:00:00,69270.72875145258,69582.32419349613,68103.46066978073,68103.46066978073,11801.345366146123
2025-03-12 02:00:00,68103.46066978073,68784.59068733348,68103.46066978073,68584.31365139973,4516.90771702287
2025-03-12 04:00:00,68584.31365139973,69755.44250223081,68584.31365139973,69321.76853226445,7267.003066004138
2025-03-12 06:00:00,69321.76853226445,72284.65029311125,69263.5080207333,72284.65029311125,11115.838183977994
2025-03-12 08:00:00,72284.65029311125,72356.31169496637,72112.70185454715,72356.31169496637,11757.803594759442
2025-03-12 10:00:00,72356.31169496637,72356.31169496637,72285.49430693497,72325.59190504423,7660.239848174277
2025-03-12 12:00:00,72325.59190504423,72367.1548542694,72272.72288242982,72367.1548542694,5140.004590610181
2025-03-12 14:00:00,72367.1548542694,72914.96224627935,72184.70282130971,72914.96224627935,12007.9802464363
2025-03-12 16:00:00,72914.96224627935,73771.79440465446,72878.07969553837,73771.79440465446,9875.627889585145
2025-03-12 18:00:00,73771.79440465446,73771.79440465446,71910.5493657471,71989.54762238363,5209.960973904976
2025-03-12 20:00:00,71989.54762238363,71989.54762238363,71150.53774839579,71427.29068071338,7190.534906196135
2025-03-12 22:00:00,71427.29068071338,71427.29068071338,70344.71778949813,70638.80726331944,5498.392140682746
2025-03-13 00:00:00,70739.44846397593,70844.33728637843,70690.16442687613,70788.74633732584,10042.494652471303
2025-03-13 02:00:00,70788.74633732584,70936.98093680022,70729.89326727255,70856.81443761801,9207.61842814598
2025-03-13 04:00:00,70856.81443761801,71414.70695534517,70635.35717836586,71342.44125808499,6679.742877398395
2025-03-13 06:00:00,71342.44125808499,71615.99266544713,71310.63341461524,71589.676740589,6878.698772202773
2025-03-13 08:00:00,71589.676740589,71653.43178085152,71534.4545414911,71636.13449929572,4790.34030114108
2025-03-13 10:00:00,71636.13449929572,71828.58596496026,71561.05629612794,71703.38320711697,5460.917340508515
2025-03-13 12:00:00,71703.38320711697,71735.5021169573,71636.44028437094,71643.50617468175,4285.404457326496
2025-03-13 14:00:00,71643.50617468175,71959.9084528416,71548.07429208086,71860.2368550353,7080.0213923855845
2025-03-13 16:00:00,71860.2368550353,71998.19249111661,71619.682916395,71655.89884194198,9735.524368011238
2025-03-13 18:00:00,71655.89884194198,72289.7975426591,71521.53871822897,72130.52570775489,8047.103486641619
2025-03-13 20:00:00,72130.52570775489,72152.35481152992,72057.53232377306,72123.11772979397,7964.743498661438
2025-03-13 22:00:00,72123.11772979397,72127.38352443704,72020.67475219969,72068.49508324638,8391.483245494665
2025-03-14 00:00:00,71742.35893178784,71852.27997292805,69744.23381410347,69744.23381410347,11435.69465142327
2025-03-14 02:00:00,69744.23381410347,69978.34885948345,69744.23381410347,69897.75321222958,10087.313701345201
2025-03-14 04:00:00,69897.75321222958,71603.79072509058,69897.75321222958,71350.7397120216,7664.430711378301
2025-03-14 06:00:00,71350.7397120216,71428.42373326632,69447.71044144162,69447.71044144162,9580.900207438164
2025-03-14 08:00:00,69447.71044144162,71570.75241910733,69447.71044144162,70983.93655539486,10236.902983216354
2025-03-14 10:00:00,70983.93655539486,71856.72432877516,69226.48204759374,69226.48204759374,14014.70105274717
2025-03-14 12:00:00,69226.48204759374,72977.87556806547,69226.48204759374,71910.78782540036,10382.630210590407
2025-03-14 14:00:00,71910.78782540036,73133.88830021807,71780.62865045443,72993.17684068119,9291.543319606591
2025-03-14 16:00:00,72993.17684068119,73052.77941823933,72903.91542653965,72944.17094370772,12741.486408031134
2025-03-14 18:00:00,72944.17094370772,73334.90474800176,70667.07206197639,70667.07206197639,11595.525370000609
2025-03-14 20:00:00,70667.07206197639,73334.90474800176,70667.07206197639,73144.90707084778,11798.462828047961
2025-03-14 22:00:00,73144.90707084778,73156.00716138553,72952.85022685092,72957.81863766776,13318.87009249913
2025-03-15 00:00:00,73484.04332793936,73668.63300398577,73383.33136113612,73668.63300398577,4579.768551043403
2025-03-15 02:00:00,73668.63300398577,73733.71864505518,73632.90747016516,73733.71864505518,2661.083520528263
2025-03-15 04:00:00,73733.71864505518,73750.34348668947,73719.39280978116,73750.34348668947,2860.853852509393
2025-03-15 06:00:00,73750.34348668947,73750.34348668947,73680.15696542517,73701.4248175332,3016.0020437311455
2025-03-15 08:00:00,73701.4248175332,73701.4248175332,73599.6426478976,73643.87282446134,4513.525443398023
2025-03-15 10:00:00,73643.87282446134,73667.58086740672,73568.97481950476,73621.50397406387,3367.8512703137744
2025-03-15 12:00:00,73621.50397406387,73667.58086740672,73368.01850761945,73471.13962889349,5229.684623441861
2025-03-15 14:00:00,73471.13962889349,73481.3546234772,73464.22965050055,73477.11664698778,4426.420139838513
2025-03-15 16:00:00,73477.11664698778,73620.25988806147,73198.44345700275,73282.54126553687,3367.2746378632623
2025-03-15 18:00:00,73282.54126553687,73298.62895331677,72863.23014801879,73022.08237244877,3137.7502840316133
2025-03-15 20:00:00,73022.08237244877,73025.40896012838,72638.0870840951,72638.0870840951,3772.8317745299555
2025-03-15 22:00:00,72638.0870840951,72986.85257640689,72638.0870840951,72789.22427737407,5476.856839315711
2025-03-16 00:00:00,72949.17719672482,72985.49829750747,72799.60801507112,72891.94356768974,2782.0340193096636
2025-03-16 02:00:00,72891.94356768974,72921.28256187103,72743.57575283803,72753.73206233425,1645.8246780155773
2025-03-16 04:00:00,72753.73206233425,72818.95434430774,72634.25878172879,72656.35863418695,2753.398202492026
2025-03-16 06:00:00,72656.35863418695,72772.19692850768,72634.70613196005,72720.31407122753,1430.2282645057833
2025-03-16 08:00:00,72720.31407122753,72774.2043197209,72664.66662068325,72733.22078953775,3497.083978051966
2025-03-16 10:00:00,72733.22078953775,72799.07990991519,72725.5305462739,72757.94017588384,2029.2263423814538
2025-03-16 12:00:00,72757.94017588384,72825.35284980996,72729.51557085828,72798.25041352159,2453.465922301964
2025-03-16 14:00:00,72798.25041352159,72879.00242304621,72638.07061110612,72678.82425196,2119.2086257710534
2025-03-16 16:00:00,72678.82425196,72727.24704829743,72585.29651306079,72679.60528249407,2525.28467360036
2025-03-16 18:00:00,72679.60528249407,72798.5694974528,72629.30333781001,72760.49983358351,3322.1015715868293
2025-03-16 20:00:00,72760.49983358351,72890.4760887544,72701.93803114584,72783.33373957919,1975.913953023031
2025-03-16 22:00:00,72783.33373957919,72803.29550384774,72654.31729419842,72687.05132908006,3288.2430770182677
2025-03-17 00:00:00,72888.24600681957,72890.90994046809,72770.6154782293,72846.65170080174,4845.61155020061
2025-03-17 02:00:00,72846.65170080174,72932.44123917204,72794.30146612454,72883.96842510064,3787.802690426242
2025-03-17 04:00:00,72883.96842510064,72935.14950150905,72752.86975103187,72832.05596596272,4062.3585598806194
2025-03-17 06:00:00,72832.05596596272,73425.03533134176,72499.15145073901,73198.89546751052,2221.453709430146
2025-03-17 08:00:00,73198.89546751052,73244.68576830564,73119.27107591537,73163.50579463923,4743.958949079785
2025-03-17 10:00:00,73163.50579463923,73461.86646672485,73152.10356927846,73354.79656721794,2274.152413101596
2025-03-17 12:00:00,73354.79656721794,73429.94479587323,73297.15765841823,73353.52971855376,5392.989460414548
2025-03-17 14:00:00,73353.52971855376,73595.04642435019,73218.79939954594,73478.7182487168,3775.414293951684
2025-03-17 16:00:00,73478.7182487168,73604.9008400336,73191.61609026343,73370.51450728592,4217.655271731111
2025-03-17 18:00:00,73370.51450728592,73482.52278740484,73333.8979362146,73435.86033619932,3072.720627622027
2025-03-17 20:00:00,73435.86033619932,73771.03697689978,73208.22838536743,73771.03697689978,3745.3112610459902
2025-03-17 22:00:00,73771.03697689978,73771.03697689978,73414.36293321852,73529.52832287551,5297.032961401761
2025-03-18 00:00:00,73309.96640017122,73429.63568874779,73194.57801828567,73390.91383473501,4077.703570508657
2025-03-18 02:00:00,73390.91383473501,73549.87322022546,73315.41582059866,73532.27691571412,2367.204925771629
2025-03-18 04:00:00,73532.27691571412,73562.87380334879,73511.97511841406,73537.82136175764,1648.4057441928683
2025-03-18 06:00:00,73537.82136175764,73551.94349872565,73296.59204169644,73385.2664126418,2961.3813289526042
2025-03-18 08:00:00,73385.2664126418,73571.01552482793,73255.62075177388,73529.88591967465,2249.1131815632284
2025-03-18 10:00:00,73529.88591967465,73579.72457467769,73460.60814036266,73551.74854612695,1714.7438282933351
2025-03-18 12:00:00,73551.74854612695,73598.56819970053,73401.58349571297,73488.22807984769,3450.1977580292632
2025-03-18 14:00:00,73488.22807984769,73662.7554186378,73254.58878951236,73510.8105915744,2839.734408168848
2025-03-18 16:00:00,73510.8105915744,73622.51355482453,73471.88696237069,73579.55798001771,2404.99349103139
2025-03-18 18:00:00,73579.55798001771,73643.29567448806,73542.2121718992,73626.14346273943,2196.235331696058
2025-03-18 20:00:00,73626.14346273943,73709.82734692021,73446.50516047032,73566.43408565955,2146.296489692999
2025-03-18 22:00:00,73566.43408565955,73671.30408566247,73553.93807403638,73611.33803683218,3857.4408614131976
2025-03-19 00:00:00,73780.66998314287,74293.35087637171,73636.26073876665,74077.58258923284,9265.978559126463
2025-03-19 02:00:00,74077.58258923284,75127.79582958463,73644.79645444054,75127.79582958463,8824.544466217667
2025-03-19 04:00:00,75127.79582958463,75886.57329777644,74839.13028217762,75886.57329777644,6850.005917174605
2025-03-19 06:00:00,75886.57329777644,76308.3864608675,75798.42323928741,76308.3864608675,8052.77099670431
2025-03-19 08:00:00,76308.3864608675,76308.3864608675,74864.43412425432,75441.84923617978,6143.2227515404
2025-03-19 10:00:00,75441.84923617978,75441.84923617978,73994.38718662874,74432.87121400758,6601.831432905022
2025-03-19 12:00:00,74432.87121400758,75487.84220184112,73968.43331615339,75487.84220184112,10076.693383776063
2025-03-19 14:00:00,75487.84220184112,75956.59969970572,75229.67573410839,75956.59969970572,4566.2121710387055
2025-03-19 16:00:00,75956.59969970572,75956.59969970572,75214.34482482269,75453.81061811258,6870.101912688976
2025-03-19 18:00:00,75453.81061811258,75453.81061811258,73849.84466147741,74401.85838344767,4737.621877326295
2025-03-19 20:00:00,74401.85838344767,74654.11897855543,74280.85724049555,74556.99546557925,5405.568729829758
2025-03-19 22:00:00,74556.99546557925,75019.49368827783,74409.53920648737,74827.97103798816,10951.183799545846
2025-03-20 00:00:00,74875.2190413011,74907.69491431114,74771.8474349235,74784.15980095003,5886.011361348539
2025-03-20 02:00:00,74784.15980095003,74832.42973945852,74559.81157123749,74599.21455479912,3299.2564583121925
2025-03-20 04:00:00,74599.21455479912,74960.54578229533,74454.4929788118,74958.46362194157,2236.6269569519923
2025-03-20 06:00:00,74958.46362194157,75108.47163113907,74957.03162825092,75037.53374348981,3816.7392182865938
2025-03-20 08:00:00,75037.53374348981,75191.55418905585,74983.84296612586,75005.99334311727,5038.114778886227
2025-03-20 10:00:00,75005.99334311727,75204.96897375995,74389.30431669686,74562.004267396,5212.727254557545
2025-03-20 12:00:00,74562.004267396,74626.88036243853,74109.41974231701,74297.24229643872,6017.27667286351
2025-03-20 14:00:00,74297.24229643872,74359.73323468982,73923.31190479014,73975.32635448674,5245.627251282093
2025-03-20 16:00:00,73975.32635448674,74212.54768867306,73839.23798989624,73844.0589903283,4612.085467291238
2025-03-20 18:00:00,73844.0589903283,74099.91660812045,73844.01703303841,74038.5306717834,6103.284830920433
2025-03-20 20:00:00,74038.5306717834,74105.15886466403,73695.19705235309,73695.19705235309,6003.339467322777
2025-03-20 22:00:00,73695.19705235309,74205.02576154447,73695.19705235309,74038.547409938,3025.494924295567
2025-03-21 00:00:00,73796.77374704198,74042.88493569085,72760.1716081531,72760.1716081531,2336.571724629052
2025-03-21 02:00:00,72760.1716081531,73396.69204187386,72760.1716081531,73220.8719673438,5183.880583064091
2025-03-21 04:00:00,73220.8719673438,73252.15319643634,72952.61616583355,72952.61616583355,5022.414295037458
2025-03-21 06:00:00,72952.61616583355,72957.478911664,72863.40453458033,72863.40453458033,1864.133169952485
2025-03-21 08:00:00,72863.40453458033,73181.54427910551,72863.40453458033,73052.76716374286,3141.762289987909
2025-03-21 10:00:00,73052.76716374286,74077.24509050294,73052.76716374286,73837.22149633392,5031.5192015241555
2025-03-21 12:00:00,73837.22149633392,73993.42781114197,73833.73545807108,73959.04678099893,2701.54956260755
2025-03-21 14:00:00,73959.04678099893,74162.36181702868,73246.71470022513,73468.84298113272,5140.352077210636
2025-03-21 16:00:00,73468.84298113272,73688.47761870986,73383.80867586497,73618.33833565298,3322.1932039683807
2025-03-21 18:00:00,73618.33833565298,73704.97726580022,73443.55466454918,73557.92968036205,3006.3324695741558
2025-03-21 20:00:00,73557.92968036205,74162.97490290945,73311.72299995995,73983.9749184518,3880.2081567654186
2025-03-21 22:00:00,73983.9749184518,74535.56647525904,73819.0563436335,74372.51745473122,3897.433885575295
2025-03-22 00:00:00,74319.32076404053,74344.20078485014,74315.97153955836,74336.87810583458,2641.0964020786173
2025-03-22 02:00:00,74336.87810583458,74406.99623747615,74331.0696969193,74366.95689975272,3938.577539825358
2025-03-22 04:00:00,74366.95689975272,74458.18290071061,74333.79048484488,74396.68893445787,2685.2875492569738
2025-03-22 06:00:00,74396.68893445787,74463.28084273367,74395.57370527384,74418.39624935987,3723.971595484255
2025-03-22 08:00:00,74418.39624935987,74472.67327812771,74408.01355803442,74447.84335100379,1702.1236638810146
2025-03-22 10:00:00,74447.84335100379,74566.92674944806,74352.90000756545,74460.62662949834,3173.270929807935
2025-03-22 12:00:00,74460.62662949834,74566.92674944806,74400.13377752125,74449.00933652003,2087.0667335603994
2025-03-22 14:00:00,74449.00933652003,74488.51172926823,74429.22001366632,74471.85111452408,3456.388404970387
2025-03-22 16:00:00,74471.85111452408,74543.9530426709,74443.14515523639,74482.83146547357,3014.425381887197
2025-03-22 18:00:00,74482.83146547357,74566.92674944806,74376.79001498192,74537.90959087887,2556.932060676298
2025-03-22 20:00:00,74537.90959087887,74550.98409805378,74514.07175927026,74538.20141585432,2688.3427470684674
2025-03-22 22:00:00,74538.20141585432,74558.84476982326,74529.13085401946,74553.26268304275,2565.1243610625797
2025-03-23 00:00:00,74509.10836561998,74638.73134143234,74412.7266022127,74586.72801786367,3846.3611207636322
2025-03-23 02:00:00,74586.72801786367,74626.94761246991,74324.81935145511,74324.81935145511,4753.427445749463
2025-03-23 04:00:00,74324.81935145511,75025.66703625437,74324.81935145511,74918.09866521643,4453.5471522120415
2025-03-23 06:00:00,74918.09866521643,75018.38375167856,74731.48200434976,74823.78248514622,3384.047842132759
2025-03-23 08:00:00,74823.78248514622,74855.66976036376,74691.92284269612,74727.52734105037,1816.4857976013072
2025-03-23 10:00:00,74727.52734105037,74867.65344503957,74577.37563779083,74605.53025974905,2547.0411098867025
2025-03-23 12:00:00,74605.53025974905,74716.046655948,74180.27508869511,74180.27508869511,4579.165781039364
2025-03-23 14:00:00,74180.27508869511,74525.29792060793,73734.5603027143,73734.5603027143,4042.4324455500077
2025-03-23 16:00:00,73734.5603027143,74388.3485723836,73734.5603027143,74133.00325997415,4763.96839520596
2025-03-23 18:00:00,74133.00325997415,74284.40954660941,74133.00325997415,74230.81763002354,2129.7342570760197
2025-03-23 20:00:00,74230.81763002354,74504.08874303747,74230.81763002354,74403.196353717,4881.246632485794
2025-03-23 22:00:00,74403.196353717,75025.66703625437,74403.196353717,74955.33799534985,3593.8948544882473
2025-03-24 00:00:00,74975.75108965846,74990.23460364957,74974.32844746647,74984.9134853346,2758.307117222595
2025-03-24 02:00:00,74984.9134853346,75020.77012307679,74923.22977577065,74951.5649202325,5780.762330554599
2025-03-24 04:00:00,74951.5649202325,75102.39542449608,74924.59961153801,75074.14705246137,4602.189052274002
2025-03-24 06:00:00,75074.14705246137,75208.13903583214,74990.23307842657,75084.89699663669,2202.010542689888
2025-03-24 08:00:00,75084.89699663669,75087.2910512361,75072.07158215284,75075.85822249364,3431.8301654071015
2025-03-24 10:00:00,75075.85822249364,75250.01098604577,74967.55745056197,75195.07193425791,2224.1476897842936
2025-03-24 12:00:00,75195.07193425791,75233.92950325218,74959.73257602686,75062.84848108087,5395.168169558154
2025-03-24 14:00:00,75062.84848108087,75155.93360543858,74589.06448590905,74682.0773581706,5222.691902317792
2025-03-24 16:00:00,74682.0773581706,75207.5480054573,74372.34002397353,74896.0141347482,3186.5578391529048
2025-03-24 18:00:00,74896.0141347482,74960.70624798721,74763.15299645861,74777.42823937871,3046.374270972712
2025-03-24 20:00:00,74777.42823937871,74985.6162480392,74287.3238728861,74448.84928844332,5597.0830238045655
2025-03-24 22:00:00,74448.84928844332,74720.55151684202,74407.494383418,74603.37238262854,3908.0966848563444
2025-03-25 00:00:00,74400.20207767011,74421.3449363319,74167.08917084888,74167.08917084888,7594.564281886505
2025-03-25 02:00:00,74167.08917084888,74200.73716395341,74058.39447926151,74058.39447926151,5499.523660561921
2025-03-25 04:00:00,74058.39447926151,74230.8896367769,74058.39447926151,74144.61565314599,7098.390020101184
2025-03-25 06:00:00,74144.61565314599,74216.51765847146,74144.61565314599,74213.84827520215,4029.55330691196
2025-03-25 08:00:00,74213.84827520215,74495.96892790085,74213.84827520215,74462.354009063,7934.058614693099
2025-03-25 10:00:00,74462.354009063,74634.44857000925,74366.68130643388,74550.055576129,3926.905336633193
2025-03-25 12:00:00,74550.055576129,74920.68548458295,74392.76463332154,74747.10610953736,3066.9258566308445
2025-03-25 14:00:00,74747.10610953736,75023.07327542415,74637.06466241903,74859.47379556825,6335.042310529648
2025-03-25 16:00:00,74859.47379556825,75127.5273062821,74744.50414832181,75109.17995443447,5011.82517662198
2025-03-25 18:00:00,75109.17995443447,75127.5273062821,74929.45243112781,74985.14397754798,3535.6360162581313
2025-03-25 20:00:00,74985.14397754798,75127.5273062821,74899.0353144799,74932.87256887234,5328.246348448226
2025-03-25 22:00:00,74932.87256887234,75127.5273062821,74922.23420885002,75060.82209322465,6126.7713475792525
2025-03-26 00:00:00,75290.11262475698,75329.65495806008,75268.72536790108,75302.4983842657,1758.744040234995
2025-03-26 02:00:00,75302.4983842657,75486.23124335553,74834.59474285883,75077.6589189412,2167.7667451233783
2025-03-26 04:00:00,75077.6589189412,75169.2209263577,74999.63567227112,75122.21630957234,4271.608499679611
2025-03-26 06:00:00,75122.21630957234,75184.26479351845,75111.96521207636,75180.68148760516,4218.713145859338
2025-03-26 08:00:00,75180.68148760516,75187.78874374984,75163.57470761574,75167.61441296474,2953.4236125000784
2025-03-26 10:00:00,75167.61441296474,75235.10221689483,75054.28461619143,75064.38769784338,2636.0649656134015
2025-03-26 12:00:00,75064.38769784338,75203.38016627144,74933.75589426345,75200.16117047051,2951.364913753704
2025-03-26 14:00:00,75200.16117047051,75325.76009066417,74974.90485587718,75002.1486440611,2178.702455326837
2025-03-26 16:00:00,75002.1486440611,75042.61913718915,74950.17365381293,74964.45897573653,4236.1096648302955
2025-03-26 18:00:00,74964.45897573653,74986.65437928862,74938.17323890136,74970.33038301687,3710.909468772572
2025-03-26 20:00:00,74970.33038301687,74974.40217305972,74666.65615816007,74787.19806601899,1832.9618162748236
2025-03-26 22:00:00,74787.19806601899,74862.78268359775,74723.66972129908,74839.23029080924,4251.403845189027
2025-03-27 00:00:00,74943.99120003168,75080.24880333178,74877.89087515253,75058.44936362021,5070.683310894116
2025-03-27 02:00:00,75058.44936362021,75103.7727350213,74832.33936446828,74918.9033685359,4277.203423871104
2025-03-27 04:00:00,74918.9033685359,75070.33077701608,74813.57761570592,74864.20786639492,5013.04689500293
2025-03-27 06:00:00,74864.20786639492,74912.34301440473,74813.57761570592,74816.98209456797,2788.922711270719
2025-03-27 08:00:00,74816.98209456797,75114.40624755078,74813.57761570592,75060.56809993864,4834.493044976611
2025-03-27 10:00:00,75060.56809993864,75114.40624755078,74523.7911496487,74523.7911496487,5441.19271430167
2025-03-27 12:00:00,74523.7911496487,74866.4162678152,74523.7911496487,74824.95804978226,6020.949498905236
2025-03-27 14:00:00,74824.95804978226,75026.37651004657,74625.20144429622,74625.20144429622,5404.233663052878
2025-03-27 16:00:00,74625.20144429622,75052.45079498253,74625.20144429622,74853.36875995502,6017.475485388893
2025-03-27 18:00:00,74853.36875995502,74996.36529279893,74569.70265619052,74569.70265619052,2135.9288172104903
2025-03-27 20:00:00,74569.70265619052,75114.40624755078,74569.70265619052,75004.43538534174,5691.908122017273
2025-03-27 22:00:00,75004.43538534174,75019.55613343172,74984.21729871599,75015.54870005888,2749.062240037306
2025-03-28 00:00:00,75042.41407218663,75159.46447216501,55273.70223933137,55273.70223933137,2313.063588133886
2025-03-28 02:00:00,55273.70223933137,63322.41210260246,36135.77724412556,36135.77724412556,3372.1742662107745
2025-03-28 04:00:00,36135.77724412556,36242.12440277743,30393.44496845375,30393.44496845375,2516.195267636862
2025-03-28 06:00:00,30393.44496845375,33250.237108354086,23312.644008160376,23312.644008160376,5351.946524685234
2025-03-28 08:00:00,23312.644008160376,49978.436792060864,23312.644008160376,41343.631825382654,2076.4687256094626
2025-03-28 10:00:00,41343.631825382654,42498.96784673915,38941.488682039686,38941.488682039686,2242.1607365356667
2025-03-28 12:00:00,38941.488682039686,45377.36562253443,38941.488682039686,45183.03832714944,2854.9925896015884
2025-03-28 14:00:00,45183.03832714944,52625.561969612376,45183.03832714944,50700.939371566434,4385.317220443463
2025-03-28 16:00:00,50700.939371566434,76193.03955122895,50700.939371566434,72827.83854829185,4693.851061624117
2025-03-28 18:00:00,72827.83854829185,75350.99436907587,60823.85870401327,60823.85870401327,1817.7896819886914
2025-03-28 20:00:00,60823.85870401327,69169.42371760609,60823.85870401327,69162.59825612349,2975.5174681296453
2025-03-28 22:00:00,69162.59825612349,69910.64015527954,41860.09223023889,41860.09223023889,5260.264017860498
2025-03-29 00:00:00,76152.92475011019,76577.57606272749,76000.50204519829,76577.57606272749,2818.7026037558726
2025-03-29 02:00:00,76577.57606272749,76577.57606272749,75536.21196180682,75543.57624952261,2093.747086004025
2025-03-29 04:00:00,75543.57624952261,76223.52478884225,75483.73577700325,76124.8211623567,3649.119294825737
2025-03-29 06:00:00,76124.8211623567,76223.52478884225,75448.3916574687,75524.7638817512,2096.6660710770625
2025-03-29 08:00:00,75524.7638817512,75622.80260881693,75487.02702742613,75590.48589605176,3896.953529677388
2025-03-29 10:00:00,75590.48589605176,76028.76465181903,74480.75076399923,74480.75076399923,4452.22139575793
2025-03-29 12:00:00,74480.75076399923,75529.60539437502,74480.75076399923,75040.28790941901,3919.004256795591
2025-03-29 14:00:00,75040.28790941901,75090.66334514167,75009.3752653833,75009.3752653833,4341.151777485761
2025-03-29 16:00:00,75009.3752653833,75094.15511046341,74188.03922186622,74188.03922186622,4381.88540292028
2025-03-29 18:00:00,74188.03922186622,74323.64766657892,74120.97323884175,74120.97323884175,3244.527407082149
2025-03-29 20:00:00,74120.97323884175,74218.9709646514,73744.9057816304,73744.9057816304,1623.5501223111673
2025-03-29 22:00:00,73744.9057816304,75916.37788085993,73744.9057816304,75263.30586756715,2934.124701426515
2025-03-30 00:00:00,75239.69216363563,75506.4900869804,75104.07246396391,75488.67329000478,2142.3909413749734
2025-03-30 02:00:00,75488.67329000478,75842.8567473136,75364.60417009442,75767.25521104151,4346.438754070976
2025-03-30 04:00:00,75767.25521104151,75809.31061711432,75631.05968956414,75724.12960345711,4337.307236989513
2025-03-30 06:00:00,75724.12960345711,75758.29546273523,75522.33317268033,75570.29838514312,5021.443770007565
2025-03-30 08:00:00,75570.29838514312,75662.05852389893,75431.98949758234,75632.90734549121,4722.024181611459
2025-03-30 10:00:00,75632.90734549121,76112.33165696752,75513.5508396738,75999.80551203176,2486.970285430195
2025-03-30 12:00:00,75999.80551203176,76184.9478062025,75901.8774210001,76056.4142564655,2285.5442727793256
2025-03-30 14:00:00,76056.4142564655,76114.26571201507,76009.48817585726,76036.43413320516,2832.938324573285
2025-03-30 16:00:00,76036.43413320516,76192.31053490126,75879.75597408145,75961.25257676434,3114.283914720406
2025-03-30 18:00:00,75961.25257676434,76113.71692876909,75916.4206805994,76085.59509132193,4981.197362915663
2025-03-30 20:00:00,76085.59509132193,76130.72233142964,75957.00591330799,76102.70919548841,5625.437748585668
2025-03-30 22:00:00,76102.70919548841,76254.2379165068,75963.65990441495,76016.97539996321,3740.1944041767733
2025-03-31 00:00:00,76063.4023064211,76144.294532822,76026.57348279002,76116.80200360666,7172.406248063066
2025-03-31 02:00:00,76116.80200360666,76279.11166088258,76081.37441947404,76194.2508164703,6693.056410561222
2025-03-31 04:00:00,76194.2508164703,76663.54813413032,76107.0775666119,76475.38648514553,7485.571616224757
2025-03-31 06:00:00,76475.38648514553,76737.02382890582,76351.65240755946,76682.36975471744,3728.107250285844
2025-03-31 08:00:00,76682.36975471744,76988.63435912172,76570.3691551863,76843.46409800998,5813.168955118028
2025-03-31 10:00:00,76843.46409800998,76912.22569865453,76746.72942822025,76777.20139266248,3614.412881712758
2025-03-31 12:00:00,76777.20139266248,77452.78909577047,76557.7871940113,77214.3418943456,3244.0023133215836
2025-03-31 14:00:00,77214.3418943456,77361.63929024509,77168.65104531041,77305.71241822572,7202.708254035563
2025-03-31 16:00:00,77305.71241822572,77479.08057816756,77064.80176501021,77099.71247319866,7384.0353225827575
2025-03-31 18:00:00,77099.71247319866,78045.8167277814,76782.4144646094,77887.45108579341,4591.17436224211
2025-03-31 20:00:00,77887.45108579341,77950.37250630723,77867.69029371813,77934.8192576678,6250.912704495095
2025-03-31 22:00:00,77934.8192576678,78004.53892738059,77733.34367123728,77956.76402804867,4652.23074618976
2025-04-01 00:00:00,78054.57213257204,78081.45593521082,77615.0468091069,77615.0468091069,3629.123814271204
2025-04-01 02:00:00,77615.0468091069,78051.31499462025,76759.63578134509,76759.63578134509,2913.3725696371607
2025-04-01 04:00:00,76759.63578134509,76835.87089690803,76759.63578134509,76801.82511430063,4296.129002348166
2025-04-01 06:00:00,76801.82511430063,77093.1691443982,76801.82511430063,77050.2765105859,2051.230968307241
2025-04-01 08:00:00,77050.2765105859,77288.5354456468,77050.2765105859,77281.38823258955,4085.5828159856496
2025-04-01 10:00:00,77281.38823258955,77365.55088752972,77050.80344437713,77050.80344437713,1947.958219230957
2025-04-01 12:00:00,77050.80344437713,77224.50489676405,77050.80344437713,77126.04646621255,1670.6113898984215
2025-04-01 14:00:00,77126.04646621255,78331.21905171042,77126.04646621255,78148.93624571254,1534.547205468786
2025-04-01 16:00:00,78148.93624571254,78585.61356219358,78034.07429458895,78585.61356219358,2110.581329641297
2025-04-01 18:00:00,78585.61356219358,78585.61356219358,78067.6867689526,78221.46645837782,4141.802102636589
2025-04-01 20:00:00,78221.46645837782,78565.05543323049,78176.4558863792,78565.05543323049,3520.822810439282
2025-04-01 22:00:00,78565.05543323049,78565.05543323049,78072.73823814097,78260.91971334408,4090.317847355641
2025-04-02 00:00:00,78459.43537985987,78631.81020093213,78356.78339976812,78483.75253690743,5719.688238736819
2025-04-02 02:00:00,78483.75253690743,78517.67130762906,78152.99322878875,78180.7410372545,5357.355416667993
2025-04-02 04:00:00,78180.7410372545,78327.08425964766,78077.89315996601,78251.03915054406,4905.967530767773
2025-04-02 06:00:00,78251.03915054406,78277.26549890956,77947.75694911492,78004.65240860959,6508.4376977934
2025-04-02 08:00:00,78004.65240860959,78016.62885325386,77864.06016872195,77879.18351653787,2808.9454595526277
2025-04-02 10:00:00,77879.18351653787,78261.70091075305,77713.99092104902,78066.09446148515,2640.5560786320475
2025-04-02 12:00:00,78066.09446148515,78139.17831208649,78017.61367027694,78102.37037535335,3530.99289916123
2025-04-02 14:00:00,78102.37037535335,78141.41930680747,77841.08031650395,77944.87512696888,4382.346195937981
2025-04-02 16:00:00,77944.87512696888,78152.20066708392,77797.4737356378,78049.11597966636,2571.8883235896033
2025-04-02 18:00:00,78049.11597966636,78216.28371161198,77001.06399734509,77420.12820840656,3889.2705179789327
2025-04-02 20:00:00,77420.12820840656,77447.91457209527,77100.17394742573,77274.90920371856,2260.4104238877117
2025-04-02 22:00:00,77274.90920371856,77550.98927420434,76878.17040248803,76968.31141365145,6264.686649795653
2025-04-03 00:00:00,76952.3871556979,77344.6558667253,76928.76566666726,77204.79014746919,3758.827178909208
2025-04-03 02:00:00,77204.79014746919,77313.11903499006,77041.14002627,77138.88054039923,2129.857930999383
2025-04-03 04:00:00,77138.88054039923,77275.69456005383,77108.19231310436,77220.83254957596,1970.0098264327305
2025-04-03 06:00:00,77220.83254957596,77367.73211909605,77208.47554960685,77367.73211909605,2598.1456027264153
2025-04-03 08:00:00,77367.73211909605,77367.73211909605,77055.29473262031,77059.16953550548,3157.5647851719896
2025-04-03 10:00:00,77059.16953550548,77116.57238292739,76870.82303038823,76931.70401188005,5010.1621033019155
2025-04-03 12:00:00,76931.70401188005,77276.90350454222,76870.82303038823,77149.42158415375,2266.9736480133765
2025-04-03 14:00:00,77149.42158415375,77226.04847115706,77148.85493917197,77205.98750822345,2924.221590949557
2025-04-03 16:00:00,77205.98750822345,77345.01563467814,77079.95483344272,77345.01563467814,5136.419435929383
2025-04-03 18:00:00,77345.01563467814,77345.01563467814,77300.16952804082,77342.3857318785,3643.428535642978
2025-04-03 20:00:00,77342.3857318785,77403.48503084289,77322.36590942302,77403.48503084289,2755.5983805149103
2025-04-03 22:00:00,77403.48503084289,77403.48503084289,77223.56930026317,77277.81239390296,5485.724160922366
2025-04-04 00:00:00,77526.75645568884,77823.61527598677,77413.42496812766,77823.61527598677,15189.565491832958
2025-04-04 02:00:00,77823.61527598677,78185.87001242438,77811.93328134876,78185.87001242438,30729.38942180132
2025-04-04 04:00:00,78185.87001242438,78185.87001242438,77685.54762977478,77777.13518826864,23441.82610827333
2025-04-04 06:00:00,77777.13518826864,77887.75240801371,77719.86582268945,77887.75240801371,33886.473701340015
2025-04-04 08:00:00,77887.75240801371,77887.75240801371,76668.5437903954,76935.86950909613,12500.514594166525
2025-04-04 10:00:00,76935.86950909613,77030.42823916051,75588.52641801005,75588.52641801005,31139.08838404535
2025-04-04 12:00:00,75588.52641801005,75691.5462866729,74391.59105209801,74391.59105209801,16143.317338760677
2025-04-04 14:00:00,74391.59105209801,74478.05854452895,74391.59105209801,74433.4763129672,15669.091918218915
2025-04-04 16:00:00,74433.4763129672,74576.64413619344,74073.1769741746,74073.1769741746,21042.12699765248
2025-04-04 18:00:00,74073.1769741746,74992.94412970141,74073.1769741746,74776.60851099482,33030.1339125563
2025-04-04 20:00:00,74776.60851099482,75101.38809711633,74776.60851099482,75031.36845426803,33731.842701044894
2025-04-04 22:00:00,75031.36845426803,76368.49721056811,75031.36845426803,76168.17897418712,30559.350679807492
2025-04-05 00:00:00,76119.66668086406,76262.10437867147,75569.93848629866,75569.93848629866,6531.557374160205
2025-04-05 02:00:00,75569.93848629866,75673.7546916179,75569.93848629866,75649.91600102556,2755.4184636974355
2025-04-05 04:00:00,75649.91600102556,75682.54623070185,75494.25950255334,75494.25950255334,6085.7433077333135
2025-04-05 06:00:00,75494.25950255334,76051.31257705255,75494.25950255334,76007.58237606859,2376.7747204512416
2025-04-05 08:00:00,76007.58237606859,76112.42344917721,75737.02409407607,75737.02409407607,5016.302745993368
2025-04-05 10:00:00,75737.02409407607,75792.5244018441,75737.02409407607,75749.92340521456,3895.254718210347
2025-04-05 12:00:00,75749.92340521456,76214.99077338327,75749.92340521456,76094.89413393685,2845.1540186309253
2025-04-05 14:00:00,76094.89413393685,76521.19672352183,76052.32716138104,76459.48017090549,6870.654263672669
2025-04-05 16:00:00,76459.48017090549,76648.52054496742,76169.10047516518,76172.20669044301,6798.718002007423
2025-04-05 18:00:00,76172.20669044301,76592.48411372124,76039.22539220288,76458.13968786187,3048.9374139320676
2025-04-05 20:00:00,76458.13968786187,76900.48701082129,76318.81026027365,76732.54311826278,5796.383169488012
2025-04-05 22:00:00,76732.54311826278,77201.27893443793,76558.71486685726,77123.15709718909,7038.572849600506
2025-04-06 00:00:00,77103.26570391227,77135.10519725626,76430.57810659752,76618.30698590392,4582.417128629113
2025-04-06 02:00:00,76618.30698590392,76701.16245786515,76427.19234386711,76528.22343184151,5263.992492622907
2025-04-06 04:00:00,76528.22343184151,76535.80701472033,76342.17460034271,76425.48847762878,8173.339450386933
2025-04-06 06:00:00,76425.48847762878,76758.69370256107,76323.94107414228,76711.56017787942,5409.554797895664
2025-04-06 08:00:00,76711.56017787942,76728.70661126333,76556.4070539954,76594.07056700304,5321.720462322352
2025-04-06 10:00:00,76594.07056700304,76690.0155990606,76276.50887940434,76380.46492917009,9077.076391749328
2025-04-06 12:00:00,76380.46492917009,76560.50392202799,75722.94820277991,75726.70278467253,7600.4761405887075
2025-04-06 14:00:00,75726.70278467253,76212.69987601535,75578.01088656702,76058.72783463523,8472.746020132789
2025-04-06 16:00:00,76058.72783463523,76075.65210838304,76005.0479279758,76022.95296678811,5360.0400973474725
2025-04-06 18:00:00,76022.95296678811,76316.22882607814,75591.20125175138,75901.1619252095,5797.345575854356
2025-04-06 20:00:00,75901.1619252095,76140.37268846562,75849.28704889979,75965.68927071379,9533.579369077062
2025-04-06 22:00:00,75965.68927071379,76148.09663171977,75535.46529021216,75541.27337850875,6020.022620840592
2025-04-07 00:00:00,75375.42264043995,82714.87324264363,75173.91864455181,82714.87324264363,7093.965012003057
2025-04-07 02:00:00,82714.87324264363,82714.87324264363,68543.7264198107,68543.7264198107,3604.3332121099124
2025-04-07 04:00:00,68543.7264198107,79424.01361972149,68543.7264198107,79424.01361972149,5748.400522922343
2025-04-07 06:00:00,79424.01361972149,79424.01361972149,43456.91092002509,43456.91092002509,4131.61691635756
2025-04-07 08:00:00,43456.91092002509,46016.696104878996,33960.01962222474,33960.01962222474,4047.3717536364184
2025-04-07 10:00:00,33960.01962222474,46327.952078448856,33960.01962222474,43553.09797627374,5233.423579457642
2025-04-07 12:00:00,43553.09797627374,57635.89837625099,43553.09797627374,54567.219154361206,5619.881230615779
2025-04-07 14:00:00,54567.219154361206,70268.4509019392,54567.219154361206,65685.78739340988,3506.4060172316545
2025-04-07 16:00:00,65685.78739340988,83488.20437288265,65685.78739340988,83488.20437288265,4234.157046625012
2025-04-07 18:00:00,83488.20437288265,83488.20437288265,71465.18348962601,71465.18348962601,6059.390729885895
2025-04-07 20:00:00,71465.18348962601,75982.16966739144,58363.757579694626,58363.757579694626,6351.774000246115
2025-04-07 22:00:00,58363.757579694626,59409.37538942074,51594.673973617464,51594.673973617464,5842.216958917024
2025-04-08 00:00:00,73871.55763197251,74126.79120933429,73693.96599780105,74126.79120933429,4201.961065458601
2025-04-08 02:00:00,74126.79120933429,74242.06837877259,74042.30005690867,74242.06837877259,9119.074697596232
2025-04-08 04:00:00,74242.06837877259,75496.1730017842,73722.45161808068,75496.1730017842,9552.493890615791
2025-04-08 06:00:00,75496.1730017842,75496.1730017842,75061.75051213824,75188.58352424794,3618.786025104078
2025-04-08 08:00:00,75188.58352424794,75418.16315758991,75114.05076723073,75418.16315758991,4721.418230468921
2025-04-08 10:00:00,75418.16315758991,75418.16315758991,75188.27758180661,75212.81783763212,4728.031582190868
2025-04-08 12:00:00,75212.81783763212,75423.4123875905,75211.45872010486,75423.4123875905,6310.417624809315
2025-04-08 14:00:00,75423.4123875905,75423.4123875905,72554.61049668945,72761.38400089428,6794.38780468219
2025-04-08 16:00:00,72761.38400089428,73016.35355660535,72490.78184194208,72490.78184194208,3933.138258378567
2025-04-08 18:00:00,72490.78184194208,72796.26012268638,72490.78184194208,72611.9158878642,8192.956115384251
2025-04-08 20:00:00,72611.9158878642,72791.16722540924,72554.61049668945,72724.2236745,9386.942825044229
2025-04-08 22:00:00,72724.2236745,72958.88349700147,72592.94846481492,72854.43752191421,6629.789676613092
2025-04-09 00:00:00,73039.23194030894,73733.03406602817,68383.04143694435,68383.04143694435,13472.403816944567
2025-04-09 02:00:00,68383.04143694435,68621.02326102293,68383.04143694435,68583.31801797966,13250.59973494814
2025-04-09 04:00:00,68583.31801797966,71403.28239147567,63187.52467033883,63187.52467033883,8286.51665227514
2025-04-09 06:00:00,63187.52467033883,68657.25866024065,63187.52467033883,67510.76552901359,24523.521492192212
2025-04-09 08:00:00,67510.76552901359,68438.79821166028,67510.76552901359,68313.35376082275,24358.319158739414
2025-04-09 10:00:00,68313.35376082275,77000.52963395118,68313.35376082275,76780.60184790345,18939.40299560195
2025-04-09 12:00:00,76780.60184790345,76985.83993918361,73525.34781222421,74141.40069745184,14413.083375010081
2025-04-09 14:00:00,74141.40069745184,74585.64877348286,72513.87404514788,72513.87404514788,21454.930535121614
2025-04-09 16:00:00,72513.87404514788,73862.84691745833,65167.458723748554,65167.458723748554,19367.093747344792
2025-04-09 18:00:00,65167.458723748554,68358.03570556169,65167.458723748554,67773.81230604804,16960.91522877044
2025-04-09 20:00:00,67773.81230604804,75238.19413745428,67773.81230604804,73960.11416933435,12463.677089692475
2025-04-09 22:00:00,73960.11416933435,75587.6513182309,73376.06456104033,74994.10142696918,21921.49670978935
2025-04-10 00:00:00,76744.58338758815,76766.33659763311,76654.56455089437,76705.61861006629,4332.300056578056
2025-04-10 02:00:00,76705.61861006629,77312.97815416892,75407.9518722399,75506.08770856551,4793.244784340118
2025-04-10 04:00:00,75506.08770856551,75668.39835609474,74667.63105864316,74667.63105864316,8675.734311433916
2025-04-10 06:00:00,74667.63105864316,74907.39827646049,73881.71678010195,73881.71678010195,5703.667962718157
2025-04-10 08:00:00,73881.71678010195,73965.68893289412,73753.99261791943,73753.99261791943,8007.2848033387145
2025-04-10 10:00:00,73753.99261791943,74547.1737324018,73753.99261791943,74300.17285138271,3289.2652865513014
2025-04-10 12:00:00,74300.17285138271,74928.44417448287,74300.17285138271,74868.74228453972,8119.844510828439
2025-04-10 14:00:00,74868.74228453972,75245.04650977717,74868.74228453972,75077.58567088636,4505.484645378193
2025-04-10 16:00:00,75077.58567088636,75533.49080508508,73998.0738966293,73998.0738966293,4902.335558780165
2025-04-10 18:00:00,73998.0738966293,76125.90209543341,73998.0738966293,75518.41496671655,6040.129876660914
2025-04-10 20:00:00,75518.41496671655,76007.79568681683,74391.98540168679,74391.98540168679,7544.454175835731
2025-04-10 22:00:00,74391.98540168679,75710.51667949291,74391.98540168679,75512.96898765658,8922.963118448364
2025-04-11 00:00:00,75711.1001814485,76744.47112286328,75594.8256364195,76667.23922331382,5356.685841788999
2025-04-11 02:00:00,76667.23922331382,77532.38781703598,76344.56338248227,77532.38781703598,8666.004917031929
2025-04-11 04:00:00,77532.38781703598,78413.79186373853,77382.91238173362,78413.79186373853,5845.7848111606545
2025-04-11 06:00:00,78413.79186373853,78767.10218914313,78409.86900717243,78767.10218914313,3773.8219553812332
2025-04-11 08:00:00,78767.10218914313,78767.10218914313,78734.15976949692,78746.54639553481,4340.907226801486
2025-04-11 10:00:00,78746.54639553481,78746.54639553481,77105.0397346285,77570.61998488985,6715.113828187225
2025-04-11 12:00:00,77570.61998488985,77570.61998488985,76826.87638929774,76846.79262513423,8306.198279109232
2025-04-11 14:00:00,76846.79262513423,76846.79262513423,76655.23283147316,76824.37075074094,8248.890930784119
2025-04-11 16:00:00,76824.37075074094,77664.82445374361,76668.03854009169,77664.82445374361,8482.393175981111
2025-04-11 18:00:00,77664.82445374361,77664.82445374361,77338.00023675546,77430.90607908617,5272.391693068936
2025-04-11 20:00:00,77430.90607908617,77430.90607908617,75543.4586843145,76233.30282669693,6668.638603442288
2025-04-11 22:00:00,76233.30282669693,76656.85227058797,76168.15563421579,76628.62321936378,6704.851811805675
2025-04-12 00:00:00,76496.5314903919,76686.54252285186,76446.82012532605,76666.48042207233,5186.824249336835
2025-04-12 02:00:00,76666.48042207233,77079.16638479359,76495.67143847057,76957.11176183536,3088.6330288066515
2025-04-12 04:00:00,76957.11176183536,77027.51401188235,76805.1888983005,76871.33688298841,5278.934191355304
2025-04-12 06:00:00,76871.33688298841,76982.04296615982,76795.88761074797,76862.67123821792,5962.083689051504
2025-04-12 08:00:00,76862.67123821792,77015.79581816205,76802.75318073914,76948.52478439274,5858.923776188152
2025-04-12 10:00:00,76948.52478439274,76970.97736112605,76330.2953978636,76356.63413281128,3128.8811304262244
2025-04-12 12:00:00,76356.63413281128,76743.7646952255,76235.40151962252,76605.72976123437,6933.314904369756
2025-04-12 14:00:00,76605.72976123437,76848.69579267,76573.17769571024,76795.00472829051,7835.811625465504
2025-04-12 16:00:00,76795.00472829051,76988.43304583221,76768.68965452276,76927.71483868106,3539.514599182753
2025-04-12 18:00:00,76927.71483868106,77400.24684709116,76795.34498050864,77263.59332045513,3735.582308712939
2025-04-12 20:00:00,77263.59332045513,77424.33781187196,77037.733072041,77122.086928502,5578.726663961958
2025-04-12 22:00:00,77122.086928502,77399.96320591439,76970.34543417612,77246.36131249914,6180.970060999587
2025-04-13 00:00:00,76965.58657296974,77812.58549420629,76838.60655158252,77557.82587084296,2973.336978160862
2025-04-13 02:00:00,77557.82587084296,77934.85595337984,77442.79155000132,77701.1037645899,4828.54284101656
2025-04-13 04:00:00,77701.1037645899,78029.95653348928,76838.60655158252,76933.1146761044,4407.835474167366
2025-04-13 06:00:00,76933.1146761044,77876.65716511421,76850.87619874044,77762.13477709923,3999.1963273352267
2025-04-13 08:00:00,77762.13477709923,77885.96859059011,77409.17718294087,77457.64340053053,4153.215600687732
2025-04-13 10:00:00,77457.64340053053,77500.98059076742,77455.73887283899,77474.87870512968,4180.1961366013875
2025-04-13 12:00:00,77474.87870512968,78293.77321234682,77201.26629488199,78064.78540734308,7445.123665424635
2025-04-13 14:00:00,78064.78540734308,78346.92240061058,78048.39636814354,78154.30581443472,2894.209376992663
2025-04-13 16:00:00,78154.30581443472,79311.39444594122,77903.35107456325,79252.1011461564,3048.796551608243
2025-04-13 18:00:00,79252.1011461564,79667.17358238061,78949.28884705869,79667.17358238061,7610.68396873016
2025-04-13 20:00:00,79667.17358238061,79667.17358238061,79244.09129231697,79357.23453240702,6994.940257067776
2025-04-13 22:00:00,79357.23453240702,79540.96692021847,79298.81219945908,79417.3677798255,7729.104802760645
2025-04-14 00:00:00,79545.42940925693,80868.72351453608,79384.66282703199,80868.72351453608,1986.1695129151453
2025-04-14 02:00:00,80868.72351453608,81271.85763023855,80816.7494590907,81271.85763023855,1810.5706036019997
2025-04-14 04:00:00,81271.85763023855,82800.29016431127,80986.11680832025,82800.29016431127,3541.1005200519876
2025-04-14 06:00:00,82800.29016431127,85773.6465914516,82264.21158305554,85773.6465914516,1975.440205185472
2025-04-14 08:00:00,85773.6465914516,85773.6465914516,80773.72917238234,81223.66685130876,1884.9900271810397
2025-04-14 10:00:00,81223.66685130876,82002.98910378884,81076.04187884596,82002.98910378884,3149.2963934490413
2025-04-14 12:00:00,82002.98910378884,82002.98910378884,78432.0219243078,78432.0219243078,4188.115622432357
2025-04-14 14:00:00,78432.0219243078,78842.9794951507,77697.63028877148,77697.63028877148,3655.2158612481257
2025-04-14 16:00:00,77697.63028877148,77815.33210630695,76964.08347715386,76964.08347715386,4171.2536741177
2025-04-14 18:00:00,76964.08347715386,79842.69598127944,76964.08347715386,79312.4192074391,3127.8201497852156
2025-04-14 20:00:00,79312.4192074391,79335.20250394751,78796.22066385938,78796.22066385938,2877.26014578034
2025-04-14 22:00:00,78796.22066385938,79933.66327017739,78796.22066385938,79803.86594722021,3761.445818089142
2025-04-15 00:00:00,79887.22071593869,80277.90323986213,79864.95191240343,80275.51407782691,5199.860844991648
2025-04-15 02:00:00,80275.51407782691,80540.40668264353,80209.68515280726,80442.69165605784,2887.459684497257
2025-04-15 04:00:00,80442.69165605784,80443.5029648267,80378.13226973369,80392.00493963358,3257.373449837293
2025-04-15 06:00:00,80392.00493963358,80548.4784318659,80288.00558761715,80531.34666201261,6313.071686038732
2025-04-15 08:00:00,80531.34666201261,80794.775636488,80456.5241371112,80754.39380968263,6403.973102523613
2025-04-15 10:00:00,80754.39380968263,81834.51398801336,80751.82062758638,81352.6184235013,6243.129181946208
2025-04-15 12:00:00,81352.6184235013,81475.87163318902,81315.10709388822,81396.46362435522,5113.700075176643
2025-04-15 14:00:00,81396.46362435522,81489.3646412267,81352.97167398284,81411.90971247236,3139.1426062371984
2025-04-15 16:00:00,81411.90971247236,81873.63109835629,81343.70470557894,81712.39932729663,6014.25319985131
2025-04-15 18:00:00,81712.39932729663,81896.30075972345,81383.72436926214,81882.4389231516,3573.29084806842
2025-04-15 20:00:00,81882.4389231516,81896.30075972345,81665.0896185325,81748.46041452915,2777.5037782205504
2025-04-15 22:00:00,81748.46041452915,81890.49355770071,81503.09502059959,81652.45543156243,7571.6915617552395
2025-04-16 00:00:00,82130.36556536226,82393.75462178362,81944.4662720326,82393.75462178362,4908.733746812303
2025-04-16 02:00:00,82393.75462178362,82393.75462178362,82216.46097497185,82247.74186369602,2836.121279610247
2025-04-16 04:00:00,82247.74186369602,82547.46460637322,82117.73393355854,82547.46460637322,2820.7899160002926
2025-04-16 06:00:00,82547.46460637322,82738.19994702892,82473.1970018136,82738.19994702892,3447.45998317386
2025-04-16 08:00:00,82738.19994702892,82738.19994702892,82218.69489103592,82327.85965102285,4379.43159963801
2025-04-16 10:00:00,82327.85965102285,82390.11577130124,82086.7995616009,82238.28530141636,2275.2613909311285
2025-04-16 12:00:00,82238.28530141636,82317.43818174793,82125.5700849104,82203.5150590626,3029.30658033968
2025-04-16 14:00:00,82203.5150590626,82390.11577130124,81584.8959793316,81584.8959793316,4896.219220105292
2025-04-16 16:00:00,81584.8959793316,82390.11577130124,81584.8959793316,82063.60983500745,3078.4603425337227
2025-04-16 18:00:00,82063.60983500745,82106.6399535094,82023.98512180187,82077.75934029832,3595.495523516477
2025-04-16 20:00:00,82077.75934029832,82227.67266810835,81952.86428029521,82192.63696867958,5108.276932944234
2025-04-16 22:00:00,82192.63696867958,82359.16120879799,82166.98908399178,82322.38861955085,3320.2211629607664
2025-04-17 00:00:00,82337.56733124264,82470.66788432546,82275.09111458255,82339.49960073855,2379.187149046146
2025-04-17 02:00:00,82339.49960073855,82502.9142711258,82275.09111458255,82306.80490364858,4288.73302929462
2025-04-17 04:00:00,82306.80490364858,82508.17846816899,82275.09111458255,82344.25957008831,4227.716084326181
2025-04-17 06:00:00,82344.25957008831,82356.62928976872,82275.09111458255,82333.14790057343,4462.717889200349
2025-04-17 08:00:00,82333.14790057343,82559.45720381668,82275.09111458255,82559.45720381668,3416.4331573786394
2025-04-17 10:00:00,82559.45720381668,82588.9594575429,82511.28339589584,82588.9594575429,1736.9896607079304
2025-04-17 12:00:00,82588.9594575429,82588.9594575429,82555.50923377651,82557.37013580692,3277.3737567441535
2025-04-17 14:00:00,82557.37013580692,82866.78744531474,82340.37747061653,82866.78744531474,2387.519417924425
2025-04-17 16:00:00,82866.78744531474,82866.78744531474,82543.89866761185,82639.64716703426,4183.570756551127
2025-04-17 18:00:00,82639.64716703426,82657.98922492246,82581.1807291938,82657.98922492246,3894.903941763297
2025-04-17 20:00:00,82657.98922492246,82657.98922492246,82604.86842304585,82608.23539032307,2822.7042702586596
2025-04-17 22:00:00,82608.23539032307,82608.23539032307,82441.09522107344,82470.24018617083,3938.5130200637764
2025-04-18 00:00:00,82418.25862426027,82610.1385348656,81440.892124625,81440.892124625,3071.4124697293105
2025-04-18 02:00:00,81440.892124625,83650.09641281201,81440.892124625,83180.0928412225,4709.5071400711095
2025-04-18 04:00:00,83180.0928412225,85495.91855193129,83089.59495869552,85495.91855193129,3844.5221333741724
2025-04-18 06:00:00,85495.91855193129,85495.91855193129,82995.71865303013,83388.51691392814,2367.036404098357
2025-04-18 08:00:00,83388.51691392814,84263.51670138458,83073.16006144857,84263.51670138458,5027.158566339207
2025-04-18 10:00:00,84263.51670138458,85146.6504130213,83894.66738343923,85146.6504130213,3071.2735958681437
2025-04-18 12:00:00,85146.6504130213,85146.6504130213,82993.77185194092,83586.23557907846,4584.402170290072
2025-04-18 14:00:00,83586.23557907846,83858.72322147837,83461.79623446825,83858.72322147837,5163.674720773972
2025-04-18 16:00:00,83858.72322147837,84335.47984395508,83705.95936997108,84335.47984395508,3827.889605870318
2025-04-18 18:00:00,84335.47984395508,84335.47984395508,83374.66619097782,83621.14446563419,5449.473781391927
2025-04-18 20:00:00,83621.14446563419,84117.50467977715,83456.69781720986,84117.50467977715,5489.6990619260105
2025-04-18 22:00:00,84117.50467977715,84117.50467977715,83202.40584902377,83310.90567225132,3637.983754710047
2025-04-19 00:00:00,83571.66155856635,83756.65407493149,83549.0156786262,83739.44302505054,3957.3616529907804
2025-04-19 02:00:00,83739.44302505054,83839.11917903023,83518.89398891744,83617.38892514701,3711.0464285485045
2025-04-19 04:00:00,83617.38892514701,83686.1686149745,83567.28795129029,83644.4456208521,7390.382219690223
2025-04-19 06:00:00,83644.4456208521,83803.0996644677,83484.63097516327,83788.09347507074,5189.161692803326
2025-04-19 08:00:00,83788.09347507074,83802.71890095754,83331.15426447162,83566.736340267,7314.956916353138
2025-04-19 10:00:00,83566.736340267,83835.65243007262,83454.97674079877,83726.27776272835,4366.577724532036
2025-04-19 12:00:00,83726.27776272835,84029.9112872678,83655.7256361154,83944.93368122332,6646.72319341935
2025-04-19 14:00:00,83944.93368122332,84135.09328457882,83888.38890044633,84069.62100983733,4816.213555162985
2025-04-19 16:00:00,84069.62100983733,84092.38433834362,84030.68489307738,84044.70903371328,5589.0800940366835
2025-04-19 18:00:00,84044.70903371328,84302.53551973744,83963.93881082277,84265.49645945869,7889.911307430704
2025-04-19 20:00:00,84265.49645945869,84543.50978665432,84211.60737822118,84468.60798178517,4055.597038567157
2025-04-19 22:00:00,84468.60798178517,84475.05131005392,84343.4401912222,84415.65704362089,4010.7939606569985
2025-04-20 00:00:00,84567.86956296588,84697.24465777393,84559.7731153849,84590.37026510104,3677.0755633107487
2025-04-20 02:00:00,84590.37026510104,84670.61167861488,84440.81505379193,84596.892292037,2776.669992651973
2025-04-20 04:00:00,84596.892292037,84740.9052099517,84546.7368096834,84613.76415654829,1933.228827799307
2025-04-20 06:00:00,84613.76415654829,84729.68842754725,84577.41957695442,84654.61687715739,2749.8589574468697
2025-04-20 08:00:00,84654.61687715739,84666.7540133153,84652.60444443926,84665.26783609157,2825.192363600542
2025-04-20 10:00:00,84665.26783609157,84756.18212629583,84408.09520746292,84677.44183710786,3532.9940804887906
2025-04-20 12:00:00,84677.44183710786,84717.37040113122,84620.97589641719,84677.94795072486,2089.078692755331
2025-04-20 14:00:00,84677.94795072486,84726.07242563981,84643.95882221857,84661.20926494752,2684.937036327514
2025-04-20 16:00:00,84661.20926494752,84755.09094028245,84521.43959716853,84677.73264589968,2473.0592873105747
2025-04-20 18:00:00,84677.73264589968,84699.1796485461,84657.97923424747,84671.91511400355,2390.8980422944887
2025-04-20 20:00:00,84671.91511400355,84802.59839055009,84594.3673880196,84679.08484920446,2947.1288398555616
2025-04-20 22:00:00,84679.08484920446,84807.88781547338,84443.27948835236,84723.5233397576,3560.21462463061
2025-04-21 00:00:00,85175.40824440548,85236.39806346585,85006.84354339386,85086.90880694393,6835.279358905303
2025-04-21 02:00:00,85086.90880694393,85165.0198111204,84914.91442035593,85031.95081469687,6461.302842926245
2025-04-21 04:00:00,85031.95081469687,85165.18001277883,84904.29160669121,85012.60686148232,3620.617894134593
2025-04-21 06:00:00,85012.60686148232,85153.79859419295,84945.15558013535,84980.96611373259,4454.49422410218
2025-04-21 08:00:00,84980.96611373259,85027.89416584985,84882.44640060532,84940.13676236675,3697.9590666902313
2025-04-21 10:00:00,84940.13676236675,85244.26188692993,84786.33092092292,84855.47148975567,6445.483071270105
2025-04-21 12:00:00,84855.47148975567,85142.69930471684,84777.39274612039,84967.05557264578,5522.033033697106
2025-04-21 14:00:00,84967.05557264578,85106.33879448764,84711.88950876232,85079.6508384956,7901.901617326327
2025-04-21 16:00:00,85079.6508384956,85235.96611567918,84946.76671866709,85102.99350739198,3858.115737638381
2025-04-21 18:00:00,85102.99350739198,85268.4216239851,84728.65673480438,84917.22302007959,5506.4197287801435
2025-04-21 20:00:00,84917.22302007959,84981.90832759973,84681.6574105103,84893.43240001323,3336.0629813469336
2025-04-21 22:00:00,84893.43240001323,85142.37255223207,84717.14752603053,84873.08810364844,3446.439310213551
2025-04-22 00:00:00,84707.72014559535,84931.70042949509,84451.72825781732,84487.9634610545,4304.731236789617
2025-04-22 02:00:00,84487.9634610545,84752.01697208076,84436.52659887463,84566.15711600403,3523.186783300493
2025-04-22 04:00:00,84566.15711600403,84628.42116861092,84464.8358152584,84469.81722446167,5271.734123317017
2025-04-22 06:00:00,84469.81722446167,84671.23682629211,84371.13819681191,84664.74229497033,5038.650128273791
2025-04-22 08:00:00,84664.74229497033,84715.44183153739,84664.18461420965,84708.71880168939,4313.607313103198
2025-04-22 10:00:00,84708.71880168939,85134.12103444619,84661.71278510295,85070.83726137121,4363.503477428336
2025-04-22 12:00:00,85070.83726137121,85675.87262300531,84862.82398995748,85470.77343271984,2773.583155135564
2025-04-22 14:00:00,85470.77343271984,86138.77731893717,85404.74422997369,85998.81733612667,3008.2208068205045
2025-04-22 16:00:00,85998.81733612667,86107.93858234114,85950.54944928062,86068.50612806159,2857.6670870463913
2025-04-22 18:00:00,86068.50612806159,86196.08219180391,85678.59264855931,85800.06050614927,4661.47493707845
2025-04-22 20:00:00,85800.06050614927,85938.26233316303,85761.80773567353,85819.64116724642,5506.082883758717
2025-04-22 22:00:00,85819.64116724642,85846.3090861727,85779.01612182448,85806.6742150973,4636.58923129596
2025-04-23 00:00:00,85599.58254927181,85630.97730383684,85580.42103951184,85603.74128363973,4221.821410923115
2025-04-23 02:00:00,85603.74128363973,85699.0880726884,85575.27427871409,85616.72515206663,4146.466224305955
2025-04-23 04:00:00,85616.72515206663,85748.38797854882,85501.18255704838,85628.0386217388,4035.7328173128562
2025-04-23 06:00:00,85628.0386217388,85896.15718466204,85554.05330265885,85864.64907609319,2649.017776427211
2025-04-23 08:00:00,85864.64907609319,85937.74124663214,85836.8943753387,85900.013591632,2718.4540875248163
2025-04-23 10:00:00,85900.013591632,85974.17183606345,85853.90027196503,85928.18843659724,2084.219988699967
2025-04-23 12:00:00,85928.18843659724,85961.62658734042,85827.0719743405,85888.99567540636,3621.3163634477933
2025-04-23 14:00:00,85888.99567540636,85907.4716795518,85734.97125062637,85814.87956060658,3886.7078128743774
2025-04-23 16:00:00,85814.87956060658,86127.23618178401,85653.53514215726,85979.9481080396,4089.0480527762516
2025-04-23 18:00:00,85979.9481080396,86133.72652859517,85955.46913264092,86054.72255581811,1930.6606644468939
2025-04-23 20:00:00,86054.72255581811,86215.81438071217,86004.40624141047,86154.41682314166,3706.889208631774
2025-04-23 22:00:00,86154.41682314166,86490.97611841619,86071.52974161196,86390.49195767626,2234.633590928285
2025-04-24 00:00:00,86954.30576411913,86967.59693537877,86340.12509313688,86343.85200713934,2474.335515277183
2025-04-24 02:00:00,86343.85200713934,86842.74500133845,86340.12509313688,86708.99085418147,1745.335572536805
2025-04-24 04:00:00,86708.99085418147,86800.96430450477,86575.39075516614,86683.19805749033,1798.1474586464028
2025-04-24 06:00:00,86683.19805749033,86909.88051851884,86394.70716733509,86565.37089860125,2218.1300632432344
2025-04-24 08:00:00,86565.37089860125,86601.36918219863,86061.13808233144,86061.13808233144,1656.248691191416
2025-04-24 10:00:00,86061.13808233144,86199.33780991865,85338.95275986497,85338.95275986497,1611.1363510040583
2025-04-24 12:00:00,85338.95275986497,86290.03107947188,85338.95275986497,85935.05233227096,1364.0051677683612
2025-04-24 14:00:00,85935.05233227096,86055.02023407232,85596.18577623302,85596.18577623302,2232.324662413742
2025-04-24 16:00:00,85596.18577623302,85698.04152719019,85596.18577623302,85678.1507323244,2409.3767994460777
2025-04-24 18:00:00,85678.1507323244,86449.4958062097,85678.1507323244,86304.94758391865,2053.7975122913
2025-04-24 20:00:00,86304.94758391865,86590.38950654645,86253.29717468123,86253.29717468123,2936.221880396768
2025-04-24 22:00:00,86253.29717468123,86465.089622282,86253.29717468123,86380.19418468297,3060.119055914563
2025-04-25 00:00:00,86801.34427595393,86871.0731156963,86791.81807933425,86833.57394756292,9004.782449925851
2025-04-25 02:00:00,86833.57394756292,86938.17802044316,86788.05271782388,86896.14254315433,8317.621312419653
2025-04-25 04:00:00,86896.14254315433,87203.66440369662,86871.67011287193,87169.06387135795,4974.095406408809
2025-04-25 06:00:00,87169.06387135795,87247.21651140688,87132.90787124232,87240.04981883177,6755.874533969933
2025-04-25 08:00:00,87240.04981883177,87354.98076032868,87158.28219202452,87345.91161109816,8641.93230106411
2025-04-25 10:00:00,87345.91161109816,87484.92589835948,87287.06748342315,87469.14711617115,5049.355271515506
2025-04-25 12:00:00,87469.14711617115,87476.66853031493,87448.38091407271,87458.5434329654,8319.143191773182
2025-04-25 14:00:00,87458.5434329654,87637.78107116802,86843.29204376701,87143.05635224804,3621.1624491471694
2025-04-25 16:00:00,87143.05635224804,87344.33705510458,87050.75464086799,87302.09842735562,5568.470149238917
2025-04-25 18:00:00,87302.09842735562,87454.77005495543,87204.05632465563,87433.49353740679,5173.196253784866
2025-04-25 20:00:00,87433.49353740679,87451.5917382645,87248.47019546515,87381.79582139518,9386.969656918927
2025-04-25 22:00:00,87381.79582139518,87386.123229012,87342.62869586195,87361.37071101512,6707.50508286958
2025-04-26 00:00:00,87124.5017147574,87577.0117028502,86979.12244275046,87394.85460690322,3391.5659404491225
2025-04-26 02:00:00,87394.85460690322,87894.04726729519,87163.80466372792,87868.7391597987,4126.486608025298
2025-04-26 04:00:00,87868.7391597987,87894.04726729519,87520.1039184186,87672.42363961693,2356.7560393437616
2025-04-26 06:00:00,87672.42363961693,87765.27269602113,87347.0863186644,87489.98453261536,2875.564427137498
2025-04-26 08:00:00,87489.98453261536,87585.73107224957,87275.10588428943,87453.94634162352,3222.2107650692883
2025-04-26 10:00:00,87453.94634162352,87646.39767973058,87406.03165448338,87486.59121862904,2013.448784363931
2025-04-26 12:00:00,87486.59121862904,87767.85449014825,87323.83860553458,87629.09304849677,2218.1961555362864
2025-04-26 14:00:00,87629.09304849677,87629.24462104561,87613.78211663522,87618.72670062508,3928.8506256926757
2025-04-26 16:00:00,87618.72670062508,87789.69503650776,87526.49557094651,87571.68184821734,4393.456007566427
2025-04-26 18:00:00,87571.68184821734,87747.75756384293,87127.2434927702,87396.45631246181,2320.75444627738
2025-04-26 20:00:00,87396.45631246181,87647.51793188274,87389.72919136849,87623.01330300962,4749.709797479103
2025-04-26 22:00:00,87623.01330300962,87880.71510074468,87345.10919359233,87753.01810088422,3358.004703269085
2025-04-27 00:00:00,88001.71596622266,88140.14052787889,87873.55537860491,87961.05669640377,2731.4284501073357
2025-04-27 02:00:00,87961.05669640377,88256.33136456533,87958.58414928679,88117.99618951979,3422.629128778431
2025-04-27 04:00:00,88117.99618951979,88478.16724182772,88040.25573316184,88338.28312167851,4876.614674131813
2025-04-27 06:00:00,88338.28312167851,88790.42838016026,88148.88739773519,88767.27021560444,4578.363412040275
2025-04-27 08:00:00,88767.27021560444,89036.8821294214,88457.62942161979,88548.46461213318,6204.383678176634
2025-04-27 10:00:00,88548.46461213318,88836.30407110538,88023.3206742124,88308.04678305941,3954.4857091717445
2025-04-27 12:00:00,88308.04678305941,88470.30434642409,88296.33029343587,88370.50354958783,5242.093287810704
2025-04-27 14:00:00,88370.50354958783,88611.6473297866,88147.59820347256,88497.47487619633,4186.3225584161255
2025-04-27 16:00:00,88497.47487619633,89054.45890677386,88450.05208348414,88955.4785380208,5986.042429329638
2025-04-27 18:00:00,88955.4785380208,88973.83825419695,88770.29415374862,88837.93516015474,2617.705187466183
2025-04-27 20:00:00,88837.93516015474,89005.58058912231,88790.51178540441,88953.08981692964,4552.963070143614
2025-04-27 22:00:00,88953.08981692964,89653.33993943986,88909.57391802433,89500.18087439449,5548.566645905779
2025-04-28 00:00:00,89478.02569699644,89634.46269082182,89441.92872748978,89576.84748182818,4425.598398276061
2025-04-28 02:00:00,89576.84748182818,89605.22546555808,89458.8747675795,89498.84958988297,3224.777980440089
2025-04-28 04:00:00,89498.84958988297,89702.31565333344,89489.83813810458,89662.83115986852,3236.5955817476533
2025-04-28 06:00:00,89662.83115986852,89837.93617578698,89490.58614320829,89539.55801159766,4969.216290480936
2025-04-28 08:00:00,89539.55801159766,90356.34575407463,89302.31221095668,90093.39827669629,2447.77395118154
2025-04-28 10:00:00,90093.39827669629,90133.68476099905,89868.625147222,89869.02101945326,3121.9606968933435
2025-04-28 12:00:00,89869.02101945326,90009.98089596252,89849.09213581977,89937.84424668078,5216.496123838402
2025-04-28 14:00:00,89937.84424668078,89975.52011650508,89923.0173201157,89952.90314042411,4239.854012456906
2025-04-28 16:00:00,89952.90314042411,90018.80491315917,89770.93624652867,89819.18327781321,4144.905598073974
2025-04-28 18:00:00,89819.18327781321,89838.31394006252,89695.81615909256,89696.44362147483,4373.386447770701
2025-04-28 20:00:00,89696.44362147483,90000.6869574639,89669.14733697817,89870.02313500541,3196.7716663971937
2025-04-28 22:00:00,89870.02313500541,89977.94269671451,89855.90117323473,89928.04140084748,2987.343179221619
2025-04-29 00:00:00,89287.17594948015,90019.03664599979,89187.81215872105,89966.37942449986,2486.9294223294423
2025-04-29 02:00:00,89966.37942449986,91552.19925823667,84330.100341229,84330.100341229,3930.0130274765042
2025-04-29 04:00:00,84330.100341229,85782.05119373841,81299.70790704396,81299.70790704396,5275.151986838406
2025-04-29 06:00:00,81299.70790704396,91552.19925823667,81299.70790704396,91304.2924031977,2417.2964903868856
2025-04-29 08:00:00,91304.2924031977,91552.19925823667,84859.07427287732,84859.07427287732,5861.222009254867
2025-04-29 10:00:00,84859.07427287732,90612.32707335801,72508.66111567405,72508.66111567405,4019.5151696345897
2025-04-29 12:00:00,72508.66111567405,75760.1346492342,64627.798920363675,64627.798920363675,3138.1839902565703
2025-04-29 14:00:00,64627.798920363675,69257.08958567803,64627.798920363675,68554.82445086849,4176.745849676386
2025-04-29 16:00:00,68554.82445086849,69822.09373238924,65806.49380336517,65806.49380336517,5879.141877334157
2025-04-29 18:00:00,65806.49380336517,66570.75490519307,63988.824130299945,63988.824130299945,4992.2104543525
2025-04-29 20:00:00,63988.824130299945,74046.52848914434,63988.824130299945,72233.10594833705,5348.354116025009
2025-04-29 22:00:00,72233.10594833705,91552.19925823667,72233.10594833705,86091.32447714076,5841.540233914822
2025-04-30 00:00:00,91459.57108172814,91578.90417492513,91252.50505953311,91257.96534591648,4773.505340928903
2025-04-30 02:00:00,91257.96534591648,91298.79996895166,91241.7099832272,91279.3544745947,4951.135998517242
2025-04-30 04:00:00,91279.3544745947,91601.85114081854,91196.86410500469,91576.15014915573,5306.472661809097
2025-04-30 06:00:00,91576.15014915573,91697.6158254996,91098.33761433278,91214.83697950095,5242.951363814276
2025-04-30 08:00:00,91214.83697950095,91376.26647933465,91021.0351220097,91166.2301413501,5320.607260338974
2025-04-30 10:00:00,91166.2301413501,91222.08315580002,91132.19592746488,91135.62361545271,2796.4179284082306
2025-04-30 12:00:00,91135.62361545271,91189.7092070175,90997.12431042203,91003.5679374278,2073.943409867556
2025-04-30 14:00:00,91003.5679374278,91249.75128922153,90997.12431042203,91208.04711452553,2985.03764709872
2025-04-30 16:00:00,91208.04711452553,91451.4564422287,91128.63930571674,91431.86955259506,2351.8591658815417
2025-04-30 18:00:00,91431.86955259506,91450.14673561965,91074.95730078095,91125.87947664634,2889.873715568707
2025-04-30 20:00:00,91125.87947664634,91160.6863686766,91052.40846236282,91084.1396952769,5230.099179339014
2025-04-30 22:00:00,91084.1396952769,91109.46259116293,90997.12431042203,91069.27247454676,4923.790553724372
2025-05-01 00:00:00,91017.73133881991,91183.50857998416,90918.44134860195,90960.55748671936,7230.358470110323
2025-05-01 02:00:00,90960.55748671936,91176.61679515673,90805.66891800612,91029.85357791654,8003.902895745845
2025-05-01 04:00:00,91029.85357791654,91147.88477263723,91009.60058548015,91072.73416002818,7784.609554323016
2025-05-01 06:00:00,91072.73416002818,91235.18138427388,91011.35759006624,91165.23100928075,10080.627396781736
2025-05-01 08:00:00,91165.23100928075,91281.21630391109,91024.87536625589,91281.21630391109,10494.176330741675
2025-05-01 10:00:00,91281.21630391109,91485.55459906213,91235.5839741768,91485.55459906213,7251.572024133432
2025-05-01 12:00:00,91485.55459906213,91485.55459906213,91260.53965858069,91348.10890740044,8729.163599111378
2025-05-01 14:00:00,91348.10890740044,91348.10890740044,91176.04042874118,91178.80095632652,8432.106902524876
2025-05-01 16:00:00,91178.80095632652,91204.74409669593,91066.52804171824,91142.484964034,8544.930542370052
2025-05-01 18:00:00,91142.484964034,91184.68746512826,90744.96896867684,90773.92909575305,6285.839744458164
2025-05-01 20:00:00,90773.92909575305,90946.450527132,90758.9194826882,90913.39473325266,4294.90572528811
2025-05-01 22:00:00,90913.39473325266,90936.54421648152,90790.6366838633,90832.41407796174,5503.430406623947
2025-05-02 00:00:00,90330.65469177051,90359.21230996342,90308.40181670853,90341.09538556896,3964.4513225169535
2025-05-02 02:00:00,90341.09538556896,90578.17120353553,89711.80970872972,89711.80970872972,6295.217731256796
2025-05-02 04:00:00,89711.80970872972,90263.66434334908,89711.80970872972,90190.789382848,5693.467162506421
2025-05-02 06:00:00,90190.789382848,90995.84617222614,90190.789382848,90960.44685768094,4990.516614509671
2025-05-02 08:00:00,90960.44685768094,91715.25929506816,90899.50492762466,91440.19634875697,5402.765016515801
2025-05-02 10:00:00,91440.19634875697,92426.10068446085,91360.85963371999,92426.10068446085,3517.6400043134813
2025-05-02 12:00:00,92426.10068446085,92617.85493971339,92259.98979883241,92617.85493971339,3595.1737576903543
2025-05-02 14:00:00,92617.85493971339,92941.73876946824,92318.53126322631,92941.73876946824,7430.536850695203
2025-05-02 16:00:00,92941.73876946824,92941.73876946824,92771.04953992664,92788.38026263297,5115.986338605542
2025-05-02 18:00:00,92788.38026263297,92788.38026263297,92120.64123459229,92393.50144082974,6424.189499137749
2025-05-02 20:00:00,92393.50144082974,92597.39974633984,92351.24965405333,92597.39974633984,6073.6913227734885
2025-05-02 22:00:00,92597.39974633984,92597.39974633984,91620.44670065289,92057.08723487232,7797.332701650962
2025-05-03 00:00:00,92308.34232270972,92347.88818048696,92197.51546359423,92213.91037109969,3634.25223782225
2025-05-03 02:00:00,92213.91037109969,92513.74216138622,91757.38840789102,91757.38840789102,4861.18160153372
2025-05-03 04:00:00,91757.38840789102,91813.1591113499,91729.79716060159,91729.79716060159,4429.258357547149
2025-05-03 06:00:00,91729.79716060159,91888.59497421457,91110.62249292897,91110.62249292897,4743.970178933443
2025-05-03 08:00:00,91110.62249292897,91174.72414740223,90935.96661067502,90935.96661067502,5768.90526238029
2025-05-03 10:00:00,90935.96661067502,91252.8955417617,90935.96661067502,91193.43754343824,5394.827686790664
2025-05-03 12:00:00,91193.43754343824,91583.08078645199,91193.43754343824,91527.05586750108,3628.689868255271
2025-05-03 14:00:00,91527.05586750108,91983.79858661562,91527.05586750108,91919.89104171099,6291.838695758239
2025-05-03 16:00:00,91919.89104171099,91934.50286559203,91887.12510023727,91887.12510023727,6566.032652714462
2025-05-03 18:00:00,91887.12510023727,93036.98696141112,91887.12510023727,92784.50182600407,2832.0812164242966
2025-05-03 20:00:00,92784.50182600407,92876.51051784593,92294.57656296999,92542.34918808735,4094.2408749943397
2025-05-03 22:00:00,92542.34918808735,93651.06577346477,92190.72556375951,93617.31300426542,6078.273287858725
2025-05-04 00:00:00,93470.78837190624,93617.11329045106,93386.65068469998,93592.40800516121,2663.1621802181585
2025-05-04 02:00:00,93592.40800516121,93937.41211640666,93307.09934374297,93854.72201068887,4229.720283525067
2025-05-04 04:00:00,93854.72201068887,94207.68444689918,93831.46264279084,94077.73873843918,5937.071582221282
2025-05-04 06:00:00,94077.73873843918,94585.05521097346,93963.61124998739,94418.91403451687,4337.82506508793
2025-05-04 08:00:00,94418.91403451687,94839.04036830085,94221.13364344001,94489.59362440936,4414.176624828159
2025-05-04 10:00:00,94489.59362440936,94798.24352268351,94477.13418863092,94664.91655203735,5946.808638042699
2025-05-04 12:00:00,94664.91655203735,94894.97316262728,94505.71329974521,94894.97316262728,6464.5796582544235
2025-05-04 14:00:00,94894.97316262728,94894.97316262728,94511.29892847581,94649.89044122057,6493.431687635389
2025-05-04 16:00:00,94649.89044122057,94710.08265397156,94240.72385131582,94395.04173400189,2927.606972376725
2025-05-04 18:00:00,94395.04173400189,94474.0540553327,94364.30021219475,94447.96288279166,5602.800362087161
2025-05-04 20:00:00,94447.96288279166,94557.94707837778,94293.3794804065,94318.27503895438,4708.579732371178
2025-05-04 22:00:00,94318.27503895438,94439.96840850389,94090.3057603146,94229.94446160845,4159.41933031155
2025-05-05 00:00:00,94307.75134222537,94413.33830006336,94160.15072147046,94207.20754306013,4000.768710616093
2025-05-05 02:00:00,94207.20754306013,94323.4711720094,94156.99877299335,94302.2166604392,6098.246336631259
2025-05-05 04:00:00,94302.2166604392,94420.03353398884,93670.58836923561,93670.58836923561,6222.694814340078
2025-05-05 06:00:00,93670.58836923561,94319.93864299273,93670.58836923561,94285.69392412466,5351.422843294944
2025-05-05 08:00:00,94285.69392412466,94408.52894946978,94279.43431088144,94380.16557881763,6333.318346618837
2025-05-05 10:00:00,94380.16557881763,94782.81967466963,94266.17050528331,94648.27758899645,3925.3748214005946
2025-05-05 12:00:00,94648.27758899645,94884.53433870488,93966.28422441252,94156.97873629545,4068.695375460402
2025-05-05 14:00:00,94156.97873629545,94665.07236663422,94145.22735332926,94647.17759898842,5320.366690218104
2025-05-05 16:00:00,94647.17759898842,94766.49992845357,94332.73877714155,94338.18534839428,6242.480261285402
2025-05-05 18:00:00,94338.18534839428,95088.03053899745,93978.1265576618,94760.05039874068,6365.72161588121
2025-05-05 20:00:00,94760.05039874068,94853.73195999644,94718.60817604419,94828.1671189493,3287.3702165296863
2025-05-05 22:00:00,94828.1671189493,95225.56274366917,94696.45193931178,95117.03892839045,2784.129419419601
2025-05-06 00:00:00,95399.8120985767,95760.36699558505,95251.81736829513,95695.83721733169,6046.741539944652
2025-05-06 02:00:00,95695.83721733169,96094.1939116803,94761.98993575688,94930.5367524223,8487.290892794836
2025-05-06 04:00:00,94930.5367524223,95083.81929633788,94035.7179147686,94035.7179147686,5800.362454730469
2025-05-06 06:00:00,94035.7179147686,95680.57898801344,94035.7179147686,95586.6462619956,8660.236378837288
2025-05-06 08:00:00,95586.6462619956,95746.71121938722,95369.18547705458,95735.87118361995,5799.0523606639135
2025-05-06 10:00:00,95735.87118361995,96226.42163852087,95545.30333405052,96089.6878955883,7063.6969484218525
2025-05-06 12:00:00,96089.6878955883,96488.09761740464,94761.98993575688,94952.63948555476,7875.211844228921
2025-05-06 14:00:00,94952.63948555476,95209.93693553667,94849.95985719984,95143.68309644058,7461.032621531223
2025-05-06 16:00:00,95143.68309644058,95821.68850194356,94884.00521350688,95589.6406066672,7245.161780374804
2025-05-06 18:00:00,95589.6406066672,96672.57963856969,95156.44140122323,96672.57963856969,8599.826263323896
2025-05-06 20:00:00,96672.57963856969,97854.33289706545,96594.5838481611,97854.33289706545,4369.910124121285
2025-05-06 22:00:00,97854.33289706545,97854.33289706545,95357.87540669167,96220.39273786747,6662.297275160809
2025-05-07 00:00:00,96149.62880487427,96254.04310574853,96116.9579710312,96228.03688815258,5382.137799277694
2025-05-07 02:00:00,96228.03688815258,96234.6256949213,95638.98142529027,95638.98142529027,4297.848752623461
2025-05-07 04:00:00,95638.98142529027,97264.82063357324,95638.98142529027,97033.73822317588,3194.3229196508437
2025-05-07 06:00:00,97033.73822317588,97538.12006703988,96084.39034062607,96105.34485394166,8159.375395841259
2025-05-07 08:00:00,96105.34485394166,96855.224988022,95753.14142043484,96481.76187752023,6508.340051709129
2025-05-07 10:00:00,96481.76187752023,96589.13373589753,96458.64951753888,96559.17957702649,3855.4785526514643
2025-05-07 12:00:00,96559.17957702649,98033.51020047512,95862.049326258,97888.77090444166,5157.850290088999
2025-05-07 14:00:00,97888.77090444166,98598.27046361155,97860.58225197745,98547.51145656293,6325.846794973659
2025-05-07 16:00:00,98547.51145656293,98663.12412805216,98546.36943522826,98606.16454422225,6395.513834411086
2025-05-07 18:00:00,98606.16454422225,98757.89221469026,98402.34213796681,98747.27776331994,5945.1199062466485
2025-05-07 20:00:00,98747.27776331994,98937.41747454782,98038.70970466852,98316.17813640894,3482.951995462879
2025-05-07 22:00:00,98316.17813640894,98357.86689926847,98205.66320764173,98223.36544026367,5973.441362525032
2025-05-08 00:00:00,98081.23152420072,98327.19502115973,97979.1005120513,98179.07093604848,2447.555337762882
2025-05-08 02:00:00,98179.07093604848,98185.01629111594,97979.1005120513,98089.41355297674,2874.577994073
2025-05-08 04:00:00,98089.41355297674,98093.46371776989,98082.43237454904,98088.58906066851,1959.6226749815978
2025-05-08 06:00:00,98088.58906066851,98207.74748260093,98017.56873483775,98084.88948197213,1312.9923047737066
2025-05-08 08:00:00,98084.88948197213,98182.6831204114,98034.97150815572,98166.19174168022,3484.9001303653763
2025-05-08 10:00:00,98166.19174168022,98337.69978338898,98165.38278879017,98307.23163050368,2392.7694406658675
2025-05-08 12:00:00,98307.23163050368,98336.25813556493,98256.56385440695,98266.31732121333,2754.033268523984
2025-05-08 14:00:00,98266.31732121333,98303.46022918946,98197.0634401023,98221.67135325841,1401.1408065523492
2025-05-08 16:00:00,98221.67135325841,98251.52361457946,98166.36907413846,98181.10181770426,1397.4970871140886
2025-05-08 18:00:00,98181.10181770426,98227.33146982356,97979.1005120513,98188.57260026649,3098.844225303711
2025-05-08 20:00:00,98188.57260026649,98426.7092005633,98094.83431882746,98321.84462264116,1398.8619766589732
2025-05-08 22:00:00,98321.84462264116,98340.4891690516,98285.04637768665,98299.7059406162,2965.3629492451387
2025-05-09 00:00:00,98171.61495271475,98636.19707790989,98079.51640425147,98525.0307331989,3417.066617927336
2025-05-09 02:00:00,98525.0307331989,98732.5668952945,98434.97536198566,98720.1963209033,7064.595111367817
2025-05-09 04:00:00,98720.1963209033,98730.25592537949,98279.35182498119,98535.13251862646,7036.0073614315925
2025-05-09 06:00:00,98535.13251862646,99241.16175735541,98183.47351280502,99241.16175735541,6892.106150124106
2025-05-09 08:00:00,99241.16175735541,99241.16175735541,98886.83278098979,98970.18414964642,6047.181022933176
2025-05-09 10:00:00,98970.18414964642,99263.54451148184,98850.02437859136,99263.54451148184,5206.273225113561
2025-05-09 12:00:00,99263.54451148184,99263.54451148184,99006.025770746,99054.30721251534,4072.220015787464
2025-05-09 14:00:00,99054.30721251534,99067.04783406324,99050.06930398854,99051.24727131173,5497.7021446042345
2025-05-09 16:00:00,99051.24727131173,99074.41411091831,98799.85450221652,98825.47306528852,7531.1293613100115
2025-05-09 18:00:00,98825.47306528852,98922.66139081943,98511.39235696645,98609.83140490984,8508.119315571757
2025-05-09 20:00:00,98609.83140490984,99079.55667645206,98447.65315276702,98907.98464835896,4577.3609941609775
2025-05-09 22:00:00,98907.98464835896,99185.71156196042,98779.10695125339,99040.09157489681,6428.648681014855
2025-05-10 00:00:00,99425.41831470034,99457.10057057581,99251.69287796743,99325.24203807105,6538.279985377597
2025-05-10 02:00:00,99325.24203807105,99939.48645616452,99193.12870940081,99711.03908479153,6137.532123337973
2025-05-10 04:00:00,99711.03908479153,99743.67313495149,99353.66620182787,99460.99500136926,4880.019571129134
2025-05-10 06:00:00,99460.99500136926,99698.75391797825,99091.2584805173,99091.2584805173,3736.0190061103913
2025-05-10 08:00:00,99091.2584805173,99175.03640385099,99091.2584805173,99108.0076101889,3642.6911769726303
2025-05-10 10:00:00,99108.0076101889,99270.79139020125,99108.0076101889,99230.89459388706,4594.426129521448
2025-05-10 12:00:00,99230.89459388706,101169.03651681759,99193.12870940081,101169.03651681759,3532.91225290553
2025-05-10 14:00:00,101169.03651681759,101169.03651681759,100654.97073993812,100688.26905398676,5515.647744844483
2025-05-10 16:00:00,100688.26905398676,100837.0871276591,99492.85988781942,99906.34960956765,3100.0918496678805
2025-05-10 18:00:00,99906.34960956765,100017.207343488,99204.45121578347,99287.1007914179,3364.219302338364
2025-05-10 20:00:00,99287.1007914179,99439.81096500764,99193.12870940081,99298.46297268884,4827.64847987121
2025-05-10 22:00:00,99298.46297268884,100837.0871276591,99193.12870940081,100774.08979062886,3033.7365188015565
2025-05-11 00:00:00,100819.46956290342,101044.14791278249,100809.23477565267,100961.68310559256,3121.7211818260703
2025-05-11 02:00:00,100961.68310559256,101028.14045547105,100933.75222602596,100934.71656939544,2786.459081306012
2025-05-11 04:00:00,100934.71656939544,101122.57194217443,100710.05654476942,100915.05556422942,2994.5957983435424
2025-05-11 06:00:00,100915.05556422942,100916.91719728615,100800.71694069977,100815.74861375018,5132.949338811091
2025-05-11 08:00:00,100815.74861375018,100867.3731041549,100812.50292836294,100824.7095139053,3972.1424166389606
2025-05-11 10:00:00,100824.7095139053,100829.9974758432,100786.48848047838,100801.43491439213,3217.510831622258
2025-05-11 12:00:00,100801.43491439213,100844.46614003413,100679.2586398086,100742.65609698869,3356.8626122992214
2025-05-11 14:00:00,100742.65609698869,100757.87832489287,100700.32113762657,100719.86912780794,5065.915067390183
2025-05-11 16:00:00,100719.86912780794,100861.93107144721,100614.04575148156,100650.90007469957,2759.260240576474
2025-05-11 18:00:00,100650.90007469957,100666.97078440047,100614.04575148156,100645.42683894254,2919.437687892749
2025-05-11 20:00:00,100645.42683894254,100866.50638361114,100614.04575148156,100778.04089307974,3785.5632504617247
2025-05-11 22:00:00,100778.04089307974,100781.99801305459,100689.06875771453,100742.72551863549,4484.144579656203
2025-05-12 00:00:00,101418.2873641114,101466.36674251576,101389.76495601864,101410.10483488168,6083.398445792973
2025-05-12 02:00:00,101410.10483488168,101416.6470466212,101299.19570547815,101350.66277601087,3436.2427568192256
2025-05-12 04:00:00,101350.66277601087,101387.67586771179,101330.05834609536,101331.15266665131,4211.979428022231
2025-05-12 06:00:00,101331.15266665131,101385.87295506443,101302.57809434441,101309.7342835857,4359.109310829939
2025-05-12 08:00:00,101309.7342835857,101426.39796662313,101275.63786165681,101333.6327897551,2794.7101053092524
2025-05-12 10:00:00,101333.6327897551,101337.9896459045,101257.59092441249,101330.61221013339,5774.902358430566
2025-05-12 12:00:00,101330.61221013339,101362.09434229735,101319.3509587642,101355.72675010316,3049.656390367578
2025-05-12 14:00:00,101355.72675010316,101394.3151920645,101229.55528015694,101385.57319615073,4035.8372013567982
2025-05-12 16:00:00,101385.57319615073,101433.75786886034,101301.89500974337,101345.33136236163,4998.290391168757
2025-05-12 18:00:00,101345.33136236163,101429.6554014069,101271.07401569252,101307.0600919568,3597.582118017397
2025-05-12 20:00:00,101307.0600919568,101372.38853487215,101306.79536741418,101332.71762610151,4174.214150429886
2025-05-12 22:00:00,101332.71762610151,101340.44912336161,101254.44000711151,101282.78783317647,2854.2072667082416
2025-05-13 00:00:00,101286.32032273838,101674.10062326776,101218.98346389538,101488.99936236897,1929.532311719523
2025-05-13 02:00:00,101488.99936236897,101632.08888198789,101481.96440975857,101518.72587478276,1914.368582125184
2025-05-13 04:00:00,101518.72587478276,101572.2344075083,101387.25335379882,101499.98322820639,2439.3974915318195
2025-05-13 06:00:00,101499.98322820639,101595.39389941913,101476.01201106324,101539.6981223934,3017.8948996552786
2025-05-13 08:00:00,101539.6981223934,102000.49501862613,101479.08852225073,101635.83160715173,3581.1170813429453
2025-05-13 10:00:00,101635.83160715173,101652.3512661528,101610.3104845807,101648.84556052375,3581.0691890839284
2025-05-13 12:00:00,101648.84556052375,101909.05583180249,101339.62985897687,101495.81198621703,4222.213729922429
2025-05-13 14:00:00,101495.81198621703,101869.5672933823,101415.89131509664,101697.29821320478,4750.372550433446
2025-05-13 16:00:00,101697.29821320478,101743.33255048971,101549.18861218204,101637.76120923321,1942.702315143913
2025-05-13 18:00:00,101637.76120923321,102168.34075495462,101298.53622816483,102052.59706345586,3325.5027294174265
2025-05-13 20:00:00,102052.59706345586,102209.46508586383,101957.29528654813,102099.97695557355,4473.433696768364
2025-05-13 22:00:00,102099.97695557355,102295.57678106024,101877.35971312651,102074.21737645488,4676.960522765127
2025-05-14 00:00:00,102124.51422559198,102156.03631865823,102037.70413992323,102068.40151619939,2451.0159116318464
2025-05-14 02:00:00,102068.40151619939,102215.62266083193,101748.29843054818,101843.10445157254,2613.239718479852
2025-05-14 04:00:00,101843.10445157254,101910.53622291854,101720.15258781679,101774.7817823698,2964.6938784926397
2025-05-14 06:00:00,101774.7817823698,101897.99224036124,101738.39731265778,101805.42962621237,1285.7453605975468
2025-05-14 08:00:00,101805.42962621237,101825.91024811553,101385.10338228036,101385.10338228036,1683.696940721554
2025-05-14 10:00:00,101385.10338228036,101446.51365803923,101266.0326980975,101266.0326980975,3435.4914179385437
2025-05-14 12:00:00,101266.0326980975,101495.28657960585,101266.0326980975,101399.37261419934,1575.5560803293126
2025-05-14 14:00:00,101399.37261419934,101755.48035902306,101399.37261419934,101709.88633881952,2472.780592365723
2025-05-14 16:00:00,101709.88633881952,101996.74163436548,101564.39671216343,101819.43237516138,3468.2360268126645
2025-05-14 18:00:00,101819.43237516138,101957.49775941773,101765.37097448237,101910.66373372117,1681.2059447538331
2025-05-14 20:00:00,101910.66373372117,102003.6339152647,101895.2618321807,101944.00596354964,2270.4150305379712
2025-05-14 22:00:00,101944.00596354964,101994.33612823716,101506.96872450264,101752.25447998683,3263.7754127318985
2025-05-15 00:00:00,101743.4048722638,101764.06336084174,101700.94356548093,101717.22551506727,3472.5962152456073
2025-05-15 02:00:00,101717.22551506727,101768.09636835563,101675.4447371544,101713.26912873848,1831.250418495827
2025-05-15 04:00:00,101713.26912873848,101725.39581313904,101600.65073288472,101606.30124339514,2908.272785292832
2025-05-15 06:00:00,101606.30124339514,101651.02617064043,101507.1797247556,101603.21734936406,2285.033402023688
2025-05-15 08:00:00,101603.21734936406,101874.33392370833,101517.06684937736,101655.84569834087,3145.581697133225
2025-05-15 10:00:00,101655.84569834087,101686.27425710131,101568.30154609994,101578.16812933376,2047.5000630261134
2025-05-15 12:00:00,101578.16812933376,101722.83356319528,101526.67426959777,101675.70628516165,1634.4852812481677
2025-05-15 14:00:00,101675.70628516165,101946.04926179074,101611.31012554547,101826.16801669348,2391.7289333416
2025-05-15 16:00:00,101826.16801669348,101995.1450221021,101681.24232400661,101846.0501893506,2615.4825918135743
2025-05-15 18:00:00,101846.0501893506,101910.80685766875,101646.48394520936,101851.98354434888,2275.696013856654
2025-05-15 20:00:00,101851.98354434888,101962.22179556605,101808.57903299925,101888.09633320874,1233.0759152093417
2025-05-15 22:00:00,101888.09633320874,102063.96567083563,101457.28562390522,101825.13121486772,1689.3958913652593
2025-05-16 00:00:00,102145.98448390946,102984.9394184152,101776.2084559949,102919.76785333961,6501.785469754469
2025-05-16 02:00:00,102919.76785333961,103632.24930188444,102836.15504844407,103632.24930188444,4943.826770020992
2025-05-16 04:00:00,103632.24930188444,104459.80149768987,103339.73525099165,104459.80149768987,6843.1743004687505
2025-05-16 06:00:00,104459.80149768987,104459.80149768987,104130.9829729068,104312.09821766702,6899.755587619944
2025-05-16 08:00:00,104312.09821766702,104312.09821766702,103260.2908930892,103619.2042243259,2975.340675137902
2025-05-16 10:00:00,103619.2042243259,103619.2042243259,102911.41307345424,103057.23267945733,2605.2866524971173
2025-05-16 12:00:00,103057.23267945733,103328.65468412377,102113.93022767137,102373.14696395022,6900.454945989449
2025-05-16 14:00:00,102373.14696395022,102962.24663467085,102136.2049118066,102955.24416649887,5376.047256616556
2025-05-16 16:00:00,102955.24416649887,102986.22368173137,102083.79295535162,102153.483563926,5657.172452819312
2025-05-16 18:00:00,102153.483563926,102542.01118664669,101599.00007198135,101627.0559351241,4805.652976653325
2025-05-16 20:00:00,101627.0559351241,102477.01659849194,101525.82379568252,102376.90133739832,5867.747125014814
2025-05-16 22:00:00,102376.90133739832,103044.75497130162,102357.12925055952,102825.76645248031,7290.777806316705
2025-05-17 00:00:00,102789.91838769356,102935.49279703411,102489.42309954517,102554.58930584183,1713.0077915761237
2025-05-17 02:00:00,102554.58930584183,103325.08076532741,102277.71285973057,103201.40576965893,1998.8281609246872
2025-05-17 04:00:00,103201.40576965893,103223.77960887532,102423.70206108021,102639.31233417429,4005.674832182669
2025-05-17 06:00:00,102639.31233417429,102736.32421826056,102461.72047066233,102699.71405332562,2595.9163810911546
2025-05-17 08:00:00,102699.71405332562,102968.12007029813,102670.89324562975,102905.51841009493,2001.0997395420611
2025-05-17 10:00:00,102905.51841009493,103227.95219779047,101958.0511669943,102018.35963385623,2167.1352532318087
2025-05-17 12:00:00,102018.35963385623,102676.8770115107,101958.0511669943,102517.80624413089,3358.1415233466687
2025-05-17 14:00:00,102517.80624413089,102923.71228993646,101338.76442323603,101338.76442323603,3254.7051562774627
2025-05-17 16:00:00,101338.76442323603,101839.98070140225,101338.76442323603,101626.86157251851,1817.7951278009868
2025-05-17 18:00:00,101626.86157251851,101784.68952001762,101626.86157251851,101751.42545901016,3580.5737571715376
2025-05-17 20:00:00,101751.42545901016,103492.57175774255,101751.42545901016,103492.57175774255,2114.320279190109
2025-05-17 22:00:00,103492.57175774255,103492.57175774255,102886.90116318395,103080.24593036881,4003.978078563072
2025-05-18 00:00:00,103576.63781375434,103620.14831719497,103240.05024054044,103331.03024992139,3610.645222706913
2025-05-18 02:00:00,103331.03024992139,103412.60400978307,103191.75634229672,103272.2701546268,7460.107009927791
2025-05-18 04:00:00,103272.2701546268,103387.5520396857,103201.92046984215,103331.80949517203,4687.446252996997
2025-05-18 06:00:00,103331.80949517203,104111.7091349484,103253.91696285922,103930.61818658719,4129.016817916616
2025-05-18 08:00:00,103930.61818658719,104074.29357975189,103692.40397298055,103717.09125060617,3813.0789420588153
2025-05-18 10:00:00,103717.09125060617,103821.14331828129,103515.130297263,103618.50628530336,7985.477515221407
2025-05-18 12:00:00,103618.50628530336,103671.98390601296,103124.6285515411,103355.54009224876,7390.506647665046
2025-05-18 14:00:00,103355.54009224876,104111.7091349484,103298.87809850137,103960.642166214,6654.268483010008
2025-05-18 16:00:00,103960.642166214,104313.8935469852,103918.66512179803,104313.8935469852,5248.259934673564
2025-05-18 18:00:00,104313.8935469852,104313.8935469852,103625.06944920865,103772.34331422624,5332.849427864453
2025-05-18 20:00:00,103772.34331422624,104111.7091349484,103614.01832388467,103762.69432751428,7968.901060986926
2025-05-18 22:00:00,103762.69432751428,103892.69926763391,103583.4032357944,103658.25296531261,4020.122569589366
2025-05-19 00:00:00,103726.13598686134,104712.19838122261,103537.50649118598,104263.72767414003,4012.518806181942
2025-05-19 02:00:00,104263.72767414003,104623.0307920665,103140.19525856618,103384.82894797107,2505.691661173212
2025-05-19 04:00:00,103384.82894797107,104058.66184954664,102171.2940688574,102171.2940688574,3036.1443785563642
2025-05-19 06:00:00,102171.2940688574,103446.16200961338,102171.2940688574,103087.96777497685,4615.008977332583
2025-05-19 08:00:00,103087.96777497685,103807.30157121365,103087.96777497685,103518.51253154584,2027.0717347925774
2025-05-19 10:00:00,103518.51253154584,104240.78872610354,103276.13072264839,103881.1973210166,1928.176392215979
2025-05-19 12:00:00,103881.1973210166,104061.44095629558,103838.18389792985,103997.4642252594,4649.694992733572
2025-05-19 14:00:00,103997.4642252594,104159.26062680359,103928.64686360971,104126.46801316753,2670.990109802205
2025-05-19 16:00:00,104126.46801316753,104656.47056863634,102931.22651096109,102931.22651096109,3065.508310742372
2025-05-19 18:00:00,102931.22651096109,102958.18710395406,102100.05761129966,102100.05761129966,2959.364103227981
2025-05-19 20:00:00,102100.05761129966,103616.57228249515,102100.05761129966,103420.63346328284,1727.3423934301813
2025-05-19 22:00:00,103420.63346328284,104946.7033526663,103230.90048265771,104462.86415167127,4150.87907431767
2025-05-20 00:00:00,104881.62269269499,105310.84200724281,104708.43342154268,104991.53064538201,2725.927677869868
2025-05-20 02:00:00,104991.53064538201,105131.75326432087,104841.01070912888,104882.55753770519,4520.951154519626
2025-05-20 04:00:00,104882.55753770519,105092.7081404598,104199.85632522992,104493.5252169176,2650.359636897956
2025-05-20 06:00:00,104493.5252169176,104545.454155094,104392.47436541686,104526.23974216457,3409.776194932553
2025-05-20 08:00:00,104526.23974216457,104810.66489686594,104478.01441276447,104729.9756088164,3875.7212959218505
2025-05-20 10:00:00,104729.9756088164,105015.26241277554,104680.91087124209,104937.2700584792,2828.9658364459438
2025-05-20 12:00:00,104937.2700584792,105095.5746551707,104784.72891404454,104993.62427109221,4436.8872571853935
2025-05-20 14:00:00,104993.62427109221,105063.82624012773,104900.97331942568,104968.7726236947,3449.7191266161494
2025-05-20 16:00:00,104968.7726236947,105097.85809999786,104735.96618364674,104780.2629155357,2163.454246733256
2025-05-20 18:00:00,104780.2629155357,104921.05703688758,104577.85696580741,104645.06345084662,3123.424973501903
2025-05-20 20:00:00,104645.06345084662,104828.32860177658,104409.65089349641,104735.91254774522,1831.6382716279106
2025-05-20 22:00:00,104735.91254774522,104740.0685810715,104623.23422457841,104657.81008231892,4787.503966398704
2025-05-21 00:00:00,104809.97519654587,104859.88355945454,104807.01779037328,104846.81059715785,1844.7698892119454
2025-05-21 02:00:00,104846.81059715785,105039.73706132601,104547.86842998357,104687.2146032861,2745.4753205301217
2025-05-21 04:00:00,104687.2146032861,104810.02715424958,104446.24594758343,104488.51638183632,4982.532672310473
2025-05-21 06:00:00,104488.51638183632,104758.37905585737,104484.99272051925,104668.41414118934,3090.711323282227
2025-05-21 08:00:00,104668.41414118934,104744.18929203009,104642.99105296088,104727.04159579867,3267.242432277214
2025-05-21 10:00:00,104727.04159579867,104921.29717247834,104257.92467098671,104420.82259129046,4748.365424696707
2025-05-21 12:00:00,104420.82259129046,104589.98716689908,104317.33333035078,104507.16570976752,4684.8716527965325
2025-05-21 14:00:00,104507.16570976752,104533.21227896246,104344.90637228506,104406.95119750302,3145.280449673107
2025-05-21 16:00:00,104406.95119750302,104452.37646140635,104287.03220571142,104304.61026016898,5089.077779323139
2025-05-21 18:00:00,104304.61026016898,104486.86838059573,103974.71090843376,104311.43495839804,3621.1720497076876
2025-05-21 20:00:00,104311.43495839804,104440.57466727025,104310.775027521,104363.73779080292,2394.015168846766
2025-05-21 22:00:00,104363.73779080292,104443.52906835111,104212.44248354844,104264.42243174961,4094.0673946754305
2025-05-22 00:00:00,103987.87237555908,104225.02238774093,103699.58924412001,104043.56084171278,4332.4783776692275
2025-05-22 02:00:00,104043.56084171278,104794.04676664437,103668.95304256071,104794.04676664437,2678.2672911121213
2025-05-22 04:00:00,104794.04676664437,105693.51615066847,104709.63045990087,105693.51615066847,2691.8569569341644
2025-05-22 06:00:00,105693.51615066847,106056.50521574978,105686.03494700983,106056.50521574978,4985.236703383989
2025-05-22 08:00:00,106056.50521574978,106171.96619665502,106022.30919080898,106171.96619665502,3526.55402234661
2025-05-22 10:00:00,106171.96619665502,106171.96619665502,105120.30525165901,105539.56652244464,3714.819824603649
2025-05-22 12:00:00,105539.56652244464,105539.56652244464,103668.95304256071,103922.97294858359,2379.5348889361394
2025-05-22 14:00:00,103922.97294858359,103958.70641339362,102851.66283576078,102851.66283576078,4297.802477953182
2025-05-22 16:00:00,102851.66283576078,104313.02021024316,102851.66283576078,103973.37446688478,1968.0492234392557
2025-05-22 18:00:00,103973.37446688478,104197.87740075619,103798.15949892184,104075.58013256763,4011.7400311576043
2025-05-22 20:00:00,104075.58013256763,104620.18106622958,104036.48936541167,104380.11362152048,3986.072231175429
2025-05-22 22:00:00,104380.11362152048,104618.45063698002,104280.97673118474,104509.6984972763,2246.7845428290084
2025-05-23 00:00:00,105041.61669042728,105231.92557917455,104873.22204012086,105185.5458754801,6456.60433215078
2025-05-23 02:00:00,105185.5458754801,105634.76547802097,104839.24633275875,105634.76547802097,3057.918881039035
2025-05-23 04:00:00,105634.76547802097,105634.76547802097,105273.77171844823,105383.28032415095,3850.2864399505
2025-05-23 06:00:00,105383.28032415095,105516.74239809351,105259.91847318564,105516.74239809351,5095.364717216331
2025-05-23 08:00:00,105516.74239809351,105516.74239809351,105114.84026710683,105196.91065759903,3446.7564444352106
2025-05-23 10:00:00,105196.91065759903,105373.41952223728,104752.35160305898,104909.00585211007,6383.513024918904
2025-05-23 12:00:00,104909.00585211007,104963.18853667122,104807.86753134713,104815.71859064364,3228.0571847151346
2025-05-23 14:00:00,104815.71859064364,104898.87159246221,104739.4821610528,104787.06593273165,6330.474878894972
2025-05-23 16:00:00,104787.06593273165,104914.62824886359,104743.59798680576,104844.42026213527,4836.467929355731
2025-05-23 18:00:00,104844.42026213527,104924.56204216558,104776.12987487599,104910.60170168377,4889.865452489182
2025-05-23 20:00:00,104910.60170168377,105614.20894528921,104739.4821610528,105614.20894528921,5455.87397030012
2025-05-23 22:00:00,105614.20894528921,105614.20894528921,105393.932036445,105418.93147610033,4996.279861742301
2025-05-24 00:00:00,105436.66578530348,105605.90842787373,105374.1289299138,105560.41746932425,5076.060010594964
2025-05-24 02:00:00,105560.41746932425,105684.86416678054,105302.21883320699,105302.21883320699,8738.982517350098
2025-05-24 04:00:00,105302.21883320699,105316.60801039136,105302.21883320699,105309.93865647887,10624.512509561837
2025-05-24 06:00:00,105309.93865647887,105357.53590385719,105142.43196817426,105142.43196817426,3838.69953933682
2025-05-24 08:00:00,105142.43196817426,105382.78167688425,105142.43196817426,105378.40854912452,6372.984496660323
2025-05-24 10:00:00,105378.40854912452,105703.52199056184,105355.94348008581,105583.02977747243,7921.859095215146
2025-05-24 12:00:00,105583.02977747243,105624.6329144208,105355.94348008581,105573.19286082487,7882.444566581382
2025-05-24 14:00:00,105573.19286082487,105644.15439769455,105442.28598911317,105507.5489340184,8205.848787594232
2025-05-24 16:00:00,105507.5489340184,105623.86794294194,105503.32057041542,105556.04406290349,4111.139152770358
2025-05-24 18:00:00,105556.04406290349,105561.81868589026,105496.15752460924,105504.55836356724,6860.015355427416
2025-05-24 20:00:00,105504.55836356724,105783.29961445644,105419.89381882088,105608.99310016823,5125.075448383345
2025-05-24 22:00:00,105608.99310016823,105875.92623391685,105599.7097695545,105826.61590542707,7136.877785785079
2025-05-25 00:00:00,105663.05972702855,105771.28323503297,105615.63328876963,105690.30033954476,5912.019379494251
2025-05-25 02:00:00,105690.30033954476,106029.72332895618,104578.38321210774,104578.38321210774,4131.575813580617
2025-05-25 04:00:00,104578.38321210774,106022.92407657752,104578.38321210774,105721.79217055523,3585.5873829686757
2025-05-25 06:00:00,105721.79217055523,107081.61076451522,105074.04151855703,106925.81925434418,3053.1005069268545
2025-05-25 08:00:00,106925.81925434418,106978.4623091891,106904.62972181282,106971.44775354362,6041.737131277121
2025-05-25 10:00:00,106971.44775354362,107098.796711101,105938.92381073289,106280.11757128913,3316.2779728593578
2025-05-25 12:00:00,106280.11757128913,106393.73259866731,106107.33642266739,106140.20870428352,4330.701149602839
2025-05-25 14:00:00,106140.20870428352,107618.57560805794,105669.62187066964,107504.2177803142,5754.999884321618
2025-05-25 16:00:00,107504.2177803142,107618.57560805794,107107.78435340039,107216.29464402971,3429.1264848977125
2025-05-25 18:00:00,107216.29464402971,107251.44003873268,107121.72978282147,107132.4473948873,3013.2280635338357
2025-05-25 20:00:00,107132.4473948873,107251.6043263135,107116.55205976524,107237.30168057424,2873.205925980604
2025-05-25 22:00:00,107237.30168057424,107307.7120610436,107220.36529689406,107268.15610862184,4336.36279282021
2025-05-26 00:00:00,107647.96383774784,107695.75964803068,106810.20907932114,106937.63648328834,3710.9010637349124
2025-05-26 02:00:00,106937.63648328834,108649.08670615328,106578.97529730425,108649.08670615328,4890.074187164745
2025-05-26 04:00:00,108649.08670615328,108649.08670615328,106388.5590759117,107116.44786209488,5830.6000043996
2025-05-26 06:00:00,107116.44786209488,107222.28514857925,106430.21221327437,106636.91460124115,4110.827561736492
2025-05-26 08:00:00,106636.91460124115,106696.77018187633,106593.91122529043,106656.14438773006,4377.041557134563
2025-05-26 10:00:00,106656.14438773006,106831.56455734641,106447.95465739828,106661.90097029772,4954.263184729815
2025-05-26 12:00:00,106661.90097029772,106748.10716652074,106133.93059739754,106133.93059739754,3597.1803551499356
2025-05-26 14:00:00,106133.93059739754,106402.99637207038,105410.70763835237,105410.70763835237,4859.075153050446
2025-05-26 16:00:00,105410.70763835237,106422.21574119477,105410.70763835237,106200.727943547,5666.386631691932
2025-05-26 18:00:00,106200.727943547,106725.004456407,106200.727943547,106523.89238466322,6289.759515021367
2025-05-26 20:00:00,106523.89238466322,106726.6155377685,106168.71258305015,106168.71258305015,6629.816787035547
2025-05-26 22:00:00,106168.71258305015,106393.17253677611,106168.71258305015,106369.58256825093,4334.781314928746
2025-05-27 00:00:00,106496.52039246469,107043.2853137926,106174.11411080297,106675.07772896484,3558.601443835007
2025-05-27 02:00:00,106675.07772896484,106825.81063596385,106668.8609899316,106754.48421597242,3401.6780260445107
2025-05-27 04:00:00,106754.48421597242,107145.41155662088,105827.78143336214,106137.61226094478,2150.048942441886
2025-05-27 06:00:00,106137.61226094478,106379.29747134529,106085.8548694893,106276.59248655032,1817.9129239407857
2025-05-27 08:00:00,106276.59248655032,106354.6239063039,105821.67036455963,105892.01308234585,3006.0024462759484
2025-05-27 10:00:00,105892.01308234585,106208.3342044215,105671.56690686758,105868.15980903814,2917.8138552683736
2025-05-27 12:00:00,105868.15980903814,106079.3768812113,105807.26617722542,106053.34757311644,4532.173944311102
2025-05-27 14:00:00,106053.34757311644,106187.50597163546,105662.54240163369,105754.33446048491,3976.9083604529733
2025-05-27 16:00:00,105754.33446048491,105761.87405349147,105751.78865056613,105755.91866335487,3080.4717890501875
2025-05-27 18:00:00,105755.91866335487,106005.15565824261,105686.34703682929,105908.64838188389,2585.1265756671924
2025-05-27 20:00:00,105908.64838188389,106006.35460558577,105602.74536672026,105691.88911068134,3875.4349305753312
2025-05-27 22:00:00,105691.88911068134,105780.55036177645,105531.47500501048,105536.71495016057,3839.7737323076135
2025-05-28 00:00:00,105332.19461892483,105428.09515817571,105247.63407970667,105318.23992561846,3595.264895853301
2025-05-28 02:00:00,105318.23992561846,105725.15504282922,105231.03034487138,105521.98491535704,3815.121837956109
2025-05-28 04:00:00,105521.98491535704,105878.21444066684,105454.52530058558,105722.12478367005,3369.9400201583207
2025-05-28 06:00:00,105722.12478367005,105825.63979919118,105543.68889130493,105704.51960819871,3507.0132727060154
2025-05-28 08:00:00,105704.51960819871,105891.2378395344,105442.45509197668,105874.18984816101,1744.4849866528527
2025-05-28 10:00:00,105874.18984816101,105975.08966632045,105765.24740422702,105850.66662982352,2372.3186740155993
2025-05-28 12:00:00,105850.66662982352,105954.25097940202,105832.842557644,105927.19938755891,3446.779930764045
2025-05-28 14:00:00,105927.19938755891,106425.26752964655,105630.61560969635,105997.91955316343,3077.2453948079724
2025-05-28 16:00:00,105997.91955316343,106092.2866475738,105945.45697281053,106075.83287481479,2836.0987766017215
2025-05-28 18:00:00,106075.83287481479,106084.18059872968,105933.28288341594,106081.43938155609,4353.708127326846
2025-05-28 20:00:00,106081.43938155609,106104.31615883969,106002.25452754494,106050.70427262541,3580.0553480122835
2025-05-28 22:00:00,106050.70427262541,106275.22614865402,105793.93918034041,106157.74052308183,4089.622573760311
2025-05-29 00:00:00,105933.03846431397,105972.78473865963,105873.559693684,105898.7383921834,3472.8645787501446
2025-05-29 02:00:00,105898.7383921834,106176.22948381321,105734.86604987957,105983.46314212141,4748.994752127656
2025-05-29 04:00:00,105983.46314212141,106049.32611392761,105886.04825008241,105998.9316277661,4735.899293946156
2025-05-29 06:00:00,105998.9316277661,106013.58007423802,105995.47514151243,106010.35354680958,3579.0353236561386
2025-05-29 08:00:00,106010.35354680958,106100.21395390716,105944.03603445363,106036.17984434497,2501.4671662581295
2025-05-29 10:00:00,106036.17984434497,106073.96097513729,105698.07698991302,105822.6850530777,3692.4242659450156
2025-05-29 12:00:00,105822.6850530777,105877.5692930356,105792.52362738086,105847.59209459557,2486.196168375569
2025-05-29 14:00:00,105847.59209459557,105867.63291815162,105755.20328182579,105790.18871896082,2744.2958701413845
2025-05-29 16:00:00,105790.18871896082,105797.73767273276,105744.45309313969,105783.67735622278,3938.57125846106
2025-05-29 18:00:00,105783.67735622278,105798.7171925137,105739.47275460453,105743.80748061002,1626.9891235876419
2025-05-29 20:00:00,105743.80748061002,105774.27031139663,105678.40445490314,105687.22133077591,2751.940452558532
2025-05-29 22:00:00,105687.22133077591,105744.01517753337,105553.6287270798,105645.47014577451,4116.335345226063
2025-05-30 00:00:00,104893.5535832124,106008.25916258064,104408.97250539564,106008.25916258064,4892.892169428063
2025-05-30 02:00:00,106008.25916258064,106008.25916258064,105145.12018208165,105359.68335662306,4803.2198716446055
2025-05-30 04:00:00,105359.68335662306,105459.89976794108,105269.72528738955,105459.89976794108,4182.721798393496
2025-05-30 06:00:00,105459.89976794108,105459.89976794108,104177.87735672205,104310.56918234852,2731.0453521104537
2025-05-30 08:00:00,104310.56918234852,105322.73551024582,104177.87735672205,105322.73551024582,5649.2661283178795
2025-05-30 10:00:00,105322.73551024582,105322.73551024582,104869.99805359972,105174.64037511799,5948.58562214597
2025-05-30 12:00:00,105174.64037511799,107648.70171762316,104533.33949311587,107648.70171762316,5404.713227108091
2025-05-30 14:00:00,107648.70171762316,107648.70171762316,105806.29641068979,106015.94058954524,4116.250443624374
2025-05-30 16:00:00,106015.94058954524,106015.94058954524,104901.99549917359,105214.67817684088,4942.020279420081
2025-05-30 18:00:00,105214.67817684088,105214.67817684088,104452.36213212847,104802.05754793038,2875.195595016315
2025-05-30 20:00:00,104802.05754793038,105096.7977989759,104611.04600382724,104901.91893538876,4400.964780774246
2025-05-30 22:00:00,104901.91893538876,105096.7977989759,104298.66326363315,104368.77862399512,5640.740879872561
2025-05-31 00:00:00,103981.06418165726,104099.3986344382,103935.37438990978,103989.6001634655,4333.415044779296
2025-05-31 02:00:00,103989.6001634655,104597.03264586718,103838.49178803636,104576.63526114154,3303.5484355903654
2025-05-31 04:00:00,104576.63526114154,104805.1281448346,104377.36445273482,104721.0230712181,4316.7913880460455
2025-05-31 06:00:00,104721.0230712181,104770.69022095542,104680.81872191848,104753.23310143308,1822.756281172698
2025-05-31 08:00:00,104753.23310143308,104805.1281448346,103349.85561620037,103681.91693364999,2705.563805983944
2025-05-31 10:00:00,103681.91693364999,104318.45263665447,103578.76020505781,104097.82040656853,4196.839246490092
2025-05-31 12:00:00,104097.82040656853,104539.54551377063,103865.05530086723,104484.3828394974,2588.0114041611823
2025-05-31 14:00:00,104484.3828394974,104689.23860216123,104383.71894513306,104649.23493295016,2026.238675065409
2025-05-31 16:00:00,104649.23493295016,104805.1281448346,103067.3860708286,103067.3860708286,2632.1475831938674
2025-05-31 18:00:00,103067.3860708286,103415.71257215294,103067.3860708286,103296.71465837867,2320.4424894379963
2025-05-31 20:00:00,103296.71465837867,103842.68332810623,103250.24632741543,103681.90969522273,2298.722707350665
2025-05-31 22:00:00,103681.90969522273,103851.3576885226,103657.53311269879,103752.4734968586,1708.518683591493
2025-06-01 00:00:00,103965.98099638888,105856.82653358979,103752.31485573134,105830.80178256832,6016.338387828732
2025-06-01 02:00:00,105830.80178256832,107447.05788738072,104760.64132013026,107447.05788738072,10192.868505042337
2025-06-01 04:00:00,107447.05788738072,107447.05788738072,106953.61375606027,107132.69379937205,5397.154240044934
2025-06-01 06:00:00,107132.69379937205,107132.69379937205,106232.45437372096,106451.09931561624,7700.400731930074
2025-06-01 08:00:00,106451.09931561624,106451.09931561624,103769.1333354386,104006.37514985546,5273.895435789916
2025-06-01 10:00:00,104006.37514985546,104072.35255180739,103034.02057121093,103435.61385194545,5202.393139025486
2025-06-01 12:00:00,103435.61385194545,104826.94049020679,103040.58561885364,104652.94210007184,4755.870859933773
2025-06-01 14:00:00,104652.94210007184,105346.36980230539,104434.02597706667,105071.3814169353,5734.99874475983
2025-06-01 16:00:00,105071.3814169353,105864.70564703045,104899.11369575311,105785.07356550173,10819.244487806469
2025-06-01 18:00:00,105785.07356550173,105864.70564703045,103164.84598970198,103364.53590448528,9922.776506505912
2025-06-01 20:00:00,103364.53590448528,103847.37744200916,103341.89673821899,103702.33290121668,8645.196427438908
2025-06-01 22:00:00,103702.33290121668,104181.01413570615,100220.09820338679,101097.82290926138,6196.799110320832
2025-06-02 00:00:00,101057.64936327602,101247.67374620125,101055.60225905188,101220.7360414691,5756.4270512821995
2025-06-02 02:00:00,101220.7360414691,101324.81195129153,101167.67639626318,101265.9823627695,9467.015818882168
2025-06-02 04:00:00,101265.9823627695,101452.51244735478,101161.31644338876,101317.43696971926,3715.9889913933985
2025-06-02 06:00:00,101317.43696971926,101418.38431252523,101256.63459795732,101394.5672692636,3681.401157140152
2025-06-02 08:00:00,101394.5672692636,101697.78636496315,101224.89793782428,101546.33292350458,5298.568195483598
2025-06-02 10:00:00,101546.33292350458,101561.81144338517,101484.26919647114,101488.2378999901,3752.547023129206
2025-06-02 12:00:00,101488.2378999901,101737.52650612792,101084.78657550692,101572.248964036,5997.630774703331
2025-06-02 14:00:00,101572.248964036,101717.77456776782,101566.32637681562,101681.79181402638,4370.980794146605
2025-06-02 16:00:00,101681.79181402638,101712.27289205654,101574.21352014368,101576.15598359526,4339.966351834094
2025-06-02 18:00:00,101576.15598359526,101757.34214201815,101485.35674649014,101655.14446948082,8668.026617059002
2025-06-02 20:00:00,101655.14446948082,101820.69249013932,101439.1509121391,101795.48813245849,5496.68290796942
2025-06-02 22:00:00,101795.48813245849,101926.58272657923,101728.08544518721,101896.07839577136,5415.915653746428
2025-06-03 00:00:00,101888.11030014293,102059.9837363165,101328.53644050712,101393.38388558484,3525.7882561556876
2025-06-03 02:00:00,101393.38388558484,101759.9064714127,101276.41827370708,101640.30736559362,4326.755631555771
2025-06-03 04:00:00,101640.30736559362,101693.94876546977,101291.9994466404,101366.19513914995,1855.042076429319
2025-06-03 06:00:00,101366.19513914995,101699.415957379,100970.32883249917,101055.36644067467,2970.7275864501917
2025-06-03 08:00:00,101055.36644067467,101066.55179658657,100955.95186002464,100959.74800585063,4308.166339772608
2025-06-03 10:00:00,100959.74800585063,101258.84751259336,100955.95186002464,101186.9016341259,5203.237158307168
2025-06-03 12:00:00,101186.9016341259,101338.59057995015,101159.27347294032,101159.83623054002,4887.060393813673
2025-06-03 14:00:00,101159.83623054002,101324.2794943789,100906.81356859989,100906.81356859989,2950.246442722
2025-06-03 16:00:00,100906.81356859989,100956.77537096261,100906.81356859989,100953.70580410346,3161.215473826679
2025-06-03 18:00:00,100953.70580410346,100977.1725117628,100775.8538884407,100775.8538884407,2079.625529599696
2025-06-03 20:00:00,100775.8538884407,100865.23771342535,100775.8538884407,100857.59325894185,3090.758294854211
2025-06-03 22:00:00,100857.59325894185,101785.8046875721,100857.59325894185,101511.75166578237,2025.4788837496492
2025-06-04 00:00:00,101547.58324612571,101756.76095544583,100596.92775466581,100664.5469475787,3894.51743319924
2025-06-04 02:00:00,100664.5469475787,100786.37588150564,100632.55754786156,100637.22716911178,6497.5942635278925
2025-06-04 04:00:00,100637.22716911178,100681.6976939611,100497.92620090347,100559.45581609402,2937.5065895340026
2025-06-04 06:00:00,100559.45581609402,100691.99754187286,100237.12591665598,100365.50289989874,3081.019571381158
2025-06-04 08:00:00,100365.50289989874,101756.76095544583,99991.12326077391,101312.2569286227,8114.775377906285
2025-06-04 10:00:00,101312.2569286227,101756.76095544583,101065.5737651028,101600.04203022098,7010.5138293675645
2025-06-04 12:00:00,101600.04203022098,101683.82106415769,101486.9758803139,101505.94830940617,3713.9571893324164
2025-06-04 14:00:00,101505.94830940617,101747.30925071878,100878.5707885572,101087.53337593304,7427.374293237959
2025-06-04 16:00:00,101087.53337593304,101249.71655809305,100965.73046389174,101091.33216974144,7054.897687052932
2025-06-04 18:00:00,101091.33216974144,101351.30489767749,101053.60059074257,101185.5865574616,6609.157492213963
2025-06-04 20:00:00,101185.5865574616,101202.66284872722,100341.79880497328,100352.96716142005,4217.698285864654
2025-06-04 22:00:00,100352.96716142005,100547.81275317568,99991.12326077391,100029.074899596,6716.387620594356
2025-06-05 00:00:00,99736.50666904563,99908.79236611463,99578.35038700872,99578.35038700872,3471.420074164175
2025-06-05 02:00:00,99578.35038700872,99889.9719919709,99578.35038700872,99831.3843457453,3983.385424727976
2025-06-05 04:00:00,99831.3843457453,99840.04136109207,99798.50366476591,99814.97457362043,6320.214498591934
2025-06-05 06:00:00,99814.97457362043,99917.41342324666,99643.60125662827,99764.61341067275,4919.912337430262
2025-06-05 08:00:00,99764.61341067275,100109.18821615331,99729.39494495766,100007.97874354308,3071.032231256433
2025-06-05 10:00:00,100007.97874354308,100187.70812274756,99784.45479773472,100142.77044651074,6457.49986106732
2025-06-05 12:00:00,100142.77044651074,100236.49960108314,99643.60125662827,99719.33711695207,8066.355593048688
2025-06-05 14:00:00,99719.33711695207,100262.70935265739,99643.60125662827,100120.66785239584,4291.833501310119
2025-06-05 16:00:00,100120.66785239584,100277.59722613989,100029.22189454334,100245.80406946412,3368.423389960534
2025-06-05 18:00:00,100245.80406946412,100285.43769967815,100194.99827459839,100234.43122335878,7559.439114892883
2025-06-05 20:00:00,100234.43122335878,100314.58172416744,99759.75704779201,99909.51695065509,4452.554537571952
2025-06-05 22:00:00,99909.51695065509,100206.90316916698,99751.68485468726,100130.95261413953,6044.528704602642
2025-06-06 00:00:00,100305.1514526994,100383.84590870702,100294.614753028,100341.7407456106,4781.447040947187
2025-06-06 02:00:00,100341.7407456106,100499.75990207013,100284.43483525133,100317.192910161,5948.298195253889
2025-06-06 04:00:00,100317.192910161,100319.56099499916,100312.57816017447,100313.98139985432,2711.236161962605
2025-06-06 06:00:00,100313.98139985432,100337.48830678884,100276.00124616803,100305.8632973231,4799.835867025794
2025-06-06 08:00:00,100305.8632973231,100367.15809475843,100302.6097163581,100320.78242135531,2630.279235843013
2025-06-06 10:00:00,100320.78242135531,100384.73506695524,100222.26687295953,100275.78125992151,5383.454535026139
2025-06-06 12:00:00,100275.78125992151,100440.35547022981,100069.44487213586,100263.64399033957,4406.363854957852
2025-06-06 14:00:00,100263.64399033957,100278.31121383964,100228.70637055438,100253.27784370379,2858.8765860042517
2025-06-06 16:00:00,100253.27784370379,100508.70562746003,100055.15703380828,100267.79279979711,5870.4058867104995
2025-06-06 18:00:00,100267.79279979711,100351.76613914092,100201.72178501406,100221.95368713984,3022.917534830739
2025-06-06 20:00:00,100221.95368713984,100240.828065697,100148.22122121812,100171.39367983147,4994.335494949846
2025-06-06 22:00:00,100171.39367983147,100270.3023141344,100115.457006134,100126.33567037694,3018.8729430596914
2025-06-07 00:00:00,100013.25938776729,100358.50020125399,99919.5409433538,100206.6177492674,5307.015737451458
2025-06-07 02:00:00,100206.6177492674,100232.4243792224,100059.53685711234,100167.31039874336,3383.772206060903
2025-06-07 04:00:00,100167.31039874336,100205.16577375022,100136.72208866342,100168.54415381668,5639.775678013334
2025-06-07 06:00:00,100168.54415381668,100395.63005943682,100163.61881047593,100310.13557349452,4125.733367238662
2025-06-07 08:00:00,100310.13557349452,100380.24462477534,100265.60814051756,100277.87888857916,2051.7781504255395
2025-06-07 10:00:00,100277.87888857916,100858.76935454637,99919.05443973157,100525.77313216515,4533.778063490278
2025-06-07 12:00:00,100525.77313216515,100605.20249245568,100212.93261701096,100347.76041926112,3347.226349484374
2025-06-07 14:00:00,100347.76041926112,100554.88454697897,100250.29819879231,100429.04729239449,4856.315425341327
2025-06-07 16:00:00,100429.04729239449,100733.74216596487,100352.72724991715,100669.4072192663,4113.174228326262
2025-06-07 18:00:00,100669.4072192663,101101.2702330257,100643.21462607026,100984.75169561758,4232.450193127213
2025-06-07 20:00:00,100984.75169561758,100997.7009663272,100957.01262667084,100967.46212238766,2807.754650660874
2025-06-07 22:00:00,100967.46212238766,101034.3643775888,100959.4102636248,101023.07229448835,5332.51945163181
2025-06-08 00:00:00,100897.4129603224,101214.95818920473,100682.99892532188,101151.56560867369,4405.410028735944
2025-06-08 02:00:00,101151.56560867369,101214.95818920473,101006.56553672359,101037.51891702256,2425.1763491863862
2025-06-08 04:00:00,101037.51891702256,101044.45354223115,100950.56599628922,101016.94606605073,2446.7871005480624
2025-06-08 06:00:00,101016.94606605073,101017.01428917622,100859.49965026087,100989.3861390858,2757.2072449906123
2025-06-08 08:00:00,100989.3861390858,101263.37896379206,100814.28969894002,101263.37896379206,4184.832754559192
2025-06-08 10:00:00,101263.37896379206,101462.81887828078,101084.03723327817,101462.81887828078,5153.468717611687
2025-06-08 12:00:00,101462.81887828078,101526.3200896989,101373.82864748003,101526.3200896989,4871.81271580992
2025-06-08 14:00:00,101526.3200896989,101526.3200896989,101214.726346472,101302.61800082099,2450.983215754212
2025-06-08 16:00:00,101302.61800082099,101302.61800082099,100872.28453231363,101107.65750695215,2044.1048323402524
2025-06-08 18:00:00,101107.65750695215,101214.95818920473,101034.03922765884,101085.43365308197,5142.703904814224
2025-06-08 20:00:00,101085.43365308197,101214.95818920473,100970.81587967167,101180.01719045038,4976.951388446437
2025-06-08 22:00:00,101180.01719045038,101212.95384038778,100912.80078455762,100984.13741046801,2933.944318076912
2025-06-09 00:00:00,101287.47071245263,101363.41328568796,101058.66261316401,101135.34666061614,4081.7021656040474
2025-06-09 02:00:00,101135.34666061614,101263.1414460154,101114.53633940252,101227.56727307916,4586.466617482952
2025-06-09 04:00:00,101227.56727307916,101272.6636601657,101175.01631456937,101208.00684774292,3688.8043271453766
2025-06-09 06:00:00,101208.00684774292,101286.72968303396,101027.01817165015,101108.43836982432,4064.7401147497117
2025-06-09 08:00:00,101108.43836982432,101154.95903725772,101034.16097595717,101073.96205050126,3123.27752842015
2025-06-09 10:00:00,101073.96205050126,101201.63756326289,100829.32416145301,100990.38362748605,4921.801121091922
2025-06-09 12:00:00,100990.38362748605,101041.06669441592,100742.87132645895,100842.44942840117,3497.171484383886
2025-06-09 14:00:00,100842.44942840117,100914.0248036574,100824.16436169573,100898.08270646253,3418.4139395496504
2025-06-09 16:00:00,100898.08270646253,101007.02842991352,100833.02148107374,100885.80122984634,3239.2352365652932
2025-06-09 18:00:00,100885.80122984634,100937.67191153218,100669.16134948673,100705.69533529197,1849.8159279080282
2025-06-09 20:00:00,100705.69533529197,100847.35834680406,100234.7042162254,100277.76001715485,2014.0638669586885
2025-06-09 22:00:00,100277.76001715485,100373.60980886979,100011.92497564373,100095.15908266648,2257.090626674254
2025-06-10 00:00:00,99695.40177924743,99765.7218428339,97360.74309330812,97360.74309330812,5517.0017651105545
2025-06-10 02:00:00,97360.74309330812,98145.63651370529,94527.15249177224,94527.15249177224,5455.161956918667
2025-06-10 04:00:00,94527.15249177224,98483.77658343523,94527.15249177224,97397.46574967446,2412.3698300773226
2025-06-10 06:00:00,97397.46574967446,106178.72408013593,97397.46574967446,106178.72408013593,5436.000992870467
2025-06-10 08:00:00,106178.72408013593,106246.89972169325,106083.7646117205,106246.89972169325,3657.020449151172
2025-06-10 10:00:00,106246.89972169325,106850.31630172432,106232.78761624955,106850.31630172432,5741.969202374584
2025-06-10 12:00:00,106850.31630172432,106850.31630172432,100191.27574185608,100381.11284219989,4668.637108540951
2025-06-10 14:00:00,100381.11284219989,100381.11284219989,98300.22610674803,98300.22610674803,2556.1105023449413
2025-06-10 16:00:00,98300.22610674803,99039.71185537189,98300.22610674803,98759.83948191961,2927.7486441900824
2025-06-10 18:00:00,98759.83948191961,104293.89089440403,98759.83948191961,104293.89089440403,5056.542590910422
2025-06-10 20:00:00,104293.89089440403,104293.89089440403,99090.70023249794,100570.42294370822,2544.5191192542466
2025-06-10 22:00:00,100570.42294370822,100570.42294370822,98210.64160607234,98210.64160607234,4952.082139886451
2025-06-11 00:00:00,99025.45694387383,99043.14618657524,98962.64302338625,98982.05627577456,10881.320863670877
2025-06-11 02:00:00,98982.05627577456,99320.52554132185,98925.2864180923,99177.68958372147,13730.66671224304
2025-06-11 04:00:00,99177.68958372147,99232.42612132573,98570.47417964843,98757.90848374426,9889.854223773591
2025-06-11 06:00:00,98757.90848374426,98827.36225987927,98570.14525770154,98572.0359538331,8878.530334508836
2025-06-11 08:00:00,98572.0359538331,98735.24672331754,98547.59092195962,98701.24823170355,4865.883427952767
2025-06-11 10:00:00,98701.24823170355,99135.87708228674,98438.07961646901,98873.84452276576,6775.396537087753
2025-06-11 12:00:00,98873.84452276576,99414.6581671086,98686.01402032141,99293.48063614206,9611.918380469724
2025-06-11 14:00:00,99293.48063614206,99927.393223524,99129.1731389317,99679.30035397595,5674.725549083928
2025-06-11 16:00:00,99679.30035397595,99803.9842622036,99413.12423808458,99504.74951097266,9327.820622774052
2025-06-11 18:00:00,99504.74951097266,99680.82759270389,99477.30654054866,99625.61170990957,7273.089761868076
2025-06-11 20:00:00,99625.61170990957,99928.2157282565,99600.62895747939,99812.19693112992,4756.769185042819
2025-06-11 22:00:00,99812.19693112992,99823.9197208433,99771.9773793424,99784.30201543371,5917.687557458027
2025-06-12 00:00:00,99655.26026406008,99700.37593546648,99634.12762275235,99666.82831077428,5436.1428341437
2025-06-12 02:00:00,99666.82831077428,99691.65426024784,99581.5155468604,99606.20593224959,3938.386858068783
2025-06-12 04:00:00,99606.20593224959,99747.96362899795,99403.0950436785,99504.84708973189,2884.1342539245875
2025-06-12 06:00:00,99504.84708973189,99669.028933284,99452.25453059237,99536.32178565602,3216.855040777977
2025-06-12 08:00:00,99536.32178565602,99668.95350311154,99530.33655891835,99568.65617224065,5333.273760014233
2025-06-12 10:00:00,99568.65617224065,99685.52330383491,99427.30669455408,99537.56281108421,3774.64523075832
2025-06-12 12:00:00,99537.56281108421,99805.63425695345,99499.62761550285,99734.98996235942,2994.936275747436
2025-06-12 14:00:00,99734.98996235942,99782.00507092185,99570.67978427949,99642.39640363856,3999.8127930810892
2025-06-12 16:00:00,99642.39640363856,99726.83475286671,99472.15810237387,99596.93279504118,4301.7013564389445
2025-06-12 18:00:00,99596.93279504118,99687.9989709717,99469.93860504507,99560.54899700162,7413.2581451675405
2025-06-12 20:00:00,99560.54899700162,99566.64212939059,99462.96633657691,99490.09809613388,4154.618219667388
2025-06-12 22:00:00,99490.09809613388,99563.8847494258,99193.16865728836,99254.12724811505,7879.338926670275
2025-06-13 00:00:00,98649.02618236128,98913.07997249467,98089.31844447383,98089.31844447383,7656.933634620967
2025-06-13 02:00:00,98089.31844447383,98281.37867462782,98089.31844447383,98214.59491785814,6282.862696339879
2025-06-13 04:00:00,98214.59491785814,98242.24989064029,98186.26407528149,98186.26407528149,4601.004071181008
2025-06-13 06:00:00,98186.26407528149,98938.8210384895,98186.26407528149,98688.68404557854,6530.739065111155
2025-06-13 08:00:00,98688.68404557854,98875.19570650878,98650.93960349633,98727.1764027767,2718.3633647501883
2025-06-13 10:00:00,98727.1764027767,98909.2441144563,98675.15748718701,98877.5273589925,7868.113408192101
2025-06-13 12:00:00,98877.5273589925,98938.8210384895,98813.67548611769,98875.27300860053,5859.211969708993
2025-06-13 14:00:00,98875.27300860053,98960.53001713316,98717.75876468384,98960.53001713316,5834.975895637453
2025-06-13 16:00:00,98960.53001713316,98960.53001713316,98726.6676715185,98770.96631187828,3835.3259196647664
2025-06-13 18:00:00,98770.96631187828,99452.3667455886,98484.97893035792,99452.3667455886,6809.128125053885
2025-06-13 20:00:00,99452.3667455886,99452.3667455886,98804.55864892907,98887.82565412227,6628.2291549162055
2025-06-13 22:00:00,98887.82565412227,98938.8210384895,98821.40854697509,98908.91036317256,7040.654339974766
2025-06-14 00:00:00,98654.30295305369,98714.60577901521,98561.57691891395,98648.64790225295,1744.6097312389838
2025-06-14 02:00:00,98648.64790225295,98679.79065634322,98533.25031729403,98658.35189602338,2802.934112610296
2025-06-14 04:00:00,98658.35189602338,98714.60577901521,98533.25031729403,98655.36336952572,2958.0852014638663
2025-06-14 06:00:00,98655.36336952572,98664.56001119933,98648.26388386374,98654.6517525853,3993.6700725115015
2025-06-14 08:00:00,98654.6517525853,98714.60577901521,98533.25031729403,98670.45342840225,4042.066316771226
2025-06-14 10:00:00,98670.45342840225,98714.60577901521,98664.87376946892,98680.99375023492,3281.0165049397287
2025-06-14 12:00:00,98680.99375023492,98694.42156516787,98661.64991615264,98685.71795227204,3927.522440153944
2025-06-14 14:00:00,98685.71795227204,98714.60577901521,98637.93772060507,98682.63911699539,3954.927105916605
2025-06-14 16:00:00,98682.63911699539,98714.60577901521,98652.9133320105,98686.3364140716,1657.7479573457088
2025-06-14 18:00:00,98686.3364140716,98704.35898458464,98669.66152601651,98684.26656359153,3420.554800280118
2025-06-14 20:00:00,98684.26656359153,98712.45182587109,98640.4371781214,98680.68260477735,2594.023172011092
2025-06-14 22:00:00,98680.68260477735,98714.60577901521,98605.31459760945,98691.55361684997,2393.989754413381
2025-06-15 00:00:00,98723.261101247,98854.79300574298,98317.8768117395,98514.69852610987,3475.2767650312894
2025-06-15 02:00:00,98514.69852610987,99284.16157243062,98308.84806698823,99284.16157243062,2972.118094141202
2025-06-15 04:00:00,99284.16157243062,99284.16157243062,99219.48282307129,99272.8403275206,2354.35980224082
2025-06-15 06:00:00,99272.8403275206,99272.8403275206,99200.61824552943,99265.14069115011,3040.0243986640317
2025-06-15 08:00:00,99265.14069115011,99397.72972866984,99130.22058631975,99397.72972866984,3176.5850733767693
2025-06-15 10:00:00,99397.72972866984,99808.37005799597,99115.31216042743,99808.37005799597,1827.7991448557611
2025-06-15 12:00:00,99808.37005799597,99808.37005799597,99462.83564742003,99556.34816844862,4388.067095449
2025-06-15 14:00:00,99556.34816844862,99556.34816844862,99082.0122545522,99208.03385446033,3245.81219523401
2025-06-15 16:00:00,99208.03385446033,99757.91138791062,99031.62150513931,99757.91138791062,3656.806053368608
2025-06-15 18:00:00,99757.91138791062,99757.91138791062,98962.22282139816,99086.51287805718,4403.1469619089185
2025-06-15 20:00:00,99086.51287805718,99308.71125110515,98955.5983242915,99308.71125110515,1908.4608809180622
2025-06-15 22:00:00,99308.71125110515,99308.71125110515,98388.17613905105,98505.53111162398,3053.5228580227113
2025-06-16 00:00:00,98516.94299816385,98752.04825895398,98471.77511528281,98721.10151952282,4311.911651164357
2025-06-16 02:00:00,98721.10151952282,98849.1534324497,97977.052374195,98339.35451710624,4064.364359348881
2025-06-16 04:00:00,98339.35451710624,98360.35555680236,97351.22687560256,97654.7911693536,5731.96757029082
2025-06-16 06:00:00,97654.7911693536,98060.84982875598,97033.42249295676,97134.83119553316,7069.576973232938
2025-06-16 08:00:00,97134.83119553316,97523.58456583547,96542.83564644949,96559.88263834424,6105.765311100763
2025-06-16 10:00:00,96559.88263834424,96921.87548284988,96270.69707592673,96270.69707592673,8411.477669596126
2025-06-16 12:00:00,96270.69707592673,96915.35473312392,96270.69707592673,96874.07675969152,4864.821075376763
2025-06-16 14:00:00,96874.07675969152,98090.50622932149,96863.48369966532,97543.71270133124,7071.034430538052
2025-06-16 16:00:00,97543.71270133124,97729.19878863884,97008.38405847267,97178.46279627133,5653.471282326735
2025-06-16 18:00:00,97178.46279627133,97838.3256208098,97145.54071523892,97592.41437583145,7210.989754616389
2025-06-16 20:00:00,97592.41437583145,97877.42539517718,96989.04668925948,97046.46156263007,5848.767761346595
2025-06-16 22:00:00,97046.46156263007,97129.57670182956,96542.83564644949,96773.95564084161,5883.291075662738
2025-06-17 00:00:00,97089.70670682457,97477.0630769374,96543.60931108787,96915.29588000552,3517.28974988429
2025-06-17 02:00:00,96915.29588000552,96995.92497509788,96825.65339928951,96970.19319160844,3002.1015743499984
2025-06-17 04:00:00,96970.19319160844,97061.4256696393,96845.48349634788,96933.95539746631,3139.0112740461504
2025-06-17 06:00:00,96933.95539746631,97051.05676136147,96837.21284174721,96847.92116935304,1619.4381310160347
2025-06-17 08:00:00,96847.92116935304,96865.019996114,96840.20087123115,96864.31694704556,2778.757826167861
2025-06-17 10:00:00,96864.31694704556,96907.55763348081,96645.15593746421,96729.28351218459,3378.2383231331696
2025-06-17 12:00:00,96729.28351218459,96788.88325840683,96626.06463921977,96700.72871719874,2334.871890629521
2025-06-17 14:00:00,96700.72871719874,96910.83045103775,96584.19733403974,96788.49669414555,1706.2173734223152
2025-06-17 16:00:00,96788.49669414555,96887.94050352472,96761.48383669023,96887.7034201767,2691.795210617859
2025-06-17 18:00:00,96887.7034201767,96941.33388260928,96829.94668903688,96927.57079444446,3054.551243627627
2025-06-17 20:00:00,96927.57079444446,97049.49548657378,96766.04446573475,96825.23886191023,2062.2974356336567
2025-06-17 22:00:00,96825.23886191023,96948.72467935448,96718.05835102721,96837.25961804026,3235.90028383017
2025-06-18 00:00:00,97195.27716676521,97448.84613504032,96240.72463898668,96348.28283591899,5282.433004060658
2025-06-18 02:00:00,96348.28283591899,96630.41581752928,96142.17407388739,96571.62929475558,6111.211254531584
2025-06-18 04:00:00,96571.62929475558,96892.00006430062,95176.1592012463,95449.55194774031,5790.143061676561
2025-06-18 06:00:00,95449.55194774031,95775.27446944943,94646.22388606535,94742.74928748929,6291.441344415096
2025-06-18 08:00:00,94742.74928748929,94877.28547376434,94591.11180989632,94729.69220282896,6123.216459714736
2025-06-18 10:00:00,94729.69220282896,95272.38184694097,94225.2422003548,94225.2422003548,4176.563708040477
2025-06-18 12:00:00,94225.2422003548,95077.20999008697,94225.2422003548,95032.08240304956,3762.9539324903403
2025-06-18 14:00:00,95032.08240304956,95624.53656976086,94741.32692214979,95547.14618513153,5635.525749038488
2025-06-18 16:00:00,95547.14618513153,95569.93835552115,94860.93237011819,94897.58871530589,4770.197206037886
2025-06-18 18:00:00,94897.58871530589,94929.6244097608,94591.11180989632,94632.61899755972,2977.937865900079
2025-06-18 20:00:00,94632.61899755972,94761.77191562092,94616.13473888313,94709.54834533102,2479.701645966027
2025-06-18 22:00:00,94709.54834533102,94824.45444549664,94707.6827432441,94797.16135180669,3683.867993360957
2025-06-19 00:00:00,95135.68527629485,95229.30777831971,95021.354996807,95059.69536166525,1670.0807822455083
2025-06-19 02:00:00,95059.69536166525,95138.37184246193,95036.34706111731,95089.04393427771,3950.269511206008
2025-06-19 04:00:00,95089.04393427771,95108.42661156069,95076.50148332087,95108.15867894336,2505.5571728720015
2025-06-19 06:00:00,95108.15867894336,95185.16641651165,95025.27009380487,95044.02831153141,2953.653977609187
2025-06-19 08:00:00,95044.02831153141,95146.83414817203,94963.93200298368,95082.6432201317,1655.4958401681592
2025-06-19 10:00:00,95082.6432201317,95101.40621667133,94985.87365467029,95070.04610827405,4078.4334224080494
2025-06-19 12:00:00,95070.04610827405,95135.94237490399,95064.686192898,95117.7462141638,1873.3661840655834
2025-06-19 14:00:00,95117.7462141638,95245.9308105108,94927.19634177122,95130.50276254214,2268.46720080984
2025-06-19 16:00:00,95130.50276254214,95162.3769302621,95087.5021936065,95111.37977505334,3664.210349386062
2025-06-19 18:00:00,95111.37977505334,95191.02245813915,94966.71253197239,95073.66287667974,2710.74356360246
2025-06-19 20:00:00,95073.66287667974,95114.94180189872,95013.56908469339,95038.58690923391,3671.0034520630634
2025-06-19 22:00:00,95038.58690923391,95257.98835466383,94736.63649667386,94999.73352723144,3074.79978435086
2025-06-20 00:00:00,94912.20911979402,95066.46103261359,94698.35003484692,94754.80821039586,6278.508134806119
2025-06-20 02:00:00,94754.80821039586,94971.75952704396,94454.80199206564,94454.80199206564,5739.290288667534
2025-06-20 04:00:00,94454.80199206564,94923.90771219706,94454.80199206564,94851.23944552615,11394.266765949833
2025-06-20 06:00:00,94851.23944552615,95105.38663826225,94095.27108661887,94095.27108661887,8612.499687874055
2025-06-20 08:00:00,94095.27108661887,94149.20559684136,93940.71431719697,93940.71431719697,7895.954430185969
2025-06-20 10:00:00,93940.71431719697,94125.39105947163,93935.89607500605,93935.89607500605,5731.796541996269
2025-06-20 12:00:00,93935.89607500605,94017.32477983285,93935.89607500605,93984.26693924415,5756.884525493927
2025-06-20 14:00:00,93984.26693924415,94735.87693076085,93984.26693924415,94612.82443307234,9748.160498774327
2025-06-20 16:00:00,94612.82443307234,95436.45931929487,94612.82443307234,95199.35844144809,10979.545606632759
2025-06-20 18:00:00,95199.35844144809,95480.63826574948,94892.8709236792,95475.20147963492,6589.40846872911
2025-06-20 20:00:00,95475.20147963492,95532.24274062469,95378.52209907818,95452.6535403946,7322.123451979876
2025-06-20 22:00:00,95452.6535403946,96298.44971945464,95140.16575129985,96103.9825459966,8599.932477607052
2025-06-21 00:00:00,95938.59820908202,95947.77112064773,95865.80358243742,95879.35916786123,2855.247039588326
2025-06-21 02:00:00,95879.35916786123,95947.77112064773,95420.02267224177,95714.74258063434,4535.861923843298
2025-06-21 04:00:00,95714.74258063434,95821.1038016364,95484.06633378427,95520.99989852856,5470.629406651228
2025-06-21 06:00:00,95520.99989852856,95665.06226445947,95220.28766333553,95438.28830434557,6959.71614142638
2025-06-21 08:00:00,95438.28830434557,95475.42965832585,95303.59390188326,95356.81906337713,5651.650587815484
2025-06-21 10:00:00,95356.81906337713,95417.1575431888,95112.66827236376,95220.74583508492,4709.202333860995
2025-06-21 12:00:00,95220.74583508492,95298.40247618119,95040.45903704446,95169.63458113423,3686.836277972328
2025-06-21 14:00:00,95169.63458113423,95236.48052794948,95040.45903704446,95158.46010761839,3999.5696535669067
2025-06-21 16:00:00,95158.46010761839,95294.36717609265,94928.61416740046,94928.61416740046,6257.435478040111
2025-06-21 18:00:00,94928.61416740046,95094.86977901794,94928.61416740046,95055.598105313,3709.919702356664
2025-06-21 20:00:00,95055.598105313,95430.9631673105,95004.94562218833,95004.94562218833,4459.147335267286
2025-06-21 22:00:00,95004.94562218833,95068.69657773912,95004.94562218833,95048.14623620176,7143.806279410191
2025-06-22 00:00:00,94983.54396231842,96693.30292511931,94861.05630297538,96628.94589028577,3786.2491021290903
2025-06-22 02:00:00,96628.94589028577,96815.0377495316,95258.88518278518,95672.34526145365,2024.6029502625313
2025-06-22 04:00:00,95672.34526145365,95862.48666588681,94712.30141159678,94915.65041550674,1913.9849724977157
2025-06-22 06:00:00,94915.65041550674,96950.61589192298,94325.86170372301,96950.61589192298,4038.317908080228
2025-06-22 08:00:00,96950.61589192298,96950.61589192298,94555.60664121859,95461.87609327934,1584.677113380173
2025-06-22 10:00:00,95461.87609327934,95579.42079118894,95295.07712204554,95568.86769945998,4035.561209900996
2025-06-22 12:00:00,95568.86769945998,95656.67182164245,95543.76928993409,95654.97491538581,2282.4828657545995
2025-06-22 14:00:00,95654.97491538581,95867.0299397023,94927.87790433239,95181.64884534598,3618.7382565299263
2025-06-22 16:00:00,95181.64884534598,95549.27863233724,95082.60566717833,95441.74142113971,2131.903720319979
2025-06-22 18:00:00,95441.74142113971,95442.40453841812,94387.05473150694,94468.11837059147,1475.7923438835687
2025-06-22 20:00:00,94468.11837059147,94557.06276089705,94286.27584119437,94286.27584119437,3007.4518880535616
2025-06-22 22:00:00,94286.27584119437,96054.06430451214,94286.27584119437,95627.94299600596,1721.5938513732715
2025-06-23 00:00:00,95179.76336301485,96057.98086749826,92334.44006085959,92334.44006085959,8871.656902384977
2025-06-23 02:00:00,92334.44006085959,92440.12752241442,92118.80153888126,92118.80153888126,5765.616132178181
2025-06-23 04:00:00,92118.80153888126,92356.88692803236,91255.49868225427,91255.49868225427,8323.245104453395
2025-06-23 06:00:00,91255.49868225427,93703.65622892407,91255.49868225427,92938.92641974486,8697.0359365427
2025-06-23 08:00:00,92938.92641974486,92962.97004789651,92365.33729910571,92365.33729910571,9042.744810854414
2025-06-23 10:00:00,92365.33729910571,93523.17029932985,92365.33729910571,93391.41027358765,11483.499601915744
2025-06-23 12:00:00,93391.41027358765,93488.08018988211,93236.82252117312,93236.82252117312,5190.31341729987
2025-06-23 14:00:00,93236.82252117312,93313.28117238263,92148.7249957463,92148.7249957463,7129.937492841141
2025-06-23 16:00:00,92148.7249957463,95383.65578856287,92148.7249957463,94656.06954163202,11439.51454484955
2025-06-23 18:00:00,94656.06954163202,95949.62614219078,94365.56458041002,95892.6728372585,8455.10581098032
2025-06-23 20:00:00,95892.6728372585,96925.2595737758,95777.63445286607,96525.6765935155,5457.857131049075
2025-06-23 22:00:00,96525.6765935155,98783.38899570683,96047.66082121401,98506.53697244565,11041.272433457547
2025-06-24 00:00:00,98912.52294388824,99234.79743542826,97044.09224880772,97565.58614231605,8759.318716779258
2025-06-24 02:00:00,97565.58614231605,98397.03296276955,97200.41746115823,98308.3985617259,9895.471462706419
2025-06-24 04:00:00,98308.3985617259,98501.51508458299,95846.6357689743,95846.6357689743,8867.004759180069
2025-06-24 06:00:00,95846.6357689743,100948.95154773393,95846.6357689743,100948.95154773393,6654.071189479803
2025-06-24 08:00:00,100948.95154773393,100948.95154773393,94892.17703270142,94892.17703270142,6241.574199522715
2025-06-24 10:00:00,94892.17703270142,95997.67413466219,94892.17703270142,95756.22625246654,6625.069388702127
2025-06-24 12:00:00,95756.22625246654,96779.88415389179,92886.53610235432,92886.53610235432,11818.009398094644
2025-06-24 14:00:00,92886.53610235432,93238.45727168309,92018.03547588139,92018.03547588139,7779.132831593545
2025-06-24 16:00:00,92018.03547588139,94102.29261061229,92018.03547588139,93770.52466702518,8900.74628334718
2025-06-24 18:00:00,93770.52466702518,95204.59046326866,93770.52466702518,94805.46506758154,5708.91539893146
2025-06-24 20:00:00,94805.46506758154,94848.77722890748,93840.84764777767,93840.84764777767,4589.630936079508
2025-06-24 22:00:00,93840.84764777767,97022.70478675628,93840.84764777767,96130.25750179507,4583.834406610712
2025-06-25 00:00:00,96608.60815750163,96834.20994376899,95770.53670761627,95770.53670761627,7094.0248894242595
2025-06-25 02:00:00,95770.53670761627,95922.00049190922,95394.62712434717,95394.62712434717,12199.47430039812
2025-06-25 04:00:00,95394.62712434717,95453.87558582587,94892.74286292931,94892.74286292931,13637.800239572329
2025-06-25 06:00:00,94892.74286292931,95443.23663831248,94892.74286292931,95279.37718085095,13696.868627352123
2025-06-25 08:00:00,95279.37718085095,95288.28327990063,95228.68024107424,95228.68024107424,5961.43555811293
2025-06-25 10:00:00,95228.68024107424,95402.57707192218,94899.2120670627,94899.2120670627,10258.639237642525
2025-06-25 12:00:00,94899.2120670627,95847.45681879633,94899.2120670627,95512.97724456752,13017.479806685458
2025-06-25 14:00:00,95512.97724456752,95532.43065716761,94921.24973919164,94921.24973919164,13653.430260702631
2025-06-25 16:00:00,94921.24973919164,95776.13258816008,94921.24973919164,95287.37880431392,10021.58975321588
2025-06-25 18:00:00,95287.37880431392,96288.61831688778,95287.37880431392,96024.69485542286,14807.996442699792
2025-06-25 20:00:00,96024.69485542286,96525.70225845832,96024.69485542286,96372.52398171912,5991.516146482094
2025-06-25 22:00:00,96372.52398171912,96834.20994376899,96372.52398171912,96771.336078901,14789.80910004353
2025-06-26 00:00:00,96316.31610780155,96605.41862398868,96260.70546932216,96455.3552295821,2817.788614049716
2025-06-26 02:00:00,96455.3552295821,96585.40960663826,96121.49518846389,96191.8867356217,1934.6872426293855
2025-06-26 04:00:00,96191.8867356217,96467.84494225947,96069.24193345969,96420.65938719224,2469.9587879767414
2025-06-26 06:00:00,96420.65938719224,96486.13670378669,96069.01692735692,96154.49903715047,3665.5746532857306
2025-06-26 08:00:00,96154.49903715047,96178.0743304308,96044.18898863974,96058.70703767294,2351.6580927565683
2025-06-26 10:00:00,96058.70703767294,96069.38584695524,95973.23336945658,95982.07759445603,1678.7590084768865
2025-06-26 12:00:00,95982.07759445603,96232.661953481,95835.26554686349,96112.42557810117,2279.8880515610026
2025-06-26 14:00:00,96112.42557810117,96276.47221667327,95608.77467654087,95608.77467654087,2621.019950520812
2025-06-26 16:00:00,95608.77467654087,96148.95499685554,95608.77467654087,95966.24195994105,2147.9454512983216
2025-06-26 18:00:00,95966.24195994105,97033.34354279756,95743.36049804075,96638.94287932452,1926.8954477734912
2025-06-26 20:00:00,96638.94287932452,97132.38325172006,96583.07595761876,96948.02042833951,2258.594290104707
2025-06-26 22:00:00,96948.02042833951,97207.10291781841,96851.5174507915,97156.03434737079,1888.370962163707
2025-06-27 00:00:00,97065.29905861198,97442.22343580374,96100.42588915798,96534.50703607243,5249.765205267335
2025-06-27 02:00:00,96534.50703607243,96629.16528736975,95708.80069343622,96043.16417116419,3425.251548446101
2025-06-27 04:00:00,96043.16417116419,96708.1222150254,95971.76582815388,96686.79456595646,3807.1435687292083
2025-06-27 06:00:00,96686.79456595646,97045.08094515161,96606.94910149268,96924.57787880463,6673.327470275444
2025-06-27 08:00:00,96924.57787880463,97303.9917827055,96118.27224471902,96379.66226048126,7367.281651406712
2025-06-27 10:00:00,96379.66226048126,96539.69641627025,95915.51095993596,96200.98621065906,3823.341745866005
2025-06-27 12:00:00,96200.98621065906,96417.74274835079,95283.97746738992,95519.98266170104,7249.531061798397
2025-06-27 14:00:00,95519.98266170104,97003.01674892509,95283.97746738992,96329.70040832803,3045.8448695441157
2025-06-27 16:00:00,96329.70040832803,96408.59949013405,95848.76743257644,95882.94100260583,4506.734188403471
2025-06-27 18:00:00,95882.94100260583,96239.11928568267,95283.97746738992,95366.55874007732,5600.495068330502
2025-06-27 20:00:00,95366.55874007732,95501.2116625004,95163.24025416009,95163.24025416009,4649.921324758188
2025-06-27 22:00:00,95163.24025416009,95469.63346118074,95163.24025416009,95372.53350447236,4819.3542641196045
2025-06-28 00:00:00,95951.45907823463,96342.26676900519,95002.91244858768,95135.22538227073,9718.671391692165
2025-06-28 02:00:00,95135.22538227073,95318.5760712183,94281.9931275426,94281.9931275426,6917.136792660332
2025-06-28 04:00:00,94281.9931275426,95798.59079279257,94281.9931275426,95451.3076771025,5236.9774874510795
2025-06-28 06:00:00,95451.3076771025,96178.48539576937,95254.56182857364,96120.82775124123,8131.741932970236
2025-06-28 08:00:00,96120.82775124123,96345.6597351847,95482.34776229542,95501.93951994402,4366.567133314209
2025-06-28 10:00:00,95501.93951994402,96023.67656997596,94519.80422264739,94519.80422264739,6380.541689011688
2025-06-28 12:00:00,94519.80422264739,95840.22276769816,94519.80422264739,95524.03367199852,5205.598080707344
2025-06-28 14:00:00,95524.03367199852,96625.88242665783,95385.69734135621,96274.23020816768,5107.957974368649
2025-06-28 16:00:00,96274.23020816768,96462.92564172478,95994.05760683377,96015.73837218125,4401.330447322901
2025-06-28 18:00:00,96015.73837218125,96580.62919050903,95847.40678313343,96418.22601979469,4547.619219823578
2025-06-28 20:00:00,96418.22601979469,96701.03338484031,95492.62728190211,95845.5495233189,6906.878752320379
2025-06-28 22:00:00,95845.5495233189,96833.85484246047,95683.02827402712,96545.54413187398,5322.974231901179
2025-06-29 00:00:00,96455.97389871404,96487.41093288996,96371.90097755924,96450.73864075918,4726.148200961046
2025-06-29 02:00:00,96450.73864075918,96503.41907543536,96344.10043200022,96408.81985593686,3890.436895954623
2025-06-29 04:00:00,96408.81985593686,96425.65340698425,96384.71651258522,96389.36195235616,4105.95263042302
2025-06-29 06:00:00,96389.36195235616,96452.84852205431,96309.53220854727,96396.82643909026,3271.6873131062252
2025-06-29 08:00:00,96396.82643909026,96523.60978660973,96163.06283382891,96380.92935284544,2979.368701531631
2025-06-29 10:00:00,96380.92935284544,96416.04079860801,96319.42063547157,96339.80641991856,4165.883121362367
2025-06-29 12:00:00,96339.80641991856,96406.06463490787,96260.26746326446,96340.24337856822,3967.3662871954434
2025-06-29 14:00:00,96340.24337856822,96378.6721624045,96302.93650857364,96353.26539911715,2027.2247251864596
2025-06-29 16:00:00,96353.26539911715,96473.30538674557,96350.58604027788,96376.38858674023,3175.790581756139
2025-06-29 18:00:00,96376.38858674023,96455.89636075763,96352.81858324684,96365.89828448798,2090.926018961035
2025-06-29 20:00:00,96365.89828448798,96529.35595539327,96256.97413585101,96350.18483275859,4756.912243912502
2025-06-29 22:00:00,96350.18483275859,96409.20074348195,96331.84060558399,96361.79565111158,5116.038583906933
2025-06-30 00:00:00,96604.48428044874,96740.14872841485,96443.32124414972,96603.07348459428,3286.002922490263
2025-06-30 02:00:00,96603.07348459428,96651.44449174333,96364.55184854906,96451.46805419547,4209.917782895261
2025-06-30 04:00:00,96451.46805419547,96455.22237278853,96381.4706119608,96400.48684212398,2630.0581424708857
2025-06-30 06:00:00,96400.48684212398,96435.68250488008,96393.01370538885,96415.92022775307,3957.1429679164794
2025-06-30 08:00:00,96415.92022775307,96548.85581608638,96342.05443557976,96544.00470093313,3100.353397911142
2025-06-30 10:00:00,96544.00470093313,96648.60897134726,96236.61212920886,96290.15860863366,4326.238475901272
2025-06-30 12:00:00,96290.15860863366,96351.26359025142,96169.55491143608,96211.03666431253,3351.263140334283
2025-06-30 14:00:00,96211.03666431253,96213.88473953101,96191.97165028715,96202.54962957457,2609.018429718585
2025-06-30 16:00:00,96202.54962957457,96318.00459690568,96197.12142306821,96290.71245202498,4666.602513545817
2025-06-30 18:00:00,96290.71245202498,96486.10409065433,96016.12850974732,96152.65303796092,4418.475418926303
2025-06-30 20:00:00,96152.65303796092,96173.94964847549,95844.20095199268,96062.79149426983,3463.961711166845
2025-06-30 22:00:00,96062.79149426983,96117.94823688183,95992.40063877912,96017.98392719639,4022.45238042037
2025-07-01 00:00:00,96399.55225686065,96412.1744386864,96338.49163751332,96406.27949151871,3650.365496744221
2025-07-01 02:00:00,96406.27949151871,96414.52431204155,96369.44024172246,96399.89872446327,1934.017831325881
2025-07-01 04:00:00,96399.89872446327,96434.07034092172,96369.99823613299,96391.58198610364,2482.7954095169634
2025-07-01 06:00:00,96391.58198610364,96571.97305655168,96297.77550904006,96411.19962925914,3229.865180901091
2025-07-01 08:00:00,96411.19962925914,96637.17295581414,96205.47901920018,96417.08135326084,1396.5570288821095
2025-07-01 10:00:00,96417.08135326084,96458.59272966767,96401.44696846658,96415.70207929342,3436.431723013829
2025-07-01 12:00:00,96415.70207929342,96514.62058305777,96409.23181042178,96411.77254468515,2936.0396382142326
2025-07-01 14:00:00,96411.77254468515,96428.19271667671,96410.86080412798,96414.14603406984,1720.4949771674596
2025-07-01 16:00:00,96414.14603406984,96519.31813106648,96236.0563462282,96416.12011459992,1758.4576332545794
2025-07-01 18:00:00,96416.12011459992,96416.91454060735,96323.10214496586,96414.6945395799,3565.770116581589
2025-07-01 20:00:00,96414.6945395799,96432.93113827854,96398.75084017843,96419.21044533781,3716.314524397822
2025-07-01 22:00:00,96419.21044533781,96432.06512227787,96407.7848175712,96425.22277364407,3028.657478391905
2025-07-02 00:00:00,95901.74462144163,96056.85465869468,95901.38952483391,96010.62735172632,3721.6716785113204
2025-07-02 02:00:00,96010.62735172632,96072.34122672868,96007.99298387307,96050.36656401887,3311.1041524689
2025-07-02 04:00:00,96050.36656401887,96096.4032474139,95945.72218750318,95984.99038030852,3803.2147333322514
2025-07-02 06:00:00,95984.99038030852,96033.30175916963,95777.60214581335,95856.86520377174,2729.909250435784
2025-07-02 08:00:00,95856.86520377174,95956.68604260265,95836.5052525919,95839.57839388582,2767.9156641989675
2025-07-02 10:00:00,95839.57839388582,95934.72039635853,95782.57859549606,95829.88705870295,2848.495631808873
2025-07-02 12:00:00,95829.88705870295,95942.83406758694,95689.96629420569,95695.6342912166,3082.1833362043008
2025-07-02 14:00:00,95695.6342912166,95976.30276156035,95689.96629420569,95756.87266042037,2282.8687040320006
2025-07-02 16:00:00,95756.87266042037,96031.42758345051,95689.96629420569,95738.2596869806,2665.069495095293
2025-07-02 18:00:00,95738.2596869806,95983.12209674418,95689.96629420569,95912.17682927425,4366.8981790792795
2025-07-02 20:00:00,95912.17682927425,96084.33890488645,95773.34944691304,96004.66396408787,1758.6871032823685
2025-07-02 22:00:00,96004.66396408787,96286.10117206888,95990.78722366135,96222.15774791391,4118.120872368735
2025-07-03 00:00:00,96275.16887920973,96304.05409718673,95400.89653927706,95520.32215741127,6891.512101093944
2025-07-03 02:00:00,95520.32215741127,95675.13430767677,95145.71563845841,95262.9373747946,3096.4731391043333
2025-07-03 04:00:00,95262.9373747946,95517.85060970478,94847.01344183626,95003.76371414556,4787.650948399108
2025-07-03 06:00:00,95003.76371414556,95012.65717128266,94844.4751481514,94844.4751481514,6521.094114123227
2025-07-03 08:00:00,94844.4751481514,95153.18252827412,94120.7951478874,94120.7951478874,4678.211036155303
2025-07-03 10:00:00,94120.7951478874,94150.65052347946,94115.42069217075,94115.42069217075,3452.0973159658743
2025-07-03 12:00:00,94115.42069217075,95304.87848207499,94115.42069217075,94959.25927471794,4167.0849117902035
2025-07-03 14:00:00,94959.25927471794,95042.27459767139,94924.85688410576,94980.56754012826,3800.3025731120574
2025-07-03 16:00:00,94980.56754012826,95294.92581392877,93987.54171298625,93987.54171298625,5030.61168745761
2025-07-03 18:00:00,93987.54171298625,94375.88534392237,93987.54171298625,94263.12601560167,3704.9219653349087
2025-07-03 20:00:00,94263.12601560167,94382.65982466826,94263.12601560167,94376.08858121534,3518.027827039351
2025-07-03 22:00:00,94376.08858121534,95074.91295604766,94376.08858121534,94864.706309215,4288.707980156928
2025-07-04 00:00:00,95232.232615745,95266.07735197312,94936.55336334302,95051.55887102504,3927.3626840747147
2025-07-04 02:00:00,95051.55887102504,95275.30400630452,94213.4348789538,94329.81975282179,3040.085274023238
2025-07-04 04:00:00,94329.81975282179,94338.77814670229,93695.18222973343,93695.18222973343,2567.86230224893
2025-07-04 06:00:00,93695.18222973343,93776.8214732052,93424.31335526265,93424.31335526265,3789.157319758572
2025-07-04 08:00:00,93424.31335526265,94441.00630230563,93424.31335526265,94058.05069304744,4662.80087882229
2025-07-04 10:00:00,94058.05069304744,94599.23954873564,93919.81276492019,94518.55278828385,4360.78274594666
2025-07-04 12:00:00,94518.55278828385,94533.04194595768,94375.17264624964,94398.15726430503,2313.7272675676118
2025-07-04 14:00:00,94398.15726430503,94839.56476511076,94313.41206518517,94605.16521974318,4852.390092703262
2025-07-04 16:00:00,94605.16521974318,94851.01347590883,93919.81276492019,93992.03786405065,3605.735009828301
2025-07-04 18:00:00,93992.03786405065,95690.12276103007,93919.81276492019,95105.74868839294,4373.414794374856
2025-07-04 20:00:00,95105.74868839294,95107.23501890768,95090.2830811407,95099.59184695577,5449.532859633549
2025-07-04 22:00:00,95099.59184695577,95295.83235363894,94272.38269085097,94590.94169589705,3323.8689451016457
2025-07-05 00:00:00,94704.34675807544,94922.8621141562,94212.44675366223,94340.40841694544,5480.422674514207
2025-07-05 02:00:00,94340.40841694544,94427.62340391433,93925.76604108982,93925.76604108982,3639.6819132848295
2025-07-05 04:00:00,93925.76604108982,94769.80239542633,93925.76604108982,94391.92736637447,3049.124449682565
2025-07-05 06:00:00,94391.92736637447,94594.69675671148,93984.55071894432,94116.1316080025,7435.055533271108
2025-07-05 08:00:00,94116.1316080025,94865.52801550431,93984.55071894432,94485.86204984062,7823.003224413972
2025-07-05 10:00:00,94485.86204984062,94644.30578520124,93984.55071894432,94036.92604849968,6113.162486162139
2025-07-05 12:00:00,94036.92604849968,94155.50929088879,94027.99387067469,94114.32394520057,6833.504817124885
2025-07-05 14:00:00,94114.32394520057,94158.55561783204,93812.23783001318,93812.23783001318,4758.243121419922
2025-07-05 16:00:00,93812.23783001318,94922.8621141562,93812.23783001318,94673.51575004304,3947.9983073853705
2025-07-05 18:00:00,94673.51575004304,95059.35031261011,94568.51236606638,95059.35031261011,6787.508872117709
2025-07-05 20:00:00,95059.35031261011,95059.35031261011,94067.31544240683,94345.27056554383,3870.1650363752547
2025-07-05 22:00:00,94345.27056554383,94413.39285138538,94098.50816046976,94245.50884050514,3340.096977738116
2025-07-06 00:00:00,94344.88515559435,94597.7998270283,94327.11820207557,94578.99622170469,1597.8349457569855
2025-07-06 02:00:00,94578.99622170469,94763.00238230077,94469.01429180466,94617.72183810681,3966.181884592926
2025-07-06 04:00:00,94617.72183810681,94737.36763909552,94389.12365233756,94515.34456207317,4384.030171901674
2025-07-06 06:00:00,94515.34456207317,94553.39319344483,94227.82817325374,94317.53388016204,4155.080152442775
2025-07-06 08:00:00,94317.53388016204,94456.2383854601,93969.05099384073,94115.2286730567,2531.0056068557483
2025-07-06 10:00:00,94115.2286730567,94159.78566732229,93960.7200566119,94059.71896029158,1669.9091416637593
2025-07-06 12:00:00,94059.71896029158,94153.83910464773,94054.23517530381,94110.8326542452,2989.790317150163
2025-07-06 14:00:00,94110.8326542452,94464.73102428978,93574.60050130218,93638.24251264593,3423.669850798063
2025-07-06 16:00:00,93638.24251264593,93742.92688464522,93444.90343788282,93444.90343788282,3894.3702522244885
2025-07-06 18:00:00,93444.90343788282,93742.38043192853,93444.90343788282,93734.79723763521,2869.500713465158
2025-07-06 20:00:00,93734.79723763521,93835.59404876313,93678.95830935119,93805.7492691955,2453.0410660538078
2025-07-06 22:00:00,93805.7492691955,93969.09290901935,93729.89987220109,93868.91439159078,3178.9646633119733
2025-07-07 00:00:00,94071.20191775575,94627.9895345732,93917.64761163124,94380.43618026855,2983.8663525287784
2025-07-07 02:00:00,94380.43618026855,94383.6559658001,94285.76285115576,94287.99865074543,1710.1040424248904
2025-07-07 04:00:00,94287.99865074543,94645.46598026114,93762.36506576178,93982.39940295379,4085.8904006470975
2025-07-07 06:00:00,93982.39940295379,94174.78536469943,93513.24744653076,93705.22096312702,2070.2990587377863
2025-07-07 08:00:00,93705.22096312702,93794.07619170408,93454.95614492428,93515.79361758054,2118.4106005418475
2025-07-07 10:00:00,93515.79361758054,93591.84842823472,93374.49678317732,93450.07900387624,1869.6065485588447
2025-07-07 12:00:00,93450.07900387624,93840.22750617152,93309.71757163192,93758.91593125316,2106.6511021922956
2025-07-07 14:00:00,93758.91593125316,93999.78342010187,93655.6378234823,93907.33405202374,3523.5474302754824
2025-07-07 16:00:00,93907.33405202374,94052.320785466,93549.56077494135,93666.50745661628,3652.786229470194
2025-07-07 18:00:00,93666.50745661628,93745.60290378184,93487.78566825735,93560.44855121363,1536.832467418506
2025-07-07 20:00:00,93560.44855121363,93583.31877152107,93527.06451220241,93544.90350579169,1496.4823959438345
2025-07-07 22:00:00,93544.90350579169,93561.45514833847,93470.35400164731,93511.5371743761,3567.935726018599
2025-07-08 00:00:00,92975.65941023026,93807.05524482799,92596.64651090773,93616.32756937835,4680.888584494319
2025-07-08 02:00:00,93616.32756937835,93632.19358458873,93590.22499499671,93599.49781063669,5685.563438686192
2025-07-08 04:00:00,93599.49781063669,93773.97846493027,93347.62080819289,93415.15866077872,4275.001300630319
2025-07-08 06:00:00,93415.15866077872,93805.67745131502,92837.38743341125,93010.35732327109,4219.848697817176
2025-07-08 08:00:00,93010.35732327109,93394.94638036669,92960.19953238941,93270.51228438767,2960.3848294294044
2025-07-08 10:00:00,93270.51228438767,93300.8942396537,92613.72852543477,92831.77838929655,2989.1937163208236
2025-07-08 12:00:00,92831.77838929655,93433.92740109657,92537.87091872955,93323.21676032715,5916.87909428773
2025-07-08 14:00:00,93323.21676032715,93548.03787110139,92864.77587481543,93044.7991315171,2407.929173984246
2025-07-08 16:00:00,93044.7991315171,93125.54996480138,92828.53303959595,92912.04558291953,2770.8470217780696
2025-07-08 18:00:00,92912.04558291953,93029.97170651259,92753.40027401254,92851.71384450921,2327.087818472024
2025-07-08 20:00:00,92851.71384450921,92917.20840707455,92811.75579833779,92869.93439880942,5843.40863570711
2025-07-08 22:00:00,92869.93439880942,93507.38819398405,92781.85082802926,93267.11484320015,5519.474989808473
2025-07-09 00:00:00,93331.26686764046,94039.53647879773,90982.47090268778,90982.47090268778,3772.4979304687145
2025-07-09 02:00:00,90982.47090268778,91178.47854547655,90511.96028457952,90511.96028457952,4600.14831470626
2025-07-09 04:00:00,90511.96028457952,94039.53647879773,90511.96028457952,93868.49045135356,2173.0176951091485
2025-07-09 06:00:00,93868.49045135356,95489.30138512806,93036.32412949727,95489.30138512806,3101.6351720546486
2025-07-09 08:00:00,95489.30138512806,95489.30138512806,94137.48448364844,94743.04341402778,5206.629265114923
2025-07-09 10:00:00,94743.04341402778,94743.04341402778,94630.41145208974,94730.041949544,4791.2470724702125
2025-07-09 12:00:00,94730.041949544,95491.70469942428,94656.07635892117,95491.70469942428,2026.6548076413965
2025-07-09 14:00:00,95491.70469942428,96084.02628534246,95119.31328361691,96084.02628534246,3521.786962706008
2025-07-09 16:00:00,96084.02628534246,96084.02628534246,95215.57283199187,95439.51956934253,3344.8919196470024
2025-07-09 18:00:00,95439.51956934253,95439.51956934253,92199.84717551783,92199.84717551783,2755.3119539218583
2025-07-09 20:00:00,92199.84717551783,92633.7575081401,92199.84717551783,92558.0045731911,4632.377905628601
2025-07-09 22:00:00,92558.0045731911,93344.46187937549,92558.0045731911,93092.96804495623,4255.8405194429615
2025-07-10 00:00:00,93498.84544694146,93982.64893766632,91427.465662669,91866.81055688407,8756.66756789691
2025-07-10 02:00:00,91866.81055688407,92013.83469633355,90954.03795868295,90955.51437803879,6172.6959581777255
2025-07-10 04:00:00,90955.51437803879,90963.57708894121,90405.9492254062,90618.29691446868,6131.704752755979
2025-07-10 06:00:00,90618.29691446868,91744.41488599718,90482.37409474155,91446.5041164514,11039.10018768713
2025-07-10 08:00:00,91446.5041164514,91474.62801743567,91252.42127098962,91290.57051680498,5431.095042097166
2025-07-10 10:00:00,91290.57051680498,91566.74851142135,90022.27863394188,90266.42643243687,5718.398227416141
2025-07-10 12:00:00,90266.42643243687,91068.12267795809,89975.77240184878,90765.33369569763,6756.365266754078
2025-07-10 14:00:00,90765.33369569763,92131.45793768004,90493.94178372728,91677.1242864376,4834.219150349076
2025-07-10 16:00:00,91677.1242864376,91709.22756107555,91663.63945105208,91673.16690962127,7373.035094594602
2025-07-10 18:00:00,91673.16690962127,92135.56404589993,89719.12365098688,90263.68156627828,8822.433399262609
2025-07-10 20:00:00,90263.68156627828,90952.53338606103,89973.75300769617,90885.96810479823,7324.005549822915
2025-07-10 22:00:00,90885.96810479823,91059.81068863689,90232.79336075457,90287.42257891128,10057.283057547114
2025-07-11 00:00:00,90175.89721069267,90528.50362079972,89434.69363970804,89474.18941963442,7347.779749475004
2025-07-11 02:00:00,89474.18941963442,90164.03543079567,89448.09763562786,90037.14647931297,3582.699311909942
2025-07-11 04:00:00,90037.14647931297,90924.15786826798,89773.1831590897,90585.0570342968,4261.786226689202
2025-07-11 06:00:00,90585.0570342968,90747.73110268923,90499.77571233967,90646.11264314788,8339.978102148001
2025-07-11 08:00:00,90646.11264314788,90687.60628936681,90483.6684000476,90554.81165892039,8604.772357525393
2025-07-11 10:00:00,90554.81165892039,90609.88989275524,90273.1913716357,90316.93695154291,7496.156163815634
2025-07-11 12:00:00,90316.93695154291,90475.9245184316,90228.40075376084,90422.75924392078,4043.7731472156665
2025-07-11 14:00:00,90422.75924392078,90878.00875706298,90156.60997251814,90867.76930946516,6791.621703795494
2025-07-11 16:00:00,90867.76930946516,91070.52027813373,90676.12961091746,90882.29603133746,3347.7446050988874
2025-07-11 18:00:00,90882.29603133746,91104.71135202642,90110.52790915509,90316.1557509993,8293.267722423137
2025-07-11 20:00:00,90316.1557509993,90376.29172587773,88586.74186141907,89001.92487083063,4272.741507619461
2025-07-11 22:00:00,89001.92487083063,89011.84918810298,88881.63914464354,88928.9018500989,5599.40753212445
2025-07-12 00:00:00,88733.56372087882,89025.10630167124,87913.71655863553,88154.51389385737,6104.4931831883105
2025-07-12 02:00:00,88154.51389385737,88493.12942812477,85775.95884987214,85775.95884987214,5687.117366688727
2025-07-12 04:00:00,85775.95884987214,85877.21129681557,82465.05245586138,82465.05245586138,4624.333055041877
2025-07-12 06:00:00,82465.05245586138,82545.95489268309,82096.4733243098,82096.4733243098,6981.385141133178
2025-07-12 08:00:00,82096.4733243098,85781.43418518074,82096.4733243098,85017.80636030613,2956.6263597996917
2025-07-12 10:00:00,85017.80636030613,88491.86375495682,85017.80636030613,87925.39939338539,4395.843583315107
2025-07-12 12:00:00,87925.39939338539,89186.82516269383,87861.52582517182,89151.45082179313,6756.030728084838
2025-07-12 14:00:00,89151.45082179313,91072.49297726079,88042.00783095138,91072.49297726079,4898.712497897197
2025-07-12 16:00:00,91072.49297726079,91072.49297726079,90744.92206575947,90806.95467834752,4779.004575190376
2025-07-12 18:00:00,90806.95467834752,91145.10439237153,90526.99582415202,91145.10439237153,5244.9469691228205
2025-07-12 20:00:00,91145.10439237153,91145.10439237153,87203.91107078042,88345.43183787652,3658.3989877758695
2025-07-12 22:00:00,88345.43183787652,88902.54500606071,86639.85716763831,87049.64619041153,4233.308185184727
2025-07-13 00:00:00,87380.23864351866,87578.31450229553,87376.19724393936,87501.20247925518,3865.0434415963846
2025-07-13 02:00:00,87501.20247925518,87807.79785659176,87285.18755643518,87807.79785659176,3245.222983783708
2025-07-13 04:00:00,87807.79785659176,88343.28541609898,87665.29505398008,88343.28541609898,3960.9701364889825
2025-07-13 06:00:00,88343.28541609898,88343.28541609898,88206.58744181668,88207.7598068674,4300.054506964778
2025-07-13 08:00:00,88207.7598068674,88207.7598068674,87865.33594907033,87980.96477804148,4004.872419340526
2025-07-13 10:00:00,87980.96477804148,88034.60368501824,87945.423239208,88034.60368501824,3298.0995181344924
2025-07-13 12:00:00,88034.60368501824,88064.93069888712,87986.22194364392,88064.93069888712,2974.2893705408887
2025-07-13 14:00:00,88064.93069888712,88222.52457280092,87948.42294246852,88222.52457280092,3446.4199581178505
2025-07-13 16:00:00,88222.52457280092,88222.52457280092,88092.73558507189,88156.82640338197,3197.586232589912
2025-07-13 18:00:00,88156.82640338197,88156.82640338197,87776.75874870436,87872.46545538575,3455.0807106229577
2025-07-13 20:00:00,87872.46545538575,87872.46545538575,87535.01868522869,87560.10453538914,1733.365571124012
2025-07-13 22:00:00,87560.10453538914,87614.29532371489,87233.01778830001,87246.01787910152,3305.1960249508725
2025-07-14 00:00:00,87036.50552487788,87060.79410205336,86996.79289801767,87034.05823948226,3872.4427062478835
2025-07-14 02:00:00,87034.05823948226,87060.79410205336,86990.61830697098,87035.18077778781,3478.0777362488993
2025-07-14 04:00:00,87035.18077778781,87060.79410205336,86990.61830697098,87033.0353656821,4481.979008094222
2025-07-14 06:00:00,87033.0353656821,87060.79410205336,86990.61830697098,87029.21165416279,4650.692180689831
2025-07-14 08:00:00,87029.21165416279,87060.79410205336,87014.61039621448,87027.55406987605,2887.438189075861
2025-07-14 10:00:00,87027.55406987605,87060.79410205336,86990.61830697098,87021.18004780506,2089.083802390653
2025-07-14 12:00:00,87021.18004780506,87052.45004436604,86990.61830697098,87019.4182423301,3563.846274211828
2025-07-14 14:00:00,87019.4182423301,87048.57098352726,87000.72308513492,87016.28486274173,3777.7441806237807
2025-07-14 16:00:00,87016.28486274173,87027.52655527847,87010.8909139705,87015.1709819795,5247.330591024723
2025-07-14 18:00:00,87015.1709819795,87020.05836963604,87003.82229372382,87013.79006726445,4740.775066800467
2025-07-14 20:00:00,87013.79006726445,87014.22800114765,86998.17189740186,87012.23626153069,4694.752435455861
2025-07-14 22:00:00,87012.23626153069,87060.79410205336,86990.61830697098,87015.32935986988,2048.293562090175
2025-07-15 00:00:00,87016.71685723924,87160.28893170648,86909.06662833902,87002.7660118747,3783.8949719414686
2025-07-15 02:00:00,87002.7660118747,87007.493693569,86867.05588509937,86917.8610113639,3574.844358498707
2025-07-15 04:00:00,86917.8610113639,86968.40832192566,86800.31897666612,86885.36681333442,3434.4746585598837
2025-07-15 06:00:00,86885.36681333442,86938.26654580691,86669.95653470069,86775.32205954228,5719.027774720087
2025-07-15 08:00:00,86775.32205954228,86815.35085742727,86775.15442789508,86777.94396440963,3186.7701748689938
2025-07-15 10:00:00,86777.94396440963,86865.9529799209,86667.2692759006,86754.8763725323,3938.9484396777625
2025-07-15 12:00:00,86754.8763725323,86781.49655803158,86716.05743042055,86755.19519298547,2373.225817225748
2025-07-15 14:00:00,86755.19519298547,86779.24588352746,86737.85993127056,86773.55735968228,4345.122018838015
2025-07-15 16:00:00,86773.55735968228,86817.74830279194,86720.77550472514,86770.65624802906,5758.358356595211
2025-07-15 18:00:00,86770.65624802906,86798.09122534846,86577.17082205218,86663.6631806887,4720.440026747001
2025-07-15 20:00:00,86663.6631806887,86733.92726068322,86600.40259947263,86675.03363803258,3295.796568512829
2025-07-15 22:00:00,86675.03363803258,86842.23836736055,86544.73363378074,86632.68115652728,4846.046499011336
2025-07-16 00:00:00,86546.4719495177,86713.29914794929,83594.72912603145,83594.72912603145,4468.488509595139
2025-07-16 02:00:00,83594.72912603145,84802.2453370043,83594.72912603145,84436.00778805083,2830.808833027861
2025-07-16 04:00:00,84436.00778805083,84896.28784907518,83514.98524014048,83514.98524014048,3132.0353500003625
2025-07-16 06:00:00,83514.98524014048,83664.08793643948,83514.98524014048,83550.8411507112,2103.764441122981
2025-07-16 08:00:00,83550.8411507112,85615.76454227671,83550.8411507112,85386.79272779069,4249.774625004312
2025-07-16 10:00:00,85386.79272779069,85484.60037201505,85386.79272779069,85439.33283887157,2075.2739709322022
2025-07-16 12:00:00,85439.33283887157,86304.79138072183,85439.33283887157,86147.24655378524,3030.545382050436
2025-07-16 14:00:00,86147.24655378524,86157.47737929001,85822.78993448781,85824.49059747971,3080.854580839947
2025-07-16 16:00:00,85824.49059747971,86973.74572883373,85637.09612335195,86973.74572883373,4909.201009830345
2025-07-16 18:00:00,86973.74572883373,86973.74572883373,86633.71857832087,86684.11203921838,5292.6071351990095
2025-07-16 20:00:00,86684.11203921838,86713.29914794929,84541.87496963712,84541.87496963712,3467.4146359634183
2025-07-16 22:00:00,84541.87496963712,85612.57685102125,84541.87496963712,85609.23462388251,5111.080322063614
2025-07-17 00:00:00,85708.63008829285,85929.47900195805,85642.71534760139,85657.24451578829,4163.801691649577
2025-07-17 02:00:00,85657.24451578829,85794.29579488607,85618.96240903458,85775.41813654771,6670.372293244732
2025-07-17 04:00:00,85775.41813654771,86160.56963684126,85633.41839920024,86097.38323403495,7991.423304020356
2025-07-17 06:00:00,86097.38323403495,86213.11205811043,86012.35656418081,86170.51203777161,8435.499455527484
2025-07-17 08:00:00,86170.51203777161,86282.01350946567,86122.90567861029,86235.32666984551,3315.899576671501
2025-07-17 10:00:00,86235.32666984551,86512.15465970844,86155.19480803332,86451.1993870355,8363.74168039341
2025-07-17 12:00:00,86451.1993870355,86512.15465970844,85931.93387184203,85956.24803056977,3173.0036464269456
2025-07-17 14:00:00,85956.24803056977,86103.03351029902,85611.61917783573,85692.7058796932,4194.141959076534
2025-07-17 16:00:00,85692.7058796932,86067.79007894633,85624.83036695687,86022.78189932855,3272.5318705300665
2025-07-17 18:00:00,86022.78189932855,86106.0299776061,86022.27759125178,86081.80336791587,4942.774727989779
2025-07-17 20:00:00,86081.80336791587,86391.03334623406,86025.8423927615,86300.0279440257,7071.739332263936
2025-07-17 22:00:00,86300.0279440257,86443.676893254,86099.43934533105,86191.29016009966,6721.008791110499
2025-07-18 00:00:00,86617.93467075133,87596.18731287894,86447.03888123017,87596.18731287894,4252.023438814946
2025-07-18 02:00:00,87596.18731287894,88142.63693530929,87590.72784709529,88142.63693530929,3223.151057224787
2025-07-18 04:00:00,88142.63693530929,88457.69271170262,87822.33486238768,88457.69271170262,4225.498921001855
2025-07-18 06:00:00,88457.69271170262,88457.69271170262,88194.30869149131,88288.51393704997,1825.2986103987803
2025-07-18 08:00:00,88288.51393704997,88288.51393704997,86360.07557213365,86982.48470957633,3439.189960952017
2025-07-18 10:00:00,86982.48470957633,88058.22309754786,86900.82194277312,88058.22309754786,3349.3519398693215
2025-07-18 12:00:00,88058.22309754786,88146.20755631579,88039.71690416847,88146.20755631579,2005.0434094422546
2025-07-18 14:00:00,88146.20755631579,88146.20755631579,87253.68104399263,87436.47294610324,2969.094213993257
2025-07-18 16:00:00,87436.47294610324,87436.47294610324,86903.54005640806,87145.30563402019,2433.7998461680536
2025-07-18 18:00:00,87145.30563402019,87145.30563402019,87032.55680314614,87115.5563388314,3547.066809901529
2025-07-18 20:00:00,87115.5563388314,87450.38035157428,86950.76702994268,87450.38035157428,2660.646621174198
2025-07-18 22:00:00,87450.38035157428,87450.38035157428,85789.99110092575,86054.78652844497,3515.5090610206244
2025-07-19 00:00:00,85601.94029720487,87916.5896731497,85093.48799952769,87916.5896731497,3941.1310808870257
2025-07-19 02:00:00,87916.5896731497,88259.68601820958,87895.91341312743,88259.68601820958,9463.13332250149
2025-07-19 04:00:00,88259.68601820958,88259.68601820958,87832.68754241662,88003.75960463414,6071.145910001734
2025-07-19 06:00:00,88003.75960463414,88003.75960463414,87515.60394667712,87601.0591962639,10222.392657771568
2025-07-19 08:00:00,87601.0591962639,87601.0591962639,87484.78535711064,87548.55730269126,4728.479643062902
2025-07-19 10:00:00,87548.55730269126,87548.55730269126,86081.16303156578,86606.95269425905,5283.696988001668
2025-07-19 12:00:00,86606.95269425905,86642.53287578595,86255.57986241435,86366.06688813353,10184.716880298054
2025-07-19 14:00:00,86366.06688813353,86449.87495761408,86285.77070831727,86290.62198261522,8438.595450250023
2025-07-19 16:00:00,86290.62198261522,86503.74896241685,85627.42606067727,85880.43037631568,9003.385687906908
2025-07-19 18:00:00,85880.43037631568,87359.01971426711,85795.28166791768,87359.01971426711,4718.987500684545
2025-07-19 20:00:00,87359.01971426711,87359.01971426711,85843.01725380763,85894.27549100158,7382.881841175136
2025-07-19 22:00:00,85894.27549100158,86154.54002005467,85789.75745306961,86134.43394697968,8640.701057518241
2025-07-20 00:00:00,85951.01839379985,89100.98983245884,85816.19625717925,89100.98983245884,4984.216299226342
2025-07-20 02:00:00,89100.98983245884,118839.80566957015,85816.19625717925,118839.80566957015,4517.03778838194
2025-07-20 04:00:00,118839.80566957015,118839.80566957015,104885.31844719965,106587.1235501713,2708.49180394661
2025-07-20 06:00:00,106587.1235501713,106587.1235501713,91393.86220649953,94573.91467984345,3140.4463019569066
2025-07-20 08:00:00,94573.91467984345,105334.61640935423,93089.39636798798,105334.61640935423,4481.315457472118
2025-07-20 10:00:00,105334.61640935423,105334.61640935423,76965.29732973581,76965.29732973581,2772.1225883107636
2025-07-20 12:00:00,76965.29732973581,83384.02209896917,53875.995332947154,53875.995332947154,4323.046889555845
2025-07-20 14:00:00,53875.995332947154,57224.97955720145,44744.477914891366,44744.477914891366,5290.856599230466
2025-07-20 16:00:00,44744.477914891366,46083.463048886224,41016.85736761891,41016.85736761891,4000.155311317515
2025-07-20 18:00:00,41016.85736761891,52232.630426868105,41016.85736761891,48687.25819095457,3864.464350326997
2025-07-20 20:00:00,48687.25819095457,63542.65194785491,48687.25819095457,59884.026549353264,3712.6746146568194
2025-07-20 22:00:00,59884.026549353264,72746.23070499305,59884.026549353264,68524.78567094177,4936.118126018665
2025-07-21 00:00:00,86508.20955311871,86605.70473419465,86240.71476241162,86557.4854016732,6858.384878327502
2025-07-21 02:00:00,86557.4854016732,86693.0514059319,86294.62112486434,86456.73982155579,8783.921370831622
2025-07-21 04:00:00,86456.73982155579,86562.78020002825,85937.90204226506,86205.51555085252,7375.219475934231
2025-07-21 06:00:00,86205.51555085252,86414.2088431931,86194.83590586693,86248.24090205734,8213.634668417426
2025-07-21 08:00:00,86248.24090205734,86502.85161248372,85944.91359413238,86380.45087829322,5558.437114657846
2025-07-21 10:00:00,86380.45087829322,86470.58580814526,86213.99093604328,86281.4081413184,5738.668257893588
2025-07-21 12:00:00,86281.4081413184,86326.51063096574,86191.6868114403,86211.12491765775,4758.251964872531
2025-07-21 14:00:00,86211.12491765775,86415.20449892683,85532.24993354958,85854.97262692516,6927.845561386253
2025-07-21 16:00:00,85854.97262692516,86175.97116919143,85724.91673352325,86116.61728653531,6642.954520690687
2025-07-21 18:00:00,86116.61728653531,86349.29014491099,86083.56554490059,86261.1655443851,8597.373565854867
2025-07-21 20:00:00,86261.1655443851,86909.11103616668,85998.4111982451,86896.31007204764,5556.558969465123
2025-07-21 22:00:00,86896.31007204764,87044.22854629268,86858.45441622485,87038.22520705905,6712.9535696714
2025-07-22 00:00:00,86970.09359326353,88081.21108776669,86961.20061920137,88081.21108776669,4618.773186438474
2025-07-22 02:00:00,88081.21108776669,88081.21108776669,87521.18984273047,87534.28444625915,1818.158080447559
2025-07-22 04:00:00,87534.28444625915,87636.02805384372,86961.20061920137,86976.25021667026,3457.882328129752
2025-07-22 06:00:00,86976.25021667026,87511.31639201246,86961.20061920137,87422.54838076449,1745.522649250089
2025-07-22 08:00:00,87422.54838076449,87561.64321657493,86976.83432053798,87209.09111369624,1960.891826365281
2025-07-22 10:00:00,87209.09111369624,87684.00014103629,87081.90406334474,87607.13230233714,4208.074577358805
2025-07-22 12:00:00,87607.13230233714,87765.21432452206,87327.24901776077,87366.55717598152,3260.0727377105036
2025-07-22 14:00:00,87366.55717598152,87689.42360019333,87196.45912716976,87628.19796955248,2133.136769599786
2025-07-22 16:00:00,87628.19796955248,87636.37872470143,87424.28117795284,87501.96486982756,4524.488452141478
2025-07-22 18:00:00,87501.96486982756,88907.55348955527,86961.20061920137,88907.55348955527,2768.85559250086
2025-07-22 20:00:00,88907.55348955527,88907.55348955527,88486.28076747822,88644.07787711233,4749.592856486744
2025-07-22 22:00:00,88644.07787711233,88644.07787711233,87585.16963482813,87740.01184138884,4097.646531013375
2025-07-23 00:00:00,87644.00006653347,87824.38332416453,86876.15988754593,87116.19957337876,3895.7396867857647
2025-07-23 02:00:00,87116.19957337876,87350.92678889085,87087.21955074444,87087.26011265068,4359.6152340113
2025-07-23 04:00:00,87087.26011265068,87523.78218886103,86483.83013485374,86483.83013485374,6129.704110950568
2025-07-23 06:00:00,86483.83013485374,86544.67918081691,86068.71500790335,86068.71500790335,3160.2541800190083
2025-07-23 08:00:00,86068.71500790335,86556.99289808149,86068.71500790335,86556.48411294885,7051.668307098735
2025-07-23 10:00:00,86556.48411294885,86969.6723248783,86556.48411294885,86793.78236958547,3722.691127381839
2025-07-23 12:00:00,86793.78236958547,87279.33424681422,86793.78236958547,87124.08857268715,3865.4923197988896
2025-07-23 14:00:00,87124.08857268715,87195.22788020423,87087.15505237936,87162.53697869167,5642.849248464865
2025-07-23 16:00:00,87162.53697869167,87667.51411541879,86978.01890382124,87349.9482637168,4037.349474130988
2025-07-23 18:00:00,87349.9482637168,87824.38332416453,87157.54001364346,87644.87462367762,2855.8612345383217
2025-07-23 20:00:00,87644.87462367762,87689.40196509776,86876.15988754593,86904.26071006327,4046.7634461444527
2025-07-23 22:00:00,86904.26071006327,87087.58220272671,86876.15988754593,87043.62482104579,7870.160385529102
2025-07-24 00:00:00,87185.4592561305,87646.28307388906,85894.19018313546,86358.86256405605,3807.168038135343
2025-07-24 02:00:00,86358.86256405605,86513.80388005053,86170.07776308684,86258.42516009833,7792.191822890504
2025-07-24 04:00:00,86258.42516009833,86285.93641570631,86014.42624226146,86073.29134837797,6642.280524379094
2025-07-24 06:00:00,86073.29134837797,86589.06633696686,85944.35399942438,86532.89161147087,4135.016142294593
2025-07-24 08:00:00,86532.89161147087,86540.99525293612,86350.26915229035,86405.6128094893,5389.585075294602
2025-07-24 10:00:00,86405.6128094893,86774.37951592423,86212.95186231255,86720.58426457652,5400.625645284947
2025-07-24 12:00:00,86720.58426457652,88594.10532486715,86050.68926207651,88081.07640038955,7354.62031613975
2025-07-24 14:00:00,88081.07640038955,89681.7998976878,87934.64288538913,89681.7998976878,5480.856584992649
2025-07-24 16:00:00,89681.7998976878,90032.34406364795,89625.73829153087,90032.34406364795,10617.125421205745
2025-07-24 18:00:00,90032.34406364795,90032.34406364795,89233.76130498134,89499.47284754958,4072.029672656086
2025-07-24 20:00:00,89499.47284754958,89499.47284754958,88100.18541984352,88496.83914947827,5565.448643880798
2025-07-24 22:00:00,88496.83914947827,88589.01337670992,88223.50084076122,88240.50796458025,11105.501091676262
2025-07-25 00:00:00,88536.87254542604,88667.52142040049,88379.46219666883,88388.87392847333,2561.5046626603453
2025-07-25 02:00:00,88388.87392847333,88404.87276151062,88377.5134234162,88377.5134234162,3472.7488454313475
2025-07-25 04:00:00,88377.5134234162,88389.33694977828,88184.28058877384,88184.28058877384,1800.593316490074
2025-07-25 06:00:00,88184.28058877384,88199.76307397745,88173.40520699199,88173.40520699199,4076.021174863159
2025-07-25 08:00:00,88173.40520699199,88174.117485794,88165.26698849048,88165.26698849048,1484.2310926461123
2025-07-25 10:00:00,88165.26698849048,88194.72383385565,88079.20141247993,88079.20141247993,2320.6958197736194
2025-07-25 12:00:00,88079.20141247993,88195.82271862331,88079.20141247993,88194.98248009356,4268.814886092612
2025-07-25 14:00:00,88194.98248009356,88294.3869684924,88194.98248009356,88242.73346565395,4344.874000521874
2025-07-25 16:00:00,88242.73346565395,88543.89602082482,88242.73346565395,88445.10120893229,1812.5526247211076
2025-07-25 18:00:00,88445.10120893229,88615.67013502576,88288.44664939045,88288.44664939045,2796.22539824444
2025-07-25 20:00:00,88288.44664939045,88576.39519989605,88288.44664939045,88513.70288431703,1627.6090665745753
2025-07-25 22:00:00,88513.70288431703,88563.25008009438,88439.73607207405,88507.82932486369,3034.578103664873
2025-07-26 00:00:00,88445.28745700727,88637.41524870927,87971.82122327518,87990.54540212578,4081.132067979672
2025-07-26 02:00:00,87990.54540212578,88056.069835238,87885.56729687768,87924.51246843144,5226.968565588711
2025-07-26 04:00:00,87924.51246843144,88883.74532624202,87850.19254099125,88589.82635571533,2744.9264353870412
2025-07-26 06:00:00,88589.82635571533,88800.4686356099,88509.895409149,88751.97703710971,3831.749716279483
2025-07-26 08:00:00,88751.97703710971,89305.75347942532,88607.71348609356,89261.78121649257,5095.867064990838
2025-07-26 10:00:00,89261.78121649257,89360.18609313718,88831.87458352034,89042.73899458085,4931.600605935568
2025-07-26 12:00:00,89042.73899458085,89076.8724178731,88865.36679913974,88868.84037710424,3366.0485627369117
2025-07-26 14:00:00,88868.84037710424,89173.09524504471,87870.14082910902,87961.9393239615,3469.140272392755
2025-07-26 16:00:00,87961.9393239615,88781.03735163284,87850.80999978732,88765.7606190425,5373.139767226017
2025-07-26 18:00:00,88765.7606190425,89190.7998792376,88654.84841830743,89159.67182231898,4640.911040680892
2025-07-26 20:00:00,89159.67182231898,89644.85746455102,88859.28242458547,89641.61821865555,3472.1527722458654
2025-07-26 22:00:00,89641.61821865555,90531.06377094307,89151.56583448392,90143.26162035618,2424.0000180663824
2025-07-27 00:00:00,90127.64215473678,90143.62967178463,90032.8086834149,90062.47744231504,4561.853236212625
2025-07-27 02:00:00,90062.47744231504,90298.9933749842,90016.67410684678,90179.58912793035,5750.162613724872
2025-07-27 04:00:00,90179.58912793035,90194.57749019789,90072.47560426955,90112.96620133573,4191.326403753538
2025-07-27 06:00:00,90112.96620133573,90316.305724845,90005.25006386549,90273.72151045862,6748.275586299614
2025-07-27 08:00:00,90273.72151045862,90458.17420550412,90190.04608917382,90441.04453334477,2655.8393506282378
2025-07-27 10:00:00,90441.04453334477,90456.44581698364,90088.81174358564,90203.45935095301,2457.877578854509
2025-07-27 12:00:00,90203.45935095301,90340.16486053463,89851.96052223307,89930.15959566741,5502.486043806752
2025-07-27 14:00:00,89930.15959566741,90317.33673015998,89888.8106670258,90269.52410265959,5750.528655027626
2025-07-27 16:00:00,90269.52410265959,90270.62939067202,90108.93095759327,90151.72246304639,2578.1680359616344
2025-07-27 18:00:00,90151.72246304639,90256.83788646592,89866.25195966272,89984.0783215282,4330.169060504002
2025-07-27 20:00:00,89984.0783215282,90096.09561123511,89827.56884578643,89842.33862257561,4172.250528864476
2025-07-27 22:00:00,89842.33862257561,90458.17420550412,89827.56884578643,90283.70252544423,4449.586809383833
2025-07-28 00:00:00,90326.23017109507,91053.38692057981,87924.0937126603,87924.0937126603,10258.542967971387
2025-07-28 02:00:00,87924.0937126603,92429.14164198098,87924.0937126603,92429.14164198098,7705.646857111323
2025-07-28 04:00:00,92429.14164198098,92429.14164198098,88170.88455994696,88170.88455994696,8294.493117999426
2025-07-28 06:00:00,88170.88455994696,89661.55645314553,88170.88455994696,89402.62849699943,5422.20677519443
2025-07-28 08:00:00,89402.62849699943,89902.84813240264,87262.78489823599,87262.78489823599,4743.949296050128
2025-07-28 10:00:00,87262.78489823599,88190.18177922686,85405.8855963571,85405.8855963571,7201.669433434297
2025-07-28 12:00:00,85405.8855963571,90936.07134747271,85405.8855963571,89719.98766551282,5419.399886757068
2025-07-28 14:00:00,89719.98766551282,90029.67971477623,86518.91626395217,86518.91626395217,5046.606390279892
2025-07-28 16:00:00,86518.91626395217,88117.88390653601,86518.91626395217,87757.96309590072,7553.422810215062
2025-07-28 18:00:00,87757.96309590072,89337.36309146644,81266.67113551118,81266.67113551118,9434.878059142142
2025-07-28 20:00:00,81266.67113551118,88551.97422807653,81266.67113551118,87241.66626081638,10777.494998916698
2025-07-28 22:00:00,87241.66626081638,91591.03357768236,87241.66626081638,90534.31159749512,10518.245786916157
2025-07-29 00:00:00,91800.55055031364,92144.23363190808,91086.64417678947,91342.93943984988,7012.251674567936
2025-07-29 02:00:00,91342.93943984988,91720.3882039017,90915.71474131643,91121.45927269688,2774.0222260291466
2025-07-29 04:00:00,91121.45927269688,91144.17272444672,90994.11149098322,91126.08681363187,5422.53794849018
2025-07-29 06:00:00,91126.08681363187,91487.64120418974,90955.8274251825,91344.2527755823,6887.380997704833
2025-07-29 08:00:00,91344.2527755823,91526.87620498255,90935.89332908615,90976.38978947932,4264.5445771514405
2025-07-29 10:00:00,90976.38978947932,91388.2822129413,90968.1682527344,91304.59781976636,4315.285474341164
2025-07-29 12:00:00,91304.59781976636,91527.4629184861,90570.2737730444,90807.70916664295,6798.4116444075
2025-07-29 14:00:00,90807.70916664295,91530.84654356452,90622.43317252588,91431.52761112411,5995.33092077944
2025-07-29 16:00:00,91431.52761112411,91520.40193576075,91235.45507252098,91349.60864282072,2792.850297709417
2025-07-29 18:00:00,91349.60864282072,91350.17560781179,91234.25451013034,91284.91001300425,5562.28869817602
2025-07-29 20:00:00,91284.91001300425,91317.76574360425,90805.19016648413,91054.98347022268,4366.501596951362
2025-07-29 22:00:00,91054.98347022268,91288.85513029795,90529.02011998025,90583.96436233466,6504.593304009173
2025-07-30 00:00:00,89806.33262193609,91090.4194257589,89650.76606751504,90734.35166462247,1905.1297187567056
2025-07-30 02:00:00,90734.35166462247,91565.08914930737,90256.734426492,91479.51149040418,5310.3954728519275
2025-07-30 04:00:00,91479.51149040418,91594.35807558375,90582.98497041925,90885.85047402889,3108.741344798271
2025-07-30 06:00:00,90885.85047402889,91213.01811305547,90751.69053965498,91119.16836886431,1992.121059491191
2025-07-30 08:00:00,91119.16836886431,91249.46088240264,90591.5681073802,90888.65604572669,4209.640330611615
2025-07-30 10:00:00,90888.65604572669,90954.77238840803,90446.4898012564,90533.76871932867,4091.0009477174167
2025-07-30 12:00:00,90533.76871932867,90893.06995047863,90321.07817211267,90801.39524397664,4233.095507146422
2025-07-30 14:00:00,90801.39524397664,91194.78864714787,90614.04355030264,91163.36362519371,5024.69368394575
2025-07-30 16:00:00,91163.36362519371,91264.63113920754,90475.970890568,90494.35766641147,3705.353958713182
2025-07-30 18:00:00,90494.35766641147,90863.70643002802,90454.4582498143,90740.70967058207,4796.872344417509
2025-07-30 20:00:00,90740.70967058207,91110.65807926514,90560.27826109006,91064.65141639969,3003.830407334701
2025-07-30 22:00:00,91064.65141639969,91723.25124321744,90729.716791834,91714.09377423245,5264.215948576921
2025-07-31 00:00:00,91691.19393408511,91774.13709068016,91665.7664531433,91742.52600763054,2373.5674832608947
2025-07-31 02:00:00,91742.52600763054,91804.08627422384,91731.98950344864,91771.62708614045,3236.6009875621176
2025-07-31 04:00:00,91771.62708614045,91775.67332993222,91730.36736108009,91736.6933964529,2837.0198692352496
2025-07-31 06:00:00,91736.6933964529,91867.25484738262,91621.28763256219,91708.83265786857,1669.1445303629607
2025-07-31 08:00:00,91708.83265786857,91759.93383386436,91503.75249746273,91656.38008864387,1278.5657768054148
2025-07-31 10:00:00,91656.38008864387,91685.6843708701,91551.03287963827,91618.04936378483,2266.836359441221
2025-07-31 12:00:00,91618.04936378483,91655.03741707107,91613.86633620464,91640.36182192745,2370.3516527384345
2025-07-31 14:00:00,91640.36182192745,91808.45296862492,91490.00218446458,91655.47991250308,2667.869381078358
2025-07-31 16:00:00,91655.47991250308,91742.03701660421,91644.24571326576,91654.80116273688,2630.303561643647
2025-07-31 18:00:00,91654.80116273688,91655.68547474963,91618.89970331202,91622.97003349938,2102.7385973351325
2025-07-31 20:00:00,91622.97003349938,91652.92164445501,91454.81919410964,91579.26458905477,2832.4569787215237
2025-07-31 22:00:00,91579.26458905477,91592.23055585106,91557.0500556698,91562.39479555677,2123.777630708674
2025-08-01 00:00:00,91606.85577889839,91827.53351871112,91548.04333818892,91710.75114429806,2176.4370833867656
2025-08-01 02:00:00,91710.75114429806,91740.29904576624,91482.4789952055,91594.23586440115,4553.7181156167535
2025-08-01 04:00:00,91594.23586440115,91599.85205600367,91436.79821598424,91510.80056557675,5131.202993227976
2025-08-01 06:00:00,91510.80056557675,91668.68079967804,91433.74897009846,91549.73730127703,2872.5235102184038
2025-08-01 08:00:00,91549.73730127703,91639.3299885779,91374.93406683853,91399.48409986516,4751.2095221835025
2025-08-01 10:00:00,91399.48409986516,91444.26503976755,91375.71942894484,91422.77440652085,1927.22903028399
2025-08-01 12:00:00,91422.77440652085,91553.59864366772,91043.4009202203,91171.33380639061,3401.6806476322963
2025-08-01 14:00:00,91171.33380639061,91274.07989367319,90998.67165299496,91162.87120862832,4373.846665861591
2025-08-01 16:00:00,91162.87120862832,91243.01853666492,91120.35913721747,91225.01689655537,3178.389149709985
2025-08-01 18:00:00,91225.01689655537,91229.75132623626,91153.96595212408,91156.3800190337,3222.4736140944287
2025-08-01 20:00:00,91156.3800190337,91210.7726513458,91018.09629358548,91030.7129880795,3006.7932546862876
2025-08-01 22:00:00,91030.7129880795,91094.69693505215,90764.78036432422,90823.94083062852,4058.785750732323
2025-08-02 00:00:00,90348.97968671027,90360.86583738697,90255.75215815761,90347.00781932502,2164.4325772402867
2025-08-02 02:00:00,90347.00781932502,90461.18999627199,90340.1246431379,90386.10099201986,2716.0439370423264
2025-08-02 04:00:00,90386.10099201986,90406.93438062728,90358.51888946598,90379.03212227959,2942.6933341040644
2025-08-02 06:00:00,90379.03212227959,90425.70700125555,90221.33112312359,90276.34405583233,4993.311934580473
2025-08-02 08:00:00,90276.34405583233,90637.87176357053,90221.33112312359,90407.02823692007,4511.997271130169
2025-08-02 10:00:00,90407.02823692007,90475.91462646364,90295.313612907,90447.8734862059,3902.253589459607
2025-08-02 12:00:00,90447.8734862059,90649.56349042144,90406.46792588383,90611.90965207524,2421.63765615662
2025-08-02 14:00:00,90611.90965207524,90839.25514456374,90473.09247800798,90768.67115677222,4605.816582838127
2025-08-02 16:00:00,90768.67115677222,90790.23451366411,90696.05893852559,90719.52905687333,2097.8227119143685
2025-08-02 18:00:00,90719.52905687333,90753.44803953671,90706.55319760847,90709.64352215038,5001.49682619651
2025-08-02 20:00:00,90709.64352215038,90784.01272524342,90687.8703198151,90754.53249550275,3719.707459912153
2025-08-02 22:00:00,90754.53249550275,91017.84666820698,90695.88622282207,91005.42338141715,1833.4545356967294
2025-08-03 00:00:00,90957.58462630911,91000.74790210977,90949.26799561028,90980.49890214087,2478.3962881267335
2025-08-03 02:00:00,90980.49890214087,91017.92537477323,90917.72830282288,90962.47922265514,5248.007714822985
2025-08-03 04:00:00,90962.47922265514,91099.95275021937,90761.13512017287,90956.55894432294,4528.438484608259
2025-08-03 06:00:00,90956.55894432294,91122.2096952387,90650.25265110804,90859.09935554005,5072.320893096299
2025-08-03 08:00:00,90859.09935554005,90978.27356280721,90787.1563786153,90870.05642547825,3137.3808639953986
2025-08-03 10:00:00,90870.05642547825,90931.14796783894,90855.31597573527,90861.85966057189,3748.1568922424367
2025-08-03 12:00:00,90861.85966057189,90904.77296203941,90738.81713399383,90793.18276290788,2360.4614763704453
2025-08-03 14:00:00,90793.18276290788,90842.39337084227,90701.78122046923,90790.0547416987,5132.656248873899
2025-08-03 16:00:00,90790.0547416987,90792.60240324053,90766.77056154239,90775.64404464183,6067.317869416041
2025-08-03 18:00:00,90775.64404464183,90828.40283997999,90592.58839121807,90657.98571548429,6371.040293560416
2025-08-03 20:00:00,90657.98571548429,90688.09903275364,90527.18126018085,90676.40522994974,4142.597209253344
2025-08-03 22:00:00,90676.40522994974,90801.35638731571,90503.0828224763,90632.49678337667,3074.1120083966325
2025-08-04 00:00:00,90625.11764397765,90791.49691553842,90280.37860883493,90405.39789493277,1517.442364903413
2025-08-04 02:00:00,90405.39789493277,90486.8553501406,90156.92263159598,90300.92735452711,2843.5946195403003
2025-08-04 04:00:00,90300.92735452711,90561.9493528628,90269.14476010723,90502.76902575501,2622.617197517624
2025-08-04 06:00:00,90502.76902575501,90779.24133913487,90463.62689382027,90689.57821053853,1525.1028981935954
2025-08-04 08:00:00,90689.57821053853,90753.11706627533,90606.57049087873,90684.90135855334,3735.681503483108
2025-08-04 10:00:00,90684.90135855334,90823.38957561008,90373.2488073983,90546.51023565138,4276.258517252136
2025-08-04 12:00:00,90546.51023565138,90648.26079994667,90386.92222583153,90521.06717641657,2446.7537074838556
2025-08-04 14:00:00,90521.06717641657,90632.57037933789,90048.18080477543,90168.1005477723,2590.8826131026003
2025-08-04 16:00:00,90168.1005477723,90392.36969571459,89922.14961722647,89933.63629095987,3218.248174875801
2025-08-04 18:00:00,89933.63629095987,90003.05164331642,89922.14961722647,89961.02303540609,3259.1179239914577
2025-08-04 20:00:00,89961.02303540609,89995.78449934354,89878.8594867369,89878.8594867369,3764.1728288398945
2025-08-04 22:00:00,89878.8594867369,90210.02490575433,89878.8594867369,90125.39647172339,3438.3962941628583
2025-08-05 00:00:00,90301.3394038369,90338.61934179442,90118.65614709906,90132.23092037022,1931.3692942598468
2025-08-05 02:00:00,90132.23092037022,90142.22428690243,89897.29218682121,89900.29797692048,4364.38244197394
2025-08-05 04:00:00,89900.29797692048,90081.22713479631,89839.63469478782,89898.67792322146,4835.1202377466
2025-08-05 06:00:00,89898.67792322146,90181.46351103814,89816.61763359803,90178.94902815267,3575.7528990916417
2025-08-05 08:00:00,90178.94902815267,90248.73047480265,89810.25817918772,89981.15071776757,2133.4864375367915
2025-08-05 10:00:00,89981.15071776757,90099.96272113503,89934.67851011973,90054.78341961808,3698.065473783099
2025-08-05 12:00:00,90054.78341961808,90279.2044132815,89580.70448071805,89760.90136269256,2793.317393265553
2025-08-05 14:00:00,89760.90136269256,89785.52829287174,89673.49690852608,89744.46410144155,4064.809410517126
2025-08-05 16:00:00,89744.46410144155,89937.07420792479,89465.88359753804,89465.88359753804,5193.53734170696
2025-08-05 18:00:00,89465.88359753804,89681.52891550222,89465.88359753804,89625.22431823307,4215.381299592341
2025-08-05 20:00:00,89625.22431823307,89872.75467498666,89255.9734496569,89255.9734496569,3407.757461872277
2025-08-05 22:00:00,89255.9734496569,89985.14324231778,89255.9734496569,89705.49969682515,2618.558456506818
2025-08-06 00:00:00,89989.15793080568,89996.07990451319,89752.91066172028,89780.15100603116,5598.21351126219
2025-08-06 02:00:00,89780.15100603116,89923.02647478327,89737.5709965462,89877.65976022118,4036.1723941917853
2025-08-06 04:00:00,89877.65976022118,90725.63340540482,89808.87682491374,90725.63340540482,7746.486566059654
2025-08-06 06:00:00,90725.63340540482,90725.63340540482,88796.05986746648,88796.05986746648,4172.128216682149
2025-08-06 08:00:00,88796.05986746648,90128.0787660134,88796.05986746648,90095.09415548402,2907.168162493519
2025-08-06 10:00:00,90095.09415548402,90128.0787660134,88026.24452649876,88026.24452649876,7900.7253464594205
2025-08-06 12:00:00,88026.24452649876,88870.65931684451,88026.24452649876,88808.37942857313,4240.007691812278
2025-08-06 14:00:00,88808.37942857313,90128.0787660134,88808.37942857313,90085.07272561941,5012.597376023612
2025-08-06 16:00:00,90085.07272561941,90427.25586934142,89994.57082708714,90427.25586934142,4193.695089594033
2025-08-06 18:00:00,90427.25586934142,90427.25586934142,88727.02166585547,88727.02166585547,4588.176711488862
2025-08-06 20:00:00,88727.02166585547,89942.62833821536,88727.02166585547,89894.16538052197,7215.688217068574
2025-08-06 22:00:00,89894.16538052197,90128.0787660134,89031.80567792027,89100.6950995134,3570.531490719414
2025-08-07 00:00:00,89300.33625859329,89315.6223831294,89237.61519187829,89243.13975562736,2763.791503924332
2025-08-07 02:00:00,89243.13975562736,89507.50848347381,89125.62477493596,89262.37788743785,3099.0542100296057
2025-08-07 04:00:00,89262.37788743785,89284.80831057945,89221.71033912024,89280.85422366834,3343.859493223053
2025-08-07 06:00:00,89280.85422366834,89358.99422293546,89166.6585467173,89198.60940568292,4229.371019851615
2025-08-07 08:00:00,89198.60940568292,89270.48648355559,89167.48872474484,89231.42937615128,2698.4532314629705
2025-08-07 10:00:00,89231.42937615128,89237.13703947424,89131.33763162106,89154.90081835464,6775.331855331741
2025-08-07 12:00:00,89154.90081835464,89252.00465818086,88954.67100295337,89078.49506129889,6158.449085707464
2025-08-07 14:00:00,89078.49506129889,89104.93126307605,89048.05175175522,89083.77847133223,5514.98708101321
2025-08-07 16:00:00,89083.77847133223,89153.73788400224,89031.37492268263,89094.81329381237,2504.246831934636
2025-08-07 18:00:00,89094.81329381237,89100.03283919385,88986.97788908692,89006.91943494261,6507.2331078833095
2025-08-07 20:00:00,89006.91943494261,89094.40125930947,88926.14817654094,88967.55262768592,6453.069345530229
2025-08-07 22:00:00,88967.55262768592,89067.49554780658,88918.30698792312,89013.01023127907,5162.4259446516135
2025-08-08 00:00:00,88692.94179688618,89023.3608936295,88679.34224148004,88887.13916776275,2281.7973070451
2025-08-08 02:00:00,88887.13916776275,88937.20311471145,88425.90587253764,88485.90475375931,1892.7671029201422
2025-08-08 04:00:00,88485.90475375931,88701.6036148502,87799.10473230237,87799.10473230237,3064.8045147830135
2025-08-08 06:00:00,87799.10473230237,89112.80697994279,87799.10473230237,88691.51205331816,1535.5890948629306
2025-08-08 08:00:00,88691.51205331816,88890.89602441035,88255.89485523476,88255.89485523476,1905.0783910429552
2025-08-08 10:00:00,88255.89485523476,88339.71135538266,88060.17042750349,88060.17042750349,2587.4026838514687
2025-08-08 12:00:00,88060.17042750349,88626.97202142992,88060.17042750349,88332.66108581815,3265.413961627346
2025-08-08 14:00:00,88332.66108581815,88568.14008982333,88332.66108581815,88379.61354137295,1919.193084081971
2025-08-08 16:00:00,88379.61354137295,89228.12773223282,86869.86481835644,86869.86481835644,2248.575024464994
2025-08-08 18:00:00,86869.86481835644,88604.92562535605,86869.86481835644,88215.04331471413,2115.4878187562613
2025-08-08 20:00:00,88215.04331471413,89296.37815985194,88215.04331471413,89288.16645332424,1916.5366912096956
2025-08-08 22:00:00,89288.16645332424,89296.37815985194,88901.76151462075,88967.49111651743,2366.389015807787
2025-08-09 00:00:00,88822.40976876274,88868.2865824193,88216.74065526326,88319.2399863612,2607.0251215362587
2025-08-09 02:00:00,88319.2399863612,88374.58419953258,88008.0048286617,88143.8920310728,5322.728351790752
2025-08-09 04:00:00,88143.8920310728,88200.88793723029,88141.0457766272,88197.82860828542,4531.53516895048
2025-08-09 06:00:00,88197.82860828542,88312.07975188324,87832.56312116339,88046.12854253221,3229.2041532515586
2025-08-09 08:00:00,88046.12854253221,88180.35071245658,87771.30890730322,87771.30890730322,6233.599156178735
2025-08-09 10:00:00,87771.30890730322,88040.27456856116,87771.30890730322,87981.10100309356,6082.798111754557
2025-08-09 12:00:00,87981.10100309356,89313.98582568821,87785.80020856138,88994.16685862612,5769.608359003906
2025-08-09 14:00:00,88994.16685862612,89989.76547600659,88719.95962076918,89834.55904341553,2500.3104666965387
2025-08-09 16:00:00,89834.55904341553,89989.76547600659,89752.8414312997,89902.52930712399,4095.362975621059
2025-08-09 18:00:00,89902.52930712399,89989.76547600659,89022.4059821513,89314.35198427502,5472.751274618865
2025-08-09 20:00:00,89314.35198427502,89450.87422620003,89036.74313247272,89073.87099485102,5283.220664978748
2025-08-09 22:00:00,89073.87099485102,89095.61346562415,88136.4318483983,88311.00062162032,2185.8036028406045
2025-08-10 00:00:00,88143.36735082189,88225.62919722665,87952.15131936586,87955.8191562368,2249.633560927812
2025-08-10 02:00:00,87955.8191562368,88029.78755197124,87772.38236044954,87897.20784779708,2748.079467281021
2025-08-10 04:00:00,87897.20784779708,88042.50360715289,87794.01355380431,87968.4002629251,4184.511513993592
2025-08-10 06:00:00,87968.4002629251,88081.22900360737,87943.11395851757,88051.7456981034,4193.913605754087
2025-08-10 08:00:00,88051.7456981034,88387.69338745228,87595.55543743577,87889.42840077497,4632.133094225627
2025-08-10 10:00:00,87889.42840077497,87931.38510083311,87831.42844345109,87914.0948772507,3571.6415063778804
2025-08-10 12:00:00,87914.0948772507,88037.90213294451,87738.72551755833,87813.87885258785,3303.3442966610637
2025-08-10 14:00:00,87813.87885258785,87892.03337353042,87683.8207376108,87726.76138115618,3823.3887582508446
2025-08-10 16:00:00,87726.76138115618,87864.9206279779,87393.52014888558,87506.58694585692,2130.560759448903
2025-08-10 18:00:00,87506.58694585692,87600.71845554489,87442.35887118743,87533.69119148295,4900.355327679414
2025-08-10 20:00:00,87533.69119148295,87738.20249759333,87521.72391190642,87688.82601328152,2314.056524283279
2025-08-10 22:00:00,87688.82601328152,87800.44584072847,87594.61111091574,87727.22253374541,2162.322306055203
2025-08-11 00:00:00,87981.895586436,88243.24070174889,87925.46885006186,88153.98107770385,5701.729563316794
2025-08-11 02:00:00,88153.98107770385,88235.63820200045,88038.70050251627,88099.4083852871,3758.798287740179
2025-08-11 04:00:00,88099.4083852871,88137.41926177622,88055.27252716398,88089.95065304398,4300.6709572399295
2025-08-11 06:00:00,88089.95065304398,88100.58641373932,87914.2297278011,87979.5827410594,5561.698675935018
2025-08-11 08:00:00,87979.5827410594,88011.16786747078,87975.02173710645,88000.57009006036,3289.554370293463
2025-08-11 10:00:00,88000.57009006036,88074.73713078456,87867.56597917168,87876.47842956826,5044.148312424611
2025-08-11 12:00:00,87876.47842956826,87992.26040641271,87786.69199131489,87961.22222252462,5874.455242622806
2025-08-11 14:00:00,87961.22222252462,87995.50262075335,87919.70781661732,87938.76423520154,6193.164784241524
2025-08-11 16:00:00,87938.76423520154,87940.44597625667,87921.21680827935,87928.51376853774,5281.861117118948
2025-08-11 18:00:00,87928.51376853774,87997.41155051831,87819.54952386206,87831.57364583272,6046.934467776115
2025-08-11 20:00:00,87831.57364583272,87864.96512351929,87781.50792496384,87827.77174991528,5811.707976008185
2025-08-11 22:00:00,87827.77174991528,87961.95023152657,87513.88832263791,87663.3574425788,5414.271031971488
2025-08-12 00:00:00,88356.28714008434,88478.91639610876,88091.85696551044,88129.29186918958,4531.175988360667
2025-08-12 02:00:00,88129.29186918958,88600.06305757599,87917.39850855217,88527.18400963844,4354.758271702707
2025-08-12 04:00:00,88527.18400963844,89284.45999063633,88453.84457128914,89284.45999063633,7329.730022811401
2025-08-12 06:00:00,89284.45999063633,89497.37380649307,89183.54231218119,89497.37380649307,3805.778397422245
2025-08-12 08:00:00,89497.37380649307,89497.37380649307,89269.93424040526,89339.27693858626,6547.223203948068
2025-08-12 10:00:00,89339.27693858626,89339.27693858626,88343.17851727176,88732.91705561285,3831.6895607035303
2025-08-12 12:00:00,88732.91705561285,88768.70099268788,88529.26481073366,88563.3397383684,9080.05602728926
2025-08-12 14:00:00,88563.3397383684,88695.59810451145,87957.13172635908,88370.17500606114,8100.738635017091
2025-08-12 16:00:00,88370.17500606114,88437.72504085727,88157.6322877082,88184.85813489465,5874.962153634217
2025-08-12 18:00:00,88184.85813489465,88541.31042819297,87077.92440098207,87423.67830577659,5857.003765469905
2025-08-12 20:00:00,87423.67830577659,87483.92015102989,87098.00359031836,87263.90791462372,6236.378080216082
2025-08-12 22:00:00,87263.90791462372,87295.34388155327,87157.67130761294,87187.50547783132,6778.010823844971
2025-08-13 00:00:00,87584.13903625557,87986.66148868742,87493.1411563233,87790.54469415425,3171.66035005804
2025-08-13 02:00:00,87790.54469415425,90476.01945705198,86600.69562305618,90476.01945705198,4923.100626545721
2025-08-13 04:00:00,90476.01945705198,90476.01945705198,90049.85025067517,90134.04980817642,3461.501615230055
2025-08-13 06:00:00,90134.04980817642,90134.04980817642,88555.43571109325,89057.6411880737,5225.780910747327
2025-08-13 08:00:00,89057.6411880737,89571.36391405125,88912.3138889296,89571.36391405125,5061.66784707148
2025-08-13 10:00:00,89571.36391405125,89571.36391405125,87943.8713781403,88263.04541075975,2306.1003892180374
2025-08-13 12:00:00,88263.04541075975,88263.04541075975,85935.19006261921,86101.9040317663,4530.271534833424
2025-08-13 14:00:00,86101.9040317663,86261.34601402031,85530.49841765393,85667.14042367943,4320.161032599218
2025-08-13 16:00:00,85667.14042367943,85670.77879388245,85179.40073910741,85179.40073910741,4060.031507978829
2025-08-13 18:00:00,85179.40073910741,86681.51461308627,85179.40073910741,86544.06094012246,5569.630372232588
2025-08-13 20:00:00,86544.06094012246,86976.51036276828,86250.90995639612,86904.18756010463,5036.758936264381
2025-08-13 22:00:00,86904.18756010463,87548.48519675944,85446.67332131104,85496.53035052659,5936.480177835518
2025-08-14 00:00:00,85606.44506393168,85611.66412382812,85334.55267359836,85454.16132469487,4093.17671969682
2025-08-14 02:00:00,85454.16132469487,85464.1362452267,85410.0342686036,85422.15049267706,4825.438558831784
2025-08-14 04:00:00,85422.15049267706,85435.8495556186,85340.8364943402,85417.78307058389,6384.145476554099
2025-08-14 06:00:00,85417.78307058389,85447.3367607364,85352.01693532136,85428.00559161698,6271.338801979904
2025-08-14 08:00:00,85428.00559161698,85578.79693155565,85398.85620714726,85518.9164251027,5573.443347183208
2025-08-14 10:00:00,85518.9164251027,85536.9813963165,85355.53084724034,85398.3278983094,6765.960284496165
2025-08-14 12:00:00,85398.3278983094,85440.9351276423,85356.30029920941,85438.07808053259,2865.303739161641
2025-08-14 14:00:00,85438.07808053259,85482.88934955811,85334.55267359836,85352.62646258372,3383.6379036822896
2025-08-14 16:00:00,85352.62646258372,85374.92916710165,85248.14928419089,85248.14928419089,2555.0741656973332
2025-08-14 18:00:00,85248.14928419089,85424.03821207122,85211.25763709206,85211.25763709206,3057.535981705619
2025-08-14 20:00:00,85211.25763709206,85233.40578970787,85206.49178919678,85206.49178919678,3769.2536496859066
2025-08-14 22:00:00,85206.49178919678,85429.80982771915,85206.49178919678,85337.78063363142,7269.3726399107245
2025-08-15 00:00:00,85716.65533388595,85965.38085839951,85598.34995467422,85965.38085839951,3895.531161097991
2025-08-15 02:00:00,85965.38085839951,86352.78896320706,85901.89022879589,86352.78896320706,5690.484561870979
2025-08-15 04:00:00,86352.78896320706,86660.95809830548,86289.31499284261,86660.95809830548,5599.223746502366
2025-08-15 06:00:00,86660.95809830548,86757.01469116836,86598.52952824128,86757.01469116836,5507.960957715034
2025-08-15 08:00:00,86757.01469116836,86757.01469116836,86602.42805007257,86671.69950176726,5129.322262146688
2025-08-15 10:00:00,86671.69950176726,86671.69950176726,86110.2590858223,86168.16338157968,3136.4828391236138
2025-08-15 12:00:00,86168.16338157968,86168.16338157968,85717.60680693308,85785.51458687562,3128.3752392991173
2025-08-15 14:00:00,85785.51458687562,85983.81276709659,85709.16862877685,85983.81276709659,3834.6163320707137
2025-08-15 16:00:00,85983.81276709659,85983.81276709659,85032.8484046747,85246.83410677183,2679.7946438013937
2025-08-15 18:00:00,85246.83410677183,85333.25850042418,85011.61144510293,85069.6836178826,2151.413852919209
2025-08-15 20:00:00,85069.6836178826,85225.53005663124,84742.02959551946,84768.38486084351,3948.22100882098
2025-08-15 22:00:00,84768.38486084351,84786.16031148694,84742.02959551946,84784.53983466428,3869.1810700423866
2025-08-16 00:00:00,84959.57174253454,85280.45565139693,84640.90320826235,84682.06196850745,2440.125174590284
2025-08-16 02:00:00,84682.06196850745,84682.99022983131,84640.90320826235,84662.19819300208,2964.027330409609
2025-08-16 04:00:00,84662.19819300208,84842.33496453556,84640.90320826235,84815.87768241727,3559.657828471707
2025-08-16 06:00:00,84815.87768241727,84859.80036479232,84793.11734453378,84820.83844367218,2196.743310556362
2025-08-16 08:00:00,84820.83844367218,85030.27154788564,84674.03189128429,84767.99153003095,3430.0000715194237
2025-08-16 10:00:00,84767.99153003095,85017.98165843282,84712.47551769436,84918.89939123463,2899.440952367469
2025-08-16 12:00:00,84918.89939123463,85314.41253627374,84643.5719293052,85225.41702265415,3218.5091175421594
2025-08-16 14:00:00,85225.41702265415,85431.71538555557,85223.03372559446,85431.71538555557,2961.6693231141953
2025-08-16 16:00:00,85431.71538555557,85431.71538555557,85253.00928212683,85359.9377073351,3726.5355084357693
2025-08-16 18:00:00,85359.9377073351,85359.9377073351,85304.02749580854,85319.82000456873,3273.631991195665
2025-08-16 20:00:00,85319.82000456873,85319.82000456873,85171.47392473264,85220.34058717944,3965.4721740355135
2025-08-16 22:00:00,85220.34058717944,85222.78199343321,85140.27159609186,85174.31684535589,1983.9779185116402
2025-08-17 00:00:00,85109.36516050647,85658.17929019922,84991.76788163168,85528.93357878653,12366.603854897126
2025-08-17 02:00:00,85528.93357878653,85624.53674708457,85487.37824193295,85587.86944911808,7435.650102995987
2025-08-17 04:00:00,85587.86944911808,85700.5299456435,84919.425448838,85121.81275570166,14078.754281678119
2025-08-17 06:00:00,85121.81275570166,85255.30457013863,84728.69148897799,84767.15904649641,11836.776565884029
2025-08-17 08:00:00,84767.15904649641,84812.8651935211,84744.82792657569,84808.06581893435,14518.095321921868
2025-08-17 10:00:00,84808.06581893435,84900.92260201194,84797.70845040759,84851.54083585083,14378.348072760038
2025-08-17 12:00:00,84851.54083585083,85241.56199083688,84770.19993705048,85123.02085801552,11787.340976556525
2025-08-17 14:00:00,85123.02085801552,85697.93430215745,85042.89780902589,85466.01853502402,7406.003776329835
2025-08-17 16:00:00,85466.01853502402,86059.8598564668,85173.54692651967,86059.8598564668,7872.810070856006
2025-08-17 18:00:00,86059.8598564668,86059.8598564668,85522.22838244213,85711.6135759105,7415.96189882173
2025-08-17 20:00:00,85711.6135759105,85752.00108041945,85569.77261086929,85584.16932072968,12972.147563764713
2025-08-17 22:00:00,85584.16932072968,85638.35777547673,85557.23574002815,85606.91701385721,14312.088344052661
2025-08-18 00:00:00,85640.43104319104,85704.89389590922,85277.34810999727,85380.65565041505,5699.528518304272
2025-08-18 02:00:00,85380.65565041505,85569.17943825059,85261.392593312,85548.77391557716,8590.480032314794
2025-08-18 04:00:00,85548.77391557716,86353.52997462243,85191.32213269659,86183.88295374071,5064.655756471411
2025-08-18 06:00:00,86183.88295374071,86247.22731250283,85773.14464038154,86003.19127757126,7859.918722476647
2025-08-18 08:00:00,86003.19127757126,86336.72303353164,85974.63618507764,86281.23434695706,5236.555070022961
2025-08-18 10:00:00,86281.23434695706,87055.2688065252,85753.44856537075,86949.29837469154,6058.308487146873
2025-08-18 12:00:00,86949.29837469154,87020.96632258469,86589.22304306716,86673.734613993,6058.325540048477
2025-08-18 14:00:00,86673.734613993,86727.00466396954,86420.45036766882,86557.92294812955,7164.489643314358
2025-08-18 16:00:00,86557.92294812955,86821.63877478888,86148.81200818709,86154.85403008157,6422.994245414131
2025-08-18 18:00:00,86154.85403008157,86918.3099994968,85973.67751790232,86652.66808610322,8192.199582250381
2025-08-18 20:00:00,86652.66808610322,87055.2688065252,86651.53952518787,87041.91143785002,4251.4004033058945
2025-08-18 22:00:00,87041.91143785002,87055.2688065252,86735.15523183011,86886.06980899362,3798.8352172989075
2025-08-19 00:00:00,86738.53928544249,87462.64984277333,86701.66913338608,87241.1498175044,3063.6487577069183
2025-08-19 02:00:00,87241.1498175044,87588.83227167468,87085.29174358852,87474.46838856858,4058.5399453898885
2025-08-19 04:00:00,87474.46838856858,87874.29286273506,87402.36288385092,87793.92219645747,3648.4324760064324
2025-08-19 06:00:00,87793.92219645747,88156.0305942685,87779.26639024452,88156.0305942685,6695.291562717901
2025-08-19 08:00:00,88156.0305942685,88417.40041124861,88115.43344146448,88417.40041124861,5984.402535522792
2025-08-19 10:00:00,88417.40041124861,88417.40041124861,87352.64610786356,87752.43532341362,4712.150490127749
2025-08-19 12:00:00,87752.43532341362,87800.5169847328,87451.55190815497,87547.11688221508,2544.540254777953
2025-08-19 14:00:00,87547.11688221508,87878.02954202311,87325.59726493397,87779.63328084444,4418.772683100927
2025-08-19 16:00:00,87779.63328084444,87952.1880397978,86948.23449600524,87224.38313009668,3477.3237711098604
2025-08-19 18:00:00,87224.38313009668,87383.2798053215,87167.58333573469,87334.7505157292,3433.900974305005
2025-08-19 20:00:00,87334.7505157292,87862.13529702963,87088.45199608438,87649.75168368607,5556.90178658348
2025-08-19 22:00:00,87649.75168368607,87763.99450344183,87568.4999500344,87761.01673310962,5574.709212528689
2025-08-20 00:00:00,87765.8415006026,87779.0388275611,87623.81452607387,87652.5883409219,3878.2664919832832
2025-08-20 02:00:00,87652.5883409219,87729.69718446127,87532.62725676887,87571.7885544432,1906.3179924028018
2025-08-20 04:00:00,87571.7885544432,87572.54148405317,87298.88513159228,87372.21866776355,4222.494084450979
2025-08-20 06:00:00,87372.21866776355,87377.11037362808,87354.67972066648,87359.78519114848,4307.1476576443265
2025-08-20 08:00:00,87359.78519114848,87513.49005219186,87298.0260270229,87489.22888119727,3526.323026307675
2025-08-20 10:00:00,87489.22888119727,87670.31276266952,87288.59215467179,87636.49371003313,4535.820226972652
2025-08-20 12:00:00,87636.49371003313,87727.30017861085,87385.71841175397,87496.70770711456,2432.906620297584
2025-08-20 14:00:00,87496.70770711456,87638.42718131476,87282.93373269356,87389.99453402011,1982.7324518923604
2025-08-20 16:00:00,87389.99453402011,87473.9535346159,87131.93460034399,87176.8568220814,2874.6087467333905
2025-08-20 18:00:00,87176.8568220814,87253.46808746562,86944.77091511332,87003.57137233012,3869.1670412076937
2025-08-20 20:00:00,87003.57137233012,87025.10590282074,86971.30977567295,87014.65144100442,2350.0696580122826
2025-08-20 22:00:00,87014.65144100442,87041.84678886097,86767.96723076589,86842.9010544955,3505.7392125210004
2025-08-21 00:00:00,87059.02022044065,87218.18942548221,85935.2597234011,86279.31109636131,2419.3670625509153
2025-08-21 02:00:00,86279.31109636131,86337.58504581322,85510.10460907324,85655.54934797599,4005.0149700005736
2025-08-21 04:00:00,85655.54934797599,87970.45462556412,85510.10460907324,87970.45462556412,3049.1857718026986
2025-08-21 06:00:00,87970.45462556412,87970.45462556412,85799.0761383405,86472.01652688568,3925.834714921788
2025-08-21 08:00:00,86472.01652688568,86559.33210375512,85655.54147017999,85897.84048850626,2762.8410432027404
2025-08-21 10:00:00,85897.84048850626,86408.64383173756,85844.50498472167,86284.59284527309,4195.359470961869
2025-08-21 12:00:00,86284.59284527309,87098.86915769998,86020.05233121206,86846.39799886663,2861.680472951212
2025-08-21 14:00:00,86846.39799886663,88380.34129230525,86269.64667242071,88380.34129230525,4191.100374786364
2025-08-21 16:00:00,88380.34129230525,89239.75051037714,88355.22759177489,89239.75051037714,3004.111279046078
2025-08-21 18:00:00,89239.75051037714,91750.45703288064,88516.96961592376,91750.45703288064,4306.099716198737
2025-08-21 20:00:00,91750.45703288064,91750.45703288064,87320.48047056721,88773.34847439826,2570.2357174297963
2025-08-21 22:00:00,88773.34847439826,88773.34847439826,85510.10460907324,86209.57803981335,1749.2431579622785
2025-08-22 00:00:00,86397.436552148,86443.79367848826,86387.99616868654,86425.35384148087,3331.179585764842
2025-08-22 02:00:00,86425.35384148087,86463.73596449681,86311.51361255454,86343.34253177283,5033.617943501651
2025-08-22 04:00:00,86343.34253177283,86380.73581166158,86273.4202881876,86295.61296186829,4162.312382073687
2025-08-22 06:00:00,86295.61296186829,86376.68781086279,86273.4202881876,86274.18616337863,4847.75566612744
2025-08-22 08:00:00,86274.18616337863,86363.12845584947,86273.4202881876,86320.5688651124,4364.746708842355
2025-08-22 10:00:00,86320.5688651124,86401.0421572866,86273.1504897146,86273.1504897146,1945.9546537630447
2025-08-22 12:00:00,86273.1504897146,86293.73828688645,86273.1504897146,86284.3751736568,2211.5089803771393
2025-08-22 14:00:00,86284.3751736568,86391.29855836027,86267.52279545457,86267.52279545457,2138.908643375018
2025-08-22 16:00:00,86267.52279545457,86425.07583888591,86256.67665301812,86256.67665301812,3664.5237540553353
2025-08-22 18:00:00,86256.67665301812,86315.01196204901,86226.25051953444,86226.25051953444,4229.736332491673
2025-08-22 20:00:00,86226.25051953444,86281.0387201672,86226.25051953444,86265.37726482016,4670.8378738299825
2025-08-22 22:00:00,86265.37726482016,86369.18275005407,86265.37726482016,86320.56470870432,5014.293604012489
2025-08-23 00:00:00,86966.48251984491,87174.16833416162,86946.26701902765,87057.7293512584,5891.685489710301
2025-08-23 02:00:00,87057.7293512584,87109.28628893515,86980.83797685469,87033.53935526936,8215.5413395215
2025-08-23 04:00:00,87033.53935526936,87583.38924307363,86822.64167759575,87418.03630791805,4517.567606825037
2025-08-23 06:00:00,87418.03630791805,87479.67745921109,87258.18235237719,87395.20451974953,4309.409869951678
2025-08-23 08:00:00,87395.20451974953,87944.69306072715,87276.03733618782,87710.15875646108,9516.85952699883
2025-08-23 10:00:00,87710.15875646108,87944.69306072715,87341.08787329633,87513.7014455001,3712.920297902052
2025-08-23 12:00:00,87513.7014455001,87553.87426433759,87434.86308803517,87462.62944956323,4960.138589750112
2025-08-23 14:00:00,87462.62944956323,87600.29121520804,87297.49214389114,87413.51853543433,4112.257269780661
2025-08-23 16:00:00,87413.51853543433,87612.73618230443,87229.90713502571,87415.27470903446,5250.59669192546
2025-08-23 18:00:00,87415.27470903446,87493.6438693312,87393.6420210128,87478.30566918041,9596.227142562808
2025-08-23 20:00:00,87478.30566918041,87747.40113601199,87443.84333655357,87584.39108581691,6160.080121153353
2025-08-23 22:00:00,87584.39108581691,87787.71937073354,87495.58655949587,87767.72328188094,4301.785663357348
2025-08-24 00:00:00,87895.91876654643,90048.29146538983,87804.80842505587,90048.29146538983,3323.115490893857
2025-08-24 02:00:00,90048.29146538983,91628.17950310367,89693.70175134028,91628.17950310367,5422.908855232126
2025-08-24 04:00:00,91628.17950310367,91879.20495501184,91573.37075490554,91879.20495501184,4402.884228665904
2025-08-24 06:00:00,91879.20495501184,91879.20495501184,89130.64788351822,89638.82283346655,3350.596914849031
2025-08-24 08:00:00,89638.82283346655,89638.82283346655,89287.06335913982,89397.86264258198,3944.854844132729
2025-08-24 10:00:00,89397.86264258198,89397.86264258198,87079.43207091696,87079.43207091696,5252.538959786466
2025-08-24 12:00:00,87079.43207091696,89496.56557589484,87079.43207091696,89496.56557589484,6106.66989883743
2025-08-24 14:00:00,89496.56557589484,89510.93469371388,89493.74620738984,89510.93469371388,3183.9643112530925
2025-08-24 16:00:00,89510.93469371388,89510.93469371388,87551.7222979946,87551.7222979946,4200.48488184703
2025-08-24 18:00:00,87551.7222979946,89403.76648273836,87551.7222979946,89403.76648273836,2674.172188880477
2025-08-24 20:00:00,89403.76648273836,90812.82716509879,88920.09550067529,90812.82716509879,5108.371253165656
2025-08-24 22:00:00,90812.82716509879,90812.82716509879,87856.19917939977,88813.01093152378,3514.363339053801
2025-08-25 00:00:00,89303.98067286816,89383.12867966182,88709.89492484483,88984.88083963194,10652.401478781785
2025-08-25 02:00:00,88984.88083963194,89184.11845080901,88390.18303186717,88655.99807857072,8975.653723418794
2025-08-25 04:00:00,88655.99807857072,88917.54967737725,88561.34435106548,88833.56057923363,11116.351879437312
2025-08-25 06:00:00,88833.56057923363,88850.63882451193,88384.70479754156,88385.2441544438,9480.928351031145
2025-08-25 08:00:00,88385.2441544438,88475.17686846029,87904.12333948298,87904.12333948298,4266.3502200214225
2025-08-25 10:00:00,87904.12333948298,87969.74336407293,87904.12333948298,87955.09505060855,7823.455222600778
2025-08-25 12:00:00,87955.09505060855,87990.60979652162,87852.53505377032,87852.53505377032,6618.525063304048
2025-08-25 14:00:00,87852.53505377032,88525.49044283248,87852.53505377032,88267.48489885278,8496.95285744982
2025-08-25 16:00:00,88267.48489885278,88568.50182292667,87738.81506658484,87738.81506658484,9288.414739858468
2025-08-25 18:00:00,87738.81506658484,88303.80349471973,87738.81506658484,87955.2916901294,4973.6223165446245
2025-08-25 20:00:00,87955.2916901294,88267.43277636069,87955.2916901294,88179.5303586392,9627.297890105217
2025-08-25 22:00:00,88179.5303586392,88375.37063206086,88171.01367079925,88350.93920422389,7610.220952143731
2025-08-26 00:00:00,88202.57481865938,88351.08058654882,88124.82433747187,88194.29681658176,2991.429126102952
2025-08-26 02:00:00,88194.29681658176,88254.28885712415,88100.91476017199,88211.16541856021,3128.9606492570947
2025-08-26 04:00:00,88211.16541856021,88267.96577218923,88199.0221400267,88240.12471779031,2885.3458454131232
2025-08-26 06:00:00,88240.12471779031,88332.8894005596,88195.30202108852,88311.6619677432,2869.521325978376
2025-08-26 08:00:00,88311.6619677432,88353.90897335362,88292.07316487674,88350.54616749186,1757.0586017433052
2025-08-26 10:00:00,88350.54616749186,88484.23442902724,88221.0632855493,88413.63271088556,2503.455420798258
2025-08-26 12:00:00,88413.63271088556,88502.01494875283,88332.04840110707,88490.1230295081,3150.8057493457673
2025-08-26 14:00:00,88490.1230295081,88670.80198281679,88479.22626472567,88587.49839189566,1481.241429529261
2025-08-26 16:00:00,88587.49839189566,88820.05211548654,88422.51752050158,88653.03639448549,3781.5051909926788
2025-08-26 18:00:00,88653.03639448549,88678.5495626566,88558.36930203634,88593.83969371371,1685.6667723016792
2025-08-26 20:00:00,88593.83969371371,88775.5128498898,88413.49519324396,88574.32552744301,2121.4871169963644
2025-08-26 22:00:00,88574.32552744301,88653.69537616996,88570.44380975541,88615.19286226657,2560.0138559106445
2025-08-27 00:00:00,88994.83941409197,89227.85282484321,88219.99326837926,88417.21474972072,5256.5422455676735
2025-08-27 02:00:00,88417.21474972072,88709.41503658515,87986.42354742455,88144.70562966277,5579.74975514363
2025-08-27 04:00:00,88144.70562966277,88653.1345832534,88073.20932946994,88583.56205305998,5061.964209990329
2025-08-27 06:00:00,88583.56205305998,89387.69746722576,88271.94429823443,89249.08532640141,4615.042263617329
2025-08-27 08:00:00,89249.08532640141,89326.51965414252,89073.3144802241,89081.18615754538,3514.8110483447554
2025-08-27 10:00:00,89081.18615754538,89221.18058800032,88670.20123285754,88837.40536701075,4429.262910694609
2025-08-27 12:00:00,88837.40536701075,89160.52874792318,88217.45886136981,88234.53424878523,2801.2729811889744
2025-08-27 14:00:00,88234.53424878523,88302.43007642291,87753.17754511004,87753.17754511004,6635.3472951152
2025-08-27 16:00:00,87753.17754511004,88451.10916034355,87753.17754511004,88117.39495082617,6650.180517377348
2025-08-27 18:00:00,88117.39495082617,88486.92889359652,87948.52723768537,88399.34525119382,6342.700062803264
2025-08-27 20:00:00,88399.34525119382,88720.5744601406,88319.62222988777,88544.57871626914,4109.656362215847
2025-08-27 22:00:00,88544.57871626914,88563.55749551776,88524.64735833208,88558.94877179834,2699.7021165946157
2025-08-28 00:00:00,88602.52493465731,88798.8158354369,88281.44564479946,88281.44564479946,3451.4110166471933
2025-08-28 02:00:00,88281.44564479946,88358.19615358135,88281.44564479946,88321.32152927667,4502.2286184391405
2025-08-28 04:00:00,88321.32152927667,89053.43082124599,88321.32152927667,88618.76294831844,5417.037240563667
2025-08-28 06:00:00,88618.76294831844,89141.76864115335,88511.06381676467,89034.34216286684,7234.0397443508255
2025-08-28 08:00:00,89034.34216286684,89919.86412022817,88858.78055632727,89643.5070452587,4203.966570557391
2025-08-28 10:00:00,89643.5070452587,89700.21797362255,88522.13417227233,88905.25518693005,7557.104509278037
2025-08-28 12:00:00,88905.25518693005,90008.0524960916,88822.26616067205,89890.64537764051,6320.538314036278
2025-08-28 14:00:00,89890.64537764051,90524.31976617147,89515.40368451797,90524.31976617147,5671.2181859270995
2025-08-28 16:00:00,90524.31976617147,90901.46768398845,90312.8328530051,90901.46768398845,2951.9251347777627
2025-08-28 18:00:00,90901.46768398845,91128.19061675937,90830.77982504024,91128.19061675937,4900.984092737101
2025-08-28 20:00:00,91128.19061675937,91138.79634678671,91105.44154254561,91138.79634678671,2847.248995476288
2025-08-28 22:00:00,91138.79634678671,91138.79634678671,89702.58577504911,89853.60022208751,6740.931908987251
2025-08-29 00:00:00,89658.31784889715,89744.61680208008,89641.2912110035,89649.80966573651,3764.7552487341054
2025-08-29 02:00:00,89649.80966573651,89767.5959276523,89391.98797158294,89602.23177769744,1420.4094236351514
2025-08-29 04:00:00,89602.23177769744,89893.88337927216,89348.46242743371,89464.43622660065,3458.3757389513835
2025-08-29 06:00:00,89464.43622660065,89598.856148317,89341.29643487763,89472.4554524863,3737.614218539564
2025-08-29 08:00:00,89472.4554524863,89684.42544865239,89435.95551295149,89499.20621251603,3769.6981737593933
2025-08-29 10:00:00,89499.20621251603,89506.8784893162,89344.85863072303,89372.7769428326,2128.539934425127
2025-08-29 12:00:00,89372.7769428326,89574.13614046355,89256.63333192543,89437.96435790761,1415.3931244662376
2025-08-29 14:00:00,89437.96435790761,89474.41614653569,89304.7918147734,89453.11824070124,3712.369731807284
2025-08-29 16:00:00,89453.11824070124,89611.46164648731,89418.19378877009,89596.75417600767,1622.5832414438034
2025-08-29 18:00:00,89596.75417600767,89739.70644298992,89596.703888971,89618.9052335322,1554.9126417473428
2025-08-29 20:00:00,89618.9052335322,89737.32706838957,89398.52138451423,89509.47725931261,2023.8631790769539
2025-08-29 22:00:00,89509.47725931261,89521.71733186161,89508.53116928485,89520.51732608656,1301.8420520753011
2025-08-30 00:00:00,89931.55155219602,90134.5099883329,89886.6518821544,90121.68283275048,3538.702505760454
2025-08-30 02:00:00,90121.68283275048,90142.1399114429,89886.6518821544,89907.02031372939,2621.013285817141
2025-08-30 04:00:00,89907.02031372939,90052.70214169995,89886.6518821544,90031.54532009661,5138.320502781374
2025-08-30 06:00:00,90031.54532009661,90098.28646233503,89971.89683523886,90022.00413069464,4135.590380581242
2025-08-30 08:00:00,90022.00413069464,90196.78550552054,89911.47701179238,90130.15145090286,5303.6588371924
2025-08-30 10:00:00,90130.15145090286,90353.9961876603,90017.88908825263,90209.48778598083,5350.018466092723
2025-08-30 12:00:00,90209.48778598083,90284.37546268037,90158.37739855143,90271.5427525403,5387.325986863874
2025-08-30 14:00:00,90271.5427525403,90292.85312016903,90074.36988079839,90090.37112364039,4170.597743135213
2025-08-30 16:00:00,90090.37112364039,90552.80123348934,89986.8123239575,90349.2758163091,2554.0389097352613
2025-08-30 18:00:00,90349.2758163091,90399.64400864414,90322.79719957078,90369.33553258942,4553.493152793472
2025-08-30 20:00:00,90369.33553258942,90680.721874768,90233.043934906,90584.66168817387,3614.469071329779
2025-08-30 22:00:00,90584.66168817387,90666.18166625843,90447.48190460689,90659.71890588518,4695.308181280373
2025-08-31 00:00:00,90366.29408680859,90536.87738834966,90298.81864340317,90450.20754616839,5561.967649764403
2025-08-31 02:00:00,90450.20754616839,91124.21070506863,90377.29739339175,90979.66956894398,2515.1489791431914
2025-08-31 04:00:00,90979.66956894398,92197.12664267542,90490.16425225309,91721.65032907401,6166.674209580572
2025-08-31 06:00:00,91721.65032907401,91789.93786479913,91592.4000159451,91655.14217830959,2163.490706965062
2025-08-31 08:00:00,91655.14217830959,92262.61639547301,89832.11679471737,90342.18220825409,5353.810526183764
2025-08-31 10:00:00,90342.18220825409,90768.15365565958,90316.33962761832,90613.94316070402,3990.1692523812694
2025-08-31 12:00:00,90613.94316070402,90634.71817999682,89815.33112679406,89815.33112679406,4590.274609905688
2025-08-31 14:00:00,89815.33112679406,90622.78585197702,89815.33112679406,90419.86525883096,4395.860483744053
2025-08-31 16:00:00,90419.86525883096,90942.35061350376,90281.49098764069,90760.43658112436,5112.828026147568
2025-08-31 18:00:00,90760.43658112436,91593.56013286817,90362.99472211604,91453.3704817689,2437.422926883807
2025-08-31 20:00:00,91453.3704817689,91540.62247757644,91189.50718234594,91281.27044602462,5312.600056240105
2025-08-31 22:00:00,91281.27044602462,91584.256311382,91174.60871827834,91554.09355272545,3802.1906191491944
2025-09-01 00:00:00,91422.53648379691,91611.38675335322,91291.9936464077,91510.21581971295,3986.803885013538
2025-09-01 02:00:00,91510.21581971295,91628.49935807133,91485.86771084175,91523.25697406569,1768.471845766716
2025-09-01 04:00:00,91523.25697406569,91541.4549710733,91373.51413925088,91496.70807281473,3665.6776244133894
2025-09-01 06:00:00,91496.70807281473,91603.92322849049,91431.56681035671,91561.93262623069,1860.460426483527
2025-09-01 08:00:00,91561.93262623069,91647.8847539407,91518.20256871729,91611.28535504617,1901.8005579199516
2025-09-01 10:00:00,91611.28535504617,91669.89653783145,91597.22928955853,91640.82967217325,2027.0172241462012
2025-09-01 12:00:00,91640.82967217325,91651.15294692654,91587.50287696984,91598.50926924867,2842.729874972234
2025-09-01 14:00:00,91598.50926924867,91699.40279172943,91533.85564420452,91626.83998471737,3922.470591864293
2025-09-01 16:00:00,91626.83998471737,91720.43646893787,91610.7062801802,91695.04863242191,2430.7880430790024
2025-09-01 18:00:00,91695.04863242191,91715.27006192195,91608.20986688897,91645.45539807472,1368.8790285118662
2025-09-01 20:00:00,91645.45539807472,91734.94306107727,91574.8368449555,91657.20013012852,3176.759875366059
2025-09-01 22:00:00,91657.20013012852,91815.1729283336,91476.74576906164,91674.90336254735,2712.5761483284923
2025-09-02 00:00:00,91881.62265101114,92317.17872584592,91755.05728956015,92196.86321081249,2673.8327026838224
2025-09-02 02:00:00,92196.86321081249,92606.17922838384,92061.18763322898,92560.37128446002,4519.031527742317
2025-09-02 04:00:00,92560.37128446002,92771.49658112347,91993.96058850037,92105.56630121525,3549.778877641338
2025-09-02 06:00:00,92105.56630121525,92111.17812563451,92028.03005906964,92054.44258152944,2675.4831293470083
2025-09-02 08:00:00,92054.44258152944,92163.55429748914,91656.48383597478,91833.80868875228,3541.001444612457
2025-09-02 10:00:00,91833.80868875228,92557.75885629788,90224.06933907073,90224.06933907073,4064.46661886724
2025-09-02 12:00:00,90224.06933907073,90462.86216977428,90224.06933907073,90393.65673049449,3296.191164166616
2025-09-02 14:00:00,90393.65673049449,91559.64489080294,90393.65673049449,91471.2896363996,5202.514835116446
2025-09-02 16:00:00,91471.2896363996,91903.34391339979,90602.81042452031,90611.16158782052,2870.2834206288267
2025-09-02 18:00:00,90611.16158782052,91021.61818453157,89910.11198273484,89910.11198273484,3787.055218301683
2025-09-02 20:00:00,89910.11198273484,90765.80205856719,89910.11198273484,90441.03848355952,3213.9824406497855
2025-09-02 22:00:00,90441.03848355952,90855.74499194376,90441.03848355952,90775.91606970107,5677.544407993447
2025-09-03 00:00:00,90840.43927320228,90895.8354244033,90728.63782094223,90782.05660599122,3054.6629795472104
2025-09-03 02:00:00,90782.05660599122,90995.48242790645,90262.16127052983,90476.60644032127,3645.239379037529
2025-09-03 04:00:00,90476.60644032127,90774.58363711154,90152.29319718813,90152.29319718813,3115.5581862430645
2025-09-03 06:00:00,90152.29319718813,90312.11247948968,90022.34337205635,90022.34337205635,2136.295253242061
2025-09-03 08:00:00,90022.34337205635,90062.76368606312,89852.94678551551,89852.94678551551,3209.45086950229
2025-09-03 10:00:00,89852.94678551551,90043.54465602119,89852.94678551551,89970.54141316353,3758.0658133871652
2025-09-03 12:00:00,89970.54141316353,90311.8309313225,89970.54141316353,90119.6290978271,2892.442707319495
2025-09-03 14:00:00,90119.6290978271,90332.03954918127,90119.6290978271,90208.99671904815,4687.066123869178
2025-09-03 16:00:00,90208.99671904815,90217.73205338675,90156.34095295187,90156.34095295187,2439.2621505497295
2025-09-03 18:00:00,90156.34095295187,90208.26021333445,90156.34095295187,90198.16976724296,1922.5122308488098
2025-09-03 20:00:00,90198.16976724296,90548.00814594029,90198.16976724296,90544.05028633542,2821.943644513924
2025-09-03 22:00:00,90544.05028633542,90618.69522286388,90226.24749397663,90333.40583476446,4406.276933761214
2025-09-04 00:00:00,90309.0662689419,90542.84633518611,90165.73055310716,90486.16184530237,6037.63425035572
2025-09-04 02:00:00,90486.16184530237,90914.4255228757,90426.70397973282,90914.4255228757,4000.068334086225
2025-09-04 04:00:00,90914.4255228757,90952.04566821145,90865.43555547998,90952.04566821145,3547.38614388533
2025-09-04 06:00:00,90952.04566821145,90952.04566821145,90826.27052225005,90913.85787270046,5467.519921880069
2025-09-04 08:00:00,90913.85787270046,91048.36608015868,90825.76504346785,91048.36608015868,2877.276918405249
2025-09-04 10:00:00,91048.36608015868,91062.81851649364,91024.44492277193,91062.81851649364,2845.0104179065083
2025-09-04 12:00:00,91062.81851649364,91062.81851649364,90905.97815226589,90924.86593130302,2981.525500444788
2025-09-04 14:00:00,90924.86593130302,90924.86593130302,90668.75084971741,90762.97805159102,3728.0789704698527
2025-09-04 16:00:00,90762.97805159102,90899.53081989766,90595.90473018422,90899.53081989766,2666.454939498824
2025-09-04 18:00:00,90899.53081989766,90899.53081989766,90790.35620244528,90816.41076786886,2718.9091343651808
2025-09-04 20:00:00,90816.41076786886,90912.67038014076,90712.68772811558,90912.67038014076,5094.446254266859
2025-09-04 22:00:00,90912.67038014076,90912.67038014076,90745.69732525486,90770.25947620573,5375.669844365351
2025-09-05 00:00:00,90792.34028192525,90889.31640430495,90727.84218789598,90793.52785047785,3213.8228394430985
2025-09-05 02:00:00,90793.52785047785,90837.95264041529,90738.83250554353,90776.17583607651,2419.5888401535685
2025-09-05 04:00:00,90776.17583607651,90825.90346196156,90689.31400575188,90742.05326520665,2194.9513535846154
2025-09-05 06:00:00,90742.05326520665,91035.5268353282,90503.12922531691,90720.80944506235,1553.5669163598418
2025-09-05 08:00:00,90720.80944506235,90818.50190389196,90682.03605620723,90700.0859812031,2548.5174454742573
2025-09-05 10:00:00,90700.0859812031,90762.86381711459,90669.99004772853,90704.1128765456,4287.048884255483
2025-09-05 12:00:00,90704.1128765456,90838.28333392652,90625.24241628096,90712.37416728723,4222.174413865053
2025-09-05 14:00:00,90712.37416728723,90785.81432563734,90495.818198773,90705.23187854468,1650.0715417470487
2025-09-05 16:00:00,90705.23187854468,90722.79352268715,90671.63305960866,90691.92945710928,3384.476736282026
2025-09-05 18:00:00,90691.92945710928,90917.43363476002,90614.19392185827,90675.54015592324,2305.7770580402653
2025-09-05 20:00:00,90675.54015592324,90687.11827072878,90632.60135336235,90669.6665793717,4240.896161987786
2025-09-05 22:00:00,90669.6665793717,90701.41971598337,90519.78593025367,90667.51696422044,3781.6557231755974
2025-09-06 00:00:00,90945.22229770807,91310.05349643521,90756.86075641139,91172.79385168377,5070.399982178848
2025-09-06 02:00:00,91172.79385168377,91310.05349643521,90379.33771525859,90625.09300612574,4742.441095734992
2025-09-06 04:00:00,90625.09300612574,91961.47691648998,90528.63221995307,91961.47691648998,4760.641827516889
2025-09-06 06:00:00,91961.47691648998,91961.47691648998,90575.22966019691,90806.67979736194,8920.067828427444
2025-09-06 08:00:00,90806.67979736194,90921.04301381097,89524.92915298502,89524.92915298502,6026.725444472454
2025-09-06 10:00:00,89524.92915298502,89890.86199827745,88966.75812377608,88966.75812377608,7220.063938575681
2025-09-06 12:00:00,88966.75812377608,88993.21167667481,88920.35829438076,88920.35829438076,8207.042449066006
2025-09-06 14:00:00,88920.35829438076,89227.4456385881,87958.38610750726,87958.38610750726,6867.890118929294
2025-09-06 16:00:00,87958.38610750726,88339.83213682045,87958.38610750726,88224.44857840758,7875.514954055179
2025-09-06 18:00:00,88224.44857840758,89293.71841779568,88224.44857840758,89093.50546577932,3773.2821899063892
2025-09-06 20:00:00,89093.50546577932,90171.30172872302,89093.50546577932,89978.12783690453,3292.0159675907403
2025-09-06 22:00:00,89978.12783690453,90092.7958076313,89815.75139922654,89863.08689577901,8075.950804306507
2025-09-07 00:00:00,89906.57730449217,90032.48975909344,89551.64961006309,89756.25718176972,4822.072566124912
2025-09-07 02:00:00,89756.25718176972,89795.21638643477,89699.86292378943,89779.43361682916,2748.3858116683596
2025-09-07 04:00:00,89779.43361682916,89835.26652647703,89698.84171380388,89701.63475000566,5133.5947482984275
2025-09-07 06:00:00,89701.63475000566,89740.48528977988,89466.82123341787,89549.53853048616,2892.9870282833053
2025-09-07 08:00:00,89549.53853048616,89615.37753319503,89407.0843603165,89494.16557663753,5144.300043379431
2025-09-07 10:00:00,89494.16557663753,89614.11761648499,89352.99622749245,89435.48338144916,4433.420327509624
2025-09-07 12:00:00,89435.48338144916,89674.31049421846,89406.02103361904,89587.59990886046,3324.69825897037
2025-09-07 14:00:00,89587.59990886046,89721.58301984878,89379.61332063892,89414.38681468327,5276.821480383987
2025-09-07 16:00:00,89414.38681468327,89587.56031874698,89156.35807033187,89565.02270264366,4256.14109685989
2025-09-07 18:00:00,89565.02270264366,89588.01729763053,89560.85224247098,89580.82666677271,5858.369541996695
2025-09-07 20:00:00,89580.82666677271,89815.90063846695,89492.29880909757,89682.77689327416,5384.7444216826125
2025-09-07 22:00:00,89682.77689327416,89722.04774607433,89555.22360463087,89576.25615014638,3992.499309280359
2025-09-08 00:00:00,89576.22409651848,89588.07534182082,89298.19948698526,89388.62907745327,5097.504697060586
2025-09-08 02:00:00,89388.62907745327,89759.02722190677,89255.34524296771,89581.29099245887,2352.992966614546
2025-09-08 04:00:00,89581.29099245887,89628.50006513712,89502.88767994406,89514.96100248749,5101.334457813067
2025-09-08 06:00:00,89514.96100248749,89868.78489954399,89391.20819860575,89710.09479439857,3893.4034132568063
2025-09-08 08:00:00,89710.09479439857,89782.91858869803,89482.46588935729,89540.14085483126,5174.945129372232
2025-09-08 10:00:00,89540.14085483126,90040.46099855042,89534.00190288691,89878.4432876364,3693.25660694813
2025-09-08 12:00:00,89878.4432876364,89893.26661100224,89813.275038149,89838.23030608098,2832.7517874231803
2025-09-08 14:00:00,89838.23030608098,90057.4527636605,89728.62803829508,89977.2661777286,2677.97956706931
2025-09-08 16:00:00,89977.2661777286,90144.34484584516,89968.14866259405,90071.27213742187,2120.1934200973706
2025-09-08 18:00:00,90071.27213742187,90151.40131931432,89462.84067841126,89681.0335667928,3386.971337323243
2025-09-08 20:00:00,89681.0335667928,90010.00413921657,88826.47728915163,88957.86506314817,5366.973337898447
2025-09-08 22:00:00,88957.86506314817,89225.85092841001,88922.87969613458,89140.17795024531,2086.214146935147
2025-09-09 00:00:00,89634.33701097406,90141.89110465323,89602.24911017192,90141.89110465323,2199.7997367977737
2025-09-09 02:00:00,90141.89110465323,90440.08226769647,90123.26586091286,90440.08226769647,1560.10214469822
2025-09-09 04:00:00,90440.08226769647,90440.08226769647,89940.83229624739,89944.40739651714,2300.4916198949118
2025-09-09 06:00:00,89944.40739651714,89944.40739651714,89259.47684751985,89400.10488851875,1900.7338496613313
2025-09-09 08:00:00,89400.10488851875,89852.00347206283,88332.83531298867,88332.83531298867,2104.2610285424253
2025-09-09 10:00:00,88332.83531298867,88782.26656234243,88332.83531298867,88744.87463499373,2401.1970097885987
2025-09-09 12:00:00,88744.87463499373,88851.34496281357,88663.26820971817,88749.27511827635,3718.087838207814
2025-09-09 14:00:00,88749.27511827635,88944.02629707377,88701.01735868353,88905.54238271025,3923.998446580912
2025-09-09 16:00:00,88905.54238271025,89288.9061264855,88797.4778120916,89265.96453675345,1517.3332343398376
2025-09-09 18:00:00,89265.96453675345,89965.93875839723,88888.64397807844,89965.93875839723,3703.690787381861
2025-09-09 20:00:00,89965.93875839723,89965.93875839723,88479.9341890283,88975.3977638348,2090.800407927598
2025-09-09 22:00:00,88975.3977638348,89296.45502314568,88397.86968008008,88747.93313143216,2020.3741293959279
2025-09-10 00:00:00,88426.25156695665,88485.9836931282,88156.46573602429,88309.89672421805,4376.156760089869
2025-09-10 02:00:00,88309.89672421805,88429.67930418899,88036.54400690553,88186.22168409778,4215.693544339685
2025-09-10 04:00:00,88186.22168409778,88489.66005804145,88010.73499914222,88263.86929495416,2937.612906879547
2025-09-10 06:00:00,88263.86929495416,88389.42373398332,88181.0782012798,88252.63748414969,2821.760793566284
2025-09-10 08:00:00,88252.63748414969,88325.05125928058,88174.05836739745,88187.67693901855,2727.874805497736
2025-09-10 10:00:00,88187.67693901855,88315.11944320779,88131.18284104846,88301.59205694924,2321.131706522056
2025-09-10 12:00:00,88301.59205694924,88315.15965750291,88192.2963619303,88209.68187658716,2738.009064302582
2025-09-10 14:00:00,88209.68187658716,88237.43413154554,88149.7849903833,88152.62228127061,4708.923618626294
2025-09-10 16:00:00,88152.62228127061,88185.74527925519,88148.53569037533,88179.60367454641,1909.7094662440195
2025-09-10 18:00:00,88179.60367454641,88239.08132398594,88090.13764440503,88219.85971886724,3079.1142574753426
2025-09-10 20:00:00,88219.85971886724,88220.24730681618,88179.24640845474,88204.15543078593,3964.2099381742573
2025-09-10 22:00:00,88204.15543078593,88276.86389719808,88065.39970751634,88173.07540711323,2017.6183249719654
2025-09-11 00:00:00,88246.31918469204,88318.67810307477,88207.95592500023,88243.033495448,4300.501190979811
2025-09-11 02:00:00,88243.033495448,88310.64363816928,88177.17525329204,88257.50994788889,4040.6634869940162
2025-09-11 04:00:00,88257.50994788889,88311.9686984377,88236.08724530392,88269.28846680786,1787.4874731789766
2025-09-11 06:00:00,88269.28846680786,88386.53260969935,88167.19514601,88278.85594478312,3937.830674997773
2025-09-11 08:00:00,88278.85594478312,88534.91848758535,87969.3782193087,88264.2604979332,2123.401036943364
2025-09-11 10:00:00,88264.2604979332,88290.729419036,88258.67367973318,88271.99470299609,3255.704958713186
2025-09-11 12:00:00,88271.99470299609,88387.98783556766,88267.94880195279,88271.88762054441,4526.505246191781
2025-09-11 14:00:00,88271.88762054441,88279.27530038114,88258.1086301165,88274.97941239749,4121.224518927759
2025-09-11 16:00:00,88274.97941239749,88353.08853351526,88159.63277376509,88279.15982703435,3746.3413876670825
2025-09-11 18:00:00,88279.15982703435,88282.50170366443,88189.84523551169,88261.12577702614,4611.561588646487
2025-09-11 20:00:00,88261.12577702614,88265.98622584138,88248.79576769397,88256.31765096632,2944.817953605079
2025-09-11 22:00:00,88256.31765096632,88324.32585860448,88188.10099835643,88267.33567160196,4787.390534832643
2025-09-12 00:00:00,88579.32580960881,88676.85303950965,88276.71554139917,88387.49636048957,2854.3447678630077
2025-09-12 02:00:00,88387.49636048957,88664.55475615809,88384.17504416552,88601.38214281245,2814.9133306801505
2025-09-12 04:00:00,88601.38214281245,88740.51281791218,88514.66167866945,88611.44752882277,6186.8865193161255
2025-09-12 06:00:00,88611.44752882277,88867.78318687198,87981.65462678959,88241.03857291021,6855.319244584385
2025-09-12 08:00:00,88241.03857291021,88597.26226287763,87506.98801524164,87758.26909186659,3547.582238165517
2025-09-12 10:00:00,87758.26909186659,87931.31844810088,87313.79414842381,87313.79414842381,6529.378932284455
2025-09-12 12:00:00,87313.79414842381,87836.96639629368,87313.79414842381,87823.98644479881,3818.2300259676285
2025-09-12 14:00:00,87823.98644479881,87892.73356600513,87806.22560739012,87868.20819327355,5706.786367807238
2025-09-12 16:00:00,87868.20819327355,88344.87000312153,87706.11035884955,88148.44211335592,6865.990082831729
2025-09-12 18:00:00,88148.44211335592,88297.83568679112,87953.04593060666,87965.57113675437,6174.197027632713
2025-09-12 20:00:00,87965.57113675437,88011.90037802872,87485.70314982295,87528.82711208868,3897.7778098990625
2025-09-12 22:00:00,87528.82711208868,87940.88174985476,87485.70314982295,87711.61107667915,5099.952029108518
2025-09-13 00:00:00,88088.58527184476,88339.13768452794,87334.67858422468,87334.67858422468,2541.446959207841
2025-09-13 02:00:00,87334.67858422468,87441.70263295883,87334.67858422468,87357.2964436633,3138.989879423899
2025-09-13 04:00:00,87357.2964436633,87411.8480251317,87223.62197037153,87223.62197037153,3074.5908115991974
2025-09-13 06:00:00,87223.62197037153,87334.81696809742,87223.62197037153,87233.8085052981,1452.9688869453025
2025-09-13 08:00:00,87233.8085052981,88539.35675672707,87233.8085052981,88539.35675672707,3236.157225395392
2025-09-13 10:00:00,88539.35675672707,88539.35675672707,87519.4966092468,87712.63579292125,3385.7179721531675
2025-09-13 12:00:00,87712.63579292125,87985.08259251542,87638.10039764504,87919.31442175889,2536.0780609640137
2025-09-13 14:00:00,87919.31442175889,88292.84502080099,87785.95663709327,88131.11007173859,1553.975810948973
2025-09-13 16:00:00,88131.11007173859,88258.85158951825,87795.08658696487,87932.84294210347,1922.2127067192318
2025-09-13 18:00:00,87932.84294210347,87977.88986281329,87845.89506286533,87851.4772576529,3087.7331629068467
2025-09-13 20:00:00,87851.4772576529,88258.76912161126,87030.11248990381,87030.11248990381,2059.8098769594058
2025-09-13 22:00:00,87030.11248990381,87602.19577083527,87030.11248990381,87556.38123432206,2358.5770778563665
2025-09-14 00:00:00,87584.41254815798,87859.47532948665,87398.19638472516,87658.18252731234,2681.9309052986487
2025-09-14 02:00:00,87658.18252731234,87771.19110073122,87345.08830727736,87458.41586613032,3142.0934627203587
2025-09-14 04:00:00,87458.41586613032,87605.38153615444,87353.14234202587,87497.05406296943,3701.225263709537
2025-09-14 06:00:00,87497.05406296943,87554.22554194863,87464.5952618379,87474.68751825576,4376.462436479912
2025-09-14 08:00:00,87474.68751825576,87882.13993235322,87441.58496891118,87685.16649593487,3225.3626337876162
2025-09-14 10:00:00,87685.16649593487,88176.12011714456,87571.20949950429,87997.44268852145,3438.976135834768
2025-09-14 12:00:00,87997.44268852145,88300.48640037613,87617.67032694585,87768.69349357391,3971.177388039751
2025-09-14 14:00:00,87768.69349357391,87796.24218682335,87648.74318053872,87717.01077617747,2493.3803619084183
2025-09-14 16:00:00,87717.01077617747,87907.10837423113,87643.36353509557,87874.30220210759,5167.017227929456
2025-09-14 18:00:00,87874.30220210759,88224.20544587901,87703.77465272885,88075.90251619223,4722.878237654502
2025-09-14 20:00:00,88075.90251619223,88561.22371846403,87802.24827066915,88549.78247473006,3240.5027642392656
2025-09-14 22:00:00,88549.78247473006,88564.52372836936,88394.25492069285,88420.81205269054,4384.738611529708
2025-09-15 00:00:00,88532.02335425043,88728.24850826197,88109.74632589253,88254.57474137802,1819.1376023406474
2025-09-15 02:00:00,88254.57474137802,88275.12873448663,88067.15861384587,88067.69418957816,2221.9190196952222
2025-09-15 04:00:00,88067.69418957816,88228.90881275863,87791.15678105709,87791.15678105709,3931.957247616344
2025-09-15 06:00:00,87791.15678105709,88922.55609129604,87791.15678105709,88766.43946169445,2788.401188969191
2025-09-15 08:00:00,88766.43946169445,88813.10984836037,88312.91360357344,88459.3048250542,3725.2866697166023
2025-09-15 10:00:00,88459.3048250542,88997.48330728288,88359.23190130535,88862.09628198341,4589.002588975912
2025-09-15 12:00:00,88862.09628198341,89332.49789759537,88779.91914504768,89166.84180834696,2336.4167066233617
2025-09-15 14:00:00,89166.84180834696,89380.97499451364,88101.40480721653,88533.83684649233,4700.724556716608
2025-09-15 16:00:00,88533.83684649233,88595.64844651335,88320.68983008343,88382.19691626834,4315.789748544873
2025-09-15 18:00:00,88382.19691626834,88740.52860704728,88346.53378870898,88724.55373231771,4570.007437456398
2025-09-15 20:00:00,88724.55373231771,88742.33104760134,88659.96901408311,88684.34223287925,2516.343120169991
2025-09-15 22:00:00,88684.34223287925,89561.66860851287,88336.83633356485,89450.9799667114,4069.077185423971
2025-09-16 00:00:00,89381.97843491388,89525.42268585043,89380.55792550709,89504.40021096994,5778.193166244949
2025-09-16 02:00:00,89504.40021096994,89677.00473266393,89454.83721669836,89619.73378407494,5176.792170382759
2025-09-16 04:00:00,89619.73378407494,89691.94317390028,89579.95900673245,89690.73214647763,5394.081070263762
2025-09-16 06:00:00,89690.73214647763,89949.63562979727,89547.06449126288,89621.62301731182,5871.60407844603
2025-09-16 08:00:00,89621.62301731182,89895.45080288332,89575.84937716828,89836.83729662154,4689.7888363183565
2025-09-16 10:00:00,89836.83729662154,90012.0129111124,89753.83664094559,89934.50599393767,5804.353417399869
2025-09-16 12:00:00,89934.50599393767,89993.23162739759,89929.12827020766,89966.82491532543,4489.3857098314875
2025-09-16 14:00:00,89966.82491532543,90288.34067480324,89429.43290550384,89805.30397343934,4143.531660102001
2025-09-16 16:00:00,89805.30397343934,89904.56888735783,89623.05528685114,89659.61449103389,3236.3441390915086
2025-09-16 18:00:00,89659.61449103389,89810.48035032918,89644.22599736248,89740.97890929085,4181.635386611869
2025-09-16 20:00:00,89740.97890929085,89869.29961076559,89729.03088313332,89811.33840930056,6119.947313528365
2025-09-16 22:00:00,89811.33840930056,90205.60850223847,89718.97460566279,90066.74775276406,3325.261447139039
2025-09-17 00:00:00,90096.10150424093,91522.86481029818,89946.1078136429,91522.86481029818,4544.827693285579
2025-09-17 02:00:00,91522.86481029818,91522.86481029818,91039.98327542927,91114.3488791292,3825.222642683037
2025-09-17 04:00:00,91114.3488791292,92789.89781594875,90819.43255139941,92789.89781594875,3016.274471733874
2025-09-17 06:00:00,92789.89781594875,93355.40714071757,92728.07993551293,93355.40714071757,6064.5866681184225
2025-09-17 08:00:00,93355.40714071757,93355.40714071757,93307.32951837644,93314.69098203724,5216.948804231995
2025-09-17 10:00:00,93314.69098203724,93902.91901944089,93208.2831357171,93902.91901944089,6337.621268450474
2025-09-17 12:00:00,93902.91901944089,93902.91901944089,93181.04045764527,93353.5985138161,2757.9800019328018
2025-09-17 14:00:00,93353.5985138161,93353.5985138161,92086.81555158427,92424.4996621542,3605.3448265715538
2025-09-17 16:00:00,92424.4996621542,92605.77810805253,92372.7968257272,92605.77810805253,5784.160108000523
2025-09-17 18:00:00,92605.77810805253,92605.77810805253,92234.75431392787,92247.58026659502,6241.903083392373
2025-09-17 20:00:00,92247.58026659502,92247.58026659502,90920.96691968838,91250.6672776002,6123.302881259775
2025-09-17 22:00:00,91250.6672776002,91250.6672776002,89946.1078136429,90168.56209583751,5780.843031231148
2025-09-18 00:00:00,90300.08946509806,90476.38572994378,90267.1155518087,90276.01032307553,4530.0413030878035
2025-09-18 02:00:00,90276.01032307553,90314.80000382489,90199.74748843128,90268.96244455794,4569.985877257721
2025-09-18 04:00:00,90268.96244455794,90298.74080657943,90167.19491777626,90186.60169414176,3278.8859258943744
2025-09-18 06:00:00,90186.60169414176,90342.67718377904,90131.6039211625,90249.97477805195,3857.055238450268
2025-09-18 08:00:00,90249.97477805195,90322.76874428742,90219.25629334988,90258.22358004191,3738.1600460626346
2025-09-18 10:00:00,90258.22358004191,90409.90447804972,90248.97411242855,90328.18835097243,4061.646727882747
2025-09-18 12:00:00,90328.18835097243,90357.40626128636,90156.32257296918,90350.04548680258,3205.889268840101
2025-09-18 14:00:00,90350.04548680258,90469.68262259575,90171.03180048846,90247.32275903408,3972.58120391645
2025-09-18 16:00:00,90247.32275903408,90420.33398744019,90181.64573799529,90285.5366960046,3626.523455528174
2025-09-18 18:00:00,90285.5366960046,90403.4206996788,90041.14673367815,90180.71972498011,3617.0965647305666
2025-09-18 20:00:00,90180.71972498011,90224.61850806029,90151.95344662471,90198.42875914577,3040.8423711383557
2025-09-18 22:00:00,90198.42875914577,90261.46659205704,90172.25094950105,90199.08056309243,4294.838192502109
2025-09-19 00:00:00,90190.45920608356,90392.85248653808,90091.53251973033,90358.23167323117,7519.753652815123
2025-09-19 02:00:00,90358.23167323117,90554.59363107168,89881.39662044926,90003.43950657971,5053.433301367748
2025-09-19 04:00:00,90003.43950657971,91137.61722539872,89773.22817436761,90814.46838306413,5037.246830722026
2025-09-19 06:00:00,90814.46838306413,91019.39558605745,89867.19624828183,90276.10497151964,7158.32752008282
2025-09-19 08:00:00,90276.10497151964,90811.9306462448,90256.57329573552,90646.86193539728,7762.018583829945
2025-09-19 10:00:00,90646.86193539728,90842.7258193735,90060.2730152179,90311.22422190782,7025.018359622405
2025-09-19 12:00:00,90311.22422190782,91098.88310058168,90078.6718391054,91075.082351247,7686.894653772651
2025-09-19 14:00:00,91075.082351247,91105.33010938844,90967.14308558288,91014.84833979905,6123.901694682336
2025-09-19 16:00:00,91014.84833979905,91464.59972769549,90814.41934328339,91464.59972769549,6312.547760021617
2025-09-19 18:00:00,91464.59972769549,91464.59972769549,91152.42065342196,91291.0437065159,3942.49172891403
2025-09-19 20:00:00,91291.0437065159,91291.0437065159,90531.71370264607,90620.73062281638,6413.382046853966
2025-09-19 22:00:00,90620.73062281638,90970.55048257962,90545.60875613877,90877.28113154997,4201.186016017856
2025-09-20 00:00:00,90921.91450185003,95876.95274489874,90682.20221184022,95876.95274489874,4061.3823485714283
2025-09-20 02:00:00,95876.95274489874,95876.95274489874,94906.5929690657,95124.55540971458,3129.451024735236
2025-09-20 04:00:00,95124.55540971458,95124.55540971458,92037.44224235308,92568.28613377041,2057.73130039346
2025-09-20 06:00:00,92568.28613377041,93832.82336210254,92150.80081807742,93832.82336210254,2019.1767327826497
2025-09-20 08:00:00,93832.82336210254,93832.82336210254,93737.61822548087,93813.8556971898,3146.5783785521216
2025-09-20 10:00:00,93813.8556971898,93813.8556971898,91246.55369955735,91968.53100715663,3402.761933314507
2025-09-20 12:00:00,91968.53100715663,91968.53100715663,86680.47664685576,86680.47664685576,4499.959474821045
2025-09-20 14:00:00,86680.47664685576,87323.6850419126,86680.47664685576,87171.63107067528,2476.2392983608574
2025-09-20 16:00:00,87171.63107067528,90497.5298374705,87171.63107067528,89590.97475023217,2812.736719720139
2025-09-20 18:00:00,89590.97475023217,90105.95369442171,87215.58700713422,87215.58700713422,3453.338961671465
2025-09-20 20:00:00,87215.58700713422,88716.53189964945,87215.58700713422,88301.07941283722,1681.4266766207206
2025-09-20 22:00:00,88301.07941283722,91073.33491717846,88301.07941283722,90944.76429176213,2439.583848166887
2025-09-21 00:00:00,91374.8822438814,91465.0514084828,91216.99903901436,91361.9509686831,1829.4168292089978
2025-09-21 02:00:00,91361.9509686831,91613.53471416736,91301.89334852782,91479.2734331518,3603.302140239484
2025-09-21 04:00:00,91479.2734331518,91749.01599139319,91384.97459159102,91643.7255787525,2788.4906182712443
2025-09-21 06:00:00,91643.7255787525,91762.35330808954,91366.84830315094,91368.3902446983,3559.825149591147
2025-09-21 08:00:00,91368.3902446983,91452.87306211024,91321.97404385751,91440.0114834834,3223.426465422935
2025-09-21 10:00:00,91440.0114834834,91500.18488950988,91438.81583713504,91499.21336540015,3473.487966063894
2025-09-21 12:00:00,91499.21336540015,91638.14685674851,91109.36706288828,91151.40959825358,3431.534387692194
2025-09-21 14:00:00,91151.40959825358,91656.58803425146,91109.36706288828,91405.83926273845,3883.3760290125165
2025-09-21 16:00:00,91405.83926273845,91494.74114015323,91384.34086856502,91442.62003357244,3978.5418307599834
2025-09-21 18:00:00,91442.62003357244,91966.85852622784,91265.01626803761,91706.24668130312,3789.680235663912
2025-09-21 20:00:00,91706.24668130312,91763.51266101268,91604.10613559916,91663.93456818488,4224.7733325233885
2025-09-21 22:00:00,91663.93456818488,91946.45461956684,91524.45057907596,91799.18943759207,2665.3428285887258
2025-09-22 00:00:00,91746.52940183389,91916.58879610944,90964.77099840132,91218.76582382376,6736.636649523116
2025-09-22 02:00:00,91218.76582382376,91987.42611336593,91027.76688402041,91987.42611336593,7288.249285893208
2025-09-22 04:00:00,91987.42611336593,91987.42611336593,90083.20300490253,90842.88904325807,8952.994577838166
2025-09-22 06:00:00,90842.88904325807,91608.97811837202,90520.32256119474,91471.94117503775,4296.949454162122
2025-09-22 08:00:00,91471.94117503775,91783.83900355802,90198.00805178193,90679.24564052162,6798.533745269016
2025-09-22 10:00:00,90679.24564052162,91624.44546440085,89070.90707764115,89070.90707764115,6496.644132918254
2025-09-22 12:00:00,89070.90707764115,90852.85543089715,89070.90707764115,90616.0664673216,8521.005403604393
2025-09-22 14:00:00,90616.0664673216,92318.40983731224,90448.1411106978,92318.40983731224,5550.278989264641
2025-09-22 16:00:00,92318.40983731224,92318.40983731224,90783.05263470332,91126.87196409512,6609.158389021669
2025-09-22 18:00:00,91126.87196409512,91468.8738242524,89208.16829099819,89208.16829099819,6775.223649904733
2025-09-22 20:00:00,89208.16829099819,89781.23671005573,89208.16829099819,89741.59677610722,8219.590888356553
2025-09-22 22:00:00,89741.59677610722,89796.05090311072,89725.28677068785,89748.11433686507,4067.1261437097605
2025-09-23 00:00:00,89874.54673447234,90134.223134874,89676.87911107625,89988.09604605752,3073.08277702867
2025-09-23 02:00:00,89988.09604605752,90101.37824759202,89727.79115051153,89822.92226830815,4737.891545241806
2025-09-23 04:00:00,89822.92226830815,90051.6294788203,89268.97181655111,89486.30971582652,3389.8642222480994
2025-09-23 06:00:00,89486.30971582652,89916.8690191211,89417.91120139776,89725.29665848431,4303.975496314372
2025-09-23 08:00:00,89725.29665848431,90015.76573328892,89618.23811918589,89879.11994790439,3133.3751617408693
2025-09-23 10:00:00,89879.11994790439,90127.30504656142,89872.51936840927,90037.46371748875,2706.540532296408
2025-09-23 12:00:00,90037.46371748875,90069.4443168052,89992.33224132337,90053.62852899668,4808.0836005127585
2025-09-23 14:00:00,90053.62852899668,90140.50139838255,90034.8833376912,90106.40263724852,4854.342938703901
2025-09-23 16:00:00,90106.40263724852,90158.55162683105,89947.48816381588,90077.4216735491,1903.2876285755776
2025-09-23 18:00:00,90077.4216735491,90288.07132106995,90048.47240208354,90226.86686448284,3901.906606012802
2025-09-23 20:00:00,90226.86686448284,90371.54774975516,90191.16885589418,90336.74184149089,5339.605698025424
2025-09-23 22:00:00,90336.74184149089,90385.92891962442,90105.07734444922,90192.61761453249,4659.630151313894
2025-09-24 00:00:00,90634.17404846128,90645.6713231985,90544.64465739441,90544.64465739441,3742.758656205129
2025-09-24 02:00:00,90544.64465739441,90730.14204886544,90544.64465739441,90712.61537297786,6438.120269070763
2025-09-24 04:00:00,90712.61537297786,90883.66865801498,90684.56431490969,90864.68703994619,3047.1645582540223
2025-09-24 06:00:00,90864.68703994619,90984.13642303784,90845.38430681253,90984.13642303784,3944.34782266879
2025-09-24 08:00:00,90984.13642303784,91099.3689136588,90947.5631787843,91099.3689136588,7144.278418625642
2025-09-24 10:00:00,91099.3689136588,91116.32370506215,91090.02455739981,91116.32370506215,2482.998983358848
2025-09-24 12:00:00,91116.32370506215,91128.85951949972,91103.64447769432,91128.85951949972,4024.022661792125
2025-09-24 14:00:00,91128.85951949972,91300.10031778198,91120.62019762745,91300.10031778198,5150.800135964811
2025-09-24 16:00:00,91300.10031778198,91358.11149810185,91287.75287185355,91358.11149810185,4115.40213466671
2025-09-24 18:00:00,91358.11149810185,91358.11149810185,91113.90449852818,91126.39425104193,2746.5764371389105
2025-09-24 20:00:00,91126.39425104193,91126.39425104193,90901.58883246573,90988.82550616637,4885.458487160312
2025-09-24 22:00:00,90988.82550616637,90988.82550616637,90902.83551480569,90939.52494548855,4848.011518134434
2025-09-25 00:00:00,90609.9521718481,90651.97028233991,90609.69988952074,90645.91419149362,2259.5536205425697
2025-09-25 02:00:00,90645.91419149362,91143.48241566979,90494.06610595166,91029.21891569026,3502.182922853701
2025-09-25 04:00:00,91029.21891569026,91046.04883387199,91019.50819064131,91030.21720000451,3108.3197320965164
2025-09-25 06:00:00,91030.21720000451,91118.53117892382,91010.32673046291,91086.03603469887,4140.679435875774
2025-09-25 08:00:00,91086.03603469887,91288.39785114651,90647.58575912064,90776.44470769078,2759.3499721796993
2025-09-25 10:00:00,90776.44470769078,91044.43964005404,90718.94816105554,90933.52432805215,5247.749210148745
2025-09-25 12:00:00,90933.52432805215,90957.06572283634,90914.97345398985,90915.8848766935,4794.874875947795
2025-09-25 14:00:00,90915.8848766935,90926.24935015463,90644.09556463211,90707.4283607143,5558.366535856407
2025-09-25 16:00:00,90707.4283607143,90851.3988365682,90635.64971492498,90829.90538205279,3990.356800761894
2025-09-25 18:00:00,90829.90538205279,90867.35114379377,90715.1709797133,90730.60942131748,2254.8086207013257
2025-09-25 20:00:00,90730.60942131748,91170.95181012296,90608.44654521743,90944.21266427875,3120.351451304629
2025-09-25 22:00:00,90944.21266427875,91221.09654056915,90857.94520015742,91195.26752676601,5899.4860275750925
2025-09-26 00:00:00,91383.9935004731,91388.41480078298,91277.84560862905,91325.31014903598,3482.0302750835012
2025-09-26 02:00:00,91325.31014903598,91349.41999748533,91237.4981090287,91265.27375281748,2367.8268105323796
2025-09-26 04:00:00,91265.27375281748,91441.22947378663,91186.0459262739,91430.11230517199,3201.711471293098
2025-09-26 06:00:00,91430.11230517199,91474.79790514494,91427.89309767746,91467.70615752779,3875.9862678307327
2025-09-26 08:00:00,91467.70615752779,91516.0448629182,91441.10652262472,91512.28362640446,1735.9661308319905
2025-09-26 10:00:00,91512.28362640446,91603.42226293121,91320.63158988915,91407.22371003467,3397.9768305130115
2025-09-26 12:00:00,91407.22371003467,91411.48991979273,91350.8753009693,91359.67420636771,1914.6344499978493
2025-09-26 14:00:00,91359.67420636771,91481.74205434097,91251.04941802414,91325.8744670153,1857.6688407389474
2025-09-26 16:00:00,91325.8744670153,91473.87269289614,91181.57998810278,91354.39190132308,4181.335976145983
2025-09-26 18:00:00,91354.39190132308,91372.50243760084,91133.1359289064,91245.05100268067,3079.0629144986424
2025-09-26 20:00:00,91245.05100268067,91339.64948271409,91098.63777068106,91103.02536706295,3785.6291124356726
2025-09-26 22:00:00,91103.02536706295,91134.98886603388,91088.27010301469,91116.72988464664,2819.58234134774
2025-09-27 00:00:00,90577.29807764711,90730.17599512286,90361.11805786737,90558.25027625929,3249.1164657050717
2025-09-27 02:00:00,90558.25027625929,92901.28528088421,90097.54098058287,92619.13894283655,6187.085002983413
2025-09-27 04:00:00,92619.13894283655,92837.2882940729,90829.28527802504,91016.8314670373,6878.002653131201
2025-09-27 06:00:00,91016.8314670373,91223.34644908522,90992.06652860815,91194.60714210176,5177.649447929671
2025-09-27 08:00:00,91194.60714210176,91393.88027402299,90396.16498760074,90717.98813624689,2780.738798969235
2025-09-27 10:00:00,90717.98813624689,91946.7271122344,90431.94908787268,91541.59783321343,2794.136184788734
2025-09-27 12:00:00,91541.59783321343,92848.0954691525,91092.04437165207,92573.33033750422,5615.259405479097
2025-09-27 14:00:00,92573.33033750422,94307.94369070258,92223.91227650779,94307.94369070258,4296.304905280158
2025-09-27 16:00:00,94307.94369070258,94307.94369070258,93994.23419554948,94141.34985998283,4358.578814069984
2025-09-27 18:00:00,94141.34985998283,95013.76592755996,94020.64236194483,95013.76592755996,4094.1744361789756
2025-09-27 20:00:00,95013.76592755996,95013.76592755996,91374.35577228482,92524.27839498215,4067.2197669835823
2025-09-27 22:00:00,92524.27839498215,93080.737728169,92354.62306638689,92814.6711195412,3354.5149725484207
2025-09-28 00:00:00,92788.5067510454,94157.99756405536,92459.45849921204,94157.99756405536,3451.8388684028796
2025-09-28 02:00:00,94157.99756405536,94157.99756405536,93077.79793470501,93332.23634104758,2014.6012426265847
2025-09-28 04:00:00,93332.23634104758,93750.85081991831,93328.31446625464,93672.846076778,2348.4493224206476
2025-09-28 06:00:00,93672.846076778,94033.27440116757,93559.37792157562,94033.27440116757,3548.4728874473703
2025-09-28 08:00:00,94033.27440116757,94033.27440116757,92090.7526756001,92090.7526756001,4440.3205772165875
2025-09-28 10:00:00,92090.7526756001,95875.87792992637,92090.7526756001,95875.87792992637,2221.7453599945766
2025-09-28 12:00:00,95875.87792992637,95875.87792992637,93697.82395203934,94402.35709559577,5055.367244941501
2025-09-28 14:00:00,94402.35709559577,94402.35709559577,94315.66892699759,94323.85605988133,3757.621056851585
2025-09-28 16:00:00,94323.85605988133,94433.51837751945,94322.70275488724,94433.51837751945,1996.892343175317
2025-09-28 18:00:00,94433.51837751945,94433.51837751945,93613.42152475398,93707.67074384494,4130.536331721096
2025-09-28 20:00:00,93707.67074384494,93945.93205042912,91954.28107340388,91954.28107340388,4728.473242893816
2025-09-28 22:00:00,91954.28107340388,93945.93205042912,91954.28107340388,93677.9207557683,2216.6400532434236
2025-09-29 00:00:00,93653.81233627541,93776.25855498905,93456.44378459567,93731.15142380031,9069.109436401084
2025-09-29 02:00:00,93731.15142380031,93803.81717208786,93388.2019742002,93511.1036328652,13117.302784643754
2025-09-29 04:00:00,93511.1036328652,93552.53441073681,93464.25279692815,93551.85842429867,13493.842208431628
2025-09-29 06:00:00,93551.85842429867,93772.56173373907,93492.79261316062,93747.84396423386,7881.426064349131
2025-09-29 08:00:00,93747.84396423386,93947.8729645616,93566.03739377637,93796.59864695596,6872.211170224953
2025-09-29 10:00:00,93796.59864695596,93837.75607375147,93285.66879287484,93355.88733720817,8019.899303803778
2025-09-29 12:00:00,93355.88733720817,93678.91098793177,93286.05866891633,93552.02392504917,7160.651603135083
2025-09-29 14:00:00,93552.02392504917,94125.41854010674,93308.28442482773,93968.72239619729,8074.987426307423
2025-09-29 16:00:00,93968.72239619729,94361.30820679449,93905.38108519946,94286.18024984714,7700.452066801558
2025-09-29 18:00:00,94286.18024984714,94393.34893548259,94154.0759979188,94362.46825363573,6638.974457558445
2025-09-29 20:00:00,94362.46825363573,95011.98731709772,94187.04900758712,94803.12100693311,9070.551348562101
2025-09-29 22:00:00,94803.12100693311,94820.58773534103,94440.67297389513,94477.98528252172,12890.258222052436
2025-09-30 00:00:00,93899.64791380787,94519.66811015055,93615.70381320974,94370.86278566168,3390.9283171151596
2025-09-30 02:00:00,94370.86278566168,94588.41322208327,93863.85109913498,93953.09237258695,2382.7837423558917
2025-09-30 04:00:00,93953.09237258695,94396.10232239205,93894.460515553,94212.70145187381,2455.885382533687
2025-09-30 06:00:00,94212.70145187381,94390.55916395165,94139.25821669566,94351.78218135629,1722.4064191436685
2025-09-30 08:00:00,94351.78218135629,94393.84273758605,94162.76816425342,94172.43649954566,1958.159140070768
2025-09-30 10:00:00,94172.43649954566,94762.32869988351,94165.34669659207,94567.51718547055,2525.8353871562263
2025-09-30 12:00:00,94567.51718547055,94623.78675397768,94470.66306502951,94573.26649163643,1862.2894626736907
2025-09-30 14:00:00,94573.26649163643,94590.71824839861,94212.30547482077,94432.9776098005,2261.3901247997023
2025-09-30 16:00:00,94432.9776098005,94547.92279156418,94331.89315313152,94479.77791260406,3124.0094345913676
2025-09-30 18:00:00,94479.77791260406,94702.96469934593,94430.84225266094,94605.96966602888,3730.540184392012
2025-09-30 20:00:00,94605.96966602888,95136.49525861454,94598.32123290574,94976.84203881038,3760.346162776527
2025-09-30 22:00:00,94976.84203881038,95139.90805762722,94867.86971217598,95041.84470799925,2259.682375100606
2025-10-01 00:00:00,94990.8623132393,95002.97029663106,93064.32208494763,93064.32208494763,6677.746747575823
2025-10-01 02:00:00,93064.32208494763,95351.46411159763,93064.32208494763,95351.46411159763,5798.115676475102
2025-10-01 04:00:00,95351.46411159763,96065.78534171675,95306.72658140078,96065.78534171675,2784.408448099487
2025-10-01 06:00:00,96065.78534171675,96065.78534171675,94782.74070282574,94871.56896284567,6281.955023920867
2025-10-01 08:00:00,94871.56896284567,94991.31884953896,93706.90899794833,93706.90899794833,3318.5630054683966
2025-10-01 10:00:00,93706.90899794833,93914.42564896932,93316.90316874623,93316.90316874623,6895.548177517481
2025-10-01 12:00:00,93316.90316874623,94777.3768452272,93316.90316874623,94280.28278071909,3696.8807304265715
2025-10-01 14:00:00,94280.28278071909,94311.32269863682,94143.15346223288,94143.15346223288,4172.919050917857
2025-10-01 16:00:00,94143.15346223288,95356.42899251037,94143.15346223288,95356.42899251037,5042.97086375319
2025-10-01 18:00:00,95356.42899251037,95709.3739815617,95321.53426059702,95709.3739815617,5469.757239038377
2025-10-01 20:00:00,95709.3739815617,95709.3739815617,94247.70781112247,94247.70781112247,4025.304802113285
2025-10-01 22:00:00,94247.70781112247,94649.43690951905,94247.70781112247,94481.07325513748,4615.413116405033
2025-10-02 00:00:00,94648.34670940335,95987.18514613004,94574.27301874572,95865.81114980583,5008.968758260607
2025-10-02 02:00:00,95865.81114980583,97386.35307834289,95510.84618585193,97386.35307834289,5318.345171239984
2025-10-02 04:00:00,97386.35307834289,97386.35307834289,96684.44794326805,96933.95167978817,7334.370016274528
2025-10-02 06:00:00,96933.95167978817,99408.08747373536,95859.20461842221,99408.08747373536,2661.827583437411
2025-10-02 08:00:00,99408.08747373536,99408.08747373536,96343.07861001963,96442.71590928976,4984.095320247597
2025-10-02 10:00:00,96442.71590928976,96797.6078794248,96284.59450171166,96797.6078794248,6006.150000829531
2025-10-02 12:00:00,96797.6078794248,96797.6078794248,96188.47030006384,96250.56855597462,6129.524616642798
2025-10-02 14:00:00,96250.56855597462,97654.51237645016,95949.56948792761,97654.51237645016,6552.435615601921
2025-10-02 16:00:00,97654.51237645016,97654.51237645016,96149.85680060695,96479.18557780133,5298.278921836828
2025-10-02 18:00:00,96479.18557780133,96688.11973755922,96344.34116679063,96688.11973755922,4431.827317047445
2025-10-02 20:00:00,96688.11973755922,96688.11973755922,96106.12490233088,96336.23733718833,7779.289857768951
2025-10-02 22:00:00,96336.23733718833,96336.23733718833,95672.07152280734,95851.18566400773,3370.627259543687
2025-10-03 00:00:00,96272.79240712643,107238.48943032078,94579.98274522198,107238.48943032078,5106.632769681227
2025-10-03 02:00:00,107238.48943032078,107238.48943032078,103398.73086023946,104692.01087669413,7190.479682212178
2025-10-03 04:00:00,104692.01087669413,108760.6332753388,103254.06995108226,108760.6332753388,8179.890972574233
2025-10-03 06:00:00,108760.6332753388,108760.6332753388,107136.368721682,107260.43663301256,3574.49396440858
2025-10-03 08:00:00,107260.43663301256,107260.43663301256,103179.11878114028,103862.67772954935,6893.3167056152415
2025-10-03 10:00:00,103862.67772954935,103862.67772954935,96233.73343382547,97824.58421097606,8176.860430219237
2025-10-03 12:00:00,97824.58421097606,97824.58421097606,93047.69714945731,93047.69714945731,4329.28480489878
2025-10-03 14:00:00,93047.69714945731,93975.4898776158,93047.69714945731,93935.66406202436,6926.41252492849
2025-10-03 16:00:00,93935.66406202436,96508.48159916437,86464.91995650633,86464.91995650633,3117.3861102729184
2025-10-03 18:00:00,86464.91995650633,86651.44377253763,86099.6353189582,86099.6353189582,7072.718728359407
2025-10-03 20:00:00,86099.6353189582,88237.49367293688,86099.6353189582,87783.68761168586,5449.054826749627
2025-10-03 22:00:00,87783.68761168586,93846.44420680587,87783.68761168586,93199.91470323013,3763.5204531893655
2025-10-04 00:00:00,94676.21349244875,94789.3707151688,94614.27113551147,94670.27003150106,2709.09284800754
2025-10-04 02:00:00,94670.27003150106,94708.61410783613,94643.78327596879,94677.61275700318,2608.940091085546
2025-10-04 04:00:00,94677.61275700318,94816.52171552296,94606.3170793328,94699.95799384796,1478.9221642782225
2025-10-04 06:00:00,94699.95799384796,94735.58452783324,94648.65428928676,94698.2095817425,3423.0119648013456
2025-10-04 08:00:00,94698.2095817425,94880.62812095939,94655.39534600722,94701.61157201295,3163.437376671365
2025-10-04 10:00:00,94701.61157201295,94712.51855163592,94692.45657627372,94708.27539122406,2739.703555307096
2025-10-04 12:00:00,94708.27539122406,94715.84013429163,94702.25588581487,94707.88050105685,2638.577751645922
2025-10-04 14:00:00,94707.88050105685,94746.92721570865,94638.50664597766,94712.5001935063,2450.846507664759
2025-10-04 16:00:00,94712.5001935063,94799.44890856749,94616.89173771972,94700.87145855205,3071.4893407915647
2025-10-04 18:00:00,94700.87145855205,94714.39831568154,94417.59659930984,94688.88827154507,1702.11325853017
2025-10-04 20:00:00,94688.88827154507,94738.45503171074,94646.12357589473,94698.90573897611,1669.920654060237
2025-10-04 22:00:00,94698.90573897611,94702.71055221223,94693.83102797388,94701.39344596108,3909.574852886501
2025-10-05 00:00:00,94758.45807552505,110835.36545575646,94611.46266149243,110835.36545575646,4194.657764012278
2025-10-05 02:00:00,110835.36545575646,114331.82879758335,110369.91872763613,114331.82879758335,4640.586271433962
2025-10-05 04:00:00,114331.82879758335,114331.82879758335,102365.62500143766,105854.6606479399,3616.792594520336
2025-10-05 06:00:00,105854.6606479399,124775.32565677275,103201.65080570293,124775.32565677275,4194.864228929261
2025-10-05 08:00:00,124775.32565677275,124775.32565677275,123832.23989483484,123891.26032387369,3880.286847591428
2025-10-05 10:00:00,123891.26032387369,123891.26032387369,106695.65122709206,111052.16035585167,4304.177380799896
2025-10-05 12:00:00,111052.16035585167,111052.16035585167,101804.72189346023,103372.76049142703,2315.7545189623434
2025-10-05 14:00:00,103372.76049142703,105128.27556549561,103168.7219531776,105128.27556549561,4460.210540124912
2025-10-05 16:00:00,105128.27556549561,105128.27556549561,88391.6347421772,88391.6347421772,3397.8403385794986
2025-10-05 18:00:00,88391.6347421772,89742.09801295552,88391.6347421772,89293.50429374911,3906.1864691654037
2025-10-05 20:00:00,89293.50429374911,89375.3626910004,85016.38313857433,85016.38313857433,3831.414162937811
2025-10-05 22:00:00,85016.38313857433,92521.19696275583,85016.38313857433,89973.60444365253,3338.6478231451406
2025-10-06 00:00:00,95575.13378120128,96139.21789126075,94274.08811922498,94274.08811922498,4715.646127282897
2025-10-06 02:00:00,94274.08811922498,95353.9578727457,94274.08811922498,95094.50526492964,2037.8437299533732
2025-10-06 04:00:00,95094.50526492964,96008.3688785427,93050.96671594885,93050.96671594885,4215.437615648517
2025-10-06 06:00:00,93050.96671594885,96288.4984563155,93050.96671594885,95602.08269033718,2281.127080159274
2025-10-06 08:00:00,95602.08269033718,95680.26756759854,95247.23375282875,95570.0877814277,4505.3301186839635
2025-10-06 10:00:00,95570.0877814277,96140.51352732252,95440.35866512563,95833.47395415958,4832.316438311112
2025-10-06 12:00:00,95833.47395415958,96482.56868943479,95787.67880279184,96482.56868943479,2301.1974349102093
2025-10-06 14:00:00,96482.56868943479,97085.59442159106,96320.9830013183,97085.59442159106,3312.7585702386987
2025-10-06 16:00:00,97085.59442159106,97085.59442159106,95159.67104139022,95728.63017280064,4253.744696375218
2025-10-06 18:00:00,95728.63017280064,96098.60783259217,95667.63064495818,95971.16122449182,3476.983247200117
2025-10-06 20:00:00,95971.16122449182,96288.4984563155,94728.29623775542,94728.29623775542,2215.2159057686085
2025-10-06 22:00:00,94728.29623775542,95791.99223131666,94728.29623775542,95784.55074059937,2968.87164567664
2025-10-07 00:00:00,95752.86394267195,95970.35656982938,95652.26438721405,95843.64952675869,2357.1426155394975
2025-10-07 02:00:00,95843.64952675869,96033.20481490469,95779.55456251772,95799.78616613818,3904.7474790235856
2025-10-07 04:00:00,95799.78616613818,96165.90751472839,95618.24778961076,95993.42759901231,5133.036462029786
2025-10-07 06:00:00,95993.42759901231,96379.3452113514,95935.41813272843,96192.83126313413,4525.47743231563
2025-10-07 08:00:00,96192.83126313413,96355.17097819035,96075.61594183436,96340.2524860556,4865.217515431695
2025-10-07 10:00:00,96340.2524860556,96445.36861319159,96203.65670354021,96401.14283109366,3034.0013149110055
2025-10-07 12:00:00,96401.14283109366,96467.6215448538,96325.6564945426,96362.79433508885,3615.8578355489753
2025-10-07 14:00:00,96362.79433508885,96492.40826187057,96234.52595099862,96484.85273458641,5067.578366109698
2025-10-07 16:00:00,96484.85273458641,96531.0989710532,96121.2656662183,96245.35106555658,2989.4106324357167
2025-10-07 18:00:00,96245.35106555658,97214.84531865259,95869.80983222871,96779.32543772775,4587.340502610362
2025-10-07 20:00:00,96779.32543772775,96844.20158463843,96644.40358645197,96727.4275722949,3912.4570304651693
2025-10-07 22:00:00,96727.4275722949,96860.41933404515,96592.48390754165,96807.60662738665,4149.156926663931
2025-10-08 00:00:00,96712.61130339662,97750.59703995445,96324.71011123543,97585.54491883145,3993.4356244799114
2025-10-08 02:00:00,97585.54491883145,98322.46105279248,97307.68758356721,98016.31708975883,4075.854207716579
2025-10-08 04:00:00,98016.31708975883,98037.22275931394,97028.7126777793,97332.41272000172,1655.2209490480284
2025-10-08 06:00:00,97332.41272000172,97385.51177362373,96937.73685286392,96952.59545002291,2912.8908546638186
2025-10-08 08:00:00,96952.59545002291,97602.30828409828,96843.21604982784,97513.25546949638,3498.769987579072
2025-10-08 10:00:00,97513.25546949638,97873.66733742191,96579.90489502352,96746.83867289902,2120.751261710896
2025-10-08 12:00:00,96746.83867289902,96980.59715083947,96625.01857430523,96962.9739833272,2267.668685407487
2025-10-08 14:00:00,96962.9739833272,97656.2400625346,96856.10347502655,97513.05253445907,3804.684948740938
2025-10-08 16:00:00,97513.05253445907,97775.79099702492,96773.91927579556,96848.73067485256,3954.200258330621
2025-10-08 18:00:00,96848.73067485256,98815.97202999389,96538.81673811068,98815.97202999389,2990.23308858658
2025-10-08 20:00:00,98815.97202999389,98815.97202999389,97677.10364608161,97934.70488720282,3316.570292525977
2025-10-08 22:00:00,97934.70488720282,98008.4090667509,97695.75913882197,97763.64338817401,3198.0631654954987
2025-10-09 00:00:00,97713.19068168076,98032.62202355976,97711.09947861065,98000.05996440304,4307.823462210234
2025-10-09 02:00:00,98000.05996440304,98762.3983101549,97904.07748436577,98566.69310028519,4862.619851463803
2025-10-09 04:00:00,98566.69310028519,98733.86212281736,98523.91813649556,98668.64392742053,6045.1850847950545
2025-10-09 06:00:00,98668.64392742053,98755.68469440963,98570.22446900864,98664.47962754515,4147.816865225627
2025-10-09 08:00:00,98664.47962754515,98762.3983101549,98334.57466742708,98459.75399253985,2280.587871448316
2025-10-09 10:00:00,98459.75399253985,98661.83511755479,98432.7846226196,98649.75845374451,3408.944058326611
2025-10-09 12:00:00,98649.75845374451,99301.66799565278,98512.32584473187,99301.66799565278,2987.949581818583
2025-10-09 14:00:00,99301.66799565278,99327.99016006003,99256.40963399105,99327.99016006003,4247.30181017619
2025-10-09 16:00:00,99327.99016006003,99327.99016006003,98862.82965989177,99096.02361372928,2759.975702812722
2025-10-09 18:00:00,99096.02361372928,99096.02361372928,98855.08616486363,98935.9911614594,5347.354147214766
2025-10-09 20:00:00,98935.9911614594,98935.9911614594,98479.33497731604,98740.06017068263,2153.424387577203
2025-10-09 22:00:00,98740.06017068263,98762.3983101549,98734.58996058484,98761.9462482513,2839.367165462397
2025-10-10 00:00:00,99016.08860413208,99081.93537390741,98936.09685541978,98961.54012540031,1948.113084900101
2025-10-10 02:00:00,98961.54012540031,99089.01804964941,98858.66108621743,98894.06639960974,5109.095749054107
2025-10-10 04:00:00,98894.06639960974,98914.79426306263,98864.4895638738,98865.88213485193,4344.338254064652
2025-10-10 06:00:00,98865.88213485193,98997.82407783538,98859.83450084888,98944.1133505586,3234.993847464695
2025-10-10 08:00:00,98944.1133505586,99028.43621444283,98882.07075269205,98918.77433747008,3680.285547378649
2025-10-10 10:00:00,98918.77433747008,99183.46542333343,98866.09114756361,98961.7787945569,3296.1294305907977
2025-10-10 12:00:00,98961.7787945569,99183.46542333343,98799.81753257621,98955.4546219898,4133.354119257872
2025-10-10 14:00:00,98955.4546219898,99107.05521820046,98908.10834059767,99000.3831277287,4583.102215748393
2025-10-10 16:00:00,99000.3831277287,99003.74123998094,98936.21157882705,98941.35180929684,4841.00628635183
2025-10-10 18:00:00,98941.35180929684,99062.17211024706,98864.42889733234,98942.45538103004,1873.661693089504
2025-10-10 20:00:00,98942.45538103004,98945.69778829534,98915.29598530379,98931.13367720101,4401.617221603802
2025-10-10 22:00:00,98931.13367720101,99053.28951244257,98799.81753257621,98908.0548234252,3439.3106864613014
2025-10-11 00:00:00,98653.76776850935,98782.95419720789,98647.3891340265,98706.31743799345,3091.3701940047677
2025-10-11 02:00:00,98706.31743799345,98736.84994046422,98449.50414023548,98449.50414023548,3187.1462841678476
2025-10-11 04:00:00,98449.50414023548,99107.45614507017,98449.50414023548,98881.51349164064,1731.3129103560418
2025-10-11 06:00:00,98881.51349164064,98901.37989334013,98747.17817985188,98757.4581741181,2517.0933224330042
2025-10-11 08:00:00,98757.4581741181,98832.91944115996,98401.31353392186,98401.31353392186,2397.4814468724603
2025-10-11 10:00:00,98401.31353392186,98458.89494193424,98277.86877852691,98277.86877852691,3190.7233278359968
2025-10-11 12:00:00,98277.86877852691,98290.1966626731,98122.13636709134,98122.13636709134,2307.6615989118036
2025-10-11 14:00:00,98122.13636709134,99309.22054939596,98122.13636709134,98988.00914988921,3732.3328287443696
2025-10-11 16:00:00,98988.00914988921,99309.22054939596,98967.11568195761,99234.19200014809,1585.3000526464343
2025-10-11 18:00:00,99234.19200014809,99309.22054939596,98647.3891340265,98889.7922625055,3185.5857001012732
2025-10-11 20:00:00,98889.7922625055,99314.12371972844,98768.0236538527,99314.12371972844,2970.8799049410995
2025-10-11 22:00:00,99314.12371972844,99314.12371972844,99243.75997129627,99300.718496679,3413.86163008348
2025-10-12 00:00:00,99167.49521621972,99277.56896926116,98822.17148536631,98915.2514134663,4216.717037799751
2025-10-12 02:00:00,98915.2514134663,99079.78803037024,98797.20065612663,98888.83689591063,3578.057529477838
2025-10-12 04:00:00,98888.83689591063,98995.89963342254,98882.50668684325,98958.93553887059,2907.2645378319294
2025-10-12 06:00:00,98958.93553887059,99136.68169400557,98904.67697098383,99054.63692607137,4447.5059311670675
2025-10-12 08:00:00,99054.63692607137,99234.6377016428,99027.44647201076,99208.32994138995,4471.120367798563
2025-10-12 10:00:00,99208.32994138995,99378.20173610093,99181.16942415126,99253.99582914151,3458.6881691877866
2025-10-12 12:00:00,99253.99582914151,99337.09683171612,99170.01030034991,99301.72917322525,3347.6127497021585
2025-10-12 14:00:00,99301.72917322525,99448.0606356571,99290.9585195364,99352.55329142553,2426.931604701661
2025-10-12 16:00:00,99352.55329142553,99387.31828072453,99298.25395529787,99305.46583038202,3935.384416595532
2025-10-12 18:00:00,99305.46583038202,99412.65249741705,99053.07219975472,99079.65064448456,2404.44288511357
2025-10-12 20:00:00,99079.65064448456,99091.22164607729,98943.64713854258,98969.7917135445,2919.638779717985
2025-10-12 22:00:00,98969.7917135445,99118.690076742,98797.20065612663,98943.74420733834,2243.605849345596
2025-10-13 00:00:00,99163.8305467816,99321.68822740915,99059.08459283387,99185.9793939884,5012.92950469247
2025-10-13 02:00:00,99185.9793939884,99358.74022456094,98927.98880965667,99106.51513137776,5683.225319631852
2025-10-13 04:00:00,99106.51513137776,99512.45783251902,98849.56541156856,99253.0943565788,3006.6642560421146
2025-10-13 06:00:00,99253.0943565788,99399.67745338855,98916.84094725268,99044.85294033676,6216.436996112176
2025-10-13 08:00:00,99044.85294033676,99126.9409739497,98774.771950876,98860.49803263418,2938.0403619563717
2025-10-13 10:00:00,98860.49803263418,99062.14505227415,98661.06464693866,99009.44619010428,3217.8577631373823
2025-10-13 12:00:00,99009.44619010428,99024.66634895086,98998.05337692091,99017.83224602719,4071.5749414679694
2025-10-13 14:00:00,99017.83224602719,99019.12377055435,98308.00060866239,98621.70667626226,3294.40942900287
2025-10-13 16:00:00,98621.70667626226,98810.98272966816,98537.31510538318,98712.02669108736,6010.816837178952
2025-10-13 18:00:00,98712.02669108736,98771.93529615225,98537.12085810892,98607.5302646982,7434.083245119555
2025-10-13 20:00:00,98607.5302646982,98669.870172159,98585.19174466077,98665.42246669263,6970.3941837035745
2025-10-13 22:00:00,98665.42246669263,98688.07073831538,98043.43361101634,98256.98798184107,4961.255713891641
2025-10-14 00:00:00,98620.19110271294,98727.1001781118,98610.8592272914,98694.57478907434,5635.609521769673
2025-10-14 02:00:00,98694.57478907434,99067.96947122076,98536.04551190017,99060.16577760909,2636.471444275174
2025-10-14 04:00:00,99060.16577760909,99401.42866975661,98898.00863916699,99145.65781925204,4850.622201427498
2025-10-14 06:00:00,99145.65781925204,99267.27667861704,98885.04561564284,99130.93938607896,6148.52043424447
2025-10-14 08:00:00,99130.93938607896,99170.46349932108,99062.22122714219,99081.80421183087,4214.56238029905
2025-10-14 10:00:00,99081.80421183087,99190.73616941238,98893.93731853955,99017.95926734924,7400.6838547279485
2025-10-14 12:00:00,99017.95926734924,99567.06832878392,98934.72994110163,99388.67249030535,6076.571150552336
2025-10-14 14:00:00,99388.67249030535,100550.37019114553,99359.02411944598,100367.64354995094,7372.473652399502
2025-10-14 16:00:00,100367.64354995094,100433.42753498649,100299.9476936286,100390.92934315804,3585.2249275010195
2025-10-14 18:00:00,100390.92934315804,100530.38689867302,100262.50262436099,100514.27783871631,4488.641353505285
2025-10-14 20:00:00,100514.27783871631,101047.25491411761,99964.21756501486,101047.25491411761,2876.390244461291
2025-10-14 22:00:00,101047.25491411761,101047.25491411761,100132.1675520061,100563.14823455783,4400.885448590164
2025-10-15 00:00:00,100211.05376675465,100475.44444067864,100046.26413508275,100376.37546516629,4953.062808079367
2025-10-15 02:00:00,100376.37546516629,100399.9072585774,100193.13744758627,100227.20598864138,9366.994645489234
2025-10-15 04:00:00,100227.20598864138,100697.6862493325,99101.77839642846,99101.77839642846,10525.313762606625
2025-10-15 06:00:00,99101.77839642846,99772.42265178273,99101.77839642846,99711.21138990132,8619.052935083993
2025-10-15 08:00:00,99711.21138990132,100649.05174668459,99694.03593089587,100589.3472170975,10390.230053658288
2025-10-15 10:00:00,100589.3472170975,100942.36577729436,100428.3078402175,100684.99298016261,7876.918413312092
2025-10-15 12:00:00,100684.99298016261,101031.92451680083,100574.92392286043,100971.44371809963,7696.580507505141
2025-10-15 14:00:00,100971.44371809963,101689.75891647403,99597.46919284585,99628.62186257877,7886.121768872896
2025-10-15 16:00:00,99628.62186257877,99941.16924903113,99452.59324414424,99578.77588222276,4621.334523336274
2025-10-15 18:00:00,99578.77588222276,100731.95426284046,99285.73862510237,100430.31826450031,7457.61366666903
2025-10-15 20:00:00,100430.31826450031,101823.53257708877,100295.15076016539,101384.68506519198,4564.102161865455
2025-10-15 22:00:00,101384.68506519198,102681.587758178,100921.73146503679,102332.31212584526,7781.11165337992
2025-10-16 00:00:00,102032.47834842073,103696.5643216157,101444.77553548302,103696.5643216157,3190.0483195219267
2025-10-16 02:00:00,103696.5643216157,105400.1786355245,103531.8004574498,105400.1786355245,3760.6576882351187
2025-10-16 04:00:00,105400.1786355245,105400.1786355245,105202.87967677893,105264.57775910394,5686.920991425067
2025-10-16 06:00:00,105264.57775910394,105264.57775910394,103094.70851898288,103470.29412358999,2874.899934004863
2025-10-16 08:00:00,103470.29412358999,103470.29412358999,99828.03979781042,99828.03979781042,5982.714004452267
2025-10-16 10:00:00,99828.03979781042,100242.81610943725,98679.82161782261,98679.82161782261,5999.917301261734
2025-10-16 12:00:00,98679.82161782261,99814.78023762001,98679.82161782261,99541.2722369238,3998.9992305571045
2025-10-16 14:00:00,99541.2722369238,100356.06523972303,97627.37541544078,97627.37541544078,4583.5333789864035
2025-10-16 16:00:00,97627.37541544078,97786.20349591039,96932.35079945115,96932.35079945115,4783.1429600267475
2025-10-16 18:00:00,96932.35079945115,97425.8745710734,96932.35079945115,97417.08680979055,5557.257104737305
2025-10-16 20:00:00,97417.08680979055,100374.80581945929,97417.08680979055,99719.55108956699,3988.6061294955625
2025-10-16 22:00:00,99719.55108956699,100428.54877955653,99719.55108956699,100275.76747918081,4412.21346727215
2025-10-17 00:00:00,100444.06542415802,101018.83473030549,100087.25578709731,101018.83473030549,1691.7412565998268
2025-10-17 02:00:00,101018.83473030549,101018.83473030549,100311.15026089601,100590.34990070628,3013.440974278792
2025-10-17 04:00:00,100590.34990070628,101331.37296686166,100284.25138600047,101331.37296686166,2962.687582093666
2025-10-17 06:00:00,101331.37296686166,102089.6011759861,100935.4454963419,102089.6011759861,3163.4707431056227
2025-10-17 08:00:00,102089.6011759861,102316.47126250288,102054.73112740327,102316.47126250288,3460.0016871806833
2025-10-17 10:00:00,102316.47126250288,102316.47126250288,102027.54449782094,102111.0420837111,1404.5604300548598
2025-10-17 12:00:00,102111.0420837111,102111.0420837111,101897.10503883015,101916.93119959357,1613.8946658470807
2025-10-17 14:00:00,101916.93119959357,101916.93119959357,101346.31021872988,101414.90123705406,2037.33849302371
2025-10-17 16:00:00,101414.90123705406,101414.90123705406,101186.27314244022,101310.66975236544,2036.1368704224183
2025-10-17 18:00:00,101310.66975236544,101310.66975236544,100873.94228559828,100877.22019103673,3513.0290656917273
2025-10-17 20:00:00,100877.22019103673,101107.86262204342,100605.18319701108,101107.86262204342,3223.816952835131
2025-10-17 22:00:00,101107.86262204342,101107.86262204342,100608.47678785097,100697.67789285797,3408.8219216723905
2025-10-18 00:00:00,100780.36982140694,101399.33715640494,100487.56611670005,101085.89792038931,4430.12073118435
2025-10-18 02:00:00,101085.89792038931,101168.8970847933,101036.0714352824,101075.1222709284,4457.371651099769
2025-10-18 04:00:00,101075.1222709284,101157.48541237276,100822.24613497999,100842.35258918478,3166.198983569072
2025-10-18 06:00:00,100842.35258918478,101081.78366773167,100558.256912864,101001.42539286554,4749.65980500983
2025-10-18 08:00:00,101001.42539286554,101007.97490484516,100691.61200976397,100752.45069691956,3701.965586240901
2025-10-18 10:00:00,100752.45069691956,100840.73343309436,100745.33369667521,100839.48919627575,3247.672690331185
2025-10-18 12:00:00,100839.48919627575,101668.27844833385,100480.24283425703,101468.45677530045,4092.909171722292
2025-10-18 14:00:00,101468.45677530045,101730.00968605798,101173.52536824398,101302.0642228316,2791.310513925722
2025-10-18 16:00:00,101302.0642228316,101587.66922539608,101176.68059114016,101474.75014677305,2435.603134729479
2025-10-18 18:00:00,101474.75014677305,102064.68535113304,101351.02409408204,101904.38312057055,4756.366875249672
2025-10-18 20:00:00,101904.38312057055,101920.68126940209,101884.43563786926,101889.54068206622,1991.2206764962145
2025-10-18 22:00:00,101889.54068206622,101916.08170989764,101880.92211381684,101910.44983546068,5030.248211252727
2025-10-19 00:00:00,102137.43042072056,102348.80603656879,98607.97701708117,98607.97701708117,5415.905559437026
2025-10-19 02:00:00,98607.97701708117,98661.78438615045,98389.66148697081,98389.66148697081,13362.35892654211
2025-10-19 04:00:00,98389.66148697081,98404.40570166666,98034.0060551682,98034.0060551682,8592.859429036655
2025-10-19 06:00:00,98034.0060551682,99786.47820846029,94759.16670554898,94759.16670554898,8756.135158217578
2025-10-19 08:00:00,94759.16670554898,95166.7686385581,94169.09687859076,94169.09687859076,10760.77960560383
2025-10-19 10:00:00,94169.09687859076,96995.68850368277,94169.09687859076,96682.24836783014,5257.8309300434485
2025-10-19 12:00:00,96682.24836783014,98672.66494652713,96682.24836783014,98266.05559517074,4768.032747565212
2025-10-19 14:00:00,98266.05559517074,101287.03042277473,98266.05559517074,100334.85042101434,4875.873415928016
2025-10-19 16:00:00,100334.85042101434,100816.54989217469,98064.95578510546,98064.95578510546,5023.938393157032
2025-10-19 18:00:00,98064.95578510546,99072.97522069167,98064.95578510546,98864.139430662,5504.209956770437
2025-10-19 20:00:00,98864.139430662,100198.44503159038,98864.139430662,100148.10840066828,10759.966493806103
2025-10-19 22:00:00,100148.10840066828,100734.75478403803,99156.54725104912,99246.85811805709,10883.481438164234
2025-10-20 00:00:00,99542.52567105246,99667.55643311563,96328.66307799044,96328.66307799044,3361.458280243291
2025-10-20 02:00:00,96328.66307799044,97825.54249327845,92241.1927172436,92241.1927172436,5124.425927687993
2025-10-20 04:00:00,92241.1927172436,92288.49104454074,88601.1648773233,88601.1648773233,4200.961468791686
2025-10-20 06:00:00,88601.1648773233,88919.26289919455,83512.48043981228,83512.48043981228,2181.3463029463255
2025-10-20 08:00:00,83512.48043981228,83716.40367193172,82494.38783053988,82494.38783053988,3799.734102948087
2025-10-20 10:00:00,82494.38783053988,90244.08078371991,82494.38783053988,89571.2660219641,5768.90023918308
2025-10-20 12:00:00,89571.2660219641,89573.82137710253,89554.32547753029,89554.32547753029,4122.328239500646
2025-10-20 14:00:00,89554.32547753029,94132.67418347299,89554.32547753029,92690.94646577169,3757.537851624218
2025-10-20 16:00:00,92690.94646577169,94613.24676594355,87966.46816693604,87966.46816693604,2334.8005477651113
2025-10-20 18:00:00,87966.46816693604,88145.94051851021,86914.86647607593,86914.86647607593,4341.6556529159225
2025-10-20 20:00:00,86914.86647607593,92368.93997200346,86914.86647607593,90653.27437155518,3940.2309451573124
2025-10-20 22:00:00,90653.27437155518,98569.5726696039,90653.27437155518,96680.23273025658,5482.935200010841
2025-10-21 00:00:00,98052.3360621342,98091.24688507621,96408.30140323685,96782.52786750923,6728.86274234568
2025-10-21 02:00:00,96782.52786750923,97217.10498928213,95933.04784452727,95933.04784452727,6010.812578165311
2025-10-21 04:00:00,95933.04784452727,98022.7091375462,95933.04784452727,97363.86377613708,9535.39324771802
2025-10-21 06:00:00,97363.86377613708,97609.82264729758,96347.57589067204,96421.12150478373,4156.855952569579
2025-10-21 08:00:00,96421.12150478373,97148.51478029847,96388.06352357984,96888.1012956149,4597.265278444227
2025-10-21 10:00:00,96888.1012956149,97282.31718697092,96048.27892780188,96048.27892780188,4940.466377105979
2025-10-21 12:00:00,96048.27892780188,96143.27025487326,95638.3560672103,95638.3560672103,8019.868684664706
2025-10-21 14:00:00,95638.3560672103,95956.1407275381,95638.3560672103,95874.51328799255,5599.7010564725415
2025-10-21 16:00:00,95874.51328799255,96321.09410240893,95874.51328799255,96213.56739366769,5218.402395995655
2025-10-21 18:00:00,96213.56739366769,96888.09791184212,95278.31071844732,95278.31071844732,9531.36685999308
2025-10-21 20:00:00,95278.31071844732,95554.95921571311,95278.31071844732,95464.11975986417,3725.43779332965
2025-10-21 22:00:00,95464.11975986417,96405.07544509623,95464.11975986417,96346.14989304962,4520.265985488719
2025-10-22 00:00:00,96567.56921695216,96676.37760968275,96453.12198572398,96493.25589198279,2355.734150547704
2025-10-22 02:00:00,96493.25589198279,96522.72484304383,96457.43984805861,96514.33569365162,4173.462356132043
2025-10-22 04:00:00,96514.33569365162,96528.48516273698,96443.11665790214,96480.28775456666,3887.6492825670075
2025-10-22 06:00:00,96480.28775456666,96583.68052360363,96444.44779984852,96541.16198146786,4301.11687333971
2025-10-22 08:00:00,96541.16198146786,96896.07307795358,96382.27010440148,96721.44151156102,4351.236690329346
2025-10-22 10:00:00,96721.44151156102,96850.14933007855,96600.78591295124,96807.50492392939,3342.7665719817687
2025-10-22 12:00:00,96807.50492392939,96857.12341913294,96805.28913653256,96849.41607712721,1571.115906893705
2025-10-22 14:00:00,96849.41607712721,96969.16966627853,96767.83003823353,96919.12540899201,2299.4911029220098
2025-10-22 16:00:00,96919.12540899201,97018.23907006737,96808.42722498553,96885.21920359285,1805.1896343819478
2025-10-22 18:00:00,96885.21920359285,96937.45303126636,96721.16663377067,96841.61687305845,3704.8497861499945
2025-10-22 20:00:00,96841.61687305845,96991.09767253393,96837.18451781194,96922.66081143361,4236.886585679647
2025-10-22 22:00:00,96922.66081143361,96976.77291690298,96913.0011491503,96929.28752507732,4526.233920369914
2025-10-23 00:00:00,96601.84333773116,96636.46791462963,96000.39349115742,96153.46523787554,3282.452140423021
2025-10-23 02:00:00,96153.46523787554,97089.81428110805,96062.81317359055,96844.93720456562,7388.536057652703
2025-10-23 04:00:00,96844.93720456562,96957.00120618775,96719.12787888976,96744.39109446618,5472.276343345056
2025-10-23 06:00:00,96744.39109446618,97215.77927850751,95166.73538104013,95793.82714080854,4558.288867944518
2025-10-23 08:00:00,95793.82714080854,95867.50769884816,95177.3412113522,95413.64356717354,7191.004102982472
2025-10-23 10:00:00,95413.64356717354,95780.56273515482,94608.34527759005,94608.34527759005,8309.957673269213
2025-10-23 12:00:00,94608.34527759005,95484.18227634166,94608.34527759005,95034.15747827833,5997.915842896452
2025-10-23 14:00:00,95034.15747827833,95201.30341348349,95029.26708324246,95105.08674215304,3387.171015174769
2025-10-23 16:00:00,95105.08674215304,95515.84675773529,95055.70349024907,95373.41436094251,7310.929153908284
2025-10-23 18:00:00,95373.41436094251,95438.05960512192,94881.55391808276,94881.55391808276,7368.023164828526
2025-10-23 20:00:00,94881.55391808276,97125.90738732842,94881.55391808276,96348.16189380175,5794.846106527782
2025-10-23 22:00:00,96348.16189380175,96772.32532165677,95416.89034566573,95636.83276547334,6564.799036000538
2025-10-24 00:00:00,95606.9125063642,95646.4777519222,95525.47813949734,95528.81523024733,2974.533269664135
2025-10-24 02:00:00,95528.81523024733,95548.33915441937,95322.79254233683,95335.24307418363,3420.325977694899
2025-10-24 04:00:00,95335.24307418363,95761.09550659473,95239.50885004699,95715.12433777978,2094.8392328748737
2025-10-24 06:00:00,95715.12433777978,95719.79894297352,95674.86514469667,95679.64785611742,3200.3140722162584
2025-10-24 08:00:00,95679.64785611742,95755.86704509864,95560.7677907736,95645.00429407445,2195.7312771808133
2025-10-24 10:00:00,95645.00429407445,95778.28593793261,95597.8219860606,95697.27798890547,2198.535111986416
2025-10-24 12:00:00,95697.27798890547,95813.43855237245,95635.2170523385,95738.83380655007,4193.649540846354
2025-10-24 14:00:00,95738.83380655007,95745.05825937945,95664.06759870985,95683.57320568978,2818.1691035490567
2025-10-24 16:00:00,95683.57320568978,95788.0575759354,95563.15660030789,95687.55431405209,2812.514859534858
2025-10-24 18:00:00,95687.55431405209,95951.376444799,95180.7679577612,95399.27877062146,4440.459123969605
2025-10-24 20:00:00,95399.27877062146,95423.91849480226,95308.73776929855,95419.80609568837,3349.233120601554
2025-10-24 22:00:00,95419.80609568837,95460.96531881415,95081.62237562107,95146.89956085304,3690.885944856226
2025-10-25 00:00:00,95253.93337075127,95288.16548914187,95205.72182927655,95265.44372246947,4570.36377779909
2025-10-25 02:00:00,95265.44372246947,95295.95689839045,95219.19551205049,95256.22551243566,4031.307303553681
2025-10-25 04:00:00,95256.22551243566,95340.53717592782,95189.03669260953,95283.0490035355,4122.8032796788975
2025-10-25 06:00:00,95283.0490035355,95410.25319812374,95260.42814376201,95320.87750823858,3331.739781845064
2025-10-25 08:00:00,95320.87750823858,95421.58313952661,95290.03328854818,95377.14578766741,3294.670088398454
2025-10-25 10:00:00,95377.14578766741,95405.02593434027,95282.42069473068,95324.74643255939,3400.1937903523535
2025-10-25 12:00:00,95324.74643255939,95411.15587851967,95304.11352300047,95381.00172308348,3466.982394233443
2025-10-25 14:00:00,95381.00172308348,95489.58479383327,95310.688191216,95410.41107517935,2699.3166634633517
2025-10-25 16:00:00,95410.41107517935,95433.60239943382,95389.7083010616,95403.07866111904,4182.2122638559795
2025-10-25 18:00:00,95403.07866111904,95414.00906301996,95352.42114079175,95364.6346246482,2431.8687536074754
2025-10-25 20:00:00,95364.6346246482,95431.10403866025,95334.75596787727,95391.60960077323,2246.092293655087
2025-10-25 22:00:00,95391.60960077323,95444.31920766,95330.49320481102,95431.43751821168,3520.441409121248
2025-10-26 00:00:00,95508.7953244865,96352.19845050751,89622.66490660775,89622.66490660775,6609.54914953147
2025-10-26 02:00:00,89622.66490660775,89702.99270378647,88134.66966278506,88134.66966278506,16319.211235137678
2025-10-26 04:00:00,88134.66966278506,92892.53982705412,88134.66966278506,91827.37689216755,8412.877372442708
2025-10-26 06:00:00,91827.37689216755,92751.84935462773,89712.72578930149,89712.72578930149,16327.16691374088
2025-10-26 08:00:00,89712.72578930149,89834.67502545459,89514.25753182934,89514.25753182934,10860.77715977635
2025-10-26 10:00:00,89514.25753182934,89689.7841612829,89514.25753182934,89565.73594481072,9688.984589563102
2025-10-26 12:00:00,89565.73594481072,89953.92500015693,88340.18362233412,88340.18362233412,7648.056905804518
2025-10-26 14:00:00,88340.18362233412,91466.06832249064,88340.18362233412,90446.33781519979,16292.298229756623
2025-10-26 16:00:00,90446.33781519979,92385.59285100256,90446.33781519979,92111.50135748397,13216.650288889408
2025-10-26 18:00:00,92111.50135748397,92343.40301713653,92111.50135748397,92305.78520431998,15920.705285820339
2025-10-26 20:00:00,92305.78520431998,95926.37876047302,92305.78520431998,95544.30271144686,16882.52455642779
2025-10-26 22:00:00,95544.30271144686,101145.5305921532,95125.18168469345,100876.96355821248,13484.716140708915
2025-10-27 00:00:00,101058.44313549298,101290.09852928694,101057.24794091459,101224.70544016674,3689.2636748006507
2025-10-27 02:00:00,101224.70544016674,101475.718352462,100442.30564691516,100466.19478152055,6294.450388020634
2025-10-27 04:00:00,100466.19478152055,100909.75822103035,100366.1868384418,100846.42425596734,6784.920762049565
2025-10-27 06:00:00,100846.42425596734,101619.67829286355,100496.57152642924,101510.10362052299,4730.2128496466585
2025-10-27 08:00:00,101510.10362052299,101633.20071526009,101211.18741697699,101284.92741666433,7459.584540297261
2025-10-27 10:00:00,101284.92741666433,101302.16629234025,101230.61939098232,101247.81740406886,6949.5064904675155
2025-10-27 12:00:00,101247.81740406886,101344.20853527825,101097.52859425553,101259.44896888557,5695.785587394618
2025-10-27 14:00:00,101259.44896888557,102613.8205804807,100796.04149953312,102214.0477639928,7574.669769334905
2025-10-27 16:00:00,102214.0477639928,102516.26139144288,101404.26427330816,101720.0529991623,3072.6283948100804
2025-10-27 18:00:00,101720.0529991623,102122.27688172898,101610.95369261979,101962.46093887993,3647.744554417281
2025-10-27 20:00:00,101962.46093887993,102140.86406461845,101950.46305684048,102074.62444494436,8149.28207879988
2025-10-27 22:00:00,102074.62444494436,103118.95919615055,102055.37248796233,102819.92010843441,4795.865544143487
2025-10-28 00:00:00,102803.65859189534,103080.96448657688,99251.39128307944,99251.39128307944,5641.851649104639
2025-10-28 02:00:00,99251.39128307944,101333.75086902248,99251.39128307944,100577.83959955788,2130.189682600658
2025-10-28 04:00:00,100577.83959955788,100653.6448390887,96792.81464313692,96792.81464313692,5711.201527749216
2025-10-28 06:00:00,96792.81464313692,101175.69520639483,96792.81464313692,100756.42490083203,4630.37633193223
2025-10-28 08:00:00,100756.42490083203,104227.01358908921,100756.42490083203,104227.01358908921,5799.2509199505985
2025-10-28 10:00:00,104227.01358908921,110811.5776421532,103737.63644845897,110811.5776421532,6063.391441279288
2025-10-28 12:00:00,110811.5776421532,110811.5776421532,108589.12085728973,109110.10027504474,4579.497273543652
2025-10-28 14:00:00,109110.10027504474,109110.10027504474,107464.61592294366,107938.93580546865,2763.397547447037
2025-10-28 16:00:00,107938.93580546865,107938.93580546865,107693.87581270904,107795.59881839069,2235.275124351645
2025-10-28 18:00:00,107795.59881839069,107795.59881839069,106135.47663564242,106587.82884285288,3756.475114181881
2025-10-28 20:00:00,106587.82884285288,106587.82884285288,104307.96618383718,104636.34142201954,6286.354845555863
2025-10-28 22:00:00,104636.34142201954,104636.34142201954,100997.25308261924,100997.25308261924,3483.710949310565
2025-10-29 00:00:00,101677.86366069262,101948.53944143352,101582.14104524089,101890.61563188238,4292.483880639173
2025-10-29 02:00:00,101890.61563188238,102281.84137799012,101759.03472169867,102264.91946357363,3064.6259744815607
2025-10-29 04:00:00,102264.91946357363,102285.48669899767,101960.6713827052,101997.17427156013,3056.6567106776915
2025-10-29 06:00:00,101997.17427156013,102604.99945859482,101990.08275691493,102455.97052302273,2474.0506739348066
2025-10-29 08:00:00,102455.97052302273,102732.14274643057,102419.9369754535,102701.27043086199,4822.916888117634
2025-10-29 10:00:00,102701.27043086199,103232.58386780114,102410.15235968819,103090.44834762401,3340.8255125551595
2025-10-29 12:00:00,103090.44834762401,103512.31762666865,102830.35640591025,103512.31762666865,2449.7443223567593
2025-10-29 14:00:00,103512.31762666865,103512.31762666865,102908.34037211823,103168.98009929991,5254.000078075673
2025-10-29 16:00:00,103168.98009929991,103232.58386780114,102721.67003700069,102881.0608500248,2428.8785768129646
2025-10-29 18:00:00,102881.0608500248,103069.89109838418,102251.92236842324,102501.62625214255,4184.253852440532
2025-10-29 20:00:00,102501.62625214255,102917.82104856086,102488.21220005724,102821.12788457471,3076.9515015497727
2025-10-29 22:00:00,102821.12788457471,103030.25326704796,102726.55225024572,102981.89225169823,4559.987652866308
2025-10-30 00:00:00,103308.79491892409,105991.85276530414,102810.82533315988,105991.85276530414,3105.9044167372585
2025-10-30 02:00:00,105991.85276530414,105991.85276530414,103500.02347981314,104017.8208149531,5036.1740476925015
2025-10-30 04:00:00,104017.8208149531,104017.8208149531,101289.65757951254,102025.6528428196,1934.694017998396
2025-10-30 06:00:00,102025.6528428196,102062.61004037653,101840.24734883045,101897.4896183838,2000.8566452690507
2025-10-30 08:00:00,101897.4896183838,102048.21847960335,101824.29258315222,101948.46292425069,3515.5698541720144
2025-10-30 10:00:00,101948.46292425069,102645.9727563285,101831.38885681517,102186.02481599819,4179.10114257634
2025-10-30 12:00:00,102186.02481599819,105915.63276551526,101289.65757951254,105915.63276551526,4230.62317456145
2025-10-30 14:00:00,105915.63276551526,105915.63276551526,101368.50088496388,102363.48186497153,2692.3904760520936
2025-10-30 16:00:00,102363.48186497153,105135.54665706182,101920.00376704067,105135.54665706182,1819.69695164717
2025-10-30 18:00:00,105135.54665706182,106671.75978834003,104464.91112036462,106671.75978834003,4217.427476633657
2025-10-30 20:00:00,106671.75978834003,106671.75978834003,101289.65757951254,101978.39759519768,3089.4679546696816
2025-10-30 22:00:00,101978.39759519768,102013.4948132975,101289.65757951254,101395.85007545358,3312.698346265698
2025-10-31 00:00:00,101191.81745046796,101772.89296704813,99741.27278027509,99741.27278027509,2650.544489839245
2025-10-31 02:00:00,99741.27278027509,103686.42886357284,99741.27278027509,102395.02162585309,3775.7900739237766
2025-10-31 04:00:00,102395.02162585309,103954.58775073664,102221.36072816924,103954.58775073664,6055.228245893803
2025-10-31 06:00:00,103954.58775073664,105728.27242789962,103280.19329657179,105728.27242789962,3854.0256249754684
2025-10-31 08:00:00,105728.27242789962,105728.27242789962,100754.35027870449,101312.30977792741,5933.021508265764
2025-10-31 10:00:00,101312.30977792741,106960.39246322754,100754.35027870449,106960.39246322754,2625.0263986781747
2025-10-31 12:00:00,106960.39246322754,106960.39246322754,101114.44105260509,103117.19122466983,5188.466669006238
2025-10-31 14:00:00,103117.19122466983,105135.88793684579,102804.81128373598,105135.88793684579,4916.863698688844
2025-10-31 16:00:00,105135.88793684579,105135.88793684579,104600.58002917674,104831.50820011018,3354.131300966794
2025-10-31 18:00:00,104831.50820011018,104831.50820011018,100754.35027870449,100790.33200180299,5124.708506773071
2025-10-31 20:00:00,100790.33200180299,105445.91170068814,100754.35027870449,105445.91170068814,2902.3146198062823
2025-10-31 22:00:00,105445.91170068814,105445.91170068814,102618.94510858881,102918.9036910267,5051.850201092988
2025-11-01 00:00:00,103210.05881291778,103216.22170864466,103187.22987046183,103212.36531853277,2317.722751765512
2025-11-01 02:00:00,103212.36531853277,103404.63827583694,103114.35754525581,103213.02256457412,1758.0507860564614
2025-11-01 04:00:00,103213.02256457412,103285.08026174734,103176.51341308725,103211.56724564095,1252.527503389251
2025-11-01 06:00:00,103211.56724564095,103216.13670057303,103207.79237529734,103211.30769744092,2496.4613068251406
2025-11-01 08:00:00,103211.30769744092,103309.09057699141,102955.62063837762,103213.01861795271,2437.2502850620817
2025-11-01 10:00:00,103213.01861795271,103268.39913965203,103127.05078158547,103214.25785512206,3410.5668530134653
2025-11-01 12:00:00,103214.25785512206,103260.88057915345,103214.18551748992,103214.75147685235,1543.6041923045454
2025-11-01 14:00:00,103214.75147685235,103285.15375971035,103067.11120644688,103216.0738141833,1556.1214177682884
2025-11-01 16:00:00,103216.0738141833,103413.8242784041,103161.1547159797,103217.64723570223,3121.355100545148
2025-11-01 18:00:00,103217.64723570223,103217.86776598502,103169.68295089279,103214.8334951753,2894.669058457094
2025-11-01 20:00:00,103214.8334951753,103314.22760339963,103167.0016300563,103214.99298949359,2780.1248146352614
2025-11-01 22:00:00,103214.99298949359,103361.73003352396,103095.91454455158,103215.77424378863,1448.0390323789652
2025-11-02 00:00:00,102792.19454498772,107626.05418933975,102429.32691751017,107626.05418933975,6536.467065127615
2025-11-02 02:00:00,107626.05418933975,111461.23025263511,107311.45284761027,111461.23025263511,12357.159532529398
2025-11-02 04:00:00,111461.23025263511,117683.8462555406,110531.75192403584,117683.8462555406,11600.733789702948
2025-11-02 06:00:00,117683.8462555406,117683.8462555406,105715.88537802563,109725.70465086083,7036.009451780066
2025-11-02 08:00:00,109725.70465086083,109761.70236086231,109707.2582578953,109761.70236086231,11744.866683623279
2025-11-02 10:00:00,109761.70236086231,109761.70236086231,107676.73098068069,108251.82211789128,6890.711919203293
2025-11-02 12:00:00,108251.82211789128,115427.69471466898,107100.27880585968,115427.69471466898,10425.50207707261
2025-11-02 14:00:00,115427.69471466898,122946.77172296295,112745.10135420703,122946.77172296295,10230.52774747393
2025-11-02 16:00:00,122946.77172296295,122946.77172296295,121944.8061290062,122005.96835039156,9908.816320096861
2025-11-02 18:00:00,122005.96835039156,122005.96835039156,107301.81492952177,108709.16387895182,9000.074691473035
2025-11-02 20:00:00,108709.16387895182,108709.16387895182,100129.34928289556,100129.34928289556,12456.394931367931
2025-11-02 22:00:00,100129.34928289556,104477.67098739938,100129.34928289556,103534.96624439169,7441.92825412547
2025-11-03 00:00:00,105149.65146016788,105321.55507407394,105032.3573420349,105109.34577060783,3401.7067359205116
2025-11-03 02:00:00,105109.34577060783,105391.19082293147,104991.50305614727,105158.45490212797,3727.0621378911037
2025-11-03 04:00:00,105158.45490212797,105223.37343050432,104877.07616702982,105116.09555198748,1635.4564259791266
2025-11-03 06:00:00,105116.09555198748,105286.05259870981,104906.0250699905,105046.68697779783,1717.2967726387835
2025-11-03 08:00:00,105046.68697779783,105099.10516241197,104980.59040067127,105064.61044792633,1975.1537944570373
2025-11-03 10:00:00,105064.61044792633,105138.60468991034,105063.49570953145,105115.92696589048,3769.9843530224257
2025-11-03 12:00:00,105115.92696589048,105187.61499519034,105007.21571076814,105049.6925168626,3992.030900367386
2025-11-03 14:00:00,105049.6925168626,105102.9511379755,104946.92460280254,104974.1977186304,1774.7319000248704
2025-11-03 16:00:00,104974.1977186304,104986.39875182461,104956.80572959063,104965.6477879985,3934.260458071621
2025-11-03 18:00:00,104965.6477879985,105020.77837941964,104809.96207685991,104981.16606596942,3081.193071217565
2025-11-03 20:00:00,104981.16606596942,104997.23411872119,104896.59930559239,104928.97653235198,2078.4444335097887
2025-11-03 22:00:00,104928.97653235198,105027.18428440762,104827.33223466677,104909.91308133314,1474.7066563918174
2025-11-04 00:00:00,105242.92597388302,106248.24932115249,104729.60512511317,105916.57067619408,4149.336510069937
2025-11-04 02:00:00,105916.57067619408,106146.54905246943,105527.37205710022,105797.84016844751,6294.416749436633
2025-11-04 04:00:00,105797.84016844751,105870.63109840637,105774.96214979133,105812.49353096013,2410.2511644434035
2025-11-04 06:00:00,105812.49353096013,107123.0383851442,105367.73383367114,107123.0383851442,2704.547699313609
2025-11-04 08:00:00,107123.0383851442,107123.0383851442,104577.92632266963,105415.31407721066,5156.812379837883
2025-11-04 10:00:00,105415.31407721066,105592.00186568467,105359.86302608042,105519.88302316901,3201.023498202649
2025-11-04 12:00:00,105519.88302316901,105556.3798810462,104936.79080110483,105207.60180216192,4799.154563404945
2025-11-04 14:00:00,105207.60180216192,106967.92342463588,105048.50497804169,106967.92342463588,3006.163904196699
2025-11-04 16:00:00,106967.92342463588,107307.503152791,106729.36939219518,107307.503152791,5892.963074815587
2025-11-04 18:00:00,107307.503152791,107307.503152791,105263.67755867739,105943.10208556437,4697.3680852193165
2025-11-04 20:00:00,105943.10208556437,107110.0110607048,105800.86802101722,107110.0110607048,4296.868710640087
2025-11-04 22:00:00,107110.0110607048,107110.0110607048,105026.52254460323,105476.44013300039,4981.665063771792
2025-11-05 00:00:00,105361.17388894965,105631.6770648858,105314.60249336694,105395.85599438607,3307.43903582464
2025-11-05 02:00:00,105395.85599438607,105399.570688862,105211.44738750231,105342.4391633491,3126.6215338816337
2025-11-05 04:00:00,105342.4391633491,105502.79136598369,104980.30493850328,105192.75265303599,1913.8913260009174
2025-11-05 06:00:00,105192.75265303599,105369.62185300465,104856.16838595818,105023.087296865,2735.705793232866
2025-11-05 08:00:00,105023.087296865,105113.63218846875,104758.95893835356,104972.86704529665,1596.7500815982883
2025-11-05 10:00:00,104972.86704529665,105046.73808076471,104830.9529722994,104890.59388589827,2988.7063746021227
2025-11-05 12:00:00,104890.59388589827,104911.34376633452,104854.25798156757,104873.08918912665,2630.1559842863203
2025-11-05 14:00:00,104873.08918912665,105186.47366185617,104713.16755770778,105008.9450092859,1640.381841438371
2025-11-05 16:00:00,105008.9450092859,105122.35975114546,105003.18069732614,105064.8584652335,2599.0257311698238
2025-11-05 18:00:00,105064.8584652335,105143.57663220771,105010.57590719216,105063.0906109523,2526.5734321809373
2025-11-05 20:00:00,105063.0906109523,105143.04100593054,105035.08298463245,105097.18611857243,3097.5049340455053
2025-11-05 22:00:00,105097.18611857243,105123.49056662903,105072.69399379533,105072.92495744034,3538.8810177727005
2025-11-06 00:00:00,105224.15786526508,105262.15375966267,105010.74996880107,105121.88190073869,6465.964194564696
2025-11-06 02:00:00,105121.88190073869,105128.88427498288,104995.17095304914,105006.23525615837,5358.989007281144
2025-11-06 04:00:00,105006.23525615837,105029.44299841426,104903.39772065567,105004.67317111687,4940.683255134998
2025-11-06 06:00:00,105004.67317111687,105185.74964435284,104823.71389638081,104978.62139938449,7487.957266071596
2025-11-06 08:00:00,104978.62139938449,104979.02615930475,104815.79423621499,104857.70447613928,4622.851404152418
2025-11-06 10:00:00,104857.70447613928,104970.60532902318,104772.51950325152,104775.10298404765,6348.210565749836
2025-11-06 12:00:00,104775.10298404765,104817.55607824045,104658.23290118494,104679.75528432133,5935.354116118682
2025-11-06 14:00:00,104679.75528432133,104919.43226224642,104592.0529037756,104627.51831387836,5409.031699237945
2025-11-06 16:00:00,104627.51831387836,104907.33346626426,104429.93305590394,104477.91446741176,5959.493380908
2025-11-06 18:00:00,104477.91446741176,104761.38236518558,104103.16555394712,104434.9099510454,8321.04610403169
2025-11-06 20:00:00,104434.9099510454,104454.32391002006,104117.81440679413,104272.22820723,4202.041537220356
2025-11-06 22:00:00,104272.22820723,104289.4271311558,104103.16555394712,104179.40938558306,7382.171523390736
2025-11-07 00:00:00,104155.52514021908,104934.08483162204,103887.8970738324,104702.21247232452,6488.583511946782
2025-11-07 02:00:00,104702.21247232452,104704.20296637213,104641.22974511716,104651.92198558427,4930.855106573901
2025-11-07 04:00:00,104651.92198558427,104934.08483162204,104473.1312873682,104851.11414490412,5172.288738370922
2025-11-07 06:00:00,104851.11414490412,104935.72094234782,104786.45401533286,104935.72094234782,3560.9715383400458
2025-11-07 08:00:00,104935.72094234782,105225.69447771486,104764.23023587407,105225.69447771486,4051.170375916208
2025-11-07 10:00:00,105225.69447771486,105225.69447771486,105183.21224099684,105201.67711984177,4482.653997872555
2025-11-07 12:00:00,105201.67711984177,105201.67711984177,104878.9060207106,104931.40001827656,5399.538944794812
2025-11-07 14:00:00,104931.40001827656,105056.37837823306,104832.48107412794,105056.37837823306,2771.468175526712
2025-11-07 16:00:00,105056.37837823306,105056.37837823306,104411.60140833368,104628.57290363204,3129.6775273337144
2025-11-07 18:00:00,104628.57290363204,104750.88972932672,104496.32753447052,104628.31882391883,2904.706400905637
2025-11-07 20:00:00,104628.31882391883,104854.77581831727,104553.54026067565,104797.16700363581,3169.9211755450597
2025-11-07 22:00:00,104797.16700363581,104885.66014750853,104655.65647969904,104666.42315975278,5493.114677025819
2025-11-08 00:00:00,105370.25772732269,106261.40971462039,105271.81291490998,106067.25668416379,3029.313589230057
2025-11-08 02:00:00,106067.25668416379,106167.24723842271,105777.36064120282,106156.69531769743,3479.872680984266
2025-11-08 04:00:00,106156.69531769743,106392.67364779938,104748.86831644984,105084.0363942831,5192.582469243269
2025-11-08 06:00:00,105084.0363942831,105133.86775165756,103587.3608779463,103587.3608779463,3797.8620847354637
2025-11-08 08:00:00,103587.3608779463,104140.59564589275,103587.3608779463,104103.28411482985,5644.941946808991
2025-11-08 10:00:00,104103.28411482985,104533.25096898855,103997.03506001695,104316.87718176612,1932.305841717145
2025-11-08 12:00:00,104316.87718176612,104485.28603984241,104305.59267270831,104342.58852281707,2011.2051416124536
2025-11-08 14:00:00,104342.58852281707,104510.82798202985,103860.70625311237,103860.70625311237,4067.6400873407824
2025-11-08 16:00:00,103860.70625311237,105444.84087636006,103860.70625311237,104780.3458342766,4800.881291987344
2025-11-08 18:00:00,104780.3458342766,106039.075842819,104500.54227683361,105973.89132845777,4497.833808681834
2025-11-08 20:00:00,105973.89132845777,105975.06518325859,105300.9243779539,105587.18922521769,4029.3080848011728
2025-11-08 22:00:00,105587.18922521769,106108.99618865183,103940.41833801774,104485.46126470536,5658.796310389557
2025-11-09 00:00:00,103942.04468099534,111004.11636545892,103681.79014159285,111004.11636545892,5897.272588096325
2025-11-09 02:00:00,111004.11636545892,111004.11636545892,103681.79014159285,105155.59698612343,5875.976766740491
2025-11-09 04:00:00,105155.59698612343,119562.2978078079,104406.06630546518,119562.2978078079,3153.3488350907683
2025-11-09 06:00:00,119562.2978078079,124093.12911958735,117315.22110467502,124093.12911958735,3509.294792930153
2025-11-09 08:00:00,124093.12911958735,124093.12911958735,103411.09939073006,103411.09939073006,7290.907178178608
2025-11-09 10:00:00,103411.09939073006,103686.5192396498,101863.98763898692,101863.98763898692,7790.022066497612
2025-11-09 12:00:00,101863.98763898692,119339.64424473427,101863.98763898692,119339.64424473427,3065.3767625961723
2025-11-09 14:00:00,119339.64424473427,119339.64424473427,112080.94431193724,114480.8313156414,4999.93041210292
2025-11-09 16:00:00,114480.8313156414,115130.59976211104,114328.87250991508,115130.59976211104,4078.1061930702936
2025-11-09 18:00:00,115130.59976211104,115130.59976211104,103681.79014159285,106034.45039937021,3241.3602063479907
2025-11-09 20:00:00,106034.45039937021,106384.94681697436,96653.52568656494,96653.52568656494,4623.378307731207
2025-11-09 22:00:00,96653.52568656494,102668.04449125247,96653.52568656494,101019.54400866515,4461.6685642742905
2025-11-10 00:00:00,106502.22141598929,106700.82485819109,106465.50236681498,106525.019164479,1780.352941587333
2025-11-10 02:00:00,106525.019164479,106576.72127240036,106499.57909565413,106557.71896822071,1190.6913416791565
2025-11-10 04:00:00,106557.71896822071,106694.70049026127,106230.93186426167,106441.87350667545,3352.390339954894
2025-11-10 06:00:00,106441.87350667545,106738.2815708569,106323.69964574935,106580.46744745405,1777.4550111566484
2025-11-10 08:00:00,106580.46744745405,106615.85820340618,106575.34053629986,106610.0626088553,2886.1649011276595
2025-11-10 10:00:00,106610.0626088553,106681.88803748449,106429.56573670186,106503.97127824594,2405.4877465064096
2025-11-10 12:00:00,106503.97127824594,106578.00679600931,106463.69023016852,106545.93747928522,3323.4824031798476
2025-11-10 14:00:00,106545.93747928522,106658.29966372788,106443.97543145735,106552.86222003977,2091.1314782153045
2025-11-10 16:00:00,106552.86222003977,106634.29533662545,106493.90326333634,106525.65298160315,2921.7870481564173
2025-11-10 18:00:00,106525.65298160315,106576.11669584026,106394.03687109421,106450.80731149351,1753.3488860123298
2025-11-10 20:00:00,106450.80731149351,106779.93349288343,105960.8542128688,106307.40504685116,3004.38546676635
2025-11-10 22:00:00,106307.40504685116,106537.88397832827,106025.47575108382,106205.08951638396,2019.892608247961
2025-11-11 00:00:00,106482.1952801748,106720.05914399493,106224.25786372439,106446.40070476859,3767.663709663321
2025-11-11 02:00:00,106446.40070476859,106637.11193153718,106128.78300548716,106315.31015807654,2781.5991987984416
2025-11-11 04:00:00,106315.31015807654,106465.52869519255,106146.93617165244,106362.62611796992,2620.2486948575715
2025-11-11 06:00:00,106362.62611796992,106471.84429587069,106359.55029443755,106423.22847818777,2108.386085030337
2025-11-11 08:00:00,106423.22847818777,106521.35008339444,106277.95240224243,106389.89931591444,1845.5587207400006
2025-11-11 10:00:00,106389.89931591444,106622.5171828614,106172.46522697524,106439.55079728438,2617.6613163156585
2025-11-11 12:00:00,106439.55079728438,106532.6579829678,106380.44707902042,106426.2568884394,3638.7499039039776
2025-11-11 14:00:00,106426.2568884394,106432.27257906077,106422.06656923526,106428.44372922853,3329.8030378802027
2025-11-11 16:00:00,106428.44372922853,106467.77653677276,106313.65637319947,106388.38827421419,1961.4357823340722
2025-11-11 18:00:00,106388.38827421419,106472.41547318992,106360.8799610242,106437.00952156475,4434.029093152395
2025-11-11 20:00:00,106437.00952156475,106504.23684458071,106357.78316554715,106376.57683650695,1962.0427855699713
2025-11-11 22:00:00,106376.57683650695,106393.1291997896,106347.16027176981,106371.00257267056,3718.3805934005486
2025-11-12 00:00:00,106661.23772815945,106918.88017388497,106468.97766059118,106763.34532929327,6440.178741414387
2025-11-12 02:00:00,106763.34532929327,106849.89204565976,106383.2795336414,106545.37503036132,3890.928295925298
2025-11-12 04:00:00,106545.37503036132,106631.78635624485,106541.42611088917,106595.4559008407,3196.3680483547546
2025-11-12 06:00:00,106595.4559008407,106686.11074422987,106549.75999028885,106656.47997217759,4358.352455110938
2025-11-12 08:00:00,106656.47997217759,106959.55442289525,106582.18769912206,106722.92076154126,2203.1069700299704
2025-11-12 10:00:00,106722.92076154126,106785.77336827743,106438.49865519149,106565.63479064371,3053.422502212452
2025-11-12 12:00:00,106565.63479064371,106716.65910298837,106465.07710962703,106682.1008551949,5034.204759750592
2025-11-12 14:00:00,106682.1008551949,106724.02972696736,106594.99040799367,106658.7696188258,3700.6037697706533
2025-11-12 16:00:00,106658.7696188258,106817.8609646215,106623.7870935983,106754.75304056097,4746.7367347639265
2025-11-12 18:00:00,106754.75304056097,106881.30414676409,106544.55207655844,106835.51776127184,4614.952489433016
2025-11-12 20:00:00,106835.51776127184,107110.7978928477,106826.92624894009,107004.32969974958,4281.724727130974
2025-11-12 22:00:00,107004.32969974958,107199.89453505076,106933.77177496628,107198.70261169577,5918.205945748371
2025-11-13 00:00:00,107281.28958982133,107472.20280371016,107100.36255931461,107300.83635416144,4533.670685173868
2025-11-13 02:00:00,107300.83635416144,107449.00837385742,107103.80255757972,107311.80898396361,3426.1696957898066
2025-11-13 04:00:00,107311.80898396361,107558.7629160166,107207.63328947968,107337.28378343914,4378.3543678119195
2025-11-13 06:00:00,107337.28378343914,107412.36712783248,107295.10767627307,107316.98140296865,5476.953206293197
2025-11-13 08:00:00,107316.98140296865,107328.77730628621,107315.34193151516,107320.15519920789,4531.102498571376
2025-11-13 10:00:00,107320.15519920789,107405.96726402319,107225.68819071342,107349.34418248528,2228.18373040942
2025-11-13 12:00:00,107349.34418248528,107400.1586148174,107276.38111061617,107355.2293979789,4819.507005346467
2025-11-13 14:00:00,107355.2293979789,107425.6012102798,107272.2116801324,107339.6497134232,5683.162982529769
2025-11-13 16:00:00,107339.6497134232,107349.7360101657,107338.50706289116,107349.42572636815,5759.174665012091
2025-11-13 18:00:00,107349.42572636815,107354.7789830531,107300.49357870502,107331.4555439857,5517.238009931701
2025-11-13 20:00:00,107331.4555439857,107350.64747027605,107222.18211039777,107337.97166117461,3408.6356116916145
2025-11-13 22:00:00,107337.97166117461,107383.51874875967,107310.03320137155,107360.93224223629,4444.826030739951
2025-11-14 00:00:00,107641.88835312809,107706.21309214059,107639.05232389938,107646.42897122381,4084.6785088889346
2025-11-14 02:00:00,107646.42897122381,107790.06694608365,107553.62185917942,107585.4826230288,3355.5383422177824
2025-11-14 04:00:00,107585.4826230288,107598.04114535905,107566.14656875738,107584.42142585336,3142.3228772452135
2025-11-14 06:00:00,107584.42142585336,107698.0325023969,107524.81266274239,107571.00785839405,1897.3017752151393
2025-11-14 08:00:00,107571.00785839405,107600.42648081749,107489.37707425738,107515.24460611604,5256.8501415713135
2025-11-14 10:00:00,107515.24460611604,107665.99448351604,107489.37707425738,107607.886736405,4741.953501120847
2025-11-14 12:00:00,107607.886736405,107681.71584987557,107489.37707425738,107573.65941083581,2009.5152668839798
2025-11-14 14:00:00,107573.65941083581,107585.96833687976,107553.76496223081,107559.87011291501,4577.0102492556025
2025-11-14 16:00:00,107559.87011291501,107655.50827415076,107489.37707425738,107522.06656958528,1893.8580362356288
2025-11-14 18:00:00,107522.06656958528,107565.60914206808,107500.28544883471,107533.44390636995,3454.2536633506256
2025-11-14 20:00:00,107533.44390636995,107556.31045375491,107496.8111136459,107532.32295899701,2853.87721647333
2025-11-14 22:00:00,107532.32295899701,107617.30301149606,107489.37707425738,107570.04565252276,2890.105244586077
2025-11-15 00:00:00,107881.89452097933,108011.95640998769,107824.23090135597,108011.95640998769,3932.6413605569805
2025-11-15 02:00:00,108011.95640998769,108011.95640998769,107448.09799724087,107679.83396934041,4230.74211632474
2025-11-15 04:00:00,107679.83396934041,107866.50800701551,107146.76391611653,107308.71646237728,2701.6637937258274
2025-11-15 06:00:00,107308.71646237728,107348.88977801563,107143.97010485386,107170.15756670936,1717.399448957806
2025-11-15 08:00:00,107170.15756670936,107321.01494611075,107143.97010485386,107235.45457052163,4618.870725390398
2025-11-15 10:00:00,107235.45457052163,107488.53175959642,107143.97010485386,107316.12838298506,4315.844203615344
2025-11-15 12:00:00,107316.12838298506,107555.96171713069,107236.93343764842,107456.87738826536,2009.0166375581396
2025-11-15 14:00:00,107456.87738826536,107522.68801441794,107207.268561262,107257.70087409187,4713.624525853281
2025-11-15 16:00:00,107257.70087409187,107334.44104291793,107143.97010485386,107236.5063334373,4767.563374266849
2025-11-15 18:00:00,107236.5063334373,107317.76992737771,107143.97010485386,107245.50062050813,2287.353401369822
2025-11-15 20:00:00,107245.50062050813,107384.7499383837,107204.22680376339,107345.04255502415,2339.9075663280437
2025-11-15 22:00:00,107345.04255502415,107378.01394678201,107143.97010485386,107241.67982992009,4430.010431948171
2025-11-16 00:00:00,106959.50955407791,107148.45844988903,106735.62227248939,106778.84999183171,4154.729012570563
2025-11-16 02:00:00,106778.84999183171,107208.69135800085,106765.88679574597,106956.3142576443,2988.839599881735
2025-11-16 04:00:00,106956.3142576443,107026.40307925739,106940.52320189295,106990.49033498872,1566.4391651598794
2025-11-16 06:00:00,106990.49033498872,107257.8619866855,106814.08159050292,107246.48058242012,3432.203831501354
2025-11-16 08:00:00,107246.48058242012,107564.67382589431,107176.31098436056,107564.67382589431,3469.525210480452
2025-11-16 10:00:00,107564.67382589431,107760.96733900206,107474.18625618647,107760.96733900206,3890.559343223626
2025-11-16 12:00:00,107760.96733900206,107911.194759871,107604.44837298628,107911.194759871,2245.5886355831412
2025-11-16 14:00:00,107911.194759871,107911.194759871,107195.06621095695,107520.2833815552,3254.6753156244304
2025-11-16 16:00:00,107520.2833815552,107520.2833815552,107203.58593569952,107294.00717218917,3761.226185188839
2025-11-16 18:00:00,107294.00717218917,107294.00717218917,107011.7496444577,107170.18318719465,4006.292753919131
2025-11-16 20:00:00,107170.18318719465,107171.24014910018,107111.9683800909,107122.93840635059,2618.2491925106556
2025-11-16 22:00:00,107122.93840635059,107218.45906017355,107077.1050444283,107156.07063153207,4165.639369597939
2025-11-17 00:00:00,107676.46937883763,108124.37725990165,107644.46787319395,108124.37725990165,3372.3010148416624
2025-11-17 02:00:00,108124.37725990165,108163.02403469858,108069.45886585407,108163.02403469858,2661.1162349940796
2025-11-17 04:00:00,108163.02403469858,108163.02403469858,107570.05395785654,107684.00453315758,1957.7611288937965
2025-11-17 06:00:00,107684.00453315758,107781.89736618153,107663.73603208062,107758.1699503955,3742.2087088626204
2025-11-17 08:00:00,107758.1699503955,107787.46704249071,107624.76492288153,107641.95116275921,3011.116444440223
2025-11-17 10:00:00,107641.95116275921,107788.7141211982,107609.38031664396,107751.98426217253,3642.297172646118
2025-11-17 12:00:00,107751.98426217253,108201.0712876739,107366.82201798714,108201.0712876739,3644.106701926896
2025-11-17 14:00:00,108201.0712876739,108201.0712876739,107607.53245301466,107668.75076371711,3524.9489310153176
2025-11-17 16:00:00,107668.75076371711,107892.03611005787,107666.86395457211,107803.24916793707,1998.623421085721
2025-11-17 18:00:00,107803.24916793707,107881.974312477,107326.15015318042,107440.68600143562,2050.8936463727878
2025-11-17 20:00:00,107440.68600143562,107840.93576101042,106650.40557608128,106650.40557608128,2789.9058666873098
2025-11-17 22:00:00,106650.40557608128,107255.81127414988,106650.40557608128,107108.04167247901,1544.4500701854333
2025-11-18 00:00:00,107014.9302420823,107108.76117976435,106981.81840673975,107074.08727571629,2822.5040009025397
2025-11-18 02:00:00,107074.08727571629,107246.99203090956,106928.83631385528,107136.11039534357,3511.7043960329456
2025-11-18 04:00:00,107136.11039534357,107341.40428974548,106966.87151508965,106968.34127823007,3748.3030414151317
2025-11-18 06:00:00,106968.34127823007,107160.97419392399,106943.2321675619,107050.20265036022,2993.2631773946396
2025-11-18 08:00:00,107050.20265036022,107200.46404782574,106981.86381470489,107090.15642360848,3947.1298406901274
2025-11-18 10:00:00,107090.15642360848,107198.77707551251,106879.25178997377,106993.90318804825,4574.452643592726
2025-11-18 12:00:00,106993.90318804825,107124.58095915377,106697.78437684484,106876.96716764185,1793.5717329005236
2025-11-18 14:00:00,106876.96716764185,106910.18487843862,106839.43244129307,106857.31444393283,3599.1545952220727
2025-11-18 16:00:00,106857.31444393283,106962.35947986523,106845.01790198134,106869.21344443422,4220.675405059728
2025-11-18 18:00:00,106869.21344443422,106902.07510562583,106798.0354333542,106825.21834713046,4923.4433098164745
2025-11-18 20:00:00,106825.21834713046,106909.84774282092,106756.77037228241,106777.38880982796,3448.4788949445724
2025-11-18 22:00:00,106777.38880982796,106928.93659492565,106656.15181091009,106712.71327290773,2037.2886109506817
2025-11-19 00:00:00,106591.88552171798,106645.1658034139,106449.14419551934,106644.4315254622,2497.4559197570834
2025-11-19 02:00:00,106644.4315254622,106708.86254409955,106631.87113474953,106662.76561056626,2470.4728097112115
2025-11-19 04:00:00,106662.76561056626,106863.17358822178,106557.14487721573,106644.29296004091,1898.2609742849857
2025-11-19 06:00:00,106644.29296004091,106922.47893842297,106394.99655351389,106671.76166467607,1822.1805438539134
2025-11-19 08:00:00,106671.76166467607,106792.19236550892,106608.0013670593,106763.0154098147,4575.839631455811
2025-11-19 10:00:00,106763.0154098147,106841.85387508638,106747.73361599047,106778.74541947701,2969.075122045729
2025-11-19 12:00:00,106778.74541947701,106868.21203792149,106647.64437281068,106817.29308974414,4542.4295407398795
2025-11-19 14:00:00,106817.29308974414,106818.20376672785,106658.12034492189,106745.91317446993,2212.1108019170574
2025-11-19 16:00:00,106745.91317446993,106764.97453892947,106572.57998095763,106756.47765996717,3692.3099404849945
2025-11-19 18:00:00,106756.47765996717,106921.45294749939,106727.81011940999,106737.63225484142,1811.0223864292473
2025-11-19 20:00:00,106737.63225484142,106756.60671735689,106733.65451764596,106747.69464663247,2648.0652499213825
2025-11-19 22:00:00,106747.69464663247,106764.50236411672,106653.61484675486,106685.47107332041,2927.5936273179373
2025-11-20 00:00:00,106440.27703067554,106731.50521652267,106372.62974304319,106731.50521652267,5167.791581714958
2025-11-20 02:00:00,106731.50521652267,106781.0619758413,106525.81309007743,106781.0619758413,2503.0959478580353
2025-11-20 04:00:00,106781.0619758413,106939.70976249521,106716.56508841987,106939.70976249521,5148.7226737857145
2025-11-20 06:00:00,106939.70976249521,106939.70976249521,106829.01187359469,106846.91043293092,2037.7316477046345
2025-11-20 08:00:00,106846.91043293092,106846.91043293092,106472.90094452868,106648.08341395852,2027.0987996619126
2025-11-20 10:00:00,106648.08341395852,106670.87352498784,106102.37029401331,106347.18148089302,2260.6240507765824
2025-11-20 12:00:00,106347.18148089302,106709.47210917163,106248.56510178163,106324.87476383398,3225.8598256521454
2025-11-20 14:00:00,106324.87476383398,106433.25139209002,106000.14719917989,106081.47567293202,4565.658548406036
2025-11-20 16:00:00,106081.47567293202,106348.1340414334,105972.66790213934,106249.3785921743,3402.919076182382
2025-11-20 18:00:00,106249.3785921743,106398.22763714034,105604.48629172772,105663.05724018035,2798.117708584765
2025-11-20 20:00:00,105663.05724018035,106115.85229498999,105604.48629172772,106009.59283048901,3462.0213332387316
2025-11-20 22:00:00,106009.59283048901,106204.87215250713,105604.48629172772,105816.70662556014,3557.901267010242
2025-11-21 00:00:00,106232.963961304,106406.65563056926,105503.02351527932,105795.24859652817,4044.7146211391464
2025-11-21 02:00:00,105795.24859652817,105963.33092410289,105554.49192766742,105740.63788751503,3662.8353828565128
2025-11-21 04:00:00,105740.63788751503,105763.87169547926,105707.33186350677,105751.22007457144,1864.1528084166357
2025-11-21 06:00:00,105751.22007457144,105759.60211912291,105582.41371302503,105615.48357809489,3092.9652971283685
2025-11-21 08:00:00,105615.48357809489,105708.51406459392,105603.49808878636,105631.00425768371,2685.2153649957454
2025-11-21 10:00:00,105631.00425768371,105904.50923761325,105463.21235972249,105824.77421958683,3961.3165289625977
2025-11-21 12:00:00,105824.77421958683,105967.17380107101,105667.67995473987,105809.60390799103,4421.366429046339
2025-11-21 14:00:00,105809.60390799103,105861.83910045013,105674.03425802657,105752.83460223068,4234.0268510029655
2025-11-21 16:00:00,105752.83460223068,106043.2217462334,105574.34594641134,105981.54270243275,3325.0186088291907
2025-11-21 18:00:00,105981.54270243275,106015.10148817593,105815.02433361359,105868.2411329716,3433.9754147348394
2025-11-21 20:00:00,105868.2411329716,105968.9482454167,105821.3020592996,105943.88158943261,3805.5648030852067
2025-11-21 22:00:00,105943.88158943261,106034.4465555351,105632.75223377625,105738.75565913599,4315.063953058586
2025-11-22 00:00:00,105610.507498911,105689.87544351335,104963.28823136057,105212.30304112396,2110.3350862470015
2025-11-22 02:00:00,105212.30304112396,105288.16142538123,104791.2635520469,104841.042132829,2291.783005023483
2025-11-22 04:00:00,104841.042132829,104878.6952800087,104553.66827314853,104553.66827314853,3385.667547138305
2025-11-22 06:00:00,104553.66827314853,105244.5242987345,104553.66827314853,105099.42897128763,1572.085405408315
2025-11-22 08:00:00,105099.42897128763,105488.60849393967,105072.39054423026,105322.13718384714,2450.181579287185
2025-11-22 10:00:00,105322.13718384714,105344.51887544733,105296.83121033953,105324.20155690944,1982.2959128407097
2025-11-22 12:00:00,105324.20155690944,105584.8485845543,105299.93525465361,105561.42760363959,2573.798589775537
2025-11-22 14:00:00,105561.42760363959,105781.555380495,105476.25890231735,105696.55236236,1679.3686860011614
2025-11-22 16:00:00,105696.55236236,105761.7710316262,105550.75155305829,105602.1244256477,3650.459071110069
2025-11-22 18:00:00,105602.1244256477,105903.78003532384,105498.85685434069,105882.33062447504,2767.8413203342134
2025-11-22 20:00:00,105882.33062447504,105893.52489163572,105875.24853358328,105876.40638061012,3690.5970574575326
2025-11-22 22:00:00,105876.40638061012,105939.22200779128,105682.92268091012,105751.52759977465,3145.053387498913
2025-11-23 00:00:00,105931.50551120508,106046.0931484069,105676.32148115837,105689.70501502376,4214.263880907448
2025-11-23 02:00:00,105689.70501502376,105951.06402980494,105078.79886219965,105078.79886219965,5283.925246806072
2025-11-23 04:00:00,105078.79886219965,105261.15171179821,104675.98154691856,104675.98154691856,5045.282555297502
2025-11-23 06:00:00,104675.98154691856,104793.86748641254,104418.11914427587,104418.11914427587,4370.393092575866
2025-11-23 08:00:00,104418.11914427587,104549.31893241015,103941.99905085521,103941.99905085521,4904.779099059804
2025-11-23 10:00:00,103941.99905085521,104078.77401075068,103941.99905085521,104002.63462773732,5043.56137171659
2025-11-23 12:00:00,104002.63462773732,104141.6402900776,104002.63462773732,104135.36604409755,3289.927868565352
2025-11-23 14:00:00,104135.36604409755,104512.36591638459,104135.36604409755,104484.0019727423,2059.4291535168823
2025-11-23 16:00:00,104484.0019727423,104558.72942302375,104484.0019727423,104497.62196867874,2670.0717141657624
2025-11-23 18:00:00,104497.62196867874,105400.36998276491,104497.62196867874,105017.17839580617,2847.420320432271
2025-11-23 20:00:00,105017.17839580617,105026.45655728925,104693.84135844285,104693.84135844285,4983.025169019793
2025-11-23 22:00:00,104693.84135844285,105697.60957408554,104693.84135844285,105404.25729478298,2250.66104408008
2025-11-24 00:00:00,105272.55281445348,105342.38218799354,105143.51366037065,105150.89991487404,4210.850331437003
2025-11-24 02:00:00,105150.89991487404,105290.38183762293,104980.00994869384,105058.77555058764,6233.650754423251
2025-11-24 04:00:00,105058.77555058764,105315.55070762179,104868.52666787153,105065.33971424698,4380.1750418412985
2025-11-24 06:00:00,105065.33971424698,105095.96055168258,105043.69468264592,105078.90557561175,3994.1143818761675
2025-11-24 08:00:00,105078.90557561175,105090.46062098742,104868.52666787153,104986.40507139551,3363.0608790385304
2025-11-24 10:00:00,104986.40507139551,105033.78913480848,104886.28103649708,104955.89824479113,4178.391489267386
2025-11-24 12:00:00,104955.89824479113,105067.21428757839,104836.46499657446,104836.46499657446,3515.717739375021
2025-11-24 14:00:00,104836.46499657446,104862.93334542736,104836.46499657446,104854.13328135601,6279.604512246446
2025-11-24 16:00:00,104854.13328135601,104938.03912176091,104854.13328135601,104902.64717712942,2452.719553412328
2025-11-24 18:00:00,104902.64717712942,105332.59535811868,104868.52666787153,105011.06104139613,3611.7758455667517
2025-11-24 20:00:00,105011.06104139613,105114.90148709109,104962.9536463352,104964.3325979289,2826.211370009522
2025-11-24 22:00:00,104964.3325979289,105021.22306418967,104914.54277894253,104928.08353831175,5870.653802152724
2025-11-25 00:00:00,105235.05521448741,111231.2574409206,102830.38831311524,111231.2574409206,3800.1421515256266
2025-11-25 02:00:00,111231.2574409206,111231.2574409206,109287.16658201496,109361.18199541849,2526.238284884809
2025-11-25 04:00:00,109361.18199541849,113035.04258717556,107667.29179174227,113035.04258717556,3181.9847044631006
2025-11-25 06:00:00,113035.04258717556,113035.04258717556,109253.74785874522,109353.15175578489,4695.222653764064
2025-11-25 08:00:00,109353.15175578489,111031.64040051735,108470.39199712322,111031.64040051735,3049.344655084646
2025-11-25 10:00:00,111031.64040051735,114657.21154524479,110911.31286465285,114657.21154524479,4528.7092126462
2025-11-25 12:00:00,114657.21154524479,114657.21154524479,111014.1468519668,112194.75303824128,4079.259228437927
2025-11-25 14:00:00,112194.75303824128,112732.92804676775,111940.3934039331,112732.92804676775,3632.3665707173786
2025-11-25 16:00:00,112732.92804676775,112732.92804676775,109242.43949872511,110427.55886149756,3811.093439811626
2025-11-25 18:00:00,110427.55886149756,110427.55886149756,102874.07174865316,105382.1177133768,3520.1124431825137
2025-11-25 20:00:00,105382.1177133768,106507.24073742745,102142.88445150813,102142.88445150813,3485.0110002076253
2025-11-25 22:00:00,102142.88445150813,104295.56702746086,102142.88445150813,103654.19254809179,3572.4285107259884
2025-11-26 00:00:00,103912.30579057465,104035.77757996324,103774.42478758386,103852.03980544666,2314.588371183127
2025-11-26 02:00:00,103852.03980544666,104354.39843172039,103808.75847194603,104128.78297899323,3545.2708195159835
2025-11-26 04:00:00,104128.78297899323,104354.39843172039,104035.26538155634,104311.71820737622,2151.7935968879815
2025-11-26 06:00:00,104311.71820737622,104354.39843172039,103701.79466902769,103797.73778217714,2269.4892740388436
2025-11-26 08:00:00,103797.73778217714,103841.90980009464,103448.57878073845,103567.29669111918,4622.411261293326
2025-11-26 10:00:00,103567.29669111918,104044.09449189504,103496.31514610593,103901.95218732471,5478.505204215357
2025-11-26 12:00:00,103901.95218732471,104087.29212221096,103731.16798241752,103929.25034407845,2808.2276913924006
2025-11-26 14:00:00,103929.25034407845,104164.64380521113,103414.20059754091,103414.20059754091,4343.918301690636
2025-11-26 16:00:00,103414.20059754091,103487.36162758956,103302.1042614562,103302.1042614562,2816.0947420837306
2025-11-26 18:00:00,103302.1042614562,103614.51366899509,103302.1042614562,103491.95465488335,4733.730311154872
2025-11-26 20:00:00,103491.95465488335,103707.40586760883,103448.57878073845,103603.34327661357,3373.9223173528603
2025-11-26 22:00:00,103603.34327661357,103682.19958229449,103530.83833304259,103612.04511897737,4641.919168473182
2025-11-27 00:00:00,103658.76689648234,103851.41402761136,103623.4316185363,103826.61132313179,5249.558742828059
2025-11-27 02:00:00,103826.61132313179,104066.13528611428,103805.0347279032,104019.37100692716,7650.141956354054
2025-11-27 04:00:00,104019.37100692716,104380.97921822393,103402.86283885766,103755.1341542277,6653.786781160328
2025-11-27 06:00:00,103755.1341542277,103755.35648546845,103712.72531881888,103747.50862014855,4804.91727335116
2025-11-27 08:00:00,103747.50862014855,103756.35991850108,103711.33145978797,103752.16306243144,7717.62892401455
2025-11-27 10:00:00,103752.16306243144,103769.61399572517,103549.67435178283,103604.34812605123,7645.058434857987
2025-11-27 12:00:00,103604.34812605123,103611.77324989777,103361.90726648821,103523.62357058102,4785.508258546043
2025-11-27 14:00:00,103523.62357058102,103618.50049439904,103380.8632320941,103559.87749587336,6059.944417638904
2025-11-27 16:00:00,103559.87749587336,103732.6761234306,103094.79889902147,103239.25209359618,7883.164519031247
2025-11-27 18:00:00,103239.25209359618,103272.78422656997,103184.1064341544,103218.78304410448,4219.689565411913
2025-11-27 20:00:00,103218.78304410448,103226.25944094436,102946.39087342018,103120.63265989676,3859.807797323932
2025-11-27 22:00:00,103120.63265989676,103172.62506714647,102950.59397385646,103004.86318724482,4245.705074080161
2025-11-28 00:00:00,103355.01101627754,103641.21768707289,103128.69000141151,103226.3857252569,3179.20004668154
2025-11-28 02:00:00,103226.3857252569,103295.29063771166,102913.38976314265,103066.90091562229,1679.1922803308616
2025-11-28 04:00:00,103066.90091562229,103119.03731662697,103033.30494046879,103099.49927747867,2802.3491943209915
2025-11-28 06:00:00,103099.49927747867,103331.15824803204,103089.83968262265,103265.61822278876,2000.254389629614
2025-11-28 08:00:00,103265.61822278876,103457.39110018751,102758.3094653521,102767.40555234604,2493.895322877314
2025-11-28 10:00:00,102767.40555234604,102775.0061346702,102695.31492734305,102720.50160397011,1825.8431114127293
2025-11-28 12:00:00,102720.50160397011,102836.18672150462,102611.33124844199,102750.6449820463,1929.964587947145
2025-11-28 14:00:00,102750.6449820463,102849.31286228576,102451.87005286643,102700.19602899488,2588.6458900167086
2025-11-28 16:00:00,102700.19602899488,102745.57175200636,102451.70332550138,102486.0613771363,3209.3837749034005
2025-11-28 18:00:00,102486.0613771363,102714.0813817854,102241.53419118207,102241.53419118207,1991.0897213935393
2025-11-28 20:00:00,102241.53419118207,102609.31023682261,102241.53419118207,102512.27070019188,1564.9192878326116
2025-11-28 22:00:00,102512.27070019188,102955.64101264262,102407.65046479432,102816.07113707383,3483.9591344418764
2025-11-29 00:00:00,103057.80477047442,103163.02245465887,102992.08519743853,103160.40970941562,5355.673873806785
2025-11-29 02:00:00,103160.40970941562,103171.16280833303,103135.17591939076,103141.80903867511,5232.054384206111
2025-11-29 04:00:00,103141.80903867511,103200.88046177282,102716.51721746956,102802.44244403362,3708.1178259171784
2025-11-29 06:00:00,102802.44244403362,103339.50939940284,102704.12977929013,103087.29826647392,5618.091548117853
2025-11-29 08:00:00,103087.29826647392,103126.10883424064,103007.77349403313,103053.48129197251,5095.6622013803535
2025-11-29 10:00:00,103053.48129197251,103344.43228972224,102608.8197591212,102758.46922427301,5485.528609973898
2025-11-29 12:00:00,102758.46922427301,102779.77552943934,102626.07216845748,102668.50140607725,3909.3861167435534
2025-11-29 14:00:00,102668.50140607725,102733.6767443305,102575.78336027348,102610.58907516413,3196.984969993462
2025-11-29 16:00:00,102610.58907516413,102784.75382011985,102554.52635013408,102685.90573673345,4803.44066328811
2025-11-29 18:00:00,102685.90573673345,102727.47944139464,102678.36063193865,102715.79578875248,5639.185786770272
2025-11-29 20:00:00,102715.79578875248,102802.2442833571,102586.54321782342,102628.94408774852,3752.300972560665
2025-11-29 22:00:00,102628.94408774852,102638.28788656628,102604.13048760981,102615.63606545496,4988.889370098626
2025-11-30 00:00:00,102408.8014987168,102454.8804281756,102391.10983888182,102447.90217963948,3761.1948902487275
2025-11-30 02:00:00,102447.90217963948,102579.58216873657,102281.0867903779,102295.25981664796,3995.419231831574
2025-11-30 04:00:00,102295.25981664796,102439.8057766835,102249.02800120275,102249.02800120275,1654.464650359081
2025-11-30 06:00:00,102249.02800120275,102689.10242082192,102249.02800120275,102418.8450903678,4207.137995907148
2025-11-30 08:00:00,102418.8450903678,102586.40603464645,102395.06703274972,102542.8359543559,2214.8300149471484
2025-11-30 10:00:00,102542.8359543559,102576.37201534865,102381.4749369223,102393.72778838397,1993.5846405052864
2025-11-30 12:00:00,102393.72778838397,102500.86795824736,102370.04977044255,102464.2629168948,3619.2071444663948
2025-11-30 14:00:00,102464.2629168948,102761.70917456868,102309.98657371599,102758.29156436195,2202.036997421145
2025-11-30 16:00:00,102758.29156436195,102761.70917456868,102524.37347283027,102684.54456239111,2259.411586302781
2025-11-30 18:00:00,102684.54456239111,102761.70917456868,102555.92600349819,102734.6541296688,3765.2388097051057
2025-11-30 20:00:00,102734.6541296688,102761.70917456868,102576.07400031395,102678.50081879509,1770.1215617145613
2025-11-30 22:00:00,102678.50081879509,102755.60058783334,102617.04366431995,102652.80068032323,4277.4172352580945
2025-12-01 00:00:00,102531.05969390644,102544.7793110524,102488.5626572297,102488.5626572297,3996.9662423640443
2025-12-01 02:00:00,102488.5626572297,102718.52045559396,102488.5626572297,102626.08588528217,3233.669210085727
2025-12-01 04:00:00,102626.08588528217,102803.03591172928,102492.90198644983,102496.26615043217,3799.7112878964017
2025-12-01 06:00:00,102496.26615043217,102630.9351187113,102492.90198644983,102620.33050430236,3062.2998786299718
2025-12-01 08:00:00,102620.33050430236,102913.40684450656,102492.90198644983,102783.5793778381,2112.4653947543097
2025-12-01 10:00:00,102783.5793778381,103211.20929639394,102600.7993603302,103156.93867128648,2006.478780390552
2025-12-01 12:00:00,103156.93867128648,103211.20929639394,102904.41170999515,103050.89615498541,1432.8007985153688
2025-12-01 14:00:00,103050.89615498541,103211.20929639394,102899.17224555985,103188.49014233737,2409.7619480742983
2025-12-01 16:00:00,103188.49014233737,103440.29469528313,103172.96023480655,103440.29469528313,1942.9010587763378
2025-12-01 18:00:00,103440.29469528313,103447.62365874233,103413.22783412557,103447.62365874233,2792.58401269251
2025-12-01 20:00:00,103447.62365874233,103447.62365874233,103211.72063333902,103330.3492309977,2869.1878599470224
2025-12-01 22:00:00,103330.3492309977,103330.3492309977,103141.8119605091,103204.05936987816,1531.5791602335094
2025-12-02 00:00:00,102869.4594541574,102897.49125965915,102846.08478667405,102882.2222671399,3660.994013121028
2025-12-02 02:00:00,102882.2222671399,102993.4148779286,102835.71726037588,102935.39587906182,3822.4817992261965
2025-12-02 04:00:00,102935.39587906182,102966.56446392585,102839.35655232212,102893.70084060269,3967.034156548324
2025-12-02 06:00:00,102893.70084060269,102980.62117811594,102817.31050418319,102828.29891022973,1890.7414892715576
2025-12-02 08:00:00,102828.29891022973,102956.45074548679,102754.26525982069,102922.75700540433,3787.5266500218677
2025-12-02 10:00:00,102922.75700540433,103057.78424105077,102903.09004283673,102952.1339132336,3756.270938355604
2025-12-02 12:00:00,102952.1339132336,103010.66508962653,102904.26544117594,102908.0655370841,1901.1572660477084
2025-12-02 14:00:00,102908.0655370841,103038.14723360159,102730.68316445856,103012.56018244779,1546.8201593234012
2025-12-02 16:00:00,103012.56018244779,103211.79255073842,103003.616219252,103166.5426611878,2705.5527823129773
2025-12-02 18:00:00,103166.5426611878,103235.8327514731,103014.86292629063,103119.21443151853,2421.5235161782825
2025-12-02 20:00:00,103119.21443151853,103306.53942563392,102924.5318293003,103158.13042766557,3236.985044880426
2025-12-02 22:00:00,103158.13042766557,103359.81600717976,103095.10462014239,103166.75497302417,1712.9269661650226
2025-12-03 00:00:00,103408.68183650414,103467.4366414182,103378.077382259,103388.959305017,2956.395604816972
2025-12-03 02:00:00,103388.959305017,103412.46350609207,103272.0796376452,103292.91205357961,3921.453354011124
2025-12-03 04:00:00,103292.91205357961,103466.31968238477,103262.07513523354,103374.53877014571,1764.5598550141108
2025-12-03 06:00:00,103374.53877014571,103408.40305968968,103321.30700822109,103356.34295535731,1391.8077966772332
2025-12-03 08:00:00,103356.34295535731,103443.18604436086,103170.5963357159,103363.36614986038,2297.0415060975483
2025-12-03 10:00:00,103363.36614986038,103528.52082566031,103189.55081731934,103327.8871883437,2547.523429005586
2025-12-03 12:00:00,103327.8871883437,103428.479010378,103321.72640771899,103426.0338788234,2362.5780048914985
2025-12-03 14:00:00,103426.0338788234,103802.17247978173,103417.46705132588,103542.52734732405,2535.1973374324875
2025-12-03 16:00:00,103542.52734732405,103686.45875723656,103461.70405751691,103578.27694320856,1987.4224089325278
2025-12-03 18:00:00,103578.27694320856,103803.54107387442,103419.28747690583,103665.02992646028,2728.7253189346275
2025-12-03 20:00:00,103665.02992646028,103717.07100444018,103538.32926241476,103689.975622593,1903.2942925862678
2025-12-03 22:00:00,103689.975622593,103986.845156553,103554.58472227915,103774.33360514324,1887.6997483680661
2025-12-04 00:00:00,103941.86448536228,104045.43253721038,103784.89290585906,103904.50896712249,7008.966989793762
2025-12-04 02:00:00,103904.50896712249,103982.12049555713,103802.93342888907,103961.96879513387,3881.2601283754507
2025-12-04 04:00:00,103961.96879513387,104011.93890970426,103833.45172347876,103980.484368591,4628.109911846031
2025-12-04 06:00:00,103980.484368591,104092.89585969257,103892.01358888802,103979.27895989298,7432.529824346628
2025-12-04 08:00:00,103979.27895989298,104140.5413658068,103875.19681287224,103990.80494249745,7237.274344794733
2025-12-04 10:00:00,103990.80494249745,104029.71241425427,103950.1803986172,104001.66103784718,7797.973647926258
2025-12-04 12:00:00,104001.66103784718,104025.22817727501,103937.5248967836,103960.25667080504,5302.569430989289
2025-12-04 14:00:00,103960.25667080504,104147.73514216844,103812.61072172083,103963.38226253323,6412.871294421301
2025-12-04 16:00:00,103963.38226253323,104062.62081847392,103727.58779941077,104000.80874760721,6066.09450264239
2025-12-04 18:00:00,104000.80874760721,104117.9739971365,103863.53100125022,104032.4273404853,8469.553099611774
2025-12-04 20:00:00,104032.4273404853,104264.44681758032,103760.54797699816,104058.77538530808,8410.663871656554
2025-12-04 22:00:00,104058.77538530808,104086.88799033995,104052.03656304521,104073.0039857046,4348.853328601481
2025-12-05 00:00:00,103821.4104677162,104678.55495589336,103784.21597797282,104611.04583975405,2314.317830834321
2025-12-05 02:00:00,104611.04583975405,105300.36057780217,104425.10842069941,105300.36057780217,2599.6465433332637
2025-12-05 04:00:00,105300.36057780217,105388.96183573252,105295.7222499978,105388.96183573252,2325.957391795874
2025-12-05 06:00:00,105388.96183573252,105427.63815187171,105359.69811578255,105427.63815187171,2157.406020614084
2025-12-05 08:00:00,105427.63815187171,105427.63815187171,104709.04795998588,104855.86695382024,2642.829586825661
2025-12-05 10:00:00,104855.86695382024,105625.98252395255,104775.8887810394,105625.98252395255,2932.006079464179
2025-12-05 12:00:00,105625.98252395255,105625.98252395255,103440.13704305702,103440.13704305702,2204.101800843277
2025-12-05 14:00:00,103440.13704305702,103996.51792313412,103440.13704305702,103978.35573394176,3401.298801932836
2025-12-05 16:00:00,103978.35573394176,104030.70431319423,103464.26365004966,103486.27883802602,3382.3748136465983
2025-12-05 18:00:00,103486.27883802602,103502.56102893058,103464.26365004966,103468.67012781918,2648.5610901990053
2025-12-05 20:00:00,103468.67012781918,104507.1024314726,103464.26365004966,104358.89135336051,2874.726963554863
2025-12-05 22:00:00,104358.89135336051,104574.56460926011,104346.2472048691,104564.74610519696,2683.7145522037054
2025-12-06 00:00:00,104436.26255466767,104796.02448765516,104335.66237541172,104590.04089034884,6454.904624019911
2025-12-06 02:00:00,104590.04089034884,104694.72260127388,104441.77364152776,104575.06845444131,5832.879817594052
2025-12-06 04:00:00,104575.06845444131,104814.10914275445,104564.67727387426,104710.65142169708,4118.532051241148
2025-12-06 06:00:00,104710.65142169708,105037.6160452879,104647.61547502608,104884.78881432053,6765.785855414276
2025-12-06 08:00:00,104884.78881432053,105031.62460829935,104606.25852490855,104716.75778048798,6568.493434303615
2025-12-06 10:00:00,104716.75778048798,104992.47029543124,104536.34083590658,104948.53827454119,7708.2083764294475
2025-12-06 12:00:00,104948.53827454119,105560.10305722484,104899.91078513497,105324.3532330855,9295.967599759339
2025-12-06 14:00:00,105324.3532330855,105427.1675345455,105144.48288774355,105340.39038079015,5102.572043136512
2025-12-06 16:00:00,105340.39038079015,105378.4604638046,105297.88041235981,105337.1585633063,6788.00496762654
2025-12-06 18:00:00,105337.1585633063,105819.73888212374,105141.74645905354,105661.7172523284,7764.651438351511
2025-12-06 20:00:00,105661.7172523284,106046.84185953952,105658.05434758744,106046.84185953952,4273.39329346387
2025-12-06 22:00:00,106046.84185953952,106046.84185953952,105674.81624029853,105711.99485278284,8365.787867954681
2025-12-07 00:00:00,105775.72176862496,106005.3318638397,105750.8428816584,105859.04693168907,7723.12694438394
2025-12-07 02:00:00,105859.04693168907,107232.89015126094,105510.28642939166,107232.89015126094,5325.7993707145815
2025-12-07 04:00:00,107232.89015126094,107232.89015126094,106852.46029822929,106853.34158492416,3971.5437262475875
2025-12-07 06:00:00,106853.34158492416,106901.09626738314,106720.96771470603,106801.57437696373,4152.061039169638
2025-12-07 08:00:00,106801.57437696373,106964.84792960524,106641.50887844415,106964.84792960524,3998.503483052497
2025-12-07 10:00:00,106964.84792960524,107933.36549759375,106457.73304965308,107933.36549759375,7981.720203767337
2025-12-07 12:00:00,107933.36549759375,107970.5580776947,107923.79012333417,107970.5580776947,10698.662801631315
2025-12-07 14:00:00,107970.5580776947,108827.52067423424,107826.37364949544,108827.52067423424,6832.840657322421
2025-12-07 16:00:00,108827.52067423424,109192.06330969601,108822.0349057741,109192.06330969601,6052.618294241542
2025-12-07 18:00:00,109192.06330969601,109192.06330969601,107760.35548853094,108006.63982043059,4384.6578234157605
2025-12-07 20:00:00,108006.63982043059,108441.192020892,107861.29938574992,108441.192020892,10302.478241987337
2025-12-07 22:00:00,108441.192020892,108441.192020892,105793.16149495161,106547.29572312042,7415.311203405573
2025-12-08 00:00:00,106495.2932917323,106615.30716425406,106354.88628073139,106370.98901894504,10736.253600677652
2025-12-08 02:00:00,106370.98901894504,106448.78206222168,106297.97420401024,106349.20767661718,7028.223017162354
2025-12-08 04:00:00,106349.20767661718,106380.2611565334,106299.79933807961,106366.1664936867,9390.017781606948
2025-12-08 06:00:00,106366.1664936867,106538.65401328586,106357.04300355936,106419.9066279184,8653.009689054747
2025-12-08 08:00:00,106419.9066279184,106438.92404650473,106390.19024031328,106424.58723903744,13271.329088898077
2025-12-08 10:00:00,106424.58723903744,106683.7049744676,106257.52390537303,106482.74019374518,6178.463336168728
2025-12-08 12:00:00,106482.74019374518,106638.14171335574,106287.8188430624,106434.57124989812,5255.688639055178
2025-12-08 14:00:00,106434.57124989812,106551.42895018907,106332.90284747594,106420.57153625939,14311.548437744963
2025-12-08 16:00:00,106420.57153625939,106450.06345062482,106257.52390537303,106334.53214804412,10283.214174122217
2025-12-08 18:00:00,106334.53214804412,106440.4783088416,106257.52390537303,106288.29579935917,13262.381575742917
2025-12-08 20:00:00,106288.29579935917,106335.49272798837,106257.52390537303,106288.48300815484,14293.050516299798
2025-12-08 22:00:00,106288.48300815484,106362.66483398317,106257.52390537303,106353.13223058831,10351.270291253108
2025-12-09 00:00:00,105881.90197159845,105989.5817221408,105748.74769042071,105975.96931263909,4947.192242583201
2025-12-09 02:00:00,105975.96931263909,106794.06986119585,105775.68679145903,106587.76880061165,4829.748956396893
2025-12-09 04:00:00,106587.76880061165,106603.82838386104,106443.42153486484,106507.6935513214,4434.288306545955
2025-12-09 06:00:00,106507.6935513214,107259.34499509232,106068.54829348152,107164.98668842485,2575.6130919733287
2025-12-09 08:00:00,107164.98668842485,107418.84231615814,107142.31949869565,107418.84231615814,6719.418454738597
2025-12-09 10:00:00,107418.84231615814,107418.84231615814,107200.76721175002,107216.57028359223,5094.084121178966
2025-12-09 12:00:00,107216.57028359223,107604.5548232804,107187.39581486744,107604.5548232804,4303.66195651041
2025-12-09 14:00:00,107604.5548232804,107776.94053709526,107575.09894023676,107776.94053709526,6327.453253993167
2025-12-09 16:00:00,107776.94053709526,107790.0782819994,107770.2238655466,107790.0782819994,4172.397728293587
2025-12-09 18:00:00,107790.0782819994,108077.49099582311,107712.07177296987,108077.49099582311,5437.044373011302
2025-12-09 20:00:00,108077.49099582311,108077.49099582311,107089.00749790961,107363.82945237901,4273.737498184544
2025-12-09 22:00:00,107363.82945237901,107363.82945237901,107043.82873559513,107183.52720827963,3370.142292868037
2025-12-10 00:00:00,106873.28479566512,107310.62466904115,106837.69402025067,107067.15507907711,3799.895138063913
2025-12-10 02:00:00,107067.15507907711,107357.16625327515,106951.37952378993,107357.16625327515,3816.5932831746836
2025-12-10 04:00:00,107357.16625327515,107394.57476272261,107103.55267955673,107394.57476272261,3284.1570721136563
2025-12-10 06:00:00,107394.57476272261,107394.57476272261,106656.61042609792,106656.61042609792,2867.7063498848047
2025-12-10 08:00:00,106656.61042609792,107270.94010725935,106656.61042609792,107267.53651622214,2212.2802272491735
2025-12-10 10:00:00,107267.53651622214,107398.30801643663,107040.43300829429,107398.30801643663,6022.765271846007
2025-12-10 12:00:00,107398.30801643663,107458.40733937376,107367.9757891259,107458.40733937376,5486.873117371747
2025-12-10 14:00:00,107458.40733937376,107458.40733937376,107054.49476721536,107234.107913985,2537.090340874143
2025-12-10 16:00:00,107234.107913985,107279.9634916984,106909.29833008353,106923.55996513317,4739.912098125888
2025-12-10 18:00:00,106923.55996513317,107310.62466904115,106779.63599776936,107272.7341210064,2921.802596521533
2025-12-10 20:00:00,107272.7341210064,107400.83887497263,107190.48280423557,107400.83887497263,3737.5612296756135
2025-12-10 22:00:00,107400.83887497263,107400.83887497263,107116.25517159997,107132.97513210024,2716.9101058842743
2025-12-11 00:00:00,106924.27155602397,106976.39090059738,106861.88339111576,106861.88339111576,5318.366640370701
2025-12-11 02:00:00,106861.88339111576,107161.85552117418,106861.88339111576,107011.50565802013,5160.304394805184
2025-12-11 04:00:00,107011.50565802013,107111.05768704349,106937.20994692552,107085.19701077323,6191.805440675991
2025-12-11 06:00:00,107085.19701077323,107115.88292178263,106912.61357003289,107033.8995806728,7063.298565863527
2025-12-11 08:00:00,107033.8995806728,107273.6497952348,106941.24879244048,107228.75524839848,3670.980631779601
2025-12-11 10:00:00,107228.75524839848,107364.31438402114,106935.22099833097,107035.95760602769,5769.544426996874
2025-12-11 12:00:00,107035.95760602769,107321.36822537669,106928.4778572256,107285.27957359042,3495.3772094055234
2025-12-11 14:00:00,107285.27957359042,107920.4850961171,107168.9942580007,107683.91892426544,6128.673406944193
2025-12-11 16:00:00,107683.91892426544,107859.25624255941,107562.92521170493,107825.87702998382,7224.632863923586
2025-12-11 18:00:00,107825.87702998382,108012.93964872346,107694.54446183909,107874.81121710855,4070.5954851483207
2025-12-11 20:00:00,107874.81121710855,108012.93964872346,107714.22280550991,107989.99730016859,6720.516789001878
2025-12-11 22:00:00,107989.99730016859,108012.93964872346,107924.68233736421,107972.64637166954,5679.380979292335
2025-12-12 00:00:00,107467.42636878835,107679.20505797709,107323.68819523366,107626.49970484372,7431.075294396485
2025-12-12 02:00:00,107626.49970484372,107639.91382337773,107294.12436277886,107353.8176588814,2918.5641816168036
2025-12-12 04:00:00,107353.8176588814,107631.17845341664,106495.79934100903,106495.79934100903,5219.286772974335
2025-12-12 06:00:00,106495.79934100903,107207.9964028621,106495.79934100903,107116.06771877377,3588.0487397718134
2025-12-12 08:00:00,107116.06771877377,107651.02775543607,107116.06771877377,107503.52683527395,4775.8981937237295
2025-12-12 10:00:00,107503.52683527395,107780.63173649328,107386.45400092711,107550.27624035161,6368.489942800749
2025-12-12 12:00:00,107550.27624035161,107905.66069140258,107430.73711532218,107779.31912390458,5934.246743738273
2025-12-12 14:00:00,107779.31912390458,108110.32238766756,107656.7491669879,108052.28788832457,4290.823370925871
2025-12-12 16:00:00,108052.28788832457,108868.67935043885,107477.24117913161,108868.67935043885,5661.594342788814
2025-12-12 18:00:00,108868.67935043885,109162.19424661108,108843.96936274752,109162.19424661108,6415.927410671303
2025-12-12 20:00:00,109162.19424661108,109162.19424661108,107723.79804865186,108175.44567417739,3186.1724121058846
2025-12-12 22:00:00,108175.44567417739,108588.20962009909,108046.46796274808,108474.80821105452,6725.5598915239825
2025-12-13 00:00:00,108144.63201655463,108176.90731434847,108141.51719946439,108159.23838601292,7385.167334153827
2025-12-13 02:00:00,108159.23838601292,108266.3222226643,107932.42817992815,108083.64571030144,8168.331329782521
2025-12-13 04:00:00,108083.64571030144,108253.4502087201,107948.36978330095,107991.17199878406,5141.084059651334
2025-12-13 06:00:00,107991.17199878406,108084.9761060386,107938.4277052912,108025.21760242134,6869.778074180836
2025-12-13 08:00:00,108025.21760242134,108088.39643427015,108020.24165166423,108046.11916372998,4285.369879794216
2025-12-13 10:00:00,108046.11916372998,108056.13018122636,107773.06169015345,107846.93755427985,7499.7017841321185
2025-12-13 12:00:00,107846.93755427985,107877.30697393884,107731.46773922708,107764.9538780019,8103.116346614657
2025-12-13 14:00:00,107764.9538780019,107770.51084171417,107744.82094976156,107748.4374013006,4195.297213297785
2025-12-13 16:00:00,107748.4374013006,107879.18430228381,107746.7338893182,107746.83707203133,7845.062606161716
2025-12-13 18:00:00,107746.83707203133,107888.02765373231,107550.33627748184,107659.22482378484,7943.919398537778
2025-12-13 20:00:00,107659.22482378484,107789.01333431034,107641.13660897396,107746.79653633822,4598.959414989106
2025-12-13 22:00:00,107746.79653633822,107772.92390166955,107587.29242982679,107703.1938874815,3972.0477789646798
2025-12-14 00:00:00,107102.24875823251,107960.72539371037,107089.41446227123,107960.72539371037,3812.5539880194624
2025-12-14 02:00:00,107960.72539371037,107960.72539371037,106595.82699958885,107019.32695345252,2095.1436227633535
2025-12-14 04:00:00,107019.32695345252,107788.5492614749,102819.1530684145,102819.1530684145,2452.2297624040866
2025-12-14 06:00:00,102819.1530684145,103138.63821155249,101837.5829087966,101837.5829087966,2213.601235680226
2025-12-14 08:00:00,101837.5829087966,102135.0106211872,97900.31039615527,97900.31039615527,4453.149650047557
2025-12-14 10:00:00,97900.31039615527,98822.97320181418,97900.31039615527,98719.35834280487,2391.3690149006643
2025-12-14 12:00:00,98719.35834280487,101851.51847335852,98719.35834280487,100785.13418470585,3137.6210607634052
2025-12-14 14:00:00,100785.13418470585,102797.02130934027,100785.13418470585,102527.3419739928,4087.3464338385534
2025-12-14 16:00:00,102527.3419739928,102560.05581301593,101867.36150066527,101867.36150066527,2707.3696470838113
2025-12-14 18:00:00,101867.36150066527,106993.83467538323,101867.36150066527,106198.97401183793,2759.116271475553
2025-12-14 20:00:00,106198.97401183793,106589.6685887883,103721.53156879277,103721.53156879277,3132.3754440535986
2025-12-14 22:00:00,103721.53156879277,107788.5492614749,103721.53156879277,107150.13131077077,1894.1509554353029
2025-12-15 00:00:00,107894.76014747105,108236.51343947285,107870.85479663157,108141.23174062569,1936.5652959682893
2025-12-15 02:00:00,108141.23174062569,108423.32011096479,107635.11703403636,107858.78351585439,4087.384889199709
2025-12-15 04:00:00,107858.78351585439,108290.15381304307,107596.80154139872,108160.83356797934,4465.553440152514
2025-12-15 06:00:00,108160.83356797934,108564.04219646394,108001.60243800392,108395.5099744611,3272.9669742074516
2025-12-15 08:00:00,108395.5099744611,108457.23558542287,108167.07763723117,108222.98178563989,3081.4404158654515
2025-12-15 10:00:00,108222.98178563989,108518.83808492718,108177.53204676493,108411.73052957472,3589.550537145948
2025-12-15 12:00:00,108411.73052957472,108600.16098054119,108320.98029092954,108574.84206629674,4396.192995380895
2025-12-15 14:00:00,108574.84206629674,108617.0363894417,108470.14724722586,108517.4086595849,1997.167066241784
2025-12-15 16:00:00,108517.4086595849,108585.84479808618,108492.79918169051,108558.43448815455,3544.23785866461
2025-12-15 18:00:00,108558.43448815455,108623.24226334831,107943.41579512716,108180.04997558768,2267.8333771960683
2025-12-15 20:00:00,108180.04997558768,108204.6947834315,108095.3092027823,108188.3047023576,4490.024624233733
2025-12-15 22:00:00,108188.3047023576,108431.28999326647,108125.04344176549,108340.29531229453,3040.5107585397463
2025-12-16 00:00:00,108222.73020725625,108239.17684785201,108179.06532272538,108192.41905856591,5435.85937417211
2025-12-16 02:00:00,108192.41905856591,108400.29888017493,108100.19497279539,108331.07001117848,10058.321838976846
2025-12-16 04:00:00,108331.07001117848,108372.88923897484,108284.37650847089,108346.86138680039,11249.261299687714
2025-12-16 06:00:00,108346.86138680039,108467.25743865094,108303.92047111651,108371.20285471516,8789.503089540192
2025-12-16 08:00:00,108371.20285471516,108679.93060488116,108342.05955375284,108557.18683988413,5855.456410017517
2025-12-16 10:00:00,108557.18683988413,108878.59658493142,108445.95481600473,108717.36785643424,7992.191504031704
2025-12-16 12:00:00,108717.36785643424,108779.1300986434,108622.63403811105,108637.58491844559,9872.755351333299
2025-12-16 14:00:00,108637.58491844559,108662.81570252268,108615.26699237087,108627.26686494309,10544.40493389365
2025-12-16 16:00:00,108627.26686494309,108750.12743233268,108570.84826881907,108588.99335485154,11156.687995752314
2025-12-16 18:00:00,108588.99335485154,108601.05995452494,108488.59739006941,108531.9918794466,4482.663769627344
2025-12-16 20:00:00,108531.9918794466,108778.10412039126,108493.26576453724,108572.9724114767,4756.690773074856
2025-12-16 22:00:00,108572.9724114767,108846.15553187995,108449.02795393596,108795.65758536327,10309.549599874246
2025-12-17 00:00:00,108781.63937525288,109079.27799508857,108292.31571808143,108587.81678483686,2293.839777881907
2025-12-17 02:00:00,108587.81678483686,108742.80227085858,108492.4299238922,108623.37067881282,5247.005563164987
2025-12-17 04:00:00,108623.37067881282,109000.08324888142,108008.56924553006,108067.46650660802,2405.509526555527
2025-12-17 06:00:00,108067.46650660802,108199.49551690974,107995.90795828728,108123.49149186237,5178.627188813854
2025-12-17 08:00:00,108123.49149186237,108918.58902018901,107985.89087329092,108837.82021747915,2504.9210750823704
2025-12-17 10:00:00,108837.82021747915,108892.09270315642,108798.60933766479,108805.93308993889,5008.9575079473525
2025-12-17 12:00:00,108805.93308993889,109094.4541229858,107985.89087329092,108211.85751948088,2906.285079073801
2025-12-17 14:00:00,108211.85751948088,108344.05942186978,107921.39950397347,107921.39950397347,3934.549829583475
2025-12-17 16:00:00,107921.39950397347,108086.17270518385,107921.39950397347,108072.75098822473,2524.0921482645927
2025-12-17 18:00:00,108072.75098822473,108674.05956112292,108000.41257761135,108436.8948447421,4236.604270977199
2025-12-17 20:00:00,108436.8948447421,108537.58448033186,108265.53732576722,108302.53621519607,3878.248064280962
2025-12-17 22:00:00,108302.53621519607,108613.06625362251,108104.84022684573,108402.0553960583,5402.76932417156
2025-12-18 00:00:00,108048.61004196241,108088.78945716914,107093.42963400074,107131.7457009562,4396.050688562606
2025-12-18 02:00:00,107131.7457009562,107737.7201861141,106468.05216649442,106468.05216649442,6099.712214871239
2025-12-18 04:00:00,106468.05216649442,106619.71782942978,105948.50118290192,105948.50118290192,4068.6007714258917
2025-12-18 06:00:00,105948.50118290192,106036.58783055509,105707.6083425031,105707.6083425031,3914.9352018522477
2025-12-18 08:00:00,105707.6083425031,107446.70764796562,105707.6083425031,106733.15127291212,4472.777665362017
2025-12-18 10:00:00,106733.15127291212,106942.32991936112,106205.52417305764,106205.52417305764,4809.68521124911
2025-12-18 12:00:00,106205.52417305764,106927.8217694315,106205.52417305764,106693.9254672094,5454.582047321822
2025-12-18 14:00:00,106693.9254672094,107561.63865201225,106692.79058403829,107079.91781350141,3660.652427747414
2025-12-18 16:00:00,107079.91781350141,108088.78945716914,106833.98374672595,107956.84909539059,3501.348213270999
2025-12-18 18:00:00,107956.84909539059,108088.78945716914,107206.33554119834,107451.2875631265,7807.246397702579
2025-12-18 20:00:00,107451.2875631265,107727.55860512095,106563.55879927664,106563.55879927664,3528.0624650518234
2025-12-18 22:00:00,106563.55879927664,106926.44901656514,106563.55879927664,106719.47561692356,3848.796973793077
2025-12-19 00:00:00,107128.97474695613,107582.89477694985,106738.64229318747,107582.89477694985,3289.7984859920266
2025-12-19 02:00:00,107582.89477694985,107582.89477694985,107392.5970927214,107474.45753689788,2506.8032256401148
2025-12-19 04:00:00,107474.45753689788,107474.45753689788,107200.29363255294,107275.20084222849,4580.318891201041
2025-12-19 06:00:00,107275.20084222849,107831.05802080661,107166.21705762424,107831.05802080661,3675.10463461959
2025-12-19 08:00:00,107831.05802080661,107831.05802080661,107135.32864377777,107445.50262543804,2634.0169558156254
2025-12-19 10:00:00,107445.50262543804,107705.22760760729,107399.297219316,107705.22760760729,5383.191174365586
2025-12-19 12:00:00,107705.22760760729,107705.22760760729,107326.92932334224,107515.39362632652,2759.7624049514407
2025-12-19 14:00:00,107515.39362632652,107515.39362632652,107144.39344374441,107212.10363444716,4369.040492894724
2025-12-19 16:00:00,107212.10363444716,107212.10363444716,106209.83883897755,106660.49253486868,4627.597356811943
2025-12-19 18:00:00,106660.49253486868,106721.40789306072,106275.59138638584,106370.58078730016,4225.532225356641
2025-12-19 20:00:00,106370.58078730016,106412.20173569632,105746.62697539359,105788.29258736108,2441.6992599031046
2025-12-19 22:00:00,105788.29258736108,105877.11620630733,105746.62697539359,105752.37626332107,6610.658749643641
2025-12-20 00:00:00,106644.00800101765,107081.38282282761,106390.33183675444,107081.38282282761,8451.22667032122
2025-12-20 02:00:00,107081.38282282761,107236.02692922643,106714.75569178732,107236.02692922643,8871.26626058842
2025-12-20 04:00:00,107236.02692922643,107236.02692922643,106826.75307747447,106875.26988640317,7898.775051125021
2025-12-20 06:00:00,106875.26988640317,106916.15211455102,106864.19866431308,106905.59459619138,7877.417843694255
2025-12-20 08:00:00,106905.59459619138,106952.0283331956,106630.48148735292,106759.22014887258,7000.277152323442
2025-12-20 10:00:00,106759.22014887258,106847.42057583437,106583.14823326525,106659.76991180488,6630.234888373522
2025-12-20 12:00:00,106659.76991180488,106785.82655007661,106455.77587363897,106642.0057798801,6094.65951136308
2025-12-20 14:00:00,106642.0057798801,106816.15098478163,105927.83449170786,106220.13938349353,7840.550222561285
2025-12-20 16:00:00,106220.13938349353,106441.76906687894,105787.53699428412,105983.11193674465,3540.9878990799775
2025-12-20 18:00:00,105983.11193674465,106337.33113672776,105815.06722928208,106198.16206359123,9135.03495680246
2025-12-20 20:00:00,106198.16206359123,106274.06840509149,105312.06360057097,105312.06360057097,6930.142523407223
2025-12-20 22:00:00,105312.06360057097,105810.16159815685,105312.06360057097,105642.85292231012,6741.143083353037
2025-12-21 00:00:00,105896.64073271614,109574.38952117093,105640.19824468812,109574.38952117093,3886.711546411835
2025-12-21 02:00:00,109574.38952117093,115115.83934112753,107903.18690572103,115115.83934112753,2774.2363825001435
2025-12-21 04:00:00,115115.83934112753,118627.37994032356,115017.66931505206,118627.37994032356,2429.1209791245988
2025-12-21 06:00:00,118627.37994032356,118627.37994032356,114923.29901765534,115163.19541999503,5129.466140469547
2025-12-21 08:00:00,115163.19541999503,118758.8214161754,113799.04600059697,118758.8214161754,3066.8526651003694
2025-12-21 10:00:00,118758.8214161754,118758.8214161754,114683.41843844145,115967.33789668173,3504.859667936242
2025-12-21 12:00:00,115967.33789668173,115967.33789668173,115399.51348616074,115502.44077141951,3275.5640253208626
2025-12-21 14:00:00,115502.44077141951,115502.44077141951,114383.7536417811,114661.70072743698,3937.509324679494
2025-12-21 16:00:00,114661.70072743698,114661.70072743698,114651.94522919071,114652.90625161138,2837.18979718038
2025-12-21 18:00:00,114652.90625161138,114652.90625161138,107562.6787821366,109792.89336222969,3983.676756874235
2025-12-21 20:00:00,109792.89336222969,109792.89336222969,105545.16313395211,105599.48845552524,3022.680069393553
2025-12-21 22:00:00,105599.48845552524,105607.48587794004,104860.3683991824,105136.84941842483,4904.417027802271
2025-12-22 00:00:00,105278.46158009718,105438.01099705696,105059.72425107425,105345.09253505911,3632.8402623815855
2025-12-22 02:00:00,105345.09253505911,105440.50755421392,105321.82324982062,105414.31975980668,3157.2000633064044
2025-12-22 04:00:00,105414.31975980668,105420.73891669595,105229.67632852956,105332.26253221226,3382.4626213576335
2025-12-22 06:00:00,105332.26253221226,105421.83929209171,105145.39067389102,105415.17814144384,2507.2540005733877
2025-12-22 08:00:00,105415.17814144384,105751.49096333358,105330.54106249109,105633.97813294096,1412.5660919114025
2025-12-22 10:00:00,105633.97813294096,105903.18327960254,105612.80517327781,105903.18327960254,3368.0503197577273
2025-12-22 12:00:00,105903.18327960254,105907.04685787993,105744.97617026915,105907.04685787993,2902.0839363924106
2025-12-22 14:00:00,105907.04685787993,105907.04685787993,105698.00889911821,105710.76475884802,2627.2836725671887
2025-12-22 16:00:00,105710.76475884802,105798.65293986749,105568.82839360619,105604.22888748824,2341.769451791244
2025-12-22 18:00:00,105604.22888748824,105851.34490433946,105160.77030577997,105359.04678180054,1495.00634583469
2025-12-22 20:00:00,105359.04678180054,105446.26659384614,105258.82233377981,105418.83751511753,3870.253870935803
2025-12-22 22:00:00,105418.83751511753,105632.00839904726,105305.83860183384,105539.81729214519,1838.7117064593704
2025-12-23 00:00:00,106150.27652149857,106371.38799493405,105633.81983519577,105856.86252108075,3277.6338805871583
2025-12-23 02:00:00,105856.86252108075,106098.56549366255,105481.695938136,105726.09496226528,4086.51210582331
2025-12-23 04:00:00,105726.09496226528,105783.4119395369,105571.14649634852,105625.40593761532,2040.6798691455729
2025-12-23 06:00:00,105625.40593761532,105698.95884439605,105558.2760733152,105677.11062979538,4202.586964280612
2025-12-23 08:00:00,105677.11062979538,106026.78620115474,105643.87529553227,105981.18880279173,2043.9270292706888
2025-12-23 10:00:00,105981.18880279173,106336.23917847805,105802.01909069435,106209.2566998653,1997.8745738514615
2025-12-23 12:00:00,106209.2566998653,106225.42412791276,106123.21042812947,106161.1085481611,3829.872820654924
2025-12-23 14:00:00,106161.1085481611,106470.16564424166,105859.72406323951,105938.9720101974,3379.502198681013
2025-12-23 16:00:00,105938.9720101974,105955.80498784895,105837.54237504509,105929.36067648995,3060.805361633173
2025-12-23 18:00:00,105929.36067648995,106068.78157206319,105793.47963007388,105836.17118599056,2690.5426240761985
2025-12-23 20:00:00,105836.17118599056,105899.47631220681,105620.80943109462,105693.40391029652,3913.9724885184573
2025-12-23 22:00:00,105693.40391029652,105919.33001803614,105170.71782964005,105248.11433990508,1990.0632926220094
2025-12-24 00:00:00,105596.02848999329,105637.3844413695,105571.95404327897,105575.14073147863,3045.84084732518
2025-12-24 02:00:00,105575.14073147863,105638.21035084278,105321.19062354958,105389.71540576118,2097.226576794457
2025-12-24 04:00:00,105389.71540576118,105476.10595448491,105281.26603292293,105368.24069195172,2261.553191486003
2025-12-24 06:00:00,105368.24069195172,105381.45570168924,105182.39464133079,105220.74892405598,1735.2834512902252
2025-12-24 08:00:00,105220.74892405598,105295.03129425747,105131.74962734156,105131.74962734156,3085.5085156049995
2025-12-24 10:00:00,105131.74962734156,105184.8473828495,105113.10767832285,105113.10767832285,1431.8354816564058
2025-12-24 12:00:00,105113.10767832285,105237.4516417173,105113.10767832285,105209.79496179365,3342.02893228708
2025-12-24 14:00:00,105209.79496179365,105249.07324194704,105195.51456894513,105235.36338011875,3017.0906738129315
2025-12-24 16:00:00,105235.36338011875,105662.04732036484,105140.32347771633,105391.38013801859,1893.2736117646923
2025-12-24 18:00:00,105391.38013801859,105423.14171111734,105147.33114202069,105241.0024051354,1152.979585043305
2025-12-24 20:00:00,105241.0024051354,105601.2835190024,105206.86467463811,105331.68944297956,2692.531712568505
2025-12-24 22:00:00,105331.68944297956,105392.42157036897,105140.32347771633,105275.43981527745,3018.615742949417
2025-12-25 00:00:00,105263.66397906558,105392.70441920019,105240.99128526147,105322.15397457583,1716.7158502208702
2025-12-25 02:00:00,105322.15397457583,105486.63312194051,105120.21799826571,105215.85407462133,3737.737456055283
2025-12-25 04:00:00,105215.85407462133,105284.42355401226,104979.55546208945,104982.81594150532,2544.0878534478115
2025-12-25 06:00:00,104982.81594150532,105058.4285083349,104272.71235991412,104429.94267691804,3878.2063295976072
2025-12-25 08:00:00,104429.94267691804,104522.87203171861,104188.00982415232,104188.00982415232,3989.414483715652
2025-12-25 10:00:00,104188.00982415232,104603.54739254991,104188.00982415232,104599.1069441101,2916.5785338540627
2025-12-25 12:00:00,104599.1069441101,105044.35635890668,104456.67570439805,104988.67559188438,2951.093660853481
2025-12-25 14:00:00,104988.67559188438,105128.3359464557,104888.4598578962,105007.5543398345,1718.0846352878048
2025-12-25 16:00:00,105007.5543398345,105042.69013660963,104988.03273306353,104993.16147161032,2758.3965646723113
2025-12-25 18:00:00,104993.16147161032,105165.73509107664,104766.0300520672,104936.31866524476,1895.334195388746
2025-12-25 20:00:00,104936.31866524476,105320.94416241399,104796.69326499762,105247.14625255212,4124.435054946587
2025-12-25 22:00:00,105247.14625255212,105262.01905794485,105031.82103654165,105104.89402564667,2382.2286708581323
2025-12-26 00:00:00,105569.91576255369,105637.65720540196,105214.22928020464,105323.55843055781,8475.617725085285
2025-12-26 02:00:00,105323.55843055781,105782.41154938519,105198.08569594078,105720.69418053425,6855.032308279673
2025-12-26 04:00:00,105720.69418053425,105862.89966047811,105423.88298043342,105496.17669712387,4193.068758827808
2025-12-26 06:00:00,105496.17669712387,105624.88813785111,105441.90052956657,105449.73142429095,8197.615727928189
2025-12-26 08:00:00,105449.73142429095,105541.76505104336,105388.62369617025,105531.01668023557,11779.45268183817
2025-12-26 10:00:00,105531.01668023557,105560.11816817762,105109.44651205899,105201.76637811682,9707.28965101157
2025-12-26 12:00:00,105201.76637811682,105229.86670894876,104939.52379217063,104973.2892829861,12361.166807385898
2025-12-26 14:00:00,104973.2892829861,105439.94722763605,104939.52379217063,105286.48392364032,4823.04863719941
2025-12-26 16:00:00,105286.48392364032,105456.89522673954,105074.76526611432,105415.25331229865,7045.4630299765595
2025-12-26 18:00:00,105415.25331229865,105559.61891474461,105214.47318634139,105324.53002207227,6746.726824953783
2025-12-26 20:00:00,105324.53002207227,105552.63477999308,105027.23758185147,105213.08717532073,10921.730083239127
2025-12-26 22:00:00,105213.08717532073,105239.53740092086,105186.22046384662,105188.60331300116,4475.104724877521
2025-12-27 00:00:00,105434.33091325616,105572.34633528856,105260.54552778957,105572.34633528856,4747.583869233896
2025-12-27 02:00:00,105572.34633528856,105572.34633528856,105038.5422466422,105154.58918355036,5747.293909050904
2025-12-27 04:00:00,105154.58918355036,105676.98659247589,104764.57565192269,105676.98659247589,5818.9196481542795
2025-12-27 06:00:00,105676.98659247589,106163.51395692297,105441.8786888997,106163.51395692297,4638.649331194985
2025-12-27 08:00:00,106163.51395692297,106163.51395692297,105289.15544934377,105297.97887110345,2214.278850471596
2025-12-27 10:00:00,105297.97887110345,105598.84972924451,105156.38450129186,105598.84972924451,5969.47996675203
2025-12-27 12:00:00,105598.84972924451,105598.84972924451,105579.43601740293,105588.33231015263,5895.37521175288
2025-12-27 14:00:00,105588.33231015263,105588.33231015263,104342.33735461044,104353.7932232946,3305.886610286502
2025-12-27 16:00:00,104353.7932232946,104418.78511040313,104048.27004560512,104048.27004560512,2406.4909685954685
2025-12-27 18:00:00,104048.27004560512,104092.9481177442,103922.51130549336,103922.51130549336,4001.3117754011687
2025-12-27 20:00:00,103922.51130549336,104459.16690854354,103922.51130549336,104364.98670030612,2083.975336757702
2025-12-27 22:00:00,104364.98670030612,104368.54095639505,104342.33735461044,104363.45601740076,5588.617883187502
2025-12-28 00:00:00,104527.89326558771,104549.74047475038,103405.47139707392,103622.3555235529,7746.964059792952
2025-12-28 02:00:00,103622.3555235529,104026.72847914528,101918.43930633772,102446.9353477674,5742.776762818481
2025-12-28 04:00:00,102446.9353477674,102717.3947998163,102325.55806464513,102529.23042891633,8097.517500583759
2025-12-28 06:00:00,102529.23042891633,102534.67001898655,101963.67393755796,102054.0019476874,7760.73994596305
2025-12-28 08:00:00,102054.0019476874,102724.09195305171,101985.99222107166,102643.46625353204,7265.494681770625
2025-12-28 10:00:00,102643.46625353204,102693.13533855713,102565.8508866084,102571.90502219168,8267.713099617262
2025-12-28 12:00:00,102571.90502219168,102771.53263593237,102193.64882679621,102400.22220355948,3759.243745549532
2025-12-28 14:00:00,102400.22220355948,103154.38128209604,102300.9220698785,102949.52552664041,7907.269275416879
2025-12-28 16:00:00,102949.52552664041,103124.17923374487,102868.14484101762,103091.96487745983,4348.409729165185
2025-12-28 18:00:00,103091.96487745983,103207.23021028489,102578.34565995887,102736.33332379877,5396.681603714596
2025-12-28 20:00:00,102736.33332379877,102785.92898062192,102651.19497914986,102775.39491636891,8043.135528624675
2025-12-28 22:00:00,102775.39491636891,102926.90758154544,102747.48324136547,102890.77818989899,3972.7613214800335
2025-12-29 00:00:00,103182.95775468842,104169.884048884,102708.50500717871,103733.65553772458,6204.392288612091
2025-12-29 02:00:00,103733.65553772458,103910.23533010294,103270.68668791503,103394.2768214163,3757.2424526460695
2025-12-29 04:00:00,103394.2768214163,103540.99955019707,102594.51259477658,102771.5493187401,5030.7843821910055
2025-12-29 06:00:00,102771.5493187401,102871.05606067606,102558.02388288155,102598.74037647517,3721.796704152694
2025-12-29 08:00:00,102598.74037647517,102754.22213650505,102183.75539415867,102347.61141652739,6707.809421766229
2025-12-29 10:00:00,102347.61141652739,102424.54294123601,102164.57928135448,102209.10323304863,6802.381596653465
2025-12-29 12:00:00,102209.10323304863,102826.93997755037,102052.54626259061,102680.08772198597,7508.812333439808
2025-12-29 14:00:00,102680.08772198597,102742.28201604878,102451.19748803189,102726.02199889756,6539.291261416655
2025-12-29 16:00:00,102726.02199889756,103086.96380667631,102658.69191020643,102989.69323258082,6077.768580457433
2025-12-29 18:00:00,102989.69323258082,103255.47940232587,102567.8889268132,102604.97781766133,7808.302777685399
2025-12-29 20:00:00,102604.97781766133,102985.58035733868,102485.79571900918,102912.73680079097,7518.104958733488
2025-12-29 22:00:00,102912.73680079097,103501.87688331433,102002.561232661,102433.18266950385,5050.702982239818
2025-12-30 00:00:00,102036.33696985706,102077.10993767688,101929.47951411744,101978.07625826268,3666.8073222823255
2025-12-30 02:00:00,101978.07625826268,102082.95583389638,101928.82584828814,102072.7803069376,7632.710763605629
2025-12-30 04:00:00,102072.7803069376,102126.41546647575,102071.30945244986,102125.38332062947,6512.422545438695
2025-12-30 06:00:00,102125.38332062947,102205.91470083408,101752.57664797922,101866.2415489001,7511.392144172586
2025-12-30 08:00:00,101866.2415489001,102029.77956805579,101713.72001475573,101800.58716935918,4019.96428341336
2025-12-30 10:00:00,101800.58716935918,102008.24141362128,101516.51131064813,101593.90167223549,8061.552479286572
2025-12-30 12:00:00,101593.90167223549,101659.48150053482,101499.55726705781,101574.82731670051,4553.328605799197
2025-12-30 14:00:00,101574.82731670051,101774.39986640422,101175.47987712761,101428.67653057995,5191.830044262077
2025-12-30 16:00:00,101428.67653057995,101457.38678668081,101355.03734275729,101367.97043571598,6780.691047334635
2025-12-30 18:00:00,101367.97043571598,101450.30176371385,101040.31916209777,101173.45756355504,5603.303702987145
2025-12-30 20:00:00,101173.45756355504,101414.43952128718,101163.04654310085,101402.07229135382,7013.635021774892
2025-12-30 22:00:00,101402.07229135382,101526.43418918937,101060.65504183853,101294.53327749054,8081.718112727845
2025-12-31 00:00:00,101298.67972770531,101304.62028444248,101295.37687920312,101304.49922982638,2377.070707043577
2025-12-31 02:00:00,101304.49922982638,101415.07713256117,101081.77359287458,101304.29885104619,4541.434220277062
2025-12-31 04:00:00,101304.29885104619,101315.90418140024,101300.52592712235,101307.51806592804,4845.281041728766
2025-12-31 06:00:00,101307.51806592804,101313.11902081144,101301.9022083736,101306.54668943341,3631.991264477606
2025-12-31 08:00:00,101306.54668943341,101422.60737297207,101199.87884069888,101317.30758733593,2635.760401707821
2025-12-31 10:00:00,101317.30758733593,101340.56771045848,101292.10544694745,101317.48662735398,3697.944162085782
2025-12-31 12:00:00,101317.48662735398,101423.01646357616,101297.55339157449,101317.84404420356,3003.225436604482
2025-12-31 14:00:00,101317.84404420356,101342.40767161931,101247.52776327451,101319.78973643272,4722.562744531023
2025-12-31 16:00:00,101319.78973643272,101334.53357912014,101304.04275418323,101314.31150519518,3912.999239706445
2025-12-31 18:00:00,101314.31150519518,101332.88224931475,101290.2081578741,101314.70266178947,2871.7743081793624
2025-12-31 20:00:00,101314.70266178947,101362.94343970285,101295.31773658932,101315.19025010317,1922.3176441955766
2025-12-31 22:00:00,101315.19025010317,101321.66178461962,101308.91282216061,101310.58181478846,4082.2992421484328
2026-01-01 00:00:00,101576.32260584384,102108.45777560097,101477.79996841277,101905.02690946672,3476.2500522718883
2026-01-01 02:00:00,101905.02690946672,104406.77581025267,100879.758495087,104406.77581025267,2618.2762284121354
2026-01-01 04:00:00,104406.77581025267,104406.77581025267,101215.62014153818,102064.34461894378,2553.915836688337
2026-01-01 06:00:00,102064.34461894378,102256.0129652522,101262.02855258744,101517.70049303085,1784.348595542095
2026-01-01 08:00:00,101517.70049303085,102022.56192128739,100916.28399122052,100929.35658476524,2073.4245430196647
2026-01-01 10:00:00,100929.35658476524,100964.99987209971,100522.0666603097,100522.0666603097,3468.0932339251176
2026-01-01 12:00:00,100522.0666603097,100666.84648648955,100522.0666603097,100602.04507051824,2053.7203304716268
2026-01-01 14:00:00,100602.04507051824,100780.78123297663,100602.04507051824,100687.80424055737,1555.3838768644496
2026-01-01 16:00:00,100687.80424055737,101348.31547966927,99501.61057570696,99501.61057570696,2481.8915687816907
2026-01-01 18:00:00,99501.61057570696,101303.8065260315,99501.61057570696,101048.14382326257,2942.21137539848
2026-01-01 20:00:00,101048.14382326257,102545.87270637053,100879.758495087,102254.01157790264,2300.5298000520443
2026-01-01 22:00:00,102254.01157790264,102545.87270637053,100879.758495087,101098.08669564668,2453.649232977697
2026-01-02 00:00:00,101118.57054837383,101237.48424598019,101026.0207676856,101163.38966113441,3222.213402887925
2026-01-02 02:00:00,101163.38966113441,101366.62939076133,100818.97097690329,100876.41164002586,1568.8663530444214
2026-01-02 04:00:00,100876.41164002586,101263.5408149827,100815.5091254869,101093.97539259121,3145.795629080428
2026-01-02 06:00:00,101093.97539259121,101280.38272581577,100635.28922810814,100806.71700430904,2188.3654868115386
2026-01-02 08:00:00,100806.71700430904,100813.25850939662,100800.52420271993,100807.28916975005,2257.0962104559253
2026-01-02 10:00:00,100807.28916975005,100989.18733389491,100755.38226125615,100888.95387641083,3374.4674856850797
2026-01-02 12:00:00,100888.95387641083,101120.40711040622,100583.38405168512,100583.38405168512,2229.227415622864
2026-01-02 14:00:00,100583.38405168512,101107.07085425005,100583.38405168512,100971.50744935547,1501.4566748600682
2026-01-02 16:00:00,100971.50744935547,101185.67703582342,100723.22017213414,100872.43212637541,2820.8250938597334
2026-01-02 18:00:00,100872.43212637541,101073.75060138317,100742.16907498516,100828.58173103718,3475.6533858783046
2026-01-02 20:00:00,100828.58173103718,100969.30968842124,100780.79789238906,100921.33005478173,2324.139947034055
2026-01-02 22:00:00,100921.33005478173,101039.17457616239,100892.28778097966,100992.16865477698,2747.1848351623353
2026-01-03 00:00:00,101431.06825368619,101466.41766523499,101250.1844743426,101466.41766523499,2391.537480749258
2026-01-03 02:00:00,101466.41766523499,101466.41766523499,101225.9320891387,101358.1694517021,1950.4377431774171
2026-01-03 04:00:00,101358.1694517021,101378.7192232585,101221.6996366397,101342.19913949215,2561.720769875989
2026-01-03 06:00:00,101342.19913949215,101389.58538312362,101131.89513757543,101283.186995399,4140.373631312645
2026-01-03 08:00:00,101283.186995399,101433.62676464264,101166.90853367663,101334.75493253682,2744.717552836968
2026-01-03 10:00:00,101334.75493253682,101368.44717729195,101281.08854679979,101320.82036062653,3116.043528998031
2026-01-03 12:00:00,101320.82036062653,101391.76281898891,101172.78505039738,101262.66199894533,3528.7961247071016
2026-01-03 14:00:00,101262.66199894533,101372.44517713142,101208.92021505334,101266.63666511273,2748.3574161768943
2026-01-03 16:00:00,101266.63666511273,101399.55174870796,101114.91438906179,101202.37929873347,2103.5956680945687
2026-01-03 18:00:00,101202.37929873347,101299.6407332368,101114.91438906179,101165.92827752858,3202.363075497174
2026-01-03 20:00:00,101165.92827752858,101189.19382096468,101114.91438906179,101116.41979469985,3807.7992483409575
2026-01-03 22:00:00,101116.41979469985,101136.83506100973,101114.91438906179,101121.33158875814,2735.848113842153
2026-01-04 00:00:00,101301.41729069529,101498.51098811219,99178.40674106537,99178.40674106537,7193.764755548974
2026-01-04 02:00:00,99178.40674106537,104638.1036905984,99178.40674106537,104638.1036905984,13383.339906376394
2026-01-04 04:00:00,104638.1036905984,104638.1036905984,100321.86642605465,101599.00106299226,13945.599262111928
2026-01-04 06:00:00,101599.00106299226,103173.10659959828,101219.56342807831,103173.10659959828,10722.261695961968
2026-01-04 08:00:00,103173.10659959828,103173.10659959828,96549.95489005747,96549.95489005747,9284.077165706107
2026-01-04 10:00:00,96549.95489005747,100117.63713192537,96549.95489005747,99019.56159631831,16319.026642249313
2026-01-04 12:00:00,99019.56159631831,99594.25710726461,96822.74921046491,96822.74921046491,12216.768727515577
2026-01-04 14:00:00,96822.74921046491,98095.71076124274,96822.74921046491,97682.50481418823,8520.94262879014
2026-01-04 16:00:00,97682.50481418823,98671.37971446305,97682.50481418823,98571.66222193405,16565.340126938765
2026-01-04 18:00:00,98571.66222193405,99110.24960802693,95839.98160317176,95839.98160317176,6257.014997438475
2026-01-04 20:00:00,95839.98160317176,100304.30742890351,95839.98160317176,99120.4109139054,7548.39507958755
2026-01-04 22:00:00,99120.4109139054,100104.1742615934,99120.4109139054,99845.61989045223,11530.558876726209
2026-01-05 00:00:00,100494.48068086685,100555.8670626897,100313.95525810239,100408.09273269927,2241.1327502309955
2026-01-05 02:00:00,100408.09273269927,100552.91577974013,100380.54615373722,100504.64149669827,3097.1847983088223
2026-01-05 04:00:00,100504.64149669827,100664.26463732103,100437.7165883444,100596.26838155888,3295.0760867500667
2026-01-05 06:00:00,100596.26838155888,100621.71179897343,100582.31722226342,100599.19810507355,2209.1308856454652
2026-01-05 08:00:00,100599.19810507355,100628.17956029158,100554.91330270343,100608.33928714874,1590.04640459227
2026-01-05 10:00:00,100608.33928714874,100764.27875989726,100449.57958106179,100459.12961318318,1899.7681594285539
2026-01-05 12:00:00,100459.12961318318,100530.86310690532,100427.41755479357,100478.47880153719,2558.554587555271
2026-01-05 14:00:00,100478.47880153719,100565.66306624736,100468.99398481057,100493.17974100422,1700.8180886632028
2026-01-05 16:00:00,100493.17974100422,100534.19222431237,100481.78623365695,100497.31371876104,2799.3671624216063
2026-01-05 18:00:00,100497.31371876104,100661.5614797134,100303.53871143711,100396.19410960776,2441.508498599808
2026-01-05 20:00:00,100396.19410960776,100447.10242869337,100040.64059975382,100216.28163179682,2812.797220702599
2026-01-05 22:00:00,100216.28163179682,100448.69809769116,100086.20696753642,100272.21547357315,1683.408160192362
2026-01-06 00:00:00,99960.60274000232,100118.36897470817,99913.0525032863,100029.26910251196,4418.636575691522
2026-01-06 02:00:00,100029.26910251196,100495.76100878954,99775.99558690422,100495.76100878954,3586.3112849482313
2026-01-06 04:00:00,100495.76100878954,100768.33059753587,100360.72330902648,100768.33059753587,4693.970758890001
2026-01-06 06:00:00,100768.33059753587,100768.33059753587,100341.08740108907,100411.3556738699,3681.5825757319776
2026-01-06 08:00:00,100411.3556738699,100443.6289903856,100220.54451992875,100443.6289903856,2596.1489674824165
2026-01-06 10:00:00,100443.6289903856,100443.6289903856,99724.09738269304,99724.09738269304,4450.945408374485
2026-01-06 12:00:00,99724.09738269304,99810.33044277498,99724.09738269304,99810.19278520552,3435.971533366172
2026-01-06 14:00:00,99810.19278520552,100048.8365769613,99246.46673985742,99246.46673985742,3241.050215140128
2026-01-06 16:00:00,99246.46673985742,99585.49039849441,99246.46673985742,99532.55854428999,4520.059059943799
2026-01-06 18:00:00,99532.55854428999,100262.36520405753,99532.55854428999,99998.96383581897,3701.723768721464
2026-01-06 20:00:00,99998.96383581897,100032.09016202763,99955.18330773168,99985.95555929471,4087.4235461826497
2026-01-06 22:00:00,99985.95555929471,100262.36520405753,99972.99812618642,100189.78484485301,2255.543118050601
2026-01-07 00:00:00,100304.80053562943,100703.37650383502,100163.8013300467,100587.1695607042,5408.378972609164
2026-01-07 02:00:00,100587.1695607042,100661.25686646868,100518.969518431,100600.08060613816,2865.4979211971754
2026-01-07 04:00:00,100600.08060613816,100853.49086698484,100585.6724564929,100678.73359402268,6547.56068416807
2026-01-07 06:00:00,100678.73359402268,101035.63563341787,100657.45535062156,100914.59666672177,2792.3830758431986
2026-01-07 08:00:00,100914.59666672177,101337.34620517743,100853.34166627706,101334.94257173149,2633.005553270126
2026-01-07 10:00:00,101334.94257173149,101337.34620517743,100974.56331241279,101037.3936349926,5380.158714576077
2026-01-07 12:00:00,101037.3936349926,101337.34620517743,100909.85465643376,101260.73840657277,4216.483225154738
2026-01-07 14:00:00,101260.73840657277,101553.71226590256,101260.3593995968,101553.71226590256,3671.4879910125305
2026-01-07 16:00:00,101553.71226590256,101553.71226590256,101269.03977284295,101321.69030568736,4765.549712302482
2026-01-07 18:00:00,101321.69030568736,101539.87869955585,101190.41996977525,101539.87869955585,2671.472595666151
2026-01-07 20:00:00,101539.87869955585,101539.87869955585,101427.38810364134,101462.75439693512,2614.8748533050452
2026-01-07 22:00:00,101462.75439693512,101462.75439693512,101002.49663200795,101283.84953048178,3638.5687771440425
2026-01-08 00:00:00,101482.0220485499,101974.09230772473,101242.31436927382,101974.09230772473,5541.050563606496
2026-01-08 02:00:00,101974.09230772473,101974.09230772473,101584.12911414303,101637.9979228688,3159.9723071620474
2026-01-08 04:00:00,101637.9979228688,101703.21322093904,101085.46580173983,101250.09676817186,5978.644937523833
2026-01-08 06:00:00,101250.09676817186,101854.91018793103,101039.08212491198,101854.91018793103,4387.3753833709925
2026-01-08 08:00:00,101854.91018793103,101854.91018793103,100451.81547372935,100482.99361958723,2699.198387753523
2026-01-08 10:00:00,100482.99361958723,100699.03715847277,100174.45069040175,100174.45069040175,5039.708499053075
2026-01-08 12:00:00,100174.45069040175,100442.57589573872,100174.45069040175,100258.41797345983,2473.4099776731664
2026-01-08 14:00:00,100258.41797345983,100319.99219415728,99831.72805807502,99831.72805807502,3362.6591152822393
2026-01-08 16:00:00,99831.72805807502,100014.73603857629,99195.49966399267,99195.49966399267,3999.610622055325
2026-01-08 18:00:00,99195.49966399267,99940.32315806854,99195.49966399267,99673.37857391697,4909.809393070735
2026-01-08 20:00:00,99673.37857391697,100037.84483211052,99186.06839602305,99186.06839602305,4129.874884840472
2026-01-08 22:00:00,99186.06839602305,100766.03527763634,99186.06839602305,100406.62101515371,3442.1483042021764
2026-01-09 00:00:00,100150.65718009217,100328.35044870862,100006.19229076116,100009.3592716063,2452.331164011391
2026-01-09 02:00:00,100009.3592716063,100412.87849688997,99629.88570462074,99651.31547774948,3915.8797102504186
2026-01-09 04:00:00,99651.31547774948,99759.41206605463,99340.35870393796,99384.15197023765,1643.8666343424256
2026-01-09 06:00:00,99384.15197023765,100033.89687021036,99161.41417662427,99723.46051739252,2446.765460142629
2026-01-09 08:00:00,99723.46051739252,99759.54723233506,99626.50835530083,99708.26343911595,2736.694094237667
2026-01-09 10:00:00,99708.26343911595,99719.2533102985,99514.15314865462,99594.93892596578,2535.922239516209
2026-01-09 12:00:00,99594.93892596578,100188.54445414178,99490.53840646136,99926.32841261897,2526.7358632747873
2026-01-09 14:00:00,99926.32841261897,100148.09331421074,99881.83604535337,100087.03605185026,2410.7189291487834
2026-01-09 16:00:00,100087.03605185026,100093.27991158376,100046.23465832967,100061.97872045914,3291.2638726908963
2026-01-09 18:00:00,100061.97872045914,100443.43423089574,100020.42534070657,100340.89293213449,4308.659894189686
2026-01-09 20:00:00,100340.89293213449,100896.56190097805,99957.83978787,100728.89576394475,2191.5914138933763
2026-01-09 22:00:00,100728.89576394475,100742.18547771731,100697.32031519701,100715.26715648183,3198.56401334587
2026-01-10 00:00:00,100683.36481328077,100779.2839037517,100643.97947685045,100753.47337886292,2602.391920680223
2026-01-10 02:00:00,100753.47337886292,100891.97408834493,100668.79490500147,100738.88282059626,3164.867597735207
2026-01-10 04:00:00,100738.88282059626,100799.98316802194,100582.31930713673,100754.04463022975,3260.977169532063
2026-01-10 06:00:00,100754.04463022975,100770.34057859468,100677.8488368746,100701.5237818465,1726.9564809061108
2026-01-10 08:00:00,100701.5237818465,100736.20120968744,100671.83480613999,100674.14903514941,1566.1228556741603
2026-01-10 10:00:00,100674.14903514941,100676.25000479457,100569.82043957147,100665.43079114906,2155.242934844885
2026-01-10 12:00:00,100665.43079114906,100704.55770666829,100621.07297766894,100695.07912017095,1904.985966474592
2026-01-10 14:00:00,100695.07912017095,100736.58809893177,100669.22141712137,100694.80170677237,3061.1851175327356
2026-01-10 16:00:00,100694.80170677237,100696.74296765872,100605.97808222905,100611.22083274028,3535.7319086352104
2026-01-10 18:00:00,100611.22083274028,100760.81793744149,100398.76672192212,100524.57182693387,2835.7365554983444
2026-01-10 20:00:00,100524.57182693387,100527.18322045915,100333.90622244719,100469.75803512288,2653.1590374582624
2026-01-10 22:00:00,100469.75803512288,100470.78695007815,100229.76193339455,100407.63841009651,2495.6441026161247
2026-01-11 00:00:00,100549.36632780464,100604.50182042625,100491.12678658096,100523.90519590412,4251.983750243457
2026-01-11 02:00:00,100523.90519590412,100566.41923594303,100417.79769224205,100521.47363604013,3617.0083691970553
2026-01-11 04:00:00,100521.47363604013,100625.8277086474,100182.17035192678,100460.17497619006,4196.568173581082
2026-01-11 06:00:00,100460.17497619006,100577.92982748695,100237.23329320992,100417.16065121783,3043.9439509472245
2026-01-11 08:00:00,100417.16065121783,100551.57614279843,100316.67088429148,100456.22982804936,4720.626430296503
2026-01-11 10:00:00,100456.22982804936,100489.49513341322,100418.34809450156,100447.17321112343,2254.805989246554
2026-01-11 12:00:00,100447.17321112343,100652.78264407787,100197.1659373986,100491.82662527324,2653.0322541963674
2026-01-11 14:00:00,100491.82662527324,100518.61055169163,100481.92391007369,100502.57697352512,4309.515541571282
2026-01-11 16:00:00,100502.57697352512,100585.97520502249,100394.76621552833,100473.48493398882,2544.7101773380214
2026-01-11 18:00:00,100473.48493398882,100508.5009258146,100472.05212869243,100501.37813022063,2127.9864852805185
2026-01-11 20:00:00,100501.37813022063,100557.99960015816,100375.12351524708,100514.19175728432,3112.9242132391414
2026-01-11 22:00:00,100514.19175728432,100629.56276186007,100387.54951722728,100493.43086740316,2790.3092411469624
2026-01-12 00:00:00,100248.01973894009,100381.0597066372,100143.6984454301,100381.0597066372,1518.4901623258227
2026-01-12 02:00:00,100381.0597066372,100381.0597066372,100170.93845152864,100277.89656255256,2806.60122491151
2026-01-12 04:00:00,100277.89656255256,100370.40599050315,100199.84371823809,100228.2529142565,1686.1095590750374
2026-01-12 06:00:00,100228.2529142565,100370.40599050315,100083.10817481941,100349.26001927235,4234.234588607216
2026-01-12 08:00:00,100349.26001927235,100370.40599050315,100180.60876113882,100327.35473971642,1576.3932332450986
2026-01-12 10:00:00,100327.35473971642,100370.40599050315,100271.79389720238,100349.45347372426,1602.5920834140672
2026-01-12 12:00:00,100349.45347372426,100370.40599050315,100205.17174607795,100291.0420786788,2108.723823703133
2026-01-12 14:00:00,100291.0420786788,100308.7343280105,100013.75655480652,100121.74985954787,2215.435572824728
2026-01-12 16:00:00,100121.74985954787,100261.82733311669,99982.69827716578,100201.30704260818,1891.9961139466618
2026-01-12 18:00:00,100201.30704260818,100210.65657649284,100034.8394400417,100126.79907752514,3621.956425494913
2026-01-12 20:00:00,100126.79907752514,100153.2988011276,99918.20395182053,99944.69414784912,3569.701239725746
2026-01-12 22:00:00,99944.69414784912,100037.90324869132,99805.15990255805,99826.62236375074,2609.21393699278
2026-01-13 00:00:00,99746.64042705805,99770.27571435523,99644.33898006806,99697.54268246316,3323.499262724639
2026-01-13 02:00:00,99697.54268246316,99838.86108742435,99641.28217126468,99740.3957858713,5490.473990871029
2026-01-13 04:00:00,99740.3957858713,99817.6800132154,99706.78693561481,99799.7586378254,5552.104028157313
2026-01-13 06:00:00,99799.7586378254,99838.14233668851,99741.55325334292,99784.55147986117,7498.18837028175
2026-01-13 08:00:00,99784.55147986117,99811.56519424215,99692.72227307176,99726.99319942476,5664.824819090606
2026-01-13 10:00:00,99726.99319942476,99797.95687070517,99626.32563794646,99756.29789231259,3037.1569203991157
2026-01-13 12:00:00,99756.29789231259,99805.77777288335,99617.72466839578,99689.86324480176,6584.568432577568
2026-01-13 14:00:00,99689.86324480176,99827.524765244,99662.77484969406,99795.81086740571,4288.597769802268
2026-01-13 16:00:00,99795.81086740571,99819.36290125514,99717.78660542953,99776.48516543083,7815.400538526069
2026-01-13 18:00:00,99776.48516543083,99905.0732167828,99719.98397085848,99776.96094348303,5061.946011844857
2026-01-13 20:00:00,99776.96094348303,99885.8740597087,99637.60707582516,99776.65066142127,2735.2148405219377
2026-01-13 22:00:00,99776.65066142127,99950.21539510335,99624.80543584954,99669.03856201604,7506.9814492467585
2026-01-14 00:00:00,99839.17691217521,100090.84817932769,99737.29218140716,100054.20506986741,2998.2199170206745
2026-01-14 02:00:00,100054.20506986741,100090.84817932769,99175.84085444653,99313.53277010178,4643.967987607255
2026-01-14 04:00:00,99313.53277010178,99355.2225023101,99285.58144574892,99354.97503779751,3562.854572833525
2026-01-14 06:00:00,99354.97503779751,99677.99304029816,99349.90968267136,99587.1717547275,5380.082369271479
2026-01-14 08:00:00,99587.1717547275,99642.23586917465,99437.0199162533,99487.21519884952,3442.320096235121
2026-01-14 10:00:00,99487.21519884952,99599.92095061914,99063.82940554226,99237.32440382999,5054.288010462959
2026-01-14 12:00:00,99237.32440382999,99772.91575426335,99121.1683705769,99713.15874267192,2150.882640153958
2026-01-14 14:00:00,99713.15874267192,99866.68608663026,99682.93779554575,99828.99149828823,2863.0953478580086
2026-01-14 16:00:00,99828.99149828823,100022.4215625028,99002.20765452963,99318.85425033484,4324.176347172216
2026-01-14 18:00:00,99318.85425033484,99440.59029802344,99316.3469953704,99413.39734628744,4048.4382022857653
2026-01-14 20:00:00,99413.39734628744,99570.33865232891,98310.81107990388,98696.8767299138,4970.805542464048
2026-01-14 22:00:00,98696.8767299138,98753.72284718884,98659.34719213525,98716.11891672353,2204.881144146193
2026-01-15 00:00:00,98993.04766668573,99010.33391107296,98982.9643964613,98998.1170348156,4908.177548071799
2026-01-15 02:00:00,98998.1170348156,99034.59825299286,98885.86241751295,98943.27071484603,2687.977659047364
2026-01-15 04:00:00,98943.27071484603,98956.30703818712,98909.34482505597,98949.18528544679,5073.912523180438
2026-01-15 06:00:00,98949.18528544679,98983.18231624835,98947.46965610357,98967.95790826528,4625.903845996661
2026-01-15 08:00:00,98967.95790826528,98981.52035909789,98780.52428079705,98878.09473903252,2304.98784667328
2026-01-15 10:00:00,98878.09473903252,99116.3070795898,98780.52428079705,98845.64397236271,6078.405569289993
2026-01-15 12:00:00,98845.64397236271,98894.13092608238,98834.79567398444,98881.24072508914,3898.8622442036276
2026-01-15 14:00:00,98881.24072508914,98940.19225078475,98784.75408572244,98873.82034260598,4725.546137412819
2026-01-15 16:00:00,98873.82034260598,99037.62940712537,98868.55808501066,98967.01085107824,3474.7700783704245
2026-01-15 18:00:00,98967.01085107824,99013.94889085587,98849.28587721326,98931.27234915759,2268.3114152172893
2026-01-15 20:00:00,98931.27234915759,98997.92058065753,98897.031353826,98925.42999489109,4794.319712013927
2026-01-15 22:00:00,98925.42999489109,99116.3070795898,98780.52428079705,98810.00338584311,5425.789784539874
2026-01-16 00:00:00,98565.06914122908,98610.06086213484,98553.94220696168,98593.58808052736,3439.9831001978864
2026-01-16 02:00:00,98593.58808052736,98743.77943191428,98455.90311662052,98654.00226486586,1993.5959366077855
2026-01-16 04:00:00,98654.00226486586,98801.59831309482,98610.95879181588,98650.82217541625,3228.8593796819378
2026-01-16 06:00:00,98650.82217541625,98661.24921953015,98494.59965169008,98629.99209266964,3377.4379010770767
2026-01-16 08:00:00,98629.99209266964,98640.97475459242,98613.10419721283,98615.28283231972,3987.7269037868023
2026-01-16 10:00:00,98615.28283231972,98672.55841409178,98488.03023829841,98558.32816876018,4039.824141784629
2026-01-16 12:00:00,98558.32816876018,98810.54879241019,98478.47534906158,98747.48386451864,1708.065706502896
2026-01-16 14:00:00,98747.48386451864,98941.40222319381,98640.72687911194,98804.68317372621,2812.6307832704633
2026-01-16 16:00:00,98804.68317372621,98890.91877694066,98768.54845182235,98867.03705091469,1545.4182422819028
2026-01-16 18:00:00,98867.03705091469,98984.04551786468,98812.77102196008,98887.20195612442,3513.339982036086
2026-01-16 20:00:00,98887.20195612442,99069.31848648608,98857.0853553704,98933.05158236113,2228.548310349886
2026-01-16 22:00:00,98933.05158236113,99102.90823959002,98833.0308448135,99063.16202043889,2041.9340472298688
2026-01-17 00:00:00,99472.76324950681,99645.29598291685,99057.9348194746,99095.2140426559,5495.436823135065
2026-01-17 02:00:00,99095.2140426559,99843.09737633215,98863.77260957302,99535.83118704073,2659.0583458472142
2026-01-17 04:00:00,99535.83118704073,99657.95835340477,98897.45689946292,98959.03061706961,3238.232879918736
2026-01-17 06:00:00,98959.03061706961,99868.72629695517,98894.70349825505,99555.61734044168,3009.0380517312174
2026-01-17 08:00:00,99555.61734044168,100035.51046412201,98045.39886391182,98354.83422640439,2532.128121086003
2026-01-17 10:00:00,98354.83422640439,98440.01417710622,98021.33915622391,98061.84881984319,2949.1668370022703
2026-01-17 12:00:00,98061.84881984319,98077.15734096173,98018.28821962596,98018.28821962596,5308.250529500298
2026-01-17 14:00:00,98018.28821962596,98313.69964434771,97468.65692932573,97468.65692932573,2661.0674436860454
2026-01-17 16:00:00,97468.65692932573,97708.82980097856,97468.65692932573,97586.33723706566,2349.5038105915046
2026-01-17 18:00:00,97586.33723706566,99170.1155410751,97586.33723706566,98628.12674907164,2985.452354445106
2026-01-17 20:00:00,98628.12674907164,98632.25791271156,98402.05270316786,98500.24362605704,3470.2006862248872
2026-01-17 22:00:00,98500.24362605704,98626.71491190958,98315.07768350559,98380.05187016443,3989.125151695807
2026-01-18 00:00:00,98645.51596813138,98732.86562813385,98537.79488094534,98572.41914292524,2157.8778007147725
2026-01-18 02:00:00,98572.41914292524,98634.42503947714,98450.77138862782,98549.62533091672,3901.324485805414
2026-01-18 04:00:00,98549.62533091672,98584.73350455635,98384.88863830376,98401.66346513746,4139.102596341682
2026-01-18 06:00:00,98401.66346513746,98447.49851481568,98306.46499373698,98346.01057497918,3299.631846275407
2026-01-18 08:00:00,98346.01057497918,98507.48188048264,98228.79100963823,98299.7264074371,4407.75952629803
2026-01-18 10:00:00,98299.7264074371,98372.10613463658,98151.10287805417,98151.10287805417,4631.127606924858
2026-01-18 12:00:00,98151.10287805417,98173.05371031082,98084.96182731255,98084.96182731255,2127.8972214308315
2026-01-18 14:00:00,98084.96182731255,98331.22408638542,98084.96182731255,98274.99672190232,4065.854246674531
2026-01-18 16:00:00,98274.99672190232,98428.11403177254,98235.8997411959,98339.23236810179,2456.050572631042
2026-01-18 18:00:00,98339.23236810179,98552.93670226698,98247.89040667264,98440.1978915099,2904.7077452308795
2026-01-18 20:00:00,98440.1978915099,98605.44389195967,98433.97353267774,98534.06573600008,2747.8154074477497
2026-01-18 22:00:00,98534.06573600008,98538.29713810691,98305.92931424713,98367.7243316461,4342.438041100169
2026-01-19 00:00:00,98354.79669308489,98619.13227199341,96793.1736028908,97115.01432137175,9095.532490298283
2026-01-19 02:00:00,97115.01432137175,98354.79425341108,97054.36561092643,97871.29596076248,5854.131555791749
2026-01-19 04:00:00,97871.29596076248,97962.79904547137,97510.53965492277,97616.7025777675,4936.176462094539
2026-01-19 06:00:00,97616.7025777675,97790.5505689845,96477.17638428387,96587.29664552337,4813.677582594685
2026-01-19 08:00:00,96587.29664552337,96713.0311131038,96487.34728812453,96505.9761917751,4157.207334288742
2026-01-19 10:00:00,96505.9761917751,96518.7397792948,96025.82195729206,96025.82195729206,10978.859960018839
2026-01-19 12:00:00,96025.82195729206,96238.25755993235,96025.82195729206,96192.57403439956,10687.1353490874
2026-01-19 14:00:00,96192.57403439956,96315.18603429369,96005.27840158144,96005.27840158144,9915.76791749883
2026-01-19 16:00:00,96005.27840158144,97154.31068993463,96005.27840158144,97054.28550775531,8911.517770552744
2026-01-19 18:00:00,97054.28550775531,97242.96839328104,96777.35137134366,97009.68955673557,4148.9277881498165
2026-01-19 20:00:00,97009.68955673557,97622.12199578543,96624.54097249948,97392.97062437575,11189.572603929657
2026-01-19 22:00:00,97392.97062437575,97655.77808308025,96607.08467902488,96783.96113517729,6809.725011821035
2026-01-20 00:00:00,96960.01374130869,98977.32644403353,96061.0420595355,98977.32644403353,4734.622502656234
2026-01-20 02:00:00,98977.32644403353,98977.32644403353,97528.85976856494,98036.50030463639,5161.833655997197
2026-01-20 04:00:00,98036.50030463639,98465.07235842555,97741.3508550128,98465.07235842555,3198.2070662257597
2026-01-20 06:00:00,98465.07235842555,98465.07235842555,95331.93714303443,95880.52165399636,2001.271489918978
2026-01-20 08:00:00,95880.52165399636,96428.0562696324,94184.48445377109,94184.48445377109,2923.418389206079
2026-01-20 10:00:00,94184.48445377109,95887.27232557458,94184.48445377109,95403.70678304248,5402.019014160076
2026-01-20 12:00:00,95403.70678304248,95596.78651653424,95331.93714303443,95561.70102315012,5190.57016881138
2026-01-20 14:00:00,95561.70102315012,96558.95377277138,95439.31388619733,96329.64735287684,2599.486212578687
2026-01-20 16:00:00,96329.64735287684,96573.33377858187,95669.3313114143,95899.59006036253,1944.35873168746
2026-01-20 18:00:00,95899.59006036253,95983.991912912,95030.99031772824,95030.99031772824,4923.608727120677
2026-01-20 20:00:00,95030.99031772824,95457.63880437627,95030.99031772824,95422.73203786265,5656.703764189771
2026-01-20 22:00:00,95422.73203786265,95654.16375345748,95416.40630799509,95539.88094937408,3293.374350041237
2026-01-21 00:00:00,95604.23506902471,95694.47332411686,94938.31557330347,95122.72134290516,3515.265388086932
2026-01-21 02:00:00,95122.72134290516,95193.59054026713,94959.98619146887,95115.29918601616,2875.791032435986
2026-01-21 04:00:00,95115.29918601616,95157.18557785153,95053.68456159541,95107.19282050633,3929.4573187929204
2026-01-21 06:00:00,95107.19282050633,95333.23803662596,94955.68059594359,94965.49249831557,3855.841115618765
2026-01-21 08:00:00,94965.49249831557,95000.09390240001,94935.63741161351,94946.86922126732,2311.2533655223924
2026-01-21 10:00:00,94946.86922126732,95010.13149873371,94646.83399915377,94743.15029639826,1651.78070453653
2026-01-21 12:00:00,94743.15029639826,94752.90384544867,94673.63215694494,94699.04665773884,4153.919664389392
2026-01-21 14:00:00,94699.04665773884,94732.60999022398,94552.88958820753,94631.00684099764,3161.4513609698283
2026-01-21 16:00:00,94631.00684099764,95252.03668132644,94565.96130998638,94952.86918418921,4224.5553743748005
2026-01-21 18:00:00,94952.86918418921,95178.52354076371,94662.78443803758,94695.7906428189,2048.5097048296648
2026-01-21 20:00:00,94695.7906428189,94976.17552867623,94579.42494202407,94890.53154691865,2915.610908205888
2026-01-21 22:00:00,94890.53154691865,95006.74175770626,94422.0730190557,94560.84850451225,2460.50609544926
2026-01-22 00:00:00,94403.20536483939,94555.54464644479,94378.55880262333,94449.08620763144,2892.438503992726
2026-01-22 02:00:00,94449.08620763144,94528.572773372,94445.47036817783,94524.63605485788,2334.3284335554536
2026-01-22 04:00:00,94524.63605485788,94611.76321818042,94378.55880262333,94440.47475772945,2841.2822056049504
2026-01-22 06:00:00,94440.47475772945,94629.93839091052,94378.55880262333,94629.93839091052,3557.039294920091
2026-01-22 08:00:00,94629.93839091052,94629.93839091052,94585.29190587587,94609.07911147033,3785.224017114534
2026-01-22 10:00:00,94609.07911147033,94636.00882246351,94592.8934637963,94636.00882246351,3746.7160029716542
2026-01-22 12:00:00,94636.00882246351,94642.93398262402,94594.64127199567,94642.93398262402,3866.973253329466
2026-01-22 14:00:00,94642.93398262402,94764.25308389476,94620.1610026427,94764.25308389476,3846.959747974094
2026-01-22 16:00:00,94764.25308389476,94764.25308389476,94727.19359665479,94745.34898716147,3832.647794810894
2026-01-22 18:00:00,94745.34898716147,94745.34898716147,94535.24185094936,94588.49920839886,1991.0030962563148
2026-01-22 20:00:00,94588.49920839886,94611.76321818042,94430.32044355954,94558.15155679248,2492.897832894109
2026-01-22 22:00:00,94558.15155679248,94611.76321818042,94447.15862105032,94590.67895733005,3672.069461869607
2026-01-23 00:00:00,94484.11983725679,94668.55626621145,93943.0681746532,94038.30829265245,2908.809193887005
2026-01-23 02:00:00,94038.30829265245,94455.16807035568,93869.58426297434,94310.87202822215,2928.2550200318515
2026-01-23 04:00:00,94310.87202822215,94568.78804406355,93464.05538198775,93641.69371045951,2297.0115767699226
2026-01-23 06:00:00,93641.69371045951,93697.48132680151,93640.26496336341,93689.41839883298,3558.6113661231807
2026-01-23 08:00:00,93689.41839883298,93787.90261691323,93342.99067133741,93425.10423301585,2462.6677137627926
2026-01-23 10:00:00,93425.10423301585,93554.26182120357,93342.99067133741,93545.52896929247,1949.9398754736706
2026-01-23 12:00:00,93545.52896929247,93876.4152442557,92611.99330814971,92611.99330814971,3915.1285172160965
2026-01-23 14:00:00,92611.99330814971,93551.334198484,92611.99330814971,93486.09543084494,2416.30502942338
2026-01-23 16:00:00,93486.09543084494,94263.14894664126,93342.99067133741,94073.76458546722,2101.0910762673284
2026-01-23 18:00:00,94073.76458546722,94153.65120999419,93890.64954484506,94143.49452114377,3571.967400086525
2026-01-23 20:00:00,94143.49452114377,94414.92188090233,93140.75733457213,93140.75733457213,5283.545507909835
2026-01-23 22:00:00,93140.75733457213,94280.32291370984,93140.75733457213,94151.93858395498,4211.446554987782
2026-01-24 00:00:00,94571.83181979085,94641.78359655026,94424.77582436534,94626.1223547059,11965.537313589515
2026-01-24 02:00:00,94626.1223547059,94656.25933811592,94609.82770147556,94628.44912661686,9878.537200259932
2026-01-24 04:00:00,94628.44912661686,94656.04628617196,93927.5990553436,94146.51470046658,4761.959920942908
2026-01-24 06:00:00,94146.51470046658,94202.53385634297,93958.7194243754,94002.42728537128,11271.784581680304
2026-01-24 08:00:00,94002.42728537128,94323.3111442176,92859.9609421095,93155.20151238755,9131.344301096025
2026-01-24 10:00:00,93155.20151238755,93280.55324214169,93084.10840067414,93151.11930425071,11588.179833584269
2026-01-24 12:00:00,93151.11930425071,93749.3234727417,92902.19724538093,93502.98589657013,10717.097212537796
2026-01-24 14:00:00,93502.98589657013,93596.23445470737,92789.86936227187,92983.32817392248,6631.440577395311
2026-01-24 16:00:00,92983.32817392248,93048.82407992984,92733.08093005259,92741.04598732358,13375.45151187763
2026-01-24 18:00:00,92741.04598732358,92802.9056502528,92724.38443510834,92780.48030111165,7196.155753359425
2026-01-24 20:00:00,92780.48030111165,92943.46067550064,91611.23498483,91710.3487935216,5296.245484919029
2026-01-24 22:00:00,91710.3487935216,92235.8157872199,91682.83871994671,92167.70056169305,4962.998867486179
2026-01-25 00:00:00,92171.20613468782,92299.28060097527,91787.13962919908,91811.04535315931,4040.643858365027
2026-01-25 02:00:00,91811.04535315931,91940.97663597084,91787.13962919908,91872.80569897307,3684.1231201605024
2026-01-25 04:00:00,91872.80569897307,91944.42410107359,91814.42801684875,91832.70236386744,6206.9444479510275
2026-01-25 06:00:00,91832.70236386744,91959.66213220415,91771.52251059347,91771.52251059347,5171.338986597746
2026-01-25 08:00:00,91771.52251059347,91844.4203276176,91592.64834879623,91592.64834879623,4608.486985218484
2026-01-25 10:00:00,91592.64834879623,91760.65519833034,91500.76046241994,91500.76046241994,4166.890976539783
2026-01-25 12:00:00,91500.76046241994,91772.13653412959,91355.1300164271,91355.1300164271,5111.223670980217
2026-01-25 14:00:00,91355.1300164271,91522.24157940104,91355.1300164271,91431.20537338688,3079.846190357078
2026-01-25 16:00:00,91431.20537338688,91442.26522473233,91373.78393840198,91373.78393840198,3783.6238551603165
2026-01-25 18:00:00,91373.78393840198,91594.83916697638,91373.78393840198,91538.95712284939,3818.1328179133448
2026-01-25 20:00:00,91538.95712284939,92071.2388981992,91538.95712284939,91824.72931132105,3873.203347942562
2026-01-25 22:00:00,91824.72931132105,91907.17713331143,91807.41121551118,91900.85272028776,5817.32828775815
2026-01-26 00:00:00,91891.50228879946,92316.48230161767,91823.49815100772,92311.97087999411,2611.0582441808565
2026-01-26 02:00:00,92311.97087999411,92786.66408203443,92181.87891445948,92615.30446601784,2447.617298312465
2026-01-26 04:00:00,92615.30446601784,93205.31025033287,92361.14656451969,93205.31025033287,3032.2268243328263
2026-01-26 06:00:00,93205.31025033287,93205.31025033287,91782.99350686328,92094.99638110738,1879.2229890481728
2026-01-26 08:00:00,92094.99638110738,92321.72978594454,90344.17493871682,90344.17493871682,2353.186360199057
2026-01-26 10:00:00,90344.17493871682,90600.16064136638,89940.82237614703,89940.82237614703,3045.2559710611895
2026-01-26 12:00:00,89940.82237614703,90105.92349774762,89940.82237614703,90040.2048412541,3492.870807755524
2026-01-26 14:00:00,90040.2048412541,92188.77799027272,90040.2048412541,91412.73868618341,2057.069097605407
2026-01-26 16:00:00,91412.73868618341,92234.47268797508,91412.73868618341,92121.17050619746,2255.0086354699224
2026-01-26 18:00:00,92121.17050619746,92143.42937101293,92009.89939754183,92043.94978719654,4350.801942114405
2026-01-26 20:00:00,92043.94978719654,92772.58529576646,91780.71411004869,92484.19921134762,3227.6116397541127
2026-01-26 22:00:00,92484.19921134762,92895.38891236439,92480.4311999364,92788.25497923748,3680.0517248141273
2026-01-27 00:00:00,92310.52792337327,92369.02288456359,92148.19831308734,92192.16365513408,3476.3970066604957
2026-01-27 02:00:00,92192.16365513408,92234.31107764739,91986.98129693668,92074.40715909332,3267.403024403344
2026-01-27 04:00:00,92074.40715909332,92223.9652731353,91847.04778297055,91916.37638296543,4217.213626151819
2026-01-27 06:00:00,91916.37638296543,92108.7026137505,91390.39106413364,91516.64934861497,3143.8510678951247
2026-01-27 08:00:00,91516.64934861497,91569.24944071172,91212.808064108,91212.808064108,5020.052867897495
2026-01-27 10:00:00,91212.808064108,91334.68954559289,91212.808064108,91309.72998536522,5915.4996641380485
2026-01-27 12:00:00,91309.72998536522,91460.708299755,91014.5976575542,91014.5976575542,5318.745259310476
2026-01-27 14:00:00,91014.5976575542,91294.38519875173,91014.5976575542,91154.0520883399,3258.1044509534954
2026-01-27 16:00:00,91154.0520883399,91188.54592262396,91051.61008312144,91051.61008312144,3783.5727388098494
2026-01-27 18:00:00,91051.61008312144,91166.49090537605,91051.61008312144,91091.00097788255,4001.323818517451
2026-01-27 20:00:00,91091.00097788255,91483.57670938509,91091.00097788255,91453.81671217119,3162.147070182632
2026-01-27 22:00:00,91453.81671217119,91564.84652018822,91390.39106413364,91498.48677271359,4040.726406671449
2026-01-28 00:00:00,91425.12929340411,91601.35952918275,91392.4281299709,91492.66413213276,2880.934516997089
2026-01-28 02:00:00,91492.66413213276,91610.29635174031,91412.52935681699,91541.35057699106,4603.066299068952
2026-01-28 04:00:00,91541.35057699106,91703.82440686555,91338.19589976927,91482.9941515267,7901.731321104827
2026-01-28 06:00:00,91482.9941515267,91599.22242001962,91459.81882542517,91514.70135601121,5898.433719816686
2026-01-28 08:00:00,91514.70135601121,91550.50667818265,91495.48551652355,91541.94139844156,5727.267905382279
2026-01-28 10:00:00,91541.94139844156,91654.00142206343,91309.80300866009,91379.11768717309,5434.572868594537
2026-01-28 12:00:00,91379.11768717309,91397.02244410593,91367.85693841749,91394.60163734654,4149.194561562484
2026-01-28 14:00:00,91394.60163734654,91461.63274312622,91327.08309248275,91399.8471560849,2790.6734361874023
2026-01-28 16:00:00,91399.8471560849,91652.47474837567,91310.95604166685,91410.87131861235,7097.295062511715
2026-01-28 18:00:00,91410.87131861235,91450.75729444544,91383.69503561372,91405.4920961505,7591.282520886013
2026-01-28 20:00:00,91405.4920961505,91421.66942404276,91371.02517948794,91404.60960224803,4821.153794179048
2026-01-28 22:00:00,91404.60960224803,91590.22642030554,91334.16088815143,91545.9072211996,5221.933856402571
2026-01-29 00:00:00,91528.60839837763,91600.80619500733,91352.92416785659,91416.77145875881,5008.592563034503
2026-01-29 02:00:00,91416.77145875881,91651.82330768627,91149.12978658306,91634.9569969212,3098.5357292512895
2026-01-29 04:00:00,91634.9569969212,91668.11089493483,91470.25084904593,91567.69460703997,3587.2403240746007
2026-01-29 06:00:00,91567.69460703997,91726.6197742229,91495.80713083853,91691.6632398847,5108.490655458357
2026-01-29 08:00:00,91691.6632398847,92228.59018508263,91528.3574054216,92001.4827281692,2121.499140510453
2026-01-29 10:00:00,92001.4827281692,92193.34541271903,91928.27629665838,92099.5383509611,5552.9240485994305
2026-01-29 12:00:00,92099.5383509611,92149.47404885342,91844.62651981137,92037.82634354351,4908.392861910176
2026-01-29 14:00:00,92037.82634354351,92108.3486424345,91650.43529186254,91919.47816998446,4751.92501110374
2026-01-29 16:00:00,91919.47816998446,91986.06550919412,91774.2588440576,91834.35448979131,2293.194604708109
2026-01-29 18:00:00,91834.35448979131,91940.95810327961,91281.33919870702,91556.4363657279,4090.4527863549524
2026-01-29 20:00:00,91556.4363657279,91625.11107259303,91208.40227182744,91359.63190966111,2538.410135592817
2026-01-29 22:00:00,91359.63190966111,91361.82453094277,91272.08706737879,91290.96066917201,2825.681825260106
2026-01-30 00:00:00,91465.217079386,91468.61585270395,90138.96871501666,90138.96871501666,4166.082478516339
2026-01-30 02:00:00,90138.96871501666,92093.94134299857,90138.96871501666,92022.10658030666,4397.918731176801
2026-01-30 04:00:00,92022.10658030666,93411.84998090725,91470.30467834411,93411.84998090725,4658.823733471393
2026-01-30 06:00:00,93411.84998090725,93411.84998090725,91919.19582880201,91977.75867030877,2377.921769882009
2026-01-30 08:00:00,91977.75867030877,92081.78175499718,88139.2543365551,88139.2543365551,2918.0184473970094
2026-01-30 10:00:00,88139.2543365551,88205.64301305852,87578.5268573424,87578.5268573424,3754.15953477208
2026-01-30 12:00:00,87578.5268573424,87765.89547309607,87578.5268573424,87699.59760301138,5294.005631980517
2026-01-30 14:00:00,87699.59760301138,87875.26394129671,87699.59760301138,87865.85974766393,2560.9040619921752
2026-01-30 16:00:00,87865.85974766393,88417.32499690728,86712.69945637736,86712.69945637736,5280.319005800049
2026-01-30 18:00:00,86712.69945637736,87097.14807905027,86712.69945637736,87014.60651817465,2476.206416147578
2026-01-30 20:00:00,87014.60651817465,91044.33591122353,87014.60651817465,90933.59414265573,2477.7332439304078
2026-01-30 22:00:00,90933.59414265573,90993.1139084549,90387.68883090404,90412.79070354384,3803.9886154577785
2026-01-31 00:00:00,90594.80589331462,90686.40146580964,90590.52615238409,90623.6787870565,4731.619489688821
2026-01-31 02:00:00,90623.6787870565,90638.86458963975,90610.08031257403,90617.09353723431,2578.9299288582783
2026-01-31 04:00:00,90617.09353723431,90776.86040150192,90480.56410846772,90614.7846504087,2610.50916625226
2026-01-31 06:00:00,90614.7846504087,90647.00034733147,90584.12141827715,90603.22023224148,5534.6735475676005
2026-01-31 08:00:00,90603.22023224148,90720.44237217653,90596.88684218796,90598.02811546283,3565.039605275336
2026-01-31 10:00:00,90598.02811546283,90639.97100148584,90579.94794495359,90613.39079355382,3869.745831348734
2026-01-31 12:00:00,90613.39079355382,90809.58300821214,90595.68446721575,90622.8161289937,4822.330972086676
2026-01-31 14:00:00,90622.8161289937,90695.16480911711,90574.50262810264,90642.69506806222,4639.3898356407135
2026-01-31 16:00:00,90642.69506806222,90759.1975379369,90441.93361046679,90648.38649928688,2265.239986297692
2026-01-31 18:00:00,90648.38649928688,90715.24607563556,90579.68261668074,90661.74147725514,5467.576735729326
2026-01-31 20:00:00,90661.74147725514,90669.8497780974,90656.84866312076,90665.80126331653,3838.2929156198124
2026-01-31 22:00:00,90665.80126331653,90708.52223110436,90630.68953832002,90658.89578530552,4718.583457146892
2026-02-01 00:00:00,90292.78711364216,90380.98047838193,90162.8418554346,90292.73683512537,7061.459925099288
2026-02-01 02:00:00,90292.73683512537,90306.6184788914,90282.61996901715,90293.1279397485,8450.381766767045
2026-02-01 04:00:00,90293.1279397485,90345.68814249434,90261.42448194198,90293.30027807323,5725.392381067097
2026-02-01 06:00:00,90293.30027807323,90328.84702767302,90241.81922019429,90293.97222202945,3121.6751727798787
2026-02-01 08:00:00,90293.97222202945,90403.96131074894,90216.41970999874,90294.41718300204,3794.2897795817917
2026-02-01 10:00:00,90294.41718300204,90310.94215055468,90181.88944756764,90295.21559540696,5763.43627000995
2026-02-01 12:00:00,90295.21559540696,90312.28181916279,90093.16359807522,90296.24650718123,4700.239759019905
2026-02-01 14:00:00,90296.24650718123,90300.44757245551,90295.46422594722,90295.79037596157,4122.100540577421
2026-02-01 16:00:00,90295.79037596157,90399.67667834299,90202.6002252765,90295.24012939824,7793.104624698708
2026-02-01 18:00:00,90295.24012939824,90350.62687775407,90238.44815777287,90294.94078719191,5905.896222382719
2026-02-01 20:00:00,90294.94078719191,90304.91916332857,90283.03019930601,90294.19646018428,5962.936111111238
2026-02-01 22:00:00,90294.19646018428,90354.66335201351,90266.10958259067,90294.04592157919,5006.549249485567
2026-02-02 00:00:00,90219.82645834425,90246.57056729337,90160.01630309774,90241.21862716343,4713.907184240971
2026-02-02 02:00:00,90241.21862716343,90325.76466836018,90201.17611486554,90280.0454102087,9386.360066921654
2026-02-02 04:00:00,90280.0454102087,90592.54769643492,90099.54598905523,90432.27148690252,4058.8445871588024
2026-02-02 06:00:00,90432.27148690252,90465.5574374756,90136.19732406805,90239.75277112743,4211.269454671913
2026-02-02 08:00:00,90239.75277112743,90291.64203844122,90108.20128288548,90202.65859885159,6396.841580670857
2026-02-02 10:00:00,90202.65859885159,90231.16827493382,90094.71501120579,90176.06876305737,7545.262402953131
2026-02-02 12:00:00,90176.06876305737,90256.22197354231,90168.51355319998,90204.74950781756,7975.828351120271
2026-02-02 14:00:00,90204.74950781756,90226.83424816428,90189.70056931044,90209.88363891027,5600.512886390527
2026-02-02 16:00:00,90209.88363891027,90250.24826726147,90149.87731438533,90168.69220794497,6410.842271771319
2026-02-02 18:00:00,90168.69220794497,90381.25942089717,90110.89324779797,90115.35627898765,9934.066597782743
2026-02-02 20:00:00,90115.35627898765,90164.6847221713,89905.31423710547,89999.50834294037,9521.697569957312
2026-02-02 22:00:00,89999.50834294037,90003.49558387291,89972.58060438946,89975.46994425669,8846.675806371184
2026-02-03 00:00:00,89989.54362354701,90010.94276279157,89520.7760276991,89618.24839059013,1940.9773030216074
2026-02-03 02:00:00,89618.24839059013,91949.3744828064,88883.41559642278,91949.3744828064,3776.4720854233433
2026-02-03 04:00:00,91949.3744828064,91949.3744828064,90848.07192772639,90862.38937761428,3332.9360779414747
2026-02-03 06:00:00,90862.38937761428,90862.38937761428,89134.42259814218,89702.00050563851,4820.219209654888
2026-02-03 08:00:00,89702.00050563851,89900.47272517472,89163.5205180397,89411.33355083813,2701.9763429695404
2026-02-03 10:00:00,89411.33355083813,89852.60382057363,87343.20673683369,87343.20673683369,4813.007817094331
2026-02-03 12:00:00,87343.20673683369,89780.24191052325,87343.20673683369,88952.40380100624,1691.3769580621358
2026-02-03 14:00:00,88952.40380100624,90753.18095393296,88883.41559642278,90753.18095393296,3323.15186101187
2026-02-03 16:00:00,90753.18095393296,90753.18095393296,90728.74475740732,90744.8933897426,1842.3033716496482
2026-02-03 18:00:00,90744.8933897426,92033.63289955514,90368.28259907321,92033.63289955514,3739.1562318139454
2026-02-03 20:00:00,92033.63289955514,92033.63289955514,88883.41559642278,89391.20255644119,1777.3265581096412
2026-02-03 22:00:00,89391.20255644119,90540.66725566301,89370.80276549036,90129.79216924714,3830.669850071991
2026-02-04 00:00:00,90451.00267929805,90562.4214522984,90071.4955458888,90071.4955458888,3354.9929738494957
2026-02-04 02:00:00,90071.4955458888,90177.7694022424,89976.00692437752,89976.00692437752,3102.1974630600353
2026-02-04 04:00:00,89976.00692437752,91242.89340986956,89976.00692437752,91242.89340986956,2728.2151135471363
2026-02-04 06:00:00,91242.89340986956,92336.64583470616,90991.67830305452,92336.64583470616,3608.519519353121
2026-02-04 08:00:00,92336.64583470616,92336.64583470616,92216.6160962979,92252.27095729597,2053.0457798331577
2026-02-04 10:00:00,92252.27095729597,92252.27095729597,91814.11010422633,92011.51870950554,2813.157275151631
2026-02-04 12:00:00,92011.51870950554,94153.66820375487,91562.0856187939,94153.66820375487,3393.769974855895
2026-02-04 14:00:00,94153.66820375487,94559.56332990671,94109.34955906346,94559.56332990671,4193.512091443671
2026-02-04 16:00:00,94559.56332990671,94559.56332990671,90813.76472842597,91769.21604991038,1537.8983579008523
2026-02-04 18:00:00,91769.21604991038,91769.21604991038,90131.159934087,90752.63522171287,4091.412528238872
2026-02-04 20:00:00,90752.63522171287,90752.63522171287,90516.20082819226,90558.51828430156,2405.143646211721
2026-02-04 22:00:00,90558.51828430156,90657.28849926172,90080.89502001606,90080.89502001606,4195.685144056093
2026-02-05 00:00:00,90170.03814183261,90176.91787215933,90097.1601908657,90137.71225240451,3785.637362110776
2026-02-05 02:00:00,90137.71225240451,90176.91787215933,89672.30132682252,89861.85432627886,4846.7773790236115
2026-02-05 04:00:00,89861.85432627886,89939.88421251801,89457.13352948701,89693.12339023694,3385.3745532889648
2026-02-05 06:00:00,89693.12339023694,89725.1835277518,89564.88159674132,89585.47316671997,2583.8347334747446
2026-02-05 08:00:00,89585.47316671997,89777.68437769653,89442.54246955994,89661.85750603079,3991.801893586809
2026-02-05 10:00:00,89661.85750603079,89671.23348913598,89442.54246955994,89460.74738304519,3412.9013504535765
2026-02-05 12:00:00,89460.74738304519,89590.4059835118,89442.54246955994,89531.12538690954,3589.4100724430546
2026-02-05 14:00:00,89531.12538690954,89633.12851285443,89440.90480715662,89440.90480715662,3746.916507334122
2026-02-05 16:00:00,89440.90480715662,89820.0929869207,89440.90480715662,89670.4980660683,4083.668706028023
2026-02-05 18:00:00,89670.4980660683,89714.79713951293,89578.6485505309,89618.93144749566,2996.3051469008146
2026-02-05 20:00:00,89618.93144749566,89783.79087098221,89403.41403075116,89403.41403075116,3452.703269053437
2026-02-05 22:00:00,89403.41403075116,89483.18110155904,89403.41403075116,89446.81983591843,4349.64738537106
2026-02-06 00:00:00,89400.167261204,89492.42816709718,89218.6795917839,89309.94762938112,2942.9258442352484
2026-02-06 02:00:00,89309.94762938112,89359.75233531016,89201.44767424517,89218.23007496771,2121.4510032303624
2026-02-06 04:00:00,89218.23007496771,89374.5659230892,89202.55718541768,89348.93927243553,2962.09825350766
2026-02-06 06:00:00,89348.93927243553,89547.50872944962,89252.91240650056,89445.84158798736,4439.721524322641
2026-02-06 08:00:00,89445.84158798736,89449.56340182298,88959.56549616394,88977.62182918315,4054.6487247138575
2026-02-06 10:00:00,88977.62182918315,89035.50116760551,88523.02179602042,88668.83595780224,4566.701066431852
2026-02-06 12:00:00,88668.83595780224,88829.53891192556,88663.49208022101,88777.02046811368,5743.786774021092
2026-02-06 14:00:00,88777.02046811368,89107.92298932411,88658.63144036251,88992.79581657886,5542.120459467052
2026-02-06 16:00:00,88992.79581657886,89137.45607862361,88869.94780762894,89129.44988766428,4234.613912965508
2026-02-06 18:00:00,89129.44988766428,89246.78901674786,88978.78772390263,89076.67156473204,5156.874313023417
2026-02-06 20:00:00,89076.67156473204,89150.58831372268,88698.07307057468,88875.72051500948,4385.739963450194
2026-02-06 22:00:00,88875.72051500948,88929.35314754343,88874.76914002135,88920.22982883219,3832.765626907309
2026-02-07 00:00:00,88958.149951513,89171.08639059936,88530.97708651317,88755.91556701566,9886.244997200625
2026-02-07 02:00:00,88755.91556701566,89045.33161101928,88239.51443249747,88361.60201982236,8000.071967747803
2026-02-07 04:00:00,88361.60201982236,88564.86326645693,88008.36629537928,88008.36629537928,15890.124337927671
2026-02-07 06:00:00,88008.36629537928,88031.78469901011,87875.2336647514,87875.2336647514,15743.190943374902
2026-02-07 08:00:00,87875.2336647514,87885.67678943813,87856.38263458812,87856.38263458812,8652.736250973987
2026-02-07 10:00:00,87856.38263458812,88188.00011385586,87856.38263458812,88084.55556203316,10654.685435162051
2026-02-07 12:00:00,88084.55556203316,88437.3230202539,88084.55556203316,88347.4529594092,17802.71031394799
2026-02-07 14:00:00,88347.4529594092,88681.21455233669,88165.49335607683,88288.01869457331,15119.323717919737
2026-02-07 16:00:00,88288.01869457331,88481.0073375699,88202.64711036763,88415.95581168272,14465.19712667989
2026-02-07 18:00:00,88415.95581168272,88457.30421074088,88352.421252626,88398.31617746271,14871.893471711575
2026-02-07 20:00:00,88398.31617746271,88624.7067288417,88203.2284293009,88387.03077222231,10707.187981946636
2026-02-07 22:00:00,88387.03077222231,88618.91311145813,88165.49335607683,88251.17646376143,8588.533757168992
2026-02-08 00:00:00,88773.6925551168,88865.44078537096,88692.64104561711,88782.50352709804,2280.161303931671
2026-02-08 02:00:00,88782.50352709804,88926.72157392268,88547.5286182102,88566.16974875049,3755.7537797845903
2026-02-08 04:00:00,88566.16974875049,88591.35986229099,88333.27973934663,88436.3314064921,4559.14501219585
2026-02-08 06:00:00,88436.3314064921,88761.08382201397,88403.59113253355,88664.2665021374,2543.1281530054084
2026-02-08 08:00:00,88664.2665021374,88708.40393487335,88453.65715260504,88570.09535882766,4699.143916226695
2026-02-08 10:00:00,88570.09535882766,88621.6317045883,88494.85983568091,88606.49617726816,2207.6002826639137
2026-02-08 12:00:00,88606.49617726816,88815.60929075145,88427.99063465926,88634.77836239812,2545.7002877642694
2026-02-08 14:00:00,88634.77836239812,88767.18626281603,88421.8636066461,88557.07202558384,3113.7608064235264
2026-02-08 16:00:00,88557.07202558384,88626.6497198945,88518.52390785256,88554.82061029748,4876.591848567975
2026-02-08 18:00:00,88554.82061029748,88648.44323526055,88300.16118942188,88387.37331299917,4759.169196888955
2026-02-08 20:00:00,88387.37331299917,88460.59709090118,88214.31732020206,88349.2562680516,3700.5297681646334
2026-02-08 22:00:00,88349.2562680516,88386.17600590253,88227.37680467569,88310.37754678412,5086.219120569062
2026-02-09 00:00:00,88142.32237835921,88453.02572515057,87961.76921515669,88280.54522645888,3807.522641773206
2026-02-09 02:00:00,88280.54522645888,88527.44176236776,88220.76573356727,88465.93362345026,3036.2553631171663
2026-02-09 04:00:00,88465.93362345026,88673.12937754816,88418.16788658596,88632.72718237259,4981.897181265931
2026-02-09 06:00:00,88632.72718237259,88698.86669019745,88172.68275894976,88340.3267358668,4257.295838737858
2026-02-09 08:00:00,88340.3267358668,88749.29703917906,88218.76324438707,88549.47530108724,4772.94708110731
2026-02-09 10:00:00,88549.47530108724,88800.72529929949,88448.23374893083,88492.3092481742,4670.24754724958
2026-02-09 12:00:00,88492.3092481742,88728.10191843669,88399.84554248543,88681.0940201044,2710.297323753681
2026-02-09 14:00:00,88681.0940201044,88740.87523137475,88644.49073095965,88668.11760112688,3120.85881807514
2026-02-09 16:00:00,88668.11760112688,88744.20525576507,88347.57513057381,88442.51744835923,2603.1634968967946
2026-02-09 18:00:00,88442.51744835923,88702.7180748757,88401.15680420831,88548.9879104061,5009.476102477125
2026-02-09 20:00:00,88548.9879104061,88589.16368666006,88488.28362007104,88502.67256701778,3923.390854002953
2026-02-09 22:00:00,88502.67256701778,88681.50702016625,88420.90871418972,88581.0334695097,3434.359703862641
2026-02-10 00:00:00,88652.90695393767,88859.12831666681,88586.18270291093,88830.30520550758,10730.588186559991
2026-02-10 02:00:00,88830.30520550758,90094.59019512568,85895.24412296864,85895.24412296864,6900.3103811213705
2026-02-10 04:00:00,85895.24412296864,86375.76040609703,84306.01055570686,84306.01055570686,6323.80486765022
2026-02-10 06:00:00,84306.01055570686,84348.92913524581,84282.00289888174,84282.00289888174,8596.676490630904
2026-02-10 08:00:00,84282.00289888174,84832.22408174575,84282.00289888174,84741.71188730648,4996.480948758147
2026-02-10 10:00:00,84741.71188730648,85211.45975874155,84741.71188730648,85140.18303070137,10785.305909558883
2026-02-10 12:00:00,85140.18303070137,87439.9584982224,85140.18303070137,86908.49264306056,6075.406611555563
2026-02-10 14:00:00,86908.49264306056,88036.96662805263,84500.62622170332,84500.62622170332,11063.51108098097
2026-02-10 16:00:00,84500.62622170332,85795.32093022481,84500.62622170332,85285.46339319913,8685.803495726923
2026-02-10 18:00:00,85285.46339319913,87925.80611143979,85285.46339319913,87290.24644783755,10626.79836471142
2026-02-10 20:00:00,87290.24644783755,89473.23908447815,87290.24644783755,88674.52439090528,4975.314330770389
2026-02-10 22:00:00,88674.52439090528,89908.81288879461,88566.45616526845,89505.71816545895,9489.503452282019
2026-02-11 00:00:00,89858.54148873869,90108.96596621578,89625.46008750633,90108.96596621578,2330.6563540233287
2026-02-11 02:00:00,90108.96596621578,90324.28251197294,90078.89096198052,90324.28251197294,2382.1562532337753
2026-02-11 04:00:00,90324.28251197294,90324.28251197294,89505.7192584435,89512.95602694499,2616.3838974522505
2026-02-11 06:00:00,89512.95602694499,89613.39781055164,89505.7192584435,89515.00121304113,3314.647645378345
2026-02-11 08:00:00,89515.00121304113,89784.93871390967,89505.7192584435,89734.82033573193,2932.990476455483
2026-02-11 10:00:00,89734.82033573193,89933.12741678645,88712.02882171232,88712.02882171232,2318.70006459421
2026-02-11 12:00:00,88712.02882171232,88719.96033959612,87809.68968895209,87809.68968895209,3107.492686812314
2026-02-11 14:00:00,87809.68968895209,87978.5773792324,87691.91464137792,87691.91464137792,1645.9834111599148
2026-02-11 16:00:00,87691.91464137792,88278.72962549489,87691.91464137792,88169.91650426072,2182.3586204524463
2026-02-11 18:00:00,88169.91650426072,88717.94635571208,88169.91650426072,88446.90274753886,2720.544791810047
2026-02-11 20:00:00,88446.90274753886,88557.98669221252,88446.90274753886,88487.92323054162,2847.749139509936
2026-02-11 22:00:00,88487.92323054162,89556.91914368527,88487.92323054162,89495.29993162537,2466.1110127791594
2026-02-12 00:00:00,89305.19925931375,89494.73685684607,89224.29399714901,89357.84668557637,4790.26802086654
2026-02-12 02:00:00,89357.84668557637,89412.4750246857,89319.57231512509,89361.56930542912,4923.395428320578
2026-02-12 04:00:00,89361.56930542912,89438.44842351605,89225.48166219096,89343.65013285699,2531.174298586793
2026-02-12 06:00:00,89343.65013285699,89346.16424797953,89251.43291128904,89307.3732286919,6395.023174433767
2026-02-12 08:00:00,89307.3732286919,89334.4510136471,89063.25213075746,89304.1154959697,4087.8049802612322
2026-02-12 10:00:00,89304.1154959697,89315.51349437784,89271.51538897074,89295.72839760095,2657.631887439738
2026-02-12 12:00:00,89295.72839760095,89332.42254591358,89294.39487406817,89324.40465076211,2353.094725897679
2026-02-12 14:00:00,89324.40465076211,89331.76379603782,89279.51730402496,89285.17570758617,4584.064706742174
2026-02-12 16:00:00,89285.17570758617,89293.22316170378,89245.28694947288,89256.77757222399,6031.902970333578
2026-02-12 18:00:00,89256.77757222399,89288.04393828253,89241.31137900095,89256.92755356613,6638.729599717637
2026-02-12 20:00:00,89256.92755356613,89355.4282053131,89195.45012290528,89265.30028636123,5427.007777161939
2026-02-12 22:00:00,89265.30028636123,89308.5296021361,89225.15001575618,89269.85021453044,4056.677864349552
2026-02-13 00:00:00,89256.36922099938,89507.80781076707,88179.99873063185,88179.99873063185,3443.344135015511
2026-02-13 02:00:00,88179.99873063185,88229.8233135104,88106.87011284729,88106.87011284729,3816.7670884837394
2026-02-13 04:00:00,88106.87011284729,88434.19640680608,88106.87011284729,88320.84861005742,3894.5806994228124
2026-02-13 06:00:00,88320.84861005742,88349.10372713677,87640.97190457559,87640.97190457559,3291.791232813778
2026-02-13 08:00:00,87640.97190457559,87727.7384781553,86858.26287270711,86858.26287270711,3343.012316665771
2026-02-13 10:00:00,86858.26287270711,87022.19900535769,86858.26287270711,86988.74180886871,5062.577723617582
2026-02-13 12:00:00,86988.74180886871,88293.95288892639,86988.74180886871,88044.89612588067,4911.585691298284
2026-02-13 14:00:00,88044.89612588067,88739.25519200094,88044.89612588067,88693.20398658894,2261.8558945591867
2026-02-13 16:00:00,88693.20398658894,88713.57261089384,88388.53694850096,88464.2787596565,2564.5956725606966
2026-02-13 18:00:00,88464.2787596565,88643.53119378525,88388.53694850096,88581.04437216578,4259.012445168445
2026-02-13 20:00:00,88581.04437216578,89877.28096268998,88487.40855203792,89555.43358511545,4874.238637515078
2026-02-13 22:00:00,89555.43358511545,89879.16692167941,88388.53694850096,88541.74286718892,3562.7547395047172
2026-02-14 00:00:00,88510.7942388003,88619.49623614017,88400.94209172088,88612.78945500687,8354.0334099757
2026-02-14 02:00:00,88612.78945500687,88619.49623614017,88506.40103474383,88506.6455811946,3464.818507070064
2026-02-14 04:00:00,88506.6455811946,88619.49623614017,88378.09690637585,88617.42768322221,3884.650578420329
2026-02-14 06:00:00,88617.42768322221,88619.49623614017,88491.86162770865,88519.86465015983,7487.69291521013
2026-02-14 08:00:00,88519.86465015983,88520.62457201997,88403.48786236538,88459.18791065895,6282.013806933595
2026-02-14 10:00:00,88459.18791065895,88534.419862444,88340.38122158755,88473.09229183005,8161.498715877735
2026-02-14 12:00:00,88473.09229183005,88619.49623614017,88222.4816685631,88254.83697577381,6965.376501932447
2026-02-14 14:00:00,88254.83697577381,88489.33123506853,88139.25450615735,88407.5027322121,4508.163349072874
2026-02-14 16:00:00,88407.5027322121,88432.53845789187,88264.6269327072,88270.42444985254,3280.3811335388027
2026-02-14 18:00:00,88270.42444985254,88302.96998259128,88081.98638237274,88207.62717580098,6612.013369785214
2026-02-14 20:00:00,88207.62717580098,88246.54745024325,87987.88667024989,88019.18696023781,6673.150496332226
2026-02-14 22:00:00,88019.18696023781,88070.71313291934,87748.67047458334,87761.67726341846,4715.698914604915
