date,equity,close,in_position,drawdown_pct
2020-01-01,100000.0,7195.153895430029,False,0.0
2020-01-02,100000.0,7193.7546679601,False,0.0
2020-01-03,100000.0,6963.853353983485,False,0.0
2020-01-04,100000.0,7300.34693530511,False,0.0
2020-01-05,100000.0,7351.377053166627,False,0.0
2020-01-06,100000.0,7349.972248050628,False,0.0
2020-01-07,100000.0,7734.675515785289,False,0.0
2020-01-08,100000.0,8147.415237636371,False,0.0
2020-01-09,100000.0,8045.789124592971,False,0.0
2020-01-10,100000.0,7832.795643840387,False,0.0
2020-01-11,100000.0,8180.513169803805,False,0.0
2020-01-12,100000.0,8012.085781814529,False,0.0
2020-01-13,100000.0,8171.401185320944,False,0.0
2020-01-14,100000.0,8110.647964503772,False,0.0
2020-01-15,100000.0,8801.871213137745,False,0.0
2020-01-16,100000.0,8820.85010599613,False,0.0
2020-01-17,100000.0,8720.91950137424,False,0.0
2020-01-18,100000.0,8902.568995225329,False,0.0
2020-01-19,100000.0,8906.902675151074,False,0.0
2020-01-20,100000.0,8690.380569544623,False,0.0
2020-01-21,100000.0,8631.253954333763,False,0.0
2020-01-22,100000.0,8724.818622931474,False,0.0
2020-01-23,100000.0,8665.436914096897,False,0.0
2020-01-24,100000.0,8415.956027335538,False,0.0
2020-01-25,100000.0,8432.096675789418,False,0.0
2020-01-26,100000.0,8348.665665079325,False,0.0
2020-01-27,100000.0,8595.728298493115,False,0.0
2020-01-28,100000.0,8879.335548714553,False,0.0
2020-01-29,100000.0,9320.805853868467,False,0.0
2020-01-30,100000.0,9276.893821086494,False,0.0
2020-01-31,100000.0,9509.80513557522,False,0.0
2020-02-01,100000.0,9308.060285564778,False,0.0
2020-02-02,100000.0,9363.22420680057,False,0.0
2020-02-03,100000.0,9338.416631939404,False,0.0
2020-02-04,100000.0,9308.91270229121,False,0.0
2020-02-05,100000.0,9179.95928107711,False,0.0
2020-02-06,100000.0,9592.18387389791,False,0.0
2020-02-07,100000.0,9744.636578159389,False,0.0
2020-02-08,100000.0,9799.448455824684,False,0.0
2020-02-09,100000.0,9890.701658194865,False,0.0
2020-02-10,100000.0,10148.379719131784,False,0.0
2020-02-11,100000.0,9890.121224019967,False,0.0
2020-02-12,100000.0,10226.925769215322,False,0.0
2020-02-13,100000.0,10328.897565836414,False,0.0
2020-02-14,100000.0,10221.260309201634,False,0.0
2020-02-15,100000.0,10320.157140513991,False,0.0
2020-02-16,100000.0,9894.136123789158,False,0.0
2020-02-17,100000.0,9943.673602578743,False,0.0
2020-02-18,100000.0,9723.605026422496,False,0.0
2020-02-19,100000.0,10133.817417084678,False,0.0
2020-02-20,100000.0,9618.409248250406,False,0.0
2020-02-21,100000.0,9608.16918128246,False,0.0
2020-02-22,100000.0,9673.011800270346,False,0.0
2020-02-23,100000.0,9658.606058375472,False,0.0
2020-02-24,100000.0,9946.716123467522,False,0.0
2020-02-25,100000.0,9670.9608064677,False,0.0
2020-02-26,100000.0,9345.342701734848,False,0.0
2020-02-27,100000.0,8801.657129472504,False,0.0
2020-02-28,100000.0,8781.175282202359,False,0.0
2020-02-29,100000.0,8717.331431359424,False,0.0
2020-03-01,100000.0,8552.989118581636,False,0.0
2020-03-02,100000.0,8567.802248679225,False,0.0
2020-03-03,100000.0,8905.876104262194,False,0.0
2020-03-04,100000.0,8756.718576742549,False,0.0
2020-03-05,100000.0,8758.646993191916,False,0.0
2020-03-06,100000.0,9038.870323233425,False,0.0
2020-03-07,100000.0,9135.84506603321,False,0.0
2020-03-08,100000.0,8902.20195010789,False,0.0
2020-03-09,100000.0,8041.365538071835,False,0.0
2020-03-10,100000.0,7921.33200691072,False,0.0
2020-03-11,100000.0,7906.731528510632,False,0.0
2020-03-12,100000.0,7935.522040170545,False,0.0
2020-03-13,100000.0,5142.990459018316,False,0.0
2020-03-14,100000.0,5542.819542373153,False,0.0
2020-03-15,100000.0,5214.189112383918,False,0.0
2020-03-16,100000.0,5397.93335743919,False,0.0
2020-03-17,100000.0,5032.501351487721,False,0.0
2020-03-18,100000.0,5389.41577503409,False,0.0
2020-03-19,100000.0,5376.280747845438,False,0.0
2020-03-20,100000.0,6170.200600237675,False,0.0
2020-03-21,100000.0,6195.603505257629,False,0.0
2020-03-22,100000.0,6145.770891252399,False,0.0
2020-03-23,100000.0,5859.647430299388,False,0.0
2020-03-24,100000.0,6456.347485963419,False,0.0
2020-03-25,100000.0,6730.173782371188,False,0.0
2020-03-26,100000.0,6695.900618397724,False,0.0
2020-03-27,100000.0,6765.56207892991,False,0.0
2020-03-28,100000.0,6397.826328325604,False,0.0
2020-03-29,100000.0,6255.000398693634,False,0.0
2020-03-30,100000.0,5915.337154791903,False,0.0
2020-03-31,100000.0,6403.141235565223,False,0.0
2020-04-01,100000.0,6421.70541388854,False,0.0
2020-04-02,100000.0,6640.797666310131,False,0.0
2020-04-03,100000.0,6807.897017890566,False,0.0
2020-04-04,100000.0,6732.852018394612,False,0.0
2020-04-05,100000.0,6859.424923721944,False,0.0
2020-04-06,100000.0,6788.048272605917,False,0.0
2020-04-07,100000.0,7297.635558289496,False,0.0
2020-04-08,100000.0,7196.782202442051,False,0.0
2020-04-09,100000.0,7342.291601148024,False,0.0
2020-04-10,100000.0,7294.488875121554,False,0.0
2020-04-11,100000.0,6864.694257006497,False,0.0
2020-04-12,100000.0,6878.781212589853,False,0.0
2020-04-13,100000.0,6913.158787469097,False,0.0
2020-04-14,100000.0,6857.538537511484,False,0.0
2020-04-15,100000.0,6860.17853570111,False,0.0
2020-04-16,100000.0,6629.431738031291,False,0.0
2020-04-17,100000.0,7059.92622475854,False,0.0
2020-04-18,100000.0,7035.261503989225,False,0.0
2020-04-19,100000.0,7242.5109294929825,False,0.0
2020-04-20,100000.0,7127.511949689152,False,0.0
2020-04-21,100000.0,6856.456278354705,False,0.0
2020-04-22,100000.0,6842.038597634602,False,0.0
2020-04-23,100000.0,7109.995291181778,False,0.0
2020-04-24,100000.0,7382.793144116689,False,0.0
2020-04-25,100000.0,7495.393587498606,False,0.0
2020-04-26,100000.0,7538.557687279841,False,0.0
2020-04-27,100000.0,7683.867415083342,False,0.0
2020-04-28,100000.0,7774.281554448049,False,0.0
2020-04-29,100000.0,7758.230255185947,False,0.0
2020-04-30,100000.0,8744.430287016561,False,0.0
2020-05-01,100000.0,8610.63580374089,False,0.0
2020-05-02,100000.0,8824.818413551968,False,0.0
2020-05-03,100000.0,8966.307014689282,False,0.0
2020-05-04,100000.0,8888.671912686868,False,0.0
2020-05-05,100000.0,8884.407813577056,False,0.0
2020-05-06,100000.0,9003.240557621584,False,0.0
2020-05-07,100000.0,9144.68703972007,False,0.0
2020-05-08,100000.0,9959.166416261767,False,0.0
2020-05-09,100000.0,9821.81131529702,False,0.0
2020-05-10,100000.0,9566.777187205966,False,0.0
2020-05-11,100000.0,8752.617087745832,False,0.0
2020-05-12,100000.0,8604.75159101983,False,0.0
2020-05-13,100000.0,8788.466749414652,False,0.0
2020-05-14,100000.0,9283.08601265873,False,0.0
2020-05-15,100000.0,9796.494527024528,False,0.0
2020-05-16,100000.0,9309.29535940684,False,0.0
2020-05-17,100000.0,9375.29710843331,False,0.0
2020-05-18,100000.0,9666.32719340344,False,0.0
2020-05-19,100000.0,9708.439858793108,False,0.0
2020-05-20,100000.0,9760.198937162191,False,0.0
2020-05-21,100000.0,9526.50759300584,False,0.0
2020-05-22,100000.0,9059.962506871729,False,0.0
2020-05-23,100000.0,9131.767275081991,False,0.0
2020-05-24,100000.0,9170.361063506129,False,0.0
2020-05-25,100000.0,8731.848525870651,False,0.0
2020-05-26,100000.0,8883.691769863415,False,0.0
2020-05-27,100000.0,8839.130663273247,False,0.0
2020-05-28,100000.0,9174.118563996424,False,0.0
2020-05-29,100000.0,9546.04563503715,False,0.0
2020-05-30,100000.0,9427.120373393418,False,0.0
2020-05-31,100000.0,9662.70587254818,False,0.0
2020-06-01,100000.0,9466.961781429516,False,0.0
2020-06-02,100000.0,10167.93069332851,False,0.0
2020-06-03,100000.0,9515.243858655718,False,0.0
2020-06-04,100000.0,9645.227869360308,False,0.0
2020-06-05,100000.0,9776.20299178848,False,0.0
2020-06-06,100000.0,9636.965527050055,False,0.0
2020-06-07,100000.0,9662.85870900224,False,0.0
2020-06-08,100000.0,9738.603356828591,False,0.0
2020-06-09,100000.0,9773.02951309516,False,0.0
2020-06-10,100000.0,9767.00531665552,False,0.0
2020-06-11,100000.0,9874.898681832236,False,0.0
2020-06-12,100000.0,9325.996856202635,False,0.0
2020-06-13,100000.0,9469.533297509908,False,0.0
2020-06-14,100000.0,9469.473456163696,False,0.0
2020-06-15,100000.0,9345.960907722065,False,0.0
2020-06-16,100000.0,9431.719262201745,False,0.0
2020-06-17,100000.0,9524.92661691022,False,0.0
2020-06-18,100000.0,9463.361414311788,False,0.0
2020-06-19,100000.0,9399.767217129216,False,0.0
2020-06-20,100000.0,9312.780104497786,False,0.0
2020-06-21,100000.0,9360.247968201687,False,0.0
2020-06-22,100000.0,9298.360829121417,False,0.0
2020-06-23,100000.0,9678.683208975835,False,0.0
2020-06-24,100000.0,9624.684291831398,False,0.0
2020-06-25,100000.0,9288.061774486938,False,0.0
2020-06-26,100000.0,9258.667161007706,False,0.0
2020-06-27,100000.0,9166.486360416233,False,0.0
2020-06-28,100000.0,9013.90556467614,False,0.0
2020-06-29,100000.0,9139.903276297824,False,0.0
2020-06-30,100000.0,9185.166540651147,False,0.0
2020-07-01,100000.0,9149.721996758017,False,0.0
2020-07-02,100000.0,9230.672998590804,False,0.0
2020-07-03,100000.0,9094.318072166903,False,0.0
2020-07-04,100000.0,9071.3850427828,False,0.0
2020-07-05,100000.0,9132.908369533492,False,0.0
2020-07-06,100000.0,9087.407312582163,False,0.0
2020-07-07,100000.0,9342.376492626678,False,0.0
2020-07-08,100000.0,9253.630980242331,False,0.0
2020-07-09,100000.0,9432.17251582794,False,0.0
2020-07-10,100000.0,9235.716302064242,False,0.0
2020-07-11,100000.0,9282.913638839902,False,0.0
2020-07-12,100000.0,9234.314674712628,False,0.0
2020-07-13,100000.0,9297.479635872663,False,0.0
2020-07-14,100000.0,9240.76251972468,False,0.0
2020-07-15,100000.0,9247.060695963812,False,0.0
2020-07-16,100000.0,9203.3714351797,False,0.0
2020-07-17,100000.0,9136.483376363976,False,0.0
2020-07-18,100000.0,9156.276583115488,False,0.0
2020-07-19,100000.0,9168.402736564132,False,0.0
2020-07-20,100000.0,9202.615839500108,False,0.0
2020-07-21,100000.0,9163.159654576915,False,0.0
2020-07-22,100000.0,9384.379751903269,False,0.0
2020-07-23,100000.0,9514.304987626969,False,0.0
2020-07-24,100000.0,9589.81771944117,False,0.0
2020-07-25,100000.0,9535.93879573746,False,0.0
2020-07-26,100000.0,9691.825138917147,False,0.0
2020-07-27,100000.0,9925.751397476346,False,0.0
2020-07-28,100000.0,10962.258481207356,False,0.0
2020-07-29,100000.0,10904.916526918994,False,0.0
2020-07-30,100000.0,11093.612240442404,False,0.0
2020-07-31,100000.0,11116.307163685276,False,0.0
2020-08-01,100000.0,11325.5515272739,False,0.0
2020-08-02,100000.0,11812.094307268517,False,0.0
2020-08-03,100000.0,11066.306240590267,False,0.0
2020-08-04,100000.0,11230.907762749295,False,0.0
2020-08-05,100000.0,11181.917508034883,False,0.0
2020-08-06,100000.0,11719.26352395155,False,0.0
2020-08-07,100000.0,11768.127742240007,False,0.0
2020-08-08,100000.0,11571.487980683192,False,0.0
2020-08-09,100000.0,11739.131006414418,False,0.0
2020-08-10,100000.0,11682.85146915494,False,0.0
2020-08-11,100000.0,11862.938012702563,False,0.0
2020-08-12,100000.0,11398.671060896631,False,0.0
2020-08-13,100000.0,11579.867951602137,False,0.0
2020-08-14,100000.0,11817.164038803396,False,0.0
2020-08-15,100000.0,11777.391322489924,False,0.0
2020-08-16,100000.0,11864.905810156475,False,0.0
2020-08-17,100000.0,11901.77648830246,False,0.0
2020-08-18,100000.0,12272.465808160425,False,0.0
2020-08-19,100000.0,11949.610970628191,False,0.0
2020-08-20,100000.0,11733.278970862082,False,0.0
2020-08-21,100000.0,11861.83657727968,False,0.0
2020-08-22,100000.0,11515.124298729215,False,0.0
2020-08-23,100000.0,11676.385305081289,False,0.0
2020-08-24,100000.0,11647.928120934364,False,0.0
2020-08-25,100000.0,11758.828120368864,False,0.0
2020-08-26,100000.0,11350.753473213,False,0.0
2020-08-27,100000.0,11465.002564032086,False,0.0
2020-08-28,100000.0,11300.398363810944,False,0.0
2020-08-29,100000.0,11519.118388160729,False,0.0
2020-08-30,100000.0,11481.481823317012,False,0.0
2020-08-31,100000.0,11701.004008657852,False,0.0
2020-09-01,100000.0,11672.324104943627,False,0.0
2020-09-02,100000.0,11895.225345345636,False,0.0
2020-09-03,100000.0,11418.254756916149,False,0.0
2020-09-04,100000.0,10197.459822768922,False,0.0
2020-09-05,100000.0,10484.470392265588,False,0.0
2020-09-06,100000.0,10177.789718049991,False,0.0
2020-09-07,100000.0,10260.0177277544,False,0.0
2020-09-08,100000.0,10359.44521698998,False,0.0
2020-09-09,100000.0,10125.014956069688,False,0.0
2020-09-10,100000.0,10230.154699360752,False,0.0
2020-09-11,100000.0,10342.15939120568,False,0.0
2020-09-12,100000.0,10378.223044584596,False,0.0
2020-09-13,100000.0,10439.38467226404,False,0.0
2020-09-14,100000.0,10328.866065987391,False,0.0
2020-09-15,100000.0,10661.096235144483,False,0.0
2020-09-16,100000.0,10787.58020807624,False,0.0
2020-09-17,100000.0,10952.2499691071,False,0.0
2020-09-18,100000.0,10937.996396960929,False,0.0
2020-09-19,100000.0,10927.150310293277,False,0.0
2020-09-20,100000.0,11083.99836119821,False,0.0
2020-09-21,100000.0,10923.32666818137,False,0.0
2020-09-22,100000.0,10439.522488792423,False,0.0
2020-09-23,100000.0,10527.58784673943,False,0.0
2020-09-24,100000.0,10223.784106392732,False,0.0
2020-09-25,100000.0,10726.530083321984,False,0.0
2020-09-26,100000.0,10681.9938481137,False,0.0
2020-09-27,100000.0,10743.19287975935,False,0.0
2020-09-28,100000.0,10765.300521660893,False,0.0
2020-09-29,100000.0,10672.02854425897,False,0.0
2020-09-30,100000.0,10837.516586513004,False,0.0
2020-10-01,100000.0,10770.881347466417,False,0.0
2020-10-02,100000.0,10627.97606396318,False,0.0
2020-10-03,100000.0,10572.674843011133,False,0.0
2020-10-04,100000.0,10546.65625537982,False,0.0
2020-10-05,100000.0,10670.700811335208,False,0.0
2020-10-06,100000.0,10784.94940309411,False,0.0
2020-10-07,100000.0,10605.95779130622,False,0.0
2020-10-08,100000.0,10668.011010796896,False,0.0
2020-10-09,100000.0,10888.666546835811,False,0.0
2020-10-10,100000.0,11063.2523862591,False,0.0
2020-10-11,100000.0,11286.541942043945,False,0.0
2020-10-12,100000.0,11377.814876756858,False,0.0
2020-10-13,100000.0,11543.183760771468,False,0.0
2020-10-14,100000.0,11426.105544220429,False,0.0
2020-10-15,100000.0,11435.57243757972,False,0.0
2020-10-16,100000.0,11495.584995733889,False,0.0
2020-10-17,100000.0,11319.097785677624,False,0.0
2020-10-18,100000.0,11365.814131026178,False,0.0
2020-10-19,100000.0,11495.899975689872,False,0.0
2020-10-20,100000.0,11752.146863919786,False,0.0
2020-10-21,100000.0,11908.708923246451,False,0.0
2020-10-22,100000.0,12806.435726727444,False,0.0
2020-10-23,100000.0,12951.044060038126,False,0.0
2020-10-24,100000.0,12928.072296348406,False,0.0
2020-10-25,100000.0,13106.04601925958,False,0.0
2020-10-26,100000.0,13021.410842124118,False,0.0
2020-10-27,100000.0,13060.79221208406,False,0.0
2020-10-28,100000.0,13655.18541588308,False,0.0
2020-10-29,100000.0,13282.999348292438,False,0.0
2020-10-30,100000.0,13441.878496031612,False,0.0
2020-10-31,100000.0,13537.174271524887,False,0.0
2020-11-01,100000.0,13778.637638352931,False,0.0
2020-11-02,100000.0,13720.361465146289,False,0.0
2020-11-03,100000.0,13558.361795524168,False,0.0
2020-11-04,100000.0,13989.976358180447,False,0.0
2020-11-05,100000.0,14101.716050813722,False,0.0
2020-11-06,100000.0,15553.331701081444,False,0.0
2020-11-07,100000.0,15548.312145063144,False,0.0
2020-11-08,100000.0,14818.45891122149,False,0.0
2020-11-09,100000.0,15496.316149147417,False,0.0
2020-11-10,100000.0,15335.342198178862,False,0.0
2020-11-11,100000.0,15278.70965979927,False,0.0
2020-11-12,100000.0,15686.905986213233,False,0.0
2020-11-13,100000.0,16265.149252483356,False,0.0
2020-11-14,100000.0,16326.81487507908,False,0.0
2020-11-15,100000.0,16095.561510630652,False,0.0
2020-11-16,100000.0,15984.673784156614,False,0.0
2020-11-17,100000.0,16714.40386322188,False,0.0
2020-11-18,100000.0,17651.82042768171,False,0.0
2020-11-19,100000.0,17829.934958345126,False,0.0
2020-11-20,100000.0,17819.75743096837,False,0.0
2020-11-21,100000.0,18628.8134890362,False,0.0
2020-11-22,100000.0,18689.52865582585,False,0.0
2020-11-23,100000.0,18390.61184379203,False,0.0
2020-11-24,100000.0,18360.693300385865,False,0.0
2020-11-25,100000.0,19091.524181728702,False,0.0
2020-11-26,100000.0,18753.288921684914,False,0.0
2020-11-27,100000.0,17138.029512395206,False,0.0
2020-11-28,100000.0,17140.27555252362,False,0.0
2020-11-29,100000.0,17718.972832629497,False,0.0
2020-11-30,100000.0,18169.95420978285,False,0.0
2020-12-01,100000.0,19609.52143957559,False,0.0
2020-12-02,100000.0,18857.417371118165,False,0.0
2020-12-03,100000.0,19208.398191994624,False,0.0
2020-12-04,100000.0,19435.20484740911,False,0.0
2020-12-05,100000.0,18711.226549886927,False,0.0
2020-12-06,100000.0,19139.111575237486,False,0.0
2020-12-07,100000.0,19325.55411859109,False,0.0
2020-12-08,100000.0,19198.806493935343,False,0.0
2020-12-09,100000.0,18336.514581297808,False,0.0
2020-12-10,100000.0,18564.986455688137,False,0.0
2020-12-11,100000.0,18262.058384653155,False,0.0
2020-12-12,100000.0,18058.027339569555,False,0.0
2020-12-13,100000.0,18807.09540322016,False,0.0
2020-12-14,100000.0,19151.13442340493,False,0.0
2020-12-15,100000.0,19259.97047153096,False,0.0
2020-12-16,100000.0,19432.362456862407,False,0.0
2020-12-17,100000.0,21317.66213678684,False,0.0
2020-12-18,100000.0,22805.65580598891,False,0.0
2020-12-19,100000.0,23120.57055156752,False,0.0
2020-12-20,100000.0,23863.85484171969,False,0.0
2020-12-21,100000.0,23518.31842054723,False,0.0
2020-12-22,100000.0,22840.991707188357,False,0.0
2020-12-23,100000.0,23794.79330262859,False,0.0
2020-12-24,100000.0,23308.12723217715,False,0.0
2020-12-25,100000.0,23760.28704854296,False,0.0
2020-12-26,100000.0,24671.10771441541,False,0.0
2020-12-27,100000.0,26476.13013701949,False,0.0
2020-12-28,100000.0,26423.22879190229,False,0.0
2020-12-29,100000.0,27125.384120651503,False,0.0
2020-12-30,100000.0,27424.538954606684,False,0.0
2020-12-31,100000.0,28837.28852895899,False,0.0
2021-01-01,100000.0,29022.41839530417,False,0.0
2021-01-02,100000.0,29352.12679194895,False,0.0
2021-01-03,100000.0,32163.82493533521,False,0.0
2021-01-04,100000.0,33008.226203489285,False,0.0
2021-01-05,100000.0,31515.575966658354,False,0.0
2021-01-06,100000.0,34082.20604904424,False,0.0
2021-01-07,100000.0,36933.520137309126,False,0.0
2021-01-08,100000.0,39547.08408135567,False,0.0
2021-01-09,100000.0,40815.96185478254,False,0.0
2021-01-10,100000.0,40296.5290038294,False,0.0
2021-01-11,100000.0,38397.895985418174,False,0.0
2021-01-12,100000.0,35669.90668663349,False,0.0
2021-01-13,100000.0,33938.33587810088,False,0.0
2021-01-14,100000.0,37456.00772548642,False,0.0
2021-01-15,100000.0,39232.74997140346,False,0.0
2021-01-16,100000.0,36787.52121668496,False,0.0
2021-01-17,100000.0,36254.713079410845,False,0.0
2021-01-18,100000.0,35804.263885674685,False,0.0
2021-01-19,100000.0,36595.4647692826,False,0.0
2021-01-20,100000.0,36104.86385775514,False,0.0
2021-01-21,100000.0,35587.489202735545,False,0.0
2021-01-22,100000.0,30913.695736053804,False,0.0
2021-01-23,100000.0,32957.908782655926,False,0.0
2021-01-24,100000.0,32068.08737440817,False,0.0
2021-01-25,100000.0,32273.51735032927,False,0.0
2021-01-26,100000.0,32375.320062981456,False,0.0
2021-01-27,100000.0,32582.10944502123,False,0.0
2021-01-28,100000.0,30445.52586511351,False,0.0
2021-01-29,100000.0,33128.34752861149,False,0.0
2021-01-30,100000.0,34150.81876737221,False,0.0
2021-01-31,100000.0,34199.51981036302,False,0.0
2021-02-01,100000.0,33064.78676701507,False,0.0
2021-02-02,100000.0,33405.99035714327,False,0.0
2021-02-03,100000.0,35485.98593382442,False,0.0
2021-02-04,100000.0,37494.71762460426,False,0.0
2021-02-05,100000.0,36816.50808203406,False,0.0
2021-02-06,100000.0,38007.83222908396,False,0.0
2021-02-07,100000.0,39279.41286897885,False,0.0
2021-02-08,100000.0,38833.34026455532,False,0.0
2021-02-09,99990.89,46307.57412159395,True,0.01
2021-02-10,99939.67,46569.56483,True,0.06
2021-02-11,100287.01,44848.69344950499,True,-0.29
2021-02-12,99703.72,47815.96175554316,True,0.3
2021-02-13,99778.42,47414.1862550079,True,0.22
2021-02-14,99867.99,46941.29208582354,True,0.13
2021-02-15,99560.08,48607.8745224845,True,0.44
2021-02-16,99688.53,47898.487027633135,True,0.31
2021-02-17,99449.07,49238.13690672487,True,0.55
2021-02-18,99194.36,52143.6788446198,False,0.81
2021-02-19,99194.36,51733.075539032034,False,0.81
2021-02-20,99194.36,56038.72775892988,False,0.81
2021-02-21,99194.36,56377.63347790987,False,0.81
2021-02-22,99194.36,57669.3035269179,False,0.81
2021-02-23,99194.36,54410.85629451601,False,0.81
2021-02-24,99194.36,48691.894831704405,False,0.81
2021-02-25,99194.36,49849.37871358314,False,0.81
2021-02-26,99194.36,46992.665450048495,False,0.81
2021-02-27,99194.36,46551.48747675472,False,0.81
2021-02-28,99194.36,46653.52639939581,False,0.81
2021-03-01,99194.36,44970.163459946736,False,0.81
2021-03-02,99194.36,49787.33995949672,False,0.81
2021-03-03,99194.36,48532.23678981703,False,0.81
2021-03-04,99194.36,50577.45746915202,False,0.81
2021-03-05,99194.36,48727.45120080115,False,0.81
2021-03-06,99194.36,49091.81488232977,False,0.81
2021-03-07,99194.36,49019.36859236582,False,0.81
2021-03-08,99194.36,51313.09262027362,False,0.81
2021-03-09,99194.36,52328.5359126325,False,0.81
2021-03-10,99194.36,54700.27343927744,False,0.81
2021-03-11,99194.36,56020.4877195857,False,0.81
2021-03-12,99194.36,57788.86810329514,False,0.81
2021-03-13,99194.36,57353.86147197248,False,0.81
2021-03-14,99184.48,61315.197932766816,True,0.82
2021-03-15,99497.54,59428.96756602776,True,0.5
2021-03-16,100158.33,55805.32924923426,True,-0.16
2021-03-17,99962.89,56830.253335076224,True,0.04
2021-03-18,99568.94,59014.92563205099,True,0.43
2021-03-19,99762.23,57922.40959262911,True,0.24
2021-03-20,99704.71,58243.27060892363,True,0.3
2021-03-21,99681.07,58376.15847137206,True,0.32
2021-03-22,99825.5,57573.539344778685,True,0.17
2021-03-23,100433.29,54370.13755789519,False,0.0
2021-03-24,100433.29,54584.86994699455,False,0.0
2021-03-25,100433.29,52526.86659704657,False,0.0
2021-03-26,100433.29,51416.90830498005,False,0.0
2021-03-27,100433.29,55033.10048044704,False,0.0
2021-03-28,100433.29,55832.41810961832,False,0.0
2021-03-29,100433.29,55728.10132780653,False,0.0
2021-03-30,100433.29,57634.92869447539,False,0.0
2021-03-31,100433.29,58668.628336761,False,0.0
2021-04-01,100433.29,58817.3738884188,False,0.0
2021-04-02,100433.29,58801.194843878126,False,0.0
2021-04-03,100433.29,59060.02678333801,False,0.0
2021-04-04,100433.29,57060.40665471088,False,0.0
2021-04-05,100433.29,58228.8026234662,False,0.0
2021-04-06,100433.29,58706.81559311396,False,0.0
2021-04-07,100433.29,58062.17872433649,False,0.0
2021-04-08,100433.29,56134.41738866435,False,0.0
2021-04-09,100433.29,58065.64402481532,False,0.0
2021-04-10,100433.29,58152.99326214184,False,0.0
2021-04-11,100433.29,59979.39281571831,False,0.0
2021-04-12,100433.29,59988.02095852983,False,0.0
2021-04-13,100433.29,59911.02059484732,False,0.0
2021-04-14,100433.29,63576.67604104828,False,0.0
2021-04-15,100433.29,62807.12323259299,False,0.0
2021-04-16,100433.29,63179.772446084695,False,0.0
2021-04-17,100433.29,61497.2995694412,False,0.0
2021-04-18,100433.29,60273.86667694734,False,0.0
2021-04-19,100433.29,56288.94534001195,False,0.0
2021-04-20,100433.29,55721.166052695626,False,0.0
2021-04-21,100433.29,56294.728558586925,False,0.0
2021-04-22,100433.29,54190.07026283405,False,0.0
2021-04-23,100433.29,51965.5664304852,False,0.0
2021-04-24,100433.29,51191.1246964079,False,0.0
2021-04-25,100433.29,50133.1073963654,False,0.0
2021-04-26,100433.29,48981.4413932161,False,0.0
2021-04-27,100433.29,53978.80554728962,False,0.0
2021-04-28,100433.29,54991.81484262107,False,0.0
2021-04-29,100433.29,54810.6138506792,False,0.0
2021-04-30,100433.29,53596.70402266675,False,0.0
2021-05-01,100433.29,57828.511814425874,False,0.0
2021-05-02,100433.29,57812.96915967891,False,0.0
2021-05-03,100433.29,56600.74528738432,False,0.0
2021-05-04,100433.29,57200.30029871162,False,0.0
2021-05-05,100433.29,53464.37021950372,False,0.0
2021-05-06,100433.29,57432.100227087576,False,0.0
2021-05-07,100433.29,56507.7594398696,False,0.0
2021-05-08,100433.29,57361.56904328887,False,0.0
2021-05-09,100433.29,58771.88168950936,False,0.0
2021-05-10,100433.29,58213.92629374439,False,0.0
2021-05-11,100433.29,55901.66759456145,False,0.0
2021-05-12,100433.29,56928.97235660158,False,0.0
2021-05-13,100433.29,50004.76218313686,False,0.0
2021-05-14,100433.29,49972.79539837245,False,0.0
2021-05-15,100433.29,49913.26314398822,False,0.0
2021-05-16,100433.29,46780.90230468821,False,0.0
2021-05-17,100433.29,46585.06413538846,False,0.0
2021-05-18,100418.12,43780.82559782485,True,0.02
2021-05-19,100179.2,43091.04144756922,True,0.25
2021-05-20,98660.4,37287.39140242737,True,1.77
2021-05-21,99675.32,40437.73009625558,True,0.75
2021-05-22,98677.23,37339.63420134628,True,1.75
2021-05-23,98735.44,37520.31767547438,True,1.69
2021-05-24,97916.25,34977.527801962424,True,2.51
2021-05-25,99096.95,38642.4422973396,True,1.33
2021-05-26,98957.89,38210.80521759389,True,1.47
2021-05-27,99343.24,39406.934244116186,True,1.09
2021-05-28,99097.09,38642.89555434217,True,1.33
2021-05-29,98152.3,35710.220936529884,True,2.27
2021-05-30,97839.82,34775.07941347281,False,2.58
2021-05-31,97839.82,35714.75202018067,False,2.58
2021-06-01,97839.82,37340.6792659422,False,2.58
2021-06-02,97839.82,36680.06820180283,False,2.58
2021-06-03,97839.82,37685.71798174826,False,2.58
2021-06-04,97839.82,39151.31618380032,False,2.58
2021-06-05,97839.82,36938.72031139185,False,2.58
2021-06-06,97839.82,35546.98596483364,False,2.58
2021-06-07,97839.82,35834.4744744042,False,2.58
2021-06-08,97839.82,33451.38340714534,False,2.58
2021-06-09,97839.82,33557.15068309184,False,2.58
2021-06-10,97839.82,37553.64375851888,False,2.58
2021-06-11,97839.82,36903.304906778896,False,2.58
2021-06-12,97839.82,37289.43252210222,False,2.58
2021-06-13,97839.82,35666.14977877309,False,2.58
2021-06-14,97839.82,39147.70567879997,False,2.58
2021-06-15,97839.82,40624.51305316154,False,2.58
2021-06-16,97839.82,40378.20254971114,False,2.58
2021-06-17,97839.82,38321.454656574206,False,2.58
2021-06-18,97839.82,38193.61914194397,False,2.58
2021-06-19,97839.82,35881.11137137543,False,2.58
2021-06-20,97839.82,35581.64226773201,False,2.58
2021-06-21,97839.82,35787.07740523232,False,2.58
2021-06-22,97839.82,31711.93546772701,False,2.58
2021-06-23,97839.82,32507.738707026845,False,2.58
2021-06-24,97839.82,33702.61779371396,False,2.58
2021-06-25,97839.82,34675.44910530336,False,2.58
2021-06-26,97839.82,31943.136467863093,False,2.58
2021-06-27,97839.82,32023.97390177492,False,2.58
2021-06-28,97839.82,34607.293274083386,False,2.58
2021-06-29,97839.82,34556.8421269449,False,2.58
2021-06-30,97839.82,35968.993667970346,False,2.58
2021-07-01,97839.82,35171.486304850056,False,2.58
2021-07-02,97839.82,33677.566235922626,False,2.58
2021-07-03,97839.82,33950.786555181,False,2.58
2021-07-04,97839.82,34729.89077801021,False,2.58
2021-07-05,97839.82,35394.213074080915,False,2.58
2021-07-06,97839.82,33928.13421837147,False,2.58
2021-07-07,97839.82,34149.98981477412,False,2.58
2021-07-08,97839.82,33932.25463831538,False,2.58
2021-07-09,97839.82,32933.578199292395,False,2.58
2021-07-10,97839.82,33971.29774975796,False,2.58
2021-07-11,97839.82,33704.53847440508,False,2.58
2021-07-12,97839.82,34299.938016517444,False,2.58
2021-07-13,97839.82,33262.6543524462,False,2.58
2021-07-14,97839.82,32676.38380096018,False,2.58
2021-07-15,97839.82,32878.50187357147,False,2.58
2021-07-16,97839.82,31726.038833909817,False,2.58
2021-07-17,97839.82,31399.653128682126,False,2.58
2021-07-18,97839.82,31588.6713510167,False,2.58
2021-07-19,97839.82,31919.393922554555,False,2.58
2021-07-20,97839.82,30928.211908849244,False,2.58
2021-07-21,97839.82,29971.903783612062,False,2.58
2021-07-22,97839.82,32383.78112696872,False,2.58
2021-07-23,97839.82,32409.499767175417,False,2.58
2021-07-24,97839.82,33455.55127272261,False,2.58
2021-07-25,97839.82,34213.59993217662,False,2.58
2021-07-26,97839.82,35456.12466076684,False,2.58
2021-07-27,97839.82,37281.91809217662,False,2.58
2021-07-28,97839.82,39076.59377063225,False,2.58
2021-07-29,97827.44,40031.19824444798,True,2.59
2021-07-30,97843.98,39977.75693922764,True,2.58
2021-07-31,97265.29,41936.261478677225,True,3.15
2021-08-01,97316.8,41754.16660435275,True,3.1
2021-08-02,97863.51,39914.82975848789,True,2.56
2021-08-03,98064.49,39278.76650810368,True,2.36
2021-08-04,98363.74,38368.35401197897,True,2.06
2021-08-05,97914.48,39751.58457509862,True,2.51
2021-08-06,97586.71,40825.3819404497,True,2.83
2021-08-07,97032.15,42802.13717474142,False,3.39
2021-08-08,97032.15,44647.57760300116,False,3.39
2021-08-09,97032.15,43753.21786264632,False,3.39
2021-08-10,97032.15,46311.00189857689,False,3.39
2021-08-11,97032.15,45639.51401890709,False,3.39
2021-08-12,97032.15,45652.06012506926,False,3.39
2021-08-13,97032.15,44495.20979327958,False,3.39
2021-08-14,97032.15,47717.27052766495,False,3.39
2021-08-15,97032.15,47088.85313451467,False,3.39
2021-08-16,97032.15,47025.00323011282,False,3.39
2021-08-17,97032.15,46031.75754362583,False,3.39
2021-08-18,97032.15,44534.45485421991,False,3.39
2021-08-19,97032.15,45015.46554608543,False,3.39
2021-08-20,97032.15,46745.03462296988,False,3.39
2021-08-21,97032.15,49195.87860189616,False,3.39
2021-08-22,97032.15,48933.68915131164,False,3.39
2021-08-23,97032.15,49250.54486971799,False,3.39
2021-08-24,97032.15,49518.57748790696,False,3.39
2021-08-25,97032.15,47940.6079149608,False,3.39
2021-08-26,97032.15,49002.70376627545,False,3.39
2021-08-27,97032.15,47229.070650876114,False,3.39
2021-08-28,97032.15,49083.10330586219,False,3.39
2021-08-29,97032.15,48936.53725414221,False,3.39
2021-08-30,97032.15,48907.27073106221,False,3.39
2021-08-31,97032.15,47124.25422469402,False,3.39
2021-09-01,97032.15,47335.42029920565,False,3.39
2021-09-02,97032.15,48823.05520964915,False,3.39
2021-09-03,97032.15,49338.78465183332,False,3.39
2021-09-04,97032.15,49934.5282762881,False,3.39
2021-09-05,97032.15,50013.02994694588,False,3.39
2021-09-06,97032.15,51696.206431317885,False,3.39
2021-09-07,97032.15,52739.80016634552,False,3.39
2021-09-08,97032.15,46995.16417095979,False,3.39
2021-09-09,97032.15,46085.02861578186,False,3.39
2021-09-10,97032.15,46518.94118660236,False,3.39
2021-09-11,97032.15,44802.60640249699,False,3.39
2021-09-12,97032.15,45196.488277558245,False,3.39
2021-09-13,97032.15,46195.21830082935,False,3.39
2021-09-14,97032.15,45139.83396873267,False,3.39
2021-09-15,97032.15,47135.43199562694,False,3.39
2021-09-16,97032.15,48186.53275704722,False,3.39
2021-09-17,97032.15,47879.47343992101,False,3.39
2021-09-18,97032.15,47228.65821623257,False,3.39
2021-09-19,97032.15,48266.62707279063,False,3.39
2021-09-20,97032.15,47371.03933236471,False,3.39
2021-09-21,97032.15,42932.94659595412,False,3.39
2021-09-22,97032.15,40386.62363528928,False,3.39
2021-09-23,97032.15,43587.22305058473,False,3.39
2021-09-24,97032.15,44980.898214810935,False,3.39
2021-09-25,97032.15,42752.1681545072,False,3.39
2021-09-26,97032.15,42856.85516422452,False,3.39
2021-09-27,97032.15,43336.86123324274,False,3.39
2021-09-28,97032.15,42247.35572900636,False,3.39
2021-09-29,97032.15,41010.37519836549,False,3.39
2021-09-30,97032.15,41587.66786232295,False,3.39
2021-10-01,97032.15,43859.32614724109,False,3.39
2021-10-02,97032.15,48181.87627260008,False,3.39
2021-10-03,97032.15,47777.762019063,False,3.39
2021-10-04,97032.15,48282.97113857447,False,3.39
2021-10-05,97032.15,49260.23232113069,False,3.39
2021-10-06,97032.15,51668.99422435564,False,3.39
2021-10-07,97021.49,55415.00574202895,True,3.4
2021-10-08,97321.83,53894.59599452107,True,3.1
2021-10-09,97298.25,54010.93747374405,True,3.12
2021-10-10,97077.41,55125.46033768045,True,3.34
2021-10-11,97158.31,54711.86959664297,True,3.26
2021-10-12,96622.53,57572.51085559653,True,3.79
2021-10-13,96847.62,56335.035460511535,True,3.57
2021-10-14,96637.59,57487.9858804222,True,3.78
2021-10-15,96643.95,57452.43178503547,True,3.77
2021-10-16,96248.6,61809.02394427028,False,4.17
2021-10-17,96248.6,61165.63564211521,False,4.17
2021-10-18,96248.6,61583.77443961336,False,4.17
2021-10-19,96248.6,62017.972725178704,False,4.17
2021-10-20,96248.6,64517.64856042277,False,4.17
2021-10-21,96248.6,66237.51755029388,False,4.17
2021-10-22,96248.6,62541.08693293518,False,4.17
2021-10-23,96248.6,61029.27093182092,False,4.17
2021-10-24,96248.6,61572.14043422243,False,4.17
2021-10-25,96248.6,61173.1663907232,False,4.17
2021-10-26,96248.6,63228.21382584213,False,4.17
2021-10-27,96248.6,60604.18888794746,False,4.17
2021-10-28,96248.6,58641.00147419492,False,4.17
2021-10-29,96248.6,60767.55585206728,False,4.17
2021-10-30,96248.6,62283.19805587354,False,4.17
2021-10-31,96248.6,61837.257002978935,False,4.17
2021-11-01,96248.6,61471.86846276259,False,4.17
2021-11-02,96248.6,61121.83120106507,False,4.17
2021-11-03,96248.6,63247.20896127831,False,4.17
2021-11-04,96248.6,63130.94235171542,False,4.17
2021-11-05,96248.6,61601.74357204975,False,4.17
2021-11-06,96248.6,61247.38494217787,False,4.17
2021-11-07,96248.6,61661.35866372036,False,4.17
2021-11-08,96248.6,63153.230193019495,False,4.17
2021-11-09,96248.6,67617.0155448617,False,4.17
2021-11-10,96248.6,67145.37493537061,False,4.17
2021-11-11,96248.6,65061.05440696283,False,4.17
2021-11-12,96248.6,65005.64515956679,False,4.17
2021-11-13,96248.6,64432.04794734522,False,4.17
2021-11-14,96248.6,64660.33535267343,False,4.17
2021-11-15,96248.6,65648.97779110243,False,4.17
2021-11-16,96248.6,63933.83544259933,False,4.17
2021-11-17,96248.6,60448.56251258625,False,4.17
2021-11-18,96248.6,60603.65586738653,False,4.17
2021-11-19,96248.6,56987.32233855049,False,4.17
2021-11-20,96248.6,58459.25551667463,False,4.17
2021-11-21,96248.6,60082.91166841709,False,4.17
2021-11-22,96248.6,59139.77927952717,False,4.17
2021-11-23,96248.6,56386.85685315215,False,4.17
2021-11-24,96248.6,57748.79317378856,False,4.17
2021-11-25,96248.6,57198.18384629529,False,4.17
2021-11-26,96248.6,58897.84698299794,False,4.17
2021-11-27,96248.6,53827.79286503472,False,4.17
2021-11-28,96248.6,54533.40388242691,False,4.17
2021-11-29,96248.6,57237.66113709043,False,4.17
2021-11-30,96248.6,57848.77353712989,False,4.17
2021-12-01,96248.6,57011.28047424234,False,4.17
2021-12-02,96248.6,57169.37199381056,False,4.17
2021-12-03,96248.6,56508.26805402271,False,4.17
2021-12-04,96248.6,53785.96717237922,False,4.17
2021-12-05,96248.6,49161.99070957517,False,4.17
2021-12-06,96248.6,49268.46989053938,False,4.17
2021-12-07,96248.6,50461.57683653979,False,4.17
2021-12-08,96248.6,50647.66340635755,False,4.17
2021-12-09,96248.6,50530.4580645934,False,4.17
2021-12-10,96248.6,47885.87198941706,False,4.17
2021-12-11,96248.6,47303.56415217411,False,4.17
2021-12-12,96248.6,49242.30232407148,False,4.17
2021-12-13,96248.6,50051.078348674855,False,4.17
2021-12-14,96248.6,46696.30469946678,False,4.17
2021-12-15,96248.6,48410.564656309325,False,4.17
2021-12-16,96248.6,48936.86258244155,False,4.17
2021-12-17,96248.6,47694.53050225176,False,4.17
2021-12-18,96248.6,46328.6963654447,False,4.17
2021-12-19,96248.6,46970.057050727024,False,4.17
2021-12-20,96248.6,46807.04861642627,False,4.17
2021-12-21,96248.6,47117.008204210455,False,4.17
2021-12-22,96248.6,49145.21725849885,False,4.17
2021-12-23,96248.6,48755.89564404483,False,4.17
2021-12-24,96248.6,50900.61494951601,False,4.17
2021-12-25,96248.6,50888.72103678683,False,4.17
2021-12-26,96248.6,50663.48710213215,False,4.17
2021-12-27,96248.6,50852.860259540656,False,4.17
2021-12-28,96248.6,50774.067814743,False,4.17
2021-12-29,96248.6,47725.14804631933,False,4.17
2021-12-30,96248.6,46506.99464767938,False,4.17
2021-12-31,96248.6,47191.86838983951,False,4.17
2022-01-01,96248.6,46319.65108805251,False,4.17
2022-01-02,96248.6,47816.07767640849,False,4.17
2022-01-03,96248.6,47387.212167697246,False,4.17
2022-01-04,96248.6,46531.140860530526,False,4.17
2022-01-05,96248.6,45938.02427172366,False,4.17
2022-01-06,96248.6,43647.14750806805,False,4.17
2022-01-07,96248.6,43216.45867693359,False,4.17
2022-01-08,96226.79,41527.197042644846,True,4.19
2022-01-09,96347.32,41756.66232397826,True,4.07
2022-01-10,96402.83,41862.3609856517,True,4.01
2022-01-11,96406.77,41869.85905559219,True,4.01
2022-01-12,96883.36,42777.21102048236,True,3.53
2022-01-13,97516.12,43981.87732717414,True,2.9
2022-01-14,96794.7,42608.41001195019,True,3.62
2022-01-15,97063.86,43120.85451108056,True,3.35
2022-01-16,97119.43,43226.65026980921,True,3.3
2022-01-17,97063.31,43119.79214308028,True,3.36
2022-01-18,96609.62,42298.341116872325,False,3.81
2022-01-19,96609.62,42395.45879157343,False,3.81
2022-01-20,96609.62,41749.55143098559,False,3.81
2022-01-21,96609.62,40707.6824143097,False,3.81
2022-01-22,96587.7,36508.79978983082,True,3.83
2022-01-23,95790.09,35180.435462830384,True,4.62
2022-01-24,96466.17,36306.409440464704,True,3.95
2022-01-25,96746.94,36774.00714224005,True,3.67
2022-01-26,96875.98,36988.92851066736,True,3.54
2022-01-27,96804.84,36870.440166931,True,3.61
2022-01-28,97048.86,37276.839558174994,True,3.37
2022-01-29,97394.56,37852.57902803263,True,3.03
2022-01-30,97622.48,38232.17873217708,True,2.8
2022-01-31,97472.96,37983.151499406464,True,2.95
2022-02-01,97793.49,38555.53446121157,False,2.63
2022-02-02,97793.49,38835.69494322237,False,2.63
2022-02-03,97793.49,37000.98249864199,False,2.63
2022-02-04,97793.49,37101.351593780935,False,2.63
2022-02-05,97793.49,41673.8395543094,False,2.63
2022-02-06,97793.49,41493.690050910525,False,2.63
2022-02-07,97793.49,42475.543220951215,False,2.63
2022-02-08,97793.49,43910.92998644309,False,2.63
2022-02-09,97793.49,44184.447511676175,False,2.63
2022-02-10,97793.49,44383.88805541707,False,2.63
2022-02-11,97793.49,43628.13953235228,False,2.63
2022-02-12,97793.49,42445.38876793804,False,2.63
2022-02-13,97793.49,42254.738123237206,False,2.63
2022-02-14,97793.49,42247.83595326771,False,2.63
2022-02-15,97793.49,42634.573783663065,False,2.63
2022-02-16,97793.49,44574.32057099816,False,2.63
2022-02-17,97793.49,44063.28198279571,False,2.63
2022-02-18,97793.49,40562.98694982819,False,2.63
2022-02-19,97793.49,40073.495362369824,False,2.63
2022-02-20,97793.49,40192.75912143141,False,2.63
2022-02-21,97793.49,38514.00853622455,False,2.63
2022-02-22,97793.49,37059.97940228752,False,2.63
2022-02-23,97793.49,38337.2038554348,False,2.63
2022-02-24,97793.49,37372.2926803477,False,2.63
2022-02-25,97793.49,38363.345488570165,False,2.63
2022-02-26,97793.49,39316.16207578596,False,2.63
2022-02-27,97793.49,39090.202153609054,False,2.63
2022-02-28,97793.49,37803.59016044929,False,2.63
2022-03-01,97793.49,43225.40467743573,False,2.63
2022-03-02,97793.49,44459.59162774341,False,2.63
2022-03-03,97793.49,43980.707382090906,False,2.63
2022-03-04,97793.49,42491.97839335905,False,2.63
2022-03-05,97793.49,39200.29973557414,False,2.63
2022-03-06,97793.49,39463.14681149058,False,2.63
2022-03-07,97793.49,38442.99174588676,False,2.63
2022-03-08,97793.49,38076.49382252028,False,2.63
2022-03-09,97793.49,38732.93701302586,False,2.63
2022-03-10,97793.49,41986.03444607623,False,2.63
2022-03-11,97793.49,39468.35477300189,False,2.63
2022-03-12,97793.49,38775.17558840679,False,2.63
2022-03-13,97793.49,38903.69354800599,False,2.63
2022-03-14,97793.49,37852.52514106289,False,2.63
2022-03-15,97793.49,39669.423812004505,False,2.63
2022-03-16,97793.49,39331.84654059453,False,2.63
2022-03-17,97793.49,41165.63506140341,False,2.63
2022-03-18,97793.49,41001.70957801974,False,2.63
2022-03-19,97793.49,41837.41313797566,False,2.63
2022-03-20,97793.49,42201.939920688186,False,2.63
2022-03-21,97793.49,41283.25900104565,False,2.63
2022-03-22,97793.49,41061.81589384987,False,2.63
2022-03-23,97793.49,42401.89559748944,False,2.63
2022-03-24,97793.49,42802.15471016985,False,2.63
2022-03-25,97793.49,43936.09623454058,False,2.63
2022-03-26,97793.49,44331.77795706412,False,2.63
2022-03-27,97793.49,44510.84421762133,False,2.63
2022-03-28,97793.49,46715.1176185105,False,2.63
2022-03-29,97793.49,46994.879118357465,False,2.63
2022-03-30,97793.49,47459.261237539096,False,2.63
2022-03-31,97793.49,47063.36584996355,False,2.63
2022-04-01,97793.49,45528.40715313835,False,2.63
2022-04-02,97793.49,46270.20070585378,False,2.63
2022-04-03,97793.49,45842.14476317382,False,2.63
2022-04-04,97793.49,46434.562982661664,False,2.63
2022-04-05,97793.49,46622.63571309101,False,2.63
2022-04-06,97793.49,45635.45438126673,False,2.63
2022-04-07,97793.49,43198.77526936491,False,2.63
2022-04-08,97793.49,43515.15032279806,False,2.63
2022-04-09,97793.49,42315.70972421807,False,2.63
2022-04-10,97793.49,42796.39747810973,False,2.63
2022-04-11,97793.49,42274.907370256085,False,2.63
2022-04-12,97793.49,39603.96515928416,False,2.63
2022-04-13,97793.49,40205.67794073206,False,2.63
2022-04-14,97793.49,41205.16871904067,False,2.63
2022-04-15,97793.49,39959.457069033735,False,2.63
2022-04-16,97793.49,40586.59730938673,False,2.63
2022-04-17,97793.49,40450.37930543977,False,2.63
2022-04-18,97793.49,39739.11925622209,False,2.63
2022-04-19,97793.49,40833.5379650337,False,2.63
2022-04-20,97793.49,41498.12244669832,False,2.63
2022-04-21,97793.49,41397.220477279625,False,2.63
2022-04-22,97793.49,40528.54148675958,False,2.63
2022-04-23,97793.49,39756.848993471016,False,2.63
2022-04-24,97793.49,39561.78019075613,False,2.63
2022-04-25,97793.49,39469.04986198146,False,2.63
2022-04-26,97793.49,40488.877917622376,False,2.63
2022-04-27,97793.49,38134.21545068938,False,2.63
2022-04-28,97793.49,39237.94931747103,False,2.63
2022-04-29,97793.49,39741.76664580964,False,2.63
2022-04-30,97793.49,38650.55013809267,False,2.63
2022-05-01,97793.49,37820.61176529208,False,2.63
2022-05-02,97793.49,38537.65476669535,False,2.63
2022-05-03,97793.49,38561.56539902362,False,2.63
2022-05-04,97793.49,37758.496107734,False,2.63
2022-05-05,97793.49,39699.02404125388,False,2.63
2022-05-06,97793.49,36612.22954880304,False,2.63
2022-05-07,97793.49,36116.394294982965,False,2.63
2022-05-08,97793.49,35573.31019883488,False,2.63
2022-05-09,97793.49,34070.31219757961,False,2.63
2022-05-10,97775.43,30269.58695662948,True,2.65
2022-05-11,98227.35,31026.93386836242,True,2.2
2022-05-12,96966.21,28913.48836365432,True,3.45
2022-05-13,97093.09,29126.11597686014,True,3.33
2022-05-14,97203.25,29310.728959858257,True,3.22
2022-05-15,97727.54,30189.333177005963,True,2.69
2022-05-16,98401.82,31319.30911113,True,2.02
2022-05-17,97568.97,29923.606993639707,True,2.85
2022-05-18,97914.23,30502.19328027689,True,2.51
2022-05-19,96881.9,28772.200501112577,True,3.54
2022-05-20,97824.62,30382.40624219559,False,2.6
2022-05-21,97824.62,29256.81337441625,False,2.6
2022-05-22,97824.62,29491.5079477606,False,2.6
2022-05-23,97824.62,30351.050417138096,False,2.6
2022-05-24,97824.62,29163.167775739188,False,2.6
2022-05-25,97824.62,29655.02613175249,False,2.6
2022-05-26,97824.62,29584.949851985926,False,2.6
2022-05-27,97824.62,29346.781442431617,False,2.6
2022-05-28,97824.62,28646.65218193245,False,2.6
2022-05-29,97824.62,29088.236452817226,False,2.6
2022-05-30,97824.62,29492.50321495364,False,2.6
2022-05-31,97824.62,31740.94072516695,False,2.6
2022-06-01,97824.62,31865.749621173167,False,2.6
2022-06-02,97824.62,29833.45033020525,False,2.6
2022-06-03,97824.62,30481.013996026013,False,2.6
2022-06-04,97824.62,29714.143487149733,False,2.6
2022-06-05,97824.62,29872.3603087139,False,2.6
2022-06-06,97824.62,29917.7640524562,False,2.6
2022-06-07,97824.62,31372.5847629755,False,2.6
2022-06-08,97824.62,31265.469277693348,False,2.6
2022-06-09,97824.62,30229.236836130374,False,2.6
2022-06-10,97824.62,30101.187521431468,False,2.6
2022-06-11,97824.62,29101.2982596468,False,2.6
2022-06-12,97824.62,28374.14499732395,False,2.6
2022-06-13,97824.62,26767.269173221317,False,2.6
2022-06-14,97810.76,22525.7683503912,True,2.61
2022-06-15,97637.91,22244.848968001315,True,2.78
2022-06-16,97812.87,22529.198114649807,True,2.61
2022-06-17,96210.29,20408.690490591813,True,4.2
2022-06-18,96249.77,20473.05288079512,True,4.17
2022-06-19,95375.12,19047.41782828195,True,5.04
2022-06-20,96276.37,20516.41197977524,True,4.14
2022-06-21,96350.21,20636.75891240637,True,4.07
2022-06-22,96389.58,20700.923933039136,True,4.03
2022-06-23,95949.46,19983.566482863105,True,4.46
2022-06-24,96634.58,21100.270533511088,True,3.78
2022-06-25,96734.24,21262.71348295613,True,3.68
2022-06-26,96895.7,21525.88036221139,True,3.52
2022-06-27,96592.54,21052.80539783573,False,3.82
2022-06-28,96592.54,20751.47753079077,False,3.82
2022-06-29,96592.54,20282.54247926969,False,3.82
2022-06-30,96592.54,20108.529472889782,False,3.82
2022-07-01,96592.54,19608.397493423083,False,3.82
2022-07-02,96592.54,19407.447430262477,False,3.82
2022-07-03,96592.54,19268.227002666128,False,3.82
2022-07-04,96592.54,19310.233218521837,False,3.82
2022-07-05,96592.54,20257.01232859288,False,3.82
2022-07-06,96592.54,20188.779663973284,False,3.82
2022-07-07,96592.54,20566.68722377,False,3.82
2022-07-08,96592.54,21660.596837075183,False,3.82
2022-07-09,96592.54,21858.818749217564,False,3.82
2022-07-10,96592.54,21589.628101459668,False,3.82
2022-07-11,96592.54,20859.81407965063,False,3.82
2022-07-12,96592.54,19998.46783957584,False,3.82
2022-07-13,96592.54,19350.73735007727,False,3.82
2022-07-14,96592.54,20225.23866433186,False,3.82
2022-07-15,96592.54,20574.84059150044,False,3.82
2022-07-16,96592.54,20794.811981436706,False,3.82
2022-07-17,96592.54,21193.08334336837,False,3.82
2022-07-18,96592.54,20824.36275165164,False,3.82
2022-07-19,96592.54,22395.365383103952,False,3.82
2022-07-20,96592.54,23366.90769792785,False,3.82
2022-07-21,96592.54,23313.296731959555,False,3.82
2022-07-22,96592.54,23155.207555248304,False,3.82
2022-07-23,96592.54,22696.90275429005,False,3.82
2022-07-24,96592.54,22506.199573628983,False,3.82
2022-07-25,96592.54,22613.71920824845,False,3.82
2022-07-26,96592.54,21330.295450788173,False,3.82
2022-07-27,96592.54,21235.61231608577,False,3.82
2022-07-28,96592.54,22908.884260468687,False,3.82
2022-07-29,96592.54,23822.06759782312,False,3.82
2022-07-30,96592.54,23847.58331873861,False,3.82
2022-07-31,96592.54,23653.4595494308,False,3.82
2022-08-01,96592.54,23379.70052509082,False,3.82
2022-08-02,96592.54,23333.749243312184,False,3.82
2022-08-03,96592.54,23053.84684748268,False,3.82
2022-08-04,96592.54,22860.42098438317,False,3.82
2022-08-05,96592.54,22678.363633874185,False,3.82
2022-08-06,96592.54,23225.036201942938,False,3.82
2022-08-07,96592.54,22984.57953144855,False,3.82
2022-08-08,96592.54,23197.603469525384,False,3.82
2022-08-09,96592.54,23823.67944245361,False,3.82
2022-08-10,96592.54,23203.680696781623,False,3.82
2022-08-11,96592.54,23948.829553271637,False,3.82
2022-08-12,96592.54,23948.75170368143,False,3.82
2022-08-13,96592.54,24411.37987152261,False,3.82
2022-08-14,96592.54,24433.653747243658,False,3.82
2022-08-15,96592.54,24312.54142489156,False,3.82
2022-08-16,96592.54,24179.0146523092,False,3.82
2022-08-17,96592.54,23913.333725628458,False,3.82
2022-08-18,96592.54,23359.418837070007,False,3.82
2022-08-19,96592.54,23248.38422819264,False,3.82
2022-08-20,96592.54,20945.8339660496,False,3.82
2022-08-21,96592.54,21175.232732989512,False,3.82
2022-08-22,96592.54,21615.761693416986,False,3.82
2022-08-23,96592.54,21387.747114773963,False,3.82
2022-08-24,96592.54,21562.45153991356,False,3.82
2022-08-25,96592.54,21395.45846975991,False,3.82
2022-08-26,96592.54,21618.009019176647,False,3.82
2022-08-27,96592.54,20271.322951706014,False,3.82
2022-08-28,96592.54,20069.9533315962,False,3.82
2022-08-29,96592.54,19659.24670619362,False,3.82
2022-08-30,96592.54,20308.861447891457,False,3.82
2022-08-31,96592.54,19805.35069885804,False,3.82
2022-09-01,96592.54,20023.55444491251,False,3.82
2022-09-02,96592.54,20153.975977982507,False,3.82
2022-09-03,96592.54,19941.45137004716,False,3.82
2022-09-04,96592.54,19814.5642451146,False,3.82
2022-09-05,96592.54,19980.01322224228,False,3.82
2022-09-06,96592.54,19785.73350185514,False,3.82
2022-09-07,96592.54,18859.50008768028,False,3.82
2022-09-08,96592.54,19280.62547645678,False,3.82
2022-09-09,96592.54,19322.77774937157,False,3.82
2022-09-10,96592.54,21359.58252557909,False,3.82
2022-09-11,96592.54,21707.38731931814,False,3.82
2022-09-12,96592.54,21739.80437979554,False,3.82
2022-09-13,96592.54,22339.67050262336,False,3.82
2022-09-14,96592.54,20184.96749189655,False,3.82
2022-09-15,96592.54,20255.922978327133,False,3.82
2022-09-16,96592.54,19702.16988981172,False,3.82
2022-09-17,96592.54,19764.411712043777,False,3.82
2022-09-18,96592.54,20131.675305714027,False,3.82
2022-09-19,96592.54,19437.157867982634,False,3.82
2022-09-20,96592.54,19570.386709523507,False,3.82
2022-09-21,96592.54,18869.92880939053,False,3.82
2022-09-22,96592.54,18539.63523831258,False,3.82
2022-09-23,96592.54,19464.322663348463,False,3.82
2022-09-24,96592.54,19291.904802452067,False,3.82
2022-09-25,96592.54,18939.97058049937,False,3.82
2022-09-26,96592.54,18809.41143933244,False,3.82
2022-09-27,96592.54,19219.727780656474,False,3.82
2022-09-28,96592.54,19116.33116071044,False,3.82
2022-09-29,96592.54,19444.78777136297,False,3.82
2022-09-30,96592.54,19563.765161776904,False,3.82
2022-10-01,96592.54,19476.92659600407,False,3.82
2022-10-02,96592.54,19314.463835217448,False,3.82
2022-10-03,96592.54,19065.153837148988,False,3.82
2022-10-04,96592.54,19620.567543591394,False,3.82
2022-10-05,96592.54,20345.398520106643,False,3.82
2022-10-06,96592.54,20161.830614985047,False,3.82
2022-10-07,96592.54,19949.051041418512,False,3.82
2022-10-08,96592.54,19457.308951251147,False,3.82
2022-10-09,96592.54,19418.037989243952,False,3.82
2022-10-10,96592.54,19448.14900175761,False,3.82
2022-10-11,96592.54,19142.69476739289,False,3.82
2022-10-12,96592.54,19058.628039738272,False,3.82
2022-10-13,96592.54,19153.039779986982,False,3.82
2022-10-14,96592.54,19383.9432200889,False,3.82
2022-10-15,96592.54,19198.107144951755,False,3.82
2022-10-16,96592.54,19072.780513358884,False,3.82
2022-10-17,96592.54,19272.92184777201,False,3.82
2022-10-18,96592.54,19557.895548868444,False,3.82
2022-10-19,96592.54,19348.02936881037,False,3.82
2022-10-20,96592.54,19134.242664465204,False,3.82
2022-10-21,96592.54,19031.15987195947,False,3.82
2022-10-22,96592.54,19173.28046885863,False,3.82
2022-10-23,96592.54,19203.86547117714,False,3.82
2022-10-24,96592.54,19574.8242318408,False,3.82
2022-10-25,96592.54,19316.94062294213,False,3.82
2022-10-26,96592.54,20095.152230674925,False,3.82
2022-10-27,96592.54,20774.247496426036,False,3.82
2022-10-28,96592.54,20278.36623205219,False,3.82
2022-10-29,96592.54,20591.24120809861,False,3.82
2022-10-30,96592.54,20800.70708772471,False,3.82
2022-10-31,96592.54,20623.871497040946,False,3.82
2022-11-01,96592.54,20494.60120983709,False,3.82
2022-11-02,96592.54,20489.646203160763,False,3.82
2022-11-03,96592.54,20162.980904822525,False,3.82
2022-11-04,96592.54,20210.91241711132,False,3.82
2022-11-05,96592.54,21150.3155839124,False,3.82
2022-11-06,96592.54,21282.98510942269,False,3.82
2022-11-07,96592.54,20906.99792695512,False,3.82
2022-11-08,96592.54,20597.755017060837,False,3.82
2022-11-09,96592.54,18562.353215089643,False,3.82
2022-11-10,96572.4,15742.444335961438,True,3.84
2022-11-11,98942.31,17594.923500278233,True,1.48
2022-11-12,98283.84,17080.215260565037,True,2.14
2022-11-13,97922.78,16797.98748257006,True,2.5
2022-11-14,97342.42,16344.342316001042,True,3.08
2022-11-15,97728.12,16645.828500283515,True,2.69
2022-11-16,98041.17,16890.52938386464,True,2.38
2022-11-17,97783.86,16689.39673273771,True,2.64
2022-11-18,97820.91,16718.361228055077,True,2.6
2022-11-19,97806.41,16707.022778986535,True,2.62
2022-11-20,97792.33,16712.729525794817,False,2.63
2022-11-21,97792.33,16304.07685562355,False,2.63
2022-11-22,97792.33,15814.335280855255,False,2.63
2022-11-23,97792.33,16171.628978315088,False,2.63
2022-11-24,97792.33,16608.00998544357,False,2.63
2022-11-25,97792.33,16596.03575847268,False,2.63
2022-11-26,97792.33,16524.449007720887,False,2.63
2022-11-27,97792.33,16456.156062496684,False,2.63
2022-11-28,97792.33,16459.149543755877,False,2.63
2022-11-29,97792.33,16222.210728731225,False,2.63
2022-11-30,97792.33,16441.979978419113,False,2.63
2022-12-01,97792.33,17186.502572066118,False,2.63
2022-12-02,97792.33,16972.73406077455,False,2.63
2022-12-03,97792.33,17084.87334047068,False,2.63
2022-12-04,97792.33,16923.38287008033,False,2.63
2022-12-05,97792.33,17149.93175096291,False,2.63
2022-12-06,97792.33,16973.372577553495,False,2.63
2022-12-07,97792.33,17085.64314125141,False,2.63
2022-12-08,97792.33,16851.30346863184,False,2.63
2022-12-09,97792.33,17235.014157992136,False,2.63
2022-12-10,97792.33,17149.824203925327,False,2.63
2022-12-11,97792.33,17125.364927688952,False,2.63
2022-12-12,97792.33,17101.038019732932,False,2.63
2022-12-13,97792.33,17179.596038203494,False,2.63
2022-12-14,97792.33,17784.162894053265,False,2.63
2022-12-15,97792.33,17808.71617265881,False,2.63
2022-12-16,97792.33,17338.358126632633,False,2.63
2022-12-17,97792.33,16623.75782614431,False,2.63
2022-12-18,97792.33,16806.48559206152,False,2.63
2022-12-19,97792.33,16742.816663834055,False,2.63
2022-12-20,97792.33,16422.562273279298,False,2.63
2022-12-21,97792.33,16899.331969046758,False,2.63
2022-12-22,97792.33,16816.85370118997,False,2.63
2022-12-23,97792.33,16824.790162441503,False,2.63
2022-12-24,97792.33,16791.45543916491,False,2.63
2022-12-25,97792.33,16848.568708323422,False,2.63
2022-12-26,97792.33,16842.177039905502,False,2.63
2022-12-27,97792.33,16900.081871938084,False,2.63
2022-12-28,97792.33,16701.840210667935,False,2.63
2022-12-29,97792.33,16538.906094001977,False,2.63
2022-12-30,97792.33,16644.379087037905,False,2.63
2022-12-31,97792.33,16604.020520373393,False,2.63
2023-01-01,97792.33,16540.693624776803,False,2.63
2023-01-02,97792.33,16615.969318012816,False,2.63
2023-01-03,97792.33,16674.342536301097,False,2.63
2023-01-04,97792.33,16677.646185850346,False,2.63
2023-01-05,97792.33,16855.1747387671,False,2.63
2023-01-06,97792.33,16832.098988497855,False,2.63
2023-01-07,97792.33,16960.23206247515,False,2.63
2023-01-08,97792.33,16950.861521853905,False,2.63
2023-01-09,97792.33,17074.61539572674,False,2.63
2023-01-10,97792.33,17194.90932945318,False,2.63
2023-01-11,97792.33,17436.90232978116,False,2.63
2023-01-12,97763.3,17996.832553741606,True,2.66
2023-01-13,96844.3,18866.810330617045,True,3.57
2023-01-14,95923.21,19941.780543296303,True,4.49
2023-01-15,95035.22,21019.20661402266,True,5.37
2023-01-16,95208.65,20853.230569490253,True,5.2
2023-01-17,94874.56,21175.33773662521,True,5.53
2023-01-18,94893.53,21156.78393116713,True,5.52
2023-01-19,95342.57,20726.844969426445,True,5.07
2023-01-20,94970.66,21081.67102220433,True,5.44
2023-01-21,94125.73,22705.83367889906,False,6.28
2023-01-22,94125.73,22771.023287021784,False,6.28
2023-01-23,94125.73,22736.66142892971,False,6.28
2023-01-24,94125.73,22984.87497643721,False,6.28
2023-01-25,94125.73,22610.01059827285,False,6.28
2023-01-26,94125.73,23180.422697874263,False,6.28
2023-01-27,94125.73,23024.74618081709,False,6.28
2023-01-28,94125.73,23082.858382122955,False,6.28
2023-01-29,94125.73,23022.23299135344,False,6.28
2023-01-30,94125.73,23797.46089488124,False,6.28
2023-01-31,94125.73,22840.385858797104,False,6.28
2023-02-01,94125.73,23137.323554088376,False,6.28
2023-02-02,94125.73,23725.16179614224,False,6.28
2023-02-03,94125.73,23539.676770196525,False,6.28
2023-02-04,94125.73,23451.577650774638,False,6.28
2023-02-05,94125.73,23340.34958553934,False,6.28
2023-02-06,94125.73,22946.286578591236,False,6.28
2023-02-07,94125.73,22786.483006387727,False,6.28
2023-02-08,94125.73,23294.9136483527,False,6.28
2023-02-09,94125.73,22947.50782856846,False,6.28
2023-02-10,94125.73,21820.88650809277,False,6.28
2023-02-11,94125.73,21630.132979576298,False,6.28
2023-02-12,94125.73,21889.432080049624,False,6.28
2023-02-13,94125.73,21779.87440384417,False,6.28
2023-02-14,94125.73,21807.834274723064,False,6.28
2023-02-15,94125.73,22220.070997481067,False,6.28
2023-02-16,94125.73,24307.8751016316,False,6.28
2023-02-17,94125.73,23756.907281577434,False,6.28
2023-02-18,94125.73,24628.82455217312,False,6.28
2023-02-19,94125.73,24642.79087073843,False,6.28
2023-02-20,94125.73,24284.478003714703,False,6.28
2023-02-21,94125.73,24786.665940845705,False,6.28
2023-02-22,94125.73,24417.38703630947,False,6.28
2023-02-23,94125.73,24146.101364545226,False,6.28
2023-02-24,94125.73,23951.11098423326,False,6.28
2023-02-25,94125.73,23172.286538018925,False,6.28
2023-02-26,94125.73,23157.038107459524,False,6.28
2023-02-27,94125.73,23541.11585449356,False,6.28
2023-02-28,94125.73,23518.12390627588,False,6.28
2023-03-01,94125.73,23155.543746825795,False,6.28
2023-03-02,94125.73,23634.333489123783,False,6.28
2023-03-03,94125.73,23464.33654185282,False,6.28
2023-03-04,94125.73,22367.43302246967,False,6.28
2023-03-05,94125.73,22348.32991538815,False,6.28
2023-03-06,94125.73,22421.885805853268,False,6.28
2023-03-07,94125.73,22415.113659694827,False,6.28
2023-03-08,94125.73,22217.209884905325,False,6.28
2023-03-09,94125.73,21712.65119391273,False,6.28
2023-03-10,94099.91,20376.320007428807,True,6.31
2023-03-11,93870.44,20195.2289502733,True,6.53
2023-03-12,94283.95,20521.55615175117,True,6.12
2023-03-13,96278.67,22095.71339833569,True,4.14
2023-03-14,98887.84,24178.95532797469,False,1.54
2023-03-15,98887.84,24758.765085827567,False,1.54
2023-03-16,98887.84,24470.88205445031,False,1.54
2023-03-17,98887.84,25161.27201752005,False,1.54
2023-03-18,98874.41,27466.677829829863,True,1.55
2023-03-19,99052.06,27107.792183504385,True,1.38
2023-03-20,98531.57,28186.842652360127,True,1.89
2023-03-21,98652.21,27929.167733140293,True,1.77
2023-03-22,98495.77,28264.23961052235,True,1.93
2023-03-23,98882.92,27449.25483080736,True,1.54
2023-03-24,98406.2,28459.735113552502,True,2.02
2023-03-25,98811.77,27595.4947483755,True,1.61
2023-03-26,98775.71,27670.199498496837,True,1.65
2023-03-27,98596.08,28048.46997853496,True,1.83
2023-03-28,99001.24,27182.299559950465,False,1.43
2023-03-29,99001.24,27291.3500210497,False,1.43
2023-03-30,99001.24,28394.997780199057,False,1.43
2023-03-31,99001.24,28041.123080088284,False,1.43
2023-04-01,99001.24,28516.78472968864,False,1.43
2023-04-02,99001.24,28498.94463304862,False,1.43
2023-04-03,99001.24,28236.508738939792,False,1.43
2023-04-04,99001.24,27815.42653124798,False,1.43
2023-04-05,99001.24,28175.33033421539,False,1.43
2023-04-06,99001.24,28197.20034124555,False,1.43
2023-04-07,99001.24,28042.9833864884,False,1.43
2023-04-08,99001.24,27934.43871284895,False,1.43
2023-04-09,99001.24,27968.12804705512,False,1.43
2023-04-10,99001.24,28351.23699385011,False,1.43
2023-04-11,99001.24,29657.97413687356,False,1.43
2023-04-12,98985.07,30260.93610940865,True,1.44
2023-04-13,99177.89,29904.138694718906,True,1.25
2023-04-14,98908.48,30405.027312781145,True,1.52
2023-04-15,98875.02,30468.40870059078,True,1.55
2023-04-16,98957.75,30312.16187965924,True,1.47
2023-04-17,98961.67,30304.807514785844,True,1.47
2023-04-18,99420.24,29467.459829260344,True,1.01
2023-04-19,98929.2,30365.90416754141,True,1.5
2023-04-20,99768.37,28833.217501221105,False,0.66
2023-04-21,99768.37,28255.57824866478,False,0.66
2023-04-22,99768.37,27300.15712851557,False,0.66
2023-04-23,99768.37,27861.640663476548,False,0.66
2023-04-24,99768.37,27606.578347653143,False,0.66
2023-04-25,99768.37,27511.635682161308,False,0.66
2023-04-26,99768.37,28351.218248373007,False,0.66
2023-04-27,99768.37,28352.19132059668,False,0.66
2023-04-28,99768.37,29483.52170499186,False,0.66
2023-04-29,99768.37,29339.99499754935,False,0.66
2023-04-30,99768.37,29217.944046809916,False,0.66
2023-05-01,99768.37,29362.056213625398,False,0.66
2023-05-02,99768.37,28125.501155636823,False,0.66
2023-05-03,99768.37,28654.39013332672,False,0.66
2023-05-04,99768.37,28988.320996249277,False,0.66
2023-05-05,99768.37,28846.461458608057,False,0.66
2023-05-06,99768.37,29520.322268970496,False,0.66
2023-05-07,99768.37,28887.74104552337,False,0.66
2023-05-08,99768.37,28611.43919761457,False,0.66
2023-05-09,99768.37,27696.76078562556,False,0.66
2023-05-10,99768.37,27607.39168091902,False,0.66
2023-05-11,99768.37,27639.73356593586,False,0.66
2023-05-12,99768.37,27024.76572929978,False,0.66
2023-05-13,99768.37,26787.69039591833,False,0.66
2023-05-14,99768.37,26798.126271474703,False,0.66
2023-05-15,99768.37,26911.805273213893,False,0.66
2023-05-16,99768.37,27227.793422558792,False,0.66
2023-05-17,99768.37,27022.713173921147,False,0.66
2023-05-18,99768.37,27389.971511442203,False,0.66
2023-05-19,99768.37,26842.95249471792,False,0.66
2023-05-20,99768.37,26884.371059589947,False,0.66
2023-05-21,99768.37,27093.79110149735,False,0.66
2023-05-22,99768.37,26773.83024366478,False,0.66
2023-05-23,99768.37,26869.686021790774,False,0.66
2023-05-24,99768.37,27222.937746603853,False,0.66
2023-05-25,99768.37,26338.948946998687,False,0.66
2023-05-26,99768.37,26475.607902534277,False,0.66
2023-05-27,99768.37,26717.987553571777,False,0.66
2023-05-28,99768.37,26848.23993959246,False,0.66
2023-05-29,99768.37,28110.313467609285,False,0.66
2023-05-30,99768.37,27759.74666392068,False,0.66
2023-05-31,99768.37,27713.908547529507,False,0.66
2023-06-01,99768.37,27245.474465179723,False,0.66
2023-06-02,99768.37,26824.10149951678,False,0.66
2023-06-03,99768.37,27247.74008145703,False,0.66
2023-06-04,99768.37,27066.371328526235,False,0.66
2023-06-05,99768.37,27315.447587487684,False,0.66
2023-06-06,99768.37,25792.6160902334,False,0.66
2023-06-07,99768.37,27216.61556469773,False,0.66
2023-06-08,99768.37,26346.244545137637,False,0.66
2023-06-09,99768.37,26507.90989220298,False,0.66
2023-06-10,99768.37,26469.581684007026,False,0.66
2023-06-11,99768.37,25858.12289218562,False,0.66
2023-06-12,99768.37,25916.57989637981,False,0.66
2023-06-13,99768.37,25910.362742919464,False,0.66
2023-06-14,99768.37,25872.20645879509,False,0.66
2023-06-15,99768.37,25107.754695880594,False,0.66
2023-06-16,99768.37,25564.599632887144,False,0.66
2023-06-17,99768.37,26327.3256694539,False,0.66
2023-06-18,99768.37,26501.044442233677,False,0.66
2023-06-19,99768.37,26333.092529664373,False,0.66
2023-06-20,99768.37,26779.38746152284,False,0.66
2023-06-21,99768.37,28330.891419807507,False,0.66
2023-06-22,99751.42,30101.76481948869,True,0.68
2023-06-23,99845.37,29935.63210674956,True,0.59
2023-06-24,99459.89,30629.24435333575,True,0.97
2023-06-25,99509.7,30537.816664634796,True,0.92
2023-06-26,99555.21,30454.75697441562,True,0.87
2023-06-27,99648.72,30285.50506407074,True,0.78
2023-06-28,99425.03,30693.54635606798,True,1.0
2023-06-29,99761.71,30083.477245263824,True,0.67
2023-06-30,99548.7,30466.61045689353,True,0.88
2023-07-01,99540.92,30480.781481944465,True,0.89
2023-07-02,99468.06,30583.619599697537,False,0.96
2023-07-03,99468.06,30571.887072871446,False,0.96
2023-07-04,99468.06,31134.713133508405,False,0.96
2023-07-05,99468.06,30775.624022375305,False,0.96
2023-07-06,99468.06,30484.79377442352,False,0.96
2023-07-07,99468.06,29990.055151220247,False,0.96
2023-07-08,99468.06,30315.26540235163,False,0.96
2023-07-09,99468.06,30264.19734525722,False,0.96
2023-07-10,99468.06,30169.87065747925,False,0.96
2023-07-11,99468.06,30394.28114637557,False,0.96
2023-07-12,99468.06,30620.81424697801,False,0.96
2023-07-13,99468.06,30407.41631435991,False,0.96
2023-07-14,99468.06,31446.0149710716,False,0.96
2023-07-15,99468.06,30311.82780813052,False,0.96
2023-07-16,99468.06,30297.97140012553,False,0.96
2023-07-17,99468.06,30237.334785146097,False,0.96
2023-07-18,99468.06,30147.860079211525,False,0.96
2023-07-19,99468.06,29848.03227250528,False,0.96
2023-07-20,99468.06,29919.87483825516,False,0.96
2023-07-21,99468.06,29787.041530355687,False,0.96
2023-07-22,99468.06,29914.68272835899,False,0.96
2023-07-23,99468.06,29710.155935991766,False,0.96
2023-07-24,99468.06,30057.956718714588,False,0.96
2023-07-25,99468.06,29184.901913057693,False,0.96
2023-07-26,99468.06,29222.974630383527,False,0.96
2023-07-27,99468.06,29363.672907978616,False,0.96
2023-07-28,99468.06,29200.244001291318,False,0.96
2023-07-29,99468.06,29314.09738709836,False,0.96
2023-07-30,99468.06,29356.74774591667,False,0.96
2023-07-31,99468.06,29277.75581027272,False,0.96
2023-08-01,99468.06,29233.13636558044,False,0.96
2023-08-02,99468.06,29537.109746927432,False,0.96
2023-08-03,99468.06,29146.63627084363,False,0.96
2023-08-04,99468.06,29176.15059658541,False,0.96
2023-08-05,99468.06,29087.938086007627,False,0.96
2023-08-06,99468.06,29046.8004570232,False,0.96
2023-08-07,99468.06,29044.20437557756,False,0.96
2023-08-08,99468.06,29178.147751873083,False,0.96
2023-08-09,99468.06,29779.56167125089,False,0.96
2023-08-10,99468.06,29585.48807737921,False,0.96
2023-08-11,99468.06,29423.81891597763,False,0.96
2023-08-12,99468.06,29396.8479714205,False,0.96
2023-08-13,99468.06,29412.142274584105,False,0.96
2023-08-14,99468.06,29284.96971374381,False,0.96
2023-08-15,99468.06,29400.58680419105,False,0.96
2023-08-16,99468.06,29170.490397060614,False,0.96
2023-08-17,99468.06,28754.197021112574,False,0.96
2023-08-18,99416.73,26501.58726991974,True,1.01
2023-08-19,98528.26,26042.838256849,True,1.9
2023-08-20,98648.22,26104.778630797897,True,1.78
2023-08-21,98756.53,26160.70041981821,True,1.67
2023-08-22,98675.78,26119.005958595222,True,1.75
2023-08-23,98510.51,26033.675406585844,True,1.91
2023-08-24,99316.84,26450.00862461353,True,1.11
2023-08-25,98706.63,26134.934254516003,True,1.72
2023-08-26,98530.58,26044.036209289134,True,1.89
2023-08-27,98449.2,26002.01571731937,True,1.98
2023-08-28,98554.98,26082.717178218525,False,1.87
2023-08-29,98554.98,26109.2698239287,False,1.87
2023-08-30,98554.98,27730.50373550554,False,1.87
2023-08-31,98554.98,27297.261438480404,False,1.87
2023-09-01,98554.98,25927.417005779287,False,1.87
2023-09-02,98554.98,25812.33049442542,False,1.87
2023-09-03,98554.98,25853.65684277757,False,1.87
2023-09-04,98554.98,25959.59631146345,False,1.87
2023-09-05,98554.98,25829.364772941324,False,1.87
2023-09-06,98554.98,25784.41351983038,False,1.87
2023-09-07,98554.98,25752.958418589413,False,1.87
2023-09-08,98554.98,26192.333433090567,False,1.87
2023-09-09,98554.98,25907.22813724973,False,1.87
2023-09-10,98554.98,25889.3250094629,False,1.87
2023-09-11,98554.98,25834.580098562918,False,1.87
2023-09-12,98554.98,25133.303106566527,False,1.87
2023-09-13,98554.98,25866.806663158084,False,1.87
2023-09-14,98554.98,26223.436075660946,False,1.87
2023-09-15,98554.98,26531.39556626326,False,1.87
2023-09-16,98554.98,26634.631025000588,False,1.87
2023-09-17,98554.98,26557.768691994646,False,1.87
2023-09-18,98554.98,26520.98825478389,False,1.87
2023-09-19,98554.98,26741.461110948952,False,1.87
2023-09-20,98554.98,27219.296874634216,False,1.87
2023-09-21,98554.98,27115.846446970816,False,1.87
2023-09-22,98554.98,26561.13345419872,False,1.87
2023-09-23,98554.98,26572.0381115526,False,1.87
2023-09-24,98554.98,26573.9234797301,False,1.87
2023-09-25,98554.98,26249.562897845204,False,1.87
2023-09-26,98554.98,26298.634678281232,False,1.87
2023-09-27,98554.98,26204.75759083597,False,1.87
2023-09-28,98554.98,26350.146895428057,False,1.87
2023-09-29,98554.98,27009.01375072488,False,1.87
2023-09-30,98554.98,26917.199101637976,False,1.87
2023-10-01,98554.98,26969.876144072576,False,1.87
2023-10-02,98554.98,27967.510579087117,False,1.87
2023-10-03,98554.98,27615.06488509527,False,1.87
2023-10-04,98554.98,27439.12194670512,False,1.87
2023-10-05,98554.98,27792.1112772493,False,1.87
2023-10-06,98554.98,27435.874615135104,False,1.87
2023-10-07,98554.98,27958.196437350485,False,1.87
2023-10-08,98554.98,27977.543490700005,False,1.87
2023-10-09,98554.98,27948.10365174851,False,1.87
2023-10-10,98554.98,27593.782534439662,False,1.87
2023-10-11,98554.98,27392.247702732497,False,1.87
2023-10-12,98554.98,26842.1904390924,False,1.87
2023-10-13,98554.98,26729.137205815103,False,1.87
2023-10-14,98554.98,26841.136220644406,False,1.87
2023-10-15,98554.98,26863.18356907992,False,1.87
2023-10-16,98554.98,27150.29700140705,False,1.87
2023-10-17,98554.98,28513.30993247735,False,1.87
2023-10-18,98554.98,28417.72175169982,False,1.87
2023-10-19,98554.98,28328.245198134824,False,1.87
2023-10-20,98554.98,28715.748142407952,False,1.87
2023-10-21,98529.38,29677.392888476206,True,1.9
2023-10-22,98321.97,29920.07449265145,True,2.1
2023-10-23,98238.06,30019.38050086351,True,2.19
2023-10-24,97504.79,32953.262760830985,True,2.92
2023-10-25,96672.54,33846.72425733224,True,3.74
2023-10-26,96286.83,34471.986031672015,True,4.13
2023-10-27,96468.61,34174.451552912586,True,3.95
2023-10-28,96639.69,33899.09305644032,True,3.78
2023-10-29,96519.16,34092.630932838576,True,3.9
2023-10-30,96235.92,34556.242814761616,True,4.18
2023-10-31,96270.66,34498.70391946407,True,4.14
2023-11-01,96166.2,34672.2892841885,True,4.25
2023-11-02,95858.28,35457.45491210553,False,4.56
2023-11-03,95858.28,34924.05545044328,False,4.56
2023-11-04,95858.28,34731.38136896784,False,4.56
2023-11-05,95858.28,35048.407834901074,False,4.56
2023-11-06,95858.28,35061.92874919579,False,4.56
2023-11-07,95858.28,35031.26888208706,False,4.56
2023-11-08,95858.28,35436.53762957962,False,4.56
2023-11-09,95858.28,35795.0806307102,False,4.56
2023-11-10,95858.28,36768.42081912672,False,4.56
2023-11-11,95858.28,37344.249000720345,False,4.56
2023-11-12,95858.28,37122.72282430656,False,4.56
2023-11-13,95858.28,37067.69698212008,False,4.56
2023-11-14,95858.28,36549.16204829837,False,4.56
2023-11-15,95858.28,35545.201433454065,False,4.56
2023-11-16,95839.03,37903.66245166294,True,4.57
2023-11-17,96743.01,36201.51611146142,True,3.67
2023-11-18,96563.22,36527.76022530742,True,3.85
2023-11-19,96533.44,36582.36844192274,True,3.88
2023-11-20,96090.66,37413.99460790531,True,4.32
2023-11-21,96051.53,37489.298470802016,True,4.36
2023-11-22,96854.94,35965.36036068078,False,3.56
2023-11-23,96854.94,37464.83293220907,False,3.56
2023-11-24,96854.94,37293.316127426726,False,3.56
2023-11-25,96854.94,37738.93169747125,False,3.56
2023-11-26,96854.94,37809.85286625321,False,3.56
2023-11-27,96854.94,37491.838186008135,False,3.56
2023-11-28,96854.94,37250.16905148115,False,3.56
2023-11-29,96854.94,37802.23604377473,False,3.56
2023-11-30,96854.94,37810.34641654128,False,3.56
2023-12-01,96854.94,37711.81837585267,False,3.56
2023-12-02,96854.94,38688.25874179069,False,3.56
2023-12-03,96854.94,39481.666416062864,False,3.56
2023-12-04,96836.04,39960.27542041052,True,3.58
2023-12-05,95984.92,41974.331772543344,True,4.43
2023-12-06,95148.5,44105.94477259938,True,5.26
2023-12-07,95274.04,43788.28880825234,True,5.14
2023-12-08,95482.78,43270.11955970747,True,4.93
2023-12-09,95110.83,44202.17610943621,True,5.3
2023-12-10,95291.1,43745.49199189547,True,5.12
2023-12-11,95286.12,43757.959937619176,True,5.12
2023-12-12,96368.66,41200.96272610168,True,4.05
2023-12-13,96256.99,41450.81938737744,True,4.16
2023-12-14,95621.8,42931.76182603245,True,4.79
2023-12-15,95589.63,43009.5954563739,True,4.82
2023-12-16,96001.52,41992.01418722399,False,4.41
2023-12-17,96001.52,42247.06788172229,False,4.41
2023-12-18,96001.52,41410.819634575855,False,4.41
2023-12-19,96001.52,42684.182554683386,False,4.41
2023-12-20,96001.52,42250.20618279751,False,4.41
2023-12-21,96001.52,43634.1241684964,False,4.41
2023-12-22,96001.52,43849.69959939619,False,4.41
2023-12-23,96001.52,44003.6960216438,False,4.41
2023-12-24,96001.52,43752.03088478376,False,4.41
2023-12-25,96001.52,43034.97106309152,False,4.41
2023-12-26,96001.52,43638.23630220092,False,4.41
2023-12-27,96001.52,42516.42694028252,False,4.41
2023-12-28,96001.52,43418.46777504291,False,4.41
2023-12-29,96001.52,42600.65063315619,False,4.41
2023-12-30,96001.52,42074.70715618848,False,4.41
2023-12-31,96001.52,42220.61140121376,False,4.41
2024-01-01,96001.52,42208.20217618648,False,4.41
2024-01-02,96001.52,44168.68118687473,False,4.41
2024-01-03,96001.52,44994.67388689237,False,4.41
2024-01-04,96001.52,42821.558989158,False,4.41
2024-01-05,96001.52,44195.57856209971,False,4.41
2024-01-06,96001.52,44113.69973389081,False,4.41
2024-01-07,96001.52,43956.12071720152,False,4.41
2024-01-08,96001.52,43883.74387905174,False,4.41
2024-01-09,96001.52,46936.18556121751,False,4.41
2024-01-10,96001.52,46105.94607828697,False,4.41
2024-01-11,96001.52,46632.31314804979,False,4.41
2024-01-12,96001.52,46314.35554160269,False,4.41
2024-01-13,96001.52,42893.92960550481,False,4.41
2024-01-14,96001.52,42848.47451640749,False,4.41
2024-01-15,96001.52,41800.93282193406,False,4.41
2024-01-16,96001.52,42587.336038354406,False,4.41
2024-01-17,96001.52,43148.00164342693,False,4.41
2024-01-18,96001.52,42713.859186938986,False,4.41
2024-01-19,96001.52,41261.39479801012,False,4.41
2024-01-20,96001.52,41600.94093254464,False,4.41
2024-01-21,96001.52,41626.10711003664,False,4.41
2024-01-22,96001.52,41541.89945706261,False,4.41
2024-01-23,96001.52,39504.73005758438,False,4.41
2024-01-24,96001.52,39833.45410501688,False,4.41
2024-01-25,96001.52,40123.67105847147,False,4.41
2024-01-26,96001.52,39938.28644155878,False,4.41
2024-01-27,96001.52,41862.9356109399,False,4.41
2024-01-28,96001.52,42119.61049464309,False,4.41
2024-01-29,96001.52,42026.57856232145,False,4.41
2024-01-30,96001.52,43267.60927638767,False,4.41
2024-01-31,96001.52,42892.03453014447,False,4.41
2024-02-01,96001.52,42583.26354663417,False,4.41
2024-02-02,96001.52,43069.0434209368,False,4.41
2024-02-03,96001.52,43170.65856159975,False,4.41
2024-02-04,96001.52,42976.84829990829,False,4.41
2024-02-05,96001.52,42599.35997055978,False,4.41
2024-02-06,96001.52,42648.45692113544,False,4.41
2024-02-07,96001.52,43087.78740814285,False,4.41
2024-02-08,96001.52,44247.415415479314,False,4.41
2024-02-09,96001.52,45338.27118978949,False,4.41
2024-02-10,95983.68,47143.24299107112,True,4.43
2024-02-11,95750.31,47768.995251247936,True,4.66
2024-02-12,95596.74,48189.88179303987,True,4.82
2024-02-13,95202.61,50050.13609456397,True,5.21
2024-02-14,95321.8,49732.14536955351,True,5.09
2024-02-15,94406.7,51790.16929752642,True,6.0
2024-02-16,94346.83,51958.23029105492,True,6.06
2024-02-17,94273.2,52166.43430976192,True,6.13
2024-02-18,94444.53,51684.51749264525,True,5.96
2024-02-19,94283.05,52138.48578873693,True,6.12
2024-02-20,94415.94,51764.313185487765,True,5.99
2024-02-21,94230.9,52286.79372554667,True,6.18
2024-02-22,94387.92,51842.75676625642,True,6.02
2024-02-23,94576.45,51319.500125702674,True,5.83
2024-02-24,94752.22,50841.081094770896,True,5.66
2024-02-25,94473.24,51553.096712831146,False,5.93
2024-02-26,94473.24,51751.88405493456,False,5.93
2024-02-27,94473.24,54478.19108312296,False,5.93
2024-02-28,94452.67,57003.52673730811,True,5.95
2024-02-29,93506.96,62558.58202419311,True,6.9
2024-03-01,93874.82,61298.21686110162,True,6.53
2024-03-02,93544.77,62426.64052919186,True,6.86
2024-03-03,93648.41,62067.86680212177,True,6.76
2024-03-04,93366.64,63053.10543906421,True,7.04
2024-03-05,92613.95,68186.64593432152,True,7.79
2024-03-06,93592.43,64291.536557569496,True,6.81
2024-03-07,93112.22,66145.91927850846,True,7.29
2024-03-08,92913.53,66944.87639053575,True,7.49
2024-03-09,92583.55,68315.25192078314,True,7.82
2024-03-10,92538.19,68508.0039626159,True,7.86
2024-03-11,92406.09,69075.66688195744,True,7.99
2024-03-12,91756.9,72130.55300765681,False,8.64
2024-03-13,91756.9,71467.17350326062,False,8.64
2024-03-14,91756.9,73097.76702694128,False,8.64
2024-03-15,91756.9,71420.03180142345,False,8.64
2024-03-16,91756.9,69497.7631929463,False,8.64
2024-03-17,91756.9,65292.31329331289,False,8.64
2024-03-18,91756.9,68425.41565643054,False,8.64
2024-03-19,91756.9,67708.94360930806,False,8.64
2024-03-20,91756.9,62132.51737873437,False,8.64
2024-03-21,91756.9,67819.05570684028,False,8.64
2024-03-22,91756.9,65535.97844847657,False,8.64
2024-03-23,91756.9,63509.04496523133,False,8.64
2024-03-24,91756.9,64285.80279102199,False,8.64
2024-03-25,91756.9,67310.98326810106,False,8.64
2024-03-26,91756.9,69938.94530200244,False,8.64
2024-03-27,91756.9,70082.05122475982,False,8.64
2024-03-28,91756.9,69435.75040305211,False,8.64
2024-03-29,91756.9,70710.19534863312,False,8.64
2024-03-30,91756.9,69919.05546148612,False,8.64
2024-03-31,91756.9,69702.3087473573,False,8.64
2024-04-01,91756.9,71246.95144060145,False,8.64
2024-04-02,91756.9,69785.92503802372,False,8.64
2024-04-03,91756.9,65440.41922587159,False,8.64
2024-04-04,91756.9,66123.938539074,False,8.64
2024-04-05,91756.9,68542.17715279506,False,8.64
2024-04-06,91756.9,67978.61023408506,False,8.64
2024-04-07,91756.9,69000.6499164776,False,8.64
2024-04-08,91756.9,69401.97360911008,False,8.64
2024-04-09,91756.9,71624.18486236996,False,8.64
2024-04-10,91756.9,69158.64381207665,False,8.64
2024-04-11,91756.9,70527.88997578963,False,8.64
2024-04-12,91756.9,70106.66413070948,False,8.64
2024-04-13,91756.9,67252.10504226631,False,8.64
2024-04-14,91756.9,64404.82548907413,False,8.64
2024-04-15,91756.9,65752.66004728881,False,8.64
2024-04-16,91756.9,63430.5714573684,False,8.64
2024-04-17,91756.9,63720.501587480736,False,8.64
2024-04-18,91756.9,61328.89798860725,False,8.64
2024-04-19,91756.9,63461.59269510717,False,8.64
2024-04-20,91756.9,63988.818471785664,False,8.64
2024-04-21,91756.9,64894.41869109179,False,8.64
2024-04-22,91756.9,64936.4207567739,False,8.64
2024-04-23,91756.9,66841.66685207361,False,8.64
2024-04-24,91756.9,66406.95244392671,False,8.64
2024-04-25,91756.9,64279.51812857524,False,8.64
2024-04-26,91756.9,64486.183359158975,False,8.64
2024-04-27,91756.9,63802.330049258766,False,8.64
2024-04-28,91756.9,63517.248743409626,False,8.64
2024-04-29,91756.9,63030.433616681854,False,8.64
2024-04-30,91756.9,63797.67963589958,False,8.64
2024-05-01,91756.9,60749.47209216387,False,8.64
2024-05-02,91756.9,58297.57407532549,False,8.64
2024-05-03,91756.9,59135.1733607733,False,8.64
2024-05-04,91756.9,62839.34073569376,False,8.64
2024-05-05,91756.9,63820.451902924986,False,8.64
2024-05-06,91756.9,64010.00865210892,False,8.64
2024-05-07,91756.9,63172.48129551341,False,8.64
2024-05-08,91756.9,62363.057191718624,False,8.64
2024-05-09,91756.9,61215.50400879193,False,8.64
2024-05-10,91756.9,63148.59994309703,False,8.64
2024-05-11,91756.9,60888.21674957157,False,8.64
2024-05-12,91756.9,60776.97207917213,False,8.64
2024-05-13,91756.9,61507.05400412135,False,8.64
2024-05-14,91756.9,62878.783300729294,False,8.64
2024-05-15,91756.9,61569.1130057734,False,8.64
2024-05-16,91756.9,66220.51831432826,False,8.64
2024-05-17,91756.9,65260.879803346186,False,8.64
2024-05-18,91756.9,67053.12326509564,False,8.64
2024-05-19,91756.9,66912.61861403697,False,8.64
2024-05-20,91756.9,66252.71259591613,False,8.64
2024-05-21,91756.9,71430.29700215145,False,8.64
2024-05-22,91756.9,70189.8358177002,False,8.64
2024-05-23,91756.9,69181.20085677762,False,8.64
2024-05-24,91756.9,67906.46534276106,False,8.64
2024-05-25,91756.9,68539.91646552991,False,8.64
2024-05-26,91756.9,69268.44558973772,False,8.64
2024-05-27,91756.9,68508.83110875699,False,8.64
2024-05-28,91756.9,69367.23871755725,False,8.64
2024-05-29,91756.9,68316.63588049631,False,8.64
2024-05-30,91756.9,67577.26558995963,False,8.64
2024-05-31,91756.9,68372.49288434093,False,8.64
2024-06-01,91756.9,67474.95483698409,False,8.64
2024-06-02,91756.9,67704.32641811523,False,8.64
2024-06-03,91756.9,67740.01690222476,False,8.64
2024-06-04,91756.9,68808.29368590549,False,8.64
2024-06-05,91756.9,70600.01116676089,False,8.64
2024-06-06,91756.9,71184.59943059199,False,8.64
2024-06-07,91756.9,70759.58819301432,False,8.64
2024-06-08,91756.9,69325.36238847222,False,8.64
2024-06-09,91756.9,69315.1041233966,False,8.64
2024-06-10,91756.9,69654.16073760358,False,8.64
2024-06-11,91756.9,69493.17760915738,False,8.64
2024-06-12,91756.9,67329.15232724321,False,8.64
2024-06-13,91756.9,68224.51967501991,False,8.64
2024-06-14,91756.9,66700.31696564378,False,8.64
2024-06-15,91756.9,66011.07873713733,False,8.64
2024-06-16,91756.9,66190.4874891135,False,8.64
2024-06-17,91756.9,66615.53782131766,False,8.64
2024-06-18,91756.9,66460.38897909952,False,8.64
2024-06-19,91756.9,65109.31481219048,False,8.64
2024-06-20,91756.9,64907.07460760319,False,8.64
2024-06-21,91756.9,64844.67441797763,False,8.64
2024-06-22,91756.9,64071.624284709695,False,8.64
2024-06-23,91756.9,64239.90348813148,False,8.64
2024-06-24,91756.9,63221.35738437477,False,8.64
2024-06-25,91720.4,60363.23497529626,True,8.68
2024-06-26,92571.25,61770.41387009536,True,7.83
2024-06-27,91954.2,60749.89619402014,True,8.44
2024-06-28,92445.62,61562.64532550036,True,7.95
2024-06-29,91692.51,60317.09697945116,True,8.7
2024-06-30,92023.46,60864.44316193428,True,8.37
2024-07-01,93154.12,62734.39383945474,True,7.25
2024-07-02,93205.77,62819.82226921849,True,7.2
2024-07-03,92735.81,62042.5650371006,True,7.66
2024-07-04,91648.72,60244.68076433092,True,8.75
2024-07-05,90057.83,57189.17412408636,True,10.33
2024-07-06,89810.92,56739.86285107204,True,10.58
2024-07-07,90630.06,58230.4841542266,True,9.76
2024-07-08,89338.61,55880.3753776708,True,11.05
2024-07-09,89769.86,56665.14073352028,True,10.62
2024-07-10,90496.97,57988.30351208401,True,9.89
2024-07-11,90340.85,57704.20228446288,True,10.05
2024-07-12,90167.2,57388.19247916668,True,10.22
2024-07-13,90448.06,57899.28895749592,True,9.94
2024-07-14,91136.85,59152.71913887286,True,9.26
2024-07-15,92086.8,60942.32773996293,False,8.31
2024-07-16,92086.8,64835.48973321571,False,8.31
2024-07-17,92086.8,65162.23625234354,False,8.31
2024-07-18,92086.8,64136.31384360687,False,8.31
2024-07-19,92086.8,63959.56900809379,False,8.31
2024-07-20,92086.8,66689.54880734957,False,8.31
2024-07-21,92086.8,67206.06470614894,False,8.31
2024-07-22,92086.8,68088.13996324532,False,8.31
2024-07-23,92086.8,67607.71339918874,False,8.31
2024-07-24,92086.8,65942.41746522837,False,8.31
2024-07-25,92086.8,65403.53513022529,False,8.31
2024-07-26,92086.8,65749.96361965332,False,8.31
2024-07-27,92086.8,67920.2964857025,False,8.31
2024-07-28,92086.8,68055.40838968738,False,8.31
2024-07-29,92086.8,68242.2474440493,False,8.31
2024-07-30,92086.8,66770.32091848266,False,8.31
2024-07-31,92086.8,66219.05102486102,False,8.31
2024-08-01,92086.8,64679.77864703252,False,8.31
2024-08-02,92086.8,65357.52960767435,False,8.31
2024-08-03,92086.8,61407.29547397454,False,8.31
2024-08-04,92086.8,60738.7449250574,False,8.31
2024-08-05,92086.8,58006.206586686734,False,8.31
2024-08-06,92064.04,53956.26184159744,True,8.33
2024-08-07,92909.14,55959.84107399357,True,7.49
2024-08-08,92546.44,55099.95181146735,True,7.85
2024-08-09,95397.4,61859.03159904161,True,5.01
2024-08-10,94998.19,60912.588533350805,True,5.41
2024-08-11,94987.7,60887.70861641504,True,5.42
2024-08-12,94108.89,58804.23449992608,True,6.3
2024-08-13,94339.13,59350.07433270696,True,6.07
2024-08-14,94866.86,60601.22317789727,True,5.54
2024-08-15,94081.46,58739.19382231015,True,6.32
2024-08-16,93586.82,57624.11692852191,False,6.82
2024-08-17,93586.82,58881.92579151217,False,6.82
2024-08-18,93586.82,59430.79163445865,False,6.82
2024-08-19,93586.82,58438.29374268541,False,6.82
2024-08-20,93586.82,59574.94581294088,False,6.82
2024-08-21,93586.82,59060.12610074137,False,6.82
2024-08-22,93586.82,61144.68762866613,False,6.82
2024-08-23,93586.82,60387.54062321362,False,6.82
2024-08-24,93586.82,64049.68561555576,False,6.82
2024-08-25,93586.82,64157.1606134782,False,6.82
2024-08-26,93586.82,64265.81631272862,False,6.82
2024-08-27,93586.82,62922.58634676265,False,6.82
2024-08-28,93586.82,59526.560879590994,False,6.82
2024-08-29,93586.82,59015.29633887944,False,6.82
2024-08-30,93586.82,59351.5794909728,False,6.82
2024-08-31,93586.82,59156.24603646356,False,6.82
2024-09-01,93586.82,58960.23658664587,False,6.82
2024-09-02,93586.82,57357.71617282246,False,6.82
2024-09-03,93586.82,59108.73235863689,False,6.82
2024-09-04,93586.82,57504.53858622044,False,6.82
2024-09-05,93586.82,57987.84601410068,False,6.82
2024-09-06,93586.82,56132.4047320886,False,6.82
2024-09-07,93586.82,53923.35611071905,False,6.82
2024-09-08,93586.82,54150.9383589072,False,6.82
2024-09-09,93586.82,54792.40755768575,False,6.82
2024-09-10,93586.82,57049.11875114327,False,6.82
2024-09-11,93586.82,57624.16178336144,False,6.82
2024-09-12,93586.82,57381.76444500048,False,6.82
2024-09-13,93586.82,58106.95122981528,False,6.82
2024-09-14,93586.82,60620.62747295754,False,6.82
2024-09-15,93586.82,60003.29940083042,False,6.82
2024-09-16,93586.82,59214.80226801806,False,6.82
2024-09-17,93586.82,58211.123231286256,False,6.82
2024-09-18,93586.82,60317.0319794625,False,6.82
2024-09-19,93586.82,61440.41208494509,False,6.82
2024-09-20,93586.82,62966.52931910512,False,6.82
2024-09-21,93586.82,63128.224540748255,False,6.82
2024-09-22,93586.82,63403.40234925936,False,6.82
2024-09-23,93586.82,63582.59956924825,False,6.82
2024-09-24,93586.82,63327.02654450202,False,6.82
2024-09-25,93586.82,64334.14274876097,False,6.82
2024-09-26,93586.82,63151.89959401337,False,6.82
2024-09-27,93586.82,65130.76884023231,False,6.82
2024-09-28,93586.82,65791.00212541742,False,6.82
2024-09-29,93586.82,65934.10709441357,False,6.82
2024-09-30,93586.82,65663.68986662335,False,6.82
2024-10-01,93586.82,63243.27532464382,False,6.82
2024-10-02,93586.82,60872.66854372554,False,6.82
2024-10-03,93586.82,60655.55979196848,False,6.82
2024-10-04,93586.82,60727.86395169296,False,6.82
2024-10-05,93586.82,62103.01047283253,False,6.82
2024-10-06,93586.82,62091.932585194016,False,6.82
2024-10-07,93586.82,62811.79972811266,False,6.82
2024-10-08,93586.82,62287.39010510681,False,6.82
2024-10-09,93586.82,62185.230423727575,False,6.82
2024-10-10,93586.82,60597.15045618275,False,6.82
2024-10-11,93586.82,60195.18073772453,False,6.82
2024-10-12,93586.82,62392.34048293159,False,6.82
2024-10-13,93586.82,63207.77062127557,False,6.82
2024-10-14,93586.82,62829.533686088886,False,6.82
2024-10-15,93586.82,66049.99492708022,False,6.82
2024-10-16,93586.82,66962.21994496793,False,6.82
2024-10-17,93586.82,67647.54414766871,False,6.82
2024-10-18,93586.82,67328.10527002988,False,6.82
2024-10-19,93586.82,68465.61920668735,False,6.82
2024-10-20,93586.82,68388.87128965274,False,6.82
2024-10-21,93586.82,68962.82918045693,False,6.82
2024-10-22,93586.82,67394.85775735618,False,6.82
2024-10-23,93586.82,67351.04793512498,False,6.82
2024-10-24,93586.82,66683.96806542306,False,6.82
2024-10-25,93586.82,68214.05205157402,False,6.82
2024-10-26,93586.82,66585.66535501445,False,6.82
2024-10-27,93586.82,67018.1650170265,False,6.82
2024-10-28,93586.82,67938.55412885673,False,6.82
2024-10-29,93586.82,69845.304531169,False,6.82
2024-10-30,93567.45,72781.11308158132,True,6.84
2024-10-31,93684.76,72342.62171127986,True,6.72
2024-11-01,94260.52,70264.99735573279,True,6.15
2024-11-02,94478.88,69507.92256395647,True,5.93
2024-11-03,94539.93,69299.16036699413,True,5.87
2024-11-04,94686.37,68803.50626277467,True,5.72
2024-11-05,94970.69,67793.29782704762,False,5.44
2024-11-06,94970.69,69335.42553133758,False,5.44
2024-11-07,94970.69,75620.88606963192,False,5.44
2024-11-08,94952.93,75987.24178320667,True,5.46
2024-11-09,94822.46,76550.0213845611,True,5.59
2024-11-10,94804.03,76630.22631415377,True,5.6
2024-11-11,94129.86,80466.71654833542,True,6.28
2024-11-12,93219.11,88637.42000322911,True,7.18
2024-11-13,93284.55,88264.59974582895,True,7.12
2024-11-14,92902.22,90488.10007497849,True,7.5
2024-11-15,93437.13,87407.51273710128,True,6.97
2024-11-16,92825.47,90947.97509443705,True,7.57
2024-11-17,92882.39,90606.45489380708,True,7.52
2024-11-18,93011.46,89841.47194135105,True,7.39
2024-11-19,92894.42,90534.62459650292,True,7.51
2024-11-20,92408.63,92251.65240738312,False,7.99
2024-11-21,92408.63,94217.02229634204,False,7.99
2024-11-22,92408.63,98509.11859102432,False,7.99
2024-11-23,92408.63,98927.494945534,False,7.99
2024-11-24,92408.63,97679.46381643032,False,7.99
2024-11-25,92408.63,98015.9355289458,False,7.99
2024-11-26,92408.63,93004.70093103289,False,7.99
2024-11-27,92408.63,91931.83077291829,False,7.99
2024-11-28,92408.63,95981.18057210564,False,7.99
2024-11-29,92408.63,95661.59595817851,False,7.99
2024-11-30,92408.63,97453.2473451042,False,7.99
2024-12-01,92408.63,96513.14234698223,False,7.99
2024-12-02,92408.63,97311.70719084324,False,7.99
2024-12-03,92408.63,95833.1362300365,False,7.99
2024-12-04,92408.63,96031.63097759832,False,7.99
2024-12-05,92408.63,98881.4694561823,False,7.99
2024-12-06,92408.63,97201.5003640774,False,7.99
2024-12-07,92408.63,99973.85150659826,False,7.99
2024-12-08,92408.63,99781.82999198174,False,7.99
2024-12-09,92408.63,101235.3717025316,False,7.99
2024-12-10,92408.63,97353.94700820888,False,7.99
2024-12-11,92408.63,96649.71446771533,False,7.99
2024-12-12,92408.63,101123.61811033696,False,7.99
2024-12-13,92408.63,100000.80836535196,False,7.99
2024-12-14,92408.63,101352.22971292294,False,7.99
2024-12-15,92408.63,101367.01064553364,False,7.99
2024-12-16,92408.63,104721.50151808978,False,7.99
2024-12-17,92408.63,106074.10723541168,False,7.99
2024-12-18,92408.63,106034.913402645,False,7.99
2024-12-19,92408.63,100355.5761481501,False,7.99
2024-12-20,92408.63,97851.35377075804,False,7.99
2024-12-21,92408.63,97691.43431692652,False,7.99
2024-12-22,92408.63,97202.82496847631,False,7.99
2024-12-23,92408.63,95094.27394862172,False,7.99
2024-12-24,92408.63,94644.9108546432,False,7.99
2024-12-25,92408.63,98695.714007826,False,7.99
2024-12-26,92408.63,99344.95417367227,False,7.99
2024-12-27,92408.63,95678.31244565404,False,7.99
2024-12-28,92408.63,94331.94727053076,False,7.99
2024-12-29,92408.63,95184.61945288602,False,7.99
2024-12-30,92408.63,93663.44751964069,False,7.99
2024-12-31,92408.63,92627.28213113276,False,7.99
2025-01-01,92408.63,93507.85874741492,False,7.99
2025-01-02,92408.63,94384.1761153871,False,7.99
2025-01-03,92408.63,96852.14681235077,False,7.99
2025-01-04,92408.63,98084.34279280754,False,7.99
2025-01-05,92408.63,98256.73876849932,False,7.99
2025-01-06,92408.63,98364.58946599838,False,7.99
2025-01-07,92408.63,102229.39453189744,False,7.99
2025-01-08,92408.63,96952.09886774956,False,7.99
2025-01-09,92408.63,95016.71440989176,False,7.99
2025-01-10,92408.63,92376.275783461,False,7.99
2025-01-11,92408.63,94736.6267420969,False,7.99
2025-01-12,92408.63,94559.55167224212,False,7.99
2025-01-13,92408.63,94454.77089638809,False,7.99
2025-01-14,92408.63,94456.3493746993,False,7.99
2025-01-15,92408.63,96574.07768799194,False,7.99
2025-01-16,92408.63,100313.15239828422,False,7.99
2025-01-17,92408.63,100044.57926776377,False,7.99
2025-01-18,92408.63,104160.69358484232,False,7.99
2025-01-19,92408.63,104334.61575724394,False,7.99
2025-01-20,92408.63,101275.33714814208,False,7.99
2025-01-21,92408.63,101764.90860170544,False,7.99
2025-01-22,92408.63,106182.2368201815,False,7.99
2025-01-23,92408.63,103673.53509537788,False,7.99
2025-01-24,92408.63,104067.60991206949,False,7.99
2025-01-25,92408.63,104835.19253555956,False,7.99
2025-01-26,92408.63,104796.04077738234,False,7.99
2025-01-27,92408.63,102552.24874280208,False,7.99
2025-01-28,92408.63,101958.46953745594,False,7.99
2025-01-29,92408.63,101313.11264498268,False,7.99
2025-01-30,92408.63,103718.97939813643,False,7.99
2025-01-31,92408.63,104781.5135100103,False,7.99
2025-02-01,92408.63,102382.39409722164,False,7.99
2025-02-02,92408.63,100674.78762544956,False,7.99
2025-02-03,92408.63,97568.31653024876,False,7.99
2025-02-04,92408.63,101466.8606657039,False,7.99
2025-02-05,92408.63,98118.43921664466,False,7.99
2025-02-06,92408.63,96582.88682919052,False,7.99
2025-02-07,92408.63,96635.41875332213,False,7.99
2025-02-08,92408.63,96558.4563096667,False,7.99
2025-02-09,92408.63,96558.23762501092,False,7.99
2025-02-10,92408.63,96548.57865379583,False,7.99
2025-02-11,92408.63,97399.98161383196,False,7.99
2025-02-12,92408.63,95739.9773707924,False,7.99
2025-02-13,92408.63,97836.18856127484,False,7.99
2025-02-14,92408.63,96561.6639990985,False,7.99
2025-02-15,92408.63,97488.48148536457,False,7.99
2025-02-16,92408.63,97569.95169430463,False,7.99
2025-02-17,92408.63,96149.3484548204,False,7.99
2025-02-18,92408.63,95776.15723852724,False,7.99
2025-02-19,92408.63,95495.89153299289,False,7.99
2025-02-20,92408.63,96554.87156259285,False,7.99
2025-02-21,92408.63,98384.31738240314,False,7.99
2025-02-22,92408.63,96135.15541305284,False,7.99
2025-02-23,92408.63,96564.15414290236,False,7.99
2025-02-24,92408.63,96327.46309127836,False,7.99
2025-02-25,92408.63,91396.76686930266,False,7.99
2025-02-26,92408.63,88755.7693356979,False,7.99
2025-02-27,92379.45,83900.11496524839,True,8.02
2025-02-28,92660.81,84709.14477847965,True,7.74
2025-03-01,92567.87,84441.9012237131,True,7.83
2025-03-02,93111.56,86005.25629681018,True,7.29
2025-03-03,95950.06,94261.5328653844,False,4.46
2025-03-04,95950.06,86124.71418722175,False,4.46
2025-03-05,95950.06,87310.80531078295,False,4.46
2025-03-06,95950.06,90604.08098523636,False,4.46
2025-03-07,95950.06,90001.40087607042,False,4.46
2025-03-08,95950.06,86773.33597555371,False,4.46
2025-03-09,95950.06,86142.9833586432,False,4.46
2025-03-10,95950.06,80751.13893300897,False,4.46
2025-03-11,95950.06,78783.94057934263,False,4.46
2025-03-12,95950.06,82799.1080292053,False,4.46
2025-03-13,95950.06,83884.24578828987,False,4.46
2025-03-14,95950.06,81098.90052436228,False,4.46
2025-03-15,95950.06,83971.70916064628,False,4.46
2025-03-16,95950.06,84391.69087647168,False,4.46
2025-03-17,95950.06,82610.61750343916,False,4.46
2025-03-18,95950.06,84075.36559694471,False,4.46
2025-03-19,95950.06,82780.03048688271,False,4.46
2025-03-20,95950.06,86815.44109470697,False,4.46
2025-03-21,95950.06,84270.84358966233,False,4.46
2025-03-22,95950.06,84009.532917822,False,4.46
2025-03-23,95950.06,83793.30854192551,False,4.46
2025-03-24,95950.06,85787.70914901773,False,4.46
2025-03-25,95950.06,87327.72969669085,False,4.46
2025-03-26,95950.06,87520.58391530563,False,4.46
2025-03-27,95950.06,86960.8555491039,False,4.46
2025-03-28,95950.06,87227.27158032371,False,4.46
2025-03-29,95950.06,84359.46915506005,False,4.46
2025-03-30,95950.06,82679.17255385047,False,4.46
2025-03-31,95950.06,82356.38111183756,False,4.46
2025-04-01,95950.06,82514.09365397849,False,4.46
2025-04-02,95950.06,85237.5876052852,False,4.46
2025-04-03,95950.06,82526.4221526433,False,4.46
2025-04-04,95950.06,83163.98757387721,False,4.46
2025-04-05,95950.06,83852.00765399594,False,4.46
2025-04-06,95950.06,83595.88550177493,False,4.46
2025-04-07,95950.06,78211.48358199988,False,4.46
2025-04-08,95950.06,79179.29226757778,False,4.46
2025-04-09,95950.06,76329.090356324,False,4.46
2025-04-10,95950.06,82622.17029546302,False,4.46
2025-04-11,95950.06,79596.35732250768,False,4.46
2025-04-12,95950.06,83439.28818043756,False,4.46
2025-04-13,95950.06,85305.09728392666,False,4.46
2025-04-14,95950.06,83600.82010054543,False,4.46
2025-04-15,95950.06,84523.4524914945,False,4.46
2025-04-16,95950.06,83656.49248858042,False,4.46
2025-04-17,95950.06,84105.77942167096,False,4.46
2025-04-18,95950.06,84930.90857600998,False,4.46
2025-04-19,95950.06,84433.75017215389,False,4.46
2025-04-20,95950.06,85126.66244301842,False,4.46
2025-04-21,95950.06,85073.16544858096,False,4.46
2025-04-22,95950.06,87452.04699068287,False,4.46
2025-04-23,95950.06,93576.1658857398,False,4.46
2025-04-24,95950.06,93605.45230873208,False,4.46
2025-04-25,95950.06,93872.81422867288,False,4.46
2025-04-26,95950.06,94773.11200643536,False,4.46
2025-04-27,95950.06,94644.06637120109,False,4.46
2025-04-28,95950.06,93809.33781968225,False,4.46
2025-04-29,95950.06,95030.60645474444,False,4.46
2025-04-30,95950.06,94256.35946318062,False,4.46
2025-05-01,95950.06,94235.75331048168,False,4.46
2025-05-02,95950.06,96426.94522273028,False,4.46
2025-05-03,95950.06,96855.5681343944,False,4.46
2025-05-04,95950.06,95922.86842404422,False,4.46
2025-05-05,95950.06,94326.62048529249,False,4.46
2025-05-06,95950.06,94758.8237105546,False,4.46
2025-05-07,95950.06,96854.53198815876,False,4.46
2025-05-08,95950.06,97026.493769668,False,4.46
2025-05-09,95932.71,103076.27555512934,True,4.48
2025-05-10,95951.85,102962.540456923,True,4.46
2025-05-11,95675.27,104630.8792994166,True,4.74
2025-05-12,95779.79,103994.061616746,True,4.63
2025-05-13,95966.3,102876.8304286011,True,4.45
2025-05-14,95748.4,104184.49039270742,True,4.66
2025-05-15,95846.05,103594.42575090707,True,4.57
2025-05-16,95827.02,103708.8513642364,True,4.59
2025-05-17,95852.44,103556.03493982446,True,4.56
2025-05-18,95909.87,103212.36483885496,True,4.5
2025-05-19,95433.09,106030.6376831359,False,4.98
2025-05-20,95433.09,105629.41580436694,False,4.98
2025-05-21,95433.09,106786.71995834044,False,4.98
2025-05-22,95433.09,109665.86371625264,False,4.98
2025-05-23,95433.09,111560.356938144,False,4.98
2025-05-24,95433.09,107216.66856870624,False,4.98
2025-05-25,95433.09,107831.36374380375,False,4.98
2025-05-26,95433.09,108861.81037744328,False,4.98
2025-05-27,95433.09,109377.71513263127,False,4.98
2025-05-28,95433.09,109068.45694901443,False,4.98
2025-05-29,95433.09,107838.18431100152,False,4.98
2025-05-30,95433.09,105745.41660358038,False,4.98
2025-05-31,95433.09,104010.91956242644,False,4.98
2025-06-01,95433.09,104687.50742934884,False,4.98
2025-06-02,95433.09,105710.00593822816,False,4.98
2025-06-03,95433.09,105884.74263221148,False,4.98
2025-06-04,95433.09,105434.47745144973,False,4.98
2025-06-05,95433.09,104812.9182188067,False,4.98
2025-06-06,95433.09,101650.7387545425,False,4.98
2025-06-07,95433.09,104409.74967959142,False,4.98
2025-06-08,95433.09,105681.4546141758,False,4.98
2025-06-09,95433.09,105692.24740699006,False,4.98
2025-06-10,95433.09,110261.57485948496,False,4.98
2025-06-11,95433.09,110212.73252109604,False,4.98
2025-06-12,95433.09,108679.9760916168,False,4.98
2025-06-13,95433.09,105979.22902375912,False,4.98
2025-06-14,95433.09,106045.56440819205,False,4.98
2025-06-15,95433.09,105482.90611628916,False,4.98
2025-06-16,95433.09,105554.49383061715,False,4.98
2025-06-17,95433.09,106951.2720181497,False,4.98
2025-06-18,95433.09,104683.42479835715,False,4.98
2025-06-19,95433.09,104722.695052907,False,4.98
2025-06-20,95433.09,104690.65002458123,False,4.98
2025-06-21,95433.09,103290.105144757,False,4.98
2025-06-22,95433.09,101532.5683847329,False,4.98
2025-06-23,95433.09,100852.58264648831,False,4.98
2025-06-24,95433.09,105511.62437933136,False,4.98
2025-06-25,95433.09,105976.06929808448,False,4.98
2025-06-26,95433.09,107238.53045016268,False,4.98
2025-06-27,95433.09,106984.01253775664,False,4.98
2025-06-28,95433.09,107078.91560644074,False,4.98
2025-06-29,95433.09,107331.58548463575,False,4.98
2025-06-30,95433.09,108396.61631317894,False,4.98
2025-07-01,95433.09,107132.79910701896,False,4.98
2025-07-02,95433.09,105613.39974163056,False,4.98
2025-07-03,95433.09,108824.44423167944,False,4.98
2025-07-04,95433.09,109602.20483914016,False,4.98
2025-07-05,95433.09,108040.8919400104,False,4.98
2025-07-06,95433.09,108217.46849992426,False,4.98
2025-07-07,95433.09,109215.19771840284,False,4.98
2025-07-08,95433.09,108300.71675785031,False,4.98
2025-07-09,95433.09,108953.19187727802,False,4.98
2025-07-10,95433.09,111327.53054245668,False,4.98
2025-07-11,95409.51,115879.65030112496,True,5.0
2025-07-12,95070.61,117571.02510036016,True,5.34
2025-07-13,95100.68,117418.95745007684,True,5.31
2025-07-14,94634.53,119117.55666327637,True,5.77
2025-07-15,94488.87,119833.67446712356,True,5.92
2025-07-16,94932.66,117678.19493404306,True,5.48
2025-07-17,94710.35,118748.1627367753,True,5.7
2025-07-18,94567.64,119445.36520434044,True,5.84
2025-07-19,94867.68,117988.94664455787,True,5.54
2025-07-20,94885.9,117901.62655900871,True,5.52
2025-07-21,95021.3,117256.9208222684,True,5.39
2025-07-22,94973.76,117482.46977767294,True,5.44
2025-07-23,94464.21,119955.79570607652,True,5.94
2025-07-24,94710.45,118629.05588130427,False,5.7
2025-07-25,94710.45,118354.43517438594,False,5.7
2025-07-26,94710.45,117540.8083708574,False,5.7
2025-07-27,94710.45,117959.54234360624,False,5.7
2025-07-28,94710.45,119418.91405141471,False,5.7
2025-07-29,94710.45,118003.30201607826,False,5.7
2025-07-30,94710.45,117853.30892863822,False,5.7
2025-07-31,94710.45,117833.24087995924,False,5.7
2025-08-01,94710.45,115700.00243915782,False,5.7
2025-08-02,94710.45,113234.6051343189,False,5.7
2025-08-03,94710.45,112554.90232221724,False,5.7
2025-08-04,94710.45,114199.10966460756,False,5.7
2025-08-05,94710.45,115138.68613070175,False,5.7
2025-08-06,94710.45,114128.35408881678,False,5.7
2025-08-07,94710.45,115022.09576830892,False,5.7
2025-08-08,94710.45,117463.47451085236,False,5.7
2025-08-09,94710.45,116688.36663186055,False,5.7
2025-08-10,94710.45,116510.08393213755,False,5.7
2025-08-11,94710.45,119266.92516880557,False,5.7
2025-08-12,94710.45,118773.79960860992,False,5.7
2025-08-13,94710.45,120202.53485503166,False,5.7
2025-08-14,94710.45,123560.99363577303,False,5.7
2025-08-15,94710.45,118405.59579823952,False,5.7
2025-08-16,94710.45,117339.79190213275,False,5.7
2025-08-17,94710.45,117501.21653394958,False,5.7
2025-08-18,94710.45,117542.83687778088,False,5.7
2025-08-19,94710.45,116256.41276740946,False,5.7
2025-08-20,94710.45,112778.34483555844,False,5.7
2025-08-21,94710.45,114252.39755195397,False,5.7
2025-08-22,94710.45,112414.39987336512,False,5.7
2025-08-23,94710.45,116834.24948202296,False,5.7
2025-08-24,94710.45,115359.98346714744,False,5.7
2025-08-25,94710.45,113399.54847314973,False,5.7
2025-08-26,94710.45,110185.35443900424,False,5.7
2025-08-27,94710.45,111842.70999260596,False,5.7
2025-08-28,94710.45,111216.08479629167,False,5.7
2025-08-29,94710.45,112525.59740669793,False,5.7
2025-08-30,94710.45,108480.30666639366,False,5.7
2025-08-31,94710.45,108781.95727925688,False,5.7
2025-09-01,94710.45,108253.36092385623,False,5.7
2025-09-02,94710.45,109162.68557992298,False,5.7
2025-09-03,94710.45,111190.18209845416,False,5.7
2025-09-04,94710.45,111711.51977725116,False,5.7
2025-09-05,94710.45,110724.736377486,False,5.7
2025-09-06,94710.45,110662.18112628513,False,5.7
2025-09-07,94710.45,110209.1888247784,False,5.7
2025-09-08,94710.45,111131.9923868407,False,5.7
2025-09-09,94710.45,112025.12878118773,False,5.7
2025-09-10,94710.45,111547.43956434788,False,5.7
2025-09-11,94710.45,113975.32489468766,False,5.7
2025-09-12,94710.45,115503.16663193036,False,5.7
2025-09-13,94710.45,116160.14344594492,False,5.7
2025-09-14,94710.45,115970.58488443034,False,5.7
2025-09-15,94710.45,115373.55555886828,False,5.7
2025-09-16,94710.45,115397.25272727507,False,5.7
2025-09-17,94710.45,116762.8496864193,False,5.7
2025-09-18,94710.45,116455.9464822532,False,5.7
2025-09-19,94710.45,117145.49508952006,False,5.7
2025-09-20,94710.45,115655.81046441344,False,5.7
2025-09-21,94710.45,115715.51536781774,False,5.7
2025-09-22,94710.45,115304.47999407038,False,5.7
2025-09-23,94710.45,112696.74101711863,False,5.7
2025-09-24,94710.45,112022.16587861197,False,5.7
2025-09-25,94710.45,113320.56908541008,False,5.7
2025-09-26,94710.45,108963.53013595636,False,5.7
2025-09-27,94710.45,109710.20874667744,False,5.7
2025-09-28,94710.45,109654.81021075726,False,5.7
2025-09-29,94710.45,112142.57362752674,False,5.7
2025-09-30,94710.45,114309.15041119448,False,5.7
2025-10-01,94710.45,114024.22783550054,False,5.7
2025-10-02,94710.45,118503.24451752484,False,5.7
2025-10-03,94710.45,120611.71911591051,False,5.7
2025-10-04,94710.45,122250.15186842805,False,5.7
2025-10-05,94710.45,122380.93708463266,False,5.7
2025-10-06,94710.45,123506.18520027678,False,5.7
2025-10-07,94710.45,124773.50823074432,False,5.7
2025-10-08,94710.45,121518.75593575073,False,5.7
2025-10-09,94710.45,123352.50487523204,False,5.7
2025-10-10,94710.45,121698.03066778315,False,5.7
2025-10-11,94710.45,113201.74064138904,False,5.7
2025-10-12,94710.45,110853.11663883904,False,5.7
2025-10-13,94710.45,115189.5714637257,False,5.7
2025-10-14,94710.45,115222.28302116522,False,5.7
2025-10-15,94710.45,113156.56943826911,False,5.7
2025-10-16,94710.45,110708.66960879424,False,5.7
2025-10-17,94710.45,108076.72862033188,False,5.7
2025-10-18,94710.45,106443.61194984637,False,5.7
2025-10-19,94710.45,107156.00337647724,False,5.7
2025-10-20,94710.45,108621.134857428,False,5.7
2025-10-21,94710.45,110608.5714932665,False,5.7
2025-10-22,94710.45,108486.1026271664,False,5.7
2025-10-23,94710.45,107618.4266715404,False,5.7
2025-10-24,94710.45,110048.51827291628,False,5.7
2025-10-25,94710.45,110997.80437129698,False,5.7
2025-10-26,94710.45,111620.3093731354,False,5.7
2025-10-27,94710.45,114476.01227508576,False,5.7
2025-10-28,94710.45,114182.79442806762,False,5.7
2025-10-29,94710.45,112950.34863259472,False,5.7
2025-10-30,94710.45,110046.66925837284,False,5.7
2025-10-31,94710.45,108240.76528725718,False,5.7
2025-11-01,94710.45,109573.90555629117,False,5.7
2025-11-02,94710.45,110014.13556776088,False,5.7
2025-11-03,94710.45,110650.2092823146,False,5.7
2025-11-04,94710.45,106521.0867382576,False,5.7
2025-11-05,94710.45,101635.2740227234,False,5.7
2025-11-06,94710.45,103877.9596595516,False,5.7
2025-11-07,94710.45,101322.6402945857,False,5.7
2025-11-08,94710.45,103396.084215925,False,5.7
2025-11-09,94710.45,102290.13714655169,False,5.7
2025-11-10,94710.45,104709.67861656273,False,5.7
2025-11-11,94710.45,105909.07272321742,False,5.7
2025-11-12,94710.45,102960.77564500563,False,5.7
2025-11-13,94710.45,101521.70859453591,False,5.7
2025-11-14,94710.45,99730.4533956204,False,5.7
2025-11-15,94681.69,94456.39368235336,True,5.73
2025-11-16,95001.96,95508.31019889197,True,5.41
2025-11-17,94667.97,94411.32947182968,True,5.74
2025-11-18,93944.99,92036.7255045672,True,6.46
2025-11-19,94183.4,92819.759215009,True,6.22
2025-11-20,93739.95,91363.27838693369,True,6.66
2025-11-21,93142.05,86649.97257918229,True,7.26
2025-11-22,92648.97,85051.8019295002,True,7.75
2025-11-23,92535.07,84682.62429147748,True,7.86
2025-11-24,93183.36,86783.84766839583,True,7.22
2025-11-25,93629.34,88229.35740719768,True,6.77
2025-11-26,93345.8,87310.33159950442,True,7.06
2025-11-27,94321.95,90474.22677969698,True,6.08
2025-11-28,94570.27,91279.06057176425,True,5.84
2025-11-29,94468.86,90950.37695910994,True,5.94
2025-11-30,94435.25,90841.45258193676,True,5.97
2025-12-01,94273.1,90406.28448571144,False,6.13
2025-12-02,94273.1,86281.49519776918,False,6.13
2025-12-03,94273.1,91344.73275150164,False,6.13
2025-12-04,94273.1,93619.43750817105,False,6.13
2025-12-05,94273.1,92140.70419795792,False,6.13
2025-12-06,94273.1,89307.09154512963,False,6.13
2025-12-07,94273.1,89244.7620814118,False,6.13
2025-12-08,94273.1,90162.90714007126,False,6.13
2025-12-09,94273.1,90618.0535204608,False,6.13
2025-12-10,94273.1,92723.21372069632,False,6.13
2025-12-11,94273.1,92005.13714957412,False,6.13
2025-12-12,94273.1,92494.17691640416,False,6.13
2025-12-13,94273.1,90307.26028567804,False,6.13
2025-12-14,94273.1,90257.4292885891,False,6.13
2025-12-15,94273.1,88230.77409367911,False,6.13
2025-12-16,94273.1,86413.9190195637,False,6.13
2025-12-17,94273.1,87821.88919109134,False,6.13
2025-12-18,94273.1,86064.94716216,False,6.13
2025-12-19,94273.1,85450.3312009302,False,6.13
2025-12-20,94273.1,88103.86075721023,False,6.13
2025-12-21,94273.1,88347.94310567998,False,6.13
2025-12-22,94273.1,88577.42038358838,False,6.13
2025-12-23,94273.1,88491.12020788102,False,6.13
2025-12-24,94273.1,87406.43636737975,False,6.13
2025-12-25,94273.1,87642.60888119951,False,6.13
2025-12-26,94273.1,87229.78066010943,False,6.13
2025-12-27,94273.1,87305.95655961394,False,6.13
2025-12-28,94273.1,87807.003210775,False,6.13
2025-12-29,94273.1,87822.90829076794,False,6.13
2025-12-30,94273.1,87156.56266080117,False,6.13
2025-12-31,94273.1,88414.62856073362,False,6.13
2026-01-01,94273.1,87520.18048742875,False,6.13
2026-01-02,94273.1,88727.67004249741,False,6.13
2026-01-03,94273.1,89926.27924953419,False,6.13
2026-01-04,94273.1,90593.85443180415,False,6.13
2026-01-05,94273.1,91373.21588108438,False,6.13
2026-01-06,94273.1,93926.7956485658,False,6.13
2026-01-07,94273.1,93666.86387314304,False,6.13
2026-01-08,94273.1,91257.15544035909,False,6.13
2026-01-09,94273.1,90983.51578142623,False,6.13
2026-01-10,94273.1,90504.8956034002,False,6.13
2026-01-11,94273.1,90442.01907847,False,6.13
2026-01-12,94273.1,90819.36598904192,False,6.13
2026-01-13,94273.1,91134.96917951509,False,6.13
2026-01-14,94273.1,95260.4422971001,False,6.13
2026-01-15,94247.79,97007.78078881276,True,6.16
2026-01-16,94624.23,95584.82797878512,True,5.78
2026-01-17,94642.7,95516.07771987125,True,5.77
2026-01-18,94755.19,95099.53192554633,True,5.65
2026-01-19,95125.74,93752.70577188236,True,5.28
2026-01-20,95463.34,92558.46334372148,True,4.95
2026-01-21,96709.69,88312.84053255555,False,3.71
2026-01-22,96709.69,89354.34377512129,False,3.71
2026-01-23,96709.69,89443.39744146909,False,3.71
2026-01-24,96709.69,89412.39849953113,False,3.71
2026-01-25,96709.69,89170.87364531498,False,3.71
2026-01-26,96709.69,86548.32213469829,False,3.71
2026-01-27,96709.69,88307.8612070438,False,3.71
2026-01-28,96709.69,89204.22239644526,False,3.71
2026-01-29,96709.69,89162.09701574955,False,3.71
2026-01-30,96709.69,84570.40906135936,False,3.71
2026-01-31,96709.69,84141.77856967277,False,3.71
2026-02-01,96677.76,78725.85853884545,True,3.74
2026-02-02,95952.17,76937.06406636834,True,4.46
2026-02-03,96694.71,78767.65815345927,True,3.72
2026-02-04,95425.61,75638.95670207398,True,4.99
2026-02-05,94958.75,73172.29203248928,True,5.45
2026-02-06,93027.53,62853.69038445987,True,7.37
2026-02-07,95329.2,70523.95417035831,True,5.08
2026-02-08,94960.96,69296.80677355142,True,5.45
2026-02-09,95334.73,70542.37329463876,True,5.08
2026-02-10,95200.9,70096.40692272567,True,5.21
2026-02-11,94805.85,68779.90981269129,True,5.6
2026-02-12,94253.01,66937.58141157958,True,6.15
2026-02-13,94027.05,66184.57765470445,True,6.38
