date,equity,close,in_position,drawdown_pct
2020-01-01,100000.0,7195.153895430029,False,0.0
2020-01-02,100000.0,7193.7546679601,False,0.0
2020-01-03,100000.0,6963.853353983485,False,0.0
2020-01-04,100000.0,7300.34693530511,False,0.0
2020-01-05,100000.0,7351.377053166627,False,0.0
2020-01-06,100000.0,7349.972248050628,False,0.0
2020-01-07,100000.0,7734.675515785289,False,0.0
2020-01-08,100000.0,8147.415237636371,False,0.0
2020-01-09,100000.0,8045.789124592971,False,0.0
2020-01-10,100000.0,7832.795643840387,False,0.0
2020-01-11,100000.0,8180.513169803805,False,0.0
2020-01-12,100000.0,8012.085781814529,False,0.0
2020-01-13,100000.0,8171.401185320944,False,0.0
2020-01-14,100000.0,8110.647964503772,False,0.0
2020-01-15,100000.0,8801.871213137745,False,0.0
2020-01-16,100000.0,8820.85010599613,False,0.0
2020-01-17,100000.0,8720.91950137424,False,0.0
2020-01-18,100000.0,8902.568995225329,False,0.0
2020-01-19,100000.0,8906.902675151074,False,0.0
2020-01-20,100000.0,8690.380569544623,False,0.0
2020-01-21,100000.0,8631.253954333763,False,0.0
2020-01-22,100000.0,8724.818622931474,False,0.0
2020-01-23,100000.0,8665.436914096897,False,0.0
2020-01-24,100000.0,8415.956027335538,False,0.0
2020-01-25,100000.0,8432.096675789418,False,0.0
2020-01-26,100000.0,8348.665665079325,False,0.0
2020-01-27,100000.0,8595.728298493115,False,0.0
2020-01-28,100000.0,8879.335548714553,False,0.0
2020-01-29,100000.0,9320.805853868467,False,0.0
2020-01-30,100000.0,9276.893821086494,False,0.0
2020-01-31,100000.0,9509.80513557522,False,0.0
2020-02-01,100000.0,9308.060285564778,False,0.0
2020-02-02,100000.0,9363.22420680057,False,0.0
2020-02-03,100000.0,9338.416631939404,False,0.0
2020-02-04,100000.0,9308.91270229121,False,0.0
2020-02-05,100000.0,9179.95928107711,False,0.0
2020-02-06,100000.0,9592.18387389791,False,0.0
2020-02-07,100000.0,9744.636578159389,False,0.0
2020-02-08,100000.0,9799.448455824684,False,0.0
2020-02-09,100000.0,9890.701658194865,False,0.0
2020-02-10,100000.0,10148.379719131784,False,0.0
2020-02-11,100000.0,9890.121224019967,False,0.0
2020-02-12,100000.0,10226.925769215322,False,0.0
2020-02-13,100000.0,10328.897565836414,False,0.0
2020-02-14,100000.0,10221.260309201634,False,0.0
2020-02-15,100000.0,10320.157140513991,False,0.0
2020-02-16,100000.0,9894.136123789158,False,0.0
2020-02-17,100000.0,9943.673602578743,False,0.0
2020-02-18,100000.0,9723.605026422496,False,0.0
2020-02-19,100000.0,10133.817417084678,False,0.0
2020-02-20,100000.0,9618.409248250406,False,0.0
2020-02-21,100000.0,9608.16918128246,False,0.0
2020-02-22,100000.0,9673.011800270346,False,0.0
2020-02-23,100000.0,9658.606058375472,False,0.0
2020-02-24,100000.0,9946.716123467522,False,0.0
2020-02-25,100000.0,9670.9608064677,False,0.0
2020-02-26,100000.0,9345.342701734848,False,0.0
2020-02-27,100000.0,8801.657129472504,False,0.0
2020-02-28,100000.0,8781.175282202359,False,0.0
2020-02-29,100000.0,8717.331431359424,False,0.0
2020-03-01,100000.0,8552.989118581636,False,0.0
2020-03-02,100000.0,8567.802248679225,False,0.0
2020-03-03,100000.0,8905.876104262194,False,0.0
2020-03-04,100000.0,8756.718576742549,False,0.0
2020-03-05,100000.0,8758.646993191916,False,0.0
2020-03-06,100000.0,9038.870323233425,False,0.0
2020-03-07,100000.0,9135.84506603321,False,0.0
2020-03-08,100000.0,8902.20195010789,False,0.0
2020-03-09,100000.0,8041.365538071835,False,0.0
2020-03-10,100000.0,7921.33200691072,False,0.0
2020-03-11,100000.0,7906.731528510632,False,0.0
2020-03-12,100000.0,7935.522040170545,False,0.0
2020-03-13,100000.0,5142.990459018316,False,0.0
2020-03-14,100000.0,5542.819542373153,False,0.0
2020-03-15,100000.0,5214.189112383918,False,0.0
2020-03-16,100000.0,5397.93335743919,False,0.0
2020-03-17,100000.0,5032.501351487721,False,0.0
2020-03-18,100000.0,5389.41577503409,False,0.0
2020-03-19,100000.0,5376.280747845438,False,0.0
2020-03-20,100000.0,6170.200600237675,False,0.0
2020-03-21,100000.0,6195.603505257629,False,0.0
2020-03-22,100000.0,6145.770891252399,False,0.0
2020-03-23,100000.0,5859.647430299388,False,0.0
2020-03-24,100000.0,6456.347485963419,False,0.0
2020-03-25,100000.0,6730.173782371188,False,0.0
2020-03-26,100000.0,6695.900618397724,False,0.0
2020-03-27,100000.0,6765.56207892991,False,0.0
2020-03-28,100000.0,6397.826328325604,False,0.0
2020-03-29,100000.0,6255.000398693634,False,0.0
2020-03-30,100000.0,5915.337154791903,False,0.0
2020-03-31,100000.0,6403.141235565223,False,0.0
2020-04-01,100000.0,6421.70541388854,False,0.0
2020-04-02,100000.0,6640.797666310131,False,0.0
2020-04-03,100000.0,6807.897017890566,False,0.0
2020-04-04,100000.0,6732.852018394612,False,0.0
2020-04-05,100000.0,6859.424923721944,False,0.0
2020-04-06,100000.0,6788.048272605917,False,0.0
2020-04-07,100000.0,7297.635558289496,False,0.0
2020-04-08,100000.0,7196.782202442051,False,0.0
2020-04-09,100000.0,7342.291601148024,False,0.0
2020-04-10,100000.0,7294.488875121554,False,0.0
2020-04-11,100000.0,6864.694257006497,False,0.0
2020-04-12,100000.0,6878.781212589853,False,0.0
2020-04-13,100000.0,6913.158787469097,False,0.0
2020-04-14,100000.0,6857.538537511484,False,0.0
2020-04-15,100000.0,6860.17853570111,False,0.0
2020-04-16,100000.0,6629.431738031291,False,0.0
2020-04-17,100000.0,7059.92622475854,False,0.0
2020-04-18,100000.0,7035.261503989225,False,0.0
2020-04-19,100000.0,7242.5109294929825,False,0.0
2020-04-20,100000.0,7127.511949689152,False,0.0
2020-04-21,100000.0,6856.456278354705,False,0.0
2020-04-22,100000.0,6842.038597634602,False,0.0
2020-04-23,100000.0,7109.995291181778,False,0.0
2020-04-24,100000.0,7382.793144116689,False,0.0
2020-04-25,100000.0,7495.393587498606,False,0.0
2020-04-26,100000.0,7538.557687279841,False,0.0
2020-04-27,100000.0,7683.867415083342,False,0.0
2020-04-28,100000.0,7774.281554448049,False,0.0
2020-04-29,100000.0,7758.230255185947,False,0.0
2020-04-30,100000.0,8744.430287016561,False,0.0
2020-05-01,100000.0,8610.63580374089,False,0.0
2020-05-02,100000.0,8824.818413551968,False,0.0
2020-05-03,100000.0,8966.307014689282,False,0.0
2020-05-04,100000.0,8888.671912686868,False,0.0
2020-05-05,100000.0,8884.407813577056,False,0.0
2020-05-06,100000.0,9003.240557621584,False,0.0
2020-05-07,100000.0,9144.68703972007,False,0.0
2020-05-08,100000.0,9959.166416261767,False,0.0
2020-05-09,100000.0,9821.81131529702,False,0.0
2020-05-10,100000.0,9566.777187205966,False,0.0
2020-05-11,100000.0,8752.617087745832,False,0.0
2020-05-12,100000.0,8604.75159101983,False,0.0
2020-05-13,100000.0,8788.466749414652,False,0.0
2020-05-14,100000.0,9283.08601265873,False,0.0
2020-05-15,100000.0,9796.494527024528,False,0.0
2020-05-16,100000.0,9309.29535940684,False,0.0
2020-05-17,100000.0,9375.29710843331,False,0.0
2020-05-18,100000.0,9666.32719340344,False,0.0
2020-05-19,100000.0,9708.439858793108,False,0.0
2020-05-20,100000.0,9760.198937162191,False,0.0
2020-05-21,100000.0,9526.50759300584,False,0.0
2020-05-22,100000.0,9059.962506871729,False,0.0
2020-05-23,100000.0,9131.767275081991,False,0.0
2020-05-24,100000.0,9170.361063506129,False,0.0
2020-05-25,100000.0,8731.848525870651,False,0.0
2020-05-26,100000.0,8883.691769863415,False,0.0
2020-05-27,100000.0,8839.130663273247,False,0.0
2020-05-28,100000.0,9174.118563996424,False,0.0
2020-05-29,100000.0,9546.04563503715,False,0.0
2020-05-30,100000.0,9427.120373393418,False,0.0
2020-05-31,100000.0,9662.70587254818,False,0.0
2020-06-01,100000.0,9466.961781429516,False,0.0
2020-06-02,100000.0,10167.93069332851,False,0.0
2020-06-03,100000.0,9515.243858655718,False,0.0
2020-06-04,100000.0,9645.227869360308,False,0.0
2020-06-05,100000.0,9776.20299178848,False,0.0
2020-06-06,100000.0,9636.965527050055,False,0.0
2020-06-07,100000.0,9662.85870900224,False,0.0
2020-06-08,100000.0,9738.603356828591,False,0.0
2020-06-09,100000.0,9773.02951309516,False,0.0
2020-06-10,100000.0,9767.00531665552,False,0.0
2020-06-11,100000.0,9874.898681832236,False,0.0
2020-06-12,100000.0,9325.996856202635,False,0.0
2020-06-13,100000.0,9469.533297509908,False,0.0
2020-06-14,100000.0,9469.473456163696,False,0.0
2020-06-15,100000.0,9345.960907722065,False,0.0
2020-06-16,100000.0,9431.719262201745,False,0.0
2020-06-17,100000.0,9524.92661691022,False,0.0
2020-06-18,100000.0,9463.361414311788,False,0.0
2020-06-19,100000.0,9399.767217129216,False,0.0
2020-06-20,100000.0,9312.780104497786,False,0.0
2020-06-21,100000.0,9360.247968201687,False,0.0
2020-06-22,100000.0,9298.360829121417,False,0.0
2020-06-23,100000.0,9678.683208975835,False,0.0
2020-06-24,100000.0,9624.684291831398,False,0.0
2020-06-25,100000.0,9288.061774486938,False,0.0
2020-06-26,100000.0,9258.667161007706,False,0.0
2020-06-27,100000.0,9166.486360416233,False,0.0
2020-06-28,100000.0,9013.90556467614,False,0.0
2020-06-29,100000.0,9139.903276297824,False,0.0
2020-06-30,100000.0,9185.166540651147,False,0.0
2020-07-01,100000.0,9149.721996758017,False,0.0
2020-07-02,100000.0,9230.672998590804,False,0.0
2020-07-03,100000.0,9094.318072166903,False,0.0
2020-07-04,100000.0,9071.3850427828,False,0.0
2020-07-05,100000.0,9132.908369533492,False,0.0
2020-07-06,100000.0,9087.407312582163,False,0.0
2020-07-07,100000.0,9342.376492626678,False,0.0
2020-07-08,100000.0,9253.630980242331,False,0.0
2020-07-09,100000.0,9432.17251582794,False,0.0
2020-07-10,100000.0,9235.716302064242,False,0.0
2020-07-11,100000.0,9282.913638839902,False,0.0
2020-07-12,100000.0,9234.314674712628,False,0.0
2020-07-13,100000.0,9297.479635872663,False,0.0
2020-07-14,100000.0,9240.76251972468,False,0.0
2020-07-15,100000.0,9247.060695963812,False,0.0
2020-07-16,100000.0,9203.3714351797,False,0.0
2020-07-17,100000.0,9136.483376363976,False,0.0
2020-07-18,100000.0,9156.276583115488,False,0.0
2020-07-19,100000.0,9168.402736564132,False,0.0
2020-07-20,100000.0,9202.615839500108,False,0.0
2020-07-21,100000.0,9163.159654576915,False,0.0
2020-07-22,100000.0,9384.379751903269,False,0.0
2020-07-23,100000.0,9514.304987626969,False,0.0
2020-07-24,100000.0,9589.81771944117,False,0.0
2020-07-25,100000.0,9535.93879573746,False,0.0
2020-07-26,100000.0,9691.825138917147,False,0.0
2020-07-27,100000.0,9925.751397476346,False,0.0
2020-07-28,100000.0,10962.258481207356,False,0.0
2020-07-29,100000.0,10904.916526918994,False,0.0
2020-07-30,100000.0,11093.612240442404,False,0.0
2020-07-31,100000.0,11116.307163685276,False,0.0
2020-08-01,100000.0,11325.5515272739,False,0.0
2020-08-02,100000.0,11812.094307268517,False,0.0
2020-08-03,100000.0,11066.306240590267,False,0.0
2020-08-04,100000.0,11230.907762749295,False,0.0
2020-08-05,100000.0,11181.917508034883,False,0.0
2020-08-06,100000.0,11719.26352395155,False,0.0
2020-08-07,100000.0,11768.127742240007,False,0.0
2020-08-08,100000.0,11571.487980683192,False,0.0
2020-08-09,100000.0,11739.131006414418,False,0.0
2020-08-10,100000.0,11682.85146915494,False,0.0
2020-08-11,100000.0,11862.938012702563,False,0.0
2020-08-12,100000.0,11398.671060896631,False,0.0
2020-08-13,100000.0,11579.867951602137,False,0.0
2020-08-14,100000.0,11817.164038803396,False,0.0
2020-08-15,100000.0,11777.391322489924,False,0.0
2020-08-16,100000.0,11864.905810156475,False,0.0
2020-08-17,100000.0,11901.77648830246,False,0.0
2020-08-18,100000.0,12272.465808160425,False,0.0
2020-08-19,100000.0,11949.610970628191,False,0.0
2020-08-20,100000.0,11733.278970862082,False,0.0
2020-08-21,100000.0,11861.83657727968,False,0.0
2020-08-22,100000.0,11515.124298729215,False,0.0
2020-08-23,100000.0,11676.385305081289,False,0.0
2020-08-24,100000.0,11647.928120934364,False,0.0
2020-08-25,100000.0,11758.828120368864,False,0.0
2020-08-26,100000.0,11350.753473213,False,0.0
2020-08-27,100000.0,11465.002564032086,False,0.0
2020-08-28,100000.0,11300.398363810944,False,0.0
2020-08-29,100000.0,11519.118388160729,False,0.0
2020-08-30,100000.0,11481.481823317012,False,0.0
2020-08-31,100000.0,11701.004008657852,False,0.0
2020-09-01,100000.0,11672.324104943627,False,0.0
2020-09-02,100000.0,11895.225345345636,False,0.0
2020-09-03,100000.0,11418.254756916149,False,0.0
2020-09-04,100000.0,10197.459822768922,False,0.0
2020-09-05,100000.0,10484.470392265588,False,0.0
2020-09-06,100000.0,10177.789718049991,False,0.0
2020-09-07,100000.0,10260.0177277544,False,0.0
2020-09-08,100000.0,10359.44521698998,False,0.0
2020-09-09,100000.0,10125.014956069688,False,0.0
2020-09-10,100000.0,10230.154699360752,False,0.0
2020-09-11,100000.0,10342.15939120568,False,0.0
2020-09-12,100000.0,10378.223044584596,False,0.0
2020-09-13,100000.0,10439.38467226404,False,0.0
2020-09-14,100000.0,10328.866065987391,False,0.0
2020-09-15,100000.0,10661.096235144483,False,0.0
2020-09-16,100000.0,10787.58020807624,False,0.0
2020-09-17,100000.0,10952.2499691071,False,0.0
2020-09-18,100000.0,10937.996396960929,False,0.0
2020-09-19,100000.0,10927.150310293277,False,0.0
2020-09-20,100000.0,11083.99836119821,False,0.0
2020-09-21,100000.0,10923.32666818137,False,0.0
2020-09-22,100000.0,10439.522488792423,False,0.0
2020-09-23,100000.0,10527.58784673943,False,0.0
2020-09-24,100000.0,10223.784106392732,False,0.0
2020-09-25,100000.0,10726.530083321984,False,0.0
2020-09-26,100000.0,10681.9938481137,False,0.0
2020-09-27,100000.0,10743.19287975935,False,0.0
2020-09-28,100000.0,10765.300521660893,False,0.0
2020-09-29,100000.0,10672.02854425897,False,0.0
2020-09-30,100000.0,10837.516586513004,False,0.0
2020-10-01,100000.0,10770.881347466417,False,0.0
2020-10-02,100000.0,10627.97606396318,False,0.0
2020-10-03,100000.0,10572.674843011133,False,0.0
2020-10-04,100000.0,10546.65625537982,False,0.0
2020-10-05,100000.0,10670.700811335208,False,0.0
2020-10-06,100000.0,10784.94940309411,False,0.0
2020-10-07,100000.0,10605.95779130622,False,0.0
2020-10-08,100000.0,10668.011010796896,False,0.0
2020-10-09,100000.0,10888.666546835811,False,0.0
2020-10-10,100000.0,11063.2523862591,False,0.0
2020-10-11,100000.0,11286.541942043945,False,0.0
2020-10-12,100000.0,11377.814876756858,False,0.0
2020-10-13,100000.0,11543.183760771468,False,0.0
2020-10-14,100000.0,11426.105544220429,False,0.0
2020-10-15,100000.0,11435.57243757972,False,0.0
2020-10-16,100000.0,11495.584995733889,False,0.0
2020-10-17,100000.0,11319.097785677624,False,0.0
2020-10-18,100000.0,11365.814131026178,False,0.0
2020-10-19,100000.0,11495.899975689872,False,0.0
2020-10-20,100000.0,11752.146863919786,False,0.0
2020-10-21,100000.0,11908.708923246451,False,0.0
2020-10-22,100000.0,12806.435726727444,False,0.0
2020-10-23,100000.0,12951.044060038126,False,0.0
2020-10-24,100000.0,12928.072296348406,False,0.0
2020-10-25,100000.0,13106.04601925958,False,0.0
2020-10-26,100000.0,13021.410842124118,False,0.0
2020-10-27,100000.0,13060.79221208406,False,0.0
2020-10-28,100000.0,13655.18541588308,False,0.0
2020-10-29,100000.0,13282.999348292438,False,0.0
2020-10-30,100000.0,13441.878496031612,False,0.0
2020-10-31,100000.0,13537.174271524887,False,0.0
2020-11-01,100000.0,13778.637638352931,False,0.0
2020-11-02,100000.0,13720.361465146289,False,0.0
2020-11-03,100000.0,13558.361795524168,False,0.0
2020-11-04,100000.0,13989.976358180447,False,0.0
2020-11-05,100000.0,14101.716050813722,False,0.0
2020-11-06,100000.0,15553.331701081444,False,0.0
2020-11-07,100000.0,15548.312145063144,False,0.0
2020-11-08,100000.0,14818.45891122149,False,0.0
2020-11-09,100000.0,15496.316149147417,False,0.0
2020-11-10,100000.0,15335.342198178862,False,0.0
2020-11-11,100000.0,15278.70965979927,False,0.0
2020-11-12,100000.0,15686.905986213233,False,0.0
2020-11-13,100000.0,16265.149252483356,False,0.0
2020-11-14,100000.0,16326.81487507908,False,0.0
2020-11-15,100000.0,16095.561510630652,False,0.0
2020-11-16,100000.0,15984.673784156614,False,0.0
2020-11-17,100000.0,16714.40386322188,False,0.0
2020-11-18,100000.0,17651.82042768171,False,0.0
2020-11-19,100000.0,17829.934958345126,False,0.0
2020-11-20,100000.0,17819.75743096837,False,0.0
2020-11-21,100000.0,18628.8134890362,False,0.0
2020-11-22,100000.0,18689.52865582585,False,0.0
2020-11-23,100000.0,18390.61184379203,False,0.0
2020-11-24,100000.0,18360.693300385865,False,0.0
2020-11-25,100000.0,19091.524181728702,False,0.0
2020-11-26,100000.0,18753.288921684914,False,0.0
2020-11-27,100000.0,17138.029512395206,False,0.0
2020-11-28,100000.0,17140.27555252362,False,0.0
2020-11-29,100000.0,17718.972832629497,False,0.0
2020-11-30,100000.0,18169.95420978285,False,0.0
2020-12-01,100000.0,19609.52143957559,False,0.0
2020-12-02,100000.0,18857.417371118165,False,0.0
2020-12-03,100000.0,19208.398191994624,False,0.0
2020-12-04,100000.0,19435.20484740911,False,0.0
2020-12-05,100000.0,18711.226549886927,False,0.0
2020-12-06,100000.0,19139.111575237486,False,0.0
2020-12-07,100000.0,19325.55411859109,False,0.0
2020-12-08,100000.0,19198.806493935343,False,0.0
2020-12-09,100000.0,18336.514581297808,False,0.0
2020-12-10,100000.0,18564.986455688137,False,0.0
2020-12-11,100000.0,18262.058384653155,False,0.0
2020-12-12,100000.0,18058.027339569555,False,0.0
2020-12-13,100000.0,18807.09540322016,False,0.0
2020-12-14,100000.0,19151.13442340493,False,0.0
2020-12-15,100000.0,19259.97047153096,False,0.0
2020-12-16,100000.0,19432.362456862407,False,0.0
2020-12-17,100000.0,21317.66213678684,False,0.0
2020-12-18,100000.0,22805.65580598891,False,0.0
2020-12-19,100000.0,23120.57055156752,False,0.0
2020-12-20,100000.0,23863.85484171969,False,0.0
2020-12-21,100000.0,23518.31842054723,False,0.0
2020-12-22,100000.0,22840.991707188357,False,0.0
2020-12-23,100000.0,23794.79330262859,False,0.0
2020-12-24,100000.0,23308.12723217715,False,0.0
2020-12-25,100000.0,23760.28704854296,False,0.0
2020-12-26,100000.0,24671.10771441541,False,0.0
2020-12-27,100000.0,26476.13013701949,False,0.0
2020-12-28,100000.0,26423.22879190229,False,0.0
2020-12-29,100000.0,27125.384120651503,False,0.0
2020-12-30,100000.0,27424.538954606684,False,0.0
2020-12-31,100000.0,28837.28852895899,False,0.0
2021-01-01,100000.0,29022.41839530417,False,0.0
2021-01-02,100000.0,29352.12679194895,False,0.0
2021-01-03,100000.0,32163.82493533521,False,0.0
2021-01-04,100000.0,33008.226203489285,False,0.0
2021-01-05,100000.0,31515.575966658354,False,0.0
2021-01-06,100000.0,34082.20604904424,False,0.0
2021-01-07,100000.0,36933.520137309126,False,0.0
2021-01-08,100000.0,39547.08408135567,False,0.0
2021-01-09,100000.0,40815.96185478254,False,0.0
2021-01-10,100000.0,40296.5290038294,False,0.0
2021-01-11,100000.0,38397.895985418174,False,0.0
2021-01-12,100000.0,35669.90668663349,False,0.0
2021-01-13,100000.0,33938.33587810088,False,0.0
2021-01-14,100000.0,37456.00772548642,False,0.0
2021-01-15,100000.0,39232.74997140346,False,0.0
2021-01-16,100000.0,36787.52121668496,False,0.0
2021-01-17,100000.0,36254.713079410845,False,0.0
2021-01-18,100000.0,35804.263885674685,False,0.0
2021-01-19,100000.0,36595.4647692826,False,0.0
2021-01-20,100000.0,36104.86385775514,False,0.0
2021-01-21,100000.0,35587.489202735545,False,0.0
2021-01-22,100000.0,30913.695736053804,False,0.0
2021-01-23,100000.0,32957.908782655926,False,0.0
2021-01-24,100000.0,32068.08737440817,False,0.0
2021-01-25,100000.0,32273.51735032927,False,0.0
2021-01-26,100000.0,32375.320062981456,False,0.0
2021-01-27,100000.0,32582.10944502123,False,0.0
2021-01-28,100000.0,30445.52586511351,False,0.0
2021-01-29,100000.0,33128.34752861149,False,0.0
2021-01-30,100000.0,34150.81876737221,False,0.0
2021-01-31,100000.0,34199.51981036302,False,0.0
2021-02-01,100000.0,33064.78676701507,False,0.0
2021-02-02,100000.0,33405.99035714327,False,0.0
2021-02-03,100000.0,35485.98593382442,False,0.0
2021-02-04,100000.0,37494.71762460426,False,0.0
2021-02-05,100000.0,36816.50808203406,False,0.0
2021-02-06,100000.0,38007.83222908396,False,0.0
2021-02-07,100000.0,39279.41286897885,False,0.0
2021-02-08,100000.0,38833.34026455532,False,0.0
2021-02-09,100000.0,46307.57412159395,False,0.0
2021-02-10,100000.0,46569.56483,False,0.0
2021-02-11,100000.0,44848.69344950499,False,0.0
2021-02-12,100000.0,47815.96175554316,False,0.0
2021-02-13,100000.0,47414.1862550079,False,0.0
2021-02-14,100000.0,46941.29208582354,False,0.0
2021-02-15,100000.0,48607.8745224845,False,0.0
2021-02-16,100000.0,47898.487027633135,False,0.0
2021-02-17,100000.0,49238.13690672487,False,0.0
2021-02-18,100000.0,52143.6788446198,False,0.0
2021-02-19,100000.0,51733.075539032034,False,0.0
2021-02-20,100000.0,56038.72775892988,False,0.0
2021-02-21,100000.0,56377.63347790987,False,0.0
2021-02-22,100000.0,57669.3035269179,False,0.0
2021-02-23,100000.0,54410.85629451601,False,0.0
2021-02-24,100000.0,48691.894831704405,False,0.0
2021-02-25,100000.0,49849.37871358314,False,0.0
2021-02-26,100000.0,46992.665450048495,False,0.0
2021-02-27,100000.0,46551.48747675472,False,0.0
2021-02-28,100000.0,46653.52639939581,False,0.0
2021-03-01,100000.0,44970.163459946736,False,0.0
2021-03-02,100000.0,49787.33995949672,False,0.0
2021-03-03,100000.0,48532.23678981703,False,0.0
2021-03-04,100000.0,50577.45746915202,False,0.0
2021-03-05,100000.0,48727.45120080115,False,0.0
2021-03-06,100000.0,49091.81488232977,False,0.0
2021-03-07,100000.0,49019.36859236582,False,0.0
2021-03-08,100000.0,51313.09262027362,False,0.0
2021-03-09,100000.0,52328.5359126325,False,0.0
2021-03-10,100000.0,54700.27343927744,False,0.0
2021-03-11,100000.0,56020.4877195857,False,0.0
2021-03-12,100000.0,57788.86810329514,False,0.0
2021-03-13,100000.0,57353.86147197248,False,0.0
2021-03-14,99990.05,61315.197932766816,True,0.01
2021-03-15,100305.65,59428.96756602776,True,-0.31
2021-03-16,100971.81,55805.32924923426,True,-0.97
2021-03-17,100774.77,56830.253335076224,True,-0.77
2021-03-18,100377.62,59014.92563205099,True,-0.38
2021-03-19,100572.48,57922.40959262911,True,-0.57
2021-03-20,100514.5,58243.27060892363,True,-0.51
2021-03-21,100490.67,58376.15847137206,True,-0.49
2021-03-22,100636.27,57573.539344778685,True,-0.64
2021-03-23,101248.99,54370.13755789519,False,0.0
2021-03-24,101248.99,54584.86994699455,False,0.0
2021-03-25,101248.99,52526.86659704657,False,0.0
2021-03-26,101248.99,51416.90830498005,False,0.0
2021-03-27,101248.99,55033.10048044704,False,0.0
2021-03-28,101248.99,55832.41810961832,False,0.0
2021-03-29,101248.99,55728.10132780653,False,0.0
2021-03-30,101248.99,57634.92869447539,False,0.0
2021-03-31,101248.99,58668.628336761,False,0.0
2021-04-01,101248.99,58817.3738884188,False,0.0
2021-04-02,101248.99,58801.194843878126,False,0.0
2021-04-03,101248.99,59060.02678333801,False,0.0
2021-04-04,101248.99,57060.40665471088,False,0.0
2021-04-05,101248.99,58228.8026234662,False,0.0
2021-04-06,101248.99,58706.81559311396,False,0.0
2021-04-07,101248.99,58062.17872433649,False,0.0
2021-04-08,101248.99,56134.41738866435,False,0.0
2021-04-09,101248.99,58065.64402481532,False,0.0
2021-04-10,101248.99,58152.99326214184,False,0.0
2021-04-11,101248.99,59979.39281571831,False,0.0
2021-04-12,101248.99,59988.02095852983,False,0.0
2021-04-13,101248.99,59911.02059484732,False,0.0
2021-04-14,101248.99,63576.67604104828,False,0.0
2021-04-15,101248.99,62807.12323259299,False,0.0
2021-04-16,101248.99,63179.772446084695,False,0.0
2021-04-17,101248.99,61497.2995694412,False,0.0
2021-04-18,101248.99,60273.86667694734,False,0.0
2021-04-19,101248.99,56288.94534001195,False,0.0
2021-04-20,101248.99,55721.166052695626,False,0.0
2021-04-21,101248.99,56294.728558586925,False,0.0
2021-04-22,101248.99,54190.07026283405,False,0.0
2021-04-23,101248.99,51965.5664304852,False,0.0
2021-04-24,101248.99,51191.1246964079,False,0.0
2021-04-25,101248.99,50133.1073963654,False,0.0
2021-04-26,101248.99,48981.4413932161,False,0.0
2021-04-27,101248.99,53978.80554728962,False,0.0
2021-04-28,101248.99,54991.81484262107,False,0.0
2021-04-29,101248.99,54810.6138506792,False,0.0
2021-04-30,101248.99,53596.70402266675,False,0.0
2021-05-01,101248.99,57828.511814425874,False,0.0
2021-05-02,101248.99,57812.96915967891,False,0.0
2021-05-03,101248.99,56600.74528738432,False,0.0
2021-05-04,101248.99,57200.30029871162,False,0.0
2021-05-05,101248.99,53464.37021950372,False,0.0
2021-05-06,101248.99,57432.100227087576,False,0.0
2021-05-07,101248.99,56507.7594398696,False,0.0
2021-05-08,101248.99,57361.56904328887,False,0.0
2021-05-09,101248.99,58771.88168950936,False,0.0
2021-05-10,101248.99,58213.92629374439,False,0.0
2021-05-11,101248.99,55901.66759456145,False,0.0
2021-05-12,101248.99,56928.97235660158,False,0.0
2021-05-13,101248.99,50004.76218313686,False,0.0
2021-05-14,101248.99,49972.79539837245,False,0.0
2021-05-15,101248.99,49913.26314398822,False,0.0
2021-05-16,101248.99,46780.90230468821,False,0.0
2021-05-17,101248.99,46585.06413538846,False,0.0
2021-05-18,101248.99,43780.82559782485,False,0.0
2021-05-19,101248.99,43091.04144756922,False,0.0
2021-05-20,101248.99,37287.39140242737,False,0.0
2021-05-21,101248.99,40437.73009625558,False,0.0
2021-05-22,101248.99,37339.63420134628,False,0.0
2021-05-23,101248.99,37520.31767547438,False,0.0
2021-05-24,101248.99,34977.527801962424,False,0.0
2021-05-25,101248.99,38642.4422973396,False,0.0
2021-05-26,101248.99,38210.80521759389,False,0.0
2021-05-27,101248.99,39406.934244116186,False,0.0
2021-05-28,101248.99,38642.89555434217,False,0.0
2021-05-29,101248.99,35710.220936529884,False,0.0
2021-05-30,101248.99,34775.07941347281,False,0.0
2021-05-31,101248.99,35714.75202018067,False,0.0
2021-06-01,101248.99,37340.6792659422,False,0.0
2021-06-02,101248.99,36680.06820180283,False,0.0
2021-06-03,101248.99,37685.71798174826,False,0.0
2021-06-04,101248.99,39151.31618380032,False,0.0
2021-06-05,101248.99,36938.72031139185,False,0.0
2021-06-06,101248.99,35546.98596483364,False,0.0
2021-06-07,101248.99,35834.4744744042,False,0.0
2021-06-08,101248.99,33451.38340714534,False,0.0
2021-06-09,101248.99,33557.15068309184,False,0.0
2021-06-10,101248.99,37553.64375851888,False,0.0
2021-06-11,101248.99,36903.304906778896,False,0.0
2021-06-12,101248.99,37289.43252210222,False,0.0
2021-06-13,101248.99,35666.14977877309,False,0.0
2021-06-14,101248.99,39147.70567879997,False,0.0
2021-06-15,101248.99,40624.51305316154,False,0.0
2021-06-16,101248.99,40378.20254971114,False,0.0
2021-06-17,101248.99,38321.454656574206,False,0.0
2021-06-18,101248.99,38193.61914194397,False,0.0
2021-06-19,101248.99,35881.11137137543,False,0.0
2021-06-20,101248.99,35581.64226773201,False,0.0
2021-06-21,101248.99,35787.07740523232,False,0.0
2021-06-22,101248.99,31711.93546772701,False,0.0
2021-06-23,101248.99,32507.738707026845,False,0.0
2021-06-24,101248.99,33702.61779371396,False,0.0
2021-06-25,101248.99,34675.44910530336,False,0.0
2021-06-26,101248.99,31943.136467863093,False,0.0
2021-06-27,101248.99,32023.97390177492,False,0.0
2021-06-28,101248.99,34607.293274083386,False,0.0
2021-06-29,101248.99,34556.8421269449,False,0.0
2021-06-30,101248.99,35968.993667970346,False,0.0
2021-07-01,101248.99,35171.486304850056,False,0.0
2021-07-02,101248.99,33677.566235922626,False,0.0
2021-07-03,101248.99,33950.786555181,False,0.0
2021-07-04,101248.99,34729.89077801021,False,0.0
2021-07-05,101248.99,35394.213074080915,False,0.0
2021-07-06,101248.99,33928.13421837147,False,0.0
2021-07-07,101248.99,34149.98981477412,False,0.0
2021-07-08,101248.99,33932.25463831538,False,0.0
2021-07-09,101248.99,32933.578199292395,False,0.0
2021-07-10,101248.99,33971.29774975796,False,0.0
2021-07-11,101248.99,33704.53847440508,False,0.0
2021-07-12,101248.99,34299.938016517444,False,0.0
2021-07-13,101248.99,33262.6543524462,False,0.0
2021-07-14,101248.99,32676.38380096018,False,0.0
2021-07-15,101248.99,32878.50187357147,False,0.0
2021-07-16,101248.99,31726.038833909817,False,0.0
2021-07-17,101248.99,31399.653128682126,False,0.0
2021-07-18,101248.99,31588.6713510167,False,0.0
2021-07-19,101248.99,31919.393922554555,False,0.0
2021-07-20,101248.99,30928.211908849244,False,0.0
2021-07-21,101234.45,29971.903783612062,True,0.01
2021-07-22,100152.65,32383.78112696872,True,1.08
2021-07-23,100141.98,32409.499767175417,True,1.09
2021-07-24,99783.16,33455.55127272261,False,1.45
2021-07-25,99783.16,34213.59993217662,False,1.45
2021-07-26,99783.16,35456.12466076684,False,1.45
2021-07-27,99783.16,37281.91809217662,False,1.45
2021-07-28,99783.16,39076.59377063225,False,1.45
2021-07-29,99770.52,40031.19824444798,True,1.46
2021-07-30,99787.39,39977.75693922764,True,1.44
2021-07-31,99197.2,41936.261478677225,True,2.03
2021-08-01,99249.74,41754.16660435275,True,1.97
2021-08-02,99807.32,39914.82975848789,True,1.42
2021-08-03,100012.28,39278.76650810368,True,1.22
2021-08-04,100317.48,38368.35401197897,True,0.92
2021-08-05,99859.3,39751.58457509862,True,1.37
2021-08-06,99525.01,40825.3819404497,True,1.7
2021-08-07,98959.44,42802.13717474142,False,2.26
2021-08-08,98959.44,44647.57760300116,False,2.26
2021-08-09,98959.44,43753.21786264632,False,2.26
2021-08-10,98959.44,46311.00189857689,False,2.26
2021-08-11,98959.44,45639.51401890709,False,2.26
2021-08-12,98959.44,45652.06012506926,False,2.26
2021-08-13,98959.44,44495.20979327958,False,2.26
2021-08-14,98959.44,47717.27052766495,False,2.26
2021-08-15,98959.44,47088.85313451467,False,2.26
2021-08-16,98959.44,47025.00323011282,False,2.26
2021-08-17,98959.44,46031.75754362583,False,2.26
2021-08-18,98959.44,44534.45485421991,False,2.26
2021-08-19,98959.44,45015.46554608543,False,2.26
2021-08-20,98959.44,46745.03462296988,False,2.26
2021-08-21,98959.44,49195.87860189616,False,2.26
2021-08-22,98959.44,48933.68915131164,False,2.26
2021-08-23,98959.44,49250.54486971799,False,2.26
2021-08-24,98959.44,49518.57748790696,False,2.26
2021-08-25,98959.44,47940.6079149608,False,2.26
2021-08-26,98959.44,49002.70376627545,False,2.26
2021-08-27,98959.44,47229.070650876114,False,2.26
2021-08-28,98959.44,49083.10330586219,False,2.26
2021-08-29,98959.44,48936.53725414221,False,2.26
2021-08-30,98959.44,48907.27073106221,False,2.26
2021-08-31,98959.44,47124.25422469402,False,2.26
2021-09-01,98959.44,47335.42029920565,False,2.26
2021-09-02,98959.44,48823.05520964915,False,2.26
2021-09-03,98959.44,49338.78465183332,False,2.26
2021-09-04,98959.44,49934.5282762881,False,2.26
2021-09-05,98959.44,50013.02994694588,False,2.26
2021-09-06,98959.44,51696.206431317885,False,2.26
2021-09-07,98959.44,52739.80016634552,False,2.26
2021-09-08,98959.44,46995.16417095979,False,2.26
2021-09-09,98959.44,46085.02861578186,False,2.26
2021-09-10,98959.44,46518.94118660236,False,2.26
2021-09-11,98959.44,44802.60640249699,False,2.26
2021-09-12,98959.44,45196.488277558245,False,2.26
2021-09-13,98959.44,46195.21830082935,False,2.26
2021-09-14,98959.44,45139.83396873267,False,2.26
2021-09-15,98959.44,47135.43199562694,False,2.26
2021-09-16,98959.44,48186.53275704722,False,2.26
2021-09-17,98959.44,47879.47343992101,False,2.26
2021-09-18,98959.44,47228.65821623257,False,2.26
2021-09-19,98959.44,48266.62707279063,False,2.26
2021-09-20,98959.44,47371.03933236471,False,2.26
2021-09-21,98959.44,42932.94659595412,False,2.26
2021-09-22,98959.44,40386.62363528928,False,2.26
2021-09-23,98959.44,43587.22305058473,False,2.26
2021-09-24,98959.44,44980.898214810935,False,2.26
2021-09-25,98959.44,42752.1681545072,False,2.26
2021-09-26,98959.44,42856.85516422452,False,2.26
2021-09-27,98959.44,43336.86123324274,False,2.26
2021-09-28,98959.44,42247.35572900636,False,2.26
2021-09-29,98959.44,41010.37519836549,False,2.26
2021-09-30,98959.44,41587.66786232295,False,2.26
2021-10-01,98959.44,43859.32614724109,False,2.26
2021-10-02,98959.44,48181.87627260008,False,2.26
2021-10-03,98959.44,47777.762019063,False,2.26
2021-10-04,98959.44,48282.97113857447,False,2.26
2021-10-05,98959.44,49260.23232113069,False,2.26
2021-10-06,98959.44,51668.99422435564,False,2.26
2021-10-07,98948.57,55415.00574202895,True,2.27
2021-10-08,99254.87,53894.59599452107,True,1.97
2021-10-09,99230.83,54010.93747374405,True,1.99
2021-10-10,99005.6,55125.46033768045,True,2.22
2021-10-11,99088.11,54711.86959664297,True,2.13
2021-10-12,98541.68,57572.51085559653,True,2.67
2021-10-13,98771.25,56335.035460511535,True,2.45
2021-10-14,98557.05,57487.9858804222,True,2.66
2021-10-15,98563.52,57452.43178503547,True,2.65
2021-10-16,98160.33,61809.02394427028,False,3.05
2021-10-17,98160.33,61165.63564211521,False,3.05
2021-10-18,98160.33,61583.77443961336,False,3.05
2021-10-19,98160.33,62017.972725178704,False,3.05
2021-10-20,98160.33,64517.64856042277,False,3.05
2021-10-21,98160.33,66237.51755029388,False,3.05
2021-10-22,98160.33,62541.08693293518,False,3.05
2021-10-23,98160.33,61029.27093182092,False,3.05
2021-10-24,98160.33,61572.14043422243,False,3.05
2021-10-25,98160.33,61173.1663907232,False,3.05
2021-10-26,98160.33,63228.21382584213,False,3.05
2021-10-27,98160.33,60604.18888794746,False,3.05
2021-10-28,98160.33,58641.00147419492,False,3.05
2021-10-29,98160.33,60767.55585206728,False,3.05
2021-10-30,98160.33,62283.19805587354,False,3.05
2021-10-31,98160.33,61837.257002978935,False,3.05
2021-11-01,98160.33,61471.86846276259,False,3.05
2021-11-02,98160.33,61121.83120106507,False,3.05
2021-11-03,98160.33,63247.20896127831,False,3.05
2021-11-04,98160.33,63130.94235171542,False,3.05
2021-11-05,98160.33,61601.74357204975,False,3.05
2021-11-06,98160.33,61247.38494217787,False,3.05
2021-11-07,98160.33,61661.35866372036,False,3.05
2021-11-08,98160.33,63153.230193019495,False,3.05
2021-11-09,98160.33,67617.0155448617,False,3.05
2021-11-10,98160.33,67145.37493537061,False,3.05
2021-11-11,98160.33,65061.05440696283,False,3.05
2021-11-12,98160.33,65005.64515956679,False,3.05
2021-11-13,98160.33,64432.04794734522,False,3.05
2021-11-14,98160.33,64660.33535267343,False,3.05
2021-11-15,98160.33,65648.97779110243,False,3.05
2021-11-16,98160.33,63933.83544259933,False,3.05
2021-11-17,98160.33,60448.56251258625,False,3.05
2021-11-18,98160.33,60603.65586738653,False,3.05
2021-11-19,98160.33,56987.32233855049,False,3.05
2021-11-20,98160.33,58459.25551667463,False,3.05
2021-11-21,98160.33,60082.91166841709,False,3.05
2021-11-22,98160.33,59139.77927952717,False,3.05
2021-11-23,98160.33,56386.85685315215,False,3.05
2021-11-24,98160.33,57748.79317378856,False,3.05
2021-11-25,98160.33,57198.18384629529,False,3.05
2021-11-26,98160.33,58897.84698299794,False,3.05
2021-11-27,98160.33,53827.79286503472,False,3.05
2021-11-28,98160.33,54533.40388242691,False,3.05
2021-11-29,98160.33,57237.66113709043,False,3.05
2021-11-30,98160.33,57848.77353712989,False,3.05
2021-12-01,98160.33,57011.28047424234,False,3.05
2021-12-02,98160.33,57169.37199381056,False,3.05
2021-12-03,98160.33,56508.26805402271,False,3.05
2021-12-04,98160.33,53785.96717237922,False,3.05
2021-12-05,98160.33,49161.99070957517,False,3.05
2021-12-06,98160.33,49268.46989053938,False,3.05
2021-12-07,98160.33,50461.57683653979,False,3.05
2021-12-08,98160.33,50647.66340635755,False,3.05
2021-12-09,98160.33,50530.4580645934,False,3.05
2021-12-10,98160.33,47885.87198941706,False,3.05
2021-12-11,98160.33,47303.56415217411,False,3.05
2021-12-12,98160.33,49242.30232407148,False,3.05
2021-12-13,98160.33,50051.078348674855,False,3.05
2021-12-14,98160.33,46696.30469946678,False,3.05
2021-12-15,98160.33,48410.564656309325,False,3.05
2021-12-16,98160.33,48936.86258244155,False,3.05
2021-12-17,98160.33,47694.53050225176,False,3.05
2021-12-18,98160.33,46328.6963654447,False,3.05
2021-12-19,98160.33,46970.057050727024,False,3.05
2021-12-20,98160.33,46807.04861642627,False,3.05
2021-12-21,98160.33,47117.008204210455,False,3.05
2021-12-22,98160.33,49145.21725849885,False,3.05
2021-12-23,98160.33,48755.89564404483,False,3.05
2021-12-24,98160.33,50900.61494951601,False,3.05
2021-12-25,98160.33,50888.72103678683,False,3.05
2021-12-26,98160.33,50663.48710213215,False,3.05
2021-12-27,98160.33,50852.860259540656,False,3.05
2021-12-28,98160.33,50774.067814743,False,3.05
2021-12-29,98160.33,47725.14804631933,False,3.05
2021-12-30,98160.33,46506.99464767938,False,3.05
2021-12-31,98160.33,47191.86838983951,False,3.05
2022-01-01,98160.33,46319.65108805251,False,3.05
2022-01-02,98160.33,47816.07767640849,False,3.05
2022-01-03,98160.33,47387.212167697246,False,3.05
2022-01-04,98160.33,46531.140860530526,False,3.05
2022-01-05,98160.33,45938.02427172366,False,3.05
2022-01-06,98160.33,43647.14750806805,False,3.05
2022-01-07,98160.33,43216.45867693359,False,3.05
2022-01-08,98138.08,41527.197042644846,True,3.07
2022-01-09,98261.0,41756.66232397826,True,2.95
2022-01-10,98317.62,41862.3609856517,True,2.9
2022-01-11,98321.64,41869.85905559219,True,2.89
2022-01-12,98807.7,42777.21102048236,True,2.41
2022-01-13,99453.02,43981.87732717414,True,1.77
2022-01-14,98717.27,42608.41001195019,True,2.5
2022-01-15,98991.78,43120.85451108056,True,2.23
2022-01-16,99048.46,43226.65026980921,True,2.17
2022-01-17,98991.21,43119.79214308028,True,2.23
2022-01-18,98528.51,42298.341116872325,False,2.69
2022-01-19,98528.51,42395.45879157343,False,2.69
2022-01-20,98528.51,41749.55143098559,False,2.69
2022-01-21,98528.51,40707.6824143097,False,2.69
2022-01-22,98506.16,36508.79978983082,True,2.71
2022-01-23,97692.71,35180.435462830384,True,3.51
2022-01-24,98382.22,36306.409440464704,True,2.83
2022-01-25,98668.56,36774.00714224005,True,2.55
2022-01-26,98800.17,36988.92851066736,True,2.42
2022-01-27,98727.61,36870.440166931,True,2.49
2022-01-28,98976.48,37276.839558174994,True,2.24
2022-01-29,99329.04,37852.57902803263,True,1.9
2022-01-30,99561.5,38232.17873217708,True,1.67
2022-01-31,99409.0,37983.151499406464,True,1.82
2022-02-01,99735.9,38555.53446121157,False,1.49
2022-02-02,99735.9,38835.69494322237,False,1.49
2022-02-03,99735.9,37000.98249864199,False,1.49
2022-02-04,99735.9,37101.351593780935,False,1.49
2022-02-05,99735.9,41673.8395543094,False,1.49
2022-02-06,99735.9,41493.690050910525,False,1.49
2022-02-07,99735.9,42475.543220951215,False,1.49
2022-02-08,99735.9,43910.92998644309,False,1.49
2022-02-09,99735.9,44184.447511676175,False,1.49
2022-02-10,99735.9,44383.88805541707,False,1.49
2022-02-11,99735.9,43628.13953235228,False,1.49
2022-02-12,99735.9,42445.38876793804,False,1.49
2022-02-13,99735.9,42254.738123237206,False,1.49
2022-02-14,99735.9,42247.83595326771,False,1.49
2022-02-15,99735.9,42634.573783663065,False,1.49
2022-02-16,99735.9,44574.32057099816,False,1.49
2022-02-17,99735.9,44063.28198279571,False,1.49
2022-02-18,99735.9,40562.98694982819,False,1.49
2022-02-19,99735.9,40073.495362369824,False,1.49
2022-02-20,99735.9,40192.75912143141,False,1.49
2022-02-21,99735.9,38514.00853622455,False,1.49
2022-02-22,99735.9,37059.97940228752,False,1.49
2022-02-23,99735.9,38337.2038554348,False,1.49
2022-02-24,99735.9,37372.2926803477,False,1.49
2022-02-25,99735.9,38363.345488570165,False,1.49
2022-02-26,99735.9,39316.16207578596,False,1.49
2022-02-27,99735.9,39090.202153609054,False,1.49
2022-02-28,99735.9,37803.59016044929,False,1.49
2022-03-01,99735.9,43225.40467743573,False,1.49
2022-03-02,99735.9,44459.59162774341,False,1.49
2022-03-03,99735.9,43980.707382090906,False,1.49
2022-03-04,99735.9,42491.97839335905,False,1.49
2022-03-05,99735.9,39200.29973557414,False,1.49
2022-03-06,99735.9,39463.14681149058,False,1.49
2022-03-07,99735.9,38442.99174588676,False,1.49
2022-03-08,99735.9,38076.49382252028,False,1.49
2022-03-09,99735.9,38732.93701302586,False,1.49
2022-03-10,99735.9,41986.03444607623,False,1.49
2022-03-11,99735.9,39468.35477300189,False,1.49
2022-03-12,99735.9,38775.17558840679,False,1.49
2022-03-13,99735.9,38903.69354800599,False,1.49
2022-03-14,99735.9,37852.52514106289,False,1.49
2022-03-15,99735.9,39669.423812004505,False,1.49
2022-03-16,99735.9,39331.84654059453,False,1.49
2022-03-17,99735.9,41165.63506140341,False,1.49
2022-03-18,99735.9,41001.70957801974,False,1.49
2022-03-19,99735.9,41837.41313797566,False,1.49
2022-03-20,99735.9,42201.939920688186,False,1.49
2022-03-21,99735.9,41283.25900104565,False,1.49
2022-03-22,99735.9,41061.81589384987,False,1.49
2022-03-23,99735.9,42401.89559748944,False,1.49
2022-03-24,99735.9,42802.15471016985,False,1.49
2022-03-25,99735.9,43936.09623454058,False,1.49
2022-03-26,99735.9,44331.77795706412,False,1.49
2022-03-27,99735.9,44510.84421762133,False,1.49
2022-03-28,99735.9,46715.1176185105,False,1.49
2022-03-29,99735.9,46994.879118357465,False,1.49
2022-03-30,99735.9,47459.261237539096,False,1.49
2022-03-31,99735.9,47063.36584996355,False,1.49
2022-04-01,99735.9,45528.40715313835,False,1.49
2022-04-02,99735.9,46270.20070585378,False,1.49
2022-04-03,99735.9,45842.14476317382,False,1.49
2022-04-04,99735.9,46434.562982661664,False,1.49
2022-04-05,99735.9,46622.63571309101,False,1.49
2022-04-06,99735.9,45635.45438126673,False,1.49
2022-04-07,99735.9,43198.77526936491,False,1.49
2022-04-08,99735.9,43515.15032279806,False,1.49
2022-04-09,99735.9,42315.70972421807,False,1.49
2022-04-10,99735.9,42796.39747810973,False,1.49
2022-04-11,99735.9,42274.907370256085,False,1.49
2022-04-12,99735.9,39603.96515928416,False,1.49
2022-04-13,99735.9,40205.67794073206,False,1.49
2022-04-14,99735.9,41205.16871904067,False,1.49
2022-04-15,99735.9,39959.457069033735,False,1.49
2022-04-16,99735.9,40586.59730938673,False,1.49
2022-04-17,99735.9,40450.37930543977,False,1.49
2022-04-18,99735.9,39739.11925622209,False,1.49
2022-04-19,99735.9,40833.5379650337,False,1.49
2022-04-20,99735.9,41498.12244669832,False,1.49
2022-04-21,99735.9,41397.220477279625,False,1.49
2022-04-22,99735.9,40528.54148675958,False,1.49
2022-04-23,99735.9,39756.848993471016,False,1.49
2022-04-24,99735.9,39561.78019075613,False,1.49
2022-04-25,99735.9,39469.04986198146,False,1.49
2022-04-26,99735.9,40488.877917622376,False,1.49
2022-04-27,99735.9,38134.21545068938,False,1.49
2022-04-28,99735.9,39237.94931747103,False,1.49
2022-04-29,99735.9,39741.76664580964,False,1.49
2022-04-30,99735.9,38650.55013809267,False,1.49
2022-05-01,99735.9,37820.61176529208,False,1.49
2022-05-02,99735.9,38537.65476669535,False,1.49
2022-05-03,99735.9,38561.56539902362,False,1.49
2022-05-04,99735.9,37758.496107734,False,1.49
2022-05-05,99735.9,39699.02404125388,False,1.49
2022-05-06,99735.9,36612.22954880304,False,1.49
2022-05-07,99735.9,36116.394294982965,False,1.49
2022-05-08,99735.9,35573.31019883488,False,1.49
2022-05-09,99735.9,34070.31219757961,False,1.49
2022-05-10,99735.9,30269.58695662948,False,1.49
2022-05-11,99735.9,31026.93386836242,False,1.49
2022-05-12,99735.9,28913.48836365432,False,1.49
2022-05-13,99735.9,29126.11597686014,False,1.49
2022-05-14,99735.9,29310.728959858257,False,1.49
2022-05-15,99735.9,30189.333177005963,False,1.49
2022-05-16,99735.9,31319.30911113,False,1.49
2022-05-17,99735.9,29923.606993639707,False,1.49
2022-05-18,99735.9,30502.19328027689,False,1.49
2022-05-19,99735.9,28772.200501112577,False,1.49
2022-05-20,99735.9,30382.40624219559,False,1.49
2022-05-21,99735.9,29256.81337441625,False,1.49
2022-05-22,99735.9,29491.5079477606,False,1.49
2022-05-23,99735.9,30351.050417138096,False,1.49
2022-05-24,99735.9,29163.167775739188,False,1.49
2022-05-25,99735.9,29655.02613175249,False,1.49
2022-05-26,99735.9,29584.949851985926,False,1.49
2022-05-27,99735.9,29346.781442431617,False,1.49
2022-05-28,99735.9,28646.65218193245,False,1.49
2022-05-29,99735.9,29088.236452817226,False,1.49
2022-05-30,99735.9,29492.50321495364,False,1.49
2022-05-31,99735.9,31740.94072516695,False,1.49
2022-06-01,99735.9,31865.749621173167,False,1.49
2022-06-02,99735.9,29833.45033020525,False,1.49
2022-06-03,99735.9,30481.013996026013,False,1.49
2022-06-04,99735.9,29714.143487149733,False,1.49
2022-06-05,99735.9,29872.3603087139,False,1.49
2022-06-06,99735.9,29917.7640524562,False,1.49
2022-06-07,99735.9,31372.5847629755,False,1.49
2022-06-08,99735.9,31265.469277693348,False,1.49
2022-06-09,99735.9,30229.236836130374,False,1.49
2022-06-10,99735.9,30101.187521431468,False,1.49
2022-06-11,99735.9,29101.2982596468,False,1.49
2022-06-12,99735.9,28374.14499732395,False,1.49
2022-06-13,99735.9,26767.269173221317,False,1.49
2022-06-14,99735.9,22525.7683503912,False,1.49
2022-06-15,99735.9,22244.848968001315,False,1.49
2022-06-16,99735.9,22529.198114649807,False,1.49
2022-06-17,99735.9,20408.690490591813,False,1.49
2022-06-18,99735.9,20473.05288079512,False,1.49
2022-06-19,99735.9,19047.41782828195,False,1.49
2022-06-20,99735.9,20516.41197977524,False,1.49
2022-06-21,99735.9,20636.75891240637,False,1.49
2022-06-22,99735.9,20700.923933039136,False,1.49
2022-06-23,99735.9,19983.566482863105,False,1.49
2022-06-24,99735.9,21100.270533511088,False,1.49
2022-06-25,99735.9,21262.71348295613,False,1.49
2022-06-26,99735.9,21525.88036221139,False,1.49
2022-06-27,99735.9,21052.80539783573,False,1.49
2022-06-28,99735.9,20751.47753079077,False,1.49
2022-06-29,99735.9,20282.54247926969,False,1.49
2022-06-30,99735.9,20108.529472889782,False,1.49
2022-07-01,99735.9,19608.397493423083,False,1.49
2022-07-02,99735.9,19407.447430262477,False,1.49
2022-07-03,99735.9,19268.227002666128,False,1.49
2022-07-04,99735.9,19310.233218521837,False,1.49
2022-07-05,99735.9,20257.01232859288,False,1.49
2022-07-06,99735.9,20188.779663973284,False,1.49
2022-07-07,99735.9,20566.68722377,False,1.49
2022-07-08,99735.9,21660.596837075183,False,1.49
2022-07-09,99735.9,21858.818749217564,False,1.49
2022-07-10,99735.9,21589.628101459668,False,1.49
2022-07-11,99735.9,20859.81407965063,False,1.49
2022-07-12,99735.9,19998.46783957584,False,1.49
2022-07-13,99735.9,19350.73735007727,False,1.49
2022-07-14,99735.9,20225.23866433186,False,1.49
2022-07-15,99735.9,20574.84059150044,False,1.49
2022-07-16,99735.9,20794.811981436706,False,1.49
2022-07-17,99735.9,21193.08334336837,False,1.49
2022-07-18,99735.9,20824.36275165164,False,1.49
2022-07-19,99735.9,22395.365383103952,False,1.49
2022-07-20,99735.9,23366.90769792785,False,1.49
2022-07-21,99735.9,23313.296731959555,False,1.49
2022-07-22,99735.9,23155.207555248304,False,1.49
2022-07-23,99735.9,22696.90275429005,False,1.49
2022-07-24,99735.9,22506.199573628983,False,1.49
2022-07-25,99735.9,22613.71920824845,False,1.49
2022-07-26,99735.9,21330.295450788173,False,1.49
2022-07-27,99735.9,21235.61231608577,False,1.49
2022-07-28,99735.9,22908.884260468687,False,1.49
2022-07-29,99735.9,23822.06759782312,False,1.49
2022-07-30,99735.9,23847.58331873861,False,1.49
2022-07-31,99735.9,23653.4595494308,False,1.49
2022-08-01,99735.9,23379.70052509082,False,1.49
2022-08-02,99735.9,23333.749243312184,False,1.49
2022-08-03,99735.9,23053.84684748268,False,1.49
2022-08-04,99735.9,22860.42098438317,False,1.49
2022-08-05,99735.9,22678.363633874185,False,1.49
2022-08-06,99735.9,23225.036201942938,False,1.49
2022-08-07,99735.9,22984.57953144855,False,1.49
2022-08-08,99735.9,23197.603469525384,False,1.49
2022-08-09,99735.9,23823.67944245361,False,1.49
2022-08-10,99735.9,23203.680696781623,False,1.49
2022-08-11,99735.9,23948.829553271637,False,1.49
2022-08-12,99735.9,23948.75170368143,False,1.49
2022-08-13,99735.9,24411.37987152261,False,1.49
2022-08-14,99735.9,24433.653747243658,False,1.49
2022-08-15,99735.9,24312.54142489156,False,1.49
2022-08-16,99735.9,24179.0146523092,False,1.49
2022-08-17,99735.9,23913.333725628458,False,1.49
2022-08-18,99735.9,23359.418837070007,False,1.49
2022-08-19,99735.9,23248.38422819264,False,1.49
2022-08-20,99735.9,20945.8339660496,False,1.49
2022-08-21,99735.9,21175.232732989512,False,1.49
2022-08-22,99735.9,21615.761693416986,False,1.49
2022-08-23,99735.9,21387.747114773963,False,1.49
2022-08-24,99735.9,21562.45153991356,False,1.49
2022-08-25,99735.9,21395.45846975991,False,1.49
2022-08-26,99735.9,21618.009019176647,False,1.49
2022-08-27,99735.9,20271.322951706014,False,1.49
2022-08-28,99735.9,20069.9533315962,False,1.49
2022-08-29,99735.9,19659.24670619362,False,1.49
2022-08-30,99735.9,20308.861447891457,False,1.49
2022-08-31,99735.9,19805.35069885804,False,1.49
2022-09-01,99735.9,20023.55444491251,False,1.49
2022-09-02,99735.9,20153.975977982507,False,1.49
2022-09-03,99735.9,19941.45137004716,False,1.49
2022-09-04,99735.9,19814.5642451146,False,1.49
2022-09-05,99735.9,19980.01322224228,False,1.49
2022-09-06,99735.9,19785.73350185514,False,1.49
2022-09-07,99735.9,18859.50008768028,False,1.49
2022-09-08,99735.9,19280.62547645678,False,1.49
2022-09-09,99735.9,19322.77774937157,False,1.49
2022-09-10,99735.9,21359.58252557909,False,1.49
2022-09-11,99735.9,21707.38731931814,False,1.49
2022-09-12,99735.9,21739.80437979554,False,1.49
2022-09-13,99735.9,22339.67050262336,False,1.49
2022-09-14,99735.9,20184.96749189655,False,1.49
2022-09-15,99735.9,20255.922978327133,False,1.49
2022-09-16,99735.9,19702.16988981172,False,1.49
2022-09-17,99735.9,19764.411712043777,False,1.49
2022-09-18,99735.9,20131.675305714027,False,1.49
2022-09-19,99735.9,19437.157867982634,False,1.49
2022-09-20,99735.9,19570.386709523507,False,1.49
2022-09-21,99735.9,18869.92880939053,False,1.49
2022-09-22,99735.9,18539.63523831258,False,1.49
2022-09-23,99735.9,19464.322663348463,False,1.49
2022-09-24,99735.9,19291.904802452067,False,1.49
2022-09-25,99735.9,18939.97058049937,False,1.49
2022-09-26,99735.9,18809.41143933244,False,1.49
2022-09-27,99735.9,19219.727780656474,False,1.49
2022-09-28,99735.9,19116.33116071044,False,1.49
2022-09-29,99735.9,19444.78777136297,False,1.49
2022-09-30,99735.9,19563.765161776904,False,1.49
2022-10-01,99735.9,19476.92659600407,False,1.49
2022-10-02,99735.9,19314.463835217448,False,1.49
2022-10-03,99735.9,19065.153837148988,False,1.49
2022-10-04,99735.9,19620.567543591394,False,1.49
2022-10-05,99735.9,20345.398520106643,False,1.49
2022-10-06,99735.9,20161.830614985047,False,1.49
2022-10-07,99735.9,19949.051041418512,False,1.49
2022-10-08,99735.9,19457.308951251147,False,1.49
2022-10-09,99735.9,19418.037989243952,False,1.49
2022-10-10,99735.9,19448.14900175761,False,1.49
2022-10-11,99735.9,19142.69476739289,False,1.49
2022-10-12,99735.9,19058.628039738272,False,1.49
2022-10-13,99735.9,19153.039779986982,False,1.49
2022-10-14,99735.9,19383.9432200889,False,1.49
2022-10-15,99735.9,19198.107144951755,False,1.49
2022-10-16,99735.9,19072.780513358884,False,1.49
2022-10-17,99735.9,19272.92184777201,False,1.49
2022-10-18,99735.9,19557.895548868444,False,1.49
2022-10-19,99735.9,19348.02936881037,False,1.49
2022-10-20,99735.9,19134.242664465204,False,1.49
2022-10-21,99735.9,19031.15987195947,False,1.49
2022-10-22,99735.9,19173.28046885863,False,1.49
2022-10-23,99735.9,19203.86547117714,False,1.49
2022-10-24,99735.9,19574.8242318408,False,1.49
2022-10-25,99735.9,19316.94062294213,False,1.49
2022-10-26,99735.9,20095.152230674925,False,1.49
2022-10-27,99674.96,20774.247496426036,True,1.55
2022-10-28,98220.29,20278.36623205219,True,2.99
2022-10-29,99138.11,20591.24120809861,True,2.08
2022-10-30,99752.58,20800.70708772471,True,1.48
2022-10-31,99233.83,20623.871497040946,True,1.99
2022-11-01,98854.62,20494.60120983709,True,2.36
2022-11-02,98840.08,20489.646203160763,True,2.38
2022-11-03,97881.81,20162.980904822525,True,3.33
2022-11-04,98022.41,20210.91241711132,True,3.19
2022-11-05,100778.15,21150.3155839124,True,0.47
2022-11-06,101167.34,21282.98510942269,True,0.08
2022-11-07,100064.38,20906.99792695512,True,1.17
2022-11-08,99157.22,20597.755017060837,True,2.07
2022-11-09,95993.07,18562.353215089643,False,5.19
2022-11-10,95993.07,15742.444335961438,False,5.19
2022-11-11,95993.07,17594.923500278233,False,5.19
2022-11-12,95993.07,17080.215260565037,False,5.19
2022-11-13,95993.07,16797.98748257006,False,5.19
2022-11-14,95993.07,16344.342316001042,False,5.19
2022-11-15,95993.07,16645.828500283515,False,5.19
2022-11-16,95993.07,16890.52938386464,False,5.19
2022-11-17,95993.07,16689.39673273771,False,5.19
2022-11-18,95993.07,16718.361228055077,False,5.19
2022-11-19,95993.07,16707.022778986535,False,5.19
2022-11-20,95993.07,16712.729525794817,False,5.19
2022-11-21,95993.07,16304.07685562355,False,5.19
2022-11-22,95993.07,15814.335280855255,False,5.19
2022-11-23,95993.07,16171.628978315088,False,5.19
2022-11-24,95993.07,16608.00998544357,False,5.19
2022-11-25,95993.07,16596.03575847268,False,5.19
2022-11-26,95993.07,16524.449007720887,False,5.19
2022-11-27,95993.07,16456.156062496684,False,5.19
2022-11-28,95993.07,16459.149543755877,False,5.19
2022-11-29,95993.07,16222.210728731225,False,5.19
2022-11-30,95993.07,16441.979978419113,False,5.19
2022-12-01,95993.07,17186.502572066118,False,5.19
2022-12-02,95993.07,16972.73406077455,False,5.19
2022-12-03,95993.07,17084.87334047068,False,5.19
2022-12-04,95993.07,16923.38287008033,False,5.19
2022-12-05,95993.07,17149.93175096291,False,5.19
2022-12-06,95993.07,16973.372577553495,False,5.19
2022-12-07,95954.61,17085.64314125141,True,5.23
2022-12-08,95427.07,16851.30346863184,True,5.75
2022-12-09,96290.86,17235.014157992136,True,4.9
2022-12-10,96099.09,17149.824203925327,True,5.09
2022-12-11,96044.03,17125.364927688952,True,5.14
2022-12-12,95989.26,17101.038019732932,True,5.19
2022-12-13,96166.11,17179.596038203494,True,5.02
2022-12-14,97527.07,17784.162894053265,True,3.68
2022-12-15,97582.35,17808.71617265881,True,3.62
2022-12-16,96523.5,17338.358126632633,True,4.67
2022-12-17,94914.84,16623.75782614431,True,6.26
2022-12-18,95326.18,16806.48559206152,True,5.85
2022-12-19,95182.86,16742.816663834055,True,5.99
2022-12-20,94241.32,16422.562273279298,False,6.92
2022-12-21,94241.32,16899.331969046758,False,6.92
2022-12-22,94241.32,16816.85370118997,False,6.92
2022-12-23,94241.32,16824.790162441503,False,6.92
2022-12-24,94241.32,16791.45543916491,False,6.92
2022-12-25,94241.32,16848.568708323422,False,6.92
2022-12-26,94241.32,16842.177039905502,False,6.92
2022-12-27,94213.87,16900.081871938084,True,6.95
2022-12-28,94539.38,16701.840210667935,True,6.63
2022-12-29,94812.76,16538.906094001977,True,6.36
2022-12-30,94635.18,16644.379087037905,True,6.53
2022-12-31,94702.87,16604.020520373393,True,6.47
2023-01-01,94809.73,16540.693624776803,True,6.36
2023-01-02,94682.79,16615.969318012816,True,6.49
2023-01-03,94585.14,16674.342536301097,True,6.58
2023-01-04,94579.64,16677.646185850346,True,6.59
2023-01-05,94286.94,16855.1747387671,True,6.88
2023-01-06,94324.64,16832.098988497855,True,6.84
2023-01-07,94116.61,16960.23206247515,True,7.04
2023-01-08,94131.72,16950.861521853905,True,7.03
2023-01-09,93933.55,17074.61539572674,True,7.23
2023-01-10,93743.65,17194.90932945318,True,7.41
2023-01-11,93424.24,17436.90232978116,True,7.73
2023-01-12,96078.33,17996.832553741606,True,5.11
2023-01-13,100202.04,18866.810330617045,True,1.03
2023-01-14,105297.43,19941.780543296303,True,-4.0
2023-01-15,110404.46,21019.20661402266,True,-9.04
2023-01-16,109617.73,20853.230569490253,True,-8.27
2023-01-17,111144.53,21175.33773662521,True,-9.77
2023-01-18,111056.58,21156.78393116713,True,-9.69
2023-01-19,109018.66,20726.844969426445,True,-7.67
2023-01-20,110700.54,21081.67102220433,True,-9.33
2023-01-21,110963.34,22705.83367889906,False,0.0
2023-01-22,110963.34,22771.023287021784,False,0.0
2023-01-23,110963.34,22736.66142892971,False,0.0
2023-01-24,110963.34,22984.87497643721,False,0.0
2023-01-25,110963.34,22610.01059827285,False,0.0
2023-01-26,110963.34,23180.422697874263,False,0.0
2023-01-27,110963.34,23024.74618081709,False,0.0
2023-01-28,110963.34,23082.858382122955,False,0.0
2023-01-29,110963.34,23022.23299135344,False,0.0
2023-01-30,110963.34,23797.46089488124,False,0.0
2023-01-31,110963.34,22840.385858797104,False,0.0
2023-02-01,110963.34,23137.323554088376,False,0.0
2023-02-02,110963.34,23725.16179614224,False,0.0
2023-02-03,110963.34,23539.676770196525,False,0.0
2023-02-04,110963.34,23451.577650774638,False,0.0
2023-02-05,110963.34,23340.34958553934,False,0.0
2023-02-06,110963.34,22946.286578591236,False,0.0
2023-02-07,110963.34,22786.483006387727,False,0.0
2023-02-08,110963.34,23294.9136483527,False,0.0
2023-02-09,110963.34,22947.50782856846,False,0.0
2023-02-10,110963.34,21820.88650809277,False,0.0
2023-02-11,110963.34,21630.132979576298,False,0.0
2023-02-12,110963.34,21889.432080049624,False,0.0
2023-02-13,110963.34,21779.87440384417,False,0.0
2023-02-14,110963.34,21807.834274723064,False,0.0
2023-02-15,110963.34,22220.070997481067,False,0.0
2023-02-16,110963.34,24307.8751016316,False,0.0
2023-02-17,110963.34,23756.907281577434,False,0.0
2023-02-18,110963.34,24628.82455217312,False,0.0
2023-02-19,110963.34,24642.79087073843,False,0.0
2023-02-20,110963.34,24284.478003714703,False,0.0
2023-02-21,110963.34,24786.665940845705,False,0.0
2023-02-22,110963.34,24417.38703630947,False,0.0
2023-02-23,110963.34,24146.101364545226,False,0.0
2023-02-24,110963.34,23951.11098423326,False,0.0
2023-02-25,110963.34,23172.286538018925,False,0.0
2023-02-26,110963.34,23157.038107459524,False,0.0
2023-02-27,110963.34,23541.11585449356,False,0.0
2023-02-28,110963.34,23518.12390627588,False,0.0
2023-03-01,110963.34,23155.543746825795,False,0.0
2023-03-02,110963.34,23634.333489123783,False,0.0
2023-03-03,110963.34,23464.33654185282,False,0.0
2023-03-04,110963.34,22367.43302246967,False,0.0
2023-03-05,110963.34,22348.32991538815,False,0.0
2023-03-06,110963.34,22421.885805853268,False,0.0
2023-03-07,110963.34,22415.113659694827,False,0.0
2023-03-08,110963.34,22217.209884905325,False,0.0
2023-03-09,110963.34,21712.65119391273,False,0.0
2023-03-10,110963.34,20376.320007428807,False,0.0
2023-03-11,110963.34,20195.2289502733,False,0.0
2023-03-12,110963.34,20521.55615175117,False,0.0
2023-03-13,110963.34,22095.71339833569,False,0.0
2023-03-14,110963.34,24178.95532797469,False,0.0
2023-03-15,110963.34,24758.765085827567,False,0.0
2023-03-16,110963.34,24470.88205445031,False,0.0
2023-03-17,110963.34,25161.27201752005,False,0.0
2023-03-18,110963.34,27466.677829829863,False,0.0
2023-03-19,110963.34,27107.792183504385,False,0.0
2023-03-20,110963.34,28186.842652360127,False,0.0
2023-03-21,110963.34,27929.167733140293,False,0.0
2023-03-22,110963.34,28264.23961052235,False,0.0
2023-03-23,110963.34,27449.25483080736,False,0.0
2023-03-24,110963.34,28459.735113552502,False,0.0
2023-03-25,110963.34,27595.4947483755,False,0.0
2023-03-26,110963.34,27670.199498496837,False,0.0
2023-03-27,110963.34,28048.46997853496,False,0.0
2023-03-28,110963.34,27182.299559950465,False,0.0
2023-03-29,110963.34,27291.3500210497,False,0.0
2023-03-30,110963.34,28394.997780199057,False,0.0
2023-03-31,110963.34,28041.123080088284,False,0.0
2023-04-01,110963.34,28516.78472968864,False,0.0
2023-04-02,110963.34,28498.94463304862,False,0.0
2023-04-03,110963.34,28236.508738939792,False,0.0
2023-04-04,110963.34,27815.42653124798,False,0.0
2023-04-05,110963.34,28175.33033421539,False,0.0
2023-04-06,110963.34,28197.20034124555,False,0.0
2023-04-07,110963.34,28042.9833864884,False,0.0
2023-04-08,110963.34,27934.43871284895,False,0.0
2023-04-09,110963.34,27968.12804705512,False,0.0
2023-04-10,110963.34,28351.23699385011,False,0.0
2023-04-11,110963.34,29657.97413687356,False,0.0
2023-04-12,110911.58,30260.93610940865,True,0.05
2023-04-13,110301.36,29904.138694718906,True,0.6
2023-04-14,111158.02,30405.027312781145,True,-0.18
2023-04-15,111266.42,30468.40870059078,True,-0.27
2023-04-16,110999.19,30312.16187965924,True,-0.03
2023-04-17,110986.61,30304.807514785844,True,-0.02
2023-04-18,109554.53,29467.459829260344,True,1.27
2023-04-19,111091.11,30365.90416754141,True,-0.12
2023-04-20,108469.8,28833.217501221105,True,2.25
2023-04-21,107565.02,28255.57824866478,False,3.06
2023-04-22,107565.02,27300.15712851557,False,3.06
2023-04-23,107565.02,27861.640663476548,False,3.06
2023-04-24,107565.02,27606.578347653143,False,3.06
2023-04-25,107565.02,27511.635682161308,False,3.06
2023-04-26,107565.02,28351.218248373007,False,3.06
2023-04-27,107565.02,28352.19132059668,False,3.06
2023-04-28,107565.02,29483.52170499186,False,3.06
2023-04-29,107565.02,29339.99499754935,False,3.06
2023-04-30,107565.02,29217.944046809916,False,3.06
2023-05-01,107565.02,29362.056213625398,False,3.06
2023-05-02,107565.02,28125.501155636823,False,3.06
2023-05-03,107565.02,28654.39013332672,False,3.06
2023-05-04,107565.02,28988.320996249277,False,3.06
2023-05-05,107565.02,28846.461458608057,False,3.06
2023-05-06,107565.02,29520.322268970496,False,3.06
2023-05-07,107565.02,28887.74104552337,False,3.06
2023-05-08,107565.02,28611.43919761457,False,3.06
2023-05-09,107565.02,27696.76078562556,False,3.06
2023-05-10,107565.02,27607.39168091902,False,3.06
2023-05-11,107565.02,27639.73356593586,False,3.06
2023-05-12,107565.02,27024.76572929978,False,3.06
2023-05-13,107565.02,26787.69039591833,False,3.06
2023-05-14,107565.02,26798.126271474703,False,3.06
2023-05-15,107565.02,26911.805273213893,False,3.06
2023-05-16,107565.02,27227.793422558792,False,3.06
2023-05-17,107565.02,27022.713173921147,False,3.06
2023-05-18,107565.02,27389.971511442203,False,3.06
2023-05-19,107565.02,26842.95249471792,False,3.06
2023-05-20,107565.02,26884.371059589947,False,3.06
2023-05-21,107565.02,27093.79110149735,False,3.06
2023-05-22,107565.02,26773.83024366478,False,3.06
2023-05-23,107565.02,26869.686021790774,False,3.06
2023-05-24,107565.02,27222.937746603853,False,3.06
2023-05-25,107565.02,26338.948946998687,False,3.06
2023-05-26,107565.02,26475.607902534277,False,3.06
2023-05-27,107565.02,26717.987553571777,False,3.06
2023-05-28,107565.02,26848.23993959246,False,3.06
2023-05-29,107565.02,28110.313467609285,False,3.06
2023-05-30,107565.02,27759.74666392068,False,3.06
2023-05-31,107565.02,27713.908547529507,False,3.06
2023-06-01,107565.02,27245.474465179723,False,3.06
2023-06-02,107565.02,26824.10149951678,False,3.06
2023-06-03,107565.02,27247.74008145703,False,3.06
2023-06-04,107565.02,27066.371328526235,False,3.06
2023-06-05,107565.02,27315.447587487684,False,3.06
2023-06-06,107565.02,25792.6160902334,False,3.06
2023-06-07,107565.02,27216.61556469773,False,3.06
2023-06-08,107565.02,26346.244545137637,False,3.06
2023-06-09,107565.02,26507.90989220298,False,3.06
2023-06-10,107565.02,26469.581684007026,False,3.06
2023-06-11,107565.02,25858.12289218562,False,3.06
2023-06-12,107565.02,25916.57989637981,False,3.06
2023-06-13,107565.02,25910.362742919464,False,3.06
2023-06-14,107565.02,25872.20645879509,False,3.06
2023-06-15,107565.02,25107.754695880594,False,3.06
2023-06-16,107565.02,25564.599632887144,False,3.06
2023-06-17,107565.02,26327.3256694539,False,3.06
2023-06-18,107565.02,26501.044442233677,False,3.06
2023-06-19,107565.02,26333.092529664373,False,3.06
2023-06-20,107565.02,26779.38746152284,False,3.06
2023-06-21,107565.02,28330.891419807507,False,3.06
2023-06-22,107546.75,30101.76481948869,True,3.08
2023-06-23,107648.05,29935.63210674956,True,2.99
2023-06-24,107232.43,30629.24435333575,True,3.36
2023-06-25,107286.14,30537.816664634796,True,3.31
2023-06-26,107335.2,30454.75697441562,True,3.27
2023-06-27,107436.02,30285.50506407074,True,3.18
2023-06-28,107194.86,30693.54635606798,True,3.4
2023-06-29,107557.85,30083.477245263824,True,3.07
2023-06-30,107328.19,30466.61045689353,True,3.28
2023-07-01,107319.8,30480.781481944465,True,3.28
2023-07-02,107241.25,30583.619599697537,False,3.35
2023-07-03,107241.25,30571.887072871446,False,3.35
2023-07-04,107241.25,31134.713133508405,False,3.35
2023-07-05,107241.25,30775.624022375305,False,3.35
2023-07-06,107241.25,30484.79377442352,False,3.35
2023-07-07,107241.25,29990.055151220247,False,3.35
2023-07-08,107241.25,30315.26540235163,False,3.35
2023-07-09,107241.25,30264.19734525722,False,3.35
2023-07-10,107241.25,30169.87065747925,False,3.35
2023-07-11,107241.25,30394.28114637557,False,3.35
2023-07-12,107241.25,30620.81424697801,False,3.35
2023-07-13,107241.25,30407.41631435991,False,3.35
2023-07-14,107241.25,31446.0149710716,False,3.35
2023-07-15,107241.25,30311.82780813052,False,3.35
2023-07-16,107241.25,30297.97140012553,False,3.35
2023-07-17,107241.25,30237.334785146097,False,3.35
2023-07-18,107241.25,30147.860079211525,False,3.35
2023-07-19,107241.25,29848.03227250528,False,3.35
2023-07-20,107241.25,29919.87483825516,False,3.35
2023-07-21,107204.52,29787.041530355687,True,3.39
2023-07-22,107047.98,29914.68272835899,True,3.53
2023-07-23,107299.46,29710.155935991766,True,3.3
2023-07-24,106873.85,30057.956718714588,True,3.69
2023-07-25,107961.45,29184.901913057693,True,2.71
2023-07-26,107912.67,29222.974630383527,True,2.75
2023-07-27,107733.49,29363.672907978616,True,2.91
2023-07-28,107941.78,29200.244001291318,True,2.72
2023-07-29,107796.43,29314.09738709836,True,2.85
2023-07-30,107742.27,29356.74774591667,True,2.9
2023-07-31,107842.7,29277.75581027272,True,2.81
2023-08-01,107899.67,29233.13636558044,True,2.76
2023-08-02,107514.96,29537.109746927432,True,3.11
2023-08-03,108010.61,29146.63627084363,True,2.66
2023-08-04,107972.69,29176.15059658541,True,2.7
2023-08-05,108086.27,29087.938086007627,True,2.59
2023-08-06,108139.48,29046.8004570232,True,2.54
2023-08-07,108142.84,29044.20437557756,True,2.54
2023-08-08,107970.12,29178.147751873083,True,2.7
2023-08-09,107213.74,29779.56167125089,True,3.38
2023-08-10,107454.46,29585.48807737921,True,3.16
2023-08-11,107657.41,29423.81891597763,True,2.98
2023-08-12,107691.49,29396.8479714205,True,2.95
2023-08-13,107672.16,29412.142274584105,True,2.97
2023-08-14,107833.51,29284.96971374381,True,2.82
2023-08-15,107686.76,29400.58680419105,True,2.95
2023-08-16,107979.95,29170.490397060614,True,2.69
2023-08-17,108522.33,28754.197021112574,True,2.2
2023-08-18,109546.19,26501.58726991974,True,1.28
2023-08-19,110257.69,26042.838256849,True,0.64
2023-08-20,110160.16,26104.778630797897,True,0.72
2023-08-21,110072.51,26160.70041981821,True,0.8
2023-08-22,110137.82,26119.005958595222,True,0.74
2023-08-23,110272.15,26033.675406585844,True,0.62
2023-08-24,109624.95,26450.00862461353,True,1.21
2023-08-25,110112.85,26134.934254516003,True,0.77
2023-08-26,110255.8,26044.036209289134,True,0.64
2023-08-27,110322.22,26002.01571731937,True,0.58
2023-08-28,110194.84,26082.717178218525,True,0.69
2023-08-29,110153.11,26109.2698239287,True,0.73
2023-08-30,107774.17,27730.50373550554,False,2.87
2023-08-31,107774.17,27297.261438480404,False,2.87
2023-09-01,107774.17,25927.417005779287,False,2.87
2023-09-02,107774.17,25812.33049442542,False,2.87
2023-09-03,107774.17,25853.65684277757,False,2.87
2023-09-04,107774.17,25959.59631146345,False,2.87
2023-09-05,107774.17,25829.364772941324,False,2.87
2023-09-06,107774.17,25784.41351983038,False,2.87
2023-09-07,107774.17,25752.958418589413,False,2.87
2023-09-08,107774.17,26192.333433090567,False,2.87
2023-09-09,107774.17,25907.22813724973,False,2.87
2023-09-10,107774.17,25889.3250094629,False,2.87
2023-09-11,107774.17,25834.580098562918,False,2.87
2023-09-12,107774.17,25133.303106566527,False,2.87
2023-09-13,107774.17,25866.806663158084,False,2.87
2023-09-14,107774.17,26223.436075660946,False,2.87
2023-09-15,107774.17,26531.39556626326,False,2.87
2023-09-16,107774.17,26634.631025000588,False,2.87
2023-09-17,107774.17,26557.768691994646,False,2.87
2023-09-18,107774.17,26520.98825478389,False,2.87
2023-09-19,107774.17,26741.461110948952,False,2.87
2023-09-20,107774.17,27219.296874634216,False,2.87
2023-09-21,107774.17,27115.846446970816,False,2.87
2023-09-22,107774.17,26561.13345419872,False,2.87
2023-09-23,107774.17,26572.0381115526,False,2.87
2023-09-24,107774.17,26573.9234797301,False,2.87
2023-09-25,107774.17,26249.562897845204,False,2.87
2023-09-26,107774.17,26298.634678281232,False,2.87
2023-09-27,107774.17,26204.75759083597,False,2.87
2023-09-28,107774.17,26350.146895428057,False,2.87
2023-09-29,107774.17,27009.01375072488,False,2.87
2023-09-30,107774.17,26917.199101637976,False,2.87
2023-10-01,107774.17,26969.876144072576,False,2.87
2023-10-02,107774.17,27967.510579087117,False,2.87
2023-10-03,107774.17,27615.06488509527,False,2.87
2023-10-04,107774.17,27439.12194670512,False,2.87
2023-10-05,107774.17,27792.1112772493,False,2.87
2023-10-06,107774.17,27435.874615135104,False,2.87
2023-10-07,107774.17,27958.196437350485,False,2.87
2023-10-08,107774.17,27977.543490700005,False,2.87
2023-10-09,107774.17,27948.10365174851,False,2.87
2023-10-10,107774.17,27593.782534439662,False,2.87
2023-10-11,107774.17,27392.247702732497,False,2.87
2023-10-12,107774.17,26842.1904390924,False,2.87
2023-10-13,107774.17,26729.137205815103,False,2.87
2023-10-14,107774.17,26841.136220644406,False,2.87
2023-10-15,107774.17,26863.18356907992,False,2.87
2023-10-16,107774.17,27150.29700140705,False,2.87
2023-10-17,107774.17,28513.30993247735,False,2.87
2023-10-18,107774.17,28417.72175169982,False,2.87
2023-10-19,107774.17,28328.245198134824,False,2.87
2023-10-20,107774.17,28715.748142407952,False,2.87
2023-10-21,107746.18,29677.392888476206,True,2.9
2023-10-22,107519.36,29920.07449265145,True,3.1
2023-10-23,107427.61,30019.38050086351,True,3.19
2023-10-24,106649.69,32953.262760830985,False,3.89
2023-10-25,106649.69,33846.72425733224,False,3.89
2023-10-26,106649.69,34471.986031672015,False,3.89
2023-10-27,106649.69,34174.451552912586,False,3.89
2023-10-28,106649.69,33899.09305644032,False,3.89
2023-10-29,106649.69,34092.630932838576,False,3.89
2023-10-30,106649.69,34556.242814761616,False,3.89
2023-10-31,106649.69,34498.70391946407,False,3.89
2023-11-01,106649.69,34672.2892841885,False,3.89
2023-11-02,106649.69,35457.45491210553,False,3.89
2023-11-03,106649.69,34924.05545044328,False,3.89
2023-11-04,106649.69,34731.38136896784,False,3.89
2023-11-05,106649.69,35048.407834901074,False,3.89
2023-11-06,106649.69,35061.92874919579,False,3.89
2023-11-07,106649.69,35031.26888208706,False,3.89
2023-11-08,106649.69,35436.53762957962,False,3.89
2023-11-09,106649.69,35795.0806307102,False,3.89
2023-11-10,106649.69,36768.42081912672,False,3.89
2023-11-11,106649.69,37344.249000720345,False,3.89
2023-11-12,106649.69,37122.72282430656,False,3.89
2023-11-13,106649.69,37067.69698212008,False,3.89
2023-11-14,106649.69,36549.16204829837,False,3.89
2023-11-15,106649.69,35545.201433454065,False,3.89
2023-11-16,106649.69,37903.66245166294,False,3.89
2023-11-17,106649.69,36201.51611146142,False,3.89
2023-11-18,106649.69,36527.76022530742,False,3.89
2023-11-19,106649.69,36582.36844192274,False,3.89
2023-11-20,106649.69,37413.99460790531,False,3.89
2023-11-21,106649.69,37489.298470802016,False,3.89
2023-11-22,106649.69,35965.36036068078,False,3.89
2023-11-23,106649.69,37464.83293220907,False,3.89
2023-11-24,106649.69,37293.316127426726,False,3.89
2023-11-25,106649.69,37738.93169747125,False,3.89
2023-11-26,106649.69,37809.85286625321,False,3.89
2023-11-27,106649.69,37491.838186008135,False,3.89
2023-11-28,106649.69,37250.16905148115,False,3.89
2023-11-29,106649.69,37802.23604377473,False,3.89
2023-11-30,106649.69,37810.34641654128,False,3.89
2023-12-01,106649.69,37711.81837585267,False,3.89
2023-12-02,106649.69,38688.25874179069,False,3.89
2023-12-03,106649.69,39481.666416062864,False,3.89
2023-12-04,106628.87,39960.27542041052,True,3.91
2023-12-05,105711.54,41974.331772543344,False,4.73
2023-12-06,105711.54,44105.94477259938,False,4.73
2023-12-07,105711.54,43788.28880825234,False,4.73
2023-12-08,105711.54,43270.11955970747,False,4.73
2023-12-09,105711.54,44202.17610943621,False,4.73
2023-12-10,105711.54,43745.49199189547,False,4.73
2023-12-11,105711.54,43757.959937619176,False,4.73
2023-12-12,105711.54,41200.96272610168,False,4.73
2023-12-13,105711.54,41450.81938737744,False,4.73
2023-12-14,105711.54,42931.76182603245,False,4.73
2023-12-15,105711.54,43009.5954563739,False,4.73
2023-12-16,105711.54,41992.01418722399,False,4.73
2023-12-17,105711.54,42247.06788172229,False,4.73
2023-12-18,105711.54,41410.819634575855,False,4.73
2023-12-19,105711.54,42684.182554683386,False,4.73
2023-12-20,105711.54,42250.20618279751,False,4.73
2023-12-21,105711.54,43634.1241684964,False,4.73
2023-12-22,105711.54,43849.69959939619,False,4.73
2023-12-23,105711.54,44003.6960216438,False,4.73
2023-12-24,105711.54,43752.03088478376,False,4.73
2023-12-25,105711.54,43034.97106309152,False,4.73
2023-12-26,105711.54,43638.23630220092,False,4.73
2023-12-27,105711.54,42516.42694028252,False,4.73
2023-12-28,105711.54,43418.46777504291,False,4.73
2023-12-29,105711.54,42600.65063315619,False,4.73
2023-12-30,105711.54,42074.70715618848,False,4.73
2023-12-31,105711.54,42220.61140121376,False,4.73
2024-01-01,105711.54,42208.20217618648,False,4.73
2024-01-02,105711.54,44168.68118687473,False,4.73
2024-01-03,105711.54,44994.67388689237,False,4.73
2024-01-04,105711.54,42821.558989158,False,4.73
2024-01-05,105711.54,44195.57856209971,False,4.73
2024-01-06,105711.54,44113.69973389081,False,4.73
2024-01-07,105711.54,43956.12071720152,False,4.73
2024-01-08,105711.54,43883.74387905174,False,4.73
2024-01-09,105661.07,46936.18556121751,True,4.78
2024-01-10,104768.43,46105.94607828697,True,5.58
2024-01-11,105334.36,46632.31314804979,True,5.07
2024-01-12,104992.5,46314.35554160269,True,5.38
2024-01-13,102057.69,42893.92960550481,False,8.03
2024-01-14,102057.69,42848.47451640749,False,8.03
2024-01-15,102057.69,41800.93282193406,False,8.03
2024-01-16,102057.69,42587.336038354406,False,8.03
2024-01-17,102057.69,43148.00164342693,False,8.03
2024-01-18,102057.69,42713.859186938986,False,8.03
2024-01-19,102057.69,41261.39479801012,False,8.03
2024-01-20,102057.69,41600.94093254464,False,8.03
2024-01-21,102057.69,41626.10711003664,False,8.03
2024-01-22,102057.69,41541.89945706261,False,8.03
2024-01-23,102057.69,39504.73005758438,False,8.03
2024-01-24,102057.69,39833.45410501688,False,8.03
2024-01-25,102057.69,40123.67105847147,False,8.03
2024-01-26,102057.69,39938.28644155878,False,8.03
2024-01-27,102057.69,41862.9356109399,False,8.03
2024-01-28,102057.69,42119.61049464309,False,8.03
2024-01-29,102057.69,42026.57856232145,False,8.03
2024-01-30,102057.69,43267.60927638767,False,8.03
2024-01-31,102057.69,42892.03453014447,False,8.03
2024-02-01,102057.69,42583.26354663417,False,8.03
2024-02-02,102057.69,43069.0434209368,False,8.03
2024-02-03,102057.69,43170.65856159975,False,8.03
2024-02-04,102057.69,42976.84829990829,False,8.03
2024-02-05,102057.69,42599.35997055978,False,8.03
2024-02-06,102057.69,42648.45692113544,False,8.03
2024-02-07,102057.69,43087.78740814285,False,8.03
2024-02-08,102057.69,44247.415415479314,False,8.03
2024-02-09,102057.69,45338.27118978949,False,8.03
2024-02-10,102038.73,47143.24299107112,True,8.04
2024-02-11,101790.63,47768.995251247936,True,8.27
2024-02-12,101627.38,48189.88179303987,True,8.41
2024-02-13,101228.22,50050.13609456397,False,8.77
2024-02-14,101228.22,49732.14536955351,False,8.77
2024-02-15,101228.22,51790.16929752642,False,8.77
2024-02-16,101228.22,51958.23029105492,False,8.77
2024-02-17,101228.22,52166.43430976192,False,8.77
2024-02-18,101228.22,51684.51749264525,False,8.77
2024-02-19,101228.22,52138.48578873693,False,8.77
2024-02-20,101228.22,51764.313185487765,False,8.77
2024-02-21,101228.22,52286.79372554667,False,8.77
2024-02-22,101228.22,51842.75676625642,False,8.77
2024-02-23,101228.22,51319.500125702674,False,8.77
2024-02-24,101228.22,50841.081094770896,False,8.77
2024-02-25,101228.22,51553.096712831146,False,8.77
2024-02-26,101228.22,51751.88405493456,False,8.77
2024-02-27,101228.22,54478.19108312296,False,8.77
2024-02-28,101228.22,57003.52673730811,False,8.77
2024-02-29,101228.22,62558.58202419311,False,8.77
2024-03-01,101228.22,61298.21686110162,False,8.77
2024-03-02,101228.22,62426.64052919186,False,8.77
2024-03-03,101228.22,62067.86680212177,False,8.77
2024-03-04,101228.22,63053.10543906421,False,8.77
2024-03-05,101228.22,68186.64593432152,False,8.77
2024-03-06,101228.22,64291.536557569496,False,8.77
2024-03-07,101228.22,66145.91927850846,False,8.77
2024-03-08,101228.22,66944.87639053575,False,8.77
2024-03-09,101228.22,68315.25192078314,False,8.77
2024-03-10,101228.22,68508.0039626159,False,8.77
2024-03-11,101228.22,69075.66688195744,False,8.77
2024-03-12,101228.22,72130.55300765681,False,8.77
2024-03-13,101228.22,71467.17350326062,False,8.77
2024-03-14,101228.22,73097.76702694128,False,8.77
2024-03-15,101228.22,71420.03180142345,False,8.77
2024-03-16,101228.22,69497.7631929463,False,8.77
2024-03-17,101228.22,65292.31329331289,False,8.77
2024-03-18,101228.22,68425.41565643054,False,8.77
2024-03-19,101228.22,67708.94360930806,False,8.77
2024-03-20,101228.22,62132.51737873437,False,8.77
2024-03-21,101228.22,67819.05570684028,False,8.77
2024-03-22,101228.22,65535.97844847657,False,8.77
2024-03-23,101228.22,63509.04496523133,False,8.77
2024-03-24,101228.22,64285.80279102199,False,8.77
2024-03-25,101228.22,67310.98326810106,False,8.77
2024-03-26,101228.22,69938.94530200244,False,8.77
2024-03-27,101228.22,70082.05122475982,False,8.77
2024-03-28,101228.22,69435.75040305211,False,8.77
2024-03-29,101228.22,70710.19534863312,False,8.77
2024-03-30,101228.22,69919.05546148612,False,8.77
2024-03-31,101228.22,69702.3087473573,False,8.77
2024-04-01,101228.22,71246.95144060145,False,8.77
2024-04-02,101228.22,69785.92503802372,False,8.77
2024-04-03,101228.22,65440.41922587159,False,8.77
2024-04-04,101228.22,66123.938539074,False,8.77
2024-04-05,101228.22,68542.17715279506,False,8.77
2024-04-06,101228.22,67978.61023408506,False,8.77
2024-04-07,101228.22,69000.6499164776,False,8.77
2024-04-08,101228.22,69401.97360911008,False,8.77
2024-04-09,101228.22,71624.18486236996,False,8.77
2024-04-10,101228.22,69158.64381207665,False,8.77
2024-04-11,101228.22,70527.88997578963,False,8.77
2024-04-12,101228.22,70106.66413070948,False,8.77
2024-04-13,101228.22,67252.10504226631,False,8.77
2024-04-14,101228.22,64404.82548907413,False,8.77
2024-04-15,101211.67,65752.66004728881,True,8.79
2024-04-16,101816.89,63430.5714573684,True,8.24
2024-04-17,101738.91,63720.501587480736,True,8.31
2024-04-18,102404.17,61328.89798860725,True,7.71
2024-04-19,101808.51,63461.59269510717,True,8.25
2024-04-20,101667.38,63988.818471785664,True,8.38
2024-04-21,101430.31,64894.41869109179,True,8.59
2024-04-22,101419.48,64936.4207567739,True,8.6
2024-04-23,100942.32,66841.66685207361,True,9.03
2024-04-24,101048.78,66406.95244392671,True,8.93
2024-04-25,101590.55,64279.51812857524,True,8.45
2024-04-26,101536.36,64486.183359158975,True,8.5
2024-04-27,101717.03,63802.330049258766,True,8.33
2024-04-28,101793.5,63517.248743409626,True,8.26
2024-04-29,101925.68,63030.433616681854,True,8.14
2024-04-30,101718.27,63797.67963589958,True,8.33
2024-05-01,102573.23,60749.47209216387,True,7.56
2024-05-02,103325.81,58297.57407532549,True,6.88
2024-05-03,103061.7,59135.1733607733,True,7.12
2024-05-04,101978.13,62839.34073569376,True,8.1
2024-05-05,101712.2,63820.451902924986,True,8.34
2024-05-06,101661.76,64010.00865210892,True,8.38
2024-05-07,101886.9,63172.48129551341,True,8.18
2024-05-08,102110.24,62363.057191718624,True,7.98
2024-05-09,102437.0,61215.50400879193,True,7.68
2024-05-10,101893.41,63148.59994309703,True,8.17
2024-05-11,102532.45,60888.21674957157,True,7.6
2024-05-12,102565.13,60776.97207917213,True,7.57
2024-05-13,102352.83,61507.05400412135,True,7.76
2024-05-14,101967.28,62878.783300729294,True,8.11
2024-05-15,102317.38,61569.1130057734,False,7.79
2024-05-16,102317.38,66220.51831432826,False,7.79
2024-05-17,102317.38,65260.879803346186,False,7.79
2024-05-18,102317.38,67053.12326509564,False,7.79
2024-05-19,102317.38,66912.61861403697,False,7.79
2024-05-20,102317.38,66252.71259591613,False,7.79
2024-05-21,102317.38,71430.29700215145,False,7.79
2024-05-22,102317.38,70189.8358177002,False,7.79
2024-05-23,102317.38,69181.20085677762,False,7.79
2024-05-24,102317.38,67906.46534276106,False,7.79
2024-05-25,102317.38,68539.91646552991,False,7.79
2024-05-26,102317.38,69268.44558973772,False,7.79
2024-05-27,102317.38,68508.83110875699,False,7.79
2024-05-28,102317.38,69367.23871755725,False,7.79
2024-05-29,102317.38,68316.63588049631,False,7.79
2024-05-30,102317.38,67577.26558995963,False,7.79
2024-05-31,102317.38,68372.49288434093,False,7.79
2024-06-01,102317.38,67474.95483698409,False,7.79
2024-06-02,102317.38,67704.32641811523,False,7.79
2024-06-03,102317.38,67740.01690222476,False,7.79
2024-06-04,102317.38,68808.29368590549,False,7.79
2024-06-05,102317.38,70600.01116676089,False,7.79
2024-06-06,102317.38,71184.59943059199,False,7.79
2024-06-07,102317.38,70759.58819301432,False,7.79
2024-06-08,102317.38,69325.36238847222,False,7.79
2024-06-09,102317.38,69315.1041233966,False,7.79
2024-06-10,102317.38,69654.16073760358,False,7.79
2024-06-11,102317.38,69493.17760915738,False,7.79
2024-06-12,102317.38,67329.15232724321,False,7.79
2024-06-13,102317.38,68224.51967501991,False,7.79
2024-06-14,102317.38,66700.31696564378,False,7.79
2024-06-15,102289.95,66011.07873713733,True,7.82
2024-06-16,102215.68,66190.4874891135,True,7.88
2024-06-17,102041.33,66615.53782131766,True,8.04
2024-06-18,102104.71,66460.38897909952,True,7.98
2024-06-19,102669.44,65109.31481219048,True,7.47
2024-06-20,102756.0,64907.07460760319,True,7.4
2024-06-21,102782.81,64844.67441797763,True,7.37
2024-06-22,103119.35,64071.624284709695,True,7.07
2024-06-23,103045.4,64239.90348813148,True,7.14
2024-06-24,103499.01,63221.35738437477,True,6.73
2024-06-25,104853.61,60363.23497529626,True,5.51
2024-06-26,104171.02,61770.41387009536,True,6.12
2024-06-27,104662.9,60749.89619402014,True,5.68
2024-06-28,104269.84,61562.64532550036,True,6.03
2024-06-29,104876.53,60317.09697945116,True,5.49
2024-06-30,104606.87,60864.44316193428,True,5.73
2024-07-01,103721.08,62734.39383945474,True,6.53
2024-07-02,103681.88,62819.82226921849,True,6.56
2024-07-03,104042.58,62042.5650371006,True,6.24
2024-07-04,104912.58,60244.68076433092,True,5.45
2024-07-05,106516.63,57189.17412408636,True,4.01
2024-07-06,106767.08,56739.86285107204,True,3.78
2024-07-07,105951.07,58230.4841542266,True,4.52
2024-07-08,107257.38,55880.3753776708,True,3.34
2024-07-09,106809.11,56665.14073352028,True,3.74
2024-07-10,106080.79,57988.30351208401,True,4.4
2024-07-11,106234.35,57704.20228446288,True,4.26
2024-07-12,106406.95,57388.19247916668,True,4.11
2024-07-13,106128.74,57899.28895749592,True,4.36
2024-07-14,105466.8,59152.71913887286,True,4.95
2024-07-15,104647.04,60942.32773996293,False,5.69
2024-07-16,104647.04,64835.48973321571,False,5.69
2024-07-17,104647.04,65162.23625234354,False,5.69
2024-07-18,104647.04,64136.31384360687,False,5.69
2024-07-19,104647.04,63959.56900809379,False,5.69
2024-07-20,104647.04,66689.54880734957,False,5.69
2024-07-21,104647.04,67206.06470614894,False,5.69
2024-07-22,104647.04,68088.13996324532,False,5.69
2024-07-23,104647.04,67607.71339918874,False,5.69
2024-07-24,104647.04,65942.41746522837,False,5.69
2024-07-25,104647.04,65403.53513022529,False,5.69
2024-07-26,104647.04,65749.96361965332,False,5.69
2024-07-27,104647.04,67920.2964857025,False,5.69
2024-07-28,104647.04,68055.40838968738,False,5.69
2024-07-29,104647.04,68242.2474440493,False,5.69
2024-07-30,104647.04,66770.32091848266,False,5.69
2024-07-31,104647.04,66219.05102486102,False,5.69
2024-08-01,104647.04,64679.77864703252,False,5.69
2024-08-02,104647.04,65357.52960767435,False,5.69
2024-08-03,104647.04,61407.29547397454,False,5.69
2024-08-04,104647.04,60738.7449250574,False,5.69
2024-08-05,104647.04,58006.206586686734,False,5.69
2024-08-06,104647.04,53956.26184159744,False,5.69
2024-08-07,104647.04,55959.84107399357,False,5.69
2024-08-08,104647.04,55099.95181146735,False,5.69
2024-08-09,104647.04,61859.03159904161,False,5.69
2024-08-10,104647.04,60912.588533350805,False,5.69
2024-08-11,104647.04,60887.70861641504,False,5.69
2024-08-12,104647.04,58804.23449992608,False,5.69
2024-08-13,104647.04,59350.07433270696,False,5.69
2024-08-14,104647.04,60601.22317789727,False,5.69
2024-08-15,104647.04,58739.19382231015,False,5.69
2024-08-16,104647.04,57624.11692852191,False,5.69
2024-08-17,104647.04,58881.92579151217,False,5.69
2024-08-18,104647.04,59430.79163445865,False,5.69
2024-08-19,104647.04,58438.29374268541,False,5.69
2024-08-20,104647.04,59574.94581294088,False,5.69
2024-08-21,104647.04,59060.12610074137,False,5.69
2024-08-22,104647.04,61144.68762866613,False,5.69
2024-08-23,104647.04,60387.54062321362,False,5.69
2024-08-24,104647.04,64049.68561555576,False,5.69
2024-08-25,104647.04,64157.1606134782,False,5.69
2024-08-26,104647.04,64265.81631272862,False,5.69
2024-08-27,104647.04,62922.58634676265,False,5.69
2024-08-28,104647.04,59526.560879590994,False,5.69
2024-08-29,104647.04,59015.29633887944,False,5.69
2024-08-30,104647.04,59351.5794909728,False,5.69
2024-08-31,104647.04,59156.24603646356,False,5.69
2024-09-01,104647.04,58960.23658664587,False,5.69
2024-09-02,104647.04,57357.71617282246,False,5.69
2024-09-03,104647.04,59108.73235863689,False,5.69
2024-09-04,104647.04,57504.53858622044,False,5.69
2024-09-05,104647.04,57987.84601410068,False,5.69
2024-09-06,104647.04,56132.4047320886,False,5.69
2024-09-07,104647.04,53923.35611071905,False,5.69
2024-09-08,104647.04,54150.9383589072,False,5.69
2024-09-09,104647.04,54792.40755768575,False,5.69
2024-09-10,104647.04,57049.11875114327,False,5.69
2024-09-11,104647.04,57624.16178336144,False,5.69
2024-09-12,104647.04,57381.76444500048,False,5.69
2024-09-13,104647.04,58106.95122981528,False,5.69
2024-09-14,104647.04,60620.62747295754,False,5.69
2024-09-15,104647.04,60003.29940083042,False,5.69
2024-09-16,104647.04,59214.80226801806,False,5.69
2024-09-17,104647.04,58211.123231286256,False,5.69
2024-09-18,104647.04,60317.0319794625,False,5.69
2024-09-19,104647.04,61440.41208494509,False,5.69
2024-09-20,104647.04,62966.52931910512,False,5.69
2024-09-21,104647.04,63128.224540748255,False,5.69
2024-09-22,104647.04,63403.40234925936,False,5.69
2024-09-23,104647.04,63582.59956924825,False,5.69
2024-09-24,104647.04,63327.02654450202,False,5.69
2024-09-25,104647.04,64334.14274876097,False,5.69
2024-09-26,104647.04,63151.89959401337,False,5.69
2024-09-27,104647.04,65130.76884023231,False,5.69
2024-09-28,104647.04,65791.00212541742,False,5.69
2024-09-29,104647.04,65934.10709441357,False,5.69
2024-09-30,104647.04,65663.68986662335,False,5.69
2024-10-01,104647.04,63243.27532464382,False,5.69
2024-10-02,104647.04,60872.66854372554,False,5.69
2024-10-03,104647.04,60655.55979196848,False,5.69
2024-10-04,104647.04,60727.86395169296,False,5.69
2024-10-05,104647.04,62103.01047283253,False,5.69
2024-10-06,104647.04,62091.932585194016,False,5.69
2024-10-07,104647.04,62811.79972811266,False,5.69
2024-10-08,104647.04,62287.39010510681,False,5.69
2024-10-09,104647.04,62185.230423727575,False,5.69
2024-10-10,104647.04,60597.15045618275,False,5.69
2024-10-11,104647.04,60195.18073772453,False,5.69
2024-10-12,104647.04,62392.34048293159,False,5.69
2024-10-13,104647.04,63207.77062127557,False,5.69
2024-10-14,104647.04,62829.533686088886,False,5.69
2024-10-15,104647.04,66049.99492708022,False,5.69
2024-10-16,104647.04,66962.21994496793,False,5.69
2024-10-17,104647.04,67647.54414766871,False,5.69
2024-10-18,104647.04,67328.10527002988,False,5.69
2024-10-19,104647.04,68465.61920668735,False,5.69
2024-10-20,104647.04,68388.87128965274,False,5.69
2024-10-21,104647.04,68962.82918045693,False,5.69
2024-10-22,104647.04,67394.85775735618,False,5.69
2024-10-23,104647.04,67351.04793512498,False,5.69
2024-10-24,104647.04,66683.96806542306,False,5.69
2024-10-25,104647.04,68214.05205157402,False,5.69
2024-10-26,104647.04,66585.66535501445,False,5.69
2024-10-27,104647.04,67018.1650170265,False,5.69
2024-10-28,104647.04,67938.55412885673,False,5.69
2024-10-29,104647.04,69845.304531169,False,5.69
2024-10-30,104625.38,72781.11308158132,True,5.71
2024-10-31,104756.56,72342.62171127986,True,5.59
2024-11-01,105400.36,70264.99735573279,True,5.01
2024-11-02,105644.53,69507.92256395647,True,4.79
2024-11-03,105712.79,69299.16036699413,True,4.73
2024-11-04,105876.53,68803.50626277467,True,4.58
2024-11-05,106194.46,67793.29782704762,False,4.3
2024-11-06,106194.46,69335.42553133758,False,4.3
2024-11-07,106194.46,75620.88606963192,False,4.3
2024-11-08,106174.6,75987.24178320667,True,4.32
2024-11-09,106028.72,76550.0213845611,True,4.45
2024-11-10,106008.1,76630.22631415377,True,4.47
2024-11-11,105254.26,80466.71654833542,True,5.15
2024-11-12,104253.22,88637.42000322911,False,6.05
2024-11-13,104253.22,88264.59974582895,False,6.05
2024-11-14,104253.22,90488.10007497849,False,6.05
2024-11-15,104253.22,87407.51273710128,False,6.05
2024-11-16,104253.22,90947.97509443705,False,6.05
2024-11-17,104253.22,90606.45489380708,False,6.05
2024-11-18,104253.22,89841.47194135105,False,6.05
2024-11-19,104253.22,90534.62459650292,False,6.05
2024-11-20,104253.22,92251.65240738312,False,6.05
2024-11-21,104253.22,94217.02229634204,False,6.05
2024-11-22,104253.22,98509.11859102432,False,6.05
2024-11-23,104253.22,98927.494945534,False,6.05
2024-11-24,104253.22,97679.46381643032,False,6.05
2024-11-25,104253.22,98015.9355289458,False,6.05
2024-11-26,104253.22,93004.70093103289,False,6.05
2024-11-27,104253.22,91931.83077291829,False,6.05
2024-11-28,104253.22,95981.18057210564,False,6.05
2024-11-29,104253.22,95661.59595817851,False,6.05
2024-11-30,104253.22,97453.2473451042,False,6.05
2024-12-01,104253.22,96513.14234698223,False,6.05
2024-12-02,104253.22,97311.70719084324,False,6.05
2024-12-03,104253.22,95833.1362300365,False,6.05
2024-12-04,104253.22,96031.63097759832,False,6.05
2024-12-05,104253.22,98881.4694561823,False,6.05
2024-12-06,104253.22,97201.5003640774,False,6.05
2024-12-07,104253.22,99973.85150659826,False,6.05
2024-12-08,104253.22,99781.82999198174,False,6.05
2024-12-09,104253.22,101235.3717025316,False,6.05
2024-12-10,104253.22,97353.94700820888,False,6.05
2024-12-11,104253.22,96649.71446771533,False,6.05
2024-12-12,104253.22,101123.61811033696,False,6.05
2024-12-13,104253.22,100000.80836535196,False,6.05
2024-12-14,104253.22,101352.22971292294,False,6.05
2024-12-15,104253.22,101367.01064553364,False,6.05
2024-12-16,104253.22,104721.50151808978,False,6.05
2024-12-17,104253.22,106074.10723541168,False,6.05
2024-12-18,104253.22,106034.913402645,False,6.05
2024-12-19,104253.22,100355.5761481501,False,6.05
2024-12-20,104253.22,97851.35377075804,False,6.05
2024-12-21,104253.22,97691.43431692652,False,6.05
2024-12-22,104253.22,97202.82496847631,False,6.05
2024-12-23,104253.22,95094.27394862172,False,6.05
2024-12-24,104253.22,94644.9108546432,False,6.05
2024-12-25,104253.22,98695.714007826,False,6.05
2024-12-26,104253.22,99344.95417367227,False,6.05
2024-12-27,104253.22,95678.31244565404,False,6.05
2024-12-28,104253.22,94331.94727053076,False,6.05
2024-12-29,104253.22,95184.61945288602,False,6.05
2024-12-30,104253.22,93663.44751964069,False,6.05
2024-12-31,104253.22,92627.28213113276,False,6.05
2025-01-01,104253.22,93507.85874741492,False,6.05
2025-01-02,104253.22,94384.1761153871,False,6.05
2025-01-03,104253.22,96852.14681235077,False,6.05
2025-01-04,104253.22,98084.34279280754,False,6.05
2025-01-05,104253.22,98256.73876849932,False,6.05
2025-01-06,104253.22,98364.58946599838,False,6.05
2025-01-07,104253.22,102229.39453189744,False,6.05
2025-01-08,104253.22,96952.09886774956,False,6.05
2025-01-09,104253.22,95016.71440989176,False,6.05
2025-01-10,104253.22,92376.275783461,False,6.05
2025-01-11,104253.22,94736.6267420969,False,6.05
2025-01-12,104253.22,94559.55167224212,False,6.05
2025-01-13,104253.22,94454.77089638809,False,6.05
2025-01-14,104253.22,94456.3493746993,False,6.05
2025-01-15,104253.22,96574.07768799194,False,6.05
2025-01-16,104253.22,100313.15239828422,False,6.05
2025-01-17,104253.22,100044.57926776377,False,6.05
2025-01-18,104253.22,104160.69358484232,False,6.05
2025-01-19,104253.22,104334.61575724394,False,6.05
2025-01-20,104253.22,101275.33714814208,False,6.05
2025-01-21,104253.22,101764.90860170544,False,6.05
2025-01-22,104253.22,106182.2368201815,False,6.05
2025-01-23,104253.22,103673.53509537788,False,6.05
2025-01-24,104253.22,104067.60991206949,False,6.05
2025-01-25,104253.22,104835.19253555956,False,6.05
2025-01-26,104253.22,104796.04077738234,False,6.05
2025-01-27,104253.22,102552.24874280208,False,6.05
2025-01-28,104253.22,101958.46953745594,False,6.05
2025-01-29,104253.22,101313.11264498268,False,6.05
2025-01-30,104253.22,103718.97939813643,False,6.05
2025-01-31,104253.22,104781.5135100103,False,6.05
2025-02-01,104253.22,102382.39409722164,False,6.05
2025-02-02,104253.22,100674.78762544956,False,6.05
2025-02-03,104253.22,97568.31653024876,False,6.05
2025-02-04,104253.22,101466.8606657039,False,6.05
2025-02-05,104253.22,98118.43921664466,False,6.05
2025-02-06,104253.22,96582.88682919052,False,6.05
2025-02-07,104253.22,96635.41875332213,False,6.05
2025-02-08,104253.22,96558.4563096667,False,6.05
2025-02-09,104253.22,96558.23762501092,False,6.05
2025-02-10,104253.22,96548.57865379583,False,6.05
2025-02-11,104253.22,97399.98161383196,False,6.05
2025-02-12,104253.22,95739.9773707924,False,6.05
2025-02-13,104253.22,97836.18856127484,False,6.05
2025-02-14,104253.22,96561.6639990985,False,6.05
2025-02-15,104253.22,97488.48148536457,False,6.05
2025-02-16,104253.22,97569.95169430463,False,6.05
2025-02-17,104253.22,96149.3484548204,False,6.05
2025-02-18,104253.22,95776.15723852724,False,6.05
2025-02-19,104253.22,95495.89153299289,False,6.05
2025-02-20,104253.22,96554.87156259285,False,6.05
2025-02-21,104253.22,98384.31738240314,False,6.05
2025-02-22,104253.22,96135.15541305284,False,6.05
2025-02-23,104253.22,96564.15414290236,False,6.05
2025-02-24,104253.22,96327.46309127836,False,6.05
2025-02-25,104253.22,91396.76686930266,False,6.05
2025-02-26,104226.34,88755.7693356979,True,6.07
2025-02-27,105780.28,83900.11496524839,True,4.67
2025-02-28,105509.0,84709.14477847965,True,4.92
2025-03-01,105598.03,84441.9012237131,True,4.84
2025-03-02,105085.03,86005.25629681018,True,5.3
2025-03-03,103043.66,94261.5328653844,False,7.14
2025-03-04,103043.66,86124.71418722175,False,7.14
2025-03-05,103043.66,87310.80531078295,False,7.14
2025-03-06,103043.66,90604.08098523636,False,7.14
2025-03-07,103043.66,90001.40087607042,False,7.14
2025-03-08,103043.66,86773.33597555371,False,7.14
2025-03-09,103043.66,86142.9833586432,False,7.14
2025-03-10,103043.66,80751.13893300897,False,7.14
2025-03-11,103043.66,78783.94057934263,False,7.14
2025-03-12,103043.66,82799.1080292053,False,7.14
2025-03-13,103043.66,83884.24578828987,False,7.14
2025-03-14,103043.66,81098.90052436228,False,7.14
2025-03-15,103043.66,83971.70916064628,False,7.14
2025-03-16,103043.66,84391.69087647168,False,7.14
2025-03-17,103043.66,82610.61750343916,False,7.14
2025-03-18,103043.66,84075.36559694471,False,7.14
2025-03-19,103043.66,82780.03048688271,False,7.14
2025-03-20,103043.66,86815.44109470697,False,7.14
2025-03-21,103043.66,84270.84358966233,False,7.14
2025-03-22,103043.66,84009.532917822,False,7.14
2025-03-23,103043.66,83793.30854192551,False,7.14
2025-03-24,103043.66,85787.70914901773,False,7.14
2025-03-25,103043.66,87327.72969669085,False,7.14
2025-03-26,103043.66,87520.58391530563,False,7.14
2025-03-27,103043.66,86960.8555491039,False,7.14
2025-03-28,103043.66,87227.27158032371,False,7.14
2025-03-29,103043.66,84359.46915506005,False,7.14
2025-03-30,103043.66,82679.17255385047,False,7.14
2025-03-31,103043.66,82356.38111183756,False,7.14
2025-04-01,103043.66,82514.09365397849,False,7.14
2025-04-02,103043.66,85237.5876052852,False,7.14
2025-04-03,103043.66,82526.4221526433,False,7.14
2025-04-04,103043.66,83163.98757387721,False,7.14
2025-04-05,103043.66,83852.00765399594,False,7.14
2025-04-06,103043.66,83595.88550177493,False,7.14
2025-04-07,103043.66,78211.48358199988,False,7.14
2025-04-08,103023.73,79179.29226757778,True,7.16
2025-04-09,103767.37,76329.090356324,True,6.48
2025-04-10,102193.88,82622.17029546302,True,7.9
2025-04-11,102919.38,79596.35732250768,True,7.25
2025-04-12,102006.98,83439.28818043756,True,8.07
2025-04-13,101324.06,85305.09728392666,False,8.69
2025-04-14,101324.06,83600.82010054543,False,8.69
2025-04-15,101324.06,84523.4524914945,False,8.69
2025-04-16,101324.06,83656.49248858042,False,8.69
2025-04-17,101324.06,84105.77942167096,False,8.69
2025-04-18,101324.06,84930.90857600998,False,8.69
2025-04-19,101324.06,84433.75017215389,False,8.69
2025-04-20,101324.06,85126.66244301842,False,8.69
2025-04-21,101324.06,85073.16544858096,False,8.69
2025-04-22,101324.06,87452.04699068287,False,8.69
2025-04-23,101324.06,93576.1658857398,False,8.69
2025-04-24,101324.06,93605.45230873208,False,8.69
2025-04-25,101324.06,93872.81422867288,False,8.69
2025-04-26,101324.06,94773.11200643536,False,8.69
2025-04-27,101324.06,94644.06637120109,False,8.69
2025-04-28,101324.06,93809.33781968225,False,8.69
2025-04-29,101324.06,95030.60645474444,False,8.69
2025-04-30,101324.06,94256.35946318062,False,8.69
2025-05-01,101324.06,94235.75331048168,False,8.69
2025-05-02,101324.06,96426.94522273028,False,8.69
2025-05-03,101324.06,96855.5681343944,False,8.69
2025-05-04,101324.06,95922.86842404422,False,8.69
2025-05-05,101324.06,94326.62048529249,False,8.69
2025-05-06,101324.06,94758.8237105546,False,8.69
2025-05-07,101324.06,96854.53198815876,False,8.69
2025-05-08,101324.06,97026.493769668,False,8.69
2025-05-09,101305.74,103076.27555512934,True,8.7
2025-05-10,101325.95,102962.540456923,True,8.69
2025-05-11,101033.88,104630.8792994166,True,8.95
2025-05-12,101144.26,103994.061616746,True,8.85
2025-05-13,101341.21,102876.8304286011,True,8.67
2025-05-14,101111.11,104184.49039270742,True,8.88
2025-05-15,101214.22,103594.42575090707,True,8.79
2025-05-16,101194.13,103708.8513642364,True,8.8
2025-05-17,101220.97,103556.03493982446,True,8.78
2025-05-18,101281.61,103212.36483885496,True,8.73
2025-05-19,100778.14,106030.6376831359,False,9.18
2025-05-20,100778.14,105629.41580436694,False,9.18
2025-05-21,100778.14,106786.71995834044,False,9.18
2025-05-22,100778.14,109665.86371625264,False,9.18
2025-05-23,100778.14,111560.356938144,False,9.18
2025-05-24,100778.14,107216.66856870624,False,9.18
2025-05-25,100778.14,107831.36374380375,False,9.18
2025-05-26,100778.14,108861.81037744328,False,9.18
2025-05-27,100778.14,109377.71513263127,False,9.18
2025-05-28,100778.14,109068.45694901443,False,9.18
2025-05-29,100778.14,107838.18431100152,False,9.18
2025-05-30,100778.14,105745.41660358038,False,9.18
2025-05-31,100778.14,104010.91956242644,False,9.18
2025-06-01,100778.14,104687.50742934884,False,9.18
2025-06-02,100778.14,105710.00593822816,False,9.18
2025-06-03,100778.14,105884.74263221148,False,9.18
2025-06-04,100778.14,105434.47745144973,False,9.18
2025-06-05,100778.14,104812.9182188067,False,9.18
2025-06-06,100778.14,101650.7387545425,False,9.18
2025-06-07,100778.14,104409.74967959142,False,9.18
2025-06-08,100778.14,105681.4546141758,False,9.18
2025-06-09,100778.14,105692.24740699006,False,9.18
2025-06-10,100778.14,110261.57485948496,False,9.18
2025-06-11,100778.14,110212.73252109604,False,9.18
2025-06-12,100778.14,108679.9760916168,False,9.18
2025-06-13,100778.14,105979.22902375912,False,9.18
2025-06-14,100778.14,106045.56440819205,False,9.18
2025-06-15,100778.14,105482.90611628916,False,9.18
2025-06-16,100778.14,105554.49383061715,False,9.18
2025-06-17,100778.14,106951.2720181497,False,9.18
2025-06-18,100778.14,104683.42479835715,False,9.18
2025-06-19,100778.14,104722.695052907,False,9.18
2025-06-20,100778.14,104690.65002458123,False,9.18
2025-06-21,100778.14,103290.105144757,False,9.18
2025-06-22,100778.14,101532.5683847329,False,9.18
2025-06-23,100778.14,100852.58264648831,False,9.18
2025-06-24,100778.14,105511.62437933136,False,9.18
2025-06-25,100778.14,105976.06929808448,False,9.18
2025-06-26,100778.14,107238.53045016268,False,9.18
2025-06-27,100778.14,106984.01253775664,False,9.18
2025-06-28,100778.14,107078.91560644074,False,9.18
2025-06-29,100778.14,107331.58548463575,False,9.18
2025-06-30,100778.14,108396.61631317894,False,9.18
2025-07-01,100778.14,107132.79910701896,False,9.18
2025-07-02,100778.14,105613.39974163056,False,9.18
2025-07-03,100778.14,108824.44423167944,False,9.18
2025-07-04,100778.14,109602.20483914016,False,9.18
2025-07-05,100778.14,108040.8919400104,False,9.18
2025-07-06,100778.14,108217.46849992426,False,9.18
2025-07-07,100778.14,109215.19771840284,False,9.18
2025-07-08,100778.14,108300.71675785031,False,9.18
2025-07-09,100778.14,108953.19187727802,False,9.18
2025-07-10,100778.14,111327.53054245668,False,9.18
2025-07-11,100753.24,115879.65030112496,True,9.2
2025-07-12,100395.35,117571.02510036016,True,9.52
2025-07-13,100427.1,117418.95745007684,True,9.5
2025-07-14,99960.62,119117.55666327637,False,9.92
2025-07-15,99960.62,119833.67446712356,False,9.92
2025-07-16,99960.62,117678.19493404306,False,9.92
2025-07-17,99960.62,118748.1627367753,False,9.92
2025-07-18,99960.62,119445.36520434044,False,9.92
2025-07-19,99960.62,117988.94664455787,False,9.92
2025-07-20,99960.62,117901.62655900871,False,9.92
2025-07-21,99960.62,117256.9208222684,False,9.92
2025-07-22,99960.62,117482.46977767294,False,9.92
2025-07-23,99960.62,119955.79570607652,False,9.92
2025-07-24,99960.62,118629.05588130427,False,9.92
2025-07-25,99960.62,118354.43517438594,False,9.92
2025-07-26,99960.62,117540.8083708574,False,9.92
2025-07-27,99960.62,117959.54234360624,False,9.92
2025-07-28,99960.62,119418.91405141471,False,9.92
2025-07-29,99960.62,118003.30201607826,False,9.92
2025-07-30,99960.62,117853.30892863822,False,9.92
2025-07-31,99960.62,117833.24087995924,False,9.92
2025-08-01,99960.62,115700.00243915782,False,9.92
2025-08-02,99960.62,113234.6051343189,False,9.92
2025-08-03,99960.62,112554.90232221724,False,9.92
2025-08-04,99960.62,114199.10966460756,False,9.92
2025-08-05,99960.62,115138.68613070175,False,9.92
2025-08-06,99960.62,114128.35408881678,False,9.92
2025-08-07,99960.62,115022.09576830892,False,9.92
2025-08-08,99960.62,117463.47451085236,False,9.92
2025-08-09,99960.62,116688.36663186055,False,9.92
2025-08-10,99960.62,116510.08393213755,False,9.92
2025-08-11,99960.62,119266.92516880557,False,9.92
2025-08-12,99960.62,118773.79960860992,False,9.92
2025-08-13,99960.62,120202.53485503166,False,9.92
2025-08-14,99960.62,123560.99363577303,False,9.92
2025-08-15,99960.62,118405.59579823952,False,9.92
2025-08-16,99960.62,117339.79190213275,False,9.92
2025-08-17,99960.62,117501.21653394958,False,9.92
2025-08-18,99960.62,117542.83687778088,False,9.92
2025-08-19,99960.62,116256.41276740946,False,9.92
2025-08-20,99960.62,112778.34483555844,False,9.92
2025-08-21,99960.62,114252.39755195397,False,9.92
2025-08-22,99960.62,112414.39987336512,False,9.92
2025-08-23,99960.62,116834.24948202296,False,9.92
2025-08-24,99960.62,115359.98346714744,False,9.92
2025-08-25,99960.62,113399.54847314973,False,9.92
2025-08-26,99960.62,110185.35443900424,False,9.92
2025-08-27,99960.62,111842.70999260596,False,9.92
2025-08-28,99960.62,111216.08479629167,False,9.92
2025-08-29,99960.62,112525.59740669793,False,9.92
2025-08-30,99960.62,108480.30666639366,False,9.92
2025-08-31,99960.62,108781.95727925688,False,9.92
2025-09-01,99960.62,108253.36092385623,False,9.92
2025-09-02,99960.62,109162.68557992298,False,9.92
2025-09-03,99960.62,111190.18209845416,False,9.92
2025-09-04,99960.62,111711.51977725116,False,9.92
2025-09-05,99960.62,110724.736377486,False,9.92
2025-09-06,99960.62,110662.18112628513,False,9.92
2025-09-07,99960.62,110209.1888247784,False,9.92
2025-09-08,99960.62,111131.9923868407,False,9.92
2025-09-09,99960.62,112025.12878118773,False,9.92
2025-09-10,99960.62,111547.43956434788,False,9.92
2025-09-11,99960.62,113975.32489468766,False,9.92
2025-09-12,99960.62,115503.16663193036,False,9.92
2025-09-13,99960.62,116160.14344594492,False,9.92
2025-09-14,99960.62,115970.58488443034,False,9.92
2025-09-15,99960.62,115373.55555886828,False,9.92
2025-09-16,99960.62,115397.25272727507,False,9.92
2025-09-17,99960.62,116762.8496864193,False,9.92
2025-09-18,99960.62,116455.9464822532,False,9.92
2025-09-19,99960.62,117145.49508952006,False,9.92
2025-09-20,99960.62,115655.81046441344,False,9.92
2025-09-21,99960.62,115715.51536781774,False,9.92
2025-09-22,99960.62,115304.47999407038,False,9.92
2025-09-23,99960.62,112696.74101711863,False,9.92
2025-09-24,99960.62,112022.16587861197,False,9.92
2025-09-25,99960.62,113320.56908541008,False,9.92
2025-09-26,99960.62,108963.53013595636,False,9.92
2025-09-27,99960.62,109710.20874667744,False,9.92
2025-09-28,99960.62,109654.81021075726,False,9.92
2025-09-29,99960.62,112142.57362752674,False,9.92
2025-09-30,99960.62,114309.15041119448,False,9.92
2025-10-01,99960.62,114024.22783550054,False,9.92
2025-10-02,99960.62,118503.24451752484,False,9.92
2025-10-03,99960.62,120611.71911591051,False,9.92
2025-10-04,99960.62,122250.15186842805,False,9.92
2025-10-05,99960.62,122380.93708463266,False,9.92
2025-10-06,99960.62,123506.18520027678,False,9.92
2025-10-07,99960.62,124773.50823074432,False,9.92
2025-10-08,99960.62,121518.75593575073,False,9.92
2025-10-09,99960.62,123352.50487523204,False,9.92
2025-10-10,99960.62,121698.03066778315,False,9.92
2025-10-11,99960.62,113201.74064138904,False,9.92
2025-10-12,99960.62,110853.11663883904,False,9.92
2025-10-13,99960.62,115189.5714637257,False,9.92
2025-10-14,99960.62,115222.28302116522,False,9.92
2025-10-15,99960.62,113156.56943826911,False,9.92
2025-10-16,99960.62,110708.66960879424,False,9.92
2025-10-17,99960.62,108076.72862033188,False,9.92
2025-10-18,99960.62,106443.61194984637,False,9.92
2025-10-19,99960.62,107156.00337647724,False,9.92
2025-10-20,99960.62,108621.134857428,False,9.92
2025-10-21,99960.62,110608.5714932665,False,9.92
2025-10-22,99960.62,108486.1026271664,False,9.92
2025-10-23,99960.62,107618.4266715404,False,9.92
2025-10-24,99960.62,110048.51827291628,False,9.92
2025-10-25,99960.62,110997.80437129698,False,9.92
2025-10-26,99960.62,111620.3093731354,False,9.92
2025-10-27,99960.62,114476.01227508576,False,9.92
2025-10-28,99960.62,114182.79442806762,False,9.92
2025-10-29,99960.62,112950.34863259472,False,9.92
2025-10-30,99960.62,110046.66925837284,False,9.92
2025-10-31,99960.62,108240.76528725718,False,9.92
2025-11-01,99960.62,109573.90555629117,False,9.92
2025-11-02,99960.62,110014.13556776088,False,9.92
2025-11-03,99960.62,110650.2092823146,False,9.92
2025-11-04,99960.62,106521.0867382576,False,9.92
2025-11-05,99960.62,101635.2740227234,False,9.92
2025-11-06,99960.62,103877.9596595516,False,9.92
2025-11-07,99960.62,101322.6402945857,False,9.92
2025-11-08,99960.62,103396.084215925,False,9.92
2025-11-09,99960.62,102290.13714655169,False,9.92
2025-11-10,99960.62,104709.67861656273,False,9.92
2025-11-11,99960.62,105909.07272321742,False,9.92
2025-11-12,99960.62,102960.77564500563,False,9.92
2025-11-13,99960.62,101521.70859453591,False,9.92
2025-11-14,99960.62,99730.4533956204,False,9.92
2025-11-15,99960.62,94456.39368235336,False,9.92
2025-11-16,99960.62,95508.31019889197,False,9.92
2025-11-17,99960.62,94411.32947182968,False,9.92
2025-11-18,99960.62,92036.7255045672,False,9.92
2025-11-19,99960.62,92819.759215009,False,9.92
2025-11-20,99960.62,91363.27838693369,False,9.92
2025-11-21,99960.62,86649.97257918229,False,9.92
2025-11-22,99960.62,85051.8019295002,False,9.92
2025-11-23,99960.62,84682.62429147748,False,9.92
2025-11-24,99960.62,86783.84766839583,False,9.92
2025-11-25,99960.62,88229.35740719768,False,9.92
2025-11-26,99960.62,87310.33159950442,False,9.92
2025-11-27,99960.62,90474.22677969698,False,9.92
2025-11-28,99960.62,91279.06057176425,False,9.92
2025-11-29,99960.62,90950.37695910994,False,9.92
2025-11-30,99960.62,90841.45258193676,False,9.92
2025-12-01,99960.62,90406.28448571144,False,9.92
2025-12-02,99960.62,86281.49519776918,False,9.92
2025-12-03,99960.62,91344.73275150164,False,9.92
2025-12-04,99960.62,93619.43750817105,False,9.92
2025-12-05,99960.62,92140.70419795792,False,9.92
2025-12-06,99960.62,89307.09154512963,False,9.92
2025-12-07,99960.62,89244.7620814118,False,9.92
2025-12-08,99960.62,90162.90714007126,False,9.92
2025-12-09,99960.62,90618.0535204608,False,9.92
2025-12-10,99960.62,92723.21372069632,False,9.92
2025-12-11,99960.62,92005.13714957412,False,9.92
2025-12-12,99960.62,92494.17691640416,False,9.92
2025-12-13,99960.62,90307.26028567804,False,9.92
2025-12-14,99960.62,90257.4292885891,False,9.92
2025-12-15,99960.62,88230.77409367911,False,9.92
2025-12-16,99960.62,86413.9190195637,False,9.92
2025-12-17,99960.62,87821.88919109134,False,9.92
2025-12-18,99960.62,86064.94716216,False,9.92
2025-12-19,99960.62,85450.3312009302,False,9.92
2025-12-20,99960.62,88103.86075721023,False,9.92
2025-12-21,99960.62,88347.94310567998,False,9.92
2025-12-22,99960.62,88577.42038358838,False,9.92
2025-12-23,99960.62,88491.12020788102,False,9.92
2025-12-24,99960.62,87406.43636737975,False,9.92
2025-12-25,99960.62,87642.60888119951,False,9.92
2025-12-26,99960.62,87229.78066010943,False,9.92
2025-12-27,99960.62,87305.95655961394,False,9.92
2025-12-28,99960.62,87807.003210775,False,9.92
2025-12-29,99960.62,87822.90829076794,False,9.92
2025-12-30,99960.62,87156.56266080117,False,9.92
2025-12-31,99960.62,88414.62856073362,False,9.92
2026-01-01,99960.62,87520.18048742875,False,9.92
2026-01-02,99960.62,88727.67004249741,False,9.92
2026-01-03,99960.62,89926.27924953419,False,9.92
2026-01-04,99960.62,90593.85443180415,False,9.92
2026-01-05,99960.62,91373.21588108438,False,9.92
2026-01-06,99960.62,93926.7956485658,False,9.92
2026-01-07,99960.62,93666.86387314304,False,9.92
2026-01-08,99960.62,91257.15544035909,False,9.92
2026-01-09,99960.62,90983.51578142623,False,9.92
2026-01-10,99960.62,90504.8956034002,False,9.92
2026-01-11,99960.62,90442.01907847,False,9.92
2026-01-12,99960.62,90819.36598904192,False,9.92
2026-01-13,99960.62,91134.96917951509,False,9.92
2026-01-14,99960.62,95260.4422971001,False,9.92
2026-01-15,99933.78,97007.78078881276,True,9.94
2026-01-16,100332.93,95584.82797878512,True,9.58
2026-01-17,100352.51,95516.07771987125,True,9.56
2026-01-18,100471.79,95099.53192554633,True,9.45
2026-01-19,100864.7,93752.70577188236,True,9.1
2026-01-20,101222.66,92558.46334372148,True,8.78
2026-01-21,102544.21,88312.84053255555,False,7.59
2026-01-22,102544.21,89354.34377512129,False,7.59
2026-01-23,102544.21,89443.39744146909,False,7.59
2026-01-24,102544.21,89412.39849953113,False,7.59
2026-01-25,102544.21,89170.87364531498,False,7.59
2026-01-26,102544.21,86548.32213469829,False,7.59
2026-01-27,102544.21,88307.8612070438,False,7.59
2026-01-28,102544.21,89204.22239644526,False,7.59
2026-01-29,102544.21,89162.09701574955,False,7.59
2026-01-30,102544.21,84570.40906135936,False,7.59
2026-01-31,102544.21,84141.77856967277,False,7.59
2026-02-01,102544.21,78725.85853884545,False,7.59
2026-02-02,102544.21,76937.06406636834,False,7.59
2026-02-03,102544.21,78767.65815345927,False,7.59
2026-02-04,102544.21,75638.95670207398,False,7.59
2026-02-05,102544.21,73172.29203248928,False,7.59
2026-02-06,102544.21,62853.69038445987,False,7.59
2026-02-07,102544.21,70523.95417035831,False,7.59
2026-02-08,102544.21,69296.80677355142,False,7.59
2026-02-09,102544.21,70542.37329463876,False,7.59
2026-02-10,102544.21,70096.40692272567,False,7.59
2026-02-11,102544.21,68779.90981269129,False,7.59
2026-02-12,102544.21,66937.58141157958,False,7.59
2026-02-13,102544.21,66184.57765470445,False,7.59
