date,equity,close,in_position,drawdown_pct
2020-01-01,100000.0,7195.153895430029,False,0.0
2020-01-02,100000.0,7193.7546679601,False,0.0
2020-01-03,100000.0,6963.853353983485,False,0.0
2020-01-04,100000.0,7300.34693530511,False,0.0
2020-01-05,100000.0,7351.377053166627,False,0.0
2020-01-06,100000.0,7349.972248050628,False,0.0
2020-01-07,100000.0,7734.675515785289,False,0.0
2020-01-08,100000.0,8147.415237636371,False,0.0
2020-01-09,100000.0,8045.789124592971,False,0.0
2020-01-10,100000.0,7832.795643840387,False,0.0
2020-01-11,100000.0,8180.513169803805,False,0.0
2020-01-12,100000.0,8012.085781814529,False,0.0
2020-01-13,100000.0,8171.401185320944,False,0.0
2020-01-14,100000.0,8110.647964503772,False,0.0
2020-01-15,100000.0,8801.871213137745,False,0.0
2020-01-16,100000.0,8820.85010599613,False,0.0
2020-01-17,100000.0,8720.91950137424,False,0.0
2020-01-18,100000.0,8902.568995225329,False,0.0
2020-01-19,100000.0,8906.902675151074,False,0.0
2020-01-20,100000.0,8690.380569544623,False,0.0
2020-01-21,100000.0,8631.253954333763,False,0.0
2020-01-22,100000.0,8724.818622931474,False,0.0
2020-01-23,100000.0,8665.436914096897,False,0.0
2020-01-24,100000.0,8415.956027335538,False,0.0
2020-01-25,100000.0,8432.096675789418,False,0.0
2020-01-26,100000.0,8348.665665079325,False,0.0
2020-01-27,100000.0,8595.728298493115,False,0.0
2020-01-28,100000.0,8879.335548714553,False,0.0
2020-01-29,100000.0,9320.805853868467,False,0.0
2020-01-30,100000.0,9276.893821086494,False,0.0
2020-01-31,100000.0,9509.80513557522,False,0.0
2020-02-01,100000.0,9308.060285564778,False,0.0
2020-02-02,100000.0,9363.22420680057,False,0.0
2020-02-03,100000.0,9338.416631939404,False,0.0
2020-02-04,100000.0,9308.91270229121,False,0.0
2020-02-05,100000.0,9179.95928107711,False,0.0
2020-02-06,100000.0,9592.18387389791,False,0.0
2020-02-07,100000.0,9744.636578159389,False,0.0
2020-02-08,100000.0,9799.448455824684,False,0.0
2020-02-09,100000.0,9890.701658194865,False,0.0
2020-02-10,100000.0,10148.379719131784,False,0.0
2020-02-11,100000.0,9890.121224019967,False,0.0
2020-02-12,100000.0,10226.925769215322,False,0.0
2020-02-13,100000.0,10328.897565836414,False,0.0
2020-02-14,100000.0,10221.260309201634,False,0.0
2020-02-15,100000.0,10320.157140513991,False,0.0
2020-02-16,100000.0,9894.136123789158,False,0.0
2020-02-17,100000.0,9943.673602578743,False,0.0
2020-02-18,100000.0,9723.605026422496,False,0.0
2020-02-19,100000.0,10133.817417084678,False,0.0
2020-02-20,100000.0,9618.409248250406,False,0.0
2020-02-21,100000.0,9608.16918128246,False,0.0
2020-02-22,100000.0,9673.011800270346,False,0.0
2020-02-23,100000.0,9658.606058375472,False,0.0
2020-02-24,100000.0,9946.716123467522,False,0.0
2020-02-25,100000.0,9670.9608064677,False,0.0
2020-02-26,100000.0,9345.342701734848,False,0.0
2020-02-27,100000.0,8801.657129472504,False,0.0
2020-02-28,100000.0,8781.175282202359,False,0.0
2020-02-29,100000.0,8717.331431359424,False,0.0
2020-03-01,100000.0,8552.989118581636,False,0.0
2020-03-02,100000.0,8567.802248679225,False,0.0
2020-03-03,100000.0,8905.876104262194,False,0.0
2020-03-04,100000.0,8756.718576742549,False,0.0
2020-03-05,100000.0,8758.646993191916,False,0.0
2020-03-06,100000.0,9038.870323233425,False,0.0
2020-03-07,100000.0,9135.84506603321,False,0.0
2020-03-08,100000.0,8902.20195010789,False,0.0
2020-03-09,100000.0,8041.365538071835,False,0.0
2020-03-10,100000.0,7921.33200691072,False,0.0
2020-03-11,100000.0,7906.731528510632,False,0.0
2020-03-12,100000.0,7935.522040170545,False,0.0
2020-03-13,100000.0,5142.990459018316,False,0.0
2020-03-14,100000.0,5542.819542373153,False,0.0
2020-03-15,100000.0,5214.189112383918,False,0.0
2020-03-16,100000.0,5397.93335743919,False,0.0
2020-03-17,100000.0,5032.501351487721,False,0.0
2020-03-18,100000.0,5389.41577503409,False,0.0
2020-03-19,100000.0,5376.280747845438,False,0.0
2020-03-20,100000.0,6170.200600237675,False,0.0
2020-03-21,100000.0,6195.603505257629,False,0.0
2020-03-22,100000.0,6145.770891252399,False,0.0
2020-03-23,100000.0,5859.647430299388,False,0.0
2020-03-24,100000.0,6456.347485963419,False,0.0
2020-03-25,100000.0,6730.173782371188,False,0.0
2020-03-26,100000.0,6695.900618397724,False,0.0
2020-03-27,100000.0,6765.56207892991,False,0.0
2020-03-28,100000.0,6397.826328325604,False,0.0
2020-03-29,100000.0,6255.000398693634,False,0.0
2020-03-30,100000.0,5915.337154791903,False,0.0
2020-03-31,100000.0,6403.141235565223,False,0.0
2020-04-01,100000.0,6421.70541388854,False,0.0
2020-04-02,100000.0,6640.797666310131,False,0.0
2020-04-03,100000.0,6807.897017890566,False,0.0
2020-04-04,100000.0,6732.852018394612,False,0.0
2020-04-05,100000.0,6859.424923721944,False,0.0
2020-04-06,100000.0,6788.048272605917,False,0.0
2020-04-07,100000.0,7297.635558289496,False,0.0
2020-04-08,100000.0,7196.782202442051,False,0.0
2020-04-09,100000.0,7342.291601148024,False,0.0
2020-04-10,100000.0,7294.488875121554,False,0.0
2020-04-11,100000.0,6864.694257006497,False,0.0
2020-04-12,100000.0,6878.781212589853,False,0.0
2020-04-13,100000.0,6913.158787469097,False,0.0
2020-04-14,100000.0,6857.538537511484,False,0.0
2020-04-15,100000.0,6860.17853570111,False,0.0
2020-04-16,100000.0,6629.431738031291,False,0.0
2020-04-17,100000.0,7059.92622475854,False,0.0
2020-04-18,100000.0,7035.261503989225,False,0.0
2020-04-19,100000.0,7242.5109294929825,False,0.0
2020-04-20,100000.0,7127.511949689152,False,0.0
2020-04-21,100000.0,6856.456278354705,False,0.0
2020-04-22,100000.0,6842.038597634602,False,0.0
2020-04-23,100000.0,7109.995291181778,False,0.0
2020-04-24,100000.0,7382.793144116689,False,0.0
2020-04-25,100000.0,7495.393587498606,False,0.0
2020-04-26,100000.0,7538.557687279841,False,0.0
2020-04-27,100000.0,7683.867415083342,False,0.0
2020-04-28,100000.0,7774.281554448049,False,0.0
2020-04-29,100000.0,7758.230255185947,False,0.0
2020-04-30,100000.0,8744.430287016561,False,0.0
2020-05-01,100000.0,8610.63580374089,False,0.0
2020-05-02,100000.0,8824.818413551968,False,0.0
2020-05-03,100000.0,8966.307014689282,False,0.0
2020-05-04,100000.0,8888.671912686868,False,0.0
2020-05-05,100000.0,8884.407813577056,False,0.0
2020-05-06,100000.0,9003.240557621584,False,0.0
2020-05-07,100000.0,9144.68703972007,False,0.0
2020-05-08,100000.0,9959.166416261767,False,0.0
2020-05-09,100000.0,9821.81131529702,False,0.0
2020-05-10,100000.0,9566.777187205966,False,0.0
2020-05-11,100000.0,8752.617087745832,False,0.0
2020-05-12,100000.0,8604.75159101983,False,0.0
2020-05-13,100000.0,8788.466749414652,False,0.0
2020-05-14,100000.0,9283.08601265873,False,0.0
2020-05-15,100000.0,9796.494527024528,False,0.0
2020-05-16,100000.0,9309.29535940684,False,0.0
2020-05-17,100000.0,9375.29710843331,False,0.0
2020-05-18,100000.0,9666.32719340344,False,0.0
2020-05-19,100000.0,9708.439858793108,False,0.0
2020-05-20,100000.0,9760.198937162191,False,0.0
2020-05-21,100000.0,9526.50759300584,False,0.0
2020-05-22,100000.0,9059.962506871729,False,0.0
2020-05-23,100000.0,9131.767275081991,False,0.0
2020-05-24,100000.0,9170.361063506129,False,0.0
2020-05-25,100000.0,8731.848525870651,False,0.0
2020-05-26,100000.0,8883.691769863415,False,0.0
2020-05-27,100000.0,8839.130663273247,False,0.0
2020-05-28,100000.0,9174.118563996424,False,0.0
2020-05-29,100000.0,9546.04563503715,False,0.0
2020-05-30,100000.0,9427.120373393418,False,0.0
2020-05-31,100000.0,9662.70587254818,False,0.0
2020-06-01,100000.0,9466.961781429516,False,0.0
2020-06-02,100000.0,10167.93069332851,False,0.0
2020-06-03,100000.0,9515.243858655718,False,0.0
2020-06-04,100000.0,9645.227869360308,False,0.0
2020-06-05,100000.0,9776.20299178848,False,0.0
2020-06-06,100000.0,9636.965527050055,False,0.0
2020-06-07,100000.0,9662.85870900224,False,0.0
2020-06-08,100000.0,9738.603356828591,False,0.0
2020-06-09,100000.0,9773.02951309516,False,0.0
2020-06-10,100000.0,9767.00531665552,False,0.0
2020-06-11,100000.0,9874.898681832236,False,0.0
2020-06-12,100000.0,9325.996856202635,False,0.0
2020-06-13,100000.0,9469.533297509908,False,0.0
2020-06-14,100000.0,9469.473456163696,False,0.0
2020-06-15,100000.0,9345.960907722065,False,0.0
2020-06-16,100000.0,9431.719262201745,False,0.0
2020-06-17,100000.0,9524.92661691022,False,0.0
2020-06-18,100000.0,9463.361414311788,False,0.0
2020-06-19,100000.0,9399.767217129216,False,0.0
2020-06-20,100000.0,9312.780104497786,False,0.0
2020-06-21,100000.0,9360.247968201687,False,0.0
2020-06-22,100000.0,9298.360829121417,False,0.0
2020-06-23,100000.0,9678.683208975835,False,0.0
2020-06-24,100000.0,9624.684291831398,False,0.0
2020-06-25,100000.0,9288.061774486938,False,0.0
2020-06-26,100000.0,9258.667161007706,False,0.0
2020-06-27,100000.0,9166.486360416233,False,0.0
2020-06-28,100000.0,9013.90556467614,False,0.0
2020-06-29,100000.0,9139.903276297824,False,0.0
2020-06-30,100000.0,9185.166540651147,False,0.0
2020-07-01,100000.0,9149.721996758017,False,0.0
2020-07-02,100000.0,9230.672998590804,False,0.0
2020-07-03,100000.0,9094.318072166903,False,0.0
2020-07-04,100000.0,9071.3850427828,False,0.0
2020-07-05,100000.0,9132.908369533492,False,0.0
2020-07-06,100000.0,9087.407312582163,False,0.0
2020-07-07,100000.0,9342.376492626678,False,0.0
2020-07-08,100000.0,9253.630980242331,False,0.0
2020-07-09,100000.0,9432.17251582794,False,0.0
2020-07-10,100000.0,9235.716302064242,False,0.0
2020-07-11,100000.0,9282.913638839902,False,0.0
2020-07-12,100000.0,9234.314674712628,False,0.0
2020-07-13,100000.0,9297.479635872663,False,0.0
2020-07-14,100000.0,9240.76251972468,False,0.0
2020-07-15,100000.0,9247.060695963812,False,0.0
2020-07-16,100000.0,9203.3714351797,False,0.0
2020-07-17,100000.0,9136.483376363976,False,0.0
2020-07-18,100000.0,9156.276583115488,False,0.0
2020-07-19,100000.0,9168.402736564132,False,0.0
2020-07-20,100000.0,9202.615839500108,False,0.0
2020-07-21,100000.0,9163.159654576915,False,0.0
2020-07-22,100000.0,9384.379751903269,False,0.0
2020-07-23,100000.0,9514.304987626969,False,0.0
2020-07-24,100000.0,9589.81771944117,False,0.0
2020-07-25,100000.0,9535.93879573746,False,0.0
2020-07-26,100000.0,9691.825138917147,False,0.0
2020-07-27,100000.0,9925.751397476346,False,0.0
2020-07-28,100000.0,10962.258481207356,False,0.0
2020-07-29,100000.0,10904.916526918994,False,0.0
2020-07-30,100000.0,11093.612240442404,False,0.0
2020-07-31,100000.0,11116.307163685276,False,0.0
2020-08-01,100000.0,11325.5515272739,False,0.0
2020-08-02,100000.0,11812.094307268517,False,0.0
2020-08-03,100000.0,11066.306240590267,False,0.0
2020-08-04,100000.0,11230.907762749295,False,0.0
2020-08-05,100000.0,11181.917508034883,False,0.0
2020-08-06,100000.0,11719.26352395155,False,0.0
2020-08-07,100000.0,11768.127742240007,False,0.0
2020-08-08,100000.0,11571.487980683192,False,0.0
2020-08-09,100000.0,11739.131006414418,False,0.0
2020-08-10,100000.0,11682.85146915494,False,0.0
2020-08-11,100000.0,11862.938012702563,False,0.0
2020-08-12,100000.0,11398.671060896631,False,0.0
2020-08-13,100000.0,11579.867951602137,False,0.0
2020-08-14,100000.0,11817.164038803396,False,0.0
2020-08-15,100000.0,11777.391322489924,False,0.0
2020-08-16,100000.0,11864.905810156475,False,0.0
2020-08-17,100000.0,11901.77648830246,False,0.0
2020-08-18,100000.0,12272.465808160425,False,0.0
2020-08-19,100000.0,11949.610970628191,False,0.0
2020-08-20,100000.0,11733.278970862082,False,0.0
2020-08-21,100000.0,11861.83657727968,False,0.0
2020-08-22,100000.0,11515.124298729215,False,0.0
2020-08-23,100000.0,11676.385305081289,False,0.0
2020-08-24,100000.0,11647.928120934364,False,0.0
2020-08-25,100000.0,11758.828120368864,False,0.0
2020-08-26,100000.0,11350.753473213,False,0.0
2020-08-27,100000.0,11465.002564032086,False,0.0
2020-08-28,100000.0,11300.398363810944,False,0.0
2020-08-29,100000.0,11519.118388160729,False,0.0
2020-08-30,100000.0,11481.481823317012,False,0.0
2020-08-31,100000.0,11701.004008657852,False,0.0
2020-09-01,100000.0,11672.324104943627,False,0.0
2020-09-02,100000.0,11895.225345345636,False,0.0
2020-09-03,100000.0,11418.254756916149,False,0.0
2020-09-04,100000.0,10197.459822768922,False,0.0
2020-09-05,100000.0,10484.470392265588,False,0.0
2020-09-06,100000.0,10177.789718049991,False,0.0
2020-09-07,100000.0,10260.0177277544,False,0.0
2020-09-08,100000.0,10359.44521698998,False,0.0
2020-09-09,100000.0,10125.014956069688,False,0.0
2020-09-10,100000.0,10230.154699360752,False,0.0
2020-09-11,100000.0,10342.15939120568,False,0.0
2020-09-12,100000.0,10378.223044584596,False,0.0
2020-09-13,100000.0,10439.38467226404,False,0.0
2020-09-14,100000.0,10328.866065987391,False,0.0
2020-09-15,100000.0,10661.096235144483,False,0.0
2020-09-16,100000.0,10787.58020807624,False,0.0
2020-09-17,100000.0,10952.2499691071,False,0.0
2020-09-18,100000.0,10937.996396960929,False,0.0
2020-09-19,100000.0,10927.150310293277,False,0.0
2020-09-20,100000.0,11083.99836119821,False,0.0
2020-09-21,100000.0,10923.32666818137,False,0.0
2020-09-22,100000.0,10439.522488792423,False,0.0
2020-09-23,100000.0,10527.58784673943,False,0.0
2020-09-24,100000.0,10223.784106392732,False,0.0
2020-09-25,100000.0,10726.530083321984,False,0.0
2020-09-26,100000.0,10681.9938481137,False,0.0
2020-09-27,100000.0,10743.19287975935,False,0.0
2020-09-28,100000.0,10765.300521660893,False,0.0
2020-09-29,100000.0,10672.02854425897,False,0.0
2020-09-30,100000.0,10837.516586513004,False,0.0
2020-10-01,100000.0,10770.881347466417,False,0.0
2020-10-02,100000.0,10627.97606396318,False,0.0
2020-10-03,100000.0,10572.674843011133,False,0.0
2020-10-04,100000.0,10546.65625537982,False,0.0
2020-10-05,100000.0,10670.700811335208,False,0.0
2020-10-06,100000.0,10784.94940309411,False,0.0
2020-10-07,100000.0,10605.95779130622,False,0.0
2020-10-08,100000.0,10668.011010796896,False,0.0
2020-10-09,100000.0,10888.666546835811,False,0.0
2020-10-10,100000.0,11063.2523862591,False,0.0
2020-10-11,100000.0,11286.541942043945,False,0.0
2020-10-12,100000.0,11377.814876756858,False,0.0
2020-10-13,100000.0,11543.183760771468,False,0.0
2020-10-14,100000.0,11426.105544220429,False,0.0
2020-10-15,100000.0,11435.57243757972,False,0.0
2020-10-16,100000.0,11495.584995733889,False,0.0
2020-10-17,100000.0,11319.097785677624,False,0.0
2020-10-18,100000.0,11365.814131026178,False,0.0
2020-10-19,100000.0,11495.899975689872,False,0.0
2020-10-20,100000.0,11752.146863919786,False,0.0
2020-10-21,100000.0,11908.708923246451,False,0.0
2020-10-22,100000.0,12806.435726727444,False,0.0
2020-10-23,100000.0,12951.044060038126,False,0.0
2020-10-24,100000.0,12928.072296348406,False,0.0
2020-10-25,100000.0,13106.04601925958,False,0.0
2020-10-26,100000.0,13021.410842124118,False,0.0
2020-10-27,100000.0,13060.79221208406,False,0.0
2020-10-28,100000.0,13655.18541588308,False,0.0
2020-10-29,100000.0,13282.999348292438,False,0.0
2020-10-30,100000.0,13441.878496031612,False,0.0
2020-10-31,100000.0,13537.174271524887,False,0.0
2020-11-01,100000.0,13778.637638352931,False,0.0
2020-11-02,100000.0,13720.361465146289,False,0.0
2020-11-03,100000.0,13558.361795524168,False,0.0
2020-11-04,100000.0,13989.976358180447,False,0.0
2020-11-05,100000.0,14101.716050813722,False,0.0
2020-11-06,100000.0,15553.331701081444,False,0.0
2020-11-07,100000.0,15548.312145063144,False,0.0
2020-11-08,100000.0,14818.45891122149,False,0.0
2020-11-09,100000.0,15496.316149147417,False,0.0
2020-11-10,100000.0,15335.342198178862,False,0.0
2020-11-11,100000.0,15278.70965979927,False,0.0
2020-11-12,100000.0,15686.905986213233,False,0.0
2020-11-13,100000.0,16265.149252483356,False,0.0
2020-11-14,100000.0,16326.81487507908,False,0.0
2020-11-15,100000.0,16095.561510630652,False,0.0
2020-11-16,100000.0,15984.673784156614,False,0.0
2020-11-17,100000.0,16714.40386322188,False,0.0
2020-11-18,100000.0,17651.82042768171,False,0.0
2020-11-19,100000.0,17829.934958345126,False,0.0
2020-11-20,100000.0,17819.75743096837,False,0.0
2020-11-21,100000.0,18628.8134890362,False,0.0
2020-11-22,100000.0,18689.52865582585,False,0.0
2020-11-23,100000.0,18390.61184379203,False,0.0
2020-11-24,100000.0,18360.693300385865,False,0.0
2020-11-25,100000.0,19091.524181728702,False,0.0
2020-11-26,100000.0,18753.288921684914,False,0.0
2020-11-27,100000.0,17138.029512395206,False,0.0
2020-11-28,100000.0,17140.27555252362,False,0.0
2020-11-29,100000.0,17718.972832629497,False,0.0
2020-11-30,100000.0,18169.95420978285,False,0.0
2020-12-01,100000.0,19609.52143957559,False,0.0
2020-12-02,100000.0,18857.417371118165,False,0.0
2020-12-03,100000.0,19208.398191994624,False,0.0
2020-12-04,100000.0,19435.20484740911,False,0.0
2020-12-05,100000.0,18711.226549886927,False,0.0
2020-12-06,100000.0,19139.111575237486,False,0.0
2020-12-07,100000.0,19325.55411859109,False,0.0
2020-12-08,100000.0,19198.806493935343,False,0.0
2020-12-09,100000.0,18336.514581297808,False,0.0
2020-12-10,100000.0,18564.986455688137,False,0.0
2020-12-11,100000.0,18262.058384653155,False,0.0
2020-12-12,100000.0,18058.027339569555,False,0.0
2020-12-13,100000.0,18807.09540322016,False,0.0
2020-12-14,100000.0,19151.13442340493,False,0.0
2020-12-15,100000.0,19259.97047153096,False,0.0
2020-12-16,100000.0,19432.362456862407,False,0.0
2020-12-17,100000.0,21317.66213678684,False,0.0
2020-12-18,100000.0,22805.65580598891,False,0.0
2020-12-19,100000.0,23120.57055156752,False,0.0
2020-12-20,100000.0,23863.85484171969,False,0.0
2020-12-21,100000.0,23518.31842054723,False,0.0
2020-12-22,100000.0,22840.991707188357,False,0.0
2020-12-23,100000.0,23794.79330262859,False,0.0
2020-12-24,100000.0,23308.12723217715,False,0.0
2020-12-25,100000.0,23760.28704854296,False,0.0
2020-12-26,100000.0,24671.10771441541,False,0.0
2020-12-27,100000.0,26476.13013701949,False,0.0
2020-12-28,100000.0,26423.22879190229,False,0.0
2020-12-29,100000.0,27125.384120651503,False,0.0
2020-12-30,100000.0,27424.538954606684,False,0.0
2020-12-31,100000.0,28837.28852895899,False,0.0
2021-01-01,100000.0,29022.41839530417,False,0.0
2021-01-02,100000.0,29352.12679194895,False,0.0
2021-01-03,100000.0,32163.82493533521,False,0.0
2021-01-04,100000.0,33008.226203489285,False,0.0
2021-01-05,100000.0,31515.575966658354,False,0.0
2021-01-06,100000.0,34082.20604904424,False,0.0
2021-01-07,100000.0,36933.520137309126,False,0.0
2021-01-08,100000.0,39547.08408135567,False,0.0
2021-01-09,100000.0,40815.96185478254,False,0.0
2021-01-10,100000.0,40296.5290038294,False,0.0
2021-01-11,100000.0,38397.895985418174,False,0.0
2021-01-12,100000.0,35669.90668663349,False,0.0
2021-01-13,100000.0,33938.33587810088,False,0.0
2021-01-14,100000.0,37456.00772548642,False,0.0
2021-01-15,100000.0,39232.74997140346,False,0.0
2021-01-16,100000.0,36787.52121668496,False,0.0
2021-01-17,100000.0,36254.713079410845,False,0.0
2021-01-18,100000.0,35804.263885674685,False,0.0
2021-01-19,100000.0,36595.4647692826,False,0.0
2021-01-20,100000.0,36104.86385775514,False,0.0
2021-01-21,100000.0,35587.489202735545,False,0.0
2021-01-22,100000.0,30913.695736053804,False,0.0
2021-01-23,100000.0,32957.908782655926,False,0.0
2021-01-24,100000.0,32068.08737440817,False,0.0
2021-01-25,100000.0,32273.51735032927,False,0.0
2021-01-26,100000.0,32375.320062981456,False,0.0
2021-01-27,100000.0,32582.10944502123,False,0.0
2021-01-28,100000.0,30445.52586511351,False,0.0
2021-01-29,100000.0,33128.34752861149,False,0.0
2021-01-30,100000.0,34150.81876737221,False,0.0
2021-01-31,100000.0,34199.51981036302,False,0.0
2021-02-01,100000.0,33064.78676701507,False,0.0
2021-02-02,100000.0,33405.99035714327,False,0.0
2021-02-03,100000.0,35485.98593382442,False,0.0
2021-02-04,99900.1,37494.71762460426,True,0.1
2021-02-05,98093.09,36816.50808203406,True,1.91
2021-02-06,101267.23,38007.83222908396,True,-1.27
2021-02-07,104655.2,39279.41286897885,True,-4.66
2021-02-08,103466.7,38833.34026455532,True,-3.47
2021-02-09,123380.88,46307.57412159395,True,-23.38
2021-02-10,124078.92,46569.56483,True,-24.08
2021-02-11,119493.87,44848.69344950499,True,-19.49
2021-02-12,127399.8,47815.96175554316,True,-27.4
2021-02-13,126329.31,47414.1862550079,True,-26.33
2021-02-14,125069.34,46941.29208582354,True,-25.07
2021-02-15,129509.75,48607.8745224845,True,-29.51
2021-02-16,127619.67,47898.487027633135,True,-27.62
2021-02-17,131189.01,49238.13690672487,True,-31.19
2021-02-18,138930.47,52143.6788446198,True,-38.93
2021-02-19,137836.47,51733.075539032034,True,-37.84
2021-02-20,149308.35,56038.72775892988,True,-49.31
2021-02-21,150211.33,56377.63347790987,True,-50.21
2021-02-22,153652.82,57669.3035269179,True,-53.65
2021-02-23,144971.09,54410.85629451601,True,-44.97
2021-02-24,129733.61,48691.894831704405,True,-29.73
2021-02-25,132817.59,49849.37871358314,True,-32.82
2021-02-26,125206.22,46992.665450048495,True,-25.21
2021-02-27,124030.76,46551.48747675472,True,-24.03
2021-02-28,124302.63,46653.52639939581,True,-24.3
2021-03-01,119817.51,44970.163459946736,True,-19.82
2021-03-02,132652.29,49787.33995949672,True,-32.65
2021-03-03,129308.22,48532.23678981703,True,-29.31
2021-03-04,134757.46,50577.45746915202,True,-34.76
2021-03-05,129828.35,48727.45120080115,True,-29.83
2021-03-06,130799.15,49091.81488232977,True,-30.8
2021-03-07,130606.13,49019.36859236582,True,-30.61
2021-03-08,136717.47,51313.09262027362,True,-36.72
2021-03-09,139423.0,52328.5359126325,True,-39.42
2021-03-10,145742.2,54700.27343927744,True,-45.74
2021-03-11,149259.75,56020.4877195857,True,-49.26
2021-03-12,153971.39,57788.86810329514,True,-53.97
2021-03-13,152812.37,57353.86147197248,True,-52.81
2021-03-14,163366.86,61315.197932766816,True,-63.37
2021-03-15,158341.23,59428.96756602776,True,-58.34
2021-03-16,148686.49,55805.32924923426,True,-48.69
2021-03-17,151417.28,56830.253335076224,True,-51.42
2021-03-18,157238.07,59014.92563205099,True,-57.24
2021-03-19,154327.19,57922.40959262911,True,-54.33
2021-03-20,155182.09,58243.27060892363,True,-55.18
2021-03-21,155536.15,58376.15847137206,True,-55.54
2021-03-22,153397.67,57573.539344778685,True,-53.4
2021-03-23,144862.6,54370.13755789519,True,-44.86
2021-03-24,145434.73,54584.86994699455,True,-45.43
2021-03-25,139951.43,52526.86659704657,True,-39.95
2021-03-26,136994.08,51416.90830498005,True,-36.99
2021-03-27,146628.98,55033.10048044704,True,-46.63
2021-03-28,148758.67,55832.41810961832,True,-48.76
2021-03-29,148480.73,55728.10132780653,True,-48.48
2021-03-30,153561.23,57634.92869447539,True,-53.56
2021-03-31,156315.4,58668.628336761,True,-56.32
2021-04-01,156711.72,58817.3738884188,True,-56.71
2021-04-02,156668.61,58801.194843878126,True,-56.67
2021-04-03,157358.23,59060.02678333801,True,-57.36
2021-04-04,152030.49,57060.40665471088,True,-52.03
2021-04-05,155143.54,58228.8026234662,True,-55.14
2021-04-06,156417.15,58706.81559311396,True,-56.42
2021-04-07,154699.59,58062.17872433649,True,-54.7
2021-04-08,149563.31,56134.41738866435,True,-49.56
2021-04-09,154708.82,58065.64402481532,True,-54.71
2021-04-10,154941.55,58152.99326214184,True,-54.94
2021-04-11,159807.77,59979.39281571831,True,-59.81
2021-04-12,159830.76,59988.02095852983,True,-59.83
2021-04-13,159625.6,59911.02059484732,True,-59.63
2021-04-14,169392.3,63576.67604104828,True,-69.39
2021-04-15,167341.92,62807.12323259299,True,-67.34
2021-04-16,168334.79,63179.772446084695,True,-68.33
2021-04-17,163852.05,61497.2995694412,True,-63.85
2021-04-18,160592.36,60273.86667694734,True,-60.59
2021-04-19,149975.03,56288.94534001195,True,-49.98
2021-04-20,148462.25,55721.166052695626,True,-48.46
2021-04-21,149990.44,56294.728558586925,True,-49.99
2021-04-22,144382.83,54190.07026283405,True,-44.38
2021-04-23,138455.91,51965.5664304852,True,-38.46
2021-04-24,136392.51,51191.1246964079,True,-36.39
2021-04-25,133573.55,50133.1073963654,True,-33.57
2021-04-26,130505.07,48981.4413932161,True,-30.51
2021-04-27,143819.94,53978.80554728962,True,-43.82
2021-04-28,146518.98,54991.81484262107,True,-46.52
2021-04-29,146036.19,54810.6138506792,True,-46.04
2021-04-30,142801.88,53596.70402266675,True,-42.8
2021-05-01,154077.01,57828.511814425874,True,-54.08
2021-05-02,154035.6,57812.96915967891,True,-54.04
2021-05-03,150805.78,56600.74528738432,True,-50.81
2021-05-04,152403.22,57200.30029871162,True,-52.4
2021-05-05,142449.29,53464.37021950372,True,-42.45
2021-05-06,153020.82,57432.100227087576,True,-53.02
2021-05-07,150558.03,56507.7594398696,True,-50.56
2021-05-08,152832.9,57361.56904328887,True,-52.83
2021-05-09,156590.51,58771.88168950936,True,-56.59
2021-05-10,155103.9,58213.92629374439,True,-55.1
2021-05-11,148943.17,55901.66759456145,True,-48.94
2021-05-12,151680.3,56928.97235660158,True,-51.68
2021-05-13,133231.59,50004.76218313686,True,-33.23
2021-05-14,133146.42,49972.79539837245,True,-33.15
2021-05-15,132987.8,49913.26314398822,True,-32.99
2021-05-16,124642.01,46780.90230468821,True,-24.64
2021-05-17,124120.22,46585.06413538846,True,-24.12
2021-05-18,116648.67,43780.82559782485,True,-16.65
2021-05-19,114810.82,43091.04144756922,True,-14.81
2021-05-20,99347.7,37287.39140242737,True,0.65
2021-05-21,107741.4,40437.73009625558,True,-7.74
2021-05-22,99486.9,37339.63420134628,True,0.51
2021-05-23,99968.31,37520.31767547438,True,0.03
2021-05-24,93193.35,34977.527801962424,True,6.81
2021-05-25,102958.07,38642.4422973396,True,-2.96
2021-05-26,101808.03,38210.80521759389,True,-1.81
2021-05-27,104994.97,39406.934244116186,True,-4.99
2021-05-28,102959.28,38642.89555434217,True,-2.96
2021-05-29,95145.53,35710.220936529884,True,4.85
2021-05-30,92653.96,34775.07941347281,True,7.35
2021-05-31,95157.6,35714.75202018067,True,4.84
2021-06-01,99489.68,37340.6792659422,True,0.51
2021-06-02,97729.57,36680.06820180283,True,2.27
2021-06-03,100409.0,37685.71798174826,True,-0.41
2021-06-04,104313.9,39151.31618380032,True,-4.31
2021-06-05,98418.71,36938.72031139185,True,1.58
2021-06-06,94710.61,35546.98596483364,True,5.29
2021-06-07,95476.58,35834.4744744042,True,4.52
2021-06-08,89127.13,33451.38340714534,True,10.87
2021-06-09,89408.93,33557.15068309184,True,10.59
2021-06-10,100057.1,37553.64375851888,True,-0.06
2021-06-11,98324.35,36903.304906778896,True,1.68
2021-06-12,99353.14,37289.43252210222,True,0.65
2021-06-13,95028.1,35666.14977877309,True,4.97
2021-06-14,104304.28,39147.70567879997,True,-4.3
2021-06-15,108239.06,40624.51305316154,True,-8.24
2021-06-16,107582.79,40378.20254971114,True,-7.58
2021-06-17,102102.84,38321.454656574206,True,-2.1
2021-06-18,101762.24,38193.61914194397,True,-1.76
2021-06-19,95600.84,35881.11137137543,True,4.4
2021-06-20,94802.94,35581.64226773201,True,5.2
2021-06-21,95350.3,35787.07740523232,True,4.65
2021-06-22,84492.58,31711.93546772701,True,15.51
2021-06-23,86612.9,32507.738707026845,True,13.39
2021-06-24,89796.51,33702.61779371396,True,10.2
2021-06-25,92388.5,34675.44910530336,True,7.61
2021-06-26,85108.59,31943.136467863093,True,14.89
2021-06-27,85323.97,32023.97390177492,True,14.68
2021-06-28,92206.91,34607.293274083386,True,7.79
2021-06-29,92072.49,34556.8421269449,True,7.93
2021-06-30,95834.99,35968.993667970346,True,4.17
2021-07-01,93710.13,35171.486304850056,True,6.29
2021-07-02,89729.77,33677.566235922626,True,10.27
2021-07-03,90457.73,33950.786555181,True,9.54
2021-07-04,92533.56,34729.89077801021,True,7.47
2021-07-05,94303.56,35394.213074080915,True,5.7
2021-07-06,90397.37,33928.13421837147,True,9.6
2021-07-07,90988.48,34149.98981477412,True,9.01
2021-07-08,90408.35,33932.25463831538,True,9.59
2021-07-09,87747.5,32933.578199292395,True,12.25
2021-07-10,90512.38,33971.29774975796,True,9.49
2021-07-11,89801.63,33704.53847440508,True,10.2
2021-07-12,91388.0,34299.938016517444,True,8.61
2021-07-13,88624.28,33262.6543524462,True,11.38
2021-07-14,87062.24,32676.38380096018,True,12.94
2021-07-15,87600.76,32878.50187357147,True,12.4
2021-07-16,84530.16,31726.038833909817,True,15.47
2021-07-17,83660.54,31399.653128682126,True,16.34
2021-07-18,84164.16,31588.6713510167,True,15.84
2021-07-19,85045.33,31919.393922554555,True,14.95
2021-07-20,82404.45,30928.211908849244,True,17.6
2021-07-21,79856.48,29971.903783612062,True,20.14
2021-07-22,86282.63,32383.78112696872,True,13.72
2021-07-23,86351.16,32409.499767175417,True,13.65
2021-07-24,89138.23,33455.55127272261,True,10.86
2021-07-25,91157.96,34213.59993217662,True,8.84
2021-07-26,94468.52,35456.12466076684,True,5.53
2021-07-27,99333.12,37281.91809217662,True,0.67
2021-07-28,104114.82,39076.59377063225,True,-4.11
2021-07-29,106658.24,40031.19824444798,True,-6.66
2021-07-30,106515.86,39977.75693922764,True,-6.52
2021-07-31,111734.05,41936.261478677225,True,-11.73
2021-08-01,111248.88,41754.16660435275,True,-11.25
2021-08-02,106348.19,39914.82975848789,True,-6.35
2021-08-03,104653.48,39278.76650810368,True,-4.65
2021-08-04,102227.8,38368.35401197897,True,-2.23
2021-08-05,105913.25,39751.58457509862,True,-5.91
2021-08-06,108774.25,40825.3819404497,True,-8.77
2021-08-07,114041.07,42802.13717474142,True,-14.04
2021-08-08,118958.02,44647.57760300116,True,-18.96
2021-08-09,116575.11,43753.21786264632,True,-16.58
2021-08-10,123390.01,46311.00189857689,True,-23.39
2021-08-11,121600.92,45639.51401890709,True,-21.6
2021-08-12,121634.34,45652.06012506926,True,-21.63
2021-08-13,118552.06,44495.20979327958,True,-18.55
2021-08-14,127136.84,47717.27052766495,True,-27.14
2021-08-15,125462.5,47088.85313451467,True,-25.46
2021-08-16,125292.38,47025.00323011282,True,-25.29
2021-08-17,122646.0,46031.75754362583,True,-22.65
2021-08-18,118656.62,44534.45485421991,True,-18.66
2021-08-19,119938.22,45015.46554608543,True,-19.94
2021-08-20,124546.44,46745.03462296988,True,-24.55
2021-08-21,131076.42,49195.87860189616,True,-31.08
2021-08-22,130377.84,48933.68915131164,True,-30.38
2021-08-23,131222.07,49250.54486971799,True,-31.22
2021-08-24,131936.21,49518.57748790696,True,-31.94
2021-08-25,127731.9,47940.6079149608,True,-27.73
2021-08-26,130561.72,49002.70376627545,True,-30.56
2021-08-27,125836.1,47229.070650876114,True,-25.84
2021-08-28,130775.94,49083.10330586219,True,-30.78
2021-08-29,130385.43,48936.53725414221,True,-30.39
2021-08-30,130307.46,48907.27073106221,True,-30.31
2021-08-31,125556.83,47124.25422469402,True,-25.56
2021-09-01,126119.45,47335.42029920565,True,-26.12
2021-09-02,130083.07,48823.05520964915,True,-30.08
2021-09-03,131457.17,49338.78465183332,True,-31.46
2021-09-04,133044.46,49934.5282762881,True,-33.04
2021-09-05,133253.62,50013.02994694588,True,-33.25
2021-09-06,137738.23,51696.206431317885,True,-37.74
2021-09-07,140518.76,52739.80016634552,True,-40.52
2021-09-08,125212.88,46995.16417095979,True,-25.21
2021-09-09,122787.94,46085.02861578186,True,-22.79
2021-09-10,123944.04,46518.94118660236,True,-23.94
2021-09-11,119371.08,44802.60640249699,True,-19.37
2021-09-12,120420.53,45196.488277558245,True,-20.42
2021-09-13,123081.52,46195.21830082935,True,-23.08
2021-09-14,120269.58,45139.83396873267,True,-20.27
2021-09-15,125586.61,47135.43199562694,True,-25.59
2021-09-16,128387.14,48186.53275704722,True,-28.39
2021-09-17,127569.01,47879.47343992101,True,-27.57
2021-09-18,125835.0,47228.65821623257,True,-25.83
2021-09-19,128600.54,48266.62707279063,True,-28.6
2021-09-20,126214.35,47371.03933236471,True,-26.21
2021-09-21,114389.6,42932.94659595412,True,-14.39
2021-09-22,107605.23,40386.62363528928,True,-7.61
2021-09-23,116132.84,43587.22305058473,True,-16.13
2021-09-24,119846.11,44980.898214810935,True,-19.85
2021-09-25,113907.94,42752.1681545072,True,-13.91
2021-09-26,114186.86,42856.85516422452,True,-14.19
2021-09-27,115465.78,43336.86123324274,True,-15.47
2021-09-28,112562.92,42247.35572900636,True,-12.56
2021-09-29,109267.14,41010.37519836549,True,-9.27
2021-09-30,110805.27,41587.66786232295,True,-10.81
2021-10-01,116857.82,43859.32614724109,True,-16.86
2021-10-02,128374.73,48181.87627260008,True,-28.37
2021-10-03,127298.02,47777.762019063,True,-27.3
2021-10-04,128644.08,48282.97113857447,True,-28.64
2021-10-05,131247.88,49260.23232113069,True,-31.25
2021-10-06,137665.73,51668.99422435564,True,-37.67
2021-10-07,147646.52,55415.00574202895,True,-47.65
2021-10-08,143595.57,53894.59599452107,True,-43.6
2021-10-09,143905.55,54010.93747374405,True,-43.91
2021-10-10,146875.06,55125.46033768045,True,-46.88
2021-10-11,145773.1,54711.86959664297,True,-45.77
2021-10-12,153394.93,57572.51085559653,True,-53.39
2021-10-13,150097.83,56335.035460511535,True,-50.1
2021-10-14,153169.72,57487.9858804222,True,-53.17
2021-10-15,153074.99,57452.43178503547,True,-53.07
2021-10-16,164682.6,61809.02394427028,True,-64.68
2021-10-17,162968.37,61165.63564211521,True,-62.97
2021-10-18,164082.45,61583.77443961336,True,-64.08
2021-10-19,165239.32,62017.972725178704,True,-65.24
2021-10-20,171899.4,64517.64856042277,True,-71.9
2021-10-21,176481.78,66237.51755029388,True,-76.48
2021-10-22,166633.09,62541.08693293518,True,-66.63
2021-10-23,162605.05,61029.27093182092,True,-62.61
2021-10-24,164051.45,61572.14043422243,True,-64.05
2021-10-25,162988.44,61173.1663907232,True,-62.99
2021-10-26,168463.86,63228.21382584213,True,-68.46
2021-10-27,161472.47,60604.18888794746,True,-61.47
2021-10-28,156241.79,58641.00147419492,True,-56.24
2021-10-29,161907.74,60767.55585206728,True,-61.91
2021-10-30,165945.98,62283.19805587354,True,-65.95
2021-10-31,164757.83,61837.257002978935,True,-64.76
2021-11-01,163784.29,61471.86846276259,True,-63.78
2021-11-02,162851.66,61121.83120106507,True,-62.85
2021-11-03,168514.47,63247.20896127831,True,-68.51
2021-11-04,168204.69,63130.94235171542,True,-68.2
2021-11-05,164130.33,61601.74357204975,True,-64.13
2021-11-06,163186.18,61247.38494217787,True,-63.19
2021-11-07,164289.17,61661.35866372036,True,-64.29
2021-11-08,168264.08,63153.230193019495,True,-68.26
2021-11-09,180157.29,67617.0155448617,True,-80.16
2021-11-10,178900.66,67145.37493537061,True,-78.9
2021-11-11,173347.24,65061.05440696283,True,-73.35
2021-11-12,173199.61,65005.64515956679,True,-73.2
2021-11-13,171671.33,64432.04794734522,True,-71.67
2021-11-14,172279.57,64660.33535267343,True,-72.28
2021-11-15,174913.69,65648.97779110243,True,-74.91
2021-11-16,170343.9,63933.83544259933,True,-70.34
2021-11-17,161057.82,60448.56251258625,True,-61.06
2021-11-18,161471.05,60603.65586738653,True,-61.47
2021-11-19,151835.77,56987.32233855049,True,-51.84
2021-11-20,155757.55,58459.25551667463,True,-55.76
2021-11-21,160083.59,60082.91166841709,True,-60.08
2021-11-22,157570.73,59139.77927952717,True,-57.57
2021-11-23,150235.9,56386.85685315215,True,-50.24
2021-11-24,153864.61,57748.79317378856,True,-53.86
2021-11-25,152397.58,57198.18384629529,True,-52.4
2021-11-26,156926.13,58897.84698299794,True,-56.93
2021-11-27,143417.59,53827.79286503472,True,-43.42
2021-11-28,145297.6,54533.40388242691,True,-45.3
2021-11-29,152502.76,57237.66113709043,True,-52.5
2021-11-30,154131.0,57848.77353712989,True,-54.13
2021-12-01,151899.6,57011.28047424234,True,-51.9
2021-12-02,152320.82,57169.37199381056,True,-52.32
2021-12-03,150559.38,56508.26805402271,True,-50.56
2021-12-04,143306.15,53785.96717237922,True,-43.31
2021-12-05,130986.13,49161.99070957517,True,-30.99
2021-12-06,131269.83,49268.46989053938,True,-31.27
2021-12-07,134448.71,50461.57683653979,True,-34.45
2021-12-08,134944.52,50647.66340635755,True,-34.94
2021-12-09,134632.24,50530.4580645934,True,-34.63
2021-12-10,127586.06,47885.87198941706,True,-27.59
2021-12-11,126034.57,47303.56415217411,True,-26.03
2021-12-12,131200.11,49242.30232407148,True,-31.2
2021-12-13,133354.99,50051.078348674855,True,-33.35
2021-12-14,124416.61,46696.30469946678,True,-24.42
2021-12-15,128984.04,48410.564656309325,True,-28.98
2021-12-16,130386.3,48936.86258244155,True,-30.39
2021-12-17,127076.26,47694.53050225176,True,-27.08
2021-12-18,123437.16,46328.6963654447,True,-23.44
2021-12-19,125145.99,46970.057050727024,True,-25.15
2021-12-20,124711.67,46807.04861642627,True,-24.71
2021-12-21,125537.52,47117.008204210455,True,-25.54
2021-12-22,130941.43,49145.21725849885,True,-30.94
2021-12-23,129904.13,48755.89564404483,True,-29.9
2021-12-24,135618.48,50900.61494951601,True,-35.62
2021-12-25,135586.79,50888.72103678683,True,-35.59
2021-12-26,134986.68,50663.48710213215,True,-34.99
2021-12-27,135491.24,50852.860259540656,True,-35.49
2021-12-28,135281.31,50774.067814743,True,-35.28
2021-12-29,127157.83,47725.14804631933,True,-27.16
2021-12-30,123912.21,46506.99464767938,True,-23.91
2021-12-31,125736.97,47191.86838983951,True,-25.74
2022-01-01,123413.06,46319.65108805251,True,-23.41
2022-01-02,127400.1,47816.07767640849,True,-27.4
2022-01-03,126257.44,47387.212167697246,True,-26.26
2022-01-04,123976.55,46531.140860530526,True,-23.98
2022-01-05,122396.26,45938.02427172366,True,-22.4
2022-01-06,116292.5,43647.14750806805,True,-16.29
2022-01-07,115144.98,43216.45867693359,True,-15.14
2022-01-08,110644.15,41527.197042644846,True,-10.64
2022-01-09,111255.53,41756.66232397826,True,-11.26
2022-01-10,111537.15,41862.3609856517,True,-11.54
2022-01-11,111557.13,41869.85905559219,True,-11.56
2022-01-12,113974.66,42777.21102048236,True,-13.97
2022-01-13,117184.35,43981.87732717414,True,-17.18
2022-01-14,113524.91,42608.41001195019,True,-13.52
2022-01-15,114890.26,43120.85451108056,True,-14.89
2022-01-16,115172.14,43226.65026980921,True,-15.17
2022-01-17,114887.42,43119.79214308028,True,-14.89
2022-01-18,112698.77,42298.341116872325,True,-12.7
2022-01-19,112957.53,42395.45879157343,True,-12.96
2022-01-20,111236.59,41749.55143098559,True,-11.24
2022-01-21,108460.65,40707.6824143097,True,-8.46
2022-01-22,97273.24,36508.79978983082,True,2.73
2022-01-23,93733.98,35180.435462830384,True,6.27
2022-01-24,96734.0,36306.409440464704,True,3.27
2022-01-25,97979.85,36774.00714224005,True,2.02
2022-01-26,98552.49,36988.92851066736,True,1.45
2022-01-27,98236.79,36870.440166931,True,1.76
2022-01-28,99319.59,37276.839558174994,True,0.68
2022-01-29,100853.58,37852.57902803263,True,-0.85
2022-01-30,101864.98,38232.17873217708,True,-1.86
2022-01-31,101201.47,37983.151499406464,True,-1.2
2022-02-01,102726.52,38555.53446121157,True,-2.73
2022-02-02,103472.97,38835.69494322237,True,-3.47
2022-02-03,98584.6,37000.98249864199,True,1.42
2022-02-04,98852.02,37101.351593780935,True,1.15
2022-02-05,111034.86,41673.8395543094,True,-11.03
2022-02-06,110554.87,41493.690050910525,True,-10.55
2022-02-07,113170.9,42475.543220951215,True,-13.17
2022-02-08,116995.31,43910.92998644309,True,-17.0
2022-02-09,117724.07,44184.447511676175,True,-17.72
2022-02-10,118255.45,44383.88805541707,True,-18.26
2022-02-11,116241.85,43628.13953235228,True,-16.24
2022-02-12,113090.56,42445.38876793804,True,-13.09
2022-02-13,112582.59,42254.738123237206,True,-12.58
2022-02-14,112564.2,42247.83595326771,True,-12.56
2022-02-15,113594.62,42634.573783663065,True,-13.59
2022-02-16,118762.84,44574.32057099816,True,-18.76
2022-02-17,117401.24,44063.28198279571,True,-17.4
2022-02-18,108075.13,40562.98694982819,True,-8.08
2022-02-19,106770.94,40073.495362369824,True,-6.77
2022-02-20,107088.7,40192.75912143141,True,-7.09
2022-02-21,102615.88,38514.00853622455,True,-2.62
2022-02-22,98741.79,37059.97940228752,True,1.26
2022-02-23,102144.8,38337.2038554348,True,-2.14
2022-02-24,99573.91,37372.2926803477,True,0.43
2022-02-25,102214.45,38363.345488570165,True,-2.21
2022-02-26,104753.12,39316.16207578596,True,-4.75
2022-02-27,104151.07,39090.202153609054,True,-4.15
2022-02-28,100723.05,37803.59016044929,True,-0.72
2022-03-01,115168.82,43225.40467743573,True,-15.17
2022-03-02,118457.16,44459.59162774341,True,-18.46
2022-03-03,117181.23,43980.707382090906,True,-17.18
2022-03-04,113214.69,42491.97839335905,True,-13.21
2022-03-05,104444.42,39200.29973557414,True,-4.44
2022-03-06,105144.74,39463.14681149058,True,-5.14
2022-03-07,102426.66,38442.99174588676,True,-2.43
2022-03-08,101450.17,38076.49382252028,True,-1.45
2022-03-09,103199.18,38732.93701302586,True,-3.2
2022-03-10,111866.67,41986.03444607623,True,-11.87
2022-03-11,105158.62,39468.35477300189,True,-5.16
2022-03-12,103311.72,38775.17558840679,True,-3.31
2022-03-13,103654.14,38903.69354800599,True,-3.65
2022-03-14,100853.43,37852.52514106289,True,-0.85
2022-03-15,105694.34,39669.423812004505,True,-5.69
2022-03-16,104794.91,39331.84654059453,True,-4.79
2022-03-17,109680.81,41165.63506140341,True,-9.68
2022-03-18,109244.05,41001.70957801974,True,-9.24
2022-03-19,111470.68,41837.41313797566,True,-11.47
2022-03-20,112441.92,42201.939920688186,True,-12.44
2022-03-21,109994.21,41283.25900104565,True,-9.99
2022-03-22,109404.2,41061.81589384987,True,-9.4
2022-03-23,112974.68,42401.89559748944,True,-12.97
2022-03-24,114041.12,42802.15471016985,True,-14.04
2022-03-25,117062.37,43936.09623454058,True,-17.06
2022-03-26,118116.61,44331.77795706412,True,-18.12
2022-03-27,118593.71,44510.84421762133,True,-18.59
2022-03-28,124466.73,46715.1176185105,True,-24.47
2022-03-29,125212.12,46994.879118357465,True,-25.21
2022-03-30,126449.41,47459.261237539096,True,-26.45
2022-03-31,125394.6,47063.36584996355,True,-25.39
2022-04-01,121304.89,45528.40715313835,True,-21.3
2022-04-02,123281.3,46270.20070585378,True,-23.28
2022-04-03,122140.8,45842.14476317382,True,-22.14
2022-04-04,123719.23,46434.562982661664,True,-23.72
2022-04-05,124220.32,46622.63571309101,True,-24.22
2022-04-06,121590.1,45635.45438126673,True,-21.59
2022-04-07,115097.87,43198.77526936491,True,-15.1
2022-04-08,115940.81,43515.15032279806,True,-15.94
2022-04-09,112745.05,42315.70972421807,True,-12.75
2022-04-10,114025.78,42796.39747810973,True,-14.03
2022-04-11,112636.33,42274.907370256085,True,-12.64
2022-04-12,105519.93,39603.96515928416,True,-5.52
2022-04-13,107123.12,40205.67794073206,True,-7.12
2022-04-14,109786.14,41205.16871904067,True,-9.79
2022-04-15,106467.1,39959.457069033735,True,-6.47
2022-04-16,108138.04,40586.59730938673,True,-8.14
2022-04-17,107775.1,40450.37930543977,True,-7.78
2022-04-18,105880.03,39739.11925622209,True,-5.88
2022-04-19,108795.98,40833.5379650337,True,-8.8
2022-04-20,110566.68,41498.12244669832,True,-10.57
2022-04-21,110297.84,41397.220477279625,True,-10.3
2022-04-22,107983.35,40528.54148675958,True,-7.98
2022-04-23,105927.27,39756.848993471016,True,-5.93
2022-04-24,105407.54,39561.78019075613,True,-5.41
2022-04-25,105160.47,39469.04986198146,True,-5.16
2022-04-26,107877.67,40488.877917622376,True,-7.88
2022-04-27,101603.96,38134.21545068938,True,-1.6
2022-04-28,104544.73,39237.94931747103,True,-4.54
2022-04-29,105887.09,39741.76664580964,True,-5.89
2022-04-30,102979.67,38650.55013809267,True,-2.98
2022-05-01,100768.41,37820.61176529208,True,-0.77
2022-05-02,102678.88,38537.65476669535,True,-2.68
2022-05-03,102742.59,38561.56539902362,True,-2.74
2022-05-04,100602.91,37758.496107734,True,-0.6
2022-05-05,105773.21,39699.02404125388,True,-5.77
2022-05-06,97548.82,36612.22954880304,True,2.45
2022-05-07,96227.73,36116.394294982965,True,3.77
2022-05-08,94780.74,35573.31019883488,True,5.22
2022-05-09,90776.19,34070.31219757961,True,9.22
2022-05-10,80649.62,30269.58695662948,True,19.35
2022-05-11,82667.48,31026.93386836242,True,17.33
2022-05-12,77036.46,28913.48836365432,True,22.96
2022-05-13,77602.98,29126.11597686014,True,22.4
2022-05-14,78094.86,29310.728959858257,True,21.91
2022-05-15,80435.79,30189.333177005963,True,19.56
2022-05-16,83446.48,31319.30911113,True,16.55
2022-05-17,79727.8,29923.606993639707,True,20.27
2022-05-18,81269.37,30502.19328027689,True,18.73
2022-05-19,76660.02,28772.200501112577,True,23.34
2022-05-20,80950.21,30382.40624219559,True,19.05
2022-05-21,77951.21,29256.81337441625,True,22.05
2022-05-22,78576.52,29491.5079477606,True,21.42
2022-05-23,80866.67,30351.050417138096,True,19.13
2022-05-24,77701.7,29163.167775739188,True,22.3
2022-05-25,79012.2,29655.02613175249,True,20.99
2022-05-26,78825.49,29584.949851985926,True,21.17
2022-05-27,78190.92,29346.781442431617,True,21.81
2022-05-28,76325.51,28646.65218193245,True,23.67
2022-05-29,77502.06,29088.236452817226,True,22.5
2022-05-30,78579.18,29492.50321495364,True,21.42
2022-05-31,84569.86,31740.94072516695,True,15.43
2022-06-01,84902.4,31865.749621173167,True,15.1
2022-06-02,79487.59,29833.45033020525,True,20.51
2022-06-03,81212.94,30481.013996026013,True,18.79
2022-06-04,79169.71,29714.143487149733,True,20.83
2022-06-05,79591.26,29872.3603087139,True,20.41
2022-06-06,79712.23,29917.7640524562,True,20.29
2022-06-07,83588.42,31372.5847629755,True,16.41
2022-06-08,83303.03,31265.469277693348,True,16.7
2022-06-09,80542.11,30229.236836130374,True,19.46
2022-06-10,80200.94,30101.187521431468,True,19.8
2022-06-11,77536.86,29101.2982596468,True,22.46
2022-06-12,75599.45,28374.14499732395,True,24.4
2022-06-13,71318.12,26767.269173221317,True,28.68
2022-06-14,60017.16,22525.7683503912,True,39.98
2022-06-15,59268.69,22244.848968001315,True,40.73
2022-06-16,60026.3,22529.198114649807,True,39.97
2022-06-17,54376.47,20408.690490591813,True,45.62
2022-06-18,54547.95,20473.05288079512,True,45.45
2022-06-19,50749.52,19047.41782828195,True,49.25
2022-06-20,54663.48,20516.41197977524,True,45.34
2022-06-21,54984.13,20636.75891240637,True,45.02
2022-06-22,55155.09,20700.923933039136,True,44.84
2022-06-23,53243.77,19983.566482863105,True,46.76
2022-06-24,56219.1,21100.270533511088,True,43.78
2022-06-25,56651.91,21262.71348295613,True,43.35
2022-06-26,57353.08,21525.88036221139,True,42.65
2022-06-27,56092.63,21052.80539783573,True,43.91
2022-06-28,55289.78,20751.47753079077,True,44.71
2022-06-29,54040.36,20282.54247926969,True,45.96
2022-06-30,53576.72,20108.529472889782,True,46.42
2022-07-01,52244.18,19608.397493423083,True,47.76
2022-07-02,51708.78,19407.447430262477,True,48.29
2022-07-03,51337.84,19268.227002666128,True,48.66
2022-07-04,51449.76,19310.233218521837,True,48.55
2022-07-05,53972.34,20257.01232859288,True,46.03
2022-07-06,53790.54,20188.779663973284,True,46.21
2022-07-07,54797.43,20566.68722377,True,45.2
2022-07-08,57712.02,21660.596837075183,True,42.29
2022-07-09,58240.16,21858.818749217564,True,41.76
2022-07-10,57522.93,21589.628101459668,True,42.48
2022-07-11,55578.43,20859.81407965063,True,44.42
2022-07-12,53283.48,19998.46783957584,True,46.72
2022-07-13,51557.68,19350.73735007727,True,48.44
2022-07-14,53887.68,20225.23866433186,True,46.11
2022-07-15,54819.15,20574.84059150044,True,45.18
2022-07-16,55405.24,20794.811981436706,True,44.59
2022-07-17,56466.38,21193.08334336837,True,43.53
2022-07-18,55483.97,20824.36275165164,True,44.52
2022-07-19,59669.72,22395.365383103952,True,40.33
2022-07-20,62258.27,23366.90769792785,True,37.74
2022-07-21,62115.43,23313.296731959555,True,37.88
2022-07-22,61694.23,23155.207555248304,True,38.31
2022-07-23,60473.13,22696.90275429005,True,39.53
2022-07-24,59965.02,22506.199573628983,True,40.03
2022-07-25,60251.5,22613.71920824845,True,39.75
2022-07-26,56831.97,21330.295450788173,True,43.17
2022-07-27,56579.7,21235.61231608577,True,43.42
2022-07-28,61037.93,22908.884260468687,True,38.96
2022-07-29,63470.99,23822.06759782312,True,36.53
2022-07-30,63538.98,23847.58331873861,True,36.46
2022-07-31,63021.76,23653.4595494308,True,36.98
2022-08-01,62292.36,23379.70052509082,True,37.71
2022-08-02,62169.93,23333.749243312184,True,37.83
2022-08-03,61424.16,23053.84684748268,True,38.58
2022-08-04,60908.8,22860.42098438317,True,39.09
2022-08-05,60423.73,22678.363633874185,True,39.58
2022-08-06,61880.27,23225.036201942938,True,38.12
2022-08-07,61239.61,22984.57953144855,True,38.76
2022-08-08,61807.18,23197.603469525384,True,38.19
2022-08-09,63475.29,23823.67944245361,True,36.52
2022-08-10,61823.38,23203.680696781623,True,38.18
2022-08-11,63808.73,23948.829553271637,True,36.19
2022-08-12,63808.53,23948.75170368143,True,36.19
2022-08-13,65041.14,24411.37987152261,True,34.96
2022-08-14,65100.49,24433.653747243658,True,34.9
2022-08-15,64777.8,24312.54142489156,True,35.22
2022-08-16,64422.03,24179.0146523092,True,35.58
2022-08-17,63714.16,23913.333725628458,True,36.29
2022-08-18,62238.32,23359.418837070007,True,37.76
2022-08-19,61942.48,23248.38422819264,True,38.06
2022-08-20,55807.62,20945.8339660496,True,44.19
2022-08-21,56418.82,21175.232732989512,True,43.58
2022-08-22,57592.56,21615.761693416986,True,42.41
2022-08-23,56985.04,21387.747114773963,True,43.01
2022-08-24,57450.52,21562.45153991356,True,42.55
2022-08-25,57005.59,21395.45846975991,True,42.99
2022-08-26,57598.55,21618.009019176647,True,42.4
2022-08-27,54010.47,20271.322951706014,True,45.99
2022-08-28,53473.94,20069.9533315962,True,46.53
2022-08-29,52379.66,19659.24670619362,True,47.62
2022-08-30,54110.48,20308.861447891457,True,45.89
2022-08-31,52768.94,19805.35069885804,True,47.23
2022-09-01,53350.32,20023.55444491251,True,46.65
2022-09-02,53697.81,20153.975977982507,True,46.3
2022-09-03,53131.56,19941.45137004716,True,46.87
2022-09-04,52793.49,19814.5642451146,True,47.21
2022-09-05,53234.31,19980.01322224228,True,46.77
2022-09-06,52716.67,19785.73350185514,True,47.28
2022-09-07,50248.84,18859.50008768028,True,49.75
2022-09-08,51370.87,19280.62547645678,True,48.63
2022-09-09,51483.18,19322.77774937157,True,48.52
2022-09-10,56910.0,21359.58252557909,True,43.09
2022-09-11,57836.68,21707.38731931814,True,42.16
2022-09-12,57923.06,21739.80437979554,True,42.08
2022-09-13,59521.33,22339.67050262336,True,40.48
2022-09-14,53780.38,20184.96749189655,True,46.22
2022-09-15,53969.44,20255.922978327133,True,46.03
2022-09-16,52494.03,19702.16988981172,True,47.51
2022-09-17,52659.86,19764.411712043777,True,47.34
2022-09-18,53638.39,20131.675305714027,True,46.36
2022-09-19,51787.94,19437.157867982634,True,48.21
2022-09-20,52142.91,19570.386709523507,True,47.86
2022-09-21,50276.62,18869.92880939053,True,49.72
2022-09-22,49396.6,18539.63523831258,True,50.6
2022-09-23,51860.31,19464.322663348463,True,48.14
2022-09-24,51400.93,19291.904802452067,True,48.6
2022-09-25,50463.24,18939.97058049937,True,49.54
2022-09-26,50115.38,18809.41143933244,True,49.88
2022-09-27,51208.62,19219.727780656474,True,48.79
2022-09-28,50933.13,19116.33116071044,True,49.07
2022-09-29,51808.26,19444.78777136297,True,48.19
2022-09-30,52125.27,19563.765161776904,True,47.87
2022-10-01,51893.89,19476.92659600407,True,48.11
2022-10-02,51461.03,19314.463835217448,True,48.54
2022-10-03,50796.78,19065.153837148988,True,49.2
2022-10-04,52276.61,19620.567543591394,True,47.72
2022-10-05,54207.83,20345.398520106643,True,45.79
2022-10-06,53718.74,20161.830614985047,True,46.28
2022-10-07,53151.81,19949.051041418512,True,46.85
2022-10-08,51841.63,19457.308951251147,True,48.16
2022-10-09,51736.99,19418.037989243952,True,48.26
2022-10-10,51817.22,19448.14900175761,True,48.18
2022-10-11,51003.37,19142.69476739289,True,49.0
2022-10-12,50779.39,19058.628039738272,True,49.22
2022-10-13,51030.94,19153.039779986982,True,48.97
2022-10-14,51646.15,19383.9432200889,True,48.35
2022-10-15,51151.01,19198.107144951755,True,48.85
2022-10-16,50817.1,19072.780513358884,True,49.18
2022-10-17,51350.35,19272.92184777201,True,48.65
2022-10-18,52109.63,19557.895548868444,True,47.89
2022-10-19,51550.46,19348.02936881037,True,48.45
2022-10-20,50980.85,19134.242664465204,True,49.02
2022-10-21,50706.2,19031.15987195947,True,49.29
2022-10-22,51084.87,19173.28046885863,True,48.92
2022-10-23,51166.36,19203.86547117714,True,48.83
2022-10-24,52154.73,19574.8242318408,True,47.85
2022-10-25,51467.63,19316.94062294213,True,48.53
2022-10-26,53541.08,20095.152230674925,True,46.46
2022-10-27,55350.45,20774.247496426036,True,44.65
2022-10-28,54029.23,20278.36623205219,True,45.97
2022-10-29,54862.85,20591.24120809861,True,45.14
2022-10-30,55420.95,20800.70708772471,True,44.58
2022-10-31,54949.79,20623.871497040946,True,45.05
2022-11-01,54605.36,20494.60120983709,True,45.39
2022-11-02,54592.16,20489.646203160763,True,45.41
2022-11-03,53721.8,20162.980904822525,True,46.28
2022-11-04,53849.51,20210.91241711132,True,46.15
2022-11-05,56352.44,21150.3155839124,True,43.65
2022-11-06,56705.92,21282.98510942269,True,43.29
2022-11-07,55704.14,20906.99792695512,True,44.3
2022-11-08,54880.2,20597.755017060837,True,45.12
2022-11-09,49457.13,18562.353215089643,True,50.54
2022-11-10,41943.82,15742.444335961438,True,58.06
2022-11-11,46879.53,17594.923500278233,True,53.12
2022-11-12,45508.15,17080.215260565037,True,54.49
2022-11-13,44756.19,16797.98748257006,True,55.24
2022-11-14,43547.51,16344.342316001042,True,56.45
2022-11-15,44350.78,16645.828500283515,True,55.65
2022-11-16,45002.75,16890.52938386464,True,55.0
2022-11-17,44466.86,16689.39673273771,True,55.53
2022-11-18,44544.03,16718.361228055077,True,55.46
2022-11-19,44513.82,16707.022778986535,True,55.49
2022-11-20,44529.03,16712.729525794817,True,55.47
2022-11-21,43440.22,16304.07685562355,True,56.56
2022-11-22,42135.37,15814.335280855255,True,57.86
2022-11-23,43087.33,16171.628978315088,True,56.91
2022-11-24,44250.02,16608.00998544357,True,55.75
2022-11-25,44218.11,16596.03575847268,True,55.78
2022-11-26,44027.38,16524.449007720887,True,55.97
2022-11-27,43845.42,16456.156062496684,True,56.15
2022-11-28,43853.4,16459.149543755877,True,56.15
2022-11-29,43222.1,16222.210728731225,True,56.78
2022-11-30,43807.65,16441.979978419113,True,56.19
2022-12-01,45791.34,17186.502572066118,True,54.21
2022-12-02,45221.78,16972.73406077455,True,54.78
2022-12-03,45520.56,17084.87334047068,True,54.48
2022-12-04,45090.29,16923.38287008033,True,54.91
2022-12-05,45693.9,17149.93175096291,True,54.31
2022-12-06,45223.48,16973.372577553495,True,54.78
2022-12-07,45522.61,17085.64314125141,True,54.48
2022-12-08,44898.24,16851.30346863184,True,55.1
2022-12-09,45920.59,17235.014157992136,True,54.08
2022-12-10,45693.61,17149.824203925327,True,54.31
2022-12-11,45628.45,17125.364927688952,True,54.37
2022-12-12,45563.63,17101.038019732932,True,54.44
2022-12-13,45772.94,17179.596038203494,True,54.23
2022-12-14,47383.73,17784.162894053265,True,52.62
2022-12-15,47449.15,17808.71617265881,True,52.55
2022-12-16,46195.94,17338.358126632633,True,53.8
2022-12-17,44291.97,16623.75782614431,True,55.71
2022-12-18,44778.83,16806.48559206152,True,55.22
2022-12-19,44609.19,16742.816663834055,True,55.39
2022-12-20,43755.91,16422.562273279298,True,56.24
2022-12-21,45026.21,16899.331969046758,True,54.97
2022-12-22,44806.45,16816.85370118997,True,55.19
2022-12-23,44827.6,16824.790162441503,True,55.17
2022-12-24,44738.78,16791.45543916491,True,55.26
2022-12-25,44890.96,16848.568708323422,True,55.11
2022-12-26,44873.93,16842.177039905502,True,55.13
2022-12-27,45028.21,16900.081871938084,True,54.97
2022-12-28,44500.02,16701.840210667935,True,55.5
2022-12-29,44065.9,16538.906094001977,True,55.93
2022-12-30,44346.92,16644.379087037905,True,55.65
2022-12-31,44239.39,16604.020520373393,True,55.76
2023-01-01,44070.66,16540.693624776803,True,55.93
2023-01-02,44271.22,16615.969318012816,True,55.73
2023-01-03,44426.75,16674.342536301097,True,55.57
2023-01-04,44435.55,16677.646185850346,True,55.56
2023-01-05,44908.56,16855.1747387671,True,55.09
2023-01-06,44847.07,16832.098988497855,True,55.15
2023-01-07,45188.47,16960.23206247515,True,54.81
2023-01-08,45163.5,16950.861521853905,True,54.84
2023-01-09,45493.23,17074.61539572674,True,54.51
2023-01-10,45813.74,17194.90932945318,True,54.19
2023-01-11,46458.5,17436.90232978116,True,53.54
2023-01-12,47950.36,17996.832553741606,True,52.05
2023-01-13,50268.31,18866.810330617045,True,49.73
2023-01-14,53132.44,19941.780543296303,True,46.87
2023-01-15,56003.11,21019.20661402266,True,44.0
2023-01-16,55560.89,20853.230569490253,True,44.44
2023-01-17,56419.1,21175.33773662521,True,43.58
2023-01-18,56369.67,21156.78393116713,True,43.63
2023-01-19,55224.15,20726.844969426445,True,44.78
2023-01-20,56169.54,21081.67102220433,True,43.83
2023-01-21,60496.92,22705.83367889906,True,39.5
2023-01-22,60670.61,22771.023287021784,True,39.33
2023-01-23,60579.06,22736.66142892971,True,39.42
2023-01-24,61240.39,22984.87497643721,True,38.76
2023-01-25,60241.61,22610.01059827285,True,39.76
2023-01-26,61761.41,23180.422697874263,True,38.24
2023-01-27,61346.63,23024.74618081709,True,38.65
2023-01-28,61501.46,23082.858382122955,True,38.5
2023-01-29,61339.93,23022.23299135344,True,38.66
2023-01-30,63405.43,23797.46089488124,True,36.59
2023-01-31,60855.42,22840.385858797104,True,39.14
2023-02-01,61646.58,23137.323554088376,True,38.35
2023-02-02,63212.8,23725.16179614224,True,36.79
2023-02-03,62718.6,23539.676770196525,True,37.28
2023-02-04,62483.87,23451.577650774638,True,37.52
2023-02-05,62187.51,23340.34958553934,True,37.81
2023-02-06,61137.58,22946.286578591236,True,38.86
2023-02-07,60711.8,22786.483006387727,True,39.29
2023-02-08,62066.45,23294.9136483527,True,37.93
2023-02-09,61140.83,22947.50782856846,True,38.86
2023-02-10,58139.09,21820.88650809277,True,41.86
2023-02-11,57630.85,21630.132979576298,True,42.37
2023-02-12,58321.72,21889.432080049624,True,41.68
2023-02-13,58029.82,21779.87440384417,True,41.97
2023-02-14,58104.31,21807.834274723064,True,41.9
2023-02-15,59202.67,22220.070997481067,True,40.8
2023-02-16,64765.37,24307.8751016316,True,35.23
2023-02-17,63297.38,23756.907281577434,True,36.7
2023-02-18,65620.5,24628.82455217312,True,34.38
2023-02-19,65657.71,24642.79087073843,True,34.34
2023-02-20,64703.03,24284.478003714703,True,35.3
2023-02-21,66041.05,24786.665940845705,True,33.96
2023-02-22,65057.15,24417.38703630947,True,34.94
2023-02-23,64334.34,24146.101364545226,True,35.67
2023-02-24,63814.81,23951.11098423326,True,36.19
2023-02-25,61739.73,23172.286538018925,True,38.26
2023-02-26,61699.1,23157.038107459524,True,38.3
2023-02-27,62722.43,23541.11585449356,True,37.28
2023-02-28,62661.17,23518.12390627588,True,37.34
2023-03-01,61695.12,23155.543746825795,True,38.3
2023-03-02,62970.8,23634.333489123783,True,37.03
2023-03-03,62517.86,23464.33654185282,True,37.48
2023-03-04,59595.3,22367.43302246967,True,40.4
2023-03-05,59544.4,22348.32991538815,True,40.46
2023-03-06,59740.38,22421.885805853268,True,40.26
2023-03-07,59722.34,22415.113659694827,True,40.28
2023-03-08,59195.04,22217.209884905325,True,40.8
2023-03-09,57850.71,21712.65119391273,True,42.15
2023-03-10,54290.22,20376.320007428807,True,45.71
2023-03-11,53807.72,20195.2289502733,True,46.19
2023-03-12,54677.18,20521.55615175117,True,45.32
2023-03-13,58871.33,22095.71339833569,True,41.13
2023-03-14,64421.88,24178.95532797469,True,35.58
2023-03-15,65966.71,24758.765085827567,True,34.03
2023-03-16,65199.68,24470.88205445031,True,34.8
2023-03-17,67039.14,25161.27201752005,True,32.96
2023-03-18,73181.61,27466.677829829863,True,26.82
2023-03-19,72225.4,27107.792183504385,True,27.77
2023-03-20,75100.4,28186.842652360127,True,24.9
2023-03-21,74413.86,27929.167733140293,True,25.59
2023-03-22,75306.62,28264.23961052235,True,24.69
2023-03-23,73135.19,27449.25483080736,True,26.86
2023-03-24,75827.49,28459.735113552502,True,24.17
2023-03-25,73524.83,27595.4947483755,True,26.48
2023-03-26,73723.87,27670.199498496837,True,26.28
2023-03-27,74731.73,28048.46997853496,True,25.27
2023-03-28,72423.92,27182.299559950465,True,27.58
2023-03-29,72714.47,27291.3500210497,True,27.29
2023-03-30,75655.01,28394.997780199057,True,24.34
2023-03-31,74712.15,28041.123080088284,True,25.29
2023-04-01,75979.49,28516.78472968864,True,24.02
2023-04-02,75931.96,28498.94463304862,True,24.07
2023-04-03,75232.73,28236.508738939792,True,24.77
2023-04-04,74110.81,27815.42653124798,True,25.89
2023-04-05,75069.73,28175.33033421539,True,24.93
2023-04-06,75128.0,28197.20034124555,True,24.87
2023-04-07,74717.11,28042.9833864884,True,25.28
2023-04-08,74427.9,27934.43871284895,True,25.57
2023-04-09,74517.66,27968.12804705512,True,25.48
2023-04-10,75538.41,28351.23699385011,True,24.46
2023-04-11,79020.05,29657.97413687356,True,20.98
2023-04-12,80626.57,30260.93610940865,True,19.37
2023-04-13,79675.93,29904.138694718906,True,20.32
2023-04-14,81010.49,30405.027312781145,True,18.99
2023-04-15,81179.36,30468.40870059078,True,18.82
2023-04-16,80763.06,30312.16187965924,True,19.24
2023-04-17,80743.46,30304.807514785844,True,19.26
2023-04-18,78512.45,29467.459829260344,True,21.49
2023-04-19,80906.25,30365.90416754141,True,19.09
2023-04-20,76822.59,28833.217501221105,True,23.18
2023-04-21,75283.54,28255.57824866478,True,24.72
2023-04-22,72737.94,27300.15712851557,True,27.26
2023-04-23,74233.94,27861.640663476548,True,25.77
2023-04-24,73554.36,27606.578347653143,True,26.45
2023-04-25,73301.4,27511.635682161308,True,26.7
2023-04-26,75538.36,28351.218248373007,True,24.46
2023-04-27,75540.95,28352.19132059668,True,24.46
2023-04-28,78555.25,29483.52170499186,True,21.44
2023-04-29,78172.84,29339.99499754935,True,21.83
2023-04-30,77847.65,29217.944046809916,True,22.15
2023-05-01,78231.62,29362.056213625398,True,21.77
2023-05-02,74936.97,28125.501155636823,True,25.06
2023-05-03,76346.13,28654.39013332672,True,23.65
2023-05-04,77235.84,28988.320996249277,True,22.76
2023-05-05,76857.88,28846.461458608057,True,23.14
2023-05-06,78653.3,29520.322268970496,True,21.35
2023-05-07,76967.86,28887.74104552337,True,23.03
2023-05-08,76231.69,28611.43919761457,True,23.77
2023-05-09,73794.64,27696.76078562556,True,26.21
2023-05-10,73556.53,27607.39168091902,True,26.44
2023-05-11,73642.7,27639.73356593586,True,26.36
2023-05-12,72004.19,27024.76572929978,True,28.0
2023-05-13,71372.53,26787.69039591833,True,28.63
2023-05-14,71400.34,26798.126271474703,True,28.6
2023-05-15,71703.22,26911.805273213893,True,28.3
2023-05-16,72545.13,27227.793422558792,True,27.45
2023-05-17,71998.72,27022.713173921147,True,28.0
2023-05-18,72977.24,27389.971511442203,True,27.02
2023-05-19,71519.77,26842.95249471792,True,28.48
2023-05-20,71630.13,26884.371059589947,True,28.37
2023-05-21,72188.1,27093.79110149735,True,27.81
2023-05-22,71335.6,26773.83024366478,True,28.66
2023-05-23,71591.0,26869.686021790774,True,28.41
2023-05-24,72532.2,27222.937746603853,True,27.47
2023-05-25,70176.92,26338.948946998687,True,29.82
2023-05-26,70541.03,26475.607902534277,True,29.46
2023-05-27,71186.82,26717.987553571777,True,28.81
2023-05-28,71533.86,26848.23993959246,True,28.47
2023-05-29,74896.5,28110.313467609285,True,25.1
2023-05-30,73962.46,27759.74666392068,True,26.04
2023-05-31,73840.33,27713.908547529507,True,26.16
2023-06-01,72592.24,27245.474465179723,True,27.41
2023-06-02,71469.55,26824.10149951678,True,28.53
2023-06-03,72598.28,27247.74008145703,True,27.4
2023-06-04,72115.04,27066.371328526235,True,27.88
2023-06-05,72778.68,27315.447587487684,True,27.22
2023-06-06,68721.28,25792.6160902334,True,31.28
2023-06-07,72515.35,27216.61556469773,True,27.48
2023-06-08,70196.35,26346.244545137637,True,29.8
2023-06-09,70627.09,26507.90989220298,True,29.37
2023-06-10,70524.97,26469.581684007026,True,29.48
2023-06-11,68895.81,25858.12289218562,True,31.1
2023-06-12,69051.56,25916.57989637981,True,30.95
2023-06-13,69035.0,25910.362742919464,True,30.97
2023-06-14,68933.34,25872.20645879509,True,31.07
2023-06-15,66896.55,25107.754695880594,True,33.1
2023-06-16,68113.76,25564.599632887144,True,31.89
2023-06-17,70145.95,26327.3256694539,True,29.85
2023-06-18,70608.8,26501.044442233677,True,29.39
2023-06-19,70161.31,26333.092529664373,True,29.84
2023-06-20,71350.41,26779.38746152284,True,28.65
2023-06-21,75484.2,28330.891419807507,True,24.52
2023-06-22,80202.48,30101.76481948869,True,19.8
2023-06-23,79759.84,29935.63210674956,True,20.24
2023-06-24,81607.88,30629.24435333575,True,18.39
2023-06-25,81364.29,30537.816664634796,True,18.64
2023-06-26,81142.98,30454.75697441562,True,18.86
2023-06-27,80692.03,30285.50506407074,True,19.31
2023-06-28,81779.21,30693.54635606798,True,18.22
2023-06-29,80153.75,30083.477245263824,True,19.85
2023-06-30,81174.57,30466.61045689353,True,18.83
2023-07-01,81212.32,30480.781481944465,True,18.79
2023-07-02,81486.32,30583.619599697537,True,18.51
2023-07-03,81455.06,30571.887072871446,True,18.54
2023-07-04,82954.64,31134.713133508405,True,17.05
2023-07-05,81997.89,30775.624022375305,True,18.0
2023-07-06,81223.01,30484.79377442352,True,18.78
2023-07-07,79904.84,29990.055151220247,True,20.1
2023-07-08,80771.33,30315.26540235163,True,19.23
2023-07-09,80635.26,30264.19734525722,True,19.36
2023-07-10,80383.94,30169.87065747925,True,19.62
2023-07-11,80981.85,30394.28114637557,True,19.02
2023-07-12,81585.42,30620.81424697801,True,18.41
2023-07-13,81016.85,30407.41631435991,True,18.98
2023-07-14,83784.07,31446.0149710716,True,16.22
2023-07-15,80762.17,30311.82780813052,True,19.24
2023-07-16,80725.25,30297.97140012553,True,19.27
2023-07-17,80563.69,30237.334785146097,True,19.44
2023-07-18,80325.29,30147.860079211525,True,19.67
2023-07-19,79526.44,29848.03227250528,True,20.47
2023-07-20,79717.86,29919.87483825516,True,20.28
2023-07-21,79363.94,29787.041530355687,True,20.64
2023-07-22,79704.02,29914.68272835899,True,20.3
2023-07-23,79159.09,29710.155935991766,True,20.84
2023-07-24,80085.76,30057.956718714588,True,19.91
2023-07-25,77759.61,29184.901913057693,True,22.24
2023-07-26,77861.05,29222.974630383527,True,22.14
2023-07-27,78235.92,29363.672907978616,True,21.76
2023-07-28,77800.49,29200.244001291318,True,22.2
2023-07-29,78103.84,29314.09738709836,True,21.9
2023-07-30,78217.47,29356.74774591667,True,21.78
2023-07-31,78007.01,29277.75581027272,True,21.99
2023-08-01,77888.12,29233.13636558044,True,22.11
2023-08-02,78698.02,29537.109746927432,True,21.3
2023-08-03,77657.66,29146.63627084363,True,22.34
2023-08-04,77736.29,29176.15059658541,True,22.26
2023-08-05,77501.26,29087.938086007627,True,22.5
2023-08-06,77391.66,29046.8004570232,True,22.61
2023-08-07,77384.74,29044.20437557756,True,22.62
2023-08-08,77741.61,29178.147751873083,True,22.26
2023-08-09,79344.01,29779.56167125089,True,20.66
2023-08-10,78826.92,29585.48807737921,True,21.17
2023-08-11,78396.18,29423.81891597763,True,21.6
2023-08-12,78324.31,29396.8479714205,True,21.68
2023-08-13,78365.06,29412.142274584105,True,21.63
2023-08-14,78026.23,29284.96971374381,True,21.97
2023-08-15,78334.28,29400.58680419105,True,21.67
2023-08-16,77721.21,29170.490397060614,True,22.28
2023-08-17,76612.05,28754.197021112574,True,23.39
2023-08-18,70610.25,26501.58726991974,True,29.39
2023-08-19,69387.96,26042.838256849,True,30.61
2023-08-20,69553.0,26104.778630797897,True,30.45
2023-08-21,69701.99,26160.70041981821,True,30.3
2023-08-22,69590.9,26119.005958595222,True,30.41
2023-08-23,69363.55,26033.675406585844,True,30.64
2023-08-24,70472.82,26450.00862461353,True,29.53
2023-08-25,69633.34,26134.934254516003,True,30.37
2023-08-26,69391.16,26044.036209289134,True,30.61
2023-08-27,69279.2,26002.01571731937,True,30.72
2023-08-28,69494.22,26082.717178218525,True,30.51
2023-08-29,69564.96,26109.2698239287,True,30.44
2023-08-30,73884.54,27730.50373550554,True,26.12
2023-08-31,72730.22,27297.261438480404,True,27.27
2023-09-01,69080.44,25927.417005779287,True,30.92
2023-09-02,68773.8,25812.33049442542,True,31.23
2023-09-03,68883.91,25853.65684277757,True,31.12
2023-09-04,69166.18,25959.59631146345,True,30.83
2023-09-05,68819.19,25829.364772941324,True,31.18
2023-09-06,68699.42,25784.41351983038,True,31.3
2023-09-07,68615.62,25752.958418589413,True,31.38
2023-09-08,69786.28,26192.333433090567,True,30.21
2023-09-09,69026.65,25907.22813724973,True,30.97
2023-09-10,68978.95,25889.3250094629,True,31.02
2023-09-11,68833.09,25834.580098562918,True,31.17
2023-09-12,66964.62,25133.303106566527,True,33.04
2023-09-13,68918.95,25866.806663158084,True,31.08
2023-09-14,69869.15,26223.436075660946,True,30.13
2023-09-15,70689.67,26531.39556626326,True,29.31
2023-09-16,70964.72,26634.631025000588,True,29.04
2023-09-17,70759.93,26557.768691994646,True,29.24
2023-09-18,70661.94,26520.98825478389,True,29.34
2023-09-19,71249.36,26741.461110948952,True,28.75
2023-09-20,72522.5,27219.296874634216,True,27.48
2023-09-21,72246.86,27115.846446970816,True,27.75
2023-09-22,70768.9,26561.13345419872,True,29.23
2023-09-23,70797.95,26572.0381115526,True,29.2
2023-09-24,70802.98,26573.9234797301,True,29.2
2023-09-25,69938.76,26249.562897845204,True,30.06
2023-09-26,70069.5,26298.634678281232,True,29.93
2023-09-27,69819.38,26204.75759083597,True,30.18
2023-09-28,70206.75,26350.146895428057,True,29.79
2023-09-29,71962.22,27009.01375072488,True,28.04
2023-09-30,71717.59,26917.199101637976,True,28.28
2023-10-01,71857.94,26969.876144072576,True,28.14
2023-10-02,74516.02,27967.510579087117,True,25.48
2023-10-03,73576.97,27615.06488509527,True,26.42
2023-10-04,73108.19,27439.12194670512,True,26.89
2023-10-05,74048.69,27792.1112772493,True,25.95
2023-10-06,73099.54,27435.874615135104,True,26.9
2023-10-07,74491.2,27958.196437350485,True,25.51
2023-10-08,74542.75,27977.543490700005,True,25.46
2023-10-09,74464.31,27948.10365174851,True,25.54
2023-10-10,73520.27,27593.782534439662,True,26.48
2023-10-11,72983.3,27392.247702732497,True,27.02
2023-10-12,71517.74,26842.1904390924,True,28.48
2023-10-13,71216.52,26729.137205815103,True,28.78
2023-10-14,71514.93,26841.136220644406,True,28.49
2023-10-15,71573.67,26863.18356907992,True,28.43
2023-10-16,72338.65,27150.29700140705,True,27.66
2023-10-17,75970.24,28513.30993247735,True,24.03
2023-10-18,75715.55,28417.72175169982,True,24.28
2023-10-19,75477.15,28328.245198134824,True,24.52
2023-10-20,76509.61,28715.748142407952,True,23.49
2023-10-21,79071.79,29677.392888476206,True,20.93
2023-10-22,79718.39,29920.07449265145,True,20.28
2023-10-23,79982.98,30019.38050086351,True,20.02
2023-10-24,87799.95,32953.262760830985,True,12.2
2023-10-25,90180.47,33846.72425733224,True,9.82
2023-10-26,91846.4,34471.986031672015,True,8.15
2023-10-27,91053.66,34174.451552912586,True,8.95
2023-10-28,90320.0,33899.09305644032,True,9.68
2023-10-29,90835.66,34092.630932838576,True,9.16
2023-10-30,92070.89,34556.242814761616,True,7.93
2023-10-31,91917.59,34498.70391946407,True,8.08
2023-11-01,92380.08,34672.2892841885,True,7.62
2023-11-02,94472.06,35457.45491210553,True,5.53
2023-11-03,93050.88,34924.05545044328,True,6.95
2023-11-04,92537.53,34731.38136896784,True,7.46
2023-11-05,93382.21,35048.407834901074,True,6.62
2023-11-06,93418.23,35061.92874919579,True,6.58
2023-11-07,93336.54,35031.26888208706,True,6.66
2023-11-08,94416.33,35436.53762957962,True,5.58
2023-11-09,95371.62,35795.0806307102,True,4.63
2023-11-10,97964.97,36768.42081912672,True,2.04
2023-11-11,99499.19,37344.249000720345,True,0.5
2023-11-12,98908.97,37122.72282430656,True,1.09
2023-11-13,98762.36,37067.69698212008,True,1.24
2023-11-14,97380.78,36549.16204829837,True,2.62
2023-11-15,94705.85,35545.201433454065,True,5.29
2023-11-16,100989.68,37903.66245166294,True,-0.99
2023-11-17,96454.52,36201.51611146142,True,3.55
2023-11-18,97323.76,36527.76022530742,True,2.68
2023-11-19,97469.26,36582.36844192274,True,2.53
2023-11-20,99685.02,37413.99460790531,True,0.31
2023-11-21,99885.66,37489.298470802016,True,0.11
2023-11-22,95825.31,35965.36036068078,True,4.17
2023-11-23,99820.48,37464.83293220907,True,0.18
2023-11-24,99363.49,37293.316127426726,True,0.64
2023-11-25,100550.78,37738.93169747125,True,-0.55
2023-11-26,100739.74,37809.85286625321,True,-0.74
2023-11-27,99892.43,37491.838186008135,True,0.11
2023-11-28,99248.53,37250.16905148115,True,0.75
2023-11-29,100719.45,37802.23604377473,True,-0.72
2023-11-30,100741.05,37810.34641654128,True,-0.74
2023-12-01,100478.54,37711.81837585267,True,-0.48
2023-12-02,103080.14,38688.25874179069,True,-3.08
2023-12-03,105194.08,39481.666416062864,True,-5.19
2023-12-04,106469.28,39960.27542041052,True,-6.47
2023-12-05,111835.49,41974.331772543344,True,-11.84
2023-12-06,117514.91,44105.94477259938,True,-17.51
2023-12-07,116668.55,43788.28880825234,True,-16.67
2023-12-08,115287.95,43270.11955970747,True,-15.29
2023-12-09,117771.3,44202.17610943621,True,-17.77
2023-12-10,116554.53,43745.49199189547,True,-16.55
2023-12-11,116587.74,43757.959937619176,True,-16.59
2023-12-12,109774.94,41200.96272610168,True,-9.77
2023-12-13,110440.65,41450.81938737744,True,-10.44
2023-12-14,114386.44,42931.76182603245,True,-14.39
2023-12-15,114593.82,43009.5954563739,True,-14.59
2023-12-16,111882.6,41992.01418722399,True,-11.88
2023-12-17,112562.16,42247.06788172229,True,-12.56
2023-12-18,110334.08,41410.819634575855,True,-10.33
2023-12-19,113726.8,42684.182554683386,True,-13.73
2023-12-20,112570.52,42250.20618279751,True,-12.57
2023-12-21,116257.8,43634.1241684964,True,-16.26
2023-12-22,116832.17,43849.69959939619,True,-16.83
2023-12-23,117242.48,44003.6960216438,True,-17.24
2023-12-24,116571.95,43752.03088478376,True,-16.57
2023-12-25,114661.43,43034.97106309152,True,-14.66
2023-12-26,116268.76,43638.23630220092,True,-16.27
2023-12-27,113279.83,42516.42694028252,True,-13.28
2023-12-28,115683.21,43418.46777504291,True,-15.68
2023-12-29,113504.24,42600.65063315619,True,-13.5
2023-12-30,112102.92,42074.70715618848,True,-12.1
2023-12-31,112491.67,42220.61140121376,True,-12.49
2024-01-01,112458.6,42208.20217618648,True,-12.46
2024-01-02,117682.06,44168.68118687473,True,-17.68
2024-01-03,119882.82,44994.67388689237,True,-19.88
2024-01-04,114092.82,42821.558989158,True,-14.09
2024-01-05,117753.73,44195.57856209971,True,-17.75
2024-01-06,117535.57,44113.69973389081,True,-17.54
2024-01-07,117115.72,43956.12071720152,True,-17.12
2024-01-08,116922.88,43883.74387905174,True,-16.92
2024-01-09,125055.74,46936.18556121751,True,-25.06
2024-01-10,122843.67,46105.94607828697,True,-22.84
2024-01-11,124246.11,46632.31314804979,True,-24.25
2024-01-12,123398.95,46314.35554160269,True,-23.4
2024-01-13,114285.64,42893.92960550481,True,-14.29
2024-01-14,114164.53,42848.47451640749,True,-14.16
2024-01-15,111373.48,41800.93282193406,True,-11.37
2024-01-16,113468.76,42587.336038354406,True,-13.47
2024-01-17,114962.59,43148.00164342693,True,-14.96
2024-01-18,113805.87,42713.859186938986,True,-13.81
2024-01-19,109935.95,41261.39479801012,True,-9.94
2024-01-20,110840.63,41600.94093254464,True,-10.84
2024-01-21,110907.68,41626.10711003664,True,-10.91
2024-01-22,110683.32,41541.89945706261,True,-10.68
2024-01-23,105255.53,39504.73005758438,True,-5.26
2024-01-24,106131.38,39833.45410501688,True,-6.13
2024-01-25,106904.63,40123.67105847147,True,-6.9
2024-01-26,106410.69,39938.28644155878,True,-6.41
2024-01-27,111538.68,41862.9356109399,True,-11.54
2024-01-28,112222.56,42119.61049464309,True,-12.22
2024-01-29,111974.69,42026.57856232145,True,-11.97
2024-01-30,115281.27,43267.60927638767,True,-15.28
2024-01-31,114280.59,42892.03453014447,True,-14.28
2024-02-01,113457.91,42583.26354663417,True,-13.46
2024-02-02,114752.21,43069.0434209368,True,-14.75
2024-02-03,115022.95,43170.65856159975,True,-15.02
2024-02-04,114506.57,42976.84829990829,True,-14.51
2024-02-05,113500.8,42599.35997055978,True,-13.5
2024-02-06,113631.61,42648.45692113544,True,-13.63
2024-02-07,114802.15,43087.78740814285,True,-14.8
2024-02-08,117891.84,44247.415415479314,True,-17.89
2024-02-09,120798.29,45338.27118978949,True,-20.8
2024-02-10,125607.42,47143.24299107112,True,-25.61
2024-02-11,127274.66,47768.995251247936,True,-27.27
2024-02-12,128396.06,48189.88179303987,True,-28.4
2024-02-13,133352.48,50050.13609456397,True,-33.35
2024-02-14,132505.23,49732.14536955351,True,-32.51
2024-02-15,137988.59,51790.16929752642,True,-37.99
2024-02-16,138436.36,51958.23029105492,True,-38.44
2024-02-17,138991.1,52166.43430976192,True,-38.99
2024-02-18,137707.09,51684.51749264525,True,-37.71
2024-02-19,138916.63,52138.48578873693,True,-38.92
2024-02-20,137919.7,51764.313185487765,True,-37.92
2024-02-21,139311.78,52286.79372554667,True,-39.31
2024-02-22,138128.7,51842.75676625642,True,-38.13
2024-02-23,136734.55,51319.500125702674,True,-36.73
2024-02-24,135459.86,50841.081094770896,True,-35.46
2024-02-25,137356.94,51553.096712831146,True,-37.36
2024-02-26,137886.58,51751.88405493456,True,-37.89
2024-02-27,145150.49,54478.19108312296,True,-45.15
2024-02-28,151878.94,57003.52673730811,True,-51.88
2024-02-29,166679.71,62558.58202419311,True,-66.68
2024-03-01,163321.62,61298.21686110162,True,-63.32
2024-03-02,166328.17,62426.64052919186,True,-66.33
2024-03-03,165372.26,62067.86680212177,True,-65.37
2024-03-04,167997.31,63053.10543906421,True,-68.0
2024-03-05,181675.0,68186.64593432152,True,-81.67
2024-03-06,171296.95,64291.536557569496,True,-71.3
2024-03-07,176237.73,66145.91927850846,True,-76.24
2024-03-08,178366.45,66944.87639053575,True,-78.37
2024-03-09,182017.65,68315.25192078314,True,-82.02
2024-03-10,182531.22,68508.0039626159,True,-82.53
2024-03-11,184043.69,69075.66688195744,True,-84.04
2024-03-12,192183.06,72130.55300765681,True,-92.18
2024-03-13,190415.56,71467.17350326062,True,-90.42
2024-03-14,194760.08,73097.76702694128,True,-94.76
2024-03-15,190289.96,71420.03180142345,True,-90.29
2024-03-16,185168.31,69497.7631929463,True,-85.17
2024-03-17,173963.4,65292.31329331289,True,-73.96
2024-03-18,182311.17,68425.41565643054,True,-82.31
2024-03-19,180402.22,67708.94360930806,True,-80.4
2024-03-20,165544.51,62132.51737873437,True,-65.54
2024-03-21,180695.6,67819.05570684028,True,-80.7
2024-03-22,174612.62,65535.97844847657,True,-74.61
2024-03-23,169212.1,63509.04496523133,True,-69.21
2024-03-24,171281.68,64285.80279102199,True,-71.28
2024-03-25,179341.9,67310.98326810106,True,-79.34
2024-03-26,186343.79,69938.94530200244,True,-86.34
2024-03-27,186725.07,70082.05122475982,True,-86.73
2024-03-28,185003.08,69435.75040305211,True,-85.0
2024-03-29,188398.69,70710.19534863312,True,-88.4
2024-03-30,186290.79,69919.05546148612,True,-86.29
2024-03-31,185713.3,69702.3087473573,True,-85.71
2024-04-01,189828.81,71246.95144060145,True,-89.83
2024-04-02,185936.08,69785.92503802372,True,-85.94
2024-04-03,174358.01,65440.41922587159,True,-74.36
2024-04-04,176179.17,66123.938539074,True,-76.18
2024-04-05,182622.27,68542.17715279506,True,-82.62
2024-04-06,181120.71,67978.61023408506,True,-81.12
2024-04-07,183843.81,69000.6499164776,True,-83.84
2024-04-08,184913.09,69401.97360911008,True,-84.91
2024-04-09,190833.9,71624.18486236996,True,-90.83
2024-04-10,184264.77,69158.64381207665,True,-84.26
2024-04-11,187912.96,70527.88997578963,True,-87.91
2024-04-12,186790.65,70106.66413070948,True,-86.79
2024-04-13,179185.03,67252.10504226631,True,-79.19
2024-04-14,171598.8,64404.82548907413,True,-71.6
2024-04-15,175189.94,65752.66004728881,True,-75.19
2024-04-16,169003.02,63430.5714573684,True,-69.0
2024-04-17,169775.5,63720.501587480736,True,-69.78
2024-04-18,163403.37,61328.89798860725,True,-63.4
2024-04-19,169085.67,63461.59269510717,True,-69.09
2024-04-20,170490.4,63988.818471785664,True,-70.49
2024-04-21,172903.26,64894.41869109179,True,-72.9
2024-04-22,173015.17,64936.4207567739,True,-73.02
2024-04-23,178091.47,66841.66685207361,True,-78.09
2024-04-24,176933.22,66406.95244392671,True,-76.93
2024-04-25,171264.93,64279.51812857524,True,-71.26
2024-04-26,171815.57,64486.183359158975,True,-71.82
2024-04-27,169993.52,63802.330049258766,True,-69.99
2024-04-28,169233.96,63517.248743409626,True,-69.23
2024-04-29,167936.9,63030.433616681854,True,-67.94
2024-04-30,169981.13,63797.67963589958,True,-69.98
2024-05-01,161859.56,60749.47209216387,True,-61.86
2024-05-02,155326.77,58297.57407532549,True,-55.33
2024-05-03,157558.45,59135.1733607733,True,-57.56
2024-05-04,167427.76,62839.34073569376,True,-67.43
2024-05-05,170041.81,63820.451902924986,True,-70.04
2024-05-06,170546.86,64010.00865210892,True,-70.55
2024-05-07,168315.37,63172.48129551341,True,-68.32
2024-05-08,166158.76,62363.057191718624,True,-66.16
2024-05-09,163101.24,61215.50400879193,True,-63.1
2024-05-10,168251.74,63148.59994309703,True,-68.25
2024-05-11,162229.22,60888.21674957157,True,-62.23
2024-05-12,161932.83,60776.97207917213,True,-61.93
2024-05-13,163878.04,61507.05400412135,True,-63.88
2024-05-14,167532.85,62878.783300729294,True,-67.53
2024-05-15,164043.39,61569.1130057734,True,-64.04
2024-05-16,176436.49,66220.51831432826,True,-76.44
2024-05-17,173879.65,65260.879803346186,True,-73.88
2024-05-18,178654.86,67053.12326509564,True,-78.65
2024-05-19,178280.51,66912.61861403697,True,-78.28
2024-05-20,176522.27,66252.71259591613,True,-76.52
2024-05-21,190317.31,71430.29700215145,True,-90.32
2024-05-22,187012.25,70189.8358177002,True,-87.01
2024-05-23,184324.87,69181.20085677762,True,-84.32
2024-05-24,180928.49,67906.46534276106,True,-80.93
2024-05-25,182616.24,68539.91646552991,True,-82.62
2024-05-26,184557.32,69268.44558973772,True,-84.56
2024-05-27,182533.42,68508.83110875699,True,-82.53
2024-05-28,184820.54,69367.23871755725,True,-84.82
2024-05-29,182021.34,68316.63588049631,True,-82.02
2024-05-30,180051.38,67577.26558995963,True,-80.05
2024-05-31,182170.16,68372.49288434093,True,-82.17
2024-06-01,179778.78,67474.95483698409,True,-79.78
2024-06-02,180389.92,67704.32641811523,True,-80.39
2024-06-03,180485.01,67740.01690222476,True,-80.49
2024-06-04,183331.3,68808.29368590549,True,-83.33
2024-06-05,188105.11,70600.01116676089,True,-88.11
2024-06-06,189662.68,71184.59943059199,True,-89.66
2024-06-07,188530.29,70759.58819301432,True,-88.53
2024-06-08,184708.97,69325.36238847222,True,-84.71
2024-06-09,184681.64,69315.1041233966,True,-84.68
2024-06-10,185585.01,69654.16073760358,True,-85.59
2024-06-11,185156.09,69493.17760915738,True,-85.16
2024-06-12,179390.31,67329.15232724321,True,-79.39
2024-06-13,181775.91,68224.51967501991,True,-81.78
2024-06-14,177714.86,66700.31696564378,True,-77.71
2024-06-15,175878.46,66011.07873713733,True,-75.88
2024-06-16,176356.48,66190.4874891135,True,-76.36
2024-06-17,177488.97,66615.53782131766,True,-77.49
2024-06-18,177075.6,66460.38897909952,True,-77.08
2024-06-19,173475.82,65109.31481219048,True,-73.48
2024-06-20,172936.98,64907.07460760319,True,-72.94
2024-06-21,172770.72,64844.67441797763,True,-72.77
2024-06-22,170711.02,64071.624284709695,True,-70.71
2024-06-23,171159.38,64239.90348813148,True,-71.16
2024-06-24,168445.59,63221.35738437477,True,-68.45
2024-06-25,160830.47,60363.23497529626,True,-60.83
2024-06-26,164579.73,61770.41387009536,True,-64.58
2024-06-27,161860.69,60749.89619402014,True,-61.86
2024-06-28,164026.16,61562.64532550036,True,-64.03
2024-06-29,160707.54,60317.09697945116,True,-60.71
2024-06-30,162165.88,60864.44316193428,True,-62.17
2024-07-01,167148.14,62734.39383945474,True,-67.15
2024-07-02,167375.75,62819.82226921849,True,-67.38
2024-07-03,165304.84,62042.5650371006,True,-65.3
2024-07-04,160514.6,60244.68076433092,True,-60.51
2024-07-05,152373.58,57189.17412408636,True,-52.37
2024-07-06,151176.44,56739.86285107204,True,-51.18
2024-07-07,155148.02,58230.4841542266,True,-55.15
2024-07-08,148886.44,55880.3753776708,True,-48.89
2024-07-09,150977.35,56665.14073352028,True,-50.98
2024-07-10,154502.76,57988.30351208401,True,-54.5
2024-07-11,153745.81,57704.20228446288,True,-53.75
2024-07-12,152903.84,57388.19247916668,True,-52.9
2024-07-13,154265.59,57899.28895749592,True,-54.27
2024-07-14,157605.2,59152.71913887286,True,-57.61
2024-07-15,162373.4,60942.32773996293,True,-62.37
2024-07-16,172746.25,64835.48973321571,True,-72.75
2024-07-17,173616.83,65162.23625234354,True,-73.62
2024-07-18,170883.38,64136.31384360687,True,-70.88
2024-07-19,170412.47,63959.56900809379,True,-70.41
2024-07-20,177686.17,66689.54880734957,True,-77.69
2024-07-21,179062.36,67206.06470614894,True,-79.06
2024-07-22,181412.54,68088.13996324532,True,-81.41
2024-07-23,180132.5,67607.71339918874,True,-80.13
2024-07-24,175695.52,65942.41746522837,True,-75.7
2024-07-25,174259.74,65403.53513022529,True,-74.26
2024-07-26,175182.76,65749.96361965332,True,-75.18
2024-07-27,180965.34,67920.2964857025,True,-80.97
2024-07-28,181325.33,68055.40838968738,True,-81.33
2024-07-29,181823.14,68242.2474440493,True,-81.82
2024-07-30,177901.37,66770.32091848266,True,-77.9
2024-07-31,176432.58,66219.05102486102,True,-76.43
2024-08-01,172331.38,64679.77864703252,True,-72.33
2024-08-02,174137.16,65357.52960767435,True,-74.14
2024-08-03,163612.25,61407.29547397454,True,-63.61
2024-08-04,161830.97,60738.7449250574,True,-61.83
2024-08-05,154550.46,58006.206586686734,True,-54.55
2024-08-06,143759.88,53956.26184159744,True,-43.76
2024-08-07,149098.17,55959.84107399357,True,-49.1
2024-08-08,146807.1,55099.95181146735,True,-46.81
2024-08-09,164815.84,61859.03159904161,True,-64.82
2024-08-10,162294.16,60912.588533350805,True,-62.29
2024-08-11,162227.87,60887.70861641504,True,-62.23
2024-08-12,156676.71,58804.23449992608,True,-56.68
2024-08-13,158131.03,59350.07433270696,True,-58.13
2024-08-14,161464.56,60601.22317789727,True,-61.46
2024-08-15,156503.41,58739.19382231015,True,-56.5
2024-08-16,153532.43,57624.11692852191,True,-53.53
2024-08-17,156883.71,58881.92579151217,True,-56.88
2024-08-18,158346.09,59430.79163445865,True,-58.35
2024-08-19,155701.7,58438.29374268541,True,-55.7
2024-08-20,158730.17,59574.94581294088,True,-58.73
2024-08-21,157358.5,59060.12610074137,True,-57.36
2024-08-22,162912.56,61144.68762866613,True,-62.91
2024-08-23,160895.23,60387.54062321362,True,-60.9
2024-08-24,170652.57,64049.68561555576,True,-70.65
2024-08-25,170938.93,64157.1606134782,True,-70.94
2024-08-26,171228.43,64265.81631272862,True,-71.23
2024-08-27,167649.55,62922.58634676265,True,-67.65
2024-08-28,158601.26,59526.560879590994,True,-58.6
2024-08-29,157239.06,59015.29633887944,True,-57.24
2024-08-30,158135.04,59351.5794909728,True,-58.14
2024-08-31,157614.6,59156.24603646356,True,-57.61
2024-09-01,157092.36,58960.23658664587,True,-57.09
2024-09-02,152822.64,57357.71617282246,True,-52.82
2024-09-03,157488.0,59108.73235863689,True,-57.49
2024-09-04,153213.83,57504.53858622044,True,-53.21
2024-09-05,154501.54,57987.84601410068,True,-54.5
2024-09-06,149557.94,56132.4047320886,True,-49.56
2024-09-07,143672.2,53923.35611071905,True,-43.67
2024-09-08,144278.57,54150.9383589072,True,-44.28
2024-09-09,145987.68,54792.40755768575,True,-45.99
2024-09-10,152000.42,57049.11875114327,True,-52.0
2024-09-11,153532.55,57624.16178336144,True,-53.53
2024-09-12,152886.71,57381.76444500048,True,-52.89
2024-09-13,154818.88,58106.95122981528,True,-54.82
2024-09-14,161516.26,60620.62747295754,True,-61.52
2024-09-15,159871.47,60003.29940083042,True,-59.87
2024-09-16,157770.62,59214.80226801806,True,-57.77
2024-09-17,155096.43,58211.123231286256,True,-55.1
2024-09-18,160707.37,60317.0319794625,True,-60.71
2024-09-19,163700.48,61440.41208494509,True,-63.7
2024-09-20,167766.63,62966.52931910512,True,-67.77
2024-09-21,168197.45,63128.224540748255,True,-68.2
2024-09-22,168930.63,63403.40234925936,True,-68.93
2024-09-23,169408.08,63582.59956924825,True,-69.41
2024-09-24,168727.13,63327.02654450202,True,-68.73
2024-09-25,171410.47,64334.14274876097,True,-71.41
2024-09-26,168260.53,63151.89959401337,True,-68.26
2024-09-27,173532.99,65130.76884023231,True,-73.53
2024-09-28,175292.1,65791.00212541742,True,-75.29
2024-09-29,175673.38,65934.10709441357,True,-75.67
2024-09-30,174952.89,65663.68986662335,True,-74.95
2024-10-01,168503.99,63243.27532464382,True,-68.5
2024-10-02,162187.8,60872.66854372554,True,-62.19
2024-10-03,161609.34,60655.55979196848,True,-61.61
2024-10-04,161801.98,60727.86395169296,True,-61.8
2024-10-05,165465.89,62103.01047283253,True,-65.47
2024-10-06,165436.38,62091.932585194016,True,-65.44
2024-10-07,167354.38,62811.79972811266,True,-67.35
2024-10-08,165957.15,62287.39010510681,True,-65.96
2024-10-09,165684.96,62185.230423727575,True,-65.68
2024-10-10,161453.71,60597.15045618275,True,-61.45
2024-10-11,160382.71,60195.18073772453,True,-60.38
2024-10-12,166236.78,62392.34048293159,True,-66.24
2024-10-13,168409.39,63207.77062127557,True,-68.41
2024-10-14,167401.63,62829.533686088886,True,-67.4
2024-10-15,175982.15,66049.99492708022,True,-75.98
2024-10-16,178412.66,66962.21994496793,True,-78.41
2024-10-17,180238.63,67647.54414766871,True,-80.24
2024-10-18,179387.52,67328.10527002988,True,-79.39
2024-10-19,182418.29,68465.61920668735,True,-82.42
2024-10-20,182213.8,68388.87128965274,True,-82.21
2024-10-21,183743.04,68962.82918045693,True,-83.74
2024-10-22,179565.37,67394.85775735618,True,-79.57
2024-10-23,179448.65,67351.04793512498,True,-79.45
2024-10-24,177671.3,66683.96806542306,True,-77.67
2024-10-25,181748.02,68214.05205157402,True,-81.75
2024-10-26,177409.38,66585.66535501445,True,-77.41
2024-10-27,178561.72,67018.1650170265,True,-78.56
2024-10-28,181013.99,67938.55412885673,True,-81.01
2024-10-29,186094.29,69845.304531169,True,-86.09
2024-10-30,193916.39,72781.11308158132,True,-93.92
2024-10-31,192748.09,72342.62171127986,True,-92.75
2024-11-01,187212.51,70264.99735573279,True,-87.21
2024-11-02,185195.38,69507.92256395647,True,-85.2
2024-11-03,184639.16,69299.16036699413,True,-84.64
2024-11-04,183318.55,68803.50626277467,True,-83.32
2024-11-05,180626.97,67793.29782704762,True,-80.63
2024-11-06,184735.78,69335.42553133758,True,-84.74
2024-11-07,201482.62,75620.88606963192,True,-101.48
2024-11-08,202458.73,75987.24178320667,True,-102.46
2024-11-09,203958.19,76550.0213845611,True,-103.96
2024-11-10,204171.89,76630.22631415377,True,-104.17
2024-11-11,214393.75,80466.71654833542,True,-114.39
2024-11-12,236163.59,88637.42000322911,True,-136.16
2024-11-13,235170.26,88264.59974582895,True,-135.17
2024-11-14,241094.5,90488.10007497849,True,-141.09
2024-11-15,232886.65,87407.51273710128,True,-132.89
2024-11-16,242319.78,90947.97509443705,True,-142.32
2024-11-17,241409.84,90606.45489380708,True,-141.41
2024-11-18,239371.64,89841.47194135105,True,-139.37
2024-11-19,241218.46,90534.62459650292,True,-141.22
2024-11-20,245793.27,92251.65240738312,True,-145.79
2024-11-21,251029.76,94217.02229634204,True,-151.03
2024-11-22,262465.53,98509.11859102432,True,-162.47
2024-11-23,263580.24,98927.494945534,True,-163.58
2024-11-24,260255.01,97679.46381643032,True,-160.26
2024-11-25,261151.5,98015.9355289458,True,-161.15
2024-11-26,247799.68,93004.70093103289,True,-147.8
2024-11-27,244941.15,91931.83077291829,True,-144.94
2024-11-28,255730.14,95981.18057210564,True,-155.73
2024-11-29,254878.65,95661.59595817851,True,-154.88
2024-11-30,259652.29,97453.2473451042,True,-159.65
2024-12-01,257147.49,96513.14234698223,True,-157.15
2024-12-02,259275.17,97311.70719084324,True,-159.28
2024-12-03,255335.7,95833.1362300365,True,-155.34
2024-12-04,255864.56,96031.63097759832,True,-155.86
2024-12-05,263457.61,98881.4694561823,True,-163.46
2024-12-06,258981.54,97201.5003640774,True,-158.98
2024-12-07,266368.13,99973.85150659826,True,-166.37
2024-12-08,265856.51,99781.82999198174,True,-165.86
2024-12-09,269729.29,101235.3717025316,True,-169.73
2024-12-10,259387.71,97353.94700820888,True,-159.39
2024-12-11,257511.37,96649.71446771533,True,-157.51
2024-12-12,269431.54,101123.61811033696,True,-169.43
2024-12-13,266439.95,100000.80836535196,True,-166.44
2024-12-14,270040.65,101352.22971292294,True,-170.04
2024-12-15,270080.03,101367.01064553364,True,-170.08
2024-12-16,279017.66,104721.50151808978,True,-179.02
2024-12-17,282621.52,106074.10723541168,True,-182.62
2024-12-18,282517.09,106034.913402645,True,-182.52
2024-12-19,267385.19,100355.5761481501,True,-167.39
2024-12-20,260712.99,97851.35377075804,True,-160.71
2024-12-21,260286.91,97691.43431692652,True,-160.29
2024-12-22,258985.07,97202.82496847631,True,-158.99
2024-12-23,253367.09,95094.27394862172,True,-153.37
2024-12-24,252169.82,94644.9108546432,True,-152.17
2024-12-25,262962.69,98695.714007826,True,-162.96
2024-12-26,264692.51,99344.95417367227,True,-164.69
2024-12-27,254923.19,95678.31244565404,True,-154.92
2024-12-28,251335.96,94331.94727053076,True,-151.34
2024-12-29,253607.8,95184.61945288602,True,-153.61
2024-12-30,249554.83,93663.44751964069,True,-149.55
2024-12-31,246794.09,92627.28213113276,True,-146.79
2025-01-01,249140.28,93507.85874741492,True,-149.14
2025-01-02,251475.12,94384.1761153871,True,-151.48
2025-01-03,258050.73,96852.14681235077,True,-158.05
2025-01-04,261333.76,98084.34279280754,True,-161.33
2025-01-05,261793.09,98256.73876849932,True,-161.79
2025-01-06,262080.45,98364.58946599838,True,-162.08
2025-01-07,272377.75,102229.39453189744,True,-172.38
2025-01-08,258317.04,96952.09886774956,True,-158.32
2025-01-09,253160.44,95016.71440989176,True,-153.16
2025-01-10,246125.31,92376.275783461,True,-146.13
2025-01-11,252414.18,94736.6267420969,True,-152.41
2025-01-12,251942.39,94559.55167224212,True,-151.94
2025-01-13,251663.21,94454.77089638809,True,-151.66
2025-01-14,251667.42,94456.3493746993,True,-151.67
2025-01-15,257309.85,96574.07768799194,True,-157.31
2025-01-16,267272.15,100313.15239828422,True,-167.27
2025-01-17,266556.57,100044.57926776377,True,-166.56
2025-01-18,277523.46,104160.69358484232,True,-177.52
2025-01-19,277986.85,104334.61575724394,True,-177.99
2025-01-20,269835.78,101275.33714814208,True,-169.84
2025-01-21,271140.18,101764.90860170544,True,-171.14
2025-01-22,282909.61,106182.2368201815,True,-182.91
2025-01-23,276225.48,103673.53509537788,True,-176.23
2025-01-24,277275.45,104067.60991206949,True,-177.28
2025-01-25,279320.58,104835.19253555956,True,-179.32
2025-01-26,279216.26,104796.04077738234,True,-179.22
2025-01-27,273237.95,102552.24874280208,True,-173.24
2025-01-28,271655.9,101958.46953745594,True,-171.66
2025-01-29,269936.43,101313.11264498268,True,-169.94
2025-01-30,276346.56,103718.97939813643,True,-176.35
2025-01-31,279177.56,104781.5135100103,True,-179.18
2025-02-01,272785.4,102382.39409722164,True,-172.79
2025-02-02,268235.69,100674.78762544956,True,-168.24
2025-02-03,259958.87,97568.31653024876,True,-159.96
2025-02-04,270346.07,101466.8606657039,True,-170.35
2025-02-05,261424.61,98118.43921664466,True,-161.42
2025-02-06,257333.32,96582.88682919052,True,-157.33
2025-02-07,257473.28,96635.41875332213,True,-157.47
2025-02-08,257268.22,96558.4563096667,True,-157.27
2025-02-09,257267.64,96558.23762501092,True,-157.27
2025-02-10,257241.91,96548.57865379583,True,-157.24
2025-02-11,259510.37,97399.98161383196,True,-159.51
2025-02-12,255087.49,95739.9773707924,True,-155.09
2025-02-13,260672.59,97836.18856127484,True,-160.67
2025-02-14,257276.77,96561.6639990985,True,-157.28
2025-02-15,259746.16,97488.48148536457,True,-159.75
2025-02-16,259963.23,97569.95169430463,True,-159.96
2025-02-17,256178.21,96149.3484548204,True,-156.18
2025-02-18,255183.88,95776.15723852724,True,-155.18
2025-02-19,254437.15,95495.89153299289,True,-154.44
2025-02-20,257258.67,96554.87156259285,True,-157.26
2025-02-21,262133.01,98384.31738240314,True,-162.13
2025-02-22,256140.39,96135.15541305284,True,-156.14
2025-02-23,257283.41,96564.15414290236,True,-157.28
2025-02-24,256652.77,96327.46309127836,True,-156.65
2025-02-25,243515.53,91396.76686930266,True,-143.52
2025-02-26,236478.92,88755.7693356979,True,-136.48
2025-02-27,223541.62,83900.11496524839,True,-123.54
2025-02-28,225697.18,84709.14477847965,True,-125.7
2025-03-01,224985.14,84441.9012237131,True,-124.99
2025-03-02,229150.51,86005.25629681018,True,-129.15
2025-03-03,251148.35,94261.5328653844,True,-151.15
2025-03-04,229468.79,86124.71418722175,True,-129.47
2025-03-05,232628.99,87310.80531078295,True,-132.63
2025-03-06,241403.52,90604.08098523636,True,-141.4
2025-03-07,239797.75,90001.40087607042,True,-139.8
2025-03-08,231196.97,86773.33597555371,True,-131.2
2025-03-09,229517.47,86142.9833586432,True,-129.52
2025-03-10,215151.56,80751.13893300897,True,-115.15
2025-03-11,209910.2,78783.94057934263,True,-109.91
2025-03-12,220608.12,82799.1080292053,True,-120.61
2025-03-13,223499.34,83884.24578828987,True,-123.5
2025-03-14,216078.12,81098.90052436228,True,-116.08
2025-03-15,223732.37,83971.70916064628,True,-123.73
2025-03-16,224851.36,84391.69087647168,True,-124.85
2025-03-17,220105.91,82610.61750343916,True,-120.11
2025-03-18,224008.55,84075.36559694471,True,-124.01
2025-03-19,220557.29,82780.03048688271,True,-120.56
2025-03-20,231309.15,86815.44109470697,True,-131.31
2025-03-21,224529.38,84270.84358966233,True,-124.53
2025-03-22,223833.15,84009.532917822,True,-123.83
2025-03-23,223257.05,83793.30854192551,True,-123.26
2025-03-24,228570.88,85787.70914901773,True,-128.57
2025-03-25,232674.08,87327.72969669085,True,-132.67
2025-03-26,233187.92,87520.58391530563,True,-133.19
2025-03-27,231696.59,86960.8555491039,True,-131.7
2025-03-28,232406.42,87227.27158032371,True,-132.41
2025-03-29,224765.51,84359.46915506005,True,-124.77
2025-03-30,220288.57,82679.17255385047,True,-120.29
2025-03-31,219428.53,82356.38111183756,True,-119.43
2025-04-01,219848.73,82514.09365397849,True,-119.85
2025-04-02,227105.15,85237.5876052852,True,-127.11
2025-04-03,219881.58,82526.4221526433,True,-119.88
2025-04-04,221580.3,83163.98757387721,True,-121.58
2025-04-05,223413.44,83852.00765399594,True,-123.41
2025-04-06,222731.04,83595.88550177493,True,-122.73
2025-04-07,208384.95,78211.48358199988,True,-108.38
2025-04-08,210963.56,79179.29226757778,True,-110.96
2025-04-09,203369.55,76329.090356324,True,-103.37
2025-04-10,220136.69,82622.17029546302,True,-120.14
2025-04-11,212074.78,79596.35732250768,True,-112.07
2025-04-12,222313.8,83439.28818043756,True,-122.31
2025-04-13,227285.02,85305.09728392666,True,-127.29
2025-04-14,222744.18,83600.82010054543,True,-122.74
2025-04-15,225202.43,84523.4524914945,True,-125.2
2025-04-16,222892.52,83656.49248858042,True,-122.89
2025-04-17,224089.59,84105.77942167096,True,-124.09
2025-04-18,226288.04,84930.90857600998,True,-126.29
2025-04-19,224963.42,84433.75017215389,True,-124.96
2025-04-20,226809.6,85126.66244301842,True,-126.81
2025-04-21,226667.07,85073.16544858096,True,-126.67
2025-04-22,233005.31,87452.04699068287,True,-133.01
2025-04-23,249322.28,93576.1658857398,True,-149.32
2025-04-24,249400.31,93605.45230873208,True,-149.4
2025-04-25,250112.66,93872.81422867288,True,-150.11
2025-04-26,252511.39,94773.11200643536,True,-152.51
2025-04-27,252167.57,94644.06637120109,True,-152.17
2025-04-28,249943.53,93809.33781968225,True,-149.94
2025-04-29,253197.45,95030.60645474444,True,-153.2
2025-04-30,251134.57,94256.35946318062,True,-151.13
2025-05-01,251079.67,94235.75331048168,True,-151.08
2025-05-02,256917.83,96426.94522273028,True,-156.92
2025-05-03,258059.84,96855.5681343944,True,-158.06
2025-05-04,255574.78,95922.86842404422,True,-155.57
2025-05-05,251321.77,94326.62048529249,True,-151.32
2025-05-06,252473.32,94758.8237105546,True,-152.47
2025-05-07,258057.08,96854.53198815876,True,-158.06
2025-05-08,258515.25,97026.493769668,True,-158.52
2025-05-09,274634.16,103076.27555512934,True,-174.63
2025-05-10,274331.13,102962.540456923,True,-174.33
2025-05-11,278776.21,104630.8792994166,True,-178.78
2025-05-12,277079.49,103994.061616746,True,-177.08
2025-05-13,274102.76,102876.8304286011,True,-174.1
2025-05-14,277586.86,104184.49039270742,True,-177.59
2025-05-15,276014.71,103594.42575090707,True,-176.01
2025-05-16,276319.58,103708.8513642364,True,-176.32
2025-05-17,275912.42,103556.03493982446,True,-175.91
2025-05-18,274996.75,103212.36483885496,True,-175.0
2025-05-19,282505.7,106030.6376831359,True,-182.51
2025-05-20,281436.69,105629.41580436694,True,-181.44
2025-05-21,284520.18,106786.71995834044,True,-184.52
2025-05-22,292191.31,109665.86371625264,True,-192.19
2025-05-23,297238.96,111560.356938144,True,-197.24
2025-05-24,285665.73,107216.66856870624,True,-185.67
2025-05-25,287303.51,107831.36374380375,True,-187.3
2025-05-26,290049.01,108861.81037744328,True,-190.05
2025-05-27,291423.58,109377.71513263127,True,-191.42
2025-05-28,290599.59,109068.45694901443,True,-190.6
2025-05-29,287321.68,107838.18431100152,True,-187.32
2025-05-30,281745.76,105745.41660358038,True,-181.75
2025-05-31,277124.4,104010.91956242644,True,-177.12
2025-06-01,278927.09,104687.50742934884,True,-178.93
2025-06-02,281651.41,105710.00593822816,True,-181.65
2025-06-03,282116.98,105884.74263221148,True,-182.12
2025-06-04,280917.3,105434.47745144973,True,-180.92
2025-06-05,279261.23,104812.9182188067,True,-179.26
2025-06-06,270835.99,101650.7387545425,True,-170.84
2025-06-07,278187.04,104409.74967959142,True,-178.19
2025-06-08,281575.34,105681.4546141758,True,-181.58
2025-06-09,281604.1,105692.24740699006,True,-181.6
2025-06-10,293778.51,110261.57485948496,True,-193.78
2025-06-11,293648.38,110212.73252109604,True,-193.65
2025-06-12,289564.53,108679.9760916168,True,-189.56
2025-06-13,282368.72,105979.22902375912,True,-182.37
2025-06-14,282545.47,106045.56440819205,True,-182.55
2025-06-15,281046.33,105482.90611628916,True,-181.05
2025-06-16,281237.07,105554.49383061715,True,-181.24
2025-06-17,284958.61,106951.2720181497,True,-184.96
2025-06-18,278916.21,104683.42479835715,True,-178.92
2025-06-19,279020.84,104722.695052907,True,-179.02
2025-06-20,278935.46,104690.65002458123,True,-178.94
2025-06-21,275203.88,103290.105144757,True,-175.2
2025-06-22,270521.14,101532.5683847329,True,-170.52
2025-06-23,268709.4,100852.58264648831,True,-168.71
2025-06-24,281122.85,105511.62437933136,True,-181.12
2025-06-25,282360.31,105976.06929808448,True,-182.36
2025-06-26,285723.98,107238.53045016268,True,-185.72
2025-06-27,285045.85,106984.01253775664,True,-185.05
2025-06-28,285298.7,107078.91560644074,True,-185.3
2025-06-29,285971.91,107331.58548463575,True,-185.97
2025-06-30,288809.56,108396.61631317894,True,-188.81
2025-07-01,285442.27,107132.79910701896,True,-185.44
2025-07-02,281394.02,105613.39974163056,True,-181.39
2025-07-03,289949.45,108824.44423167944,True,-189.95
2025-07-04,292021.7,109602.20483914016,True,-192.02
2025-07-05,287861.77,108040.8919400104,True,-187.86
2025-07-06,288332.24,108217.46849992426,True,-188.33
2025-07-07,290990.57,109215.19771840284,True,-190.99
2025-07-08,288554.04,108300.71675785031,True,-188.55
2025-07-09,290292.48,108953.19187727802,True,-190.29
2025-07-10,296618.62,111327.53054245668,True,-196.62
2025-07-11,308747.19,115879.65030112496,True,-208.75
2025-07-12,313253.65,117571.02510036016,True,-213.25
2025-07-13,312848.48,117418.95745007684,True,-212.85
2025-07-14,317374.19,119117.55666327637,True,-217.37
2025-07-15,319282.2,119833.67446712356,True,-219.28
2025-07-16,313539.19,117678.19493404306,True,-213.54
2025-07-17,316389.99,118748.1627367753,True,-216.39
2025-07-18,318247.6,119445.36520434044,True,-218.25
2025-07-19,314367.15,117988.94664455787,True,-214.37
2025-07-20,314134.5,117901.62655900871,True,-214.13
2025-07-21,312416.76,117256.9208222684,True,-212.42
2025-07-22,313017.71,117482.46977767294,True,-213.02
2025-07-23,319607.58,119955.79570607652,True,-219.61
2025-07-24,316072.64,118629.05588130427,True,-216.07
2025-07-25,315340.95,118354.43517438594,True,-215.34
2025-07-26,313173.14,117540.8083708574,True,-213.17
2025-07-27,314288.81,117959.54234360624,True,-214.29
2025-07-28,318177.12,119418.91405141471,True,-218.18
2025-07-29,314405.4,118003.30201607826,True,-214.41
2025-07-30,314005.76,117853.30892863822,True,-214.01
2025-07-31,313952.29,117833.24087995924,True,-213.95
2025-08-01,308268.54,115700.00243915782,True,-208.27
2025-08-02,301699.79,113234.6051343189,True,-201.7
2025-08-03,299888.8,112554.90232221724,True,-199.89
2025-08-04,304269.59,114199.10966460756,True,-204.27
2025-08-05,306772.98,115138.68613070175,True,-206.77
2025-08-06,304081.07,114128.35408881678,True,-204.08
2025-08-07,306462.34,115022.09576830892,True,-206.46
2025-08-08,312967.09,117463.47451085236,True,-212.97
2025-08-09,310901.91,116688.36663186055,True,-210.9
2025-08-10,310426.9,116510.08393213755,True,-210.43
2025-08-11,317772.17,119266.92516880557,True,-217.77
2025-08-12,316458.3,118773.79960860992,True,-216.46
2025-08-13,320264.99,120202.53485503166,True,-220.26
2025-08-14,329213.19,123560.99363577303,True,-229.21
2025-08-15,315477.26,118405.59579823952,True,-215.48
2025-08-16,312637.56,117339.79190213275,True,-212.64
2025-08-17,313067.65,117501.21653394958,True,-213.07
2025-08-18,313178.55,117542.83687778088,True,-213.18
2025-08-19,309751.03,116256.41276740946,True,-209.75
2025-08-20,300484.14,112778.34483555844,True,-200.48
2025-08-21,304411.57,114252.39755195397,True,-204.41
2025-08-22,299514.45,112414.39987336512,True,-199.51
2025-08-23,311290.6,116834.24948202296,True,-211.29
2025-08-24,307362.6,115359.98346714744,True,-207.36
2025-08-25,302139.26,113399.54847314973,True,-202.14
2025-08-26,293575.43,110185.35443900424,True,-193.58
2025-08-27,297991.25,111842.70999260596,True,-197.99
2025-08-28,296321.69,111216.08479629167,True,-196.32
2025-08-29,299810.72,112525.59740669793,True,-199.81
2025-08-30,289032.54,108480.30666639366,True,-189.03
2025-08-31,289836.25,108781.95727925688,True,-189.84
2025-09-01,288427.87,108253.36092385623,True,-188.43
2025-09-02,290850.66,109162.68557992298,True,-190.85
2025-09-03,296252.67,111190.18209845416,True,-196.25
2025-09-04,297641.71,111711.51977725116,True,-197.64
2025-09-05,295012.55,110724.736377486,True,-195.01
2025-09-06,294845.88,110662.18112628513,True,-194.85
2025-09-07,293638.94,110209.1888247784,True,-193.64
2025-09-08,296097.63,111131.9923868407,True,-196.1
2025-09-09,298477.29,112025.12878118773,True,-198.48
2025-09-10,297204.54,111547.43956434788,True,-197.2
2025-09-11,303673.35,113975.32489468766,True,-203.67
2025-09-12,307744.09,115503.16663193036,True,-207.74
2025-09-13,309494.53,116160.14344594492,True,-209.49
2025-09-14,308989.47,115970.58488443034,True,-208.99
2025-09-15,307398.76,115373.55555886828,True,-207.4
2025-09-16,307461.9,115397.25272727507,True,-207.46
2025-09-17,311100.37,116762.8496864193,True,-211.1
2025-09-18,310282.66,116455.9464822532,True,-210.28
2025-09-19,312119.88,117145.49508952006,True,-212.12
2025-09-20,308150.79,115655.81046441344,True,-208.15
2025-09-21,308309.87,115715.51536781774,True,-208.31
2025-09-22,307214.72,115304.47999407038,True,-207.21
2025-09-23,300266.71,112696.74101711863,True,-200.27
2025-09-24,298469.39,112022.16587861197,True,-198.47
2025-09-25,301928.83,113320.56908541008,True,-201.93
2025-09-26,290320.03,108963.53013595636,True,-190.32
2025-09-27,292309.46,109710.20874667744,True,-192.31
2025-09-28,292161.86,109654.81021075726,True,-192.16
2025-09-29,298790.2,112142.57362752674,True,-198.79
2025-09-30,304562.78,114309.15041119448,True,-204.56
2025-10-01,303803.64,114024.22783550054,True,-203.8
2025-10-02,315737.43,118503.24451752484,True,-215.74
2025-10-03,321355.21,120611.71911591051,True,-221.36
2025-10-04,325720.61,122250.15186842805,True,-225.72
2025-10-05,326069.07,122380.93708463266,True,-226.07
2025-10-06,329067.16,123506.18520027678,True,-229.07
2025-10-07,332443.79,124773.50823074432,True,-232.44
2025-10-08,323771.9,121518.75593575073,True,-223.77
2025-10-09,328657.7,123352.50487523204,True,-228.66
2025-10-10,324249.55,121698.03066778315,True,-224.25
2025-10-11,301612.22,113201.74064138904,True,-201.61
2025-10-12,295354.6,110853.11663883904,True,-195.35
2025-10-13,306908.56,115189.5714637257,True,-206.91
2025-10-14,306995.71,115222.28302116522,True,-207.0
2025-10-15,301491.87,113156.56943826911,True,-201.49
2025-10-16,294969.74,110708.66960879424,True,-194.97
2025-10-17,287957.26,108076.72862033188,True,-187.96
2025-10-18,283606.02,106443.61194984637,True,-183.61
2025-10-19,285504.1,107156.00337647724,True,-185.5
2025-10-20,289407.76,108621.134857428,True,-189.41
2025-10-21,294703.04,110608.5714932665,True,-194.7
2025-10-22,289047.98,108486.1026271664,True,-189.05
2025-10-23,286736.17,107618.4266715404,True,-186.74
2025-10-24,293210.85,110048.51827291628,True,-193.21
2025-10-25,295740.11,110997.80437129698,True,-195.74
2025-10-26,297398.69,111620.3093731354,True,-197.4
2025-10-27,305007.37,114476.01227508576,True,-205.01
2025-10-28,304226.12,114182.79442806762,True,-204.23
2025-10-29,300942.42,112950.34863259472,True,-200.94
2025-10-30,293205.92,110046.66925837284,True,-193.21
2025-10-31,288394.31,108240.76528725718,True,-188.39
2025-11-01,291946.3,109573.90555629117,True,-191.95
2025-11-02,293119.24,110014.13556776088,True,-193.12
2025-11-03,294813.98,110650.2092823146,True,-194.81
2025-11-04,283812.44,106521.0867382576,True,-183.81
2025-11-05,270794.79,101635.2740227234,True,-170.79
2025-11-06,276770.15,103877.9596595516,True,-176.77
2025-11-07,269961.81,101322.6402945857,True,-169.96
2025-11-08,275486.25,103396.084215925,True,-175.49
2025-11-09,272539.59,102290.13714655169,True,-172.54
2025-11-10,278986.16,104709.67861656273,True,-178.99
2025-11-11,282181.8,105909.07272321742,True,-182.18
2025-11-12,274326.42,102960.77564500563,True,-174.33
2025-11-13,270492.2,101521.70859453591,True,-170.49
2025-11-14,265719.62,99730.4533956204,True,-165.72
2025-11-15,251667.54,94456.39368235336,True,-151.67
2025-11-16,254470.24,95508.31019889197,True,-154.47
2025-11-17,251547.47,94411.32947182968,True,-151.55
2025-11-18,245220.62,92036.7255045672,True,-145.22
2025-11-19,247306.92,92819.759215009,True,-147.31
2025-11-20,243426.31,91363.27838693369,True,-143.43
2025-11-21,230868.28,86649.97257918229,True,-130.87
2025-11-22,226610.15,85051.8019295002,True,-126.61
2025-11-23,225626.52,84682.62429147748,True,-125.63
2025-11-24,231224.97,86783.84766839583,True,-131.22
2025-11-25,235076.36,88229.35740719768,True,-135.08
2025-11-26,232627.72,87310.33159950442,True,-132.63
2025-11-27,241057.54,90474.22677969698,True,-141.06
2025-11-28,243201.92,91279.06057176425,True,-143.2
2025-11-29,242326.18,90950.37695910994,True,-142.33
2025-11-30,242035.97,90841.45258193676,True,-142.04
2025-12-01,240876.51,90406.28448571144,True,-140.88
2025-12-02,229886.52,86281.49519776918,True,-129.89
2025-12-03,243376.89,91344.73275150164,True,-143.38
2025-12-04,249437.57,93619.43750817105,True,-149.44
2025-12-05,245497.66,92140.70419795792,True,-145.5
2025-12-06,237947.85,89307.09154512963,True,-137.95
2025-12-07,237781.78,89244.7620814118,True,-137.78
2025-12-08,240228.06,90162.90714007126,True,-140.23
2025-12-09,241440.75,90618.0535204608,True,-141.44
2025-12-10,247049.69,92723.21372069632,True,-147.05
2025-12-11,245136.46,92005.13714957412,True,-145.14
2025-12-12,246439.45,92494.17691640416,True,-146.44
2025-12-13,240612.68,90307.26028567804,True,-140.61
2025-12-14,240479.91,90257.4292885891,True,-140.48
2025-12-15,235080.13,88230.77409367911,True,-135.08
2025-12-16,230239.34,86413.9190195637,True,-130.24
2025-12-17,233990.71,87821.88919109134,True,-133.99
2025-12-18,229309.55,86064.94716216,True,-129.31
2025-12-19,227671.98,85450.3312009302,True,-127.67
2025-12-20,234741.99,88103.86075721023,True,-134.74
2025-12-21,235392.31,88347.94310567998,True,-135.39
2025-12-22,236003.73,88577.42038358838,True,-136.0
2025-12-23,235773.79,88491.12020788102,True,-135.77
2025-12-24,232883.78,87406.43636737975,True,-132.88
2025-12-25,233513.04,87642.60888119951,True,-133.51
2025-12-26,232413.11,87229.78066010943,True,-132.41
2025-12-27,232616.07,87305.95655961394,True,-132.62
2025-12-28,233951.05,87807.003210775,True,-133.95
2025-12-29,233993.42,87822.90829076794,True,-133.99
2025-12-30,232218.03,87156.56266080117,True,-132.22
2025-12-31,235569.99,88414.62856073362,True,-135.57
2026-01-01,233186.84,87520.18048742875,True,-133.19
2026-01-02,236404.05,88727.67004249741,True,-136.4
2026-01-03,239597.6,89926.27924953419,True,-139.6
2026-01-04,241376.27,90593.85443180415,True,-141.38
2026-01-05,243452.78,91373.21588108438,True,-143.45
2026-01-06,250256.49,93926.7956485658,True,-150.26
2026-01-07,249563.93,93666.86387314304,True,-149.56
2026-01-08,243143.56,91257.15544035909,True,-143.14
2026-01-09,242414.48,90983.51578142623,True,-142.41
2026-01-10,241139.25,90504.8956034002,True,-141.14
2026-01-11,240971.72,90442.01907847,True,-140.97
2026-01-12,241977.12,90819.36598904192,True,-141.98
2026-01-13,242818.0,91134.96917951509,True,-142.82
2026-01-14,253809.82,95260.4422971001,True,-153.81
2026-01-15,258465.39,97007.78078881276,True,-158.47
2026-01-16,254674.11,95584.82797878512,True,-154.67
2026-01-17,254490.93,95516.07771987125,True,-154.49
2026-01-18,253381.1,95099.53192554633,True,-153.38
2026-01-19,249792.64,93752.70577188236,True,-149.79
2026-01-20,246610.73,92558.46334372148,True,-146.61
2026-01-21,235298.79,88312.84053255555,True,-135.3
2026-01-22,238073.75,89354.34377512129,True,-138.07
2026-01-23,238311.02,89443.39744146909,True,-138.31
2026-01-24,238228.43,89412.39849953113,True,-138.23
2026-01-25,237584.91,89170.87364531498,True,-137.58
2026-01-26,230597.44,86548.32213469829,True,-130.6
2026-01-27,235285.52,88307.8612070438,True,-135.29
2026-01-28,237673.77,89204.22239644526,True,-137.67
2026-01-29,237561.53,89162.09701574955,True,-137.56
2026-01-30,225327.54,84570.40906135936,True,-125.33
2026-01-31,224185.5,84141.77856967277,True,-124.19
2026-02-01,209755.44,78725.85853884545,True,-109.76
2026-02-02,204989.42,76937.06406636834,True,-104.99
2026-02-03,209866.81,78767.65815345927,True,-109.87
2026-02-04,201530.77,75638.95670207398,True,-101.53
2026-02-05,194958.64,73172.29203248928,True,-94.96
2026-02-06,167465.99,62853.69038445987,True,-67.47
2026-02-07,187902.47,70523.95417035831,True,-87.9
2026-02-08,184632.89,69296.80677355142,True,-84.63
2026-02-09,187951.55,70542.37329463876,True,-87.95
2026-02-10,186763.32,70096.40692272567,True,-86.76
2026-02-11,183255.68,68779.90981269129,True,-83.26
2026-02-12,178347.02,66937.58141157958,True,-78.35
2026-02-13,176164.39,66184.57765470445,False,0.0
