datetime,equity,position,close
2024-02-01 04:00:00,100000.0,0,42547.56659612365
2024-02-01 08:00:00,100000.0,0,42526.993987649555
2024-02-01 12:00:00,100000.0,0,42523.89704531728
2024-02-01 16:00:00,100000.0,0,42509.20596129212
2024-02-01 20:00:00,100000.0,0,42499.995934515166
2024-02-02 00:00:00,100000.0,0,42512.97090883915
2024-02-02 04:00:00,100000.0,0,43009.696417170184
2024-02-02 08:00:00,100000.0,0,42508.80224062906
2024-02-02 12:00:00,100000.0,0,43385.712968303764
2024-02-02 16:00:00,100000.0,0,43538.23384649358
2024-02-02 20:00:00,100000.0,0,43470.26218487262
2024-02-03 00:00:00,100000.0,0,43671.519886977985
2024-02-03 04:00:00,100000.0,0,43861.038055721074
2024-02-03 08:00:00,100000.0,1,43968.875349175396
2024-02-03 12:00:00,100339.95773709512,1,44126.218079347214
2024-02-03 16:00:00,101403.7354551444,1,44618.56660444342
2024-02-03 20:00:00,100381.3826213407,1,44145.390769576145
2024-02-04 00:00:00,100558.69487939242,1,44227.45624928306
2024-02-04 04:00:00,101292.23186112409,1,44566.959366270115
2024-02-04 08:00:00,101382.57173089181,1,44608.771392300405
2024-02-04 12:00:00,101670.89846103101,1,44742.21772974594
2024-02-04 16:00:00,101581.48392382148,1,44700.83397563046
2024-02-04 20:00:00,102371.56714890887,1,45066.508405518274
2024-02-05 00:00:00,103964.35669472402,1,45803.69961601739
2024-02-05 04:00:00,103277.54948417276,1,45485.82445149483
2024-02-05 08:00:00,102787.88406566094,1,45259.192475185904
2024-02-05 12:00:00,104328.68896938008,1,45972.32361991248
2024-02-05 16:00:00,104820.19930308168,1,46199.80947881098
2024-02-05 20:00:00,104265.54297727735,1,45943.097743538114
2024-02-06 00:00:00,104168.61242964424,1,45898.235352312775
2024-02-06 04:00:00,104108.9802670376,1,45870.63578258168
2024-02-06 08:00:00,104442.06927448833,1,46024.79945677939
2024-02-06 12:00:00,105057.42802996136,1,46309.606113773254
2024-02-06 16:00:00,104771.33169482436,1,46177.19207064174
2024-02-06 20:00:00,105282.13805579222,1,46413.6087149887
2024-02-07 00:00:00,101626.80470934123,1,44721.80980688567
2024-02-07 04:00:00,102311.15804461694,0,45126.48699435802
2024-02-07 08:00:00,102311.15804461694,0,45073.523984804866
2024-02-07 12:00:00,102311.15804461694,0,44896.633249728286
2024-02-07 16:00:00,102311.15804461694,0,45517.15024540284
2024-02-07 20:00:00,102311.15804461694,1,46962.84842074371
2024-02-08 00:00:00,102594.57227897365,1,47099.78815576131
2024-02-08 04:00:00,103235.2360823283,1,47409.34329037157
2024-02-08 08:00:00,103346.3256138078,1,47463.01939114527
2024-02-08 12:00:00,103403.79990913405,1,47490.78974922261
2024-02-08 16:00:00,103575.48279929796,1,47573.743273203036
2024-02-08 20:00:00,103754.83346983393,1,47660.40170570616
2024-02-09 00:00:00,106953.93120360393,1,49206.13774451958
2024-02-09 04:00:00,106451.07274600658,1,48963.1672243866
2024-02-09 08:00:00,104724.89555478518,1,48129.1150897229
2024-02-09 12:00:00,105901.29702843387,1,48697.52728130327
2024-02-09 16:00:00,104322.56514578832,1,47934.717586285544
2024-02-09 20:00:00,105354.21683244337,1,48433.18975696416
2024-02-10 00:00:00,104773.53759327965,1,48152.61788899926
2024-02-10 04:00:00,106402.15731859172,1,48939.53232939387
2024-02-10 08:00:00,106969.93793862782,1,49213.8718587134
2024-02-10 12:00:00,107168.49268283392,1,49309.80929149545
2024-02-10 16:00:00,107285.4615811849,1,49366.32617739513
2024-02-10 20:00:00,107137.8043179075,1,49294.98132574176
2024-02-11 00:00:00,108194.81444378992,1,49805.70615534605
2024-02-11 04:00:00,109179.84467389031,1,50281.651829000904
2024-02-11 08:00:00,109254.10468366655,1,50317.53268757614
2024-02-11 12:00:00,109198.80389387492,1,50290.812521182525
2024-02-11 16:00:00,108866.23810708798,1,50130.12380058282
2024-02-11 20:00:00,108815.84573616923,1,50105.77527787652
2024-02-12 00:00:00,99911.9049125732,0,45159.18624229386
2024-02-12 04:00:00,99911.9049125732,0,44671.570236592444
2024-02-12 08:00:00,99911.9049125732,-1,50121.521673466144
2024-02-12 12:00:00,97882.12481244984,1,51093.124634643485
2024-02-12 16:00:00,93653.12326246731,0,48495.9480705828
2024-02-12 20:00:00,93653.12326246731,1,49777.39608021954
2024-02-13 00:00:00,94442.4258079387,1,50218.99683509907
2024-02-13 04:00:00,94723.69768481569,1,50376.36345436049
2024-02-13 08:00:00,94760.16966648083,1,50396.768880299736
2024-02-13 12:00:00,95794.87403103351,1,50975.66759421523
2024-02-13 16:00:00,93319.16125655438,1,49590.55026962589
2024-02-13 20:00:00,96396.05970247596,1,51312.02029934073
2024-02-14 00:00:00,96771.04660744494,1,51521.81881228654
2024-02-14 04:00:00,97760.82311880671,1,52075.5811903343
2024-02-14 08:00:00,97741.59930615971,1,52064.825808604844
2024-02-14 12:00:00,96914.67208518156,1,51602.174716055415
2024-02-14 16:00:00,97049.3948740183,0,51777.104515671635
2024-02-14 20:00:00,97049.3948740183,0,52110.93374558506
2024-02-15 00:00:00,97049.3948740183,0,52406.720100173334
2024-02-15 04:00:00,97049.3948740183,0,52596.78244715067
2024-02-15 08:00:00,97049.3948740183,1,52756.93968112997
2024-02-15 12:00:00,97108.87438136865,1,52790.975054621114
2024-02-15 16:00:00,97342.51423159291,1,52924.66848819243
2024-02-15 20:00:00,97533.04115714681,1,53033.691836909005
2024-02-16 00:00:00,97916.95520792263,1,53253.3751982672
2024-02-16 04:00:00,98840.84737271782,1,53782.04492495357
2024-02-16 08:00:00,97777.57696288398,1,53173.62015593827
2024-02-16 12:00:00,97944.16688254001,1,53268.946267198
2024-02-16 16:00:00,97754.07266063856,1,53160.17052023669
2024-02-16 20:00:00,98734.18739157345,1,53721.01193297829
2024-02-17 00:00:00,98688.66119139007,1,53694.96092321207
2024-02-17 04:00:00,98838.1743443944,1,53780.515364246145
2024-02-17 08:00:00,98858.35555657519,1,53792.06346080369
2024-02-17 12:00:00,98849.06767725959,1,53786.74874897218
2024-02-17 16:00:00,99003.18966395744,1,53874.94045758135
2024-02-17 20:00:00,99159.93263341117,1,53964.63194537472
2024-02-18 00:00:00,98711.63120877957,1,53708.1048303454
2024-02-18 04:00:00,98805.56695195934,1,53761.85675677714
2024-02-18 08:00:00,99566.52659810183,1,54197.29321080821
2024-02-18 12:00:00,99576.93552153748,1,54203.24940669071
2024-02-18 16:00:00,99556.73816520319,1,54191.69207212299
2024-02-18 20:00:00,99944.40640477088,1,54413.52365600991
2024-02-19 00:00:00,100022.23431673345,1,54458.05835660989
2024-02-19 04:00:00,100089.28318796639,1,54496.42507274846
2024-02-19 08:00:00,100501.76246345844,1,54732.454031697926
2024-02-19 12:00:00,100514.26238444199,1,54739.606738541625
2024-02-19 16:00:00,100564.18709650236,1,54768.17466549845
2024-02-19 20:00:00,100756.99060638109,1,54878.50072167229
2024-02-20 00:00:00,100383.0477231606,1,54664.52306345467
2024-02-20 04:00:00,100087.97146250328,1,54495.674476987944
2024-02-20 08:00:00,100897.3116259098,1,54958.795238575185
2024-02-20 12:00:00,102149.18280057493,1,55675.141168301154
2024-02-20 16:00:00,103148.62163610874,1,56247.040223358665
2024-02-20 20:00:00,101720.6041842889,1,55429.89984191131
2024-02-21 00:00:00,100821.43676896216,1,54915.378115437474
2024-02-21 04:00:00,97089.01581780374,1,52779.611584107675
2024-02-21 08:00:00,98145.40270808146,0,53489.61134379125
2024-02-21 12:00:00,98145.40270808146,0,54587.341496852176
2024-02-21 16:00:00,98145.40270808146,1,56292.98619175111
2024-02-21 20:00:00,97999.85168681561,1,56205.10903887134
2024-02-22 00:00:00,98624.47051054279,1,56582.225759777066
2024-02-22 04:00:00,98537.22218399335,1,56529.549148757724
2024-02-22 08:00:00,98855.08898741439,1,56721.46281199899
2024-02-22 12:00:00,98774.45560207183,1,56672.78000462782
2024-02-22 16:00:00,98888.62475440456,1,56741.71019808467
2024-02-22 20:00:00,99057.41100571107,1,56843.615736644744
2024-02-23 00:00:00,98630.80457011773,1,56586.049979743206
2024-02-23 04:00:00,98707.57025259013,1,56632.39764227335
2024-02-23 08:00:00,98832.39894101367,1,56707.763583652355
2024-02-23 12:00:00,99101.09469994728,1,56869.98998426845
2024-02-23 16:00:00,98921.8182004768,1,56761.75090621388
2024-02-23 20:00:00,99175.95794659118,1,56915.189041706784
2024-02-24 00:00:00,98397.9861191634,1,56445.4846822289
2024-02-24 04:00:00,99019.51225340333,1,56820.73417647749
2024-02-24 08:00:00,99268.36693319253,1,56970.981426895196
2024-02-24 12:00:00,99245.23999160487,1,56957.01842090688
2024-02-24 16:00:00,99844.50210452895,1,57318.82590157237
2024-02-24 20:00:00,100559.78442634313,1,57750.68116029608
2024-02-25 00:00:00,100567.01789867137,1,57755.048405184585
2024-02-25 04:00:00,100873.74692607111,1,57940.23758076748
2024-02-25 08:00:00,100786.64456535001,1,57887.64909734285
2024-02-25 12:00:00,100977.67177351494,1,58002.982724205176
2024-02-25 16:00:00,101263.61540667339,1,58175.62261465408
2024-02-25 20:00:00,101421.39249372105,1,58270.88131554694
2024-02-26 00:00:00,100604.57761884684,1,57777.72527301606
2024-02-26 04:00:00,98733.24921574703,1,56647.90144397468
2024-02-26 08:00:00,100825.92779870902,0,58023.952517213
2024-02-26 12:00:00,100825.92779870902,0,57092.410352325
2024-02-26 16:00:00,100825.92779870902,0,56924.6258692749
2024-02-26 20:00:00,100825.92779870902,0,58772.57604424757
2024-02-27 00:00:00,100825.92779870902,1,59119.93769891929
2024-02-27 04:00:00,100596.78629828483,1,58978.507586070584
2024-02-27 08:00:00,100427.70237455623,1,58874.14605239131
2024-02-27 12:00:00,100245.94004057028,1,58761.95918375472
2024-02-27 16:00:00,100354.22050070127,1,58828.79176391714
2024-02-27 20:00:00,101216.84879411865,1,59361.220925193724
2024-02-28 00:00:00,100068.8869846128,1,58652.67896328868
2024-02-28 04:00:00,98469.3396751993,0,57660.21809760857
2024-02-28 08:00:00,98469.3396751993,0,57881.28633388718
2024-02-28 12:00:00,98469.3396751993,0,57784.43655921375
2024-02-28 16:00:00,98469.3396751993,0,59274.16785407378
2024-02-28 20:00:00,98469.3396751993,1,60179.963210790425
2024-02-29 00:00:00,98771.28624951858,1,60374.21158553269
2024-02-29 04:00:00,98966.65772908927,1,60499.89803341889
2024-02-29 08:00:00,98084.32259206192,1,59932.273887551535
2024-02-29 12:00:00,98333.23248307972,1,60092.40268482796
2024-02-29 16:00:00,99379.05238159858,1,60765.199904065805
2024-02-29 20:00:00,99744.78850083107,1,61000.48539092922
2024-03-01 00:00:00,100025.22462081796,1,61180.89565274221
2024-03-01 04:00:00,99894.41488652298,1,61096.74308918176
2024-03-01 08:00:00,99390.19887232364,1,60772.370668338604
2024-03-01 12:00:00,99352.21009193575,1,60747.93171298557
2024-03-01 16:00:00,100126.15340934454,1,61245.82519592446
2024-03-01 20:00:00,100723.87502289221,1,61630.35167131737
2024-03-02 00:00:00,100583.73724118836,1,61540.19818506792
2024-03-02 04:00:00,100579.17872410559,1,61537.26559827982
2024-03-02 08:00:00,100588.21185328766,1,61543.07679407302
2024-03-02 12:00:00,100609.21775781208,1,61556.590319845105
2024-03-02 16:00:00,100599.90415524114,1,61550.59868981427
2024-03-02 20:00:00,100635.47467932453,1,61573.48193168415
2024-03-03 00:00:00,100259.99817315789,1,61331.93025572557
2024-03-03 04:00:00,100268.9238835103,1,61337.672346800086
2024-03-03 08:00:00,100589.87507583073,1,61544.14677897533
2024-03-03 12:00:00,100759.84887918126,1,61653.494385001446
2024-03-03 16:00:00,101086.2493652228,1,61863.47445870021
2024-03-03 20:00:00,101346.74670801619,1,62031.05769946514
2024-03-04 00:00:00,102396.76210233143,1,62706.553966511434
2024-03-04 04:00:00,102542.12111507091,1,62800.06637691861
2024-03-04 08:00:00,102258.1949286423,1,62617.41088435386
2024-03-04 12:00:00,102675.34078491575,1,62885.76930105146
2024-03-04 16:00:00,102262.40033112814,1,62620.1163053372
2024-03-04 20:00:00,102448.58564186789,1,62739.893103910304
2024-03-05 00:00:00,102403.02381451866,1,62710.582253363886
2024-03-05 04:00:00,105016.67211593408,1,64391.99538362505
2024-03-05 08:00:00,106096.86299869536,1,65086.90415634692
2024-03-05 12:00:00,106718.43099007483,1,65486.77149178357
2024-03-05 16:00:00,105556.26384092182,1,64739.12571898168
2024-03-05 20:00:00,104368.27688852085,1,63974.86954141404
2024-03-06 00:00:00,104327.96248365282,1,63948.93446451519
2024-03-06 04:00:00,104627.91586912052,1,64141.90058031529
2024-03-06 08:00:00,104973.82433404689,1,64364.43053374503
2024-03-06 12:00:00,104842.20574991406,1,64279.757620626806
2024-03-06 16:00:00,104658.15576526464,1,64161.35452077351
2024-03-06 20:00:00,104965.71898759695,1,64359.216199460316
2024-03-07 00:00:00,105055.14730996768,1,64416.74725877305
2024-03-07 04:00:00,105161.09437585618,1,64484.90516188538
2024-03-07 08:00:00,104849.39741504178,1,64284.38416512693
2024-03-07 12:00:00,105197.67134525684,1,64508.43587050525
2024-03-07 16:00:00,105290.79257376333,1,64568.34265147195
2024-03-07 20:00:00,105186.51908035656,1,64501.26139158805
2024-03-08 00:00:00,105223.62967455803,1,64525.13539189955
2024-03-08 04:00:00,105507.09988507451,1,64707.49754588262
2024-03-08 08:00:00,105649.7147381264,1,64799.244582529376
2024-03-08 12:00:00,105404.53179932528,1,64641.51340944349
2024-03-08 16:00:00,105349.39715441108,1,64606.044170586516
2024-03-08 20:00:00,105628.21606683182,1,64785.414049868086
2024-03-09 00:00:00,105685.54499179321,1,64822.29491372481
2024-03-09 04:00:00,106061.40980289156,1,65064.096394146494
2024-03-09 08:00:00,106122.75331136821,1,65103.559921260334
2024-03-09 12:00:00,106179.30344825941,1,65139.939774906066
2024-03-09 16:00:00,106347.60334394845,1,65248.21052207579
2024-03-09 20:00:00,106502.18655559857,1,65347.657047320106
2024-03-10 00:00:00,115370.33903336157,1,71052.7199699764
2024-03-10 04:00:00,121256.42416417142,1,74839.35829442846
2024-03-10 08:00:00,111860.57044002251,1,68794.81442322681
2024-03-10 12:00:00,114379.41961205396,1,70415.24134474779
2024-03-10 16:00:00,102109.6923875606,1,62521.8761782051
2024-03-10 20:00:00,107141.67314304189,0,65879.41170660256
2024-03-11 00:00:00,107141.67314304189,0,67447.95508322169
2024-03-11 04:00:00,107141.67314304189,0,67143.15500654503
2024-03-11 08:00:00,107141.67314304189,0,67019.94894626175
2024-03-11 12:00:00,107141.67314304189,0,67438.73448759754
2024-03-11 16:00:00,107141.67314304189,0,67148.0487593147
2024-03-11 20:00:00,107141.67314304189,0,67899.75692969284
2024-03-12 00:00:00,107141.67314304189,1,67571.0004210888
2024-03-12 04:00:00,107276.27616148602,1,67660.35835495588
2024-03-12 08:00:00,106615.08286891715,0,67356.55873923059
2024-03-12 12:00:00,106615.08286891715,0,68186.45249551501
2024-03-12 16:00:00,106615.08286891715,0,68132.13912131861
2024-03-12 20:00:00,106615.08286891715,0,69090.81181555617
2024-03-13 00:00:00,106615.08286891715,0,69550.61887749986
2024-03-13 04:00:00,106615.08286891715,1,69154.09670697215
2024-03-13 08:00:00,106063.67137710146,1,68777.608417913
2024-03-13 12:00:00,106654.2054269449,1,69180.8084914636
2024-03-13 16:00:00,106603.32538993293,1,69146.06903034206
2024-03-13 20:00:00,106599.18908220161,1,69143.24487552501
2024-03-14 00:00:00,106711.78094613587,1,69220.11943988167
2024-03-14 04:00:00,106326.08385325379,1,68956.7762909819
2024-03-14 08:00:00,106202.91506755554,0,69010.98829474203
2024-03-14 12:00:00,106202.91506755554,0,69332.55856253122
2024-03-14 16:00:00,106202.91506755554,0,69473.26988520239
2024-03-14 20:00:00,106202.91506755554,1,69581.47809488288
2024-03-15 00:00:00,105551.46889155827,1,69132.2032049847
2024-03-15 04:00:00,105539.01720251971,1,69123.61580140791
2024-03-15 08:00:00,105739.34215664427,1,69261.7714542067
2024-03-15 12:00:00,105682.47786362757,1,69222.55455505903
2024-03-15 16:00:00,105908.02759952028,1,69378.10667355084
2024-03-15 20:00:00,105503.95281477015,1,69099.43337540563
2024-03-16 00:00:00,105218.88809820561,1,68902.83629053929
2024-03-16 04:00:00,104876.16308492071,0,68777.24302021271
2024-03-16 08:00:00,104876.16308492071,0,68915.9480126887
2024-03-16 12:00:00,104876.16308492071,0,68943.74237888957
2024-03-16 16:00:00,104876.16308492071,0,68954.01905080154
2024-03-16 20:00:00,104876.16308492071,0,68963.36308522585
2024-03-17 00:00:00,104876.16308492071,0,69272.22918073063
2024-03-17 04:00:00,104876.16308492071,1,69605.51022018718
2024-03-17 08:00:00,105453.68581129512,1,70008.98120168726
2024-03-17 12:00:00,105931.35777738375,1,70342.69408984105
2024-03-17 16:00:00,108830.81506395184,1,72368.32325351624
2024-03-17 20:00:00,105203.21258048207,1,69833.99470217741
2024-03-18 00:00:00,104971.13821210446,1,69671.86208139182
2024-03-18 04:00:00,103840.7621464861,0,69200.59418515637
2024-03-18 08:00:00,103840.7621464861,1,68759.36438162606
2024-03-18 12:00:00,104242.67680106634,1,69039.50380009058
2024-03-18 16:00:00,102903.02303035204,1,68105.74877524914
2024-03-18 20:00:00,103275.12049379687,-1,68502.62397642176
2024-03-19 00:00:00,103558.09369781936,-1,68305.04842444113
2024-03-19 04:00:00,103648.23181824286,-1,68242.11282261026
2024-03-19 08:00:00,104054.64910865565,-1,67958.34701246876
2024-03-19 12:00:00,104038.36605695779,-1,67969.71604982424
2024-03-19 16:00:00,103997.12457392545,-1,67998.5113868342
2024-03-19 20:00:00,104118.36864648893,-1,67913.85720678963
2024-03-20 00:00:00,104396.61714472166,-1,67719.58050551674
2024-03-20 04:00:00,104221.30352330532,-1,67841.98674408872
2024-03-20 08:00:00,104050.80591948271,-1,67961.03037687011
2024-03-20 12:00:00,103969.60199180628,-1,68017.72800973993
2024-03-20 16:00:00,103898.68579439867,-1,68067.24261623979
2024-03-20 20:00:00,103630.03458014128,-1,68254.81836967738
2024-03-21 00:00:00,104755.68783736082,0,67331.86745452893
2024-03-21 04:00:00,104755.68783736082,-1,65642.07261731706
2024-03-21 08:00:00,103280.89466366277,0,67134.35124730648
2024-03-21 12:00:00,103280.89466366277,-1,65804.21630629984
2024-03-21 16:00:00,103069.16538435106,-1,65946.21718896247
2024-03-21 20:00:00,101967.70660986143,-1,66684.93466206055
2024-03-22 00:00:00,101111.82811490452,0,67197.18269973759
2024-03-22 04:00:00,101111.82811490452,-1,66984.53180837164
2024-03-22 08:00:00,102796.25286458708,-1,65809.90320444715
2024-03-22 12:00:00,105682.8942197377,-1,63796.91241594784
2024-03-22 16:00:00,105323.49450234175,-1,64047.53874305163
2024-03-22 20:00:00,101989.99212581282,-1,66372.14673961488
2024-03-23 00:00:00,101471.08148361644,0,66600.03847347191
2024-03-23 04:00:00,101471.08148361644,0,66450.05396499329
2024-03-23 08:00:00,101471.08148361644,0,65004.844067401275
2024-03-23 12:00:00,101471.08148361644,-1,65861.18620253511
2024-03-23 16:00:00,99939.00372137895,-1,66907.93980179403
2024-03-23 20:00:00,99825.11939721709,0,66854.02602967925
2024-03-24 00:00:00,99825.11939721709,0,66902.59624488628
2024-03-24 04:00:00,99825.11939721709,0,66853.93182323263
2024-03-24 08:00:00,99825.11939721709,0,66470.64774363046
2024-03-24 12:00:00,99825.11939721709,0,66318.21621812622
2024-03-24 16:00:00,99825.11939721709,0,65907.31587147071
2024-03-24 20:00:00,99825.11939721709,0,65876.70321354327
2024-03-25 00:00:00,99825.11939721709,0,65831.32774298752
2024-03-25 04:00:00,99825.11939721709,-1,66039.80317523463
2024-03-25 08:00:00,99575.16710462267,-1,66213.86336438614
2024-03-25 12:00:00,99868.62555587747,-1,66009.50663293418
2024-03-25 16:00:00,100894.67136924325,-1,65294.9953696094
2024-03-25 20:00:00,100983.01373587284,-1,65233.47607372284
2024-03-26 00:00:00,100844.61407390946,-1,65329.85395083614
2024-03-26 04:00:00,100798.65230343977,-1,65361.86051648375
2024-03-26 08:00:00,100739.57521710823,-1,65403.00024244767
2024-03-26 12:00:00,100690.38683715175,-1,65437.25373390563
2024-03-26 16:00:00,100532.37562834131,-1,65547.28857538728
2024-03-26 20:00:00,100399.4984797534,-1,65639.82071972995
2024-03-27 00:00:00,100299.53040375859,0,65577.35624687618
2024-03-27 04:00:00,100299.53040375859,0,65752.530000386
2024-03-27 08:00:00,100299.53040375859,0,65564.25825909093
2024-03-27 12:00:00,100299.53040375859,0,65661.33026327827
2024-03-27 16:00:00,100299.53040375859,0,65523.62997766064
2024-03-27 20:00:00,100299.53040375859,0,65542.37139979214
2024-03-28 00:00:00,100299.53040375859,0,66221.82931359549
2024-03-28 04:00:00,100299.53040375859,0,65305.212895651
2024-03-28 08:00:00,100299.53040375859,0,65173.070984479746
2024-03-28 12:00:00,100299.53040375859,0,65639.5924075131
2024-03-28 16:00:00,100299.53040375859,0,65912.51375525481
2024-03-28 20:00:00,100299.53040375859,0,65248.71661660996
2024-03-29 00:00:00,100299.53040375859,0,65259.743087717085
2024-03-29 04:00:00,100299.53040375859,0,65313.856084037856
2024-03-29 08:00:00,100299.53040375859,0,65307.542061689535
2024-03-29 12:00:00,100299.53040375859,0,65318.33423592121
2024-03-29 16:00:00,100299.53040375859,0,65291.50344533582
2024-03-29 20:00:00,100299.53040375859,0,65270.73977786508
2024-03-30 00:00:00,100299.53040375859,0,65528.405821354565
2024-03-30 04:00:00,100299.53040375859,0,65484.042487475424
2024-03-30 08:00:00,100299.53040375859,0,66241.61517890496
2024-03-30 12:00:00,100299.53040375859,0,66166.8767994027
2024-03-30 16:00:00,100299.53040375859,0,66664.11184620738
2024-03-30 20:00:00,100299.53040375859,0,65729.53015658575
2024-03-31 00:00:00,100299.53040375859,0,64771.39920707572
2024-03-31 04:00:00,100299.53040375859,0,69523.09971436221
2024-03-31 08:00:00,100299.53040375859,1,70392.62398129875
2024-03-31 12:00:00,101433.93543546718,1,71230.67950640652
2024-03-31 16:00:00,102092.15614821747,1,71716.94806978722
2024-03-31 20:00:00,97774.68787984476,0,65690.15109801675
2024-04-01 00:00:00,97774.68787984476,0,66173.96037618155
2024-04-01 04:00:00,97774.68787984476,0,66157.23138261453
2024-04-01 08:00:00,97774.68787984476,0,66280.48212893565
2024-04-01 12:00:00,97774.68787984476,0,66170.48661980443
2024-04-01 16:00:00,97774.68787984476,0,66208.90023609775
2024-04-01 20:00:00,97774.68787984476,0,66199.39244918371
2024-04-02 00:00:00,97774.68787984476,-1,66292.42588055665
2024-04-02 04:00:00,97788.20353825639,-1,66282.77979576282
2024-04-02 08:00:00,97792.80488267599,-1,66279.49583007759
2024-04-02 12:00:00,97825.42259270171,-1,66256.21666844845
2024-04-02 16:00:00,97856.50477699403,-1,66234.033406921
2024-04-02 20:00:00,97890.16457697938,-1,66210.01050881915
2024-04-03 00:00:00,98495.52679019708,-1,65777.96531635917
2024-04-03 04:00:00,98619.12878351515,-1,65689.75094515206
2024-04-03 08:00:00,98610.34715908681,-1,65696.01836411779
2024-04-03 12:00:00,98624.2699192476,-1,65686.08173202892
2024-04-03 16:00:00,98680.57630944879,-1,65645.89603054304
2024-04-03 20:00:00,98675.29710193041,-1,65649.6637850849
2024-04-04 00:00:00,101010.67306545214,-1,63982.91297772436
2024-04-04 04:00:00,100510.30588766765,-1,64340.02352890574
2024-04-04 08:00:00,99444.20203599073,-1,65100.898644205416
2024-04-04 12:00:00,94757.52838193205,-1,68445.76354765246
2024-04-04 16:00:00,97453.44067814483,0,66389.1141913009
2024-04-04 20:00:00,97453.44067814483,0,65906.82082396593
2024-04-05 00:00:00,97453.44067814483,0,66115.47478994819
2024-04-05 04:00:00,97453.44067814483,0,65762.82800988475
2024-04-05 08:00:00,97453.44067814483,0,65345.56896436689
2024-04-05 12:00:00,97453.44067814483,0,65452.29875305254
2024-04-05 16:00:00,97453.44067814483,0,65262.21431295956
2024-04-05 20:00:00,97453.44067814483,0,65400.83843209842
2024-04-06 00:00:00,97453.44067814483,0,64899.37411747538
2024-04-06 04:00:00,97453.44067814483,0,64909.94611748613
2024-04-06 08:00:00,97453.44067814483,0,64930.78274557256
2024-04-06 12:00:00,97453.44067814483,0,65197.2124834103
2024-04-06 16:00:00,97453.44067814483,0,65022.46709600137
2024-04-06 20:00:00,97453.44067814483,0,65052.980890272556
2024-04-07 00:00:00,97453.44067814483,0,64844.80344710322
2024-04-07 04:00:00,97453.44067814483,0,64974.426344030784
2024-04-07 08:00:00,97453.44067814483,0,64933.40081578601
2024-04-07 12:00:00,97453.44067814483,0,64868.38541840835
2024-04-07 16:00:00,97453.44067814483,0,65136.354947247986
2024-04-07 20:00:00,97453.44067814483,0,65312.214879321575
2024-04-08 00:00:00,97453.44067814483,0,62846.91657318635
2024-04-08 04:00:00,97453.44067814483,0,63504.61251388244
2024-04-08 08:00:00,97453.44067814483,-1,60901.10744089673
2024-04-08 12:00:00,95422.94992484617,0,61874.0079125748
2024-04-08 16:00:00,95422.94992484617,-1,63039.32563900174
2024-04-08 20:00:00,93926.112197728,-1,64080.227621980644
2024-04-09 00:00:00,93383.56590298543,-1,64457.514687788826
2024-04-09 04:00:00,93362.80714982926,-1,64471.950338983974
2024-04-09 08:00:00,93677.40470351237,0,64127.10033291154
2024-04-09 12:00:00,93677.40470351237,-1,64201.00896693559
2024-04-09 16:00:00,92480.86814537723,-1,65064.204869391084
2024-04-09 20:00:00,94329.05062070735,0,63602.50172593085
2024-04-10 00:00:00,94329.05062070735,0,63389.41628592371
2024-04-10 04:00:00,94329.05062070735,0,63351.182694497504
2024-04-10 08:00:00,94329.05062070735,0,63561.75201535712
2024-04-10 12:00:00,94329.05062070735,0,63654.622026372395
2024-04-10 16:00:00,94329.05062070735,0,63439.57350289955
2024-04-10 20:00:00,94329.05062070735,0,63189.00425929282
2024-04-11 00:00:00,94329.05062070735,0,63079.234007947125
2024-04-11 04:00:00,94329.05062070735,0,63092.53867984563
2024-04-11 08:00:00,94329.05062070735,0,63192.939338844524
2024-04-11 12:00:00,94329.05062070735,0,63311.87751144537
2024-04-11 16:00:00,94329.05062070735,0,63359.03781216832
2024-04-11 20:00:00,94329.05062070735,0,63089.96691142617
2024-04-12 00:00:00,94329.05062070735,0,62836.88311428976
2024-04-12 04:00:00,94329.05062070735,0,62816.79673730999
2024-04-12 08:00:00,94329.05062070735,0,62775.91230154719
2024-04-12 12:00:00,94329.05062070735,0,62736.26858910803
2024-04-12 16:00:00,94329.05062070735,-1,62571.96943891857
2024-04-12 20:00:00,94351.32903123868,-1,62556.41354552154
2024-04-13 00:00:00,98583.9159260918,-1,59601.01102982503
2024-04-13 04:00:00,98045.01799691505,-1,59977.296345438815
2024-04-13 08:00:00,97000.60171623997,-1,60706.55969667561
2024-04-13 12:00:00,96003.90254011308,-1,61402.504594133
2024-04-13 16:00:00,96275.33957886291,-1,61212.973764145805
2024-04-13 20:00:00,95006.83223233701,-1,62098.70863415187
2024-04-14 00:00:00,95200.78699151149,0,61838.13584350195
2024-04-14 04:00:00,95200.78699151149,0,61668.002082270395
2024-04-14 08:00:00,95200.78699151149,0,61821.66798325011
2024-04-14 12:00:00,95200.78699151149,0,61680.42011136339
2024-04-14 16:00:00,95200.78699151149,0,61504.932124802006
2024-04-14 20:00:00,95200.78699151149,0,61769.635355156744
2024-04-15 00:00:00,95200.78699151149,0,61965.282318044265
2024-04-15 04:00:00,95200.78699151149,0,62017.157734470224
2024-04-15 08:00:00,95200.78699151149,0,62107.04306993912
2024-04-15 12:00:00,95200.78699151149,0,62178.41059819532
2024-04-15 16:00:00,95200.78699151149,0,62182.71303054463
2024-04-15 20:00:00,95200.78699151149,0,62156.375115069925
2024-04-16 00:00:00,95200.78699151149,0,61951.31384689673
2024-04-16 04:00:00,95200.78699151149,0,61770.56253577235
2024-04-16 08:00:00,95200.78699151149,0,61776.24349417244
2024-04-16 12:00:00,95200.78699151149,0,61816.75383058443
2024-04-16 16:00:00,95200.78699151149,0,61815.786213611915
2024-04-16 20:00:00,95200.78699151149,0,61727.090281918914
2024-04-17 00:00:00,95200.78699151149,0,45260.232603027805
2024-04-17 04:00:00,95200.78699151149,-1,45436.165691822025
2024-04-17 08:00:00,99523.89190788944,-1,43264.2982934968
2024-04-17 12:00:00,95631.04511924353,-1,45220.01003088826
2024-04-17 16:00:00,89357.2251728137,0,59756.24166374863
2024-04-17 20:00:00,89357.2251728137,0,57422.22002613679
2024-04-18 00:00:00,89357.2251728137,0,62820.14016739605
2024-04-18 04:00:00,89357.2251728137,0,62621.93475633797
2024-04-18 08:00:00,89357.2251728137,0,62893.88518426386
2024-04-18 12:00:00,89357.2251728137,1,62228.41045724543
2024-04-18 16:00:00,89001.73742969909,1,61967.81906898363
2024-04-18 20:00:00,89039.63587432954,1,61995.60064089574
2024-04-19 00:00:00,89250.30771015717,1,62150.034280955966
2024-04-19 04:00:00,88628.38750237488,1,61694.13375140717
2024-04-19 08:00:00,88299.20618055333,1,61452.82636653996
2024-04-19 12:00:00,88885.08817063816,1,61882.308969276484
2024-04-19 16:00:00,88947.42465306551,1,61928.00492028952
2024-04-19 20:00:00,88915.40281926017,1,61904.53121609676
2024-04-20 00:00:00,88733.66212348086,1,61771.305637622936
2024-04-20 04:00:00,88803.08116621671,1,61822.193481349546
2024-04-20 08:00:00,88318.36518226577,1,61466.87093193119
2024-04-20 12:00:00,88141.20330047439,1,61337.00186719608
2024-04-20 16:00:00,87176.60109230143,1,60629.89723864873
2024-04-20 20:00:00,86731.84804436564,0,60428.32646384415
2024-04-21 00:00:00,86731.84804436564,0,55879.772160623135
2024-04-21 04:00:00,86731.84804436564,-1,60579.93116627463
2024-04-21 08:00:00,105108.27982337923,-1,47068.92299501129
2024-04-21 12:00:00,93930.5005932245,-1,55287.225020743565
2024-04-21 16:00:00,97566.27253559604,-1,52614.075792810654
2024-04-21 20:00:00,93543.14836848225,-1,55572.02019407131
2024-04-22 00:00:00,87696.99819688145,-1,59870.318345137646
2024-04-22 04:00:00,87387.09370158688,-1,60098.17118504632
2024-04-22 08:00:00,86646.69689837511,-1,60642.537326333644
2024-04-22 12:00:00,86539.9824172876,-1,60720.99761956708
2024-04-22 16:00:00,84822.89631808347,-1,61983.46057190173
2024-04-22 20:00:00,85828.00823059448,1,61123.306576960735
2024-04-23 00:00:00,85089.44551452028,1,60569.64857562356
2024-04-23 04:00:00,85508.62818100098,1,60883.88571793766
2024-04-23 08:00:00,85553.80334699908,1,60917.75094234206
2024-04-23 12:00:00,84820.96795093946,0,60490.63299665636
2024-04-23 16:00:00,84820.96795093946,0,60317.4674253432
2024-04-23 20:00:00,84820.96795093946,0,60691.574151855784
2024-04-24 00:00:00,84820.96795093946,0,60322.25286302385
2024-04-24 04:00:00,84820.96795093946,0,60369.76585038316
2024-04-24 08:00:00,84820.96795093946,0,60500.00369244777
2024-04-24 12:00:00,84820.96795093946,0,60542.88447752697
2024-04-24 16:00:00,84820.96795093946,0,60052.56357554241
2024-04-24 20:00:00,84820.96795093946,0,59946.82076781298
2024-04-25 00:00:00,84820.96795093946,0,59367.29084481784
2024-04-25 04:00:00,84820.96795093946,0,59307.11878637662
2024-04-25 08:00:00,84820.96795093946,0,59196.374701661036
2024-04-25 12:00:00,84820.96795093946,-1,59462.36992832169
2024-04-25 16:00:00,85060.5151924323,-1,59285.600743543364
2024-04-25 20:00:00,85358.10114468342,-1,59066.003031404885
2024-04-26 00:00:00,85244.04194938048,-1,59150.17077570669
2024-04-26 04:00:00,85245.62547167826,-1,59149.00224651006
2024-04-26 08:00:00,85298.94462659363,-1,59109.65642274385
2024-04-26 12:00:00,85664.90385484896,-1,58839.60399367953
2024-04-26 16:00:00,85900.72176348421,-1,58665.58679688025
2024-04-26 20:00:00,86387.26644399598,-1,58306.55070029941
2024-04-27 00:00:00,86595.90150621212,-1,58152.59255144207
2024-04-27 04:00:00,86724.42801980974,-1,58057.7489335842
2024-04-27 08:00:00,86874.6715892135,-1,57946.879640679064
2024-04-27 12:00:00,87152.78394511688,-1,57741.65208671748
2024-04-27 16:00:00,87268.33119294925,-1,57656.38626326061
2024-04-27 20:00:00,87576.29012931576,-1,57429.134011105845
2024-04-28 00:00:00,87734.75143017339,-1,57312.200604580474
2024-04-28 04:00:00,87779.9841100378,-1,57278.82203634841
2024-04-28 08:00:00,87858.88406844306,-1,57220.59936077333
2024-04-28 12:00:00,88028.21872371764,-1,57095.64217578942
2024-04-28 16:00:00,88223.90640580923,-1,56951.2382919504
2024-04-28 20:00:00,88274.09330017354,-1,56914.203858374596
2024-04-29 00:00:00,88684.73959261042,-1,56611.17548746146
2024-04-29 04:00:00,88806.15093898257,-1,56521.58236759377
2024-04-29 08:00:00,89132.56760191092,-1,56280.70959843006
2024-04-29 12:00:00,88962.07840117911,-1,56406.518757571524
2024-04-29 16:00:00,89026.3371362187,-1,56359.10028538605
2024-04-29 20:00:00,89070.21258541611,-1,56326.72325888357
2024-04-30 00:00:00,90202.80524842057,-1,55490.94873492107
2024-04-30 04:00:00,89685.56470674397,-1,55872.63623971833
2024-04-30 08:00:00,89871.95130125336,-1,55735.09591088922
2024-04-30 12:00:00,89571.47024337988,-1,55956.83000939359
2024-04-30 16:00:00,89494.35841717382,-1,56013.73316791158
2024-04-30 20:00:00,89906.23995377468,-1,55709.79327281429
2024-05-01 00:00:00,90021.46370023892,-1,55624.76617084202
2024-05-01 04:00:00,90127.40229336524,-1,55546.59086551686
2024-05-01 08:00:00,90274.29713902729,-1,55438.19269756469
2024-05-01 12:00:00,90417.46786430066,-1,55332.54267115246
2024-05-01 16:00:00,90370.33512050437,-1,55367.323354266635
2024-05-01 20:00:00,90416.53544530153,-1,55333.230731450385
2024-05-02 00:00:00,89959.9672875276,-1,55670.14624148707
2024-05-02 04:00:00,89809.88961505641,-1,55780.893114007216
2024-05-02 08:00:00,89945.31414204958,-1,55680.95924256546
2024-05-02 12:00:00,89801.84882251262,0,55667.90191917526
2024-05-02 16:00:00,89801.84882251262,0,55935.22225216478
2024-05-02 20:00:00,89801.84882251262,0,56033.98649098221
2024-05-03 00:00:00,89801.84882251262,0,56168.569099441935
2024-05-03 04:00:00,89801.84882251262,0,56151.5977239855
2024-05-03 08:00:00,89801.84882251262,0,56321.01935142029
2024-05-03 12:00:00,89801.84882251262,0,56330.70005251175
2024-05-03 16:00:00,89801.84882251262,0,56657.987294348124
2024-05-03 20:00:00,89801.84882251262,1,56663.28259204167
2024-05-04 00:00:00,90484.82071585103,1,57116.906231222776
2024-05-04 04:00:00,90502.16721643649,1,57128.42761709441
2024-05-04 08:00:00,90799.4358576298,1,57325.87070977188
2024-05-04 12:00:00,90908.6977785932,1,57398.441471021026
2024-05-04 16:00:00,90963.341587958,1,57434.73538575537
2024-05-04 20:00:00,91046.19909669945,1,57489.7685796765
2024-05-05 00:00:00,91288.2796924172,1,57650.55628100904
2024-05-05 04:00:00,91614.86521744638,1,57867.471377827234
2024-05-05 08:00:00,91662.23340762274,1,57898.93289332854
2024-05-05 12:00:00,91836.8276829949,1,58014.89680245425
2024-05-05 16:00:00,91609.81329677683,1,57864.11593866301
2024-05-05 20:00:00,91640.25150180078,1,57884.33271400586
2024-05-06 00:00:00,91529.81096307808,1,57810.979125699865
2024-05-06 04:00:00,91896.80730613618,1,58054.73471553887
2024-05-06 08:00:00,91985.28866116313,1,58113.50321634907
2024-05-06 12:00:00,91930.17594856092,1,58076.89786040455
2024-05-06 16:00:00,92228.85820512094,1,58275.27986338464
2024-05-06 20:00:00,92314.77066632571,1,58332.342128585944
2024-05-07 00:00:00,92764.94937517302,1,58631.34667940423
2024-05-07 04:00:00,92773.89254566425,1,58637.28665084905
2024-05-07 08:00:00,92858.29969123015,1,58693.34909927183
2024-05-07 12:00:00,93146.49475268424,1,58884.76560388347
2024-05-07 16:00:00,93042.72612508165,1,58815.843437473624
2024-05-07 20:00:00,93183.40909568312,1,58909.28377040314
2024-05-08 00:00:00,93361.7185777003,1,59027.71528555344
2024-05-08 04:00:00,93523.1303828883,1,59134.923519435884
2024-05-08 08:00:00,93553.1267846365,1,59154.84685311342
2024-05-08 12:00:00,93677.371308185,1,59237.36892096149
2024-05-08 16:00:00,93743.98585232177,1,59281.613687442295
2024-05-08 20:00:00,93907.39090314487,1,59390.14581671136
2024-05-09 00:00:00,94079.26214798061,1,59504.301114042675
2024-05-09 04:00:00,93723.59174187062,1,59268.06810717618
2024-05-09 08:00:00,93525.86775891972,1,59136.7416593759
2024-05-09 12:00:00,95059.54648918216,1,60155.39694188775
2024-05-09 16:00:00,95511.75995765376,1,60455.75296130179
2024-05-09 20:00:00,94364.45965566978,1,59693.72667106078
2024-05-10 00:00:00,100547.92058101208,1,63800.724448051355
2024-05-10 04:00:00,103178.5185554096,1,65547.94338635304
2024-05-10 08:00:00,104190.88030679231,1,66220.34473450403
2024-05-10 12:00:00,101507.28118771076,1,64437.92292421473
2024-05-10 16:00:00,99659.4063453305,1,63210.58147879394
2024-05-10 20:00:00,96373.62003779846,1,61028.19248602237
2024-05-11 00:00:00,100511.22816667316,0,63889.68024968704
2024-05-11 04:00:00,100511.22816667316,1,62711.05551902818
2024-05-11 08:00:00,100332.28932488951,1,62593.53585327558
2024-05-11 12:00:00,99943.1097608281,0,62463.360846156684
2024-05-11 16:00:00,99943.1097608281,0,61890.99728914921
2024-05-11 20:00:00,99943.1097608281,0,61565.99457432466
2024-05-12 00:00:00,99943.1097608281,0,61557.85888002916
2024-05-12 04:00:00,99943.1097608281,0,61743.286475274515
2024-05-12 08:00:00,99943.1097608281,0,62045.59889478398
2024-05-12 12:00:00,99943.1097608281,0,61965.03251107585
2024-05-12 16:00:00,99943.1097608281,0,61916.55853593234
2024-05-12 20:00:00,99943.1097608281,0,62096.40067200024
2024-05-13 00:00:00,99943.1097608281,0,62405.78794551053
2024-05-13 04:00:00,99943.1097608281,0,62323.08220880183
2024-05-13 08:00:00,99943.1097608281,0,61970.59115433797
2024-05-13 12:00:00,99943.1097608281,0,61972.618369397154
2024-05-13 16:00:00,99943.1097608281,0,62971.5759036323
2024-05-13 20:00:00,99943.1097608281,0,63136.621219074965
2024-05-14 00:00:00,99943.1097608281,1,62522.34952373053
2024-05-14 04:00:00,100840.99834167023,0,63238.65800136396
2024-05-14 08:00:00,100840.99834167023,1,62814.02220789473
2024-05-14 12:00:00,103242.53333114859,1,64388.6749012996
2024-05-14 16:00:00,103651.00798458364,1,64656.50598268595
2024-05-14 20:00:00,103157.19533202547,1,64332.719976321314
2024-05-15 00:00:00,102681.38337689948,1,64020.736773921206
2024-05-15 04:00:00,103165.4089836618,1,64338.10555210034
2024-05-15 08:00:00,103011.76108409114,1,64237.360786791935
2024-05-15 12:00:00,103506.14344721219,1,64561.52034435454
2024-05-15 16:00:00,104299.03564569337,1,65081.40859973628
2024-05-15 20:00:00,103812.86999446627,1,64762.63662452056
2024-05-16 00:00:00,103852.66178207714,1,64788.72753962751
2024-05-16 04:00:00,104017.95588660987,1,64897.10855762089
2024-05-16 08:00:00,104452.64895155893,1,65182.130682439136
2024-05-16 12:00:00,105192.53451793043,1,65667.26323516172
2024-05-16 16:00:00,105239.78342404267,1,65698.24367791857
2024-05-16 20:00:00,105081.90926386375,1,65594.7278130097
2024-05-17 00:00:00,105307.37202153874,1,65742.56057005502
2024-05-17 04:00:00,105266.09333603703,1,65715.49471692764
2024-05-17 08:00:00,105198.42417923285,1,65671.12500318665
2024-05-17 12:00:00,105155.89295840281,1,65643.23788027266
2024-05-17 16:00:00,105135.00372699596,1,65629.54110523417
2024-05-17 20:00:00,105153.36566840243,1,65641.58077178849
2024-05-18 00:00:00,105639.11237733887,1,65960.07805244041
2024-05-18 04:00:00,105778.44413176247,1,66051.43592286129
2024-05-18 08:00:00,105728.38473746229,1,66018.61268255442
2024-05-18 12:00:00,105860.44749731626,1,66105.20437553979
2024-05-18 16:00:00,106203.03555244501,1,66329.83454170448
2024-05-18 20:00:00,106344.93917531653,1,66422.87875007017
2024-05-19 00:00:00,107313.13867078375,1,67057.71353281129
2024-05-19 04:00:00,108667.85773252664,1,67945.98375528418
2024-05-19 08:00:00,108875.456454613,1,68082.10331561243
2024-05-19 12:00:00,109150.57972051395,1,68262.49776897968
2024-05-19 16:00:00,107369.8675464986,1,67094.9098582155
2024-05-19 20:00:00,106411.95531513783,1,66466.82028976605
2024-05-20 00:00:00,105689.89761897968,0,66119.00526504875
2024-05-20 04:00:00,105689.89761897968,0,65235.61842954457
2024-05-20 08:00:00,105689.89761897968,0,63093.7204971098
2024-05-20 12:00:00,105689.89761897968,-1,64845.90422369863
2024-05-20 16:00:00,103888.71253450774,-1,66009.18301439843
2024-05-20 20:00:00,102921.12328295496,0,67087.64250561332
2024-05-21 00:00:00,102921.12328295496,0,66962.34088843907
2024-05-21 04:00:00,102921.12328295496,0,66890.3560358997
2024-05-21 08:00:00,102921.12328295496,0,66962.51777624799
2024-05-21 12:00:00,102921.12328295496,0,66967.23845257983
2024-05-21 16:00:00,102921.12328295496,0,66854.2308113009
2024-05-21 20:00:00,102921.12328295496,0,66798.23925082521
2024-05-22 00:00:00,102921.12328295496,0,66756.87387277916
2024-05-22 04:00:00,102921.12328295496,0,66844.0610913127
2024-05-22 08:00:00,102921.12328295496,0,66823.46129614407
2024-05-22 12:00:00,102921.12328295496,0,66700.57347143214
2024-05-22 16:00:00,102921.12328295496,0,66727.51590159786
2024-05-22 20:00:00,102921.12328295496,0,66616.35583614127
2024-05-23 00:00:00,102921.12328295496,0,67105.17395142285
2024-05-23 04:00:00,102921.12328295496,1,67303.28080047187
2024-05-23 08:00:00,103337.02288763376,0,67724.17106100896
2024-05-23 12:00:00,103337.02288763376,1,67773.27503493035
2024-05-23 16:00:00,103240.48167466997,1,67706.6263364284
2024-05-23 20:00:00,103099.89826255714,1,67609.57243415562
2024-05-24 00:00:00,103206.55827019003,1,67683.2067968563
2024-05-24 04:00:00,103236.81846194527,1,67704.0973816645
2024-05-24 08:00:00,103033.86934824933,1,67563.9883663051
2024-05-24 12:00:00,102697.9922182751,0,67467.65701799234
2024-05-24 16:00:00,102697.9922182751,0,67604.5519215819
2024-05-24 20:00:00,102697.9922182751,0,67759.40703618224
2024-05-25 00:00:00,102697.9922182751,0,70448.59092033195
2024-05-25 04:00:00,102697.9922182751,1,70975.7102768554
2024-05-25 08:00:00,101076.11765307307,0,56884.51082816611
2024-05-25 12:00:00,101076.11765307307,-1,65084.18958225823
2024-05-25 16:00:00,102819.69043639113,-1,63902.39110763646
2024-05-25 20:00:00,102035.53511086588,-1,64433.89376496099
2024-05-26 00:00:00,98960.05279972825,-1,66518.46421639461
2024-05-26 04:00:00,98891.03508963155,-1,66565.24461196775
2024-05-26 08:00:00,98581.53240295906,-1,66775.02639251655
2024-05-26 12:00:00,98841.66667624448,-1,66598.70665966289
2024-05-26 16:00:00,99361.77061389854,-1,66246.1787663365
2024-05-26 20:00:00,99531.36538908414,-1,66131.2269567328
2024-05-27 00:00:00,96274.47488483816,-1,68338.75638524529
2024-05-27 04:00:00,94299.98954641762,0,70820.3774039758
2024-05-27 08:00:00,94299.98954641762,1,67575.71111306736
2024-05-27 12:00:00,93729.00551459969,1,67145.0066841832
2024-05-27 16:00:00,94952.63829035661,1,68068.0168324151
2024-05-27 20:00:00,93116.32497539536,1,66682.84976381142
2024-05-28 00:00:00,93951.6927937232,1,67312.98405663141
2024-05-28 04:00:00,93779.19492177236,0,67318.01695840475
2024-05-28 08:00:00,93779.19492177236,0,67630.05176143622
2024-05-28 12:00:00,93779.19492177236,0,67562.9847245302
2024-05-28 16:00:00,93779.19492177236,0,67558.52871638922
2024-05-28 20:00:00,93779.19492177236,0,67551.99883134688
2024-05-29 00:00:00,93779.19492177236,0,67647.0735610485
2024-05-29 04:00:00,93779.19492177236,0,67762.66010397497
2024-05-29 08:00:00,93779.19492177236,0,67801.25520316849
2024-05-29 12:00:00,93779.19492177236,0,67676.77245185614
2024-05-29 16:00:00,93779.19492177236,0,67767.36582964442
2024-05-29 20:00:00,93779.19492177236,0,67891.02348075234
2024-05-30 00:00:00,93779.19492177236,0,68047.73094724592
2024-05-30 04:00:00,93779.19492177236,0,68026.73636189659
2024-05-30 08:00:00,93779.19492177236,0,67994.67663544536
2024-05-30 12:00:00,93779.19492177236,0,67980.42739496173
2024-05-30 16:00:00,93779.19492177236,0,67958.52855831585
2024-05-30 20:00:00,93779.19492177236,0,67933.78652076851
2024-05-31 00:00:00,93779.19492177236,0,68075.67055926584
2024-05-31 04:00:00,93779.19492177236,0,67410.1534375175
2024-05-31 08:00:00,93779.19492177236,0,67538.86734830368
2024-05-31 12:00:00,93779.19492177236,0,68050.44983734793
2024-05-31 16:00:00,93779.19492177236,0,67774.57246487957
2024-05-31 20:00:00,93779.19492177236,0,67484.31710675453
2024-06-01 00:00:00,93779.19492177236,0,64038.677123610985
2024-06-01 04:00:00,93779.19492177236,-1,60047.23536844136
2024-06-01 08:00:00,90700.57221259577,0,70659.59291525613
2024-06-01 12:00:00,90700.57221259577,-1,77247.4807484953
2024-06-01 16:00:00,99620.87534224553,1,69095.92669036609
2024-06-01 20:00:00,94220.58120445666,1,65153.2069957009
2024-06-02 00:00:00,96749.44763388182,1,66999.51596000385
2024-06-02 04:00:00,97043.2623727793,1,67214.02819361123
2024-06-02 08:00:00,97012.99379953975,1,67191.9293047737
2024-06-02 12:00:00,96592.07335705194,0,67022.80987544653
2024-06-02 16:00:00,96592.07335705194,0,67190.08255747183
2024-06-02 20:00:00,96592.07335705194,0,67410.1579924561
2024-06-03 00:00:00,96592.07335705194,0,67691.40406626918
2024-06-03 04:00:00,96592.07335705194,0,67693.51395652298
2024-06-03 08:00:00,96592.07335705194,0,67682.06456840661
2024-06-03 12:00:00,96592.07335705194,0,67638.73050907605
2024-06-03 16:00:00,96592.07335705194,0,67623.84474629039
2024-06-03 20:00:00,96592.07335705194,0,67650.87226795983
2024-06-04 00:00:00,96592.07335705194,0,67754.14793730795
2024-06-04 04:00:00,96592.07335705194,0,68098.28977377551
2024-06-04 08:00:00,96592.07335705194,0,67526.28040518562
2024-06-04 12:00:00,96592.07335705194,0,68029.89094611093
2024-06-04 16:00:00,96592.07335705194,0,68256.1090058615
2024-06-04 20:00:00,96592.07335705194,0,68825.00773268855
2024-06-05 00:00:00,96592.07335705194,1,65241.1840916061
2024-06-05 04:00:00,94689.60301392365,0,60427.76514446127
2024-06-05 08:00:00,94689.60301392365,-1,59979.38939859412
2024-06-05 12:00:00,91383.43790821671,0,64384.72330951037
2024-06-05 16:00:00,91383.43790821671,0,68200.48234445488
2024-06-05 20:00:00,91383.43790821671,0,69307.0147147669
2024-06-06 00:00:00,91383.43790821671,0,70381.14243277138
2024-06-06 04:00:00,91383.43790821671,1,69690.62904563751
2024-06-06 08:00:00,91538.27679633572,1,69814.92681384244
2024-06-06 12:00:00,92019.88659199936,1,70201.54172353238
2024-06-06 16:00:00,93117.22974012977,1,71082.43996508232
2024-06-06 20:00:00,93669.38365116874,1,71525.68455099678
2024-06-07 00:00:00,93181.52056758781,1,71134.04978007234
2024-06-07 04:00:00,91797.32988229522,1,70022.88310197218
2024-06-07 08:00:00,92081.30058186744,1,70250.8421413402
2024-06-07 12:00:00,91547.94120545208,1,69822.68497136202
2024-06-07 16:00:00,91465.01097287911,1,69756.11227150116
2024-06-07 20:00:00,91429.63442922353,1,69727.71355670405
2024-06-08 00:00:00,91770.13417994328,1,70001.05160248149
2024-06-08 04:00:00,91773.3948592384,1,70003.66913070154
2024-06-08 08:00:00,91774.80383396824,1,70004.80019290758
2024-06-08 12:00:00,91593.89373215841,0,69998.95487275448
2024-06-08 16:00:00,91593.89373215841,0,69996.99141743113
2024-06-08 20:00:00,91593.89373215841,0,69996.14670339118
2024-06-09 00:00:00,91593.89373215841,0,70431.20118434398
2024-06-09 04:00:00,91593.89373215841,0,69686.10429578576
2024-06-09 08:00:00,91593.89373215841,0,67424.84636912313
2024-06-09 12:00:00,91593.89373215841,0,68362.77013974795
2024-06-09 16:00:00,91593.89373215841,-1,68563.53079192332
2024-06-09 20:00:00,92165.78305608526,-1,68112.90604675839
2024-06-10 00:00:00,92217.37594166546,-1,68072.25302187368
2024-06-10 04:00:00,92082.92512573804,-1,68178.19461254457
2024-06-10 08:00:00,92719.1849939915,-1,67676.84858457246
2024-06-10 12:00:00,92410.06406760236,-1,67920.42287919781
2024-06-10 16:00:00,92096.34074424845,-1,68167.62366914774
2024-06-10 20:00:00,91668.77115530564,-1,68504.53053031213
2024-06-11 00:00:00,91113.41891563816,-1,68942.12474829571
2024-06-11 04:00:00,90948.07850762169,0,68935.27897735791
2024-06-11 08:00:00,90948.07850762169,0,68932.14315930512
2024-06-11 12:00:00,90948.07850762169,0,68917.66404999641
2024-06-11 16:00:00,90948.07850762169,0,68953.36208083085
2024-06-11 20:00:00,90948.07850762169,0,68935.34224514481
2024-06-12 00:00:00,90948.07850762169,0,68538.85645433098
2024-06-12 04:00:00,90948.07850762169,0,68477.21629166718
2024-06-12 08:00:00,90948.07850762169,-1,68372.98715709467
2024-06-12 12:00:00,91111.22549444195,-1,68243.88114156277
2024-06-12 16:00:00,90983.8592695333,-1,68344.67212846228
2024-06-12 20:00:00,91072.95619908394,-1,68274.16546576135
2024-06-13 00:00:00,90651.10685634596,-1,68607.99503170761
2024-06-13 04:00:00,90443.44179430173,0,68635.58435556997
2024-06-13 08:00:00,90443.44179430173,0,68651.2775306159
2024-06-13 12:00:00,90443.44179430173,0,68665.84502875472
2024-06-13 16:00:00,90443.44179430173,0,68763.19461785041
2024-06-13 20:00:00,90443.44179430173,0,68824.74821027751
2024-06-14 00:00:00,90443.44179430173,0,69070.48055225851
2024-06-14 04:00:00,90443.44179430173,1,68805.3347415375
2024-06-14 08:00:00,90725.14702316909,1,69030.92291821717
2024-06-14 12:00:00,90416.95734382507,1,68784.12612245217
2024-06-14 16:00:00,89813.77365662374,1,68301.09956044704
2024-06-14 20:00:00,89915.21817632267,0,68519.94650774093
2024-06-15 00:00:00,89915.21817632267,-1,68614.03951597898
2024-06-15 04:00:00,89620.41058932844,-1,68850.846679952
2024-06-15 08:00:00,91123.3907324465,0,67506.334660814
2024-06-15 12:00:00,91123.3907324465,-1,66723.44728210365
2024-06-15 16:00:00,90987.93795731851,-1,66827.8502648449
2024-06-15 20:00:00,91685.84653960832,-1,66289.92302339168
2024-06-16 00:00:00,93593.88596968747,-1,64819.26280620542
2024-06-16 04:00:00,93798.06484522988,-1,64661.887783071026
2024-06-16 08:00:00,93905.09957390235,-1,64579.38858791058
2024-06-16 12:00:00,92794.37950563038,-1,65435.49868243322
2024-06-16 16:00:00,91285.61951949402,-1,66598.40614331372
2024-06-16 20:00:00,94789.33323537656,0,63764.400605606315
2024-06-17 00:00:00,94789.33323537656,-1,63528.01151478225
2024-06-17 04:00:00,94433.44354732925,-1,63779.083116113055
2024-06-17 08:00:00,94526.05039940041,-1,63713.751212929004
2024-06-17 12:00:00,94447.80797779803,-1,63768.9493564647
2024-06-17 16:00:00,94741.64430577097,-1,63561.65490576535
2024-06-17 20:00:00,95023.75834051309,-1,63362.630250543574
2024-06-18 00:00:00,93755.82746576193,-1,64257.12493749902
2024-06-18 04:00:00,93406.30787341372,-1,64503.70258977338
2024-06-18 08:00:00,93591.88628941364,-1,64372.781487975844
2024-06-18 12:00:00,92292.79018382181,-1,65289.26249450111
2024-06-18 16:00:00,93111.83809330098,0,64584.38790266758
2024-06-18 20:00:00,93111.83809330098,0,64127.41873706433
2024-06-19 00:00:00,93111.83809330098,0,63600.820817778724
2024-06-19 04:00:00,93111.83809330098,-1,63860.18038348818
2024-06-19 08:00:00,92887.54989917109,-1,64022.103200159334
2024-06-19 12:00:00,92417.73943427786,0,64233.55822074589
2024-06-19 16:00:00,92417.73943427786,0,64035.721586996275
2024-06-19 20:00:00,92417.73943427786,0,63856.65843672531
2024-06-20 00:00:00,92417.73943427786,0,63469.93899701417
2024-06-20 04:00:00,92417.73943427786,0,63732.23832092169
2024-06-20 08:00:00,92417.73943427786,0,63149.86926597132
2024-06-20 12:00:00,92417.73943427786,0,62723.33210292196
2024-06-20 16:00:00,92417.73943427786,-1,62799.07759955231
2024-06-20 20:00:00,92239.23345200597,-1,62926.758840032504
2024-06-21 00:00:00,93102.88678235843,-1,62309.00739461432
2024-06-21 04:00:00,93279.06186040617,-1,62182.99339653682
2024-06-21 08:00:00,93116.19669468659,-1,62299.487119186495
2024-06-21 12:00:00,93335.1153966779,-1,62142.89958593515
2024-06-21 16:00:00,93447.57406896562,-1,62062.46047348803
2024-06-21 20:00:00,93479.90599743815,-1,62039.334185607084
2024-06-22 00:00:00,90545.4054036414,0,54358.05023423784
2024-06-22 04:00:00,90545.4054036414,-1,59287.553736675756
2024-06-22 08:00:00,86063.19497961676,0,77742.42206142965
2024-06-22 12:00:00,86063.19497961676,1,97178.46203942146
2024-06-22 16:00:00,78073.68970998775,0,63324.50194669135
2024-06-22 20:00:00,78073.68970998775,1,53689.92829161768
2024-06-23 00:00:00,91911.01821546681,1,63706.446059927606
2024-06-23 04:00:00,91753.23450748803,1,63592.230132055876
2024-06-23 08:00:00,91643.34967082832,1,63512.68707441769
2024-06-23 12:00:00,91352.36005510727,1,63302.04651217986
2024-06-23 16:00:00,91225.72214295657,0,63317.756152456765
2024-06-23 20:00:00,91225.72214295657,0,62831.63327605677
2024-06-24 00:00:00,91225.72214295657,0,62220.7056907448
2024-06-24 04:00:00,91225.72214295657,0,62463.80833668093
2024-06-24 08:00:00,91225.72214295657,0,62017.586396576655
2024-06-24 12:00:00,91225.72214295657,0,62042.20660263095
2024-06-24 16:00:00,91225.72214295657,0,61889.56013823193
2024-06-24 20:00:00,91225.72214295657,0,61610.6727926275
2024-06-25 00:00:00,91225.72214295657,0,59433.96780068436
2024-06-25 04:00:00,91225.72214295657,0,59799.77521949953
2024-06-25 08:00:00,91225.72214295657,0,58599.98653848935
2024-06-25 12:00:00,91225.72214295657,0,58352.34159751648
2024-06-25 16:00:00,91225.72214295657,0,59687.10367839456
2024-06-25 20:00:00,91225.72214295657,0,60734.4575253664
2024-06-26 00:00:00,91225.72214295657,0,62914.115777911014
2024-06-26 04:00:00,91225.72214295657,0,64033.6716813596
2024-06-26 08:00:00,91225.72214295657,0,62111.80189840658
2024-06-26 12:00:00,91225.72214295657,0,63166.72771456507
2024-06-26 16:00:00,91225.72214295657,0,62575.94419877212
2024-06-26 20:00:00,91225.72214295657,0,60770.410931860475
2024-06-27 00:00:00,91225.72214295657,0,60769.48969633947
2024-06-27 04:00:00,91225.72214295657,0,60665.02428447496
2024-06-27 08:00:00,91225.72214295657,0,60532.93703285356
2024-06-27 12:00:00,91225.72214295657,0,60623.72198331967
2024-06-27 16:00:00,91225.72214295657,0,60687.036579327505
2024-06-27 20:00:00,91225.72214295657,0,60814.84479007162
2024-06-28 00:00:00,91225.72214295657,0,61203.23018593435
2024-06-28 04:00:00,91225.72214295657,0,61088.33799620466
2024-06-28 08:00:00,91225.72214295657,0,60404.500241944
2024-06-28 12:00:00,91225.72214295657,0,59697.57615746729
2024-06-28 16:00:00,91225.72214295657,0,59465.42413636095
2024-06-28 20:00:00,91225.72214295657,0,59971.05779452281
2024-06-29 00:00:00,91225.72214295657,0,60322.23009858027
2024-06-29 04:00:00,91225.72214295657,0,60310.974725713015
2024-06-29 08:00:00,91225.72214295657,0,60321.92324457959
2024-06-29 12:00:00,91225.72214295657,0,60191.49099563676
2024-06-29 16:00:00,91225.72214295657,0,60300.25318855339
2024-06-29 20:00:00,91225.72214295657,0,60305.76419656663
2024-06-30 00:00:00,91225.72214295657,0,60517.044115077406
2024-06-30 04:00:00,91225.72214295657,0,60258.63571868209
2024-06-30 08:00:00,91225.72214295657,0,60368.67301252548
2024-06-30 12:00:00,91225.72214295657,0,60564.19021238765
2024-06-30 16:00:00,91225.72214295657,0,60220.45420725506
2024-06-30 20:00:00,91225.72214295657,0,60191.23337202209
2024-07-01 00:00:00,91225.72214295657,0,59415.236619002666
2024-07-01 04:00:00,91225.72214295657,-1,59924.23831393309
2024-07-01 08:00:00,91717.13244406231,-1,59584.452014727096
2024-07-01 12:00:00,90150.28874185559,0,60482.166033008914
2024-07-01 16:00:00,90150.28874185559,0,59880.437561026694
2024-07-01 20:00:00,90150.28874185559,0,59980.78168656589
2024-07-02 00:00:00,90150.28874185559,0,59909.56790957491
2024-07-02 04:00:00,90150.28874185559,0,59860.75445298328
2024-07-02 08:00:00,90150.28874185559,0,59662.355471476905
2024-07-02 12:00:00,90150.28874185559,0,59635.554051223175
2024-07-02 16:00:00,90150.28874185559,0,59788.49128224678
2024-07-02 20:00:00,90150.28874185559,0,59768.19450837338
2024-07-03 00:00:00,90150.28874185559,0,59901.543362202654
2024-07-03 04:00:00,90150.28874185559,0,60077.35990836279
2024-07-03 08:00:00,90150.28874185559,0,60034.667819699316
2024-07-03 12:00:00,90150.28874185559,0,60217.033737168014
2024-07-03 16:00:00,90150.28874185559,0,59947.867864978056
2024-07-03 20:00:00,90150.28874185559,0,60086.97813753937
2024-07-04 00:00:00,90150.28874185559,0,59703.84441836021
2024-07-04 04:00:00,90150.28874185559,0,59808.64100529001
2024-07-04 08:00:00,90150.28874185559,0,59784.48954193263
2024-07-04 12:00:00,90150.28874185559,0,59664.32892004597
2024-07-04 16:00:00,90150.28874185559,-1,58914.102456488145
2024-07-04 20:00:00,90302.94630210273,-1,58809.088540040815
2024-07-05 00:00:00,90482.03670525599,-1,58685.891335769986
2024-07-05 04:00:00,90233.6291090992,-1,58856.77219162448
2024-07-05 08:00:00,89925.76147194348,-1,59068.555913785145
2024-07-05 12:00:00,90133.62149640227,-1,58925.56793987861
2024-07-05 16:00:00,90061.55428914195,-1,58975.14334033421
2024-07-05 20:00:00,90273.59772057067,-1,58829.2775793774
2024-07-06 00:00:00,88966.46318703095,0,62503.8812342434
2024-07-06 04:00:00,88966.46318703095,1,57862.802585783684
2024-07-06 08:00:00,95135.49629100451,0,62201.97116454038
2024-07-06 12:00:00,95135.49629100451,1,61921.9780154868
2024-07-06 16:00:00,92540.06292300801,1,60143.74564697946
2024-07-06 20:00:00,91444.8085487258,0,58023.773613953425
2024-07-07 00:00:00,91444.8085487258,0,58665.87281339247
2024-07-07 04:00:00,91444.8085487258,-1,58529.16976470698
2024-07-07 08:00:00,91609.79078767066,-1,58418.01530386633
2024-07-07 12:00:00,91618.19419139753,-1,58412.353628909914
2024-07-07 16:00:00,91526.5997115586,-1,58474.06412021849
2024-07-07 20:00:00,91480.32489182404,-1,58505.24112854976
2024-07-08 00:00:00,91775.62605539036,-1,58306.286126897714
2024-07-08 04:00:00,91737.62413468302,-1,58331.88938597668
2024-07-08 08:00:00,91596.67778489355,-1,58426.850004880296
2024-07-08 12:00:00,91449.5803983461,-1,58525.954798204235
2024-07-08 16:00:00,91599.09458224427,-1,58425.22172168933
2024-07-08 20:00:00,91471.43754857089,-1,58511.22885094902
2024-07-09 00:00:00,91484.2907631421,-1,58502.569178581434
2024-07-09 04:00:00,91499.87113261856,-1,58492.0721239898
2024-07-09 08:00:00,91434.35254013471,-1,58536.21435329373
2024-07-09 12:00:00,91333.59600179062,-1,58604.09765253513
2024-07-09 16:00:00,91349.19929616655,-1,58593.58515261522
2024-07-09 20:00:00,91293.7828732873,-1,58630.92118736814
2024-07-10 00:00:00,92816.49860370964,-1,57605.01290105103
2024-07-10 04:00:00,91029.70702248075,-1,58808.838574143636
2024-07-10 08:00:00,88927.18576895962,-1,60225.38266904631
2024-07-10 12:00:00,86987.74926210665,0,62453.065972547774
2024-07-10 16:00:00,86987.74926210665,1,61509.829313955976
2024-07-10 20:00:00,85066.34666751683,0,59155.17267809185
2024-07-11 00:00:00,85066.34666751683,0,58764.415971293325
2024-07-11 04:00:00,85066.34666751683,0,59273.31235240952
2024-07-11 08:00:00,85066.34666751683,0,59116.40718134669
2024-07-11 12:00:00,85066.34666751683,0,59476.73851342651
2024-07-11 16:00:00,85066.34666751683,0,59464.3465321912
2024-07-11 20:00:00,85066.34666751683,0,59372.083343503495
2024-07-12 00:00:00,85066.34666751683,0,60142.11813080098
2024-07-12 04:00:00,85066.34666751683,0,60506.01319364097
2024-07-12 08:00:00,85066.34666751683,0,60341.61744911405
2024-07-12 12:00:00,85066.34666751683,1,59926.17503646735
2024-07-12 16:00:00,84934.17299022991,0,59948.015184973636
2024-07-12 20:00:00,84934.17299022991,0,59715.45080365262
2024-07-13 00:00:00,84934.17299022991,0,59502.27570613153
2024-07-13 04:00:00,84934.17299022991,0,59911.06699174886
2024-07-13 08:00:00,84934.17299022991,0,59868.49569626736
2024-07-13 12:00:00,84934.17299022991,0,59385.79436466402
2024-07-13 16:00:00,84934.17299022991,0,59171.44755921789
2024-07-13 20:00:00,84934.17299022991,0,60019.88905852042
2024-07-14 00:00:00,84934.17299022991,0,59195.49096405508
2024-07-14 04:00:00,84934.17299022991,0,58830.287508529196
2024-07-14 08:00:00,84934.17299022991,0,59414.632569026115
2024-07-14 12:00:00,84934.17299022991,0,60321.3768214473
2024-07-14 16:00:00,84934.17299022991,0,60287.22880269772
2024-07-14 20:00:00,84934.17299022991,1,60280.272603515965
2024-07-15 00:00:00,84869.1108269447,1,60231.6657353853
2024-07-15 04:00:00,84926.18271813294,1,60274.30320313739
2024-07-15 08:00:00,84931.55100932081,1,60278.313764862985
2024-07-15 12:00:00,84956.07147032126,1,60296.63259648755
2024-07-15 16:00:00,84970.06920892814,1,60307.090075923166
2024-07-15 20:00:00,85007.77841974098,1,60335.26200480995
2024-07-16 00:00:00,84880.37815722704,1,60240.083371835804
2024-07-16 04:00:00,84845.30993046942,1,60213.88447853876
2024-07-16 08:00:00,84904.61067475523,1,60258.18708564567
2024-07-16 12:00:00,84910.02557461587,1,60262.23246794126
2024-07-16 16:00:00,84914.42416558748,1,60265.5185826433
2024-07-16 20:00:00,84688.61726223031,0,60217.3825180195
2024-07-17 00:00:00,84688.61726223031,0,60626.36873347715
2024-07-17 04:00:00,84688.61726223031,1,60512.80086200815
2024-07-17 08:00:00,84724.67795968994,1,60539.9235501116
2024-07-17 12:00:00,84838.2175841741,1,60625.321227894
2024-07-17 16:00:00,85044.268362866,1,60780.300232673064
2024-07-17 20:00:00,84964.63872738753,1,60720.40760942883
2024-07-18 00:00:00,85015.43343354171,1,60758.61233283631
2024-07-18 04:00:00,84879.8469355094,1,60656.6323225693
2024-07-18 08:00:00,84774.27255681784,1,60577.22562367859
2024-07-18 12:00:00,84766.74037223407,1,60571.56036738586
2024-07-18 16:00:00,84772.07446725105,1,60575.57235288952
2024-07-18 20:00:00,84794.32930835568,1,60592.311106063884
2024-07-19 00:00:00,87073.5202030822,1,62306.58143694376
2024-07-19 04:00:00,85933.69575062131,1,61449.274027640706
2024-07-19 08:00:00,85931.18682208317,1,61447.38696246983
2024-07-19 12:00:00,84817.18194764131,1,60609.49948708116
2024-07-19 16:00:00,84155.02279485078,0,59797.610664299245
2024-07-19 20:00:00,84155.02279485078,0,60532.229923087965
2024-07-20 00:00:00,84155.02279485078,0,60566.54499660526
2024-07-20 04:00:00,84155.02279485078,0,60602.41339596984
2024-07-20 08:00:00,84155.02279485078,0,60576.78800220571
2024-07-20 12:00:00,84155.02279485078,0,60587.89959207348
2024-07-20 16:00:00,84155.02279485078,0,60599.11324192762
2024-07-20 20:00:00,84155.02279485078,0,60620.31314485128
2024-07-21 00:00:00,84155.02279485078,0,61458.26950558772
2024-07-21 04:00:00,84155.02279485078,1,61222.7663224956
2024-07-21 08:00:00,84455.83931009246,1,61453.12839536331
2024-07-21 12:00:00,83961.3226630877,1,61074.43283145757
2024-07-21 16:00:00,83553.23248678606,1,60761.921735269025
2024-07-21 20:00:00,83705.53746558496,0,61001.00079315779
2024-07-22 00:00:00,83705.53746558496,0,60956.05658480894
2024-07-22 04:00:00,83705.53746558496,1,61009.452201792104
2024-07-22 08:00:00,83161.74450302974,1,60592.24392669883
2024-07-22 12:00:00,82902.44563447217,0,60515.32382097583
2024-07-22 16:00:00,82902.44563447217,0,60496.557429460074
2024-07-22 20:00:00,82902.44563447217,0,60980.824318887106
2024-07-23 00:00:00,82902.44563447217,0,60955.99334713641
2024-07-23 04:00:00,82902.44563447217,0,61262.565308419216
2024-07-23 08:00:00,82902.44563447217,1,61113.83481912378
2024-07-23 12:00:00,82767.46373144348,1,61009.092029830164
2024-07-23 16:00:00,82501.35419076157,1,60802.59727073093
2024-07-23 20:00:00,82189.91966721335,0,60683.15905815208
2024-07-24 00:00:00,82189.91966721335,0,60799.203159788696
2024-07-24 04:00:00,82189.91966721335,0,60780.026022771875
2024-07-24 08:00:00,82189.91966721335,0,61634.70422553116
2024-07-24 12:00:00,82189.91966721335,0,61541.468552828024
2024-07-24 16:00:00,82189.91966721335,1,61103.00990380298
2024-07-24 20:00:00,81777.91705162099,1,60780.59106034402
2024-07-25 00:00:00,81686.81155223586,0,60831.501101357244
2024-07-25 04:00:00,81686.81155223586,0,60751.00538397655
2024-07-25 08:00:00,81686.81155223586,0,61105.62674037105
2024-07-25 12:00:00,81686.81155223586,0,61399.29926602799
2024-07-25 16:00:00,81686.81155223586,0,61475.42939686239
2024-07-25 20:00:00,81686.81155223586,0,61417.86701585289
2024-07-26 00:00:00,81686.81155223586,1,61150.58510429189
2024-07-26 04:00:00,81634.29702786868,0,61231.50493894253
2024-07-26 08:00:00,81634.29702786868,0,61189.92549631491
2024-07-26 12:00:00,81634.29702786868,0,61483.648747146035
2024-07-26 16:00:00,81634.29702786868,0,62015.670210706245
2024-07-26 20:00:00,81634.29702786868,1,62254.306390720194
2024-07-27 00:00:00,81394.23121803493,1,62061.59674701911
2024-07-27 04:00:00,81305.25551594626,1,61990.17268267846
2024-07-27 08:00:00,81442.06100486314,1,62099.99147379985
2024-07-27 12:00:00,81595.11873806654,1,62222.85653839087
2024-07-27 16:00:00,81702.61826864532,1,62309.1503602817
2024-07-27 20:00:00,81603.67343431101,1,62229.723707299214
2024-07-28 00:00:00,81418.69023610125,1,62081.23089925472
2024-07-28 04:00:00,81425.5385440397,1,62086.72828759039
2024-07-28 08:00:00,81556.85966732974,1,62192.14457697027
2024-07-28 12:00:00,80746.4019066487,1,61541.560362567674
2024-07-28 16:00:00,80923.9269149859,0,61808.57482042711
2024-07-28 20:00:00,80923.9269149859,0,62701.47226154827
2024-07-29 00:00:00,80923.9269149859,1,63573.372133455465
2024-07-29 04:00:00,79930.90641165971,0,62829.135978614155
2024-07-29 08:00:00,79930.90641165971,1,62867.38156880374
2024-07-29 12:00:00,78833.26418003795,0,61955.8901046136
2024-07-29 16:00:00,78833.26418003795,1,62003.989389746
2024-07-29 20:00:00,78074.44752829964,0,61499.76057009811
2024-07-30 00:00:00,78074.44752829964,0,61453.874717107
2024-07-30 04:00:00,78074.44752829964,0,62312.585111741675
2024-07-30 08:00:00,78074.44752829964,1,60359.71222284921
2024-07-30 12:00:00,78234.6497154372,-1,60610.80327158862
2024-07-30 16:00:00,78070.0523153247,-1,60745.03347956614
2024-07-30 20:00:00,79727.05394401426,-1,59393.73830062612
2024-07-31 00:00:00,79993.61596127984,-1,59176.35531042088
2024-07-31 04:00:00,80151.86022966797,-1,59047.306121050504
2024-07-31 08:00:00,80247.70814777305,-1,58969.14154510542
2024-07-31 12:00:00,80642.51828064432,-1,58647.17141549998
2024-07-31 16:00:00,81373.62660526195,-1,58050.94800978128
2024-07-31 20:00:00,81912.6398183488,-1,57611.37936747084
2024-08-01 00:00:00,80448.46069154209,-1,58805.42659162672
2024-08-01 04:00:00,85053.58781772204,-1,55049.916653513836
2024-08-01 08:00:00,82008.25658868988,-1,57533.40329397121
2024-08-01 12:00:00,83825.3741218926,-1,56051.53259470937
2024-08-01 16:00:00,86416.21410772711,-1,53938.68640213685
2024-08-01 20:00:00,84722.62430683999,-1,55319.819464058244
2024-08-02 00:00:00,83447.78007144402,-1,56359.462901555904
2024-08-02 04:00:00,85143.77193999663,-1,54976.37093844839
2024-08-02 08:00:00,85739.54041736205,-1,54490.518023587334
2024-08-02 12:00:00,84711.62763194655,-1,55328.78732112645
2024-08-02 16:00:00,85272.07222773241,-1,54871.7412523502
2024-08-02 20:00:00,86317.17407305435,-1,54019.45416908297
2024-08-03 00:00:00,83990.29385608672,-1,55917.03952127478
2024-08-03 04:00:00,85153.83511578113,-1,54968.164355734785
2024-08-03 08:00:00,86975.97041218144,-1,53482.20163924098
2024-08-03 12:00:00,87659.80054750777,-1,52924.53389222063
2024-08-03 16:00:00,87267.84794728174,-1,53244.17368610381
2024-08-03 20:00:00,87376.13756906576,-1,53155.86282308933
2024-08-04 00:00:00,88478.53701059395,-1,52256.84919219669
2024-08-04 04:00:00,89425.86828342432,-1,51484.29462153693
2024-08-04 08:00:00,90268.32704220207,-1,50797.264241191144
2024-08-04 12:00:00,89421.62687859619,-1,51487.75351366893
2024-08-04 16:00:00,90010.90769812379,-1,51007.19132430088
2024-08-04 20:00:00,89969.75148175229,-1,51040.754475841175
2024-08-05 00:00:00,89560.33431773224,-1,51374.636730593775
2024-08-05 04:00:00,97741.96688740085,-1,44702.46426206378
2024-08-05 08:00:00,97863.23288445965,-1,44603.57108395357
2024-08-05 12:00:00,96469.09120739962,-1,45740.502330340125
2024-08-05 16:00:00,91156.79152416479,-1,50072.71590620542
2024-08-05 20:00:00,93184.25227818651,0,48298.08738987764
2024-08-06 00:00:00,93184.25227818651,0,49040.57162200201
2024-08-06 04:00:00,93184.25227818651,0,49296.290319296924
2024-08-06 08:00:00,93184.25227818651,0,49076.63731360298
2024-08-06 12:00:00,93184.25227818651,0,48984.51529321357
2024-08-06 16:00:00,93184.25227818651,0,49380.43023924903
2024-08-06 20:00:00,93184.25227818651,0,49431.844508463815
2024-08-07 00:00:00,93184.25227818651,0,48224.55838272738
2024-08-07 04:00:00,93184.25227818651,-1,49676.49516831643
2024-08-07 08:00:00,103298.62119056022,0,43901.3876082944
2024-08-07 12:00:00,103298.62119056022,-1,43707.28883868187
2024-08-07 16:00:00,100290.42859972987,-1,45047.09316351921
2024-08-07 20:00:00,96141.10665799608,0,49532.16682542095
2024-08-08 00:00:00,96141.10665799608,0,50435.261474562605
2024-08-08 04:00:00,96141.10665799608,0,50691.66507460275
2024-08-08 08:00:00,96141.10665799608,0,50920.6798341572
2024-08-08 12:00:00,96141.10665799608,0,51108.664779842846
2024-08-08 16:00:00,96141.10665799608,1,50973.37613352016
2024-08-08 20:00:00,95899.1568314109,1,50838.344353619505
2024-08-09 00:00:00,95712.6373232461,1,50734.24813859361
2024-08-09 04:00:00,94912.06357180976,1,50287.44931206028
2024-08-09 08:00:00,94065.12561636118,1,49814.77470342861
2024-08-09 12:00:00,96560.39208785737,1,51207.37860700676
2024-08-09 16:00:00,95408.1867267743,1,50564.33478707924
2024-08-09 20:00:00,96624.17056103355,1,51242.97326261729
2024-08-10 00:00:00,97140.81811423205,1,51531.3133688052
2024-08-10 04:00:00,97035.20616573597,1,51472.37152294617
2024-08-10 08:00:00,97287.89588803083,1,51613.39722007378
2024-08-10 12:00:00,97252.12954706754,1,51593.43608701999
2024-08-10 16:00:00,97338.77195019583,1,51641.791062406446
2024-08-10 20:00:00,97709.09577173876,1,51848.468146942214
2024-08-11 00:00:00,98602.20332802263,1,52346.90992997563
2024-08-11 04:00:00,98696.14514156154,1,52399.338693692014
2024-08-11 08:00:00,98760.73870056926,1,52435.38824729589
2024-08-11 12:00:00,99573.18291141228,1,52888.81195670078
2024-08-11 16:00:00,99098.09389141023,1,52623.665596037645
2024-08-11 20:00:00,99327.90536573251,1,52751.922982526856
2024-08-12 00:00:00,99304.92464724538,1,52739.09748327145
2024-08-12 04:00:00,98836.36423875063,1,52477.594729402954
2024-08-12 08:00:00,98947.6432910364,1,52539.69937608894
2024-08-12 12:00:00,98512.19694785197,1,52296.67752481794
2024-08-12 16:00:00,98727.65021443753,1,52416.92162039375
2024-08-12 20:00:00,97709.07703550959,1,51848.457690285104
2024-08-13 00:00:00,97400.04411705244,0,51777.93370506031
2024-08-13 04:00:00,97400.04411705244,0,51814.459501065554
2024-08-13 08:00:00,97400.04411705244,1,51809.9969709008
2024-08-13 12:00:00,97458.76248596475,1,51842.874925483404
2024-08-13 16:00:00,97465.13295978846,1,51846.4419208364
2024-08-13 20:00:00,97518.25243111176,1,51876.18490583361
2024-08-14 00:00:00,97430.79545116887,0,51930.83544323638
2024-08-14 04:00:00,97430.79545116887,0,52033.163484220604
2024-08-14 08:00:00,97430.79545116887,0,51891.49243813756
2024-08-14 12:00:00,97430.79545116887,0,51773.000317584636
2024-08-14 16:00:00,97430.79545116887,0,51653.630897589916
2024-08-14 20:00:00,97430.79545116887,0,51551.45692085676
2024-08-15 00:00:00,97430.79545116887,0,51052.03963958401
2024-08-15 04:00:00,97430.79545116887,-1,41217.34536420099
2024-08-15 08:00:00,93289.94476403616,0,44350.59724503127
2024-08-15 12:00:00,93289.94476403616,-1,60780.78728573574
2024-08-15 16:00:00,95167.7436838837,0,59371.40037545166
2024-08-15 20:00:00,95167.7436838837,1,48274.370867683676
2024-08-16 00:00:00,104188.65978608851,0,53187.66719334405
2024-08-16 04:00:00,104188.65978608851,0,53093.390517612985
2024-08-16 08:00:00,104188.65978608851,0,54023.23566868397
2024-08-16 12:00:00,104188.65978608851,0,54413.15829855143
2024-08-16 16:00:00,104188.65978608851,0,55240.73375884226
2024-08-16 20:00:00,104188.65978608851,0,55401.32183804715
2024-08-17 00:00:00,104188.65978608851,0,54669.07537458169
2024-08-17 04:00:00,104188.65978608851,0,53037.75055422251
2024-08-17 08:00:00,104188.65978608851,0,56229.33553877037
2024-08-17 12:00:00,104188.65978608851,0,53822.803739853836
2024-08-17 16:00:00,104188.65978608851,0,53862.26100226685
2024-08-17 20:00:00,104188.65978608851,0,54743.392717709496
2024-08-18 00:00:00,104188.65978608851,0,54940.67545271067
2024-08-18 04:00:00,104188.65978608851,0,54999.14922224575
2024-08-18 08:00:00,104188.65978608851,0,55093.725694063396
2024-08-18 12:00:00,104188.65978608851,0,55247.715871099004
2024-08-18 16:00:00,104188.65978608851,0,55232.05445572641
2024-08-18 20:00:00,104188.65978608851,0,55193.475673823465
2024-08-19 00:00:00,104188.65978608851,0,55152.24023311726
2024-08-19 04:00:00,104188.65978608851,0,55071.21170653975
2024-08-19 08:00:00,104188.65978608851,0,55227.01445466889
2024-08-19 12:00:00,104188.65978608851,0,54833.838195841265
2024-08-19 16:00:00,104188.65978608851,0,54765.34617841038
2024-08-19 20:00:00,104188.65978608851,0,54860.44526610145
2024-08-20 00:00:00,104188.65978608851,0,54692.94343877532
2024-08-20 04:00:00,104188.65978608851,0,54049.17338850848
2024-08-20 08:00:00,104188.65978608851,0,54115.636561702326
2024-08-20 12:00:00,104188.65978608851,0,53467.75845040049
2024-08-20 16:00:00,104188.65978608851,0,54138.45596737081
2024-08-20 20:00:00,104188.65978608851,0,54455.28184763532
2024-08-21 00:00:00,104188.65978608851,0,52752.35101362789
2024-08-21 04:00:00,104188.65978608851,0,54509.078565518466
2024-08-21 08:00:00,104188.65978608851,0,53967.468826616096
2024-08-21 12:00:00,104188.65978608851,-1,56044.74742554916
2024-08-21 16:00:00,105230.18499938288,1,55342.91784678865
2024-08-21 20:00:00,104016.76033355275,0,54781.848644307705
2024-08-22 00:00:00,104016.76033355275,0,54797.89872963635
2024-08-22 04:00:00,104016.76033355275,0,54906.66028507762
2024-08-22 08:00:00,104016.76033355275,0,54317.26516163865
2024-08-22 12:00:00,104016.76033355275,0,54220.31247208682
2024-08-22 16:00:00,104016.76033355275,0,54251.30979143407
2024-08-22 20:00:00,104016.76033355275,0,54287.74789450156
2024-08-23 00:00:00,104016.76033355275,-1,54388.377986489795
2024-08-23 04:00:00,103709.47431820976,-1,54557.50850271211
2024-08-23 08:00:00,103713.06714776698,0,54446.754249920625
2024-08-23 12:00:00,103713.06714776698,0,54610.49080178166
2024-08-23 16:00:00,103713.06714776698,0,54688.440038628876
2024-08-23 20:00:00,103713.06714776698,0,54523.58603507439
2024-08-24 00:00:00,103713.06714776698,0,54533.29961730605
2024-08-24 04:00:00,103713.06714776698,0,54637.69916115349
2024-08-24 08:00:00,103713.06714776698,0,54713.45396928479
2024-08-24 12:00:00,103713.06714776698,0,54836.90921018877
2024-08-24 16:00:00,103713.06714776698,0,54791.46117197703
2024-08-24 20:00:00,103713.06714776698,0,54773.8616799907
2024-08-25 00:00:00,103713.06714776698,0,77324.63061928014
2024-08-25 04:00:00,103713.06714776698,1,85796.16999871345
2024-08-25 08:00:00,117868.4185414173,1,98122.43421128069
2024-08-25 12:00:00,97944.5376839858,0,53268.23465254845
2024-08-25 16:00:00,97944.5376839858,1,55963.69507580937
2024-08-25 20:00:00,75131.27537493868,1,42242.56284131499
2024-08-26 00:00:00,97174.01683108287,0,55612.18946944809
2024-08-26 04:00:00,97174.01683108287,0,55650.69785131698
2024-08-26 08:00:00,97174.01683108287,-1,55665.405055213254
2024-08-26 12:00:00,97170.24853563661,-1,55667.67730754902
2024-08-26 16:00:00,97214.20752186648,-1,55641.17038669766
2024-08-26 20:00:00,97266.34073096576,-1,55609.73447413827
2024-08-27 00:00:00,97246.0355222438,-1,55621.97835432352
2024-08-27 04:00:00,97371.57024554194,-1,55546.28190952472
2024-08-27 08:00:00,97386.72259559997,0,55425.81435222908
2024-08-27 12:00:00,97386.72259559997,0,55372.06409335554
2024-08-27 16:00:00,97386.72259559997,0,55305.49884085991
2024-08-27 20:00:00,97386.72259559997,0,55223.63034625946
2024-08-28 00:00:00,97386.72259559997,0,55397.599671399825
2024-08-28 04:00:00,97386.72259559997,0,56654.3847104471
2024-08-28 08:00:00,97386.72259559997,0,57131.86407112219
2024-08-28 12:00:00,97386.72259559997,0,56932.932146081854
2024-08-28 16:00:00,97386.72259559997,0,53213.91213539849
2024-08-28 20:00:00,97386.72259559997,0,53433.186701236446
2024-08-29 00:00:00,97386.72259559997,0,50432.68859822243
2024-08-29 04:00:00,97386.72259559997,-1,52370.05432319411
2024-08-29 08:00:00,100554.68263345663,-1,50576.81041938416
2024-08-29 12:00:00,105876.05745167934,-1,47564.612399638354
2024-08-29 16:00:00,107706.81978472283,-1,46528.29775115046
2024-08-29 20:00:00,93829.3176112116,0,54208.37142821259
2024-08-30 00:00:00,93829.3176112116,0,55048.71014076622
2024-08-30 04:00:00,93829.3176112116,0,55100.97091537464
2024-08-30 08:00:00,93829.3176112116,0,55043.04754578479
2024-08-30 12:00:00,93829.3176112116,0,55181.000109993605
2024-08-30 16:00:00,93829.3176112116,0,55025.532676020695
2024-08-30 20:00:00,93829.3176112116,0,54819.132506719056
2024-08-31 00:00:00,93829.3176112116,0,55333.52491032038
2024-08-31 04:00:00,93829.3176112116,0,54701.09537561653
2024-08-31 08:00:00,93829.3176112116,0,55559.17466632422
2024-08-31 12:00:00,93829.3176112116,0,55489.896705291925
2024-08-31 16:00:00,93829.3176112116,0,54812.09007277383
2024-08-31 20:00:00,93829.3176112116,0,54154.39591154684
2024-09-01 00:00:00,93829.3176112116,0,54706.04609665646
2024-09-01 04:00:00,93829.3176112116,0,55877.41853678908
2024-09-01 08:00:00,93829.3176112116,0,53658.16170282604
2024-09-01 12:00:00,93829.3176112116,0,52710.24309922326
2024-09-01 16:00:00,93829.3176112116,0,53011.184646751026
2024-09-01 20:00:00,93829.3176112116,-1,53320.7914348055
2024-09-02 00:00:00,93651.92466266113,-1,53426.9049682598
2024-09-02 04:00:00,93610.59951373929,-1,53451.62499015726
2024-09-02 08:00:00,93496.4972800066,-1,53519.87906279847
2024-09-02 12:00:00,93361.36670224847,-1,53600.711943703864
2024-09-02 16:00:00,93312.9596454088,-1,53629.668246010995
2024-09-02 20:00:00,93261.56616783908,-1,53660.410975899584
2024-09-03 00:00:00,92419.16365399,0,54057.68067059621
2024-09-03 04:00:00,92419.16365399,0,57150.416740190594
2024-09-03 08:00:00,92419.16365399,1,54682.77522776937
2024-09-03 12:00:00,90109.07656114236,1,53243.998972871246
2024-09-03 16:00:00,92565.8670537097,1,54774.145535271215
2024-09-03 20:00:00,91867.03275596269,1,54338.895194788434
2024-09-04 00:00:00,92262.86407409047,1,54585.42819487773
2024-09-04 04:00:00,92251.56445184034,1,54578.39052593739
2024-09-04 08:00:00,92256.04072625305,1,54581.17845430397
2024-09-04 12:00:00,92245.69502470297,1,54574.7349094798
2024-09-04 16:00:00,92217.72531323749,1,54557.314719203205
2024-09-04 20:00:00,92215.69892938178,1,54556.05263995782
2024-09-05 00:00:00,95684.26215448038,1,56716.35491701741
2024-09-05 04:00:00,91355.8265019545,1,54020.50398698522
2024-09-05 08:00:00,94303.18166793959,1,55856.18569816402
2024-09-05 12:00:00,94976.42400519473,1,56275.49676727214
2024-09-05 16:00:00,93480.1538450494,1,55343.58472638197
2024-09-05 20:00:00,94344.2398707695,1,55881.757706891905
2024-09-06 00:00:00,95260.98099409352,1,56452.72551334864
2024-09-06 04:00:00,95169.61346793837,1,56395.81968174263
2024-09-06 08:00:00,95177.50648722863,1,56400.73563870782
2024-09-06 12:00:00,95224.43859823166,1,56429.96605478714
2024-09-06 16:00:00,95223.61704053395,1,56429.45436944369
2024-09-06 20:00:00,95252.15614301938,1,56447.22918976076
2024-09-07 00:00:00,98466.90104654717,1,58449.447481474126
2024-09-07 04:00:00,100561.53601584761,1,59754.03511621725
2024-09-07 08:00:00,99532.08677341903,1,59112.87005788896
2024-09-07 12:00:00,96792.53169907199,1,57406.61110247557
2024-09-07 16:00:00,97347.67081341882,1,57752.36472291713
2024-09-07 20:00:00,96628.64706348705,1,57304.53991955252
2024-09-08 00:00:00,95391.13736926035,1,56533.78994706348
2024-09-08 04:00:00,93602.65667166086,0,55529.24790156005
2024-09-08 08:00:00,93602.65667166086,0,57959.7479367277
2024-09-08 12:00:00,93602.65667166086,0,59832.39282170693
2024-09-08 16:00:00,93602.65667166086,1,58955.96172699389
2024-09-08 20:00:00,91280.44333283165,1,57416.32570659448
2024-09-09 00:00:00,91457.41485976701,0,57651.57040602509
2024-09-09 04:00:00,91457.41485976701,0,57625.26137602319
2024-09-09 08:00:00,91457.41485976701,0,57633.32037159939
2024-09-09 12:00:00,91457.41485976701,0,57657.76285135263
2024-09-09 16:00:00,91457.41485976701,0,57625.56170757689
2024-09-09 20:00:00,91457.41485976701,0,57622.38074826632
2024-09-10 00:00:00,91457.41485976701,0,57927.60747360969
2024-09-10 04:00:00,91457.41485976701,0,57963.25840636078
2024-09-10 08:00:00,91457.41485976701,0,57998.58020519826
2024-09-10 12:00:00,91457.41485976701,0,58037.26885252373
2024-09-10 16:00:00,91457.41485976701,0,58113.81048165471
2024-09-10 20:00:00,91457.41485976701,0,58075.53940360004
2024-09-11 00:00:00,91457.41485976701,0,58403.518507138
2024-09-11 04:00:00,91457.41485976701,0,58655.15330261803
2024-09-11 08:00:00,91457.41485976701,1,58483.4105459974
2024-09-11 12:00:00,91217.50136835173,1,58321.92084312107
2024-09-11 16:00:00,91219.5342814182,1,58323.28923022236
2024-09-11 20:00:00,91604.28172738377,1,58582.269041507156
2024-09-12 00:00:00,91196.8130256748,1,58307.99518061584
2024-09-12 04:00:00,91164.63802579851,1,58286.33766090148
2024-09-12 08:00:00,91155.56906308142,1,58280.23319347058
2024-09-12 12:00:00,91146.82141988829,1,58274.34501147718
2024-09-12 16:00:00,91185.13842624315,1,58300.13681641008
2024-09-12 20:00:00,91178.64511651771,1,58295.76606321876
2024-09-13 00:00:00,90923.42424331683,1,58123.97271079864
2024-09-13 04:00:00,90628.41995245247,0,57805.65800231649
2024-09-13 08:00:00,90628.41995245247,0,58842.227453769745
2024-09-13 12:00:00,90628.41995245247,1,58524.011288186324
2024-09-13 16:00:00,91403.68128565191,1,59050.99136375506
2024-09-13 20:00:00,91953.18809952482,1,59424.515915927965
2024-09-14 00:00:00,92146.08666877811,1,59555.63776897162
2024-09-14 04:00:00,91973.02840721296,1,59438.00226742915
2024-09-14 08:00:00,91594.049207082,1,59180.393021396216
2024-09-14 12:00:00,91908.3336762039,1,59394.026342439625
2024-09-14 16:00:00,92192.06421531273,1,59586.890779936686
2024-09-14 20:00:00,92116.4729634389,1,59535.50799851972
2024-09-15 00:00:00,93594.85567780139,1,60540.43137231819
2024-09-15 04:00:00,93803.80211225481,1,60682.4616827474
2024-09-15 08:00:00,97023.11668781792,1,62870.77492069574
2024-09-15 12:00:00,97674.42979638971,1,63313.501800620994
2024-09-15 16:00:00,96902.53023386304,1,62788.80687212113
2024-09-15 20:00:00,93322.72985264061,1,60355.45518201135
2024-09-16 00:00:00,95608.49637634848,0,62026.24174901504
2024-09-16 04:00:00,95608.49637634848,0,62360.47104515702
2024-09-16 08:00:00,95608.49637634848,0,60395.26826108504
2024-09-16 12:00:00,95608.49637634848,0,62594.89531237091
2024-09-16 16:00:00,95608.49637634848,0,62682.9343781689
2024-09-16 20:00:00,95608.49637634848,0,60231.75723622479
2024-09-17 00:00:00,95608.49637634848,0,60607.94524118196
2024-09-17 04:00:00,95608.49637634848,0,58327.72585914872
2024-09-17 08:00:00,95608.49637634848,0,59282.852154148524
2024-09-17 12:00:00,95608.49637634848,-1,58260.22887379826
2024-09-17 16:00:00,96572.82297030235,-1,57641.67684346855
2024-09-17 20:00:00,91821.13704111894,-1,60689.57057305505
2024-09-18 00:00:00,91572.03748128797,-1,60849.35154296061
2024-09-18 04:00:00,91568.43684618229,-1,60851.6611133583
2024-09-18 08:00:00,91569.28828859334,-1,60851.11496910037
2024-09-18 12:00:00,91362.213959745,1,60867.419062019915
2024-09-18 16:00:00,91363.8592705444,1,60868.57289411393
2024-09-18 20:00:00,91367.86185394601,1,60871.379846569
2024-09-19 00:00:00,90758.80211653258,0,60565.99011196551
2024-09-19 04:00:00,90758.80211653258,0,61153.13030664098
2024-09-19 08:00:00,90758.80211653258,0,61448.9219995252
2024-09-19 12:00:00,90758.80211653258,0,60940.52858860996
2024-09-19 16:00:00,90758.80211653258,0,61602.93126790404
2024-09-19 20:00:00,90758.80211653258,0,62360.67208842183
2024-09-20 00:00:00,90758.80211653258,0,62333.887355402134
2024-09-20 04:00:00,90758.80211653258,1,62503.88243531658
2024-09-20 08:00:00,90582.99378341326,1,62376.43412259761
2024-09-20 12:00:00,90152.22818176629,1,62064.16024949278
2024-09-20 16:00:00,89350.72838246377,0,61509.556690221805
2024-09-20 20:00:00,89350.72838246377,0,61221.10365776096
2024-09-21 00:00:00,89350.72838246377,0,61349.94066367848
2024-09-21 04:00:00,89350.72838246377,0,61428.40773592328
2024-09-21 08:00:00,89350.72838246377,0,61166.54732926848
2024-09-21 12:00:00,89350.72838246377,0,60912.03129590598
2024-09-21 16:00:00,89350.72838246377,0,60848.237602574256
2024-09-21 20:00:00,89350.72838246377,0,60818.75411698227
2024-09-22 00:00:00,89350.72838246377,-1,60822.76106107419
2024-09-22 04:00:00,89350.72826332093,-1,60822.76114644559
2024-09-22 08:00:00,89360.75405820602,-1,60815.57719738996
2024-09-22 12:00:00,89390.26630753014,-1,60794.43029601294
2024-09-22 16:00:00,89372.06433864508,-1,60807.47285460116
2024-09-22 20:00:00,89367.65789098627,-1,60810.63027960935
2024-09-23 00:00:00,89144.39945573504,-1,60970.60534826628
2024-09-23 04:00:00,88859.39161462321,-1,61174.82674262624
2024-09-23 08:00:00,89161.51164789879,-1,60958.34366546273
2024-09-23 12:00:00,88976.80194477827,0,60969.05124975314
2024-09-23 16:00:00,88976.80194477827,0,61298.515222805705
2024-09-23 20:00:00,88976.80194477827,0,61903.120896364635
2024-09-24 00:00:00,88976.80194477827,1,62537.5784963148
2024-09-24 04:00:00,88804.8471410465,1,62410.358617813654
2024-09-24 08:00:00,88814.58565466468,1,62417.56360710386
2024-09-24 12:00:00,88885.92706696644,1,62470.34518463564
2024-09-24 16:00:00,89002.04636915693,1,62556.25545405362
2024-09-24 20:00:00,88899.81441752636,1,62480.619669631655
2024-09-25 00:00:00,87951.5783635986,0,61016.23910003045
2024-09-25 04:00:00,87951.5783635986,0,61119.526781249995
2024-09-25 08:00:00,87951.5783635986,0,59322.68994190302
2024-09-25 12:00:00,87951.5783635986,-1,62061.16927695129
2024-09-25 16:00:00,88513.45805794028,-1,61643.82347596901
2024-09-25 20:00:00,87244.11433929834,-1,62586.650341423054
2024-09-26 00:00:00,87245.91525524083,1,62461.190341597365
2024-09-26 04:00:00,87523.95057871047,1,62670.71807901116
2024-09-26 08:00:00,87510.89659153493,1,62660.880579361874
2024-09-26 12:00:00,87470.09247540735,1,62630.13055083064
2024-09-26 16:00:00,87876.34842458616,1,62936.28549826711
2024-09-26 20:00:00,87839.81127378141,1,62908.75105967805
2024-09-27 00:00:00,88372.05500270169,1,63309.850541864966
2024-09-27 04:00:00,87649.67518130013,1,62765.46428315933
2024-09-27 08:00:00,87237.63899435368,1,62454.95334193742
2024-09-27 12:00:00,87472.86040402843,1,62632.216465001766
2024-09-27 16:00:00,87499.57592170573,1,62652.34930964506
2024-09-27 20:00:00,87170.22736514034,0,62529.074241829665
2024-09-28 00:00:00,87170.22736514034,0,62447.26990614118
2024-09-28 04:00:00,87170.22736514034,0,62365.594028668624
2024-09-28 08:00:00,87170.22736514034,0,62337.193971838016
2024-09-28 12:00:00,87170.22736514034,0,62275.8747007776
2024-09-28 16:00:00,87170.22736514034,0,62145.416503460765
2024-09-28 20:00:00,87170.22736514034,0,62227.823866441366
2024-09-29 00:00:00,87170.22736514034,0,61905.17117659438
2024-09-29 04:00:00,87170.22736514034,-1,61910.339036269346
2024-09-29 08:00:00,88052.25343913426,-1,61250.93314638477
2024-09-29 12:00:00,87876.62539456256,-1,61382.23330908301
2024-09-29 16:00:00,88407.49583774192,-1,60985.35264158415
2024-09-29 20:00:00,89255.26813815109,-1,60351.55499698679
2024-09-30 00:00:00,89098.55099186163,-1,60468.71730358533
2024-09-30 04:00:00,88835.14859167143,-1,60665.6378926884
2024-09-30 08:00:00,87711.09512134753,-1,61505.98434131491
2024-09-30 12:00:00,87414.53045370507,-1,61727.6971617643
2024-09-30 16:00:00,87377.32368277057,0,61631.692400501
2024-09-30 20:00:00,87377.32368277057,0,61417.086154545905
2024-10-01 00:00:00,87377.32368277057,-1,61207.562887820466
2024-10-01 04:00:00,87503.57098508463,-1,61114.4724976523
2024-10-01 08:00:00,87824.61245842217,-1,60877.74762935523
2024-10-01 12:00:00,87908.47766158613,-1,60815.9083318735
2024-10-01 16:00:00,88105.47566023267,-1,60670.64882754972
2024-10-01 20:00:00,88419.11077327224,-1,60439.38515293542
2024-10-02 00:00:00,88867.81715570415,-1,60108.524600306555
2024-10-02 04:00:00,88602.67646886419,-1,60304.0301638709
2024-10-02 08:00:00,87890.24952849602,-1,60829.34912617399
2024-10-02 12:00:00,88812.68783263453,-1,60149.1750546148
2024-10-02 16:00:00,87811.2467777209,-1,60887.60301959755
2024-10-02 20:00:00,88025.12429247022,-1,60729.89714445193
2024-10-03 00:00:00,87316.86787885404,-1,61252.14090470767
2024-10-03 04:00:00,85998.51071660695,0,62101.836710136566
2024-10-03 08:00:00,85998.51071660695,0,61378.41088761788
2024-10-03 12:00:00,85998.51071660695,1,61591.71251929811
2024-10-03 16:00:00,85655.94772590949,1,61333.45784822758
2024-10-03 20:00:00,85432.4334523129,1,61164.952765148606
2024-10-04 00:00:00,86086.13165572139,1,61657.76903276975
2024-10-04 04:00:00,87061.15060425429,1,62392.825663750875
2024-10-04 08:00:00,86243.81561825729,1,61776.64532992869
2024-10-04 12:00:00,87519.44430701522,1,62738.32851337058
2024-10-04 16:00:00,87882.4585305537,1,63012.00115589094
2024-10-04 20:00:00,87037.12520397533,1,62374.71316469269
2024-10-05 00:00:00,87462.21663248823,1,62695.1851655413
2024-10-05 04:00:00,87716.19694459012,1,62886.65827776138
2024-10-05 08:00:00,87850.23848165554,1,62987.710796581756
2024-10-05 12:00:00,87709.86598801086,1,62881.88543552992
2024-10-05 16:00:00,87806.82941376693,1,62954.98515238351
2024-10-05 20:00:00,87987.75356153837,1,63091.381983157014
2024-10-06 00:00:00,88079.18510703037,1,63160.3112730912
2024-10-06 04:00:00,87452.52415353576,1,62687.87810660119
2024-10-06 08:00:00,87540.06350554137,1,62753.87311240116
2024-10-06 12:00:00,86807.77667161528,1,62201.809694692725
2024-10-06 16:00:00,86619.97439407099,0,62183.410938554225
2024-10-06 20:00:00,86619.97439407099,0,62289.01775821439
2024-10-07 00:00:00,86619.97439407099,0,62568.698318492476
2024-10-07 04:00:00,86619.97439407099,1,61973.892298099796
2024-10-07 08:00:00,86536.8754227518,1,61911.30837775792
2024-10-07 12:00:00,89152.85367720494,1,63881.46723885735
2024-10-07 16:00:00,89350.0667855912,1,64029.993379069245
2024-10-07 20:00:00,88647.37197566118,1,63500.77628635239
2024-10-08 00:00:00,88332.5214700327,1,63263.654470630245
2024-10-08 04:00:00,88245.55671375671,1,63198.15913064076
2024-10-08 08:00:00,88096.96748056724,1,63086.25285086421
2024-10-08 12:00:00,88149.08962366961,1,63125.5073446345
2024-10-08 16:00:00,88455.81634345422,1,63356.51093340322
2024-10-08 20:00:00,88261.33235827976,1,63210.04016435873
2024-10-09 00:00:00,88381.4117030942,1,63300.47493185668
2024-10-09 04:00:00,88043.05700428471,1,63045.65151850477
2024-10-09 08:00:00,88288.62775576115,1,63230.59701307245
2024-10-09 12:00:00,88129.24315469297,1,63110.560470879216
2024-10-09 16:00:00,88145.64034181889,1,63122.909603926564
2024-10-09 20:00:00,88014.00813252492,1,63023.77408431545
2024-10-10 00:00:00,88765.61968703338,0,63713.77938934357
2024-10-10 04:00:00,88765.61968703338,1,63204.81052313837
2024-10-10 08:00:00,88711.85171903696,1,63164.5104937326
2024-10-10 12:00:00,88947.51889356207,1,63341.14714966811
2024-10-10 16:00:00,89587.53752653154,1,63820.85227318374
2024-10-10 20:00:00,89456.98616152411,1,63723.00174907406
2024-10-11 00:00:00,90382.44186785337,1,64416.646935391764
2024-10-11 04:00:00,90078.48108120127,0,64315.232647580364
2024-10-11 08:00:00,90078.48108120127,1,65351.986628457
2024-10-11 12:00:00,90265.6951689867,1,65494.959177619385
2024-10-11 16:00:00,89516.20457246059,1,64922.584617423956
2024-10-11 20:00:00,89102.22058883143,1,64606.43135058382
2024-10-12 00:00:00,88597.22446104109,0,64267.53788283096
2024-10-12 04:00:00,88597.22446104109,0,64327.238101307026
2024-10-12 08:00:00,88597.22446104109,0,64320.91523189616
2024-10-12 12:00:00,88597.22446104109,0,64872.353746886525
2024-10-12 16:00:00,88597.22446104109,1,64948.374465499124
2024-10-12 20:00:00,88972.83606190856,1,65238.21796264833
2024-10-13 00:00:00,88996.1438623047,1,65256.20360090357
2024-10-13 04:00:00,89403.03999629004,1,65570.18804168876
2024-10-13 08:00:00,89335.62904211013,1,65518.16987542193
2024-10-13 12:00:00,89377.406967056,1,65550.40812323426
2024-10-13 16:00:00,89326.03640392557,1,65510.767644522035
2024-10-13 20:00:00,89411.58846194208,1,65576.7845290553
2024-10-14 00:00:00,89668.51247891992,1,65775.04186565112
2024-10-14 04:00:00,90221.50543003749,1,66201.76300653337
2024-10-14 08:00:00,90015.5764383272,1,66042.85636205308
2024-10-14 12:00:00,89742.68877530929,1,65832.28055876234
2024-10-14 16:00:00,90129.95837701764,1,66131.12003933082
2024-10-14 20:00:00,90481.65125203661,1,66402.50647303664
2024-10-15 00:00:00,90682.18952539084,1,66557.25332943568
2024-10-15 04:00:00,90922.01335642989,1,66742.31517983525
2024-10-15 08:00:00,91104.34448184288,1,66883.01235454125
2024-10-15 12:00:00,91248.2454597097,1,66994.05461886904
2024-10-15 16:00:00,91414.63422718938,1,67122.44975400671
2024-10-15 20:00:00,90964.0983092248,1,66774.7903479804
2024-10-16 00:00:00,90941.855777563,1,66757.62673230021
2024-10-16 04:00:00,90721.34809672473,1,66587.47033347009
2024-10-16 08:00:00,91049.98451287036,1,66841.06507848394
2024-10-16 12:00:00,91324.47815899248,1,67052.88015063168
2024-10-16 16:00:00,91758.47947134278,1,67387.78050474332
2024-10-16 20:00:00,91578.97899324753,1,67249.26762018137
2024-10-17 00:00:00,91908.48338690407,1,67503.5321465242
2024-10-17 04:00:00,91974.82552249353,1,67554.72555094298
2024-10-17 08:00:00,91941.63603138401,1,67529.11463224514
2024-10-17 12:00:00,91994.4370358169,1,67569.85892167197
2024-10-17 16:00:00,92093.4380600266,1,67646.25380141483
2024-10-17 20:00:00,92055.01238435038,1,67616.60234178846
2024-10-18 00:00:00,92053.43418392395,1,67615.38451164226
2024-10-18 04:00:00,92114.86704837403,1,67662.78964032035
2024-10-18 08:00:00,92207.9688342697,1,67734.6323287584
2024-10-18 12:00:00,92241.88692549357,1,67760.8054771762
2024-10-18 16:00:00,92324.5890161655,1,67824.62316312238
2024-10-18 20:00:00,92441.81984132333,1,67915.08520492024
2024-10-19 00:00:00,92392.44587542761,1,67876.98541537621
2024-10-19 04:00:00,92434.42114893987,1,67909.37594868374
2024-10-19 08:00:00,92550.79227017434,1,67999.17459352824
2024-10-19 12:00:00,92513.76273617648,1,67970.60047705537
2024-10-19 16:00:00,92773.28139573644,1,68170.85998897837
2024-10-19 20:00:00,92860.27090958561,1,68237.98609704085
2024-10-20 00:00:00,93080.5048477674,1,68407.93126030559
2024-10-20 04:00:00,93091.56639242111,1,68416.46698385326
2024-10-20 08:00:00,93124.79257074528,1,68442.10621251429
2024-10-20 12:00:00,93129.53556961638,1,68445.76618301733
2024-10-20 16:00:00,93116.23681132625,1,68435.50409685799
2024-10-20 20:00:00,93129.88236394731,1,68446.03378945291
2024-10-21 00:00:00,93065.33787581146,1,68396.22755311783
2024-10-21 04:00:00,93017.22672897662,1,68359.1022273338
2024-10-21 08:00:00,93047.08416433427,1,68382.14194032451
2024-10-21 12:00:00,93053.52211472786,1,68387.10983282901
2024-10-21 16:00:00,93079.41242940623,1,68407.08828751821
2024-10-21 20:00:00,92998.93982752739,1,68344.99100325066
2024-10-22 00:00:00,87453.27966305918,1,64065.64091832707
2024-10-22 04:00:00,92283.40906189637,-1,67922.74309277984
2024-10-22 08:00:00,101528.68972806624,-1,60759.85638959982
2024-10-22 12:00:00,94383.2415636136,-1,66295.87389880363
2024-10-22 16:00:00,90151.66618288594,0,73604.76634937114
2024-10-22 20:00:00,90151.66618288594,1,67451.48473284909
2024-10-23 00:00:00,84882.9771605874,1,63301.97568067545
2024-10-23 04:00:00,89631.00807418807,-1,67176.3282879167
2024-10-23 08:00:00,87084.41621041798,-1,69185.39206513987
2024-10-23 12:00:00,89475.68880499463,-1,67298.8631636778
2024-10-23 16:00:00,85199.6932253111,-1,70672.29255098075
2024-10-23 20:00:00,87047.7166034449,0,69079.99255651716
2024-10-24 00:00:00,87047.7166034449,0,69951.36807262494
2024-10-24 04:00:00,87047.7166034449,0,69938.17625835777
2024-10-24 08:00:00,87047.7166034449,0,69943.12198230415
2024-10-24 12:00:00,87047.7166034449,0,69954.61367992869
2024-10-24 16:00:00,87047.7166034449,0,69936.60169971822
2024-10-24 20:00:00,87047.7166034449,0,69928.27848275247
2024-10-25 00:00:00,87047.7166034449,0,69916.98869976835
2024-10-25 04:00:00,87047.7166034449,0,70338.64976762193
2024-10-25 08:00:00,87047.7166034449,0,70508.53163547534
2024-10-25 12:00:00,87047.7166034449,0,70620.06463014282
2024-10-25 16:00:00,87047.7166034449,0,70333.35266217553
2024-10-25 20:00:00,87047.7166034449,0,70359.60154563909
2024-10-26 00:00:00,87047.7166034449,0,70637.41564287693
2024-10-26 04:00:00,87047.7166034449,0,70790.91243225448
2024-10-26 08:00:00,87047.7166034449,0,70708.25473977813
2024-10-26 12:00:00,87047.7166034449,0,70784.098917389
2024-10-26 16:00:00,87047.7166034449,0,71116.7265076996
2024-10-26 20:00:00,87047.7166034449,0,71084.22857388588
2024-10-27 00:00:00,87047.7166034449,0,69984.12584479187
2024-10-27 04:00:00,87047.7166034449,0,70152.09932534276
2024-10-27 08:00:00,87047.7166034449,0,69972.1397802064
2024-10-27 12:00:00,87047.7166034449,0,70362.15729846446
2024-10-27 16:00:00,87047.7166034449,0,71195.08417080564
2024-10-27 20:00:00,87047.7166034449,1,71281.77919158076
2024-10-28 00:00:00,87392.87099914503,1,71579.29561954881
2024-10-28 04:00:00,87213.80663364303,1,71424.94559224449
2024-10-28 08:00:00,86919.22656994806,1,71171.02326243221
2024-10-28 12:00:00,87378.23394436398,1,71566.67876080767
2024-10-28 16:00:00,87262.35345150079,1,71466.79201233413
2024-10-28 20:00:00,87198.91430477078,1,71412.10869216327
2024-10-29 00:00:00,87462.18297471972,1,71639.04120484422
2024-10-29 04:00:00,86949.41596048347,1,71197.04593444949
2024-10-29 08:00:00,87192.36340883789,0,71549.02550467785
2024-10-29 12:00:00,87192.36340883789,0,71627.76752161217
2024-10-29 16:00:00,87192.36340883789,0,71586.22395394775
2024-10-29 20:00:00,87192.36340883789,0,71522.89441024403
2024-10-30 00:00:00,87192.36340883789,0,71384.92470390789
2024-10-30 04:00:00,87192.36340883789,0,71417.50906829779
2024-10-30 08:00:00,87192.36340883789,0,71263.954026361
2024-10-30 12:00:00,87192.36340883789,0,71250.27720020832
2024-10-30 16:00:00,87192.36340883789,0,71323.08973610483
2024-10-30 20:00:00,87192.36340883789,0,71181.4801231271
2024-10-31 00:00:00,87192.36340883789,0,70928.23903608194
2024-10-31 04:00:00,87192.36340883789,0,70927.09433179851
2024-10-31 08:00:00,87192.36340883789,0,70647.13278486025
2024-10-31 12:00:00,87192.36340883789,-1,70580.93991822372
2024-10-31 16:00:00,86994.90046727605,-1,70749.19608279174
2024-10-31 20:00:00,87114.42895764374,-1,70647.34707159601
2024-11-01 00:00:00,87387.07032239389,-1,70415.03213709433
2024-11-01 04:00:00,87356.5230949964,-1,70441.06111893484
2024-11-01 08:00:00,87392.3267655538,-1,70410.55317532885
2024-11-01 12:00:00,87459.55380778313,-1,70353.26969625529
2024-11-01 16:00:00,87525.09726921885,-1,70297.4207792562
2024-11-01 20:00:00,87422.13254463098,-1,70385.15597406251
2024-11-02 00:00:00,88221.56136463505,-1,69703.97080567032
2024-11-02 04:00:00,88330.63352475736,-1,69611.03152714965
2024-11-02 08:00:00,88221.47492907388,-1,69704.04445653305
2024-11-02 12:00:00,88402.48399013323,-1,69549.80847622703
2024-11-02 16:00:00,88419.02730165115,-1,69535.71208870619
2024-11-02 20:00:00,88615.65601957466,-1,69368.16675761745
2024-11-03 00:00:00,88792.8856800337,-1,69217.15116613144
2024-11-03 04:00:00,88504.4961521274,-1,69462.8849503205
2024-11-03 08:00:00,88192.74141010744,-1,69728.5279958625
2024-11-03 12:00:00,88307.57938521686,-1,69630.67572502201
2024-11-03 16:00:00,88752.24590805813,-1,69251.77990257912
2024-11-03 20:00:00,89152.50916402762,-1,68910.7196523152
2024-11-04 00:00:00,89567.78788592697,-1,68556.86487621986
2024-11-04 04:00:00,89766.04216665805,-1,68387.9344195926
2024-11-04 08:00:00,89476.26710159631,-1,68634.84880590273
2024-11-04 12:00:00,89490.97059370064,-1,68622.32010979569
2024-11-04 16:00:00,89911.6308087927,-1,68263.8798180735
2024-11-04 20:00:00,89545.30493823774,-1,68576.02236732403
2024-11-05 00:00:00,90725.98206274063,-1,67569.97939545917
2024-11-05 04:00:00,89583.18666742225,-1,68543.74373109295
2024-11-05 08:00:00,89453.1409945476,-1,68654.55432655703
2024-11-05 12:00:00,90151.37566272469,-1,68059.595665926
2024-11-05 16:00:00,89631.53224795914,-1,68502.54895352805
2024-11-05 20:00:00,90260.88846129192,-1,67966.2809238671
2024-11-06 00:00:00,93694.03878479911,-1,65040.92844380262
2024-11-06 04:00:00,92632.74013975638,-1,65945.25022724064
2024-11-06 08:00:00,86448.64031147957,0,71894.0969311439
2024-11-06 12:00:00,86448.64031147957,0,76904.80953748043
2024-11-06 16:00:00,86448.64031147957,1,73647.44237427275
2024-11-06 20:00:00,81895.45710620898,0,69421.5366298129
2024-11-07 00:00:00,81895.45710620898,1,70657.53586661468
2024-11-07 04:00:00,81323.92433406257,1,70138.47748382912
2024-11-07 08:00:00,82794.84467617335,1,71474.34757070983
2024-11-07 12:00:00,83788.27166863557,1,72376.56461451367
2024-11-07 16:00:00,83409.31336480624,1,72032.39977582893
2024-11-07 20:00:00,83518.37526417185,1,72131.44832714059
2024-11-08 00:00:00,84378.2542106034,1,72912.378830303
2024-11-08 04:00:00,84692.1279228667,1,73197.43471760486
2024-11-08 08:00:00,86045.053726136,1,74426.14375004843
2024-11-08 12:00:00,86609.48842057116,1,74938.7557540483
2024-11-08 16:00:00,87514.6205423703,1,75760.78458291826
2024-11-08 20:00:00,86503.52739144386,1,74842.52337141422
2024-11-09 00:00:00,82935.11844546383,1,71601.74232282826
2024-11-09 04:00:00,81556.24676876588,0,70490.78466855883
2024-11-09 08:00:00,81556.24676876588,0,77310.07132515594
2024-11-09 12:00:00,81556.24676876588,1,77792.19984589015
2024-11-09 16:00:00,80088.86494182616,1,76318.87554383327
2024-11-09 20:00:00,80409.54148395745,1,76640.8507338947
2024-11-10 00:00:00,82858.29685855116,1,79099.52286472348
2024-11-10 04:00:00,81101.55575015894,1,77335.6674591986
2024-11-10 08:00:00,80235.8479740904,1,76466.45381517969
2024-11-10 12:00:00,81323.18675206439,1,77558.19600303202
2024-11-10 16:00:00,82671.50856266383,1,78911.97812986429
2024-11-10 20:00:00,82677.52696872191,1,78918.02090873904
2024-11-11 00:00:00,82713.8445004038,1,78954.48551599756
2024-11-11 04:00:00,82170.30184096568,1,78408.74166483856
2024-11-11 08:00:00,82459.07633757502,1,78698.68561525267
2024-11-11 12:00:00,83530.51696091601,1,79774.46526551005
2024-11-11 16:00:00,84172.00197186452,1,80418.54810658404
2024-11-11 20:00:00,84723.90290947685,1,80972.6840845442
2024-11-12 00:00:00,84391.57152911354,1,80639.00685750201
2024-11-12 04:00:00,83416.87231057802,1,79660.36038696532
2024-11-12 08:00:00,83321.2729238863,1,79564.37385020386
2024-11-12 12:00:00,83626.70369499334,1,79871.0415282454
2024-11-12 16:00:00,84802.44626097142,1,81051.54551406273
2024-11-12 20:00:00,86065.84723213864,1,82320.06289644365
2024-11-13 00:00:00,86008.16320190708,1,82262.1452624506
2024-11-13 04:00:00,85935.6162548437,1,82189.30452107968
2024-11-13 08:00:00,86282.02159603314,1,82537.11270444877
2024-11-13 12:00:00,86963.19933576873,1,83221.04901846572
2024-11-13 16:00:00,87172.67105252454,1,83431.36903553555
2024-11-13 20:00:00,87592.92778945985,1,83853.3276916007
2024-11-14 00:00:00,78080.09020834796,0,68759.79155822616
2024-11-14 04:00:00,78080.09020834796,0,121635.8648751046
2024-11-14 08:00:00,78080.09020834796,1,234254.97098530884
2024-11-14 12:00:00,67653.81116803832,0,99660.62166640308
2024-11-14 16:00:00,67653.81116803832,1,-37687.968808482256
2024-11-14 20:00:00,96614.86120001451,-1,-54745.82676777356
2024-11-15 00:00:00,225737.91472538398,0,85771.9166676246
2024-11-15 04:00:00,225737.91472538398,0,86202.80806832634
2024-11-15 08:00:00,225737.91472538398,0,86330.58471639265
2024-11-15 12:00:00,225737.91472538398,0,86043.03800490833
2024-11-15 16:00:00,225737.91472538398,0,86023.951568658
2024-11-15 20:00:00,225737.91472538398,0,86892.14167810841
2024-11-16 00:00:00,225737.91472538398,0,87013.49307960602
2024-11-16 04:00:00,225737.91472538398,1,91916.56380184363
2024-11-16 08:00:00,222287.34997723394,1,90437.60578000358
2024-11-16 12:00:00,221749.8748667022,1,90207.23678701873
2024-11-16 16:00:00,229887.46679673347,1,93695.11710279403
2024-11-16 20:00:00,215437.59159641055,1,87501.7080808179
2024-11-17 00:00:00,217226.95302459828,1,88268.6522280356
2024-11-17 04:00:00,217735.42815106563,1,88486.59144149283
2024-11-17 08:00:00,218052.7166518673,1,88622.58552007077
2024-11-17 12:00:00,218728.71857453993,1,88912.32895028811
2024-11-17 16:00:00,217798.6470894545,1,88513.68792073222
2024-11-17 20:00:00,218534.87138178461,1,88829.24346090833
2024-11-18 00:00:00,233131.6794007056,1,95085.62984647507
2024-11-18 04:00:00,232403.4161649815,1,94773.48652122293
2024-11-18 08:00:00,221287.54278818224,1,90009.07509866101
2024-11-18 12:00:00,211807.02519108762,1,85945.59895060839
2024-11-18 16:00:00,227833.8765981457,1,92814.92098434652
2024-11-18 20:00:00,214580.87946775832,1,87134.50984877278
2024-11-19 00:00:00,216115.13285925973,1,87792.11129274304
2024-11-19 04:00:00,216722.88326878133,1,88052.6012151305
2024-11-19 08:00:00,217292.16558615328,1,88296.6032007244
2024-11-19 12:00:00,216941.79212183517,1,88146.4284660028
2024-11-19 16:00:00,220715.57259098714,1,89763.92105196512
2024-11-19 20:00:00,220681.42755512157,1,89749.28603468963
2024-11-20 00:00:00,220107.41773646008,1,89503.25777906002
2024-11-20 04:00:00,218361.05494425065,1,88754.74342007985
2024-11-20 08:00:00,220556.6812886147,1,89695.81812290972
2024-11-20 12:00:00,222746.49145012602,1,90634.39993228177
2024-11-20 16:00:00,223495.47545898677,1,90955.42445695658
2024-11-20 20:00:00,225442.66543246576,1,91790.01602138592
2024-11-21 00:00:00,231472.91636087777,1,94374.66190842945
2024-11-21 04:00:00,233159.20569911637,1,95097.42798469811
2024-11-21 08:00:00,232324.41740416997,1,94739.62659986361
2024-11-21 12:00:00,229968.89323301215,1,93730.01755820174
2024-11-21 16:00:00,228613.8009397827,1,93149.2069478575
2024-11-21 20:00:00,227040.367829725,1,92474.81255453502
2024-11-22 00:00:00,227821.86499244013,1,92809.77265011429
2024-11-22 04:00:00,230748.5654509812,1,94064.19545814967
2024-11-22 08:00:00,232339.8686807993,1,94746.24922287941
2024-11-22 12:00:00,231646.523936493,1,94449.07242825697
2024-11-22 16:00:00,234025.05758543563,1,95468.54363864541
2024-11-22 20:00:00,234203.96239754028,1,95545.22462460569
2024-11-23 00:00:00,241434.1434194571,1,98644.17653601457
2024-11-23 04:00:00,225417.9458911187,1,91779.42089663394
2024-11-23 08:00:00,207421.133178833,1,84065.74720230374
2024-11-23 12:00:00,205087.55825457515,0,83249.37902788976
2024-11-23 16:00:00,205087.55825457515,-1,88440.54459154519
2024-11-23 20:00:00,195898.55920352874,0,92434.8220232046
2024-11-24 00:00:00,195898.55920352874,0,93549.08939306256
2024-11-24 04:00:00,195898.55920352874,0,93589.3686119212
2024-11-24 08:00:00,195898.55920352874,0,93614.00679637182
2024-11-24 12:00:00,195898.55920352874,1,93279.53249704688
2024-11-24 16:00:00,194011.11871210864,1,92333.50277436271
2024-11-24 20:00:00,194753.01261011662,1,92705.35750662265
2024-11-25 00:00:00,193294.29598703218,1,91974.21430571936
2024-11-25 04:00:00,187655.67391943577,1,89148.00383965296
2024-11-25 08:00:00,183757.10957760434,0,73748.88881282088
2024-11-25 12:00:00,183757.10957760434,-1,74133.30063493057
2024-11-25 16:00:00,167235.83498547785,0,87925.85782584861
2024-11-25 20:00:00,167235.83498547785,0,90521.09920089986
2024-11-26 00:00:00,167235.83498547785,0,94048.90796258615
2024-11-26 04:00:00,167235.83498547785,0,93825.92927889865
2024-11-26 08:00:00,167235.83498547785,0,93670.05876658784
2024-11-26 12:00:00,167235.83498547785,1,93601.10662208745
2024-11-26 16:00:00,167401.63183470038,1,93698.78632007696
2024-11-26 20:00:00,168115.8998343893,1,94119.5993983734
2024-11-27 00:00:00,168347.50786747335,1,94256.05194756044
2024-11-27 04:00:00,168210.9559274513,1,94175.60197324678
2024-11-27 08:00:00,168322.8932299652,1,94241.5501619765
2024-11-27 12:00:00,168073.19925460123,1,94094.44222706866
2024-11-27 16:00:00,167946.51910911032,1,94019.8082493372
2024-11-27 20:00:00,167823.68686793576,1,93947.44127567294
2024-11-28 00:00:00,167845.44466534685,1,93960.25994556925
2024-11-28 04:00:00,167634.19070458622,1,93835.79905754303
2024-11-28 08:00:00,167125.71708878555,1,93536.23034161178
2024-11-28 12:00:00,167014.35848883446,1,93470.62309718726
2024-11-28 16:00:00,166366.16671358238,0,93275.94123276164
2024-11-28 20:00:00,166366.16671358238,0,93403.78566569308
2024-11-29 00:00:00,166366.16671358238,0,92842.34698261322
2024-11-29 04:00:00,166366.16671358238,0,92729.04466868241
2024-11-29 08:00:00,166366.16671358238,0,91674.26524735845
2024-11-29 12:00:00,166366.16671358238,0,92463.42989406931
2024-11-29 16:00:00,166366.16671358238,0,93184.97796369236
2024-11-29 20:00:00,166366.16671358238,0,92207.44512522785
2024-11-30 00:00:00,166366.16671358238,0,91787.61900387792
2024-11-30 04:00:00,166366.16671358238,0,91304.88300067742
2024-11-30 08:00:00,166366.16671358238,-1,91827.58342234159
2024-11-30 12:00:00,166569.17811610678,-1,91709.63151402518
2024-11-30 16:00:00,166677.3251752916,-1,91646.79685621268
2024-11-30 20:00:00,167000.07355864058,-1,91459.2764152489
2024-12-01 00:00:00,168266.5748409641,-1,90723.42492475298
2024-12-01 04:00:00,168443.68317425257,-1,90620.5229910175
2024-12-01 08:00:00,167672.9840476604,-1,91068.30785230584
2024-12-01 12:00:00,168151.3906998236,-1,90790.34820633406
2024-12-01 16:00:00,167760.063813626,-1,91017.71352881628
2024-12-01 20:00:00,168027.70670452787,-1,90862.20999878475
2024-12-02 00:00:00,179906.4852680937,-1,83960.50604216935
2024-12-02 04:00:00,163609.25530712723,0,99872.10550270947
2024-12-02 08:00:00,163609.25530712723,0,96748.2755203214
2024-12-02 12:00:00,163609.25530712723,1,92165.40199491601
2024-12-02 16:00:00,159426.55214362597,0,89869.49402084354
2024-12-02 20:00:00,159426.55214362597,0,90603.73077936759
2024-12-03 00:00:00,159426.55214362597,-1,91620.40982303374
2024-12-03 04:00:00,159278.0310215561,-1,91710.25529461168
2024-12-03 08:00:00,159337.73036674724,-1,91674.14113288949
2024-12-03 12:00:00,159578.31813884462,-1,91528.60141746905
2024-12-03 16:00:00,159661.78089264064,-1,91478.11196270672
2024-12-03 20:00:00,159240.93129325606,-1,91732.69818043207
2024-12-04 00:00:00,159312.62961771223,-1,91689.32542858145
2024-12-04 04:00:00,158910.11745690717,0,91749.5778871936
2024-12-04 08:00:00,158910.11745690717,0,92082.39660147869
2024-12-04 12:00:00,158910.11745690717,0,92439.31828443034
2024-12-04 16:00:00,158910.11745690717,0,92575.95649275016
2024-12-04 20:00:00,158910.11745690717,0,92627.91544241192
2024-12-05 00:00:00,158910.11745690717,0,93262.17257822838
2024-12-05 04:00:00,158910.11745690717,0,92738.13464481158
2024-12-05 08:00:00,158910.11745690717,0,93585.13496034945
2024-12-05 12:00:00,158910.11745690717,0,93781.64628265306
2024-12-05 16:00:00,158910.11745690717,0,94965.76467846298
2024-12-05 20:00:00,158910.11745690717,1,94902.19873830987
2024-12-06 00:00:00,157830.57511985497,1,94223.55663575129
2024-12-06 04:00:00,158925.9281446019,1,94912.13794863241
2024-12-06 08:00:00,158921.42963625808,1,94909.31001214855
2024-12-06 12:00:00,158082.44042578936,1,94381.88891686183
2024-12-06 16:00:00,157753.82313807632,1,94175.30736890732
2024-12-06 20:00:00,157432.52256968222,0,94163.12979142625
2024-12-07 00:00:00,157432.52256968222,0,93853.31939454895
2024-12-07 04:00:00,157432.52256968222,0,93689.0331309288
2024-12-07 08:00:00,157432.52256968222,0,93899.52609083834
2024-12-07 12:00:00,157432.52256968222,0,93527.59297106069
2024-12-07 16:00:00,157432.52256968222,0,93881.81567020318
2024-12-07 20:00:00,157432.52256968222,0,93880.08089639772
2024-12-08 00:00:00,157432.52256968222,0,93400.7381793354
2024-12-08 04:00:00,157432.52256968222,0,93334.37856051163
2024-12-08 08:00:00,157432.52256968222,0,93377.24655649393
2024-12-08 12:00:00,157432.52256968222,0,93491.25847050536
2024-12-08 16:00:00,157432.52256968222,0,93571.02652892219
2024-12-08 20:00:00,157432.52256968222,0,93535.92490204476
2024-12-09 00:00:00,157432.52256968222,0,93639.8939957626
2024-12-09 04:00:00,157432.52256968222,0,92746.4243217099
2024-12-09 08:00:00,157432.52256968222,-1,92743.59901340536
2024-12-09 12:00:00,159431.87275407743,-1,91503.79010478579
2024-12-09 16:00:00,159160.1943914457,-1,91672.25946893166
2024-12-09 20:00:00,157121.42352173402,-1,92936.51337834234
2024-12-10 00:00:00,157216.0077734941,-1,92877.86112279326
2024-12-10 04:00:00,157035.39430483742,-1,92989.86060602784
2024-12-10 08:00:00,158249.8687355992,-1,92236.75780777812
2024-12-10 12:00:00,157769.46280648577,-1,92534.66037398047
2024-12-10 16:00:00,158480.65100111192,-1,92093.6483560336
2024-12-10 20:00:00,157798.7281978544,-1,92516.51273120321
2024-12-11 00:00:00,157769.89170890296,-1,92534.39440904751
2024-12-11 04:00:00,157227.96530520477,-1,92870.4461864526
2024-12-11 08:00:00,155945.43603493826,0,93478.70078935687
2024-12-11 12:00:00,155945.43603493826,0,93863.75660847273
2024-12-11 16:00:00,155945.43603493826,1,94438.35636377138
2024-12-11 20:00:00,156271.95509739203,1,94646.49882533462
2024-12-12 00:00:00,153444.963637739,0,93023.33543176738
2024-12-12 04:00:00,153444.963637739,0,91816.58915127303
2024-12-12 08:00:00,153444.963637739,0,93604.79521491403
2024-12-12 12:00:00,153444.963637739,0,93691.12599898656
2024-12-12 16:00:00,153444.963637739,0,95318.62987297426
2024-12-12 20:00:00,153444.963637739,1,96279.26165080945
2024-12-13 00:00:00,150068.64942695494,0,93437.20166882103
2024-12-13 04:00:00,150068.64942695494,0,99290.77463896309
2024-12-13 08:00:00,150068.64942695494,1,99471.04096691901
2024-12-13 12:00:00,145109.56918984378,0,96460.3444657855
2024-12-13 16:00:00,145109.56918984378,0,92392.80425578171
2024-12-13 20:00:00,145109.56918984378,0,96503.46022586209
2024-12-14 00:00:00,145109.56918984378,0,97364.37434009968
2024-12-14 04:00:00,145109.56918984378,0,97583.41644143095
2024-12-14 08:00:00,145109.56918984378,0,97336.68487023067
2024-12-14 12:00:00,145109.56918984378,0,97314.12816294994
2024-12-14 16:00:00,145109.56918984378,0,97448.67379898092
2024-12-14 20:00:00,145109.56918984378,0,98284.31437840023
2024-12-15 00:00:00,145109.56918984378,0,98147.2345395408
2024-12-15 04:00:00,145109.56918984378,0,98308.68073332436
2024-12-15 08:00:00,145109.56918984378,0,98263.9392042976
2024-12-15 12:00:00,145109.56918984378,0,98770.62472198914
2024-12-15 16:00:00,145109.56918984378,0,99452.51684876684
2024-12-15 20:00:00,145109.56918984378,0,99942.20635307961
2024-12-16 00:00:00,145109.56918984378,1,80107.40512357991
2024-12-16 04:00:00,163433.3008777681,-1,90915.59265573593
2024-12-16 08:00:00,163055.29343672545,-1,91136.94012735115
2024-12-16 12:00:00,165697.13702993025,-1,89589.97216781635
2024-12-16 16:00:00,163028.70052035843,-1,91152.51197637212
2024-12-16 20:00:00,153448.04189453105,0,97618.41657527364
2024-12-17 00:00:00,153448.04189453105,-1,104621.06734186133
2024-12-17 04:00:00,153375.33849836857,1,104464.00338260076
2024-12-17 08:00:00,169085.85690412606,1,115727.62471524702
2024-12-17 12:00:00,166532.15685357156,1,113896.75512687847
2024-12-17 16:00:00,159576.11260971596,1,108909.6346314014
2024-12-17 20:00:00,147582.02309481052,1,100310.49875080255
2024-12-18 00:00:00,144626.48709430636,0,98400.46177596138
2024-12-18 04:00:00,144626.48709430636,0,99738.77432945212
2024-12-18 08:00:00,144626.48709430636,0,98042.23452076147
2024-12-18 12:00:00,144626.48709430636,0,99151.57341524035
2024-12-18 16:00:00,144626.48709430636,0,99490.59047596385
2024-12-18 20:00:00,144626.48709430636,0,100069.03103974793
2024-12-19 00:00:00,144626.48709430636,0,99516.8969126371
2024-12-19 04:00:00,144626.48709430636,0,98597.21117795663
2024-12-19 08:00:00,144626.48709430636,0,98656.27744362879
2024-12-19 12:00:00,144626.48709430636,0,97551.22867174188
2024-12-19 16:00:00,144626.48709430636,-1,97273.91370070673
2024-12-19 20:00:00,143335.15469756062,-1,98188.15954179248
2024-12-20 00:00:00,145034.33226875713,-1,96985.16484294696
2024-12-20 04:00:00,139237.9257993223,-1,101088.94208982635
2024-12-20 08:00:00,143050.07828620146,0,98195.44195123295
2024-12-20 12:00:00,143050.07828620146,0,100758.30458612544
2024-12-20 16:00:00,143050.07828620146,0,97384.7809815157
2024-12-20 20:00:00,143050.07828620146,0,95163.87590503295
2024-12-21 00:00:00,143050.07828620146,0,96618.57322000654
2024-12-21 04:00:00,143050.07828620146,0,98549.90389087892
2024-12-21 08:00:00,143050.07828620146,0,95437.85360684866
2024-12-21 12:00:00,143050.07828620146,0,94949.5972602956
2024-12-21 16:00:00,143050.07828620146,0,91622.5391454398
2024-12-21 20:00:00,143050.07828620146,0,92885.90770400551
2024-12-22 00:00:00,143050.07828620146,-1,98841.66460327047
2024-12-22 04:00:00,140382.61517940083,0,100584.0931190515
2024-12-22 08:00:00,140382.61517940083,0,90571.62065491993
2024-12-22 12:00:00,140382.61517940083,-1,89121.43962973972
2024-12-22 16:00:00,136240.16975982158,-1,91889.6688866829
2024-12-22 20:00:00,137502.68739049634,-1,91045.97925685177
2024-12-23 00:00:00,138168.44681290598,-1,90601.07907724069
2024-12-23 04:00:00,139479.62573418827,-1,89724.87106884416
2024-12-23 08:00:00,139234.97124749928,-1,89888.36379820973
2024-12-23 12:00:00,140254.11398963336,-1,89207.31179389305
2024-12-23 16:00:00,140731.27808323794,-1,88888.44226865181
2024-12-23 20:00:00,138707.76355751097,-1,90240.67544123417
2024-12-24 00:00:00,139052.45747457942,-1,90010.33039398037
2024-12-24 04:00:00,139986.76589336814,-1,89385.96974756733
2024-12-24 08:00:00,139718.6993653083,-1,89565.10780024392
2024-12-24 12:00:00,139037.98992758826,-1,90019.99847232556
2024-12-24 16:00:00,139274.93655289584,-1,89861.65659595221
2024-12-24 20:00:00,142418.4988489302,0,87582.69777779939
2024-12-25 00:00:00,142418.4988489302,-1,87714.03305254981
2024-12-25 04:00:00,142262.52526102675,-1,87815.15143959603
2024-12-25 08:00:00,141932.32364484083,-1,88029.2226504823
2024-12-25 12:00:00,142127.629960174,-1,87902.60467719665
2024-12-25 16:00:00,142852.02539875184,-1,87432.97581684138
2024-12-25 20:00:00,142050.84836549172,-1,87952.38253454717
2024-12-26 00:00:00,139238.16101658222,0,90220.16244831686
2024-12-26 04:00:00,139238.16101658222,0,89221.19421612304
2024-12-26 08:00:00,139238.16101658222,0,88052.75397449068
2024-12-26 12:00:00,139238.16101658222,-1,89893.81698061187
2024-12-26 16:00:00,139315.06409851604,-1,89841.55429991442
2024-12-26 20:00:00,141797.8830443675,-1,88154.25165178035
2024-12-27 00:00:00,140793.90172725808,-1,88836.54881962918
2024-12-27 04:00:00,140868.90957382042,-1,88785.57412477801
2024-12-27 08:00:00,141230.90037211284,-1,88539.56825569137
2024-12-27 12:00:00,141205.024308798,-1,88557.15340833708
2024-12-27 16:00:00,140853.41592807107,-1,88796.1034747114
2024-12-27 20:00:00,140545.96724362765,-1,89005.04298691126
2024-12-28 00:00:00,140322.1727732585,-1,89157.13180640514
2024-12-28 04:00:00,140193.61113015673,-1,89244.50120610162
2024-12-28 08:00:00,140431.2533366946,-1,89083.00158283277
2024-12-28 12:00:00,140193.9260687635,-1,89244.28717650188
2024-12-28 16:00:00,140075.6091332595,-1,89324.69436000938
2024-12-28 20:00:00,139667.9452251693,0,89421.95165226745
2024-12-29 00:00:00,139667.9452251693,0,90282.95788052048
2024-12-29 04:00:00,139667.9452251693,0,90705.61596515235
2024-12-29 08:00:00,139667.9452251693,1,90758.38561734626
2024-12-29 12:00:00,139883.3343863834,1,90905.71530155774
2024-12-29 16:00:00,139016.0583417766,1,90312.48440239893
2024-12-29 20:00:00,138450.7510115152,0,89895.7276829985
2024-12-30 00:00:00,138450.7510115152,0,90372.47203386847
2024-12-30 04:00:00,138450.7510115152,1,90301.95837959433
2024-12-30 08:00:00,138497.55049819025,1,90334.08901671556
2024-12-30 12:00:00,138505.6969043223,1,90339.68201009791
2024-12-30 16:00:00,138034.2864115548,1,90016.030608034
2024-12-30 20:00:00,137069.66415440128,0,89609.1170339449
2024-12-31 00:00:00,137069.66415440128,0,89396.46416909585
2024-12-31 04:00:00,137069.66415440128,0,89426.21957010304
2024-12-31 08:00:00,137069.66415440128,0,89574.06456357443
2024-12-31 12:00:00,137069.66415440128,-1,89527.15881223965
2024-12-31 16:00:00,136865.8178167768,-1,89667.30870228498
2024-12-31 20:00:00,136801.2772119099,-1,89711.68211993361
2025-01-01 00:00:00,137327.3029722221,-1,89350.02513198921
2025-01-01 04:00:00,135747.62404331213,0,91493.73635935245
2025-01-01 08:00:00,135747.62404331213,1,90165.2775436847
2025-01-01 12:00:00,134807.4792581741,1,89507.95546041572
2025-01-01 16:00:00,136012.6607904434,1,90350.58358326624
2025-01-01 20:00:00,136079.96027475465,1,90397.63743915068
2025-01-02 00:00:00,135820.91717193386,1,90216.5219825802
2025-01-02 04:00:00,136550.20307611674,0,90906.74818077942
2025-01-02 08:00:00,136550.20307611674,1,91739.72768438519
2025-01-02 12:00:00,137009.31398081218,1,92064.41034726295
2025-01-02 16:00:00,136864.2500955082,1,91961.82134733682
2025-01-02 20:00:00,136611.18107019362,1,91782.8512462334
2025-01-03 00:00:00,137082.72687372175,1,92116.32785415654
2025-01-03 04:00:00,136812.21718554816,1,91925.02373789142
2025-01-03 08:00:00,136340.8354160623,1,91591.66313463972
2025-01-03 12:00:00,136454.66879679266,1,91672.16596043174
2025-01-03 16:00:00,135965.67855255495,1,91326.35266565568
2025-01-03 20:00:00,135384.75692323555,0,91099.00506463849
2025-01-04 00:00:00,135384.75692323555,0,91144.33505236432
2025-01-04 04:00:00,135384.75692323555,0,91698.22220027164
2025-01-04 08:00:00,135384.75692323555,0,90820.4607227946
2025-01-04 12:00:00,135384.75692323555,0,89360.48852074778
2025-01-04 16:00:00,135384.75692323555,-1,90760.27792070464
2025-01-04 20:00:00,134775.11480025802,-1,91190.48485771084
2025-01-05 00:00:00,134800.14877456182,0,90991.29854518954
2025-01-05 04:00:00,134800.14877456182,0,90409.63452223022
2025-01-05 08:00:00,134800.14877456182,-1,90099.1923636978
2025-01-05 12:00:00,135700.93499628987,-1,89465.42677337877
2025-01-05 16:00:00,133846.34348418895,-1,90770.26054649365
2025-01-05 20:00:00,132440.85664978388,0,91750.48452658328
2025-01-06 00:00:00,132440.85664978388,-1,360667.4503491079
2025-01-06 04:00:00,181956.5104171348,1,218006.41617121897
2025-01-06 08:00:00,132446.36262228838,0,479271.431149867
2025-01-06 12:00:00,132446.36262228838,1,-1158152.1705569723
2025-01-06 16:00:00,170815.7212301941,0,-1722103.016401716
2025-01-06 20:00:00,170815.7212301941,-1,-341100.46615091356
2025-01-07 00:00:00,377542.4918139964,-1,93437.36150995211
2025-01-07 04:00:00,377546.2616477541,-1,93445.28566688206
2025-01-07 08:00:00,377526.8757627985,-1,93404.53670963713
2025-01-07 12:00:00,377569.7695425404,-1,93494.69905202078
2025-01-07 16:00:00,377556.7723659249,-1,93467.37910271624
2025-01-07 20:00:00,377587.1742689382,-1,93531.28363164996
2025-01-08 00:00:00,377388.364949958,0,93795.58914893406
2025-01-08 04:00:00,377388.364949958,0,94248.84616159543
2025-01-08 08:00:00,377388.364949958,0,94755.23349822413
2025-01-08 12:00:00,377388.364949958,0,94995.11713004837
2025-01-08 16:00:00,377388.364949958,0,94993.72263251421
2025-01-08 20:00:00,377388.364949958,0,94109.33740398848
2025-01-09 00:00:00,377388.364949958,0,94868.25037508753
2025-01-09 04:00:00,377388.364949958,0,94687.07694222553
2025-01-09 08:00:00,377388.364949958,0,94684.88270013551
2025-01-09 12:00:00,377388.364949958,0,94402.94841313556
2025-01-09 16:00:00,377388.364949958,0,94279.47699736881
2025-01-09 20:00:00,377388.364949958,0,94222.49861340236
2025-01-10 00:00:00,377388.364949958,0,95632.313358841
2025-01-10 04:00:00,377388.364949958,0,92327.3366395642
2025-01-10 08:00:00,377388.364949958,0,92801.79831900689
2025-01-10 12:00:00,377388.364949958,0,92663.4276755687
2025-01-10 16:00:00,377388.364949958,0,91926.53768775314
2025-01-10 20:00:00,377388.364949958,0,94288.75381350417
2025-01-11 00:00:00,377388.364949958,0,94424.84173787099
2025-01-11 04:00:00,377388.364949958,0,94425.76409262784
2025-01-11 08:00:00,377388.364949958,0,94421.51390082284
2025-01-11 12:00:00,377388.364949958,0,94416.87172396392
2025-01-11 16:00:00,377388.364949958,0,94418.54025049842
2025-01-11 20:00:00,377388.364949958,0,94419.1398742598
2025-01-12 00:00:00,377388.364949958,0,94740.4101058173
2025-01-12 04:00:00,377388.364949958,0,94753.43495653613
2025-01-12 08:00:00,377388.364949958,0,94900.25551541391
2025-01-12 12:00:00,377388.364949958,0,94914.12403627546
2025-01-12 16:00:00,377388.364949958,0,94910.70272954392
2025-01-12 20:00:00,377388.364949958,0,94918.38696847546
2025-01-13 00:00:00,377388.364949958,0,95032.21125276762
2025-01-13 04:00:00,377388.364949958,0,95176.50903311683
2025-01-13 08:00:00,377388.364949958,0,95046.06459345882
2025-01-13 12:00:00,377388.364949958,0,95175.43198889325
2025-01-13 16:00:00,377388.364949958,0,95161.35650807743
2025-01-13 20:00:00,377388.364949958,0,95104.88530567447
2025-01-14 00:00:00,377388.364949958,0,95177.33576931382
2025-01-14 04:00:00,377388.364949958,0,95161.979628417
2025-01-14 08:00:00,377388.364949958,0,95083.8334038219
2025-01-14 12:00:00,377388.364949958,0,95793.75502585394
2025-01-14 16:00:00,377388.364949958,0,95951.87622919698
2025-01-14 20:00:00,377388.364949958,0,95892.57760376907
2025-01-15 00:00:00,377388.364949958,0,96172.01306481558
2025-01-15 04:00:00,377388.364949958,0,96324.40293177932
2025-01-15 08:00:00,377388.364949958,0,96328.06265992318
2025-01-15 12:00:00,377388.364949958,0,96317.48066906164
2025-01-15 16:00:00,377388.364949958,0,96341.71599438037
2025-01-15 20:00:00,377388.364949958,0,96345.03926932871
2025-01-16 00:00:00,377388.364949958,0,95974.0258504092
2025-01-16 04:00:00,377388.364949958,0,96219.1874574228
2025-01-16 08:00:00,377388.364949958,0,96889.32027537959
2025-01-16 12:00:00,377388.364949958,0,96666.97241211573
2025-01-16 16:00:00,377388.364949958,1,96901.23845528661
2025-01-16 20:00:00,382482.92408789945,1,98278.20637955067
2025-01-17 00:00:00,381801.8951581464,1,98094.13647941311
2025-01-17 04:00:00,386174.6485112245,1,99276.01325125476
2025-01-17 08:00:00,383280.2318876815,1,98493.70437188708
2025-01-17 12:00:00,388233.45632400806,1,99832.47206224674
2025-01-17 16:00:00,383383.9135029228,1,98521.72765214698
2025-01-17 20:00:00,387273.11220838776,1,99572.90827906938
2025-01-18 00:00:00,393924.3875651349,1,101370.62866540875
2025-01-18 04:00:00,393014.04772407684,1,101124.5801404282
2025-01-18 08:00:00,399887.29351108096,1,102982.29515129211
2025-01-18 12:00:00,394291.75124535,1,101469.9204766331
2025-01-18 16:00:00,392901.47675750987,1,101094.15422800495
2025-01-18 20:00:00,395228.2571153832,1,101723.04120975344
2025-01-19 00:00:00,396307.60412286734,1,102014.76933935497
2025-01-19 04:00:00,398343.79064590094,1,102565.1140216171
2025-01-19 08:00:00,398170.8711387011,1,102518.37698148335
2025-01-19 12:00:00,398424.0312711361,1,102586.80162287563
2025-01-19 16:00:00,398596.495136051,1,102633.41551107528
2025-01-19 20:00:00,398526.40187967557,1,102614.47056154719
2025-01-20 00:00:00,395706.9532893564,1,101852.4241964225
2025-01-20 04:00:00,397997.80450127705,1,102471.60017468993
2025-01-20 08:00:00,400095.80410255905,1,103038.65182290212
2025-01-20 12:00:00,400399.9276337306,1,103120.85095654616
2025-01-20 16:00:00,398426.501503304,1,102587.4692823077
2025-01-20 20:00:00,403925.994766476,1,104073.88363496432
2025-01-21 00:00:00,403125.214059413,1,103857.44697810363
2025-01-21 04:00:00,402523.0639442114,1,103694.6966062315
2025-01-21 08:00:00,402577.5068582027,1,103709.41154902433
2025-01-21 12:00:00,402130.5080454327,1,103588.59579034866
2025-01-21 16:00:00,401980.5223976018,1,103548.0573609044
2025-01-21 20:00:00,401803.47795943223,1,103500.20542594239
2025-01-22 00:00:00,402611.5111986962,1,103718.6023121262
2025-01-22 04:00:00,399756.5190579798,0,103140.751639991
2025-01-22 08:00:00,399756.5190579798,0,103226.01279808627
2025-01-22 12:00:00,399756.5190579798,0,101921.02063611487
2025-01-22 16:00:00,399756.5190579798,0,101965.35058160087
2025-01-22 20:00:00,399756.5190579798,0,101839.65816098145
2025-01-23 00:00:00,399756.5190579798,0,101952.48887535707
2025-01-23 04:00:00,399756.5190579798,0,101980.07724353229
2025-01-23 08:00:00,399756.5190579798,-1,101903.19570737207
2025-01-23 12:00:00,399866.8036155993,-1,101873.60309201793
2025-01-23 16:00:00,399652.2860541022,-1,101931.16451150509
2025-01-23 20:00:00,399193.0492929311,-1,102054.39134509953
2025-01-24 00:00:00,396266.2805478847,0,103046.04440899067
2025-01-24 04:00:00,396266.2805478847,0,103061.26810231085
2025-01-24 08:00:00,396266.2805478847,1,103431.63181791577
2025-01-24 12:00:00,395304.8692461986,1,103167.4810510864
2025-01-24 16:00:00,392731.4026693842,0,102534.65159205328
2025-01-24 20:00:00,392731.4026693842,0,101564.7106728879
2025-01-25 00:00:00,392731.4026693842,0,102173.60036745596
2025-01-25 04:00:00,392731.4026693842,-1,101666.54177612081
2025-01-25 08:00:00,388520.4786591322,0,102542.694423505
2025-01-25 12:00:00,388520.4786591322,-1,102323.33581803305
2025-01-25 16:00:00,392862.3184421454,-1,101119.65604312299
2025-01-25 20:00:00,392374.8433212699,-1,101254.79782013313
2025-01-26 00:00:00,395796.6750213125,-1,100306.17009172142
2025-01-26 04:00:00,395296.5217902464,-1,100444.82659649284
2025-01-26 08:00:00,395152.49385075324,-1,100484.75518125274
2025-01-26 12:00:00,395694.25817474484,-1,100334.56291434602
2025-01-26 16:00:00,396210.54189088196,-1,100191.43458665854
2025-01-26 20:00:00,396402.48450069537,-1,100138.22271129645
2025-01-27 00:00:00,400038.40766157454,-1,99130.24282475165
2025-01-27 04:00:00,404430.75595900347,-1,97912.56067289972
2025-01-27 08:00:00,407241.6884824006,-1,97133.29133175836
2025-01-27 12:00:00,399075.25990396657,-1,99397.25439911199
2025-01-27 16:00:00,396893.4554880255,-1,100002.11178204729
2025-01-27 20:00:00,399310.6180005306,-1,99332.00653303371
2025-01-28 00:00:00,398298.8596708282,-1,99612.49432148783
2025-01-28 04:00:00,397093.2560746022,-1,99946.72145511297
2025-01-28 08:00:00,399718.57550941984,-1,99218.90926850685
2025-01-28 12:00:00,401233.2775989482,-1,98798.9913624357
2025-01-28 16:00:00,401463.06470445497,-1,98735.28793134278
2025-01-28 20:00:00,400151.0760163008,-1,99099.00799651432
2025-01-29 00:00:00,401564.1065497442,-1,98707.27629764086
2025-01-29 04:00:00,401712.51926967327,-1,98666.13212875261
2025-01-29 08:00:00,401639.82519952866,-1,98686.28496403946
2025-01-29 12:00:00,401576.3719743685,-1,98703.8759778942
2025-01-29 16:00:00,400940.8481229439,-1,98880.0610157267
2025-01-29 20:00:00,400033.02315912355,0,98927.08888822838
2025-01-30 00:00:00,400033.02315912355,0,98324.82683649239
2025-01-30 04:00:00,400033.02315912355,0,98378.59670464108
2025-01-30 08:00:00,400033.02315912355,0,98474.98236234623
2025-01-30 12:00:00,400033.02315912355,0,98310.67991839277
2025-01-30 16:00:00,400033.02315912355,0,98689.90877290955
2025-01-30 20:00:00,400033.02315912355,0,99045.01743415836
2025-01-31 00:00:00,400033.02315912355,0,98766.63030128289
2025-01-31 04:00:00,400033.02315912355,0,98820.20702357497
2025-01-31 08:00:00,400033.02315912355,0,98864.06392013312
2025-01-31 12:00:00,400033.02315912355,0,98934.90034182221
2025-01-31 16:00:00,400033.02315912355,0,98969.1210746162
2025-01-31 20:00:00,400033.02315912355,0,99055.84578106723
2025-02-01 00:00:00,400033.02315912355,0,98197.19590045411
2025-02-01 04:00:00,400033.02315912355,-1,97938.48860624226
2025-02-01 08:00:00,401045.9410852266,-1,97677.44791835822
2025-02-01 12:00:00,400858.18792083603,-1,97725.83408462291
2025-02-01 16:00:00,401319.99856100907,-1,97606.8201308994
2025-02-01 20:00:00,401513.7597049903,-1,97556.88563866996
2025-02-02 00:00:00,400171.9442672709,-1,97902.68702676788
2025-02-02 04:00:00,400642.0580074471,-1,97781.53326795204
2025-02-02 08:00:00,401180.18581914034,-1,97642.8514947166
2025-02-02 12:00:00,401969.9573946368,-1,97439.31820734352
2025-02-02 16:00:00,401676.2471420955,-1,97515.01074312176
2025-02-02 20:00:00,401818.37734667305,-1,97478.38214230831
2025-02-03 00:00:00,399975.594877201,-1,97953.2885400086
2025-02-03 04:00:00,401718.8743218294,0,97308.1482477014
2025-02-03 08:00:00,401718.8743218294,-1,96385.05361387806
2025-02-03 12:00:00,405598.24833677453,-1,95405.2805323851
2025-02-03 16:00:00,404286.6775931164,-1,95736.53029179457
2025-02-03 20:00:00,402351.30166207766,-1,96225.3280288769
2025-02-04 00:00:00,402906.8308662635,-1,96085.02380501304
2025-02-04 04:00:00,403498.97869798524,-1,95935.47119586778
2025-02-04 08:00:00,403218.32118811214,-1,96006.35393938082
2025-02-04 12:00:00,402239.4045240082,-1,96253.58872334826
2025-02-04 16:00:00,402824.92607561965,-1,96105.70964474104
2025-02-04 20:00:00,403919.65693018684,-1,95829.22487718509
2025-02-05 00:00:00,404515.195683514,-1,95678.81585829495
2025-02-05 04:00:00,404472.97822998354,-1,95689.47828073191
2025-02-05 08:00:00,404453.65512240044,-1,95694.35851671529
2025-02-05 12:00:00,404395.61777141364,-1,95709.01640584868
2025-02-05 16:00:00,404344.66019178054,-1,95721.88623088493
2025-02-05 20:00:00,404398.5396688283,-1,95708.27845265759
2025-02-06 00:00:00,406974.82633334,-1,95057.61256832327
2025-02-06 04:00:00,406779.1512671544,-1,95107.03218134059
2025-02-06 08:00:00,406575.2049646124,-1,95158.54077435865
2025-02-06 12:00:00,406391.11561376904,-1,95205.0343039464
2025-02-06 16:00:00,406303.5367303689,-1,95227.15319017188
2025-02-06 20:00:00,406123.86882743513,-1,95272.53004072166
2025-02-07 00:00:00,407280.39491984464,-1,94980.43829369708
2025-02-07 04:00:00,407292.589999065,-1,94977.3583095809
2025-02-07 08:00:00,408154.13303622045,-1,94759.76735982955
2025-02-07 12:00:00,408210.4512840372,-1,94745.54364667501
2025-02-07 16:00:00,408117.8981200232,-1,94768.91883513547
2025-02-07 20:00:00,408284.44220177596,-1,94726.8565313837
2025-02-08 00:00:00,398355.93714501004,-1,97234.3956231574
2025-02-08 04:00:00,397350.4327662324,0,97973.26274072549
2025-02-08 08:00:00,397350.4327662324,1,94413.04305569352
2025-02-08 12:00:00,393616.24511980405,-1,93667.90363330854
2025-02-08 16:00:00,387079.87845522695,0,95403.55472150988
2025-02-08 20:00:00,387079.87845522695,-1,94104.3902347586
2025-02-09 00:00:00,388837.2500734359,-1,93654.6628929978
2025-02-09 04:00:00,387773.12463035627,-1,93926.98224870925
2025-02-09 08:00:00,387236.6541224984,-1,94064.26991907567
2025-02-09 12:00:00,386974.4575827227,-1,94131.36839251772
2025-02-09 16:00:00,388997.6640933709,-1,93613.61148985743
2025-02-09 20:00:00,389997.412826295,-1,93357.76671836572
2025-02-10 00:00:00,388929.3170644565,-1,93631.10211467033
2025-02-10 04:00:00,389139.00018377067,-1,93577.44230197949
2025-02-10 08:00:00,389171.40383719053,-1,93569.14991307048
2025-02-10 12:00:00,389140.50844741677,-1,93577.05632362796
2025-02-10 16:00:00,389403.12334153306,-1,93509.85078951441
2025-02-10 20:00:00,388955.22049702815,-1,93624.47319125298
2025-02-11 00:00:00,388356.1337641705,-1,93777.78492171486
2025-02-11 04:00:00,388485.551383629,-1,93744.6657786873
2025-02-11 08:00:00,388415.79610428755,-1,93762.51678756154
2025-02-11 12:00:00,388188.7979401659,-1,93820.60767731829
2025-02-11 16:00:00,388633.98622534855,-1,93706.67995593953
2025-02-11 20:00:00,388994.0590434333,-1,93614.53405484515
2025-02-12 00:00:00,389469.62182441354,-1,93492.8332244035
2025-02-12 04:00:00,390002.38010209764,-1,93356.49554741966
2025-02-12 08:00:00,390010.38915421354,-1,93354.44595831694
2025-02-12 12:00:00,389213.8183913472,-1,93558.29564383386
2025-02-12 16:00:00,387905.4061426662,-1,93893.13020951684
2025-02-12 20:00:00,388430.5251613125,0,93570.53870776237
2025-02-13 00:00:00,388430.5251613125,0,93723.27991337916
2025-02-13 04:00:00,388430.5251613125,0,93468.56127316954
2025-02-13 08:00:00,388430.5251613125,-1,92855.15318095946
2025-02-13 12:00:00,388116.48332548834,-1,92934.17673555393
2025-02-13 16:00:00,387890.0530069489,-1,92991.15426720027
2025-02-13 20:00:00,390109.5997887479,-1,92432.64117665558
2025-02-14 00:00:00,389807.89401465567,-1,92508.56056060606
2025-02-14 04:00:00,389860.04538033705,-1,92495.43751194509
2025-02-14 08:00:00,389504.6115616927,-1,92584.87669032287
2025-02-14 12:00:00,389125.75922796445,-1,92680.20875969206
2025-02-14 16:00:00,389020.8333139221,-1,92706.6116708677
2025-02-14 20:00:00,388899.1499814546,-1,92737.23131567155
2025-02-15 00:00:00,387406.7778278535,-1,93112.76265864013
2025-02-15 04:00:00,387456.7917491605,-1,93100.17746332526
2025-02-15 08:00:00,387367.94946234423,-1,93122.53318954275
2025-02-15 12:00:00,387224.8387349726,-1,93158.54469211161
2025-02-15 16:00:00,386669.5663371293,0,93112.55971416211
2025-02-15 20:00:00,386669.5663371293,-1,93129.5909810214
2025-02-16 00:00:00,383584.1870586421,0,90074.24545649829
2025-02-16 04:00:00,383584.1870586421,-1,92130.54835237302
2025-02-16 08:00:00,379890.4878702622,-1,93064.4064292212
2025-02-16 12:00:00,382843.1369758492,-1,92317.9040545759
2025-02-16 16:00:00,377287.8989180949,0,93878.38550328366
2025-02-16 20:00:00,377287.8989180949,-1,93514.95319408838
2025-02-17 00:00:00,378135.766408975,-1,93293.73921719864
2025-02-17 04:00:00,375722.16477565386,0,93736.43320242979
2025-02-17 08:00:00,375722.16477565386,0,94187.64593530924
2025-02-17 12:00:00,375722.16477565386,0,94379.37608610815
2025-02-17 16:00:00,375722.16477565386,1,93967.50474735853
2025-02-17 20:00:00,375000.54222299054,0,93965.4643553735
2025-02-18 00:00:00,375000.54222299054,0,94123.71825077648
2025-02-18 04:00:00,375000.54222299054,0,93987.0907283381
2025-02-18 08:00:00,375000.54222299054,0,93146.93016756223
2025-02-18 12:00:00,375000.54222299054,0,93884.31919165455
2025-02-18 16:00:00,375000.54222299054,0,96086.76558541323
2025-02-18 20:00:00,375000.54222299054,1,96925.02514678104
2025-02-19 00:00:00,374344.42171612295,1,96746.51453716833
2025-02-19 04:00:00,372304.2708757888,1,96191.45099869026
2025-02-19 08:00:00,373974.973512743,1,96645.99881891935
2025-02-19 12:00:00,370192.8082234822,1,95616.98566603789
2025-02-19 16:00:00,367763.52620411356,0,95058.24362305307
2025-02-19 20:00:00,367763.52620411356,0,95540.64653484123
2025-02-20 00:00:00,367763.52620411356,0,94061.25864445262
2025-02-20 04:00:00,367763.52620411356,0,93852.7886458106
2025-02-20 08:00:00,367763.52620411356,0,91187.81953922498
2025-02-20 12:00:00,367763.52620411356,-1,98449.10315778923
2025-02-20 16:00:00,389299.50834965205,1,92183.66540369431
2025-02-20 20:00:00,391196.752382829,0,92840.93316312559
2025-02-21 00:00:00,391196.752382829,0,-44987.66241773557
2025-02-21 04:00:00,391196.752382829,-1,-66558.51001531008
2025-02-21 08:00:00,540788.1077260331,0,276735.9051726974
2025-02-21 12:00:00,540788.1077260331,0,1693350.3337562238
2025-02-21 16:00:00,540788.1077260331,1,-2972806.0776165184
2025-02-21 20:00:00,709918.3565570902,0,-14321679.105277136
2025-02-22 00:00:00,709918.3565570902,-1,95293.29706138675
2025-02-22 04:00:00,738395.149773646,-1,91269.63568906636
2025-02-22 08:00:00,753286.7986287479,-1,89165.50297254977
2025-02-22 12:00:00,738601.0017739637,-1,91240.54959303742
2025-02-22 16:00:00,732706.1486070509,-1,92073.46967651852
2025-02-22 20:00:00,730291.0747010619,-1,92414.71033212636
2025-02-23 00:00:00,781645.513050441,-1,85158.52567986456
2025-02-23 04:00:00,771827.2606019573,0,86355.22040004675
2025-02-23 08:00:00,771827.2606019573,0,85797.89383911547
2025-02-23 12:00:00,771827.2606019573,0,83625.97833580297
2025-02-23 16:00:00,771827.2606019573,0,86465.73142482099
2025-02-23 20:00:00,771827.2606019573,0,90260.8525636141
2025-02-24 00:00:00,771827.2606019573,0,90259.75838573171
2025-02-24 04:00:00,771827.2606019573,0,90498.61024171925
2025-02-24 08:00:00,771827.2606019573,0,90221.95327733757
2025-02-24 12:00:00,771827.2606019573,0,88825.28783811165
2025-02-24 16:00:00,771827.2606019573,0,87286.84703039838
2025-02-24 20:00:00,771827.2606019573,0,87207.84411981894
2025-02-25 00:00:00,771827.2606019573,0,85384.88761753838
2025-02-25 04:00:00,771827.2606019573,0,88325.65822211666
2025-02-25 08:00:00,771827.2606019573,0,90241.67957004196
2025-02-25 12:00:00,771827.2606019573,0,87900.87252100394
2025-02-25 16:00:00,771827.2606019573,0,88647.47220170447
2025-02-25 20:00:00,771827.2606019573,0,85652.26787468766
2025-02-26 00:00:00,771827.2606019573,0,85102.4072382511
2025-02-26 04:00:00,771827.2606019573,0,85038.74784937687
2025-02-26 08:00:00,771827.2606019573,0,85328.03240841188
2025-02-26 12:00:00,771827.2606019573,0,85260.83317217749
2025-02-26 16:00:00,771827.2606019573,0,85175.74871712197
2025-02-26 20:00:00,771827.2606019573,0,85138.90865198534
2025-02-27 00:00:00,771827.2606019573,0,83682.60825012902
2025-02-27 04:00:00,771827.2606019573,0,84313.72367979908
2025-02-27 08:00:00,771827.2606019573,0,82983.9627270513
2025-02-27 12:00:00,771827.2606019573,0,82916.48711883236
2025-02-27 16:00:00,771827.2606019573,0,81731.06239196392
2025-02-27 20:00:00,771827.2606019573,0,83428.914593681
2025-02-28 00:00:00,771827.2606019573,0,83016.74361378844
2025-02-28 04:00:00,771827.2606019573,0,83076.57788314244
2025-02-28 08:00:00,771827.2606019573,0,82795.36178653887
2025-02-28 12:00:00,771827.2606019573,0,82604.58085079052
2025-02-28 16:00:00,771827.2606019573,0,82456.52769329151
2025-02-28 20:00:00,771827.2606019573,0,82032.87419801492
2025-03-01 00:00:00,771827.2606019573,0,82088.66262473051
2025-03-01 04:00:00,771827.2606019573,0,82188.02886723167
2025-03-01 08:00:00,771827.2606019573,0,82155.1894621005
2025-03-01 12:00:00,771827.2606019573,0,81963.50752021998
2025-03-01 16:00:00,771827.2606019573,0,82189.32507677533
2025-03-01 20:00:00,771827.2606019573,0,82154.76336679296
2025-03-02 00:00:00,771827.2606019573,0,82420.33059097575
2025-03-02 04:00:00,771827.2606019573,0,82225.77774588243
2025-03-02 08:00:00,771827.2606019573,0,82861.32713124818
2025-03-02 12:00:00,771827.2606019573,0,82788.07847903889
2025-03-02 16:00:00,771827.2606019573,0,82697.89400913421
2025-03-02 20:00:00,771827.2606019573,0,81811.62958708245
2025-03-03 00:00:00,771827.2606019573,0,80756.90476975557
2025-03-03 04:00:00,771827.2606019573,0,81434.1713431093
2025-03-03 08:00:00,771827.2606019573,0,81441.44178162738
2025-03-03 12:00:00,771827.2606019573,0,81184.96736471662
2025-03-03 16:00:00,771827.2606019573,0,80213.75134359187
2025-03-03 20:00:00,771827.2606019573,0,80048.76500223899
2025-03-04 00:00:00,771827.2606019573,0,79265.5386962453
2025-03-04 04:00:00,771827.2606019573,0,78802.11392064791
2025-03-04 08:00:00,771827.2606019573,0,79359.83754379046
2025-03-04 12:00:00,771827.2606019573,0,79479.57919388698
2025-03-04 16:00:00,771827.2606019573,0,79262.47545684825
2025-03-04 20:00:00,771827.2606019573,0,78177.1310881556
2025-03-05 00:00:00,771827.2606019573,0,78177.56282171873
2025-03-05 04:00:00,771827.2606019573,0,78100.68383377917
2025-03-05 08:00:00,771827.2606019573,0,78095.5448778429
2025-03-05 12:00:00,771827.2606019573,0,78038.96850858394
2025-03-05 16:00:00,771827.2606019573,0,77972.00611834081
2025-03-05 20:00:00,771827.2606019573,0,77865.50857859208
2025-03-06 00:00:00,771827.2606019573,0,77490.21141914623
2025-03-06 04:00:00,771827.2606019573,0,77313.98679852439
2025-03-06 08:00:00,771827.2606019573,0,77778.8880827875
2025-03-06 12:00:00,771827.2606019573,0,77546.5785799502
2025-03-06 16:00:00,771827.2606019573,0,76954.06958116447
2025-03-06 20:00:00,771827.2606019573,-1,76645.01536578852
2025-03-07 00:00:00,768697.4058963291,-1,76972.178510419
2025-03-07 04:00:00,766366.8396486309,-1,77215.79217753124
2025-03-07 08:00:00,764270.9819392271,-1,77434.8718037112
2025-03-07 12:00:00,764111.7686618511,-1,77451.51433871436
2025-03-07 16:00:00,764379.8457138445,-1,77423.49229309808
2025-03-07 20:00:00,764612.4764568289,-1,77399.17544373265
2025-03-08 00:00:00,761222.4721893063,0,77032.85407873045
2025-03-08 04:00:00,761222.4721893063,-1,76695.95770253264
2025-03-08 08:00:00,761296.2415486914,-1,76688.13398286309
2025-03-08 12:00:00,760542.0384701017,-1,76768.12211763859
2025-03-08 16:00:00,761928.0637588822,-1,76621.12513400317
2025-03-08 20:00:00,764141.9074685881,-1,76386.3326304311
2025-03-09 00:00:00,780111.5036308338,-1,74692.65324035942
2025-03-09 04:00:00,803291.7952335444,-1,72234.23276782557
2025-03-09 08:00:00,796847.4502185619,-1,72917.6974104814
2025-03-09 12:00:00,787837.9269002925,-1,73873.2158721566
2025-03-09 16:00:00,789634.2989678157,-1,73682.69894757353
2025-03-09 20:00:00,800343.5039294907,-1,72546.91820876418
2025-03-10 00:00:00,870030.7567346668,-1,65156.132453901075
2025-03-10 04:00:00,887806.17273791,-1,63270.93414150932
2025-03-10 08:00:00,888614.898238694,-1,63185.16354975563
2025-03-10 12:00:00,874182.8353118777,-1,64715.7775544575
2025-03-10 16:00:00,753438.8218888938,-1,77521.4643690381
2025-03-10 20:00:00,856087.1438816721,0,66481.55124055292
2025-03-11 00:00:00,856087.1438816721,0,68541.40876028282
2025-03-11 04:00:00,856087.1438816721,0,68991.17195472085
2025-03-11 08:00:00,856087.1438816721,0,68772.70895458337
2025-03-11 12:00:00,856087.1438816721,0,69681.65860107429
2025-03-11 16:00:00,856087.1438816721,0,69538.46371099656
2025-03-11 20:00:00,856087.1438816721,0,69226.7862906799
2025-03-12 00:00:00,856087.1438816721,0,71391.94751070894
2025-03-12 04:00:00,856087.1438816721,0,72439.9308720634
2025-03-12 08:00:00,856087.1438816721,0,70734.61254937662
2025-03-12 12:00:00,856087.1438816721,0,70708.97050311012
2025-03-12 16:00:00,856087.1438816721,0,71550.76064001904
2025-03-12 20:00:00,856087.1438816721,0,70681.76480523078
2025-03-13 00:00:00,856087.1438816721,0,71263.76423008974
2025-03-13 04:00:00,856087.1438816721,0,73489.57571482318
2025-03-13 08:00:00,856087.1438816721,1,70610.90536837475
2025-03-13 12:00:00,840462.2554200898,1,69254.32001010624
2025-03-13 16:00:00,848365.6473850482,0,70081.73077167495
2025-03-13 20:00:00,848365.6473850482,0,71936.50729298787
2025-03-14 00:00:00,848365.6473850482,0,71549.2924489424
2025-03-14 04:00:00,848365.6473850482,1,71549.9461119454
2025-03-14 08:00:00,848831.3247410406,1,71591.28775678862
2025-03-14 12:00:00,853976.5810956963,1,72048.07045859762
2025-03-14 16:00:00,862453.2941335626,1,72800.61136560074
2025-03-14 20:00:00,867005.630622925,1,73204.75615797305
2025-03-15 00:00:00,871434.8757495199,1,73597.9732139259
2025-03-15 04:00:00,871779.9779545588,1,73628.61050520008
2025-03-15 08:00:00,869923.1998108751,1,73463.77048972363
2025-03-15 12:00:00,867246.6215711545,1,73226.15071809913
2025-03-15 16:00:00,865191.1393344287,1,73043.67026136495
2025-03-15 20:00:00,862336.4466155865,1,72790.2379417552
2025-03-16 00:00:00,863996.8113135162,1,72937.64087378255
2025-03-16 04:00:00,862990.9354460028,1,72848.34178647245
2025-03-16 08:00:00,862798.6148622615,1,72831.26805684665
2025-03-16 12:00:00,862477.0471575095,1,72802.72009832594
2025-03-16 16:00:00,861318.0074422611,1,72699.82351628177
2025-03-16 20:00:00,861177.9293504411,1,72687.38774149517
2025-03-17 00:00:00,863184.6629945171,1,72865.54042283294
2025-03-17 04:00:00,868707.8622188483,1,73355.875926143
2025-03-17 08:00:00,858391.8081189182,1,72440.04302317985
2025-03-17 12:00:00,871058.7139870103,1,73564.57853456441
2025-03-17 16:00:00,873592.8956448971,1,73789.55670178769
2025-03-17 20:00:00,870501.0612871284,1,73515.07155388838
2025-03-18 00:00:00,868849.0232625894,1,73368.40784263183
2025-03-18 04:00:00,870164.5519867748,1,73485.19711871854
2025-03-18 08:00:00,871657.8613015731,1,73617.76930102252
2025-03-18 12:00:00,870843.6827468213,1,73545.48861093447
2025-03-18 16:00:00,873243.6386769312,1,73758.55056128533
2025-03-18 20:00:00,871584.0082835364,1,73611.21281893684
2025-03-19 00:00:00,888550.0719052851,1,75117.41656196187
2025-03-19 04:00:00,894520.8389289335,1,75647.48598998296
2025-03-19 08:00:00,893287.5051707122,1,75537.99377278706
2025-03-19 12:00:00,872491.3864226257,1,73691.76752979407
2025-03-19 16:00:00,873198.945096263,0,73897.68267170712
2025-03-19 20:00:00,873198.945096263,0,74828.14429779016
2025-03-20 00:00:00,873198.945096263,1,74869.41730125973
2025-03-20 04:00:00,876712.4348878195,1,75186.52467544256
2025-03-20 08:00:00,869517.7069674497,1,74537.16992727418
2025-03-20 12:00:00,868033.2416477051,1,74403.1906281907
2025-03-20 16:00:00,870152.4101968332,1,74594.45458907649
2025-03-20 20:00:00,863990.3269941462,1,74038.3004119401
2025-03-21 00:00:00,857904.0486548098,0,51705.67893655722
2025-03-21 04:00:00,857904.0486548098,-1,75198.55528028944
2025-03-21 08:00:00,1077792.5648703694,-1,54910.065383786976
2025-03-21 12:00:00,1001001.9857624068,-1,61995.31437810544
2025-03-21 16:00:00,1014503.7057976783,-1,60749.54895462842
2025-03-21 20:00:00,1005373.0275935687,-1,61592.010742449536
2025-03-22 00:00:00,867481.6975310385,-1,74314.8527759389
2025-03-22 04:00:00,864786.987516088,0,74413.08891759752
2025-03-22 08:00:00,864786.987516088,0,74621.26532364333
2025-03-22 12:00:00,864786.987516088,0,74544.21162611456
2025-03-22 16:00:00,864786.987516088,1,74503.43683812581
2025-03-22 20:00:00,865332.3095476581,1,74552.89028872241
2025-03-23 00:00:00,865785.5708417249,1,74593.99505565975
2025-03-23 04:00:00,865821.5904140802,1,74597.26155148947
2025-03-23 08:00:00,867141.7705599872,1,74716.98432050404
2025-03-23 12:00:00,869724.7928750664,1,74951.23006715192
2025-03-23 16:00:00,868382.9694881658,1,74829.54454422818
2025-03-23 20:00:00,869862.2895800401,1,74963.69918835547
2025-03-24 00:00:00,868780.08654975,1,74865.55777650044
2025-03-24 04:00:00,868298.9425949411,1,74821.9244233229
2025-03-24 08:00:00,866771.0413408633,1,74683.3641143483
2025-03-24 12:00:00,868773.6988906199,1,74864.97850083042
2025-03-24 16:00:00,865035.5859539044,0,74674.9882815264
2025-03-24 20:00:00,865035.5859539044,0,74605.2209381098
2025-03-25 00:00:00,865035.5859539044,0,74486.89525779484
2025-03-25 04:00:00,865035.5859539044,0,74682.68323668248
2025-03-25 08:00:00,865035.5859539044,0,74952.85554506337
2025-03-25 12:00:00,865035.5859539044,0,75154.77306315217
2025-03-25 16:00:00,865035.5859539044,0,75359.80939960244
2025-03-25 20:00:00,865035.5859539044,0,75060.87801248956
2025-03-26 00:00:00,865035.5859539044,0,75218.3439642599
2025-03-26 04:00:00,865035.5859539044,1,75089.14190341927
2025-03-26 08:00:00,860679.8366089814,0,74841.32076449778
2025-03-26 12:00:00,860679.8366089814,0,74882.7498988137
2025-03-26 16:00:00,860679.8366089814,0,74781.4102203128
2025-03-26 20:00:00,860679.8366089814,0,74839.65098851774
2025-03-27 00:00:00,860679.8366089814,0,75004.4013882421
2025-03-27 04:00:00,860679.8366089814,0,75030.675599739
2025-03-27 08:00:00,860679.8366089814,0,75061.30085721427
2025-03-27 12:00:00,860679.8366089814,0,74996.09901512433
2025-03-27 16:00:00,860679.8366089814,0,75023.74387210104
2025-03-27 20:00:00,860679.8366089814,0,75021.09579337804
2025-03-28 00:00:00,860679.8366089814,0,74675.71742819734
2025-03-28 04:00:00,860679.8366089814,0,74559.85518818321
2025-03-28 08:00:00,860679.8366089814,0,75046.31990844542
2025-03-28 12:00:00,860679.8366089814,0,74828.68823040705
2025-03-28 16:00:00,860679.8366089814,0,75323.45757099877
2025-03-28 20:00:00,860679.8366089814,1,75799.69849449853
2025-03-29 00:00:00,853113.405637244,0,71897.12038741376
2025-03-29 04:00:00,853113.405637244,-1,70327.99562740933
2025-03-29 08:00:00,846153.6055388704,-1,70931.9367948922
2025-03-29 12:00:00,834762.1024389802,0,72285.0880944238
2025-03-29 16:00:00,834762.1024389802,-1,73125.68894593936
2025-03-29 20:00:00,813418.9611913678,0,75118.65068963464
2025-03-30 00:00:00,813418.9611913678,0,75476.89463274105
2025-03-30 04:00:00,813418.9611913678,0,75479.43033529424
2025-03-30 08:00:00,813418.9611913678,1,75635.67291422586
2025-03-30 12:00:00,811823.8739026273,1,75479.54763355141
2025-03-30 16:00:00,815575.7268933174,1,75846.7746219147
2025-03-30 20:00:00,817319.1229362785,1,76017.41619021966
2025-03-31 00:00:00,810379.1267648841,1,75338.13747125123
2025-03-31 04:00:00,806237.4995072407,1,74932.75983291582
2025-03-31 08:00:00,840598.0048233051,1,78295.92595833955
2025-03-31 12:00:00,855169.2287810764,1,79722.1403393553
2025-03-31 16:00:00,860335.7089716694,1,80227.82938568466
2025-03-31 20:00:00,835866.9775138417,1,77832.85853138285
2025-04-01 00:00:00,838407.5210498472,1,78081.523965196
2025-04-01 04:00:00,839616.2707079059,1,78199.83496984237
2025-04-01 08:00:00,839556.4769233783,1,78193.98242405515
2025-04-01 12:00:00,840166.9651002401,1,78253.73629372346
2025-04-01 16:00:00,840676.1921298258,1,78303.57884057483
2025-04-01 20:00:00,840416.897404356,1,78278.199375716
2025-04-02 00:00:00,858930.5608007344,1,80090.29512400195
2025-04-02 04:00:00,865792.1267444642,1,80761.89718389726
2025-04-02 08:00:00,826968.6292464993,1,76961.89859672329
2025-04-02 12:00:00,830976.5808782267,0,77505.4635667628
2025-04-02 16:00:00,830976.5808782267,0,76399.85252473607
2025-04-02 20:00:00,830976.5808782267,0,76854.95917920112
2025-04-03 00:00:00,830976.5808782267,0,76826.27277719833
2025-04-03 04:00:00,830976.5808782267,0,76728.86807944583
2025-04-03 08:00:00,830976.5808782267,0,76979.107416456
2025-04-03 12:00:00,830976.5808782267,0,77053.75307824938
2025-04-03 16:00:00,830976.5808782267,0,77470.75116410136
2025-04-03 20:00:00,830976.5808782267,0,77277.76135370173
2025-04-04 00:00:00,830976.5808782267,0,77394.9043734926
2025-04-04 04:00:00,830976.5808782267,0,77018.56334280482
2025-04-04 08:00:00,830976.5808782267,0,76626.6686404931
2025-04-04 12:00:00,830976.5808782267,0,76671.21853852783
2025-04-04 16:00:00,830976.5808782267,0,76331.27019834027
2025-04-04 20:00:00,830976.5808782267,0,76208.44592637906
2025-04-05 00:00:00,830976.5808782267,0,77037.70666198786
2025-04-05 04:00:00,830976.5808782267,0,75209.7505272937
2025-04-05 08:00:00,830976.5808782267,0,75023.96987672544
2025-04-05 12:00:00,830976.5808782267,0,77269.56140278054
2025-04-05 16:00:00,830976.5808782267,0,77855.99116240598
2025-04-05 20:00:00,830976.5808782267,0,77063.97024470844
2025-04-06 00:00:00,830976.5808782267,0,76671.27814406343
2025-04-06 04:00:00,830976.5808782267,0,76447.43221868384
2025-04-06 08:00:00,830976.5808782267,0,76520.49137973455
2025-04-06 12:00:00,830976.5808782267,0,75593.6048129758
2025-04-06 16:00:00,830976.5808782267,-1,75302.27442698731
2025-04-06 20:00:00,828478.5852709275,-1,75540.55430795319
2025-04-07 00:00:00,843515.8872165456,-1,74106.16967285608
2025-04-07 04:00:00,835748.9500673736,-1,74847.04561914137
2025-04-07 08:00:00,844481.4086162033,-1,74014.07010170062
2025-04-07 12:00:00,845860.3021017845,-1,73882.53961595883
2025-04-07 16:00:00,837241.810704362,-1,74704.64398567137
2025-04-07 20:00:00,845969.6527909699,-1,73872.10882531753
2025-04-08 00:00:00,838691.3285485113,0,74415.77220434006
2025-04-08 04:00:00,838691.3285485113,0,75948.53849565363
2025-04-08 08:00:00,838691.3285485113,0,75436.73194214619
2025-04-08 12:00:00,838691.3285485113,0,74470.95534664716
2025-04-08 16:00:00,838691.3285485113,-1,74339.62898348215
2025-04-08 20:00:00,854392.3272285037,-1,72874.68199836527
2025-04-09 00:00:00,863902.1559350287,-1,71987.38844611788
2025-04-09 04:00:00,865319.1717019806,-1,71855.1769213628
2025-04-09 08:00:00,843994.5735013804,-1,73844.82143248593
2025-04-09 12:00:00,829378.0110063716,0,75059.90823782813
2025-04-09 16:00:00,829378.0110063716,0,75576.93560651297
2025-04-09 20:00:00,829378.0110063716,0,76905.7874179684
2025-04-10 00:00:00,829378.0110063716,0,61811.52107493205
2025-04-10 04:00:00,829378.0110063716,-1,45181.52024170259
2025-04-10 08:00:00,749924.9136882728,-1,49737.64438991279
2025-04-10 12:00:00,703514.7560627742,0,52190.11107392715
2025-04-10 16:00:00,703514.7560627742,-1,50589.98782117239
2025-04-10 20:00:00,595399.3159927825,0,67223.89467290582
2025-04-11 00:00:00,595399.3159927825,0,75470.46180091104
2025-04-11 04:00:00,595399.3159927825,0,75841.16455513281
2025-04-11 08:00:00,595399.3159927825,0,75776.85560293558
2025-04-11 12:00:00,595399.3159927825,0,76079.21604773572
2025-04-11 16:00:00,595399.3159927825,1,76431.09150350938
2025-04-11 20:00:00,597161.987412448,1,76669.27380526064
2025-04-12 00:00:00,596768.5137151103,1,76616.10537587278
2025-04-12 04:00:00,599340.0135794313,1,76963.58122974083
2025-04-12 08:00:00,601294.3575279282,1,77227.66342615777
2025-04-12 12:00:00,599489.6880541279,1,76983.80610574374
2025-04-12 16:00:00,599228.8135147984,1,76948.55523734448
2025-04-12 20:00:00,601451.5405419552,1,77248.90289918687
2025-04-13 00:00:00,590895.6683413442,1,75822.5327262304
2025-04-13 04:00:00,584108.9849050094,1,74905.47702084536
2025-04-13 08:00:00,568579.5829507115,1,72807.0548980216
2025-04-13 12:00:00,565374.215418611,0,72526.78938165322
2025-04-13 16:00:00,565374.215418611,0,73168.10768345513
2025-04-13 20:00:00,565374.215418611,0,79140.13274525649
2025-04-14 00:00:00,565374.215418611,1,76884.13355504238
2025-04-14 04:00:00,573833.1485536874,1,78094.99015446784
2025-04-14 08:00:00,575945.994076024,1,78397.4340801302
2025-04-14 12:00:00,597877.4490515082,1,81536.8189845869
2025-04-14 16:00:00,604179.1343929414,1,82438.87568149305
2025-04-14 20:00:00,586932.1827485563,1,79970.05545498266
2025-04-15 00:00:00,585908.2245503581,1,79823.48064205707
2025-04-15 04:00:00,584711.6527902654,1,79652.19700743577
2025-04-15 08:00:00,583591.3481341482,1,79491.83065099757
2025-04-15 12:00:00,584206.554139423,1,79579.89450486634
2025-04-15 16:00:00,595940.3500045686,1,81259.53234249236
2025-04-15 20:00:00,598583.8597698165,1,81637.93836530663
2025-04-16 00:00:00,602263.6179854666,1,82164.67849299884
2025-04-16 04:00:00,602410.0510964142,1,82185.63970594779
2025-04-16 08:00:00,603233.5977448946,1,82303.52654561462
2025-04-16 12:00:00,603581.5675169828,1,82353.3367862449
2025-04-16 16:00:00,603368.0120859148,1,82322.76732802569
2025-04-16 20:00:00,603408.7628722152,1,82328.60061193226
2025-04-17 00:00:00,604166.9599354723,1,82437.13296501388
2025-04-17 04:00:00,605171.2943305406,1,82580.89872257206
2025-04-17 08:00:00,605034.7097606197,1,82561.3472820739
2025-04-17 12:00:00,604734.122114457,1,82518.31957051148
2025-04-17 16:00:00,606030.899584472,1,82703.94718246679
2025-04-17 20:00:00,604402.5954536727,1,82470.8630841336
2025-04-18 00:00:00,608606.1013592127,1,83072.57523685663
2025-04-18 04:00:00,611450.5698744021,1,83479.74756207492
2025-04-18 08:00:00,616195.225531933,1,84158.92276338956
2025-04-18 12:00:00,630118.3423337453,1,86151.95162351115
2025-04-18 16:00:00,614660.9126010375,1,83939.29306443204
2025-04-18 20:00:00,610663.6898975337,1,83367.10938445464
2025-04-19 00:00:00,605165.7958639307,1,82580.11164286887
2025-04-19 04:00:00,608375.306504467,1,83039.53803600404
2025-04-19 08:00:00,613679.4973949814,1,83798.80808127244
2025-04-19 12:00:00,610445.7704487031,1,83335.91523756328
2025-04-19 16:00:00,614384.6598374371,1,83899.74877715921
2025-04-19 20:00:00,617892.7231385849,1,84401.91158322078
2025-04-20 00:00:00,619775.6730510069,1,84671.44703070994
2025-04-20 04:00:00,620905.4677073885,1,84833.17183617064
2025-04-20 08:00:00,619824.5552303742,1,84678.4442853916
2025-04-20 12:00:00,620962.2605898026,1,84841.30147088622
2025-04-20 16:00:00,619819.4702309591,1,84677.71639157787
2025-04-20 20:00:00,620134.9090180033,1,84722.86997429427
2025-04-21 00:00:00,622893.9892372498,1,85117.81936548468
2025-04-21 04:00:00,623200.1121377223,1,85161.63942273699
2025-04-21 08:00:00,622925.252868902,1,85122.29460770538
2025-04-21 12:00:00,623083.1615192408,1,85144.89849028912
2025-04-21 16:00:00,622505.2753167972,1,85062.17679113724
2025-04-21 20:00:00,621185.6498362676,1,84873.27859365138
2025-04-22 00:00:00,617044.4556844473,1,84280.48607618359
2025-04-22 04:00:00,614526.6628031883,0,84073.84410271417
2025-04-22 08:00:00,614526.6628031883,0,84527.37562370783
2025-04-22 12:00:00,614526.6628031883,1,85825.07512523376
2025-04-22 16:00:00,617518.0337258497,1,86264.83958085346
2025-04-22 20:00:00,614329.585421347,1,85796.10258061088
2025-04-23 00:00:00,614392.3949287267,1,85805.33626962328
2025-04-23 04:00:00,614150.754569325,1,85769.81247673521
2025-04-23 08:00:00,617318.3490085102,1,86235.48372920994
2025-04-23 12:00:00,618759.963113562,1,86447.41687241162
2025-04-23 16:00:00,617390.073450387,1,86246.0280117319
2025-04-23 20:00:00,618364.7111990721,1,86389.31048991939
2025-04-24 00:00:00,624258.5326695392,1,87255.76712719044
2025-04-24 04:00:00,620410.47530635,1,86690.06033412894
2025-04-24 08:00:00,620177.0727347735,1,86655.74758673542
2025-04-24 12:00:00,620727.0028562413,1,86736.59336840163
2025-04-24 16:00:00,619642.763197089,1,86577.19820284183
2025-04-24 20:00:00,618370.7838310497,1,86390.20323366961
2025-04-25 00:00:00,620265.4095995788,1,86668.73407830288
2025-04-25 04:00:00,621754.1626803889,1,86887.59716986227
2025-04-25 08:00:00,624787.7773833869,1,87333.57192622477
2025-04-25 12:00:00,630949.6519042657,1,88239.4353127219
2025-04-25 16:00:00,627833.9351229968,1,87781.39064704707
2025-04-25 20:00:00,624929.6575801141,1,87354.42987700723
2025-04-26 00:00:00,620135.1177513767,1,86649.57974232193
2025-04-26 04:00:00,634795.9377225804,1,88804.8816691851
2025-04-26 08:00:00,628347.2342158487,1,87856.85126426042
2025-04-26 12:00:00,635557.8158382114,1,88916.88613918608
2025-04-26 16:00:00,629259.1919418541,1,87990.91908911182
2025-04-26 20:00:00,627356.7064021014,1,87711.23277158577
2025-04-27 00:00:00,640622.5780197368,1,89661.46193442716
2025-04-27 04:00:00,624679.9227883567,1,87317.7161134567
2025-04-27 08:00:00,636273.2769211292,1,89022.06679440435
2025-04-27 12:00:00,641025.7672775314,1,89720.73519376206
2025-04-27 16:00:00,644730.4030260388,1,90265.35743063335
2025-04-27 20:00:00,639072.3356321314,1,89433.55923787448
2025-04-28 00:00:00,647600.6313277511,1,90687.31258739597
2025-04-28 04:00:00,658576.2122978077,1,92300.84381277554
2025-04-28 08:00:00,658544.239126647,1,92296.14340464381
2025-04-28 12:00:00,630231.6879521654,1,88133.8867081814
2025-04-28 16:00:00,628332.323054879,0,88026.3093097014
2025-04-28 20:00:00,628332.323054879,0,89796.34898212034
2025-04-29 00:00:00,628332.323054879,1,89498.7529696381
2025-04-29 04:00:00,631286.1143142065,1,89941.63063424909
2025-04-29 08:00:00,634211.0000022751,1,90380.17433252002
2025-04-29 12:00:00,637435.2770062037,1,90863.6073662693
2025-04-29 16:00:00,638825.8242897079,1,91072.09953087464
2025-04-29 20:00:00,639537.0701029341,1,91178.74040596398
2025-04-30 00:00:00,639951.2630084263,1,91240.84255556698
2025-04-30 04:00:00,638839.5482398021,1,91074.15723584879
2025-04-30 08:00:00,638063.9955098607,1,90957.87448203722
2025-04-30 12:00:00,638659.23676799,1,91047.12217597902
2025-04-30 16:00:00,640213.3049243526,1,91280.1318964739
2025-04-30 20:00:00,638816.8758227379,1,91070.75783953439
2025-05-01 00:00:00,637646.9629592384,1,90895.34656930708
2025-05-01 04:00:00,636946.4835151312,1,90790.31995331496
2025-05-01 08:00:00,636988.8416208008,1,90796.67092982931
2025-05-01 12:00:00,636956.1743590884,1,90791.77295319311
2025-05-01 16:00:00,637069.0892095184,1,90808.70287845457
2025-05-01 20:00:00,637236.6189053257,1,90833.82149853234
2025-05-02 00:00:00,642087.787379759,1,91561.18304034982
2025-05-02 04:00:00,637764.0588045958,1,90912.90337341899
2025-05-02 08:00:00,640245.2097452625,1,91284.91555629748
2025-05-02 12:00:00,638419.1222625198,1,91011.12052857551
2025-05-02 16:00:00,641930.7267337223,1,91537.63410069492
2025-05-02 20:00:00,645408.5945052967,1,92059.08934965228
2025-05-03 00:00:00,651447.3104005026,1,92964.50620484566
2025-05-03 04:00:00,652126.5343803056,1,93066.34587580175
2025-05-03 08:00:00,655185.5387058778,1,93524.99869612757
2025-05-03 12:00:00,655221.840859394,1,93530.4416714627
2025-05-03 16:00:00,652263.2149416684,1,93086.83912075362
2025-05-03 20:00:00,655869.4889750866,1,93627.54700484122
2025-05-04 00:00:00,656643.095328129,1,93743.53792799186
2025-05-04 04:00:00,656767.9050930473,1,93762.25132117193
2025-05-04 08:00:00,657407.4214765107,1,93858.1374206024
2025-05-04 12:00:00,658351.5872707206,1,93999.70122969853
2025-05-04 16:00:00,655788.6542738387,1,93615.42702730554
2025-05-04 20:00:00,659882.1132004163,1,94229.18113868996
2025-05-05 00:00:00,661126.2690999499,1,94415.7240629597
2025-05-05 04:00:00,659830.5959122098,1,94221.4568771275
2025-05-05 08:00:00,660600.6439091252,1,94336.9142769811
2025-05-05 12:00:00,662438.6646215661,1,94612.49851742527
2025-05-05 16:00:00,665421.7077502243,1,95059.76207069165
2025-05-05 20:00:00,665852.995225676,1,95124.42730026765
2025-05-06 00:00:00,668032.1763433848,1,95451.16353835746
2025-05-06 04:00:00,668651.1155221249,1,95543.96438782543
2025-05-06 08:00:00,692523.594484194,1,99123.2923778483
2025-05-06 12:00:00,671520.6341218157,1,95974.20660347817
2025-05-06 16:00:00,661883.9293506012,1,94529.32410200019
2025-05-06 20:00:00,672603.3899950534,1,96136.54996168574
2025-05-07 00:00:00,669359.0302831496,1,95650.10582050664
2025-05-07 04:00:00,676756.0231640204,1,96759.17638257808
2025-05-07 08:00:00,678877.3053684972,1,97077.2315280569
2025-05-07 12:00:00,685083.5971517892,1,98007.7739291826
2025-05-07 16:00:00,683823.7497461005,1,97818.87829377313
2025-05-07 20:00:00,686628.8208340897,1,98239.45755054812
2025-05-08 00:00:00,685870.605432552,1,98125.77427477679
2025-05-08 04:00:00,687016.648594775,1,98297.60663348729
2025-05-08 08:00:00,685267.3249306607,1,98035.32121417568
2025-05-08 12:00:00,684178.1320888341,1,97872.01272696424
2025-05-08 16:00:00,686640.8344500859,1,98241.2588160164
2025-05-08 20:00:00,687023.8669923212,1,98298.68892629907
2025-05-09 00:00:00,608196.6937070753,0,82487.56543918035
2025-05-09 04:00:00,608196.6937070753,-1,78521.1303413856
2025-05-09 08:00:00,671561.4142503986,-1,69909.8762030482
2025-05-09 12:00:00,605779.2620315689,-1,78849.65887179424
2025-05-09 16:00:00,575589.5030755545,0,86034.38244494173
2025-05-09 20:00:00,575589.5030755545,-1,95273.08320139942
2025-05-10 00:00:00,545749.6692196656,0,100281.66073152608
2025-05-10 04:00:00,545749.6692196656,0,100954.00331682268
2025-05-10 08:00:00,545749.6692196656,0,100634.24670691098
2025-05-10 12:00:00,545749.6692196656,1,100002.34540305912
2025-05-10 16:00:00,550829.9655388795,1,100982.24627378606
2025-05-10 20:00:00,549878.2921181652,1,100798.68500983405
2025-05-11 00:00:00,550271.0949696464,1,100874.44985345838
2025-05-11 04:00:00,550099.2797406804,1,100841.30968172642
2025-05-11 08:00:00,550234.4557647646,1,100867.38278758062
2025-05-11 12:00:00,549822.4215227535,1,100787.9085429408
2025-05-11 16:00:00,550276.8062643048,1,100875.55146294276
2025-05-11 20:00:00,549588.7621464278,1,100742.83970995773
2025-05-12 00:00:00,553692.0611320948,1,101534.29477404545
2025-05-12 04:00:00,554331.1919590603,1,101657.57200326596
2025-05-12 08:00:00,554064.1586403879,0,101806.0706076081
2025-05-12 12:00:00,554064.1586403879,0,101885.31180515903
2025-05-12 16:00:00,554064.1586403879,1,101741.29476187831
2025-05-12 20:00:00,550632.3282167717,0,101281.43241627337
2025-05-13 00:00:00,550632.3282167717,0,101812.55296048275
2025-05-13 04:00:00,550632.3282167717,0,101719.06456314772
2025-05-13 08:00:00,550632.3282167717,0,101096.19220362495
2025-05-13 12:00:00,550632.3282167717,0,101252.62602137814
2025-05-13 16:00:00,550632.3282167717,0,101842.73619978451
2025-05-13 20:00:00,550632.3282167717,0,102070.2375774609
2025-05-14 00:00:00,550632.3282167717,0,102019.4166202771
2025-05-14 04:00:00,550632.3282167717,0,101433.98876888613
2025-05-14 08:00:00,550632.3282167717,0,100352.36618572428
2025-05-14 12:00:00,550632.3282167717,0,100682.9136856087
2025-05-14 16:00:00,550632.3282167717,0,100945.8492748107
2025-05-14 20:00:00,550632.3282167717,0,101742.72261976298
2025-05-15 00:00:00,550632.3282167717,0,101802.36505672426
2025-05-15 04:00:00,550632.3282167717,0,101769.46099878024
2025-05-15 08:00:00,550632.3282167717,0,101793.12797943967
2025-05-15 12:00:00,550632.3282167717,0,101789.62592312323
2025-05-15 16:00:00,550632.3282167717,0,101802.6949657762
2025-05-15 20:00:00,550632.3282167717,0,101825.39212200027
2025-05-16 00:00:00,550632.3282167717,0,102074.08323991696
2025-05-16 04:00:00,550632.3282167717,0,102241.43197726617
2025-05-16 08:00:00,550632.3282167717,1,102270.28560069264
2025-05-16 12:00:00,551823.7975598783,1,102503.22718775971
2025-05-16 16:00:00,553140.8815102848,1,102760.72741425171
2025-05-16 20:00:00,553596.1072103188,1,102849.72760351647
2025-05-17 00:00:00,553107.1863345201,1,102754.13974352017
2025-05-17 04:00:00,553562.304494152,1,102843.11890779414
2025-05-17 08:00:00,554300.9554483753,1,102987.53095377826
2025-05-17 12:00:00,553921.9007067368,1,102913.42278338056
2025-05-17 16:00:00,554308.2550727053,1,102988.9580874987
2025-05-17 20:00:00,554938.8098731269,1,103112.23648890514
2025-05-18 00:00:00,557324.5977986108,1,103578.67671162928
2025-05-18 04:00:00,557568.5559179336,1,103626.37243441201
2025-05-18 08:00:00,557644.8851042909,1,103641.29538808472
2025-05-18 12:00:00,557828.9652680912,1,103677.28450165383
2025-05-18 16:00:00,557645.8599051035,1,103641.4859692773
2025-05-18 20:00:00,557764.6352581955,1,103664.70748094589
2025-05-19 00:00:00,559117.2325042019,1,103929.15083483509
2025-05-19 04:00:00,556945.6799533353,1,103504.59530554262
2025-05-19 08:00:00,555663.8981505184,1,103253.99692535824
2025-05-19 12:00:00,553263.9530180203,1,102784.78885779661
2025-05-19 16:00:00,555015.8101365166,0,103331.83121459429
2025-05-19 20:00:00,555015.8101365166,0,104494.91343885289
2025-05-20 00:00:00,555015.8101365166,1,104847.54695681349
2025-05-20 04:00:00,552215.506314914,1,104290.70177365489
2025-05-20 08:00:00,553031.2065252347,1,104452.90514941524
2025-05-20 12:00:00,549001.3512495591,0,105958.17326069009
2025-05-20 16:00:00,549001.3512495591,1,102376.3521650659
2025-05-20 20:00:00,560137.8540100064,1,104562.35872693417
2025-05-21 00:00:00,559903.8472525709,1,104516.42506909929
2025-05-21 04:00:00,557286.2127631294,1,104002.60432181632
2025-05-21 08:00:00,557575.242914271,0,104264.09133677917
2025-05-21 12:00:00,557575.242914271,0,104354.53192428965
2025-05-21 16:00:00,557575.242914271,0,104297.13281879436
2025-05-21 20:00:00,557575.242914271,0,104263.48616997927
2025-05-22 00:00:00,557575.242914271,0,104074.7228814175
2025-05-22 04:00:00,557575.242914271,0,104079.00728992796
2025-05-22 08:00:00,557575.242914271,0,104091.04433448931
2025-05-22 12:00:00,557575.242914271,0,104104.4802880473
2025-05-22 16:00:00,557575.242914271,0,104557.9315855557
2025-05-22 20:00:00,557575.242914271,0,104542.48901393775
2025-05-23 00:00:00,557575.242914271,0,104973.96567682736
2025-05-23 04:00:00,557575.242914271,1,104926.20882121222
2025-05-23 08:00:00,557734.1539178501,1,104957.68709178963
2025-05-23 12:00:00,559069.8145901372,1,105222.26466725573
2025-05-23 16:00:00,559750.6001731043,1,105357.11972639685
2025-05-23 20:00:00,560085.1885416993,1,105423.39747281761
2025-05-24 00:00:00,558840.3493635574,1,105176.81049273227
2025-05-24 04:00:00,559316.044110854,1,105271.03963753908
2025-05-24 08:00:00,552808.1839299691,0,103807.31430209742
2025-05-24 12:00:00,552808.1839299691,0,104464.67411234377
2025-05-24 16:00:00,552808.1839299691,0,104791.90447295897
2025-05-24 20:00:00,552808.1839299691,0,105809.64781815266
2025-05-25 00:00:00,552808.1839299691,1,106841.22729946802
2025-05-25 04:00:00,545226.0701729681,0,91927.509710408
2025-05-25 08:00:00,545226.0701729681,-1,80853.14624200332
2025-05-25 12:00:00,510656.0936214119,0,90455.43208184658
2025-05-25 16:00:00,510656.0936214119,-1,92006.20771105652
2025-05-25 20:00:00,473072.67714287515,0,103816.48376726246
2025-05-26 00:00:00,473072.67714287515,0,108906.08396400319
2025-05-26 04:00:00,473072.67714287515,0,107016.79934041045
2025-05-26 08:00:00,473072.67714287515,0,106552.48996146163
2025-05-26 12:00:00,473072.67714287515,1,105649.71448259377
2025-05-26 16:00:00,473310.9981911033,1,105705.73914616034
2025-05-26 20:00:00,476157.0678423576,1,106374.79500960186
2025-05-27 00:00:00,475865.4109479495,1,106306.23212139886
2025-05-27 04:00:00,472442.84432232025,1,105501.65298262505
2025-05-27 08:00:00,473579.44569938263,1,105768.84595711327
2025-05-27 12:00:00,475438.37301234127,0,106417.1432009065
2025-05-27 16:00:00,475438.37301234127,0,106209.30941324685
2025-05-27 20:00:00,475438.37301234127,0,105532.60179210895
2025-05-28 00:00:00,475438.37301234127,0,109016.80606426617
2025-05-28 04:00:00,475438.37301234127,0,107351.1763609712
2025-05-28 08:00:00,475438.37301234127,0,107549.5850274583
2025-05-28 12:00:00,475438.37301234127,1,108099.11894188875
2025-05-28 16:00:00,465283.15763765166,0,105946.29974925652
2025-05-28 20:00:00,465283.15763765166,1,106059.50422331759
2025-05-29 00:00:00,463635.00839972554,0,105876.16083952076
2025-05-29 04:00:00,463635.00839972554,0,105819.32316654801
2025-05-29 08:00:00,463635.00839972554,0,105728.47715426926
2025-05-29 12:00:00,463635.00839972554,0,105714.20132784886
2025-05-29 16:00:00,463635.00839972554,0,105797.35712931657
2025-05-29 20:00:00,463635.00839972554,0,105645.56644085675
2025-05-30 00:00:00,463635.00839972554,0,104914.83748753028
2025-05-30 04:00:00,463635.00839972554,0,104761.59109087104
2025-05-30 08:00:00,463635.00839972554,0,104583.78018371593
2025-05-30 12:00:00,463635.00839972554,0,104891.51940618934
2025-05-30 16:00:00,463635.00839972554,0,104628.60973553223
2025-05-30 20:00:00,463635.00839972554,0,104432.41964824505
2025-05-31 00:00:00,463635.00839972554,0,103710.81176326345
2025-05-31 04:00:00,463635.00839972554,-1,103796.95868067133
2025-05-31 08:00:00,463232.85401322355,-1,103891.73014956785
2025-05-31 12:00:00,459460.28813337395,0,104339.59666906702
2025-05-31 16:00:00,459460.28813337395,-1,103987.11149008229
2025-05-31 20:00:00,460362.6686020438,-1,103772.13170934119
2025-06-01 00:00:00,459461.4750355252,-1,103986.82872690966
2025-06-01 04:00:00,461234.0444115097,-1,103564.53836377799
2025-06-01 08:00:00,461365.53915081953,-1,103533.21154409726
2025-06-01 12:00:00,465011.3591378077,-1,102664.64489329248
2025-06-01 16:00:00,470278.42213678214,-1,101409.83931185285
2025-06-01 20:00:00,471098.68748054456,-1,101214.4223343428
2025-06-02 00:00:00,466561.8882508905,-1,102295.2525800318
2025-06-02 04:00:00,466176.971623314,-1,102386.95369178343
2025-06-02 08:00:00,463760.28704707784,-1,102962.69567463626
2025-06-02 12:00:00,461184.755776064,-1,103576.28070573798
2025-06-02 16:00:00,461718.9790459864,0,103241.03510951545
2025-06-02 20:00:00,461718.9790459864,0,101876.17739225784
2025-06-03 00:00:00,461718.9790459864,-1,101777.95756067154
2025-06-03 04:00:00,462150.53053765325,-1,101677.82276372125
2025-06-03 08:00:00,461957.2621693345,-1,101722.66767607171
2025-06-03 12:00:00,462154.31176205364,-1,101676.94538953796
2025-06-03 16:00:00,462584.86090502486,-1,101577.04317197867
2025-06-03 20:00:00,462844.24490451213,-1,101516.8571579749
2025-06-04 00:00:00,481219.80379970034,-1,97253.0951403525
2025-06-04 04:00:00,456405.9836917233,-1,103010.75531776414
2025-06-04 08:00:00,471676.34467009595,-1,99467.50607531428
2025-06-04 12:00:00,454000.0103684972,0,103730.28438816596
2025-06-04 16:00:00,454000.0103684972,-1,100839.40747304328
2025-06-04 20:00:00,459361.87262749823,-1,99585.7858620962
2025-06-05 00:00:00,459235.47534206556,-1,99615.33797681483
2025-06-05 04:00:00,459301.03177743056,-1,99600.0106595246
2025-06-05 08:00:00,459302.95224245463,-1,99599.56164827796
2025-06-05 12:00:00,459478.671267836,-1,99558.47794320835
2025-06-05 16:00:00,457486.1032019639,-1,100024.34712596607
2025-06-05 20:00:00,457020.844979925,-1,100133.12607880836
2025-06-06 00:00:00,457217.18011341325,-1,100087.22225762835
2025-06-06 04:00:00,455088.8107353115,-1,100584.84224851627
2025-06-06 08:00:00,456233.86211627425,0,100115.44653084484
2025-06-06 12:00:00,456233.86211627425,0,100230.37250820096
2025-06-06 16:00:00,456233.86211627425,0,100134.80919735682
2025-06-06 20:00:00,456233.86211627425,0,100123.71673587232
2025-06-07 00:00:00,456233.86211627425,0,101502.33519784386
2025-06-07 04:00:00,456233.86211627425,0,101887.57798841129
2025-06-07 08:00:00,456233.86211627425,0,101706.70043585915
2025-06-07 12:00:00,456233.86211627425,1,101753.63956072103
2025-06-07 16:00:00,454578.5398981713,1,101365.022936144
2025-06-07 20:00:00,453072.0070102691,1,101011.3372794736
2025-06-08 00:00:00,451508.30947754625,0,100812.05973722375
2025-06-08 04:00:00,451508.30947754625,1,100842.58015891026
2025-06-08 08:00:00,451571.632255819,1,100857.4674115158
2025-06-08 12:00:00,451791.7306915626,1,100909.21278814605
2025-06-08 16:00:00,451123.1561989549,0,100953.71537327435
2025-06-08 20:00:00,451123.1561989549,0,100985.71250502014
2025-06-09 00:00:00,451123.1561989549,0,101081.00739524169
2025-06-09 04:00:00,451123.1561989549,0,100701.84327703169
2025-06-09 08:00:00,451123.1561989549,0,100235.88686331076
2025-06-09 12:00:00,451123.1561989549,0,100206.55462776823
2025-06-09 16:00:00,451123.1561989549,0,100462.82946070394
2025-06-09 20:00:00,451123.1561989549,0,100093.76248159498
2025-06-10 00:00:00,451123.1561989549,0,99827.3120756331
2025-06-10 04:00:00,451123.1561989549,0,99708.94226184877
2025-06-10 08:00:00,451123.1561989549,-1,99151.34022694052
2025-06-10 12:00:00,452306.55892468744,-1,98877.55347545087
2025-06-10 16:00:00,452587.8416060444,-1,98812.47717479308
2025-06-10 20:00:00,451106.29858077574,-1,99155.24032993907
2025-06-11 00:00:00,452087.60101744236,-1,98928.21059566368
2025-06-11 04:00:00,452076.44587023056,-1,98930.79140053349
2025-06-11 08:00:00,451289.38223899406,-1,99112.88291521923
2025-06-11 12:00:00,449798.48693667306,0,99259.50709082019
2025-06-11 16:00:00,449798.48693667306,-1,99760.58673308372
2025-06-11 20:00:00,448833.8427872962,0,99786.2739330403
2025-06-12 00:00:00,448833.8427872962,0,99682.0554902682
2025-06-12 04:00:00,448833.8427872962,0,99684.59959031094
2025-06-12 08:00:00,448833.8427872962,0,99555.39421242113
2025-06-12 12:00:00,448833.8427872962,0,99483.68542758173
2025-06-12 16:00:00,448833.8427872962,0,99156.17175396217
2025-06-12 20:00:00,448833.8427872962,0,99254.07174573117
2025-06-13 00:00:00,448833.8427872962,0,98892.49451858594
2025-06-13 04:00:00,448833.8427872962,-1,99046.74066237248
2025-06-13 08:00:00,449072.78422161966,-1,98991.23689607902
2025-06-13 12:00:00,449021.0152541121,-1,99003.2623226524
2025-06-13 16:00:00,448474.11653657974,-1,99130.30156425593
2025-06-13 20:00:00,449399.181739488,-1,98915.41793398974
2025-06-14 00:00:00,450788.01662553276,-1,98592.80512657313
2025-06-14 04:00:00,450675.4817692382,-1,98618.94587684245
2025-06-14 08:00:00,450746.45178918936,-1,98602.46023293407
2025-06-14 12:00:00,450522.0393606343,-1,98654.58905279798
2025-06-14 16:00:00,450430.45076317,-1,98675.86419129874
2025-06-14 20:00:00,450363.07167997415,-1,98691.51569559878
2025-06-15 00:00:00,450114.9025598609,-1,98749.16296336136
2025-06-15 04:00:00,449762.6430080243,-1,98830.98942387098
2025-06-15 08:00:00,450050.4372753322,-1,98764.13762063105
2025-06-15 12:00:00,449264.2866784249,0,98748.65926056294
2025-06-15 16:00:00,449264.2866784249,0,98571.39506916095
2025-06-15 20:00:00,449264.2866784249,0,98517.58755823656
2025-06-16 00:00:00,449264.2866784249,0,97276.91676652986
2025-06-16 04:00:00,449264.2866784249,-1,97479.23674628293
2025-06-16 08:00:00,448866.5120607159,-1,97570.08648552638
2025-06-16 12:00:00,452598.6955675476,-1,96717.6743825189
2025-06-16 16:00:00,453764.4395681881,-1,96451.42426557386
2025-06-16 20:00:00,452344.2007900557,-1,96775.79972069942
2025-06-17 00:00:00,449602.71255125816,-1,97401.94196443583
2025-06-17 04:00:00,449387.23395554733,-1,97451.15620124566
2025-06-17 08:00:00,449327.6002606596,-1,97464.77623980386
2025-06-17 12:00:00,450574.45968156605,-1,97179.99976533951
2025-06-17 16:00:00,451423.87787737965,-1,96985.99688490748
2025-06-17 20:00:00,452078.45645228686,-1,96836.49440235298
2025-06-18 00:00:00,451379.88922016695,-1,96996.04367487226
2025-06-18 04:00:00,453266.5346810145,-1,96565.14325907899
2025-06-18 08:00:00,456752.5711476826,-1,95768.94991267094
2025-06-18 12:00:00,455117.6587959714,-1,96142.35574156548
2025-06-18 16:00:00,457099.9598012823,-1,95689.60807638828
2025-06-18 20:00:00,460956.72989763145,-1,94808.7410175667
2025-06-19 00:00:00,459625.2518581112,-1,95112.84396258486
2025-06-19 04:00:00,459678.99139063136,-1,95100.57012132107
2025-06-19 08:00:00,460562.4068580908,-1,94898.80243356725
2025-06-19 12:00:00,460765.13676207344,-1,94852.49993437876
2025-06-19 16:00:00,460885.4915640516,-1,94825.01149773746
2025-06-19 20:00:00,460121.76121402084,-1,94999.44370146182
2025-06-20 00:00:00,459746.41235720797,-1,95085.17150873915
2025-06-20 04:00:00,458209.1497134307,-1,95436.27463125666
2025-06-20 08:00:00,459050.3741540813,-1,95244.14316364698
2025-06-20 12:00:00,458666.4836415623,-1,95331.82184249595
2025-06-20 16:00:00,457600.8097056312,-1,95575.21645564519
2025-06-20 20:00:00,455248.8552089052,-1,96112.39113504192
2025-06-21 00:00:00,452542.40738930454,0,96535.57184826481
2025-06-21 04:00:00,452542.40738930454,0,93072.3905204472
2025-06-21 08:00:00,452542.40738930454,-1,96225.61094928451
2025-06-21 12:00:00,469146.6185922168,-1,92509.18025800404
2025-06-21 16:00:00,466822.5666039485,-1,93029.36023113139
2025-06-21 20:00:00,458735.59591562464,-1,94839.42309399722
2025-06-22 00:00:00,459179.53384187544,0,94547.60764973484
2025-06-22 04:00:00,459179.53384187544,0,94694.37245332247
2025-06-22 08:00:00,459179.53384187544,0,94794.3771703654
2025-06-22 12:00:00,459179.53384187544,0,94992.5704517509
2025-06-22 16:00:00,459179.53384187544,0,95383.67812306428
2025-06-22 20:00:00,459179.53384187544,0,95696.6351980685
2025-06-23 00:00:00,459179.53384187544,0,96159.4482978965
2025-06-23 04:00:00,459179.53384187544,1,97340.0096211483
2025-06-23 08:00:00,467475.45287575887,1,99191.1943609294
2025-06-23 12:00:00,468839.63484004914,1,99495.60341124248
2025-06-23 16:00:00,469424.6382270147,1,99626.14341991997
2025-06-23 20:00:00,464908.9743785472,1,98618.50002656937
2025-06-24 00:00:00,494404.90067729,1,105200.33965481611
2025-06-24 04:00:00,500446.397576906,1,106548.4635721693
2025-06-24 08:00:00,484230.637623316,1,102930.01367560768
2025-06-24 12:00:00,493418.3183738042,1,104980.1897115378
2025-06-24 16:00:00,477793.2409829184,1,101493.54709776987
2025-06-24 20:00:00,453756.11367811257,1,96129.80583256586
2025-06-25 00:00:00,455747.49718956125,0,96768.85117798708
2025-06-25 04:00:00,455747.49718956125,0,96799.17436286862
2025-06-25 08:00:00,455747.49718956125,0,96719.70818262015
2025-06-25 12:00:00,455747.49718956125,0,96884.91857867964
2025-06-25 16:00:00,455747.49718956125,-1,96829.88550423045
2025-06-25 20:00:00,455938.8508921663,-1,96787.08997605492
2025-06-26 00:00:00,456876.95124941797,-1,96577.2873972509
2025-06-26 04:00:00,453146.7674082969,-1,97411.52883339433
2025-06-26 08:00:00,454045.2372662359,-1,97210.58946511017
2025-06-26 12:00:00,453930.85376138927,-1,97236.17090115159
2025-06-26 16:00:00,455178.54908790917,-1,96957.12858436526
2025-06-26 20:00:00,454281.9708817434,-1,97157.64489192124
2025-06-27 00:00:00,452472.20047500456,-1,97562.39316372598
2025-06-27 04:00:00,453943.5813687859,-1,97233.32442014008
2025-06-27 08:00:00,460446.139334577,-1,95779.052049919
2025-06-27 12:00:00,459272.2878524815,-1,96041.57947160988
2025-06-27 16:00:00,460934.70866963273,-1,95669.78537538159
2025-06-27 20:00:00,462257.8143715726,-1,95373.87781479761
2025-06-28 00:00:00,458087.8960123846,-1,96306.46420429963
2025-06-28 04:00:00,460884.9641390045,-1,95680.91055055769
2025-06-28 08:00:00,462268.42646257556,-1,95371.50446098561
2025-06-28 12:00:00,460011.59732756345,-1,95876.23571791932
2025-06-28 16:00:00,458861.62566100725,-1,96133.42250964156
2025-06-28 20:00:00,456008.94389214437,0,96577.75417205294
2025-06-29 00:00:00,456008.94389214437,0,96528.57428020988
2025-06-29 04:00:00,456008.94389214437,0,96982.67321029605
2025-06-29 08:00:00,456008.94389214437,0,96983.55012783915
2025-06-29 12:00:00,456008.94389214437,0,96980.48086191807
2025-06-29 16:00:00,456008.94389214437,0,96885.16357560563
2025-06-29 20:00:00,456008.94389214437,0,96359.26186617618
2025-06-30 00:00:00,456008.94389214437,-1,96651.0951770532
2025-06-30 04:00:00,455827.0099652123,0,96498.38340314265
2025-06-30 08:00:00,455827.0099652123,0,95842.77397451464
2025-06-30 12:00:00,455827.0099652123,-1,95467.16651282969
2025-06-30 16:00:00,456405.0866627048,-1,95339.72355719727
2025-06-30 20:00:00,453350.25791104516,-1,96013.19198578318
2025-07-01 00:00:00,451588.6179054419,-1,96401.56365004198
2025-07-01 04:00:00,451547.26605944394,-1,96410.68008994986
2025-07-01 08:00:00,451504.928352031,-1,96420.01387314993
2025-07-01 12:00:00,451504.56981567317,-1,96420.0929161789
2025-07-01 16:00:00,450635.3692566701,0,96420.78278934801
2025-07-01 20:00:00,450635.3692566701,0,96425.22518898554
2025-07-02 00:00:00,450635.3692566701,0,96110.21511579488
2025-07-02 04:00:00,450635.3692566701,0,94864.56143222774
2025-07-02 08:00:00,450635.3692566701,-1,95568.27250745332
2025-07-02 12:00:00,447788.7554516344,-1,96203.74009833243
2025-07-02 16:00:00,447677.7208391622,-1,96228.52705663606
2025-07-02 20:00:00,447761.7516018763,-1,96209.76833838379
2025-07-03 00:00:00,447597.9861641577,-1,96246.32673207675
2025-07-03 04:00:00,450993.9187197996,-1,95488.23124469304
2025-07-03 08:00:00,449178.71675365645,-1,95893.45025204257
2025-07-03 12:00:00,451551.80877663806,-1,95363.68992132583
2025-07-03 16:00:00,450988.93425534025,-1,95489.34395819715
2025-07-03 20:00:00,453742.372150542,-1,94874.67661456106
2025-07-04 00:00:00,455443.5597511928,-1,94494.90975461449
2025-07-04 04:00:00,447052.2628516411,-1,96368.15199621268
2025-07-04 08:00:00,447285.7673330378,-1,96316.02531503445
2025-07-04 12:00:00,447758.910054985,-1,96210.40267485548
2025-07-04 16:00:00,450500.16598996887,-1,95598.45478719132
2025-07-04 20:00:00,455056.2847096616,-1,94581.3636097929
2025-07-05 00:00:00,454227.4914813458,-1,94766.38036029242
2025-07-05 04:00:00,455460.80438926734,-1,94491.06012506747
2025-07-05 08:00:00,454451.61990695616,-1,94716.34675530596
2025-07-05 12:00:00,454856.2657483753,-1,94626.01510668155
2025-07-05 16:00:00,456516.2409630202,-1,94255.44834813378
2025-07-05 20:00:00,456509.33040970314,-1,94256.99103462686
2025-07-06 00:00:00,461047.434712132,-1,93243.92132944906
2025-07-06 04:00:00,458657.5083056594,-1,93777.43970598924
2025-07-06 08:00:00,461667.5624436475,-1,93105.48629660887
2025-07-06 12:00:00,457897.15751702996,-1,93947.17761810735
2025-07-06 16:00:00,452939.0286782444,-1,95054.01205517698
2025-07-06 20:00:00,458362.6720872856,-1,93843.25785844197
2025-07-07 00:00:00,458202.7930694328,-1,93878.94866206532
2025-07-07 04:00:00,458852.01645951293,-1,93734.01842147323
2025-07-07 08:00:00,459805.9137347252,-1,93521.07390390187
2025-07-07 12:00:00,459198.39370732463,-1,93656.69443926922
2025-07-07 16:00:00,459443.06608573155,-1,93602.07467785802
2025-07-07 20:00:00,459839.8532131656,-1,93513.49737962519
2025-07-08 00:00:00,462093.3291650834,-1,93010.43970045004
2025-07-08 04:00:00,462005.27805242484,-1,93030.09590682983
2025-07-08 08:00:00,462041.9798869536,-1,93021.90272434488
2025-07-08 12:00:00,461884.2194170185,-1,93057.12059112689
2025-07-08 16:00:00,461525.7171293012,-1,93137.15132262175
2025-07-08 20:00:00,460911.29171435116,-1,93274.31339129525
2025-07-09 00:00:00,460438.5197790383,-1,93379.85325843038
2025-07-09 04:00:00,460792.1730627279,-1,93300.90500075133
2025-07-09 08:00:00,460677.65316976845,-1,93326.47000024578
2025-07-09 12:00:00,461135.5526990239,-1,93224.25019431149
2025-07-09 16:00:00,461014.65728905564,-1,93251.2384407624
2025-07-09 20:00:00,460942.65593537525,-1,93267.31175800775
2025-07-10 00:00:00,448618.11927415757,-1,96018.59597048174
2025-07-10 04:00:00,463335.10807848076,1,92542.09300030093
2025-07-10 08:00:00,455024.77965894446,0,89687.76348866761
2025-07-10 12:00:00,455024.77965894446,-1,92465.85912612331
2025-07-10 16:00:00,459252.58873746253,0,91376.57411792633
2025-07-10 20:00:00,459252.58873746253,0,90143.17476710198
2025-07-11 00:00:00,459252.58873746253,-1,90208.15606248309
2025-07-11 04:00:00,459766.71767440037,-1,90101.85376881152
2025-07-11 08:00:00,461382.36509458954,-1,89767.79938246714
2025-07-11 12:00:00,461886.7924488991,-1,89663.50300678916
2025-07-11 16:00:00,463115.14826127735,-1,89409.52578255758
2025-07-11 20:00:00,465359.48966098053,-1,88945.48141269293
2025-07-12 00:00:00,469578.57844658603,-1,88073.13445283279
2025-07-12 04:00:00,467546.60820728424,-1,88493.26855070454
2025-07-12 08:00:00,464899.13533581863,-1,89040.66516359753
2025-07-12 12:00:00,467995.55687770795,-1,88400.44305503981
2025-07-12 16:00:00,470651.6930015927,-1,87851.2552113161
2025-07-12 20:00:00,473195.233714802,-1,87325.3478125387
2025-07-13 00:00:00,474762.13519669924,-1,87001.37223070292
2025-07-13 04:00:00,475729.1470840745,-1,86801.43098201945
2025-07-13 08:00:00,475012.6762957481,-1,86949.569868349
2025-07-13 12:00:00,474831.8891931012,-1,86986.94975945582
2025-07-13 16:00:00,473541.3144018788,-1,87253.79150012648
2025-07-13 20:00:00,473565.4538473317,-1,87248.80038168275
2025-07-14 00:00:00,474590.0848008703,-1,87036.94570340542
2025-07-14 04:00:00,474565.9544609242,-1,87041.93493917694
2025-07-14 08:00:00,474559.7240320687,-1,87043.22315470093
2025-07-14 12:00:00,474672.5085723159,-1,87019.90360495844
2025-07-14 16:00:00,474619.94655298983,-1,87030.77142976451
2025-07-14 20:00:00,474694.65485783294,-1,87015.32459611917
2025-07-15 00:00:00,472619.27075361396,-1,87444.43502869274
2025-07-15 04:00:00,473673.2631684982,0,87046.09320573785
2025-07-15 08:00:00,473673.2631684982,0,87332.62415246437
2025-07-15 12:00:00,473673.2631684982,-1,86659.90585939144
2025-07-15 16:00:00,477421.35836496105,-1,85938.09011771598
2025-07-15 20:00:00,473869.39981224015,-1,86622.1334684698
2025-07-16 00:00:00,478082.1323043704,-1,85810.83693812635
2025-07-16 04:00:00,473565.00813393627,-1,86680.75383255289
2025-07-16 08:00:00,482979.3554916415,-1,84867.7198074819
2025-07-16 12:00:00,478885.35322135646,-1,85656.15103194374
2025-07-16 16:00:00,474071.4014389471,-1,86583.23158728525
2025-07-16 20:00:00,478681.73686572455,-1,85695.36388088536
2025-07-17 00:00:00,478624.03434049943,-1,85706.47634971519
2025-07-17 04:00:00,478140.9820055233,-1,85799.50354383979
2025-07-17 08:00:00,484094.585985232,-1,84652.94646697822
2025-07-17 12:00:00,480838.4647421686,-1,85280.01687123717
2025-07-17 16:00:00,476213.9932925511,-1,86170.60692146128
2025-07-17 20:00:00,475263.6351906467,0,86180.30899211911
2025-07-18 00:00:00,475263.6351906467,0,87340.1619121259
2025-07-18 04:00:00,475263.6351906467,0,87036.82934757962
2025-07-18 08:00:00,475263.6351906467,0,86704.8835962046
2025-07-18 12:00:00,475263.6351906467,0,86651.26838307749
2025-07-18 16:00:00,475263.6351906467,0,86245.62047446892
2025-07-18 20:00:00,475263.6351906467,0,86088.46352676787
2025-07-19 00:00:00,475263.6351906467,-1,80318.94289701372
2025-07-19 04:00:00,496393.1305380494,-1,76560.14549746763
2025-07-19 08:00:00,593527.212083873,-1,59280.6351675335
2025-07-19 12:00:00,534568.7152812183,-1,69768.96159555709
2025-07-19 16:00:00,462968.14617464447,0,86182.58922803498
2025-07-19 20:00:00,462968.14617464447,-1,80061.77642970388
2025-07-20 00:00:00,432248.64072719926,-1,85653.74504736123
2025-07-20 04:00:00,431833.86045857694,-1,85729.24880992432
2025-07-20 08:00:00,435084.5285839375,-1,85137.51942240102
2025-07-20 12:00:00,440221.80039715685,-1,84202.3656059099
2025-07-20 16:00:00,432799.36520689534,-1,85553.49493061684
2025-07-20 20:00:00,426303.3994163994,0,86575.85255096426
2025-07-21 00:00:00,426303.3994163994,0,86590.57461885903
2025-07-21 04:00:00,426303.3994163994,0,87148.92323006429
2025-07-21 08:00:00,426303.3994163994,0,87616.99613029665
2025-07-21 12:00:00,426303.3994163994,0,87774.5205071839
2025-07-21 16:00:00,426303.3994163994,0,87526.3009946549
2025-07-21 20:00:00,426303.3994163994,0,87037.6571536955
2025-07-22 00:00:00,426303.3994163994,0,87235.81040291234
2025-07-22 04:00:00,426303.3994163994,0,86981.23703573355
2025-07-22 08:00:00,426303.3994163994,0,87355.77254729615
2025-07-22 12:00:00,426303.3994163994,0,87627.95099915529
2025-07-22 16:00:00,426303.3994163994,0,88082.49987752947
2025-07-22 20:00:00,426303.3994163994,0,87766.16252064046
2025-07-23 00:00:00,426303.3994163994,0,87707.36749979413
2025-07-23 04:00:00,426303.3994163994,0,87472.53512764732
2025-07-23 08:00:00,426303.3994163994,0,87251.89022939227
2025-07-23 12:00:00,426303.3994163994,0,87360.73856612969
2025-07-23 16:00:00,426303.3994163994,0,87272.4187410563
2025-07-23 20:00:00,426303.3994163994,0,87053.61049899842
2025-07-24 00:00:00,426303.3994163994,0,87169.53845156298
2025-07-24 04:00:00,426303.3994163994,0,87645.55202991048
2025-07-24 08:00:00,426303.3994163994,0,87791.26173731605
2025-07-24 12:00:00,426303.3994163994,0,88061.59593245003
2025-07-24 16:00:00,426303.3994163994,0,88050.2005565078
2025-07-24 20:00:00,426303.3994163994,0,88277.87492078138
2025-07-25 00:00:00,426303.3994163994,1,88538.57359531954
2025-07-25 04:00:00,426264.2968021964,1,88530.02497727668
2025-07-25 08:00:00,426252.5549217497,1,88527.4579660144
2025-07-25 12:00:00,426220.7437918883,1,88520.50341312223
2025-07-25 16:00:00,426190.79351938,1,88513.95568107998
2025-07-25 20:00:00,426167.9259941595,1,88508.95638006955
2025-07-26 00:00:00,428167.6189233547,1,88946.12947969759
2025-07-26 04:00:00,426086.5700539063,1,88491.17033499514
2025-07-26 08:00:00,428886.44546241785,1,89103.2794208656
2025-07-26 12:00:00,429415.3481358125,1,89218.9081845391
2025-07-26 16:00:00,433102.9649426729,1,90025.09539766505
2025-07-26 20:00:00,433686.20554183814,1,90152.60352495968
2025-07-27 00:00:00,433845.8570472071,1,90187.50655554172
2025-07-27 04:00:00,433692.832968159,1,90154.05241366901
2025-07-27 08:00:00,434049.4825905407,1,90232.02319539325
2025-07-27 12:00:00,434166.7800701358,1,90257.6667839585
2025-07-27 16:00:00,434137.5159835119,1,90251.26906595373
2025-07-27 20:00:00,434300.2889975733,1,90286.85452112742
2025-07-28 00:00:00,437981.4232069366,1,91091.62450803825
2025-07-28 04:00:00,440499.5550966394,1,91642.13879321731
2025-07-28 08:00:00,439196.2261393286,1,91357.20486572085
2025-07-28 12:00:00,438875.6746520325,1,91287.12586246707
2025-07-28 16:00:00,439158.57205052266,1,91348.97292446795
2025-07-28 20:00:00,440187.7641013324,1,91573.97500973615
2025-07-29 00:00:00,527544.7805201602,1,110671.97605004847
2025-07-29 04:00:00,421928.3176213578,0,86454.84336957478
2025-07-29 08:00:00,421928.3176213578,1,93942.5964725526
2025-07-29 12:00:00,387280.0522589997,0,81151.17149440003
2025-07-29 16:00:00,387280.0522589997,1,90798.72451394671
2025-07-29 20:00:00,361771.0206628897,1,84503.30050420041
2025-07-30 00:00:00,384643.57681997947,0,90329.66101109254
2025-07-30 04:00:00,384643.57681997947,0,91036.03676128293
2025-07-30 08:00:00,384643.57681997947,0,90793.61407983837
2025-07-30 12:00:00,384643.57681997947,0,91028.1822449957
2025-07-30 16:00:00,384643.57681997947,0,91482.89406835476
2025-07-30 20:00:00,384643.57681997947,1,91725.68700818275
2025-07-31 00:00:00,384254.68846726883,1,91628.0681284238
2025-07-31 04:00:00,384535.5548578461,1,91698.57130039844
2025-07-31 08:00:00,383106.60827433295,1,91339.87666800419
2025-07-31 12:00:00,384090.420169242,1,91586.83344725755
2025-07-31 16:00:00,384472.37840907526,1,91682.71272784626
2025-07-31 20:00:00,383988.51550239197,1,91561.2533049088
2025-08-01 00:00:00,379264.37331733404,1,90375.39760953253
2025-08-01 04:00:00,378393.06567082566,0,90340.13305702472
2025-08-01 08:00:00,378393.06567082566,0,88993.95828511333
2025-08-01 12:00:00,378393.06567082566,-1,87486.346834327
2025-08-01 16:00:00,371866.68794345285,0,88537.97584859912
2025-08-01 20:00:00,371866.68794345285,-1,90758.715275569
2025-08-02 00:00:00,372419.37905537785,0,90435.20713227658
2025-08-02 04:00:00,372419.37905537785,0,90291.29311981829
2025-08-02 08:00:00,372419.37905537785,0,90517.22508555911
2025-08-02 12:00:00,372419.37905537785,0,90371.1634622631
2025-08-02 16:00:00,372419.37905537785,0,90611.73996828859
2025-08-02 20:00:00,372419.37905537785,0,91004.51894586376
2025-08-03 00:00:00,372419.37905537785,0,91154.77967487411
2025-08-03 04:00:00,372419.37905537785,1,91640.14494163818
2025-08-03 08:00:00,369777.4316655116,1,90955.83309957731
2025-08-03 12:00:00,369996.08522000985,1,91012.4682987587
2025-08-03 16:00:00,370833.2901073253,1,91229.3194067023
2025-08-03 20:00:00,368505.4832888052,1,90626.3756168095
2025-08-04 00:00:00,369165.26289399154,1,90797.27038886707
2025-08-04 04:00:00,368297.90527800337,1,90572.60918244068
2025-08-04 08:00:00,368592.8842460612,1,90649.01403507897
2025-08-04 12:00:00,367195.73171550775,0,90470.40671679477
2025-08-04 16:00:00,367195.73171550775,0,90327.7984728105
2025-08-04 20:00:00,367195.73171550775,0,90126.63779265933
2025-08-05 00:00:00,367195.73171550775,0,90446.70971681694
2025-08-05 04:00:00,367195.73171550775,0,89926.95460959488
2025-08-05 08:00:00,367195.73171550775,0,89878.06434911463
2025-08-05 12:00:00,367195.73171550775,0,89532.07748235477
2025-08-05 16:00:00,367195.73171550775,-1,89681.94668381027
2025-08-05 20:00:00,367097.59362564294,-1,89707.17692474669
2025-08-06 00:00:00,365546.47260775644,-1,90105.95335351895
2025-08-06 04:00:00,369243.8136586421,-1,89155.4069788497
2025-08-06 08:00:00,369036.63064903393,-1,89208.67148865978
2025-08-06 12:00:00,368193.88734671543,-1,89425.33167222704
2025-08-06 16:00:00,369780.67980762885,-1,89017.38450145889
2025-08-06 20:00:00,369099.10284429986,-1,89192.61056327843
2025-08-07 00:00:00,369121.801703884,-1,89186.77493210732
2025-08-07 04:00:00,369090.547991185,-1,89194.80992344084
2025-08-07 08:00:00,369002.4314693399,-1,89217.46372768437
2025-08-07 12:00:00,368793.0814132636,-1,89271.28536169147
2025-08-07 16:00:00,369090.0861924865,-1,89194.92864688904
2025-08-07 20:00:00,369100.46452687704,0,89012.8965960552
2025-08-08 00:00:00,369100.46452687704,-1,88685.86935625506
2025-08-08 04:00:00,368641.65055750264,-1,88801.91340233147
2025-08-08 08:00:00,368384.67669625016,-1,88866.90768887484
2025-08-08 12:00:00,368331.9306296676,-1,88880.24831795202
2025-08-08 16:00:00,367980.5017258682,-1,88969.13234203849
2025-08-08 20:00:00,367825.8239595836,-1,89008.25371809903
2025-08-09 00:00:00,369406.18553189764,-1,88608.54585531303
2025-08-09 04:00:00,369072.2959572964,-1,88692.993801029
2025-08-09 08:00:00,369543.58466314484,-1,88573.79462239167
2025-08-09 12:00:00,369966.0765823495,-1,88466.9372139175
2025-08-09 16:00:00,369895.58143983624,-1,88484.76697088222
2025-08-09 20:00:00,370515.11856297136,-1,88328.07253858069
2025-08-10 00:00:00,371305.30713637144,-1,88128.2166376243
2025-08-10 04:00:00,373157.0977882649,-1,87659.85844873742
2025-08-10 08:00:00,376017.63593490847,-1,86936.36604735075
2025-08-10 12:00:00,368889.9955966909,-1,88739.10153282866
2025-08-10 16:00:00,370974.9571165694,-1,88211.7693528381
2025-08-10 20:00:00,372989.23238107754,-1,87702.31526641638
2025-08-11 00:00:00,373160.32887756004,-1,87659.04123587978
2025-08-11 04:00:00,372669.75081616297,-1,87783.11911266818
2025-08-11 08:00:00,372476.1735437639,-1,87832.07902107779
2025-08-11 12:00:00,373548.54235391825,-1,87560.85359220488
2025-08-11 16:00:00,373333.89862635767,-1,87615.14166596388
2025-08-11 20:00:00,373145.42590439727,-1,87662.81052238762
2025-08-12 00:00:00,367915.875461659,-1,88985.47773185272
2025-08-12 04:00:00,368969.4254988133,0,88541.64024184228
2025-08-12 08:00:00,368969.4254988133,0,87919.86459979336
2025-08-12 12:00:00,368969.4254988133,0,87936.07615103222
2025-08-12 16:00:00,368969.4254988133,0,87742.17638156353
2025-08-12 20:00:00,368969.4254988133,-1,87190.86735165985
2025-08-13 00:00:00,375380.8040439528,-1,85596.05925378647
2025-08-13 04:00:00,381322.00983318756,-1,84118.20499247679
2025-08-13 08:00:00,386776.3129817403,-1,82761.46606833971
2025-08-13 12:00:00,392297.4514261586,-1,81388.10209698076
2025-08-13 16:00:00,388895.5314943678,-1,82234.3178394048
2025-08-13 20:00:00,375859.1824717342,-1,85477.06428490383
2025-08-14 00:00:00,373138.7129874864,0,85979.3898656319
2025-08-14 04:00:00,373138.7129874864,0,85802.2046399487
2025-08-14 08:00:00,373138.7129874864,0,85147.14406082017
2025-08-14 12:00:00,373138.7129874864,-1,85604.4091885583
2025-08-14 16:00:00,372983.9020902762,-1,85641.79473624751
2025-08-14 20:00:00,374262.59053472744,-1,85333.0020822345
2025-08-15 00:00:00,374239.69292759214,-1,85338.53166444707
2025-08-15 04:00:00,375792.36216696183,0,84792.36610245514
2025-08-15 08:00:00,375792.36216696183,0,84758.74105447407
2025-08-15 12:00:00,375792.36216696183,0,83693.19390384195
2025-08-15 16:00:00,375792.36216696183,-1,84995.6864947077
2025-08-15 20:00:00,376727.9097886253,-1,84772.9500769206
2025-08-16 00:00:00,375339.474297672,-1,85103.51063890838
2025-08-16 04:00:00,375881.2812505989,-1,84974.5165214176
2025-08-16 08:00:00,375284.64926627435,-1,85116.56345505136
2025-08-16 12:00:00,374239.19341703894,-1,85365.46696933662
2025-08-16 16:00:00,374378.3386391282,-1,85332.3390904316
2025-08-16 20:00:00,375038.675620621,-1,85175.12518663424
2025-08-17 00:00:00,374396.2432874373,-1,85328.07632803045
2025-08-17 04:00:00,372848.4870475868,-1,85696.56818508732
2025-08-17 08:00:00,374157.94885519246,0,85214.81840931722
2025-08-17 12:00:00,374157.94885519246,0,86293.13580449266
2025-08-17 16:00:00,374157.94885519246,0,86055.14469032895
2025-08-17 20:00:00,374157.94885519246,0,85603.25900542825
2025-08-18 00:00:00,374157.94885519246,0,86128.67640241794
2025-08-18 04:00:00,374157.94885519246,0,86642.68994188709
2025-08-18 08:00:00,374157.94885519246,0,86571.35291143712
2025-08-18 12:00:00,374157.94885519246,0,86951.82069926675
2025-08-18 16:00:00,374157.94885519246,1,87165.86646038295
2025-08-18 20:00:00,373039.8036424411,1,86891.6673263254
2025-08-19 00:00:00,370023.2587299831,1,86151.92977398512
2025-08-19 04:00:00,370363.74929039215,0,86409.75890577164
2025-08-19 08:00:00,370363.74929039215,0,86101.28097851916
2025-08-19 12:00:00,370363.74929039215,0,85844.37908171809
2025-08-19 16:00:00,370363.74929039215,0,86811.0087577538
2025-08-19 20:00:00,370363.74929039215,1,87755.98389351026
2025-08-20 00:00:00,415541.36701669137,1,99024.0137443411
2025-08-20 04:00:00,507308.8206799073,1,121912.30354918196
2025-08-20 08:00:00,537284.2430418343,1,129388.65956272258
2025-08-20 12:00:00,364559.3518977194,0,76288.27262167206
2025-08-20 16:00:00,364559.3518977194,0,84997.85757868344
2025-08-20 20:00:00,364559.3518977194,0,73517.35007785828
2025-08-21 00:00:00,364559.3518977194,0,86935.34196309074
2025-08-21 04:00:00,364559.3518977194,-1,86736.65568059136
2025-08-21 08:00:00,364207.94617990876,-1,86824.66317321663
2025-08-21 12:00:00,363163.3971074239,-1,87086.26433715381
2025-08-21 16:00:00,365951.55251090805,-1,86387.98723557724
2025-08-21 20:00:00,365927.372595452,-1,86394.0429530096
2025-08-22 00:00:00,366072.4266153776,-1,86357.71502793086
2025-08-22 04:00:00,366096.6562932979,-1,86351.64684778238
2025-08-22 08:00:00,366163.8737848392,-1,86334.81262286434
2025-08-22 12:00:00,366209.12826739973,-1,86323.4789042071
2025-08-22 16:00:00,366136.04917294445,-1,86341.78113305644
2025-08-22 20:00:00,366220.35120873275,-1,86320.66818464125
2025-08-23 00:00:00,364058.3699973648,-1,86862.12364729248
2025-08-23 04:00:00,362887.4610724705,-1,87155.37089214247
2025-08-23 08:00:00,364226.09825907164,-1,86820.11709188644
2025-08-23 12:00:00,360928.51827991696,0,87472.50326711759
2025-08-23 16:00:00,360928.51827991696,0,87088.78499570294
2025-08-23 20:00:00,360928.51827991696,0,87762.59003502618
2025-08-24 00:00:00,360928.51827991696,0,88160.82322341681
2025-08-24 04:00:00,360928.51827991696,0,89348.33079965747
2025-08-24 08:00:00,360928.51827991696,0,89664.86448333316
2025-08-24 12:00:00,360928.51827991696,0,90026.43448589873
2025-08-24 16:00:00,360928.51827991696,0,90135.38910316867
2025-08-24 20:00:00,360928.51827991696,1,89001.5487277777
2025-08-25 00:00:00,360489.0759552144,0,89065.48623724878
2025-08-25 04:00:00,360489.0759552144,0,89110.39648220334
2025-08-25 08:00:00,360489.0759552144,0,89203.54577004221
2025-08-25 12:00:00,360489.0759552144,0,88897.80602189862
2025-08-25 16:00:00,360489.0759552144,0,88658.06287964323
2025-08-25 20:00:00,360489.0759552144,0,88356.36976505209
2025-08-26 00:00:00,360489.0759552144,0,88501.60467634961
2025-08-26 04:00:00,360489.0759552144,0,88360.30958185578
2025-08-26 08:00:00,360489.0759552144,0,88299.93493668408
2025-08-26 12:00:00,360489.0759552144,0,88303.42992714603
2025-08-26 16:00:00,360489.0759552144,0,88545.74676406848
2025-08-26 20:00:00,360489.0759552144,0,88614.40066171477
2025-08-27 00:00:00,360489.0759552144,0,89420.31919415384
2025-08-27 04:00:00,360489.0759552144,0,88826.19576259688
2025-08-27 08:00:00,360489.0759552144,0,89435.66404707127
2025-08-27 12:00:00,360489.0759552144,0,88847.39895090513
2025-08-27 16:00:00,360489.0759552144,0,88290.9496728608
2025-08-27 20:00:00,360489.0759552144,0,88560.88969116594
2025-08-28 00:00:00,360489.0759552144,0,88994.04455749369
2025-08-28 04:00:00,360489.0759552144,0,88221.94058863918
2025-08-28 08:00:00,360489.0759552144,0,87827.78639005858
2025-08-28 12:00:00,360489.0759552144,0,88048.19793376698
2025-08-28 16:00:00,360489.0759552144,0,88357.3656946008
2025-08-28 20:00:00,360489.0759552144,0,89859.77373289294
2025-08-29 00:00:00,360489.0759552144,0,89629.13746928888
2025-08-29 04:00:00,360489.0759552144,1,89612.9108814776
2025-08-29 08:00:00,360419.067694725,1,89594.59178046016
2025-08-29 12:00:00,360339.58198988537,1,89573.79271123288
2025-08-29 16:00:00,360261.9861252131,1,89553.48815754835
2025-08-29 20:00:00,360137.5310680329,1,89520.92193252465
2025-08-30 00:00:00,361797.3327344725,1,89955.2431709596
2025-08-30 04:00:00,365304.43162348046,1,90872.94771577737
2025-08-30 08:00:00,365487.63174697914,1,90920.88579544568
2025-08-30 12:00:00,364125.72834659566,1,90564.51576434905
2025-08-30 16:00:00,367217.40922427265,1,91373.51764378365
2025-08-30 20:00:00,364450.03655374516,1,90649.37767587246
2025-08-31 00:00:00,363152.42770702817,1,90309.83163690554
2025-08-31 04:00:00,364666.1041729687,1,90705.91621168931
2025-08-31 08:00:00,365396.11555576744,1,90896.93870206243
2025-08-31 12:00:00,365722.4286488944,1,90982.32523323061
2025-08-31 16:00:00,366497.52650141483,1,91185.14552557135
2025-08-31 20:00:00,367991.05527936254,1,91575.9580434717
2025-09-01 00:00:00,367168.6173420492,1,91360.75024443628
2025-09-01 04:00:00,366833.5841499415,1,91273.08192004837
2025-09-01 08:00:00,367539.0064359817,1,91457.67016760074
2025-09-01 12:00:00,367404.28210828674,1,91422.41677676802
2025-09-01 16:00:00,367778.811600955,1,91520.42012040547
2025-09-01 20:00:00,368368.05306587316,1,91674.60726695138
2025-09-02 00:00:00,366996.7675612237,1,91315.78221533856
2025-09-02 04:00:00,367406.07088102616,1,91422.88484593987
2025-09-02 08:00:00,367338.0642012737,1,91405.08949968306
2025-09-02 12:00:00,367321.8399112895,1,91400.84408056996
2025-09-02 16:00:00,364453.1710132512,1,90650.19787165971
2025-09-02 20:00:00,364352.83772704774,0,90803.16942581875
2025-09-03 00:00:00,364352.83772704774,0,90725.61612973447
2025-09-03 04:00:00,364352.83772704774,0,90213.97526167505
2025-09-03 08:00:00,364352.83772704774,0,90251.84153994912
2025-09-03 12:00:00,364352.83772704774,-1,89857.5297855167
2025-09-03 16:00:00,364381.2757037311,-1,89850.14721833609
2025-09-03 20:00:00,362524.1253599109,-1,90332.26791666812
2025-09-04 00:00:00,362761.6354020922,-1,90270.6097381699
2025-09-04 04:00:00,360095.4128311825,0,90746.92037420142
2025-09-04 08:00:00,360095.4128311825,0,91012.8623673307
2025-09-04 12:00:00,360095.4128311825,0,91049.23283309328
2025-09-04 16:00:00,360095.4128311825,0,90903.45607666446
2025-09-04 20:00:00,360095.4128311825,1,90770.23704928737
2025-09-05 00:00:00,360461.23750541126,1,90867.3048678798
2025-09-05 04:00:00,360642.2581318725,1,90915.33683119081
2025-09-05 08:00:00,359629.042691295,0,90828.03099854873
2025-09-05 12:00:00,359629.042691295,0,90675.22866868666
2025-09-05 16:00:00,359629.042691295,0,90735.41311673846
2025-09-05 20:00:00,359629.042691295,0,90667.27393121415
2025-09-06 00:00:00,359629.042691295,0,91452.85507671346
2025-09-06 04:00:00,359629.042691295,0,91456.84511515182
2025-09-06 08:00:00,359629.042691295,1,90835.68535092568
2025-09-06 12:00:00,358820.22900155315,0,90802.31306887063
2025-09-06 16:00:00,358820.22900155315,0,89940.29612902142
2025-09-06 20:00:00,358820.22900155315,-1,89899.57241184414
2025-09-07 00:00:00,359644.06754177716,-1,89682.30269081355
2025-09-07 04:00:00,360167.69342542876,-1,89544.20761015071
2025-09-07 08:00:00,360127.3985310793,-1,89554.8345231037
2025-09-07 12:00:00,359484.7179606735,-1,89724.32772040651
2025-09-07 16:00:00,359903.9929611618,-1,89613.75294398681
2025-09-07 20:00:00,360045.2177977294,-1,89576.50792649189
2025-09-08 00:00:00,360482.3129703355,-1,89461.23346240804
2025-09-08 04:00:00,360286.16517851246,-1,89512.9632297464
2025-09-08 08:00:00,361232.22641346697,-1,89263.4598980128
2025-09-08 12:00:00,361690.6009040687,-1,89142.57347083316
2025-09-08 16:00:00,361675.0005669004,-1,89146.68772470579
2025-09-08 20:00:00,361680.64893562515,-1,89145.19808876721
2025-09-09 00:00:00,364456.3463048339,-1,88413.16752254807
2025-09-09 04:00:00,365421.3912845884,0,87978.85849102229
2025-09-09 08:00:00,365421.3912845884,-1,87157.74298762387
2025-09-09 12:00:00,361470.2019118465,0,88043.76876886447
2025-09-09 16:00:00,361470.2019118465,-1,88755.51331862739
2025-09-09 20:00:00,360809.70952923276,0,88748.71546966191
2025-09-10 00:00:00,360809.70952923276,0,90074.31682330897
2025-09-10 04:00:00,360809.70952923276,0,91049.05714528228
2025-09-10 08:00:00,360809.70952923276,0,89670.67608731372
2025-09-10 12:00:00,360809.70952923276,0,89106.98728574497
2025-09-10 16:00:00,360809.70952923276,0,88069.31127299689
2025-09-10 20:00:00,360809.70952923276,-1,88135.20609529177
2025-09-11 00:00:00,360401.2052269276,-1,88240.24356175035
2025-09-11 04:00:00,359690.07437547174,0,88246.82405843872
2025-09-11 08:00:00,359690.07437547174,0,88263.17629021892
2025-09-11 12:00:00,359690.07437547174,0,88282.00170267446
2025-09-11 16:00:00,359690.07437547174,0,88274.93777824978
2025-09-11 20:00:00,359690.07437547174,0,88267.33799724719
2025-09-12 00:00:00,359690.07437547174,0,88689.3785283179
2025-09-12 04:00:00,359690.07437547174,0,88446.44124055895
2025-09-12 08:00:00,359690.07437547174,0,88422.21238303099
2025-09-12 12:00:00,359690.07437547174,0,87962.59957332023
2025-09-12 16:00:00,359690.07437547174,0,88168.92516731378
2025-09-12 20:00:00,359690.07437547174,0,87715.7080100731
2025-09-13 00:00:00,359690.07437547174,0,87567.58623335752
2025-09-13 04:00:00,359690.07437547174,0,87466.35757244418
2025-09-13 08:00:00,359690.07437547174,0,86192.60993182764
2025-09-13 12:00:00,359690.07437547174,-1,86301.0202833349
2025-09-13 16:00:00,359636.7424300806,-1,86314.48977782429
2025-09-13 20:00:00,355477.989056025,0,87559.40121852742
2025-09-14 00:00:00,355477.989056025,0,87530.06804829283
2025-09-14 04:00:00,355477.989056025,0,87936.24671523027
2025-09-14 08:00:00,355477.989056025,0,87986.07323849114
2025-09-14 12:00:00,355477.989056025,0,88049.29762388271
2025-09-14 16:00:00,355477.989056025,0,88230.22090022189
2025-09-14 20:00:00,355477.989056025,0,88422.55856759555
2025-09-15 00:00:00,355477.989056025,0,88924.19036219851
2025-09-15 04:00:00,355477.989056025,1,90304.4518230177
2025-09-15 08:00:00,349989.33240704215,0,89066.91338427791
2025-09-15 12:00:00,349989.33240704215,1,89290.06419720384
2025-09-15 16:00:00,349327.05353352084,1,89112.20938351424
2025-09-15 20:00:00,350565.6314992775,1,89444.82916371111
2025-09-16 00:00:00,344149.1822607148,0,86609.2710837197
2025-09-16 04:00:00,344149.1822607148,0,88088.93352756598
2025-09-16 08:00:00,344149.1822607148,0,86750.48834350491
2025-09-16 12:00:00,344149.1822607148,-1,86513.24527628861
2025-09-16 16:00:00,336024.98382764973,0,90668.08896487826
2025-09-16 20:00:00,336024.98382764973,1,89896.10393409288
2025-09-17 00:00:00,336797.0094152224,1,90113.51286998948
2025-09-17 04:00:00,336591.88033311063,1,90055.746785314
2025-09-17 08:00:00,336869.8176226632,1,90134.01627707735
2025-09-17 12:00:00,336833.5366017295,1,90123.79923468729
2025-09-17 16:00:00,336832.4251985077,1,90123.48625413886
2025-09-17 20:00:00,337166.8781833334,1,90217.67104374798
2025-09-18 00:00:00,335108.07451685506,1,89637.89451618963
2025-09-18 04:00:00,337647.0278796101,1,90352.88525972598
2025-09-18 08:00:00,337389.2513632515,1,90280.2932122307
2025-09-18 12:00:00,336911.7642486315,1,90145.82880176956
2025-09-18 16:00:00,337735.74162229896,1,90377.86780008198
2025-09-18 20:00:00,337080.6766746237,1,90193.3959697311
2025-09-19 00:00:00,337252.2501372211,1,90241.71250810995
2025-09-19 04:00:00,336537.5186700125,1,90040.43808114929
2025-09-19 08:00:00,337672.63266796677,1,90360.09578471388
2025-09-19 12:00:00,338545.79596342816,1,90605.98595465902
2025-09-19 16:00:00,339610.2885283128,1,90905.75606529624
2025-09-19 20:00:00,339556.1231520158,1,90890.50263715508
2025-09-20 00:00:00,339757.39006688737,1,90947.18110286629
2025-09-20 04:00:00,340315.07430358115,1,91104.22970127754
2025-09-20 08:00:00,340964.0910165932,1,91286.99829758625
2025-09-20 12:00:00,341804.0212540238,1,91523.529757277
2025-09-20 16:00:00,342017.28157560615,1,91583.58566776822
2025-09-20 20:00:00,341399.68925149256,1,91409.66644518699
2025-09-21 00:00:00,342090.7856714515,1,91604.28504291718
2025-09-21 04:00:00,342170.1581817583,1,91626.63701321847
2025-09-21 08:00:00,342681.60187551694,1,91770.6638835981
2025-09-21 12:00:00,342686.1395648478,1,91771.94173529724
2025-09-21 16:00:00,342990.6912220692,1,91857.70605812264
2025-09-21 20:00:00,342789.09162508056,1,91800.93390631315
2025-09-22 00:00:00,358283.450951156,1,96164.27655674654
2025-09-22 04:00:00,364562.9250893816,1,97932.62959109903
2025-09-22 08:00:00,371952.2956973786,1,100013.53885976893
2025-09-22 12:00:00,350325.7994644414,1,93923.33458563627
2025-09-22 16:00:00,325758.6493804424,0,85856.39665342479
2025-09-22 20:00:00,325758.6493804424,0,89116.47149167038
2025-09-23 00:00:00,325758.6493804424,0,89911.92005067812
2025-09-23 04:00:00,325758.6493804424,-1,89652.42676016431
2025-09-23 08:00:00,323571.5528822974,-1,90286.01985282994
2025-09-23 12:00:00,323297.09299786336,-1,90365.52978169623
2025-09-23 16:00:00,323505.7029337818,-1,90305.09631907972
2025-09-23 20:00:00,323897.3254563864,-1,90191.64484336066
2025-09-24 00:00:00,320986.917759439,-1,91034.77829229203
2025-09-24 04:00:00,322714.4035058871,-1,90534.33259291107
2025-09-24 08:00:00,323704.79124521645,-1,90247.4212329267
2025-09-24 12:00:00,323183.14785696147,-1,90398.53923248153
2025-09-24 16:00:00,322390.9428272897,-1,90628.03785551932
2025-09-24 20:00:00,321324.6918244622,-1,90936.92649898441
2025-09-25 00:00:00,321128.2046289746,-1,90993.84805226923
2025-09-25 04:00:00,321681.84227325395,-1,90833.4614449327
2025-09-25 08:00:00,321132.6496302503,-1,90992.56035320906
2025-09-25 12:00:00,319651.27654744306,-1,91421.70820001121
2025-09-25 16:00:00,319609.86233216035,0,91254.4008787276
2025-09-25 20:00:00,319609.86233216035,0,91195.46704249896
2025-09-26 00:00:00,319609.86233216035,0,91368.76129798703
2025-09-26 04:00:00,319609.86233216035,0,91333.59426671064
2025-09-26 08:00:00,319609.86233216035,0,91373.72729453066
2025-09-26 12:00:00,319609.86233216035,0,91725.49730786549
2025-09-26 16:00:00,319609.86233216035,0,91539.65733451153
2025-09-26 20:00:00,319609.86233216035,0,91115.33578679326
2025-09-27 00:00:00,319609.86233216035,0,90652.25511593772
2025-09-27 04:00:00,319609.86233216035,0,91074.20421540007
2025-09-27 08:00:00,319609.86233216035,0,91763.06415595047
2025-09-27 12:00:00,319609.86233216035,0,91811.53935603963
2025-09-27 16:00:00,319609.86233216035,0,92459.02651642943
2025-09-27 20:00:00,319609.86233216035,1,92909.5490302265
2025-09-28 00:00:00,320147.15894534986,1,93073.95995712688
2025-09-28 04:00:00,321093.19737820036,1,93363.44448356939
2025-09-28 08:00:00,318885.2853280428,1,92687.83094391567
2025-09-28 12:00:00,320952.79777705995,1,93320.4826855731
2025-09-28 16:00:00,322031.42884540657,1,93650.54010521267
2025-09-28 20:00:00,322621.1973996736,1,93831.00726670868
2025-09-29 00:00:00,326690.4182317901,1,95076.17493080231
2025-09-29 04:00:00,325420.3760924482,1,94687.54637777233
2025-09-29 08:00:00,324668.2331233111,1,94457.39320039912
2025-09-29 12:00:00,319689.11175597494,1,92933.7990830015
2025-09-29 16:00:00,321953.36133910966,0,93812.47081321815
2025-09-29 20:00:00,321953.36133910966,0,94452.18674501615
2025-09-30 00:00:00,321953.36133910966,1,94206.73289614635
2025-09-30 04:00:00,322099.09685863403,1,94251.6209510798
2025-09-30 08:00:00,322043.2843031989,1,94234.43010383457
2025-09-30 12:00:00,324988.7826830714,1,95141.67422327548
2025-09-30 16:00:00,325916.6479190868,1,95427.46636112247
2025-09-30 20:00:00,324659.61287837353,1,95040.28650171014
2025-10-01 00:00:00,341099.9206430454,1,100104.07219014181
2025-10-01 04:00:00,338241.8616597867,1,99223.76031379004
2025-10-01 08:00:00,334063.7799639276,1,97936.86772032817
2025-10-01 12:00:00,329478.21751697734,1,96524.46681977
2025-10-01 16:00:00,315427.2736631594,0,91515.04376666006
2025-10-01 20:00:00,315427.2736631594,0,94245.26817320086
2025-10-02 00:00:00,315427.2736631594,0,94392.85044998581
2025-10-02 04:00:00,315427.2736631594,0,94353.61986700527
2025-10-02 08:00:00,315427.2736631594,0,94646.05084940865
2025-10-02 12:00:00,315427.2736631594,0,95227.59235321972
2025-10-02 16:00:00,315427.2736631594,0,95263.80631052097
2025-10-02 20:00:00,315427.2736631594,0,95962.46470717
2025-10-03 00:00:00,315427.2736631594,1,95296.92267047854
2025-10-03 04:00:00,317433.5228490783,1,95934.95238109224
2025-10-03 08:00:00,315808.28132718377,1,95418.09117303806
2025-10-03 12:00:00,313512.43120272155,0,94878.55607886141
2025-10-03 16:00:00,313512.43120272155,0,94479.06379580258
2025-10-03 20:00:00,313512.43120272155,0,94698.49154181572
2025-10-04 00:00:00,313512.43120272155,0,94679.16435125623
2025-10-04 04:00:00,313512.43120272155,0,94670.9005593019
2025-10-04 08:00:00,313512.43120272155,0,94691.34945804701
2025-10-04 12:00:00,313512.43120272155,0,94681.72574190004
2025-10-04 16:00:00,313512.43120272155,0,94715.4844840225
2025-10-04 20:00:00,313512.43120272155,0,94701.38884270197
2025-10-05 00:00:00,313512.43120272155,0,94652.04558359717
2025-10-05 04:00:00,313512.43120272155,0,94837.820166335
2025-10-05 08:00:00,313512.43120272155,0,95034.01246268125
2025-10-05 12:00:00,313512.43120272155,0,95158.48568951373
2025-10-05 16:00:00,313512.43120272155,0,95066.64741610209
2025-10-05 20:00:00,313512.43120272155,0,95168.96071950955
2025-10-06 00:00:00,313512.43120272155,1,95767.40301808532
2025-10-06 04:00:00,313116.18011996226,1,95639.9911740473
2025-10-06 08:00:00,313722.84129464126,1,95835.05895388496
2025-10-06 12:00:00,313928.2833612592,1,95901.11745489521
2025-10-06 16:00:00,313731.9574027375,1,95837.99017652012
2025-10-06 20:00:00,313870.71593314107,1,95882.60703942332
2025-10-07 00:00:00,311349.78846675996,0,95114.78605608399
2025-10-07 04:00:00,311349.78846675996,0,95536.8796768648
2025-10-07 08:00:00,311349.78846675996,0,96496.25195506655
2025-10-07 12:00:00,311349.78846675996,1,95036.62136547959
2025-10-07 16:00:00,311720.41836765665,1,95155.70696888506
2025-10-07 20:00:00,316766.37618947175,1,96777.0033902359
2025-10-08 00:00:00,309438.37400721404,1,94422.47246998499
2025-10-08 04:00:00,309240.7449343335,1,94358.9730671103
2025-10-08 08:00:00,310959.13819657953,0,95101.17634043885
2025-10-08 12:00:00,310959.13819657953,0,95901.2807439048
2025-10-08 16:00:00,310959.13819657953,1,96871.54218349938
2025-10-08 20:00:00,313671.5986246344,1,97761.01503159151
2025-10-09 00:00:00,314948.11531989416,1,98179.61171555644
2025-10-09 04:00:00,314653.3218762855,1,98082.9427425556
2025-10-09 08:00:00,315206.6187321134,1,98264.38042367474
2025-10-09 12:00:00,315977.7086225429,1,98517.23702349147
2025-10-09 16:00:00,315737.33116497035,1,98438.41219729575
2025-10-09 20:00:00,316733.18004633614,1,98764.9719994651
2025-10-10 00:00:00,317226.19170364866,1,98926.6408955112
2025-10-10 04:00:00,317044.05632001377,1,98866.91487084945
2025-10-10 08:00:00,317299.81869743514,1,98950.78473598252
2025-10-10 12:00:00,317016.88729719137,1,98858.00557659402
2025-10-10 16:00:00,317147.030583358,1,98900.68229851389
2025-10-10 20:00:00,317169.42148565967,1,98908.0247465126
2025-10-11 00:00:00,318347.0559930234,1,99294.19588045521
2025-10-11 04:00:00,319782.2289861497,1,99764.81930282766
2025-10-11 08:00:00,320977.1042388872,1,100156.64403994626
2025-10-11 12:00:00,314073.0305700763,1,97892.65301315775
2025-10-11 16:00:00,312158.46377329103,0,97458.56935985673
2025-10-11 20:00:00,312158.46377329103,0,99261.14583413053
2025-10-12 00:00:00,312158.46377329103,1,98982.88202330773
2025-10-12 04:00:00,311883.8003974374,1,98891.20465703266
2025-10-12 08:00:00,311711.70724569564,1,98833.76326406709
2025-10-12 12:00:00,311653.51895000983,1,98814.34112713338
2025-10-12 16:00:00,311860.03487302625,1,98883.27218085382
2025-10-12 20:00:00,312043.02040041884,1,98944.34923987441
2025-10-13 00:00:00,312978.25556940364,1,99256.51279962773
2025-10-13 04:00:00,313486.47668403044,1,99426.14725900753
2025-10-13 08:00:00,311977.5947479709,1,98922.51141208026
2025-10-13 12:00:00,311577.45076038426,1,98788.95102457415
2025-10-13 16:00:00,311422.04583772825,1,98737.07984236428
2025-10-13 20:00:00,309982.6966948084,1,98256.65270801101
2025-10-14 00:00:00,309073.1196583213,0,98151.0191047585
2025-10-14 04:00:00,309073.1196583213,0,98924.00870387285
2025-10-14 08:00:00,309073.1196583213,1,99895.0644285941
2025-10-14 12:00:00,305911.30960598326,0,98673.18424712495
2025-10-14 16:00:00,305911.30960598326,1,99935.88564024874
2025-10-14 20:00:00,307683.9746842254,1,100545.46326334219
2025-10-15 00:00:00,307045.6057850735,1,100325.94328690779
2025-10-15 04:00:00,305374.6281536952,1,99751.33357338651
2025-10-15 08:00:00,308238.18474662927,1,100736.04300493085
2025-10-15 12:00:00,310701.69066553586,1,101583.18446495943
2025-10-15 16:00:00,312186.0420012796,1,102093.61780636397
2025-10-15 20:00:00,312947.22072682955,1,102355.36917946042
2025-10-16 00:00:00,313331.06403582386,1,102487.36382120578
2025-10-16 04:00:00,310445.5522622409,1,101495.10452195162
2025-10-16 08:00:00,309811.60641612444,1,101277.10552891633
2025-10-16 12:00:00,312632.7658820596,1,102247.2355905508
2025-10-16 16:00:00,310596.9428214119,1,101547.16415710264
2025-10-16 20:00:00,307330.8207821856,1,100424.02198329786
2025-10-17 00:00:00,308119.62226921425,1,100695.27217119705
2025-10-17 04:00:00,306785.6773091698,0,100436.4317987895
2025-10-17 08:00:00,306785.6773091698,0,100258.78867046043
2025-10-17 12:00:00,306785.6773091698,0,100330.18040872656
2025-10-17 16:00:00,306785.6773091698,0,100511.23426576852
2025-10-17 20:00:00,306785.6773091698,0,100708.49564866142
2025-10-18 00:00:00,306785.6773091698,0,-15276.493597163624
2025-10-18 04:00:00,306785.6773091698,-1,-9267.612056416101
2025-10-18 08:00:00,-79558.93325126171,-1,-21552.862624983383
2025-10-18 12:00:00,-556084.0003842649,-1,-36705.733124303006
2025-10-18 16:00:00,-676590.6237044632,-1,-40537.68527839943
2025-10-18 20:00:00,58913.47070324805,-1,-17149.622271907654
2025-10-19 00:00:00,907458.5065463583,0,101516.94010599493
2025-10-19 04:00:00,907458.5065463583,0,101306.26105757186
2025-10-19 08:00:00,907458.5065463583,0,102063.60527054676
2025-10-19 12:00:00,907458.5065463583,0,101663.79459440144
2025-10-19 16:00:00,907458.5065463583,0,100431.26517614817
2025-10-19 20:00:00,907458.5065463583,1,99460.61353461172
2025-10-20 00:00:00,905845.2879893924,1,99274.49314130418
2025-10-20 04:00:00,890983.918345054,1,97559.9058949888
2025-10-20 08:00:00,878937.6365050444,1,96170.10120654477
2025-10-20 12:00:00,887686.3954151152,1,97179.46378935422
2025-10-20 16:00:00,897256.7103078421,1,98283.61100128654
2025-10-20 20:00:00,893627.2134956659,1,97864.86837569885
2025-10-21 00:00:00,900380.9182098786,1,98644.05739027131
2025-10-21 04:00:00,895344.9890333244,1,98063.05172618321
2025-10-21 08:00:00,886909.4865755754,1,97089.83019435567
2025-10-21 12:00:00,882795.6062417998,1,96615.20323049123
2025-10-21 16:00:00,881613.4004621074,1,96478.80968124975
2025-10-21 20:00:00,880749.0117704516,1,96379.08335305518
2025-10-22 00:00:00,880934.1147362487,1,96400.43906871304
2025-10-22 04:00:00,882258.6586958022,1,96553.25447096633
2025-10-22 08:00:00,878699.6785330331,1,96142.64749845906
2025-10-22 12:00:00,882684.2674488567,1,96602.35784147469
2025-10-22 16:00:00,880185.1946830803,1,96314.03459843855
2025-10-22 20:00:00,885480.890108322,1,96925.01003702804
2025-10-23 00:00:00,882895.6552260657,1,96626.74609070765
2025-10-23 04:00:00,881189.9943247199,1,96429.96043110995
2025-10-23 08:00:00,876992.7581636255,1,95945.71653140131
2025-10-23 12:00:00,875188.7949709707,1,95737.58953120072
2025-10-23 16:00:00,868219.5560820781,0,95132.45511593063
2025-10-23 20:00:00,868219.5560820781,0,95660.76132068613
2025-10-24 00:00:00,868219.5560820781,0,95396.60680968277
2025-10-24 04:00:00,868219.5560820781,0,95102.4750256113
2025-10-24 08:00:00,868219.5560820781,0,94857.7089902657
2025-10-24 12:00:00,868219.5560820781,0,95206.69403220464
2025-10-24 16:00:00,868219.5560820781,0,95336.75324591751
2025-10-24 20:00:00,868219.5560820781,0,95146.83745506173
2025-10-25 00:00:00,868219.5560820781,0,95240.92106624924
2025-10-25 04:00:00,868219.5560820781,0,95192.27710853623
2025-10-25 08:00:00,868219.5560820781,0,95381.86070879103
2025-10-25 12:00:00,868219.5560820781,0,95342.79643726676
2025-10-25 16:00:00,868219.5560820781,0,95449.27530387335
2025-10-25 20:00:00,868219.5560820781,0,95431.25077509927
2025-10-26 00:00:00,868219.5560820781,0,94881.3981141437
2025-10-26 04:00:00,868219.5560820781,0,95679.53259283186
2025-10-26 08:00:00,868219.5560820781,0,98149.20551336519
2025-10-26 12:00:00,868219.5560820781,0,99247.40995261274
2025-10-26 16:00:00,868219.5560820781,1,101947.25559135321
2025-10-26 20:00:00,863707.4537606374,1,101389.55473720032
2025-10-27 00:00:00,852213.5844180244,0,99373.93120260056
2025-10-27 04:00:00,852213.5844180244,1,98957.47208922758
2025-10-27 08:00:00,871738.1157647263,1,101343.94853761196
2025-10-27 12:00:00,862937.9269200992,1,100268.30461837468
2025-10-27 16:00:00,876738.1146929603,1,101955.09660935265
2025-10-27 20:00:00,883378.7001064285,1,102766.77297747217
2025-10-28 00:00:00,888810.3855887738,1,103430.68594155148
2025-10-28 04:00:00,888733.3074515379,1,103421.26470854299
2025-10-28 08:00:00,886537.3088021837,1,103152.84858298754
2025-10-28 12:00:00,878002.3580734472,1,102109.62462331532
2025-10-28 16:00:00,877403.6192783619,1,102036.44099560964
2025-10-28 20:00:00,873611.3642299286,1,101572.91502417157
2025-10-29 00:00:00,877563.4783751254,0,102253.89545972389
2025-10-29 04:00:00,877563.4783751254,0,102765.80201177574
2025-10-29 08:00:00,877563.4783751254,1,102488.7915416243
2025-10-29 12:00:00,878171.5304181214,1,102563.54219243697
2025-10-29 16:00:00,878881.7253858113,1,102650.84974554893
2025-10-29 20:00:00,881595.5832134441,1,102984.47684402733
2025-10-30 00:00:00,893430.3447503292,1,104439.37883356112
2025-10-30 04:00:00,880092.8296437924,1,102799.73639518507
2025-10-30 08:00:00,858498.2818272193,0,99351.17222937802
2025-10-30 12:00:00,858498.2818272193,0,98532.43575307105
2025-10-30 16:00:00,858498.2818272193,0,99902.76595577152
2025-10-30 20:00:00,858498.2818272193,0,101635.77262292072
2025-10-31 00:00:00,858498.2818272193,0,102569.73278747944
2025-10-31 04:00:00,858498.2818272193,1,105609.80446025556
2025-10-31 08:00:00,858076.6402982628,1,105555.20547359537
2025-10-31 12:00:00,833306.6043603153,0,103229.28906934835
2025-10-31 16:00:00,833306.6043603153,0,102465.65424718305
2025-10-31 20:00:00,833306.6043603153,0,103456.2397646309
2025-11-01 00:00:00,833306.6043603153,0,103209.67583376939
2025-11-01 04:00:00,833306.6043603153,0,103215.9677123568
2025-11-01 08:00:00,833306.6043603153,0,103223.15284087815
2025-11-01 12:00:00,833306.6043603153,0,103222.70993064552
2025-11-01 16:00:00,833306.6043603153,0,103215.34113564935
2025-11-01 20:00:00,833306.6043603153,0,103215.77365949447
2025-11-02 00:00:00,833306.6043603153,0,103866.72694028192
2025-11-02 04:00:00,833306.6043603153,0,104453.25051314071
2025-11-02 08:00:00,833306.6043603153,0,105269.61509115377
2025-11-02 12:00:00,833306.6043603153,0,104796.27364261124
2025-11-02 16:00:00,833306.6043603153,1,104769.88794582986
2025-11-02 20:00:00,839757.8606238835,1,105623.68046261871
2025-11-03 00:00:00,835948.5430149087,1,105119.53572929265
2025-11-03 04:00:00,835027.072139734,1,104997.58352254094
2025-11-03 08:00:00,835231.4751817804,1,105024.63527503348
2025-11-03 12:00:00,835290.3978841286,1,105032.43340926945
2025-11-03 16:00:00,835020.6119757654,1,104996.72855113253
2025-11-03 20:00:00,834364.6951496326,1,104909.92113643554
2025-11-04 00:00:00,818858.7523779989,0,102463.69077013571
2025-11-04 04:00:00,818858.7523779989,0,106141.9548919707
2025-11-04 08:00:00,818858.7523779989,0,106168.86251397323
2025-11-04 12:00:00,818858.7523779989,0,105987.67485443254
2025-11-04 16:00:00,818858.7523779989,0,108611.01638306293
2025-11-04 20:00:00,818858.7523779989,1,105359.28771834682
2025-11-05 00:00:00,818831.5489019701,1,105355.60333656221
2025-11-05 04:00:00,818178.5500816728,1,105267.16254479255
2025-11-05 08:00:00,817680.5306064523,1,105199.71183073893
2025-11-05 12:00:00,817746.9458101594,1,105208.70696674657
2025-11-05 16:00:00,817508.2222586783,1,105176.37474921293
2025-11-05 20:00:00,816746.6541589933,1,105073.22956176527
2025-11-06 00:00:00,812549.3566234391,1,104504.7563795805
2025-11-06 04:00:00,813464.9569489728,0,104839.48194433749
2025-11-06 08:00:00,813464.9569489728,0,105032.34775300704
2025-11-06 12:00:00,813464.9569489728,0,105210.67125000035
2025-11-06 16:00:00,813464.9569489728,0,104653.78332370383
2025-11-06 20:00:00,813464.9569489728,0,104174.09846563119
2025-11-07 00:00:00,813464.9569489728,0,104637.69136759394
2025-11-07 04:00:00,813464.9569489728,-1,104629.315667526
2025-11-07 08:00:00,811992.2680127507,-1,104828.70501626423
2025-11-07 12:00:00,813798.0835910741,-1,104584.21320047934
2025-11-07 16:00:00,810409.1484514136,-1,105043.04571683302
2025-11-07 20:00:00,813188.584587504,-1,104666.73409568629
2025-11-08 00:00:00,805644.1908901252,0,105832.39223879717
2025-11-08 04:00:00,805644.1908901252,1,105604.39556141588
2025-11-08 08:00:00,795090.5134160896,0,104710.16579399342
2025-11-08 12:00:00,795090.5134160896,0,104979.80587456198
2025-11-08 16:00:00,795090.5134160896,0,103659.01012166533
2025-11-08 20:00:00,795090.5134160896,-1,104506.53186403766
2025-11-09 00:00:00,809367.540278095,-1,102531.19560721278
2025-11-09 04:00:00,818881.4770938248,-1,101214.86941977209
2025-11-09 08:00:00,800340.440510314,-1,103780.16415210832
2025-11-09 12:00:00,799011.3327059455,-1,103964.05641907497
2025-11-09 16:00:00,802995.9956760495,-1,103412.74771088583
2025-11-09 20:00:00,781272.6378764072,0,106240.01853786873
2025-11-10 00:00:00,781272.6378764072,0,106415.95922303056
2025-11-10 04:00:00,781272.6378764072,1,106387.03426382932
2025-11-10 08:00:00,782114.958263649,1,106507.77110099552
2025-11-10 12:00:00,781827.1385843222,1,106466.51549531097
2025-11-10 16:00:00,780814.5958714075,1,106321.37926626478
2025-11-10 20:00:00,780004.1617614727,1,106205.21295633423
2025-11-11 00:00:00,782014.9292837683,1,106493.433109373
2025-11-11 04:00:00,781691.8628496277,1,106447.12529106122
2025-11-11 08:00:00,780730.6928776893,1,106309.35274732523
2025-11-11 12:00:00,780889.8577907583,1,106332.16718762949
2025-11-11 16:00:00,779081.7973497165,0,106285.77680713846
2025-11-11 20:00:00,779081.7973497165,0,106371.02409851101
2025-11-12 00:00:00,779081.7973497165,0,107187.82935087827
2025-11-12 04:00:00,779081.7973497165,0,110061.14978420704
2025-11-12 08:00:00,779081.7973497165,1,108682.22351217724
2025-11-12 12:00:00,768920.3135714054,0,107270.400171774
2025-11-12 16:00:00,768920.3135714054,1,108241.94994380932
2025-11-12 20:00:00,761435.3489975062,1,107132.82514218894
2025-11-13 00:00:00,762237.5872178813,1,107251.70109654263
2025-11-13 04:00:00,762654.1575576437,1,107313.42864259689
2025-11-13 08:00:00,762777.0888831146,1,107331.64465158795
2025-11-13 12:00:00,762721.1512692032,1,107323.35579539897
2025-11-13 16:00:00,762492.8037423646,1,107289.51917494407
2025-11-13 20:00:00,762974.4968234699,1,107360.89663274605
2025-11-14 00:00:00,764933.2144221674,1,107651.14012643757
2025-11-14 04:00:00,764682.0934349628,1,107613.92892625538
2025-11-14 08:00:00,764458.9970698562,1,107580.87042487596
2025-11-14 12:00:00,764512.6617237745,1,107588.82247301775
2025-11-14 16:00:00,764590.9776967741,1,107600.42736268145
2025-11-14 20:00:00,764386.4563498722,1,107570.12131432677
2025-11-15 00:00:00,764737.8719457979,1,107622.19420649203
2025-11-15 04:00:00,762327.6351336901,1,107265.04442980382
2025-11-15 08:00:00,763739.355403883,1,107474.2336583115
2025-11-15 12:00:00,761276.8218599369,1,107109.33453267808
2025-11-15 16:00:00,761663.6617559007,1,107166.65661064301
2025-11-15 20:00:00,762169.7635656435,1,107241.65096282579
2025-11-16 00:00:00,762489.2654468962,1,107288.99486902109
2025-11-16 04:00:00,756009.3224516667,0,106545.27843420608
2025-11-16 08:00:00,756009.3224516667,-1,106294.06410480425
2025-11-16 12:00:00,749085.861509488,0,107047.43614386891
2025-11-16 16:00:00,749085.861509488,0,108488.97355404453
2025-11-16 20:00:00,749085.861509488,1,107134.34365647222
2025-11-17 00:00:00,754849.9605945408,1,108002.11428335283
2025-11-17 04:00:00,752532.3468825512,1,107653.20336526408
2025-11-17 08:00:00,751680.31308745,1,107524.93181934014
2025-11-17 12:00:00,751651.9873435632,1,107520.6674498061
2025-11-17 16:00:00,749432.2524332651,1,107186.4919392544
2025-11-17 20:00:00,748959.4758270041,1,107115.31660969536
2025-11-18 00:00:00,738760.5089200605,0,103935.35103005105
2025-11-18 04:00:00,738760.5089200605,-1,105770.20480477513
2025-11-18 08:00:00,723286.9479958478,0,108469.82512788016
2025-11-18 12:00:00,723286.9479958478,-1,107626.41528167039
2025-11-18 16:00:00,745836.16273805,-1,104094.45293897555
2025-11-18 20:00:00,730306.7479517924,-1,106526.87947161646
2025-11-19 00:00:00,729796.4953865672,-1,106606.80211487666
2025-11-19 04:00:00,729684.1696381813,-1,106624.3960895649
2025-11-19 08:00:00,729785.5103485088,-1,106608.52273979415
2025-11-19 12:00:00,729782.5963999447,-1,106608.97916174564
2025-11-19 16:00:00,729502.836119574,-1,106652.79899257113
2025-11-19 20:00:00,729293.648585954,-1,106685.56476733332
2025-11-20 00:00:00,706046.3748747511,0,110841.07964442443
2025-11-20 04:00:00,706046.3748747511,1,108647.78606631373
2025-11-20 08:00:00,758740.8713882724,1,117183.29276479561
2025-11-20 12:00:00,707369.5254430065,1,108862.11130491899
2025-11-20 16:00:00,714320.1611748192,1,109987.9821599972
2025-11-20 20:00:00,682422.996821108,0,105006.69281521438
2025-11-21 00:00:00,682422.996821108,1,106180.22533885983
2025-11-21 04:00:00,680025.7092222577,1,105787.59258818402
2025-11-21 08:00:00,679772.9267159437,0,105958.55179404475
2025-11-21 12:00:00,679772.9267159437,0,105809.04524779844
2025-11-21 16:00:00,679772.9267159437,0,105864.65319199409
2025-11-21 20:00:00,679772.9267159437,0,105739.41579212542
2025-11-22 00:00:00,679772.9267159437,0,105204.79629415725
2025-11-22 04:00:00,679772.9267159437,0,105405.26968866812
2025-11-22 08:00:00,679772.9267159437,0,105532.35833365272
2025-11-22 12:00:00,679772.9267159437,0,105362.33732685183
2025-11-22 16:00:00,679772.9267159437,0,105566.13983303108
2025-11-22 20:00:00,679772.9267159437,0,105754.30042397593
2025-11-23 00:00:00,679772.9267159437,0,105076.38284619639
2025-11-23 04:00:00,679772.9267159437,0,105278.44311520904
2025-11-23 08:00:00,679772.9267159437,0,105521.33868169073
2025-11-23 12:00:00,679772.9267159437,0,105536.30661796991
2025-11-23 16:00:00,679772.9267159437,0,104961.33203810346
2025-11-23 20:00:00,679772.9267159437,0,105406.95876821516
2025-11-24 00:00:00,679772.9267159437,0,105181.99234554707
2025-11-24 04:00:00,679772.9267159437,0,105403.7581062016
2025-11-24 08:00:00,679772.9267159437,0,105442.50314527286
2025-11-24 12:00:00,679772.9267159437,0,105426.22392812118
2025-11-24 16:00:00,679772.9267159437,0,105167.5103317484
2025-11-24 20:00:00,679772.9267159437,0,104927.52334204577
2025-11-25 00:00:00,679772.9267159437,0,103238.4909575029
2025-11-25 04:00:00,679772.9267159437,-1,104293.51794944168
2025-11-25 08:00:00,684840.7274574131,-1,103475.07317825043
2025-11-25 12:00:00,677550.3804968792,-1,104652.45694971437
2025-11-25 16:00:00,687159.542125977,-1,103100.58691928648
2025-11-25 20:00:00,680469.4926096696,-1,104181.02325152568
2025-11-26 00:00:00,682215.8131301973,-1,103898.99422714941
2025-11-26 04:00:00,681766.7395829943,-1,103971.5191576545
2025-11-26 08:00:00,682014.5144193053,-1,103931.5037684242
2025-11-26 12:00:00,682749.6403887986,-1,103812.7816566854
2025-11-26 16:00:00,683047.2406047033,-1,103764.71951828687
2025-11-26 20:00:00,683968.0848530295,-1,103616.00408952961
2025-11-27 00:00:00,686024.5265553861,-1,103283.89080323148
2025-11-27 04:00:00,692059.1056158444,-1,102309.31229663058
2025-11-27 08:00:00,696101.003832208,-1,101656.5497612372
2025-11-27 12:00:00,696970.6084520796,-1,101516.10948143028
2025-11-27 16:00:00,692464.6125067776,-1,102243.82333771186
2025-11-27 20:00:00,687823.3812081899,-1,102993.37756882729
2025-11-28 00:00:00,767408.8384348382,-1,90140.40550995963
2025-11-28 04:00:00,713306.9500193126,-1,98877.80659262741
2025-11-28 08:00:00,672176.7954021152,-1,105520.28558933953
2025-11-28 12:00:00,669496.2846868385,0,124615.82429900483
2025-11-28 16:00:00,669496.2846868385,1,113930.753760989
2025-11-28 20:00:00,611379.60247495,0,98359.31020246608
2025-11-29 00:00:00,611379.60247495,0,103482.32656054481
2025-11-29 04:00:00,611379.60247495,0,103342.01690378788
2025-11-29 08:00:00,611379.60247495,0,103219.22734480555
2025-11-29 12:00:00,611379.60247495,0,102862.90552114452
2025-11-29 16:00:00,611379.60247495,0,102848.08499050741
2025-11-29 20:00:00,611379.60247495,-1,102615.27815040122
2025-11-30 00:00:00,612056.7314462727,-1,102495.64573483917
2025-11-30 04:00:00,611959.335725121,-1,102512.85321802222
2025-11-30 08:00:00,612354.8403528972,-1,102442.97705559128
2025-11-30 12:00:00,612090.3763311002,0,102284.4709359883
2025-11-30 16:00:00,612090.3763311002,0,102442.61335774264
2025-11-30 20:00:00,612090.3763311002,0,102653.23688921181
2025-12-01 00:00:00,612090.3763311002,0,102465.20300414455
2025-12-01 04:00:00,612090.3763311002,0,102640.67573563558
2025-12-01 08:00:00,612090.3763311002,0,102934.55246694862
2025-12-01 12:00:00,612090.3763311002,0,103182.46140659376
2025-12-01 16:00:00,612090.3763311002,0,103160.84797656946
2025-12-01 20:00:00,612090.3763311002,0,103204.82082813664
2025-12-02 00:00:00,612090.3763311002,0,103006.5735184187
2025-12-02 04:00:00,612090.3763311002,0,103167.8665465507
2025-12-02 08:00:00,612090.3763311002,0,103192.1322903713
2025-12-02 12:00:00,612090.3763311002,0,103121.22899133206
2025-12-02 16:00:00,612090.3763311002,0,103138.67435658502
2025-12-02 20:00:00,612090.3763311002,0,103166.7924380485
2025-12-03 00:00:00,612090.3763311002,0,103327.13600029319
2025-12-03 04:00:00,612090.3763311002,0,103705.62711994094
2025-12-03 08:00:00,612090.3763311002,0,103474.70169928366
2025-12-03 12:00:00,612090.3763311002,0,103573.6627603558
2025-12-03 16:00:00,612090.3763311002,0,103391.34596311006
2025-12-03 20:00:00,612090.3763311002,0,103772.71602636274
2025-12-04 00:00:00,612090.3763311002,0,103959.25914841254
2025-12-04 04:00:00,612090.3763311002,0,104048.64088033236
2025-12-04 08:00:00,612090.3763311002,0,104025.49577923011
2025-12-04 12:00:00,612090.3763311002,1,104016.24169811263
2025-12-04 16:00:00,612269.4695529074,1,104048.27790949291
2025-12-04 20:00:00,612407.6904517534,1,104073.00287612161
2025-12-05 00:00:00,607552.3340637285,0,103334.49933984542
2025-12-05 04:00:00,607552.3340637285,0,102923.02032697355
2025-12-05 08:00:00,607552.3340637285,0,103802.51204761493
2025-12-05 12:00:00,607552.3340637285,0,103609.23302361627
2025-12-05 16:00:00,607552.3340637285,0,103807.05385928109
2025-12-05 20:00:00,607552.3340637285,0,104594.60842026222
2025-12-06 00:00:00,607552.3340637285,1,104718.57854128513
2025-12-06 04:00:00,615218.1439653833,1,106109.40993448967
2025-12-06 08:00:00,610874.095780269,1,105321.25595376731
2025-12-06 12:00:00,612231.6147261232,1,105567.55477815589
2025-12-06 16:00:00,616376.8508345628,1,106319.63767426557
2025-12-06 20:00:00,612949.5684246124,1,105697.81531886022
2025-12-07 00:00:00,617678.7474472681,1,106555.84476821743
2025-12-07 04:00:00,617659.307337151,1,106552.31768943708
2025-12-07 08:00:00,615737.1133286984,1,106203.56813719364
2025-12-07 12:00:00,615290.3345950121,1,106122.5077017538
2025-12-07 16:00:00,617077.5129556309,1,106446.76095106381
2025-12-07 20:00:00,617838.7412560194,1,106584.87293546714
2025-12-08 00:00:00,617388.206765633,1,106503.13108157435
2025-12-08 04:00:00,617033.0566705663,1,106438.69511096521
2025-12-08 08:00:00,616718.4162994298,1,106381.60894376822
2025-12-08 12:00:00,616724.4382993885,1,106382.70153368369
2025-12-08 16:00:00,616543.0869030739,1,106349.79839384176
2025-12-08 20:00:00,616562.2430596806,1,106353.27395406611
2025-12-09 00:00:00,612589.3166389953,1,105632.45373289315
2025-12-09 04:00:00,617291.2391768078,0,106694.97511172165
2025-12-09 08:00:00,617291.2391768078,1,108194.5708558332
2025-12-09 12:00:00,610940.8360915781,0,104445.68097355841
2025-12-09 16:00:00,610940.8360915781,0,103450.72607550898
2025-12-09 20:00:00,610940.8360915781,-1,107041.66270613307
2025-12-10 00:00:00,608509.4885351537,1,107275.99128246396
2025-12-10 04:00:00,609589.2271294607,1,107476.36013059561
2025-12-10 08:00:00,605558.562793361,1,106728.38319016962
2025-12-10 12:00:00,605044.742313215,1,106633.0326874682
2025-12-10 16:00:00,608507.3129580054,1,107275.58755707198
2025-12-10 20:00:00,607744.2067274404,1,107133.97669197315
2025-12-11 00:00:00,610083.3549334998,0,107782.60821390859
2025-12-11 04:00:00,610083.3549334998,1,107763.85589373065
2025-12-11 08:00:00,610701.0359606422,1,107878.70420207026
2025-12-11 12:00:00,613032.4540008376,1,108312.19560974342
2025-12-11 16:00:00,610966.3723448412,1,107928.03943097832
2025-12-11 20:00:00,611188.1972943151,1,107969.28437630626
2025-12-12 00:00:00,607494.8766800098,1,107282.56808412675
2025-12-12 04:00:00,606049.7776991145,1,107013.8741044736
2025-12-12 08:00:00,605893.9519145729,0,107200.42840285851
2025-12-12 12:00:00,605893.9519145729,0,107910.77212559606
2025-12-12 16:00:00,605893.9519145729,1,107238.62250306628
2025-12-12 20:00:00,612545.791618038,1,108477.91202882314
2025-12-13 00:00:00,611482.3807799194,1,108279.7903103202
2025-12-13 04:00:00,610953.0204185977,1,108181.16635358307
2025-12-13 08:00:00,610212.3762413105,1,108043.17857694636
2025-12-13 12:00:00,609340.3933258153,1,107880.721370822
2025-12-13 16:00:00,609048.9880812212,1,107826.43030497026
2025-12-13 20:00:00,608387.2389502693,1,107703.14128971628
2025-12-14 00:00:00,603645.791236198,1,106819.7726652572
2025-12-14 04:00:00,602921.3299038215,0,106899.27712362772
2025-12-14 08:00:00,602921.3299038215,0,107224.13211566837
2025-12-14 12:00:00,602921.3299038215,0,107217.0804892955
2025-12-14 16:00:00,602921.3299038215,-1,107228.51702479913
2025-12-14 20:00:00,601177.7850616014,-1,107554.9238020138
2025-12-15 00:00:00,595991.4137557101,0,108201.47247230857
2025-12-15 04:00:00,595991.4137557101,1,108405.1821334359
2025-12-15 08:00:00,596258.1991472207,1,108456.26185016325
2025-12-15 12:00:00,596820.5590423468,1,108563.93335338616
2025-12-15 16:00:00,595656.3935774077,1,108341.03793232825
2025-12-15 20:00:00,595660.9892845015,1,108341.91784338781
2025-12-16 00:00:00,597119.5256287435,1,108621.17460058346
2025-12-16 04:00:00,598503.4743525623,1,108886.15053640056
2025-12-16 08:00:00,590387.267399522,0,108010.30346287494
2025-12-16 12:00:00,590387.267399522,0,108001.59397452661
2025-12-16 16:00:00,590387.267399522,0,108661.06445676812
2025-12-16 20:00:00,590387.267399522,1,108789.62759920635
2025-12-17 00:00:00,589457.1939646999,1,108609.22443852042
2025-12-17 04:00:00,588668.9526217206,1,108456.33196322469
2025-12-17 08:00:00,588822.3186718517,1,108486.07985102545
2025-12-17 12:00:00,587931.0077731728,1,108313.19532679838
2025-12-17 16:00:00,587111.4550017755,0,108371.80873610394
2025-12-17 20:00:00,587111.4550017755,0,108408.48731788152
2025-12-18 00:00:00,587111.4550017755,0,107841.5732136346
2025-12-18 04:00:00,587111.4550017755,0,107169.00501756255
2025-12-18 08:00:00,587111.4550017755,-1,106182.64932643536
2025-12-18 12:00:00,587855.3093860744,-1,106041.03821707498
2025-12-18 16:00:00,584686.1934044351,-1,106644.35795185702
2025-12-18 20:00:00,584210.6176500147,-1,106734.89557802408
2025-12-19 00:00:00,581693.497902523,-1,107214.09167790481
2025-12-19 04:00:00,579787.7317270961,0,107752.98281984791
2025-12-19 08:00:00,579787.7317270961,0,107980.72394217078
2025-12-19 12:00:00,579787.7317270961,0,107525.76719883645
2025-12-19 16:00:00,579787.7317270961,0,106544.94936136209
2025-12-19 20:00:00,579787.7317270961,-1,105750.01116518884
2025-12-20 00:00:00,574143.7708275487,-1,106833.61813933567
2025-12-20 04:00:00,575016.421251101,-1,106666.07444054262
2025-12-20 08:00:00,576556.5209959031,-1,106370.38443594266
2025-12-20 12:00:00,576017.7885400185,-1,106473.81786802801
2025-12-20 16:00:00,578627.4367333724,-1,105972.78091318045
2025-12-20 20:00:00,580320.610548399,-1,105647.70159617938
2025-12-21 00:00:00,577853.487791617,-1,106121.37451364053
2025-12-21 04:00:00,579012.1032636485,-1,105898.92722383945
2025-12-21 08:00:00,578506.252410329,-1,105996.0475835108
2025-12-21 12:00:00,578946.4448336425,-1,105911.53325246584
2025-12-21 16:00:00,578975.3371999644,-1,105905.9860897191
2025-12-21 20:00:00,580134.242504223,-1,105683.48315385166
2025-12-22 00:00:00,581749.35442289,-1,105373.39125735473
2025-12-22 04:00:00,585892.3778363807,-1,104577.95536670706
2025-12-22 08:00:00,590463.8051788285,-1,103700.26846592095
2025-12-22 12:00:00,584789.2472965567,-1,104789.74987904033
2025-12-22 16:00:00,584298.3000713667,-1,104884.00883062105
2025-12-22 20:00:00,580951.885790965,-1,105526.50049864774
2025-12-23 00:00:00,577316.7864004023,-1,106224.41799337143
2025-12-23 04:00:00,577862.3659667753,-1,106119.66995673616
2025-12-23 08:00:00,574488.9564553611,-1,106767.34454879702
2025-12-23 12:00:00,572325.0136363461,0,105942.40235244366
2025-12-23 16:00:00,572325.0136363461,0,105613.22431365422
2025-12-23 20:00:00,572325.0136363461,0,105244.31169780823
2025-12-24 00:00:00,572325.0136363461,-1,106208.04235657217
2025-12-24 04:00:00,572817.5561920526,0,105899.41303384789
2025-12-24 08:00:00,572817.5561920526,0,106132.49515053869
2025-12-24 12:00:00,572817.5561920526,0,105941.78723533379
2025-12-24 16:00:00,572817.5561920526,0,105599.83790635325
2025-12-24 20:00:00,572817.5561920526,-1,105272.3855337784
2025-12-25 00:00:00,572758.5069552921,-1,105283.80876131584
2025-12-25 04:00:00,573042.9297206112,-1,105228.78644192086
2025-12-25 08:00:00,573189.4803008324,-1,105200.43585323502
2025-12-25 12:00:00,573567.8862150079,-1,105127.23225067757
2025-12-25 16:00:00,573699.9469975674,-1,105101.68475081626
2025-12-25 20:00:00,573661.9475886135,-1,105109.03583473508
2025-12-26 00:00:00,571647.2080573401,-1,105498.79240665727
2025-12-26 04:00:00,569528.3327275801,0,105698.1495469975
2025-12-26 08:00:00,569528.3327275801,0,105821.96678322702
2025-12-26 12:00:00,569528.3327275801,0,105316.9566004381
2025-12-26 16:00:00,569528.3327275801,-1,105011.28294291822
2025-12-26 20:00:00,568611.4247274952,-1,105189.24310268468
2025-12-27 00:00:00,566238.8495208949,-1,105649.7297194286
2025-12-27 04:00:00,564790.9853196805,0,105938.63779672062
2025-12-27 08:00:00,564790.9853196805,0,105575.84692527639
2025-12-27 12:00:00,564790.9853196805,0,105662.07733680471
2025-12-27 16:00:00,564790.9853196805,1,104787.89572857055
2025-12-27 20:00:00,561596.8344639099,-1,104373.65742817178
2025-12-28 00:00:00,555839.7483044299,0,110980.29223909495
2025-12-28 04:00:00,555839.7483044299,1,100544.04110007315
2025-12-28 08:00:00,569871.2640457695,0,103416.82935768522
2025-12-28 12:00:00,569871.2640457695,0,113488.39376813191
2025-12-28 16:00:00,569871.2640457695,1,96274.46738445535
2025-12-28 20:00:00,591740.4989121696,0,100356.0736919012
2025-12-29 00:00:00,591740.4989121696,0,102913.64546665178
2025-12-29 04:00:00,591740.4989121696,0,102869.0834241539
2025-12-29 08:00:00,591740.4989121696,0,102682.3384093319
2025-12-29 12:00:00,591740.4989121696,0,102485.49235072792
2025-12-29 16:00:00,591740.4989121696,0,102362.56719174316
2025-12-29 20:00:00,591740.4989121696,0,102440.50081215655
2025-12-30 00:00:00,591740.4989121696,0,101493.37898493829
2025-12-30 04:00:00,591740.4989121696,0,101584.95282105707
2025-12-30 08:00:00,591740.4989121696,0,102405.09946761052
2025-12-30 12:00:00,591740.4989121696,0,101936.78937368774
2025-12-30 16:00:00,591740.4989121696,0,101527.11280396217
2025-12-30 20:00:00,591740.4989121696,0,101288.86461393202
2025-12-31 00:00:00,591740.4989121696,0,101298.03396223883
2025-12-31 04:00:00,591740.4989121696,0,101299.76188766595
2025-12-31 08:00:00,591740.4989121696,0,101299.37821153764
2025-12-31 12:00:00,591740.4989121696,0,101306.81669685444
2025-12-31 16:00:00,591740.4989121696,0,101301.0636528152
2025-12-31 20:00:00,591740.4989121696,0,101310.58198256714
2026-01-01 00:00:00,591740.4989121696,0,101339.85821708819
2026-01-01 04:00:00,591740.4989121696,0,101315.81174127015
2026-01-01 08:00:00,591740.4989121696,0,101163.47038503137
2026-01-01 12:00:00,591740.4989121696,0,101097.45872293599
2026-01-01 16:00:00,591740.4989121696,0,101016.88593899162
2026-01-01 20:00:00,591740.4989121696,0,101190.73200008663
2026-01-02 00:00:00,591740.4989121696,0,102197.85506525144
2026-01-02 04:00:00,591740.4989121696,0,103245.80663697323
2026-01-02 08:00:00,591740.4989121696,0,103522.28708684466
2026-01-02 12:00:00,591740.4989121696,1,105012.96077655243
2026-01-02 16:00:00,590427.0212801545,1,104767.59686537985
2026-01-02 20:00:00,584863.712657536,0,100902.17075086963
2026-01-03 00:00:00,584863.712657536,0,101488.43931969516
2026-01-03 04:00:00,584863.712657536,0,101553.31898989104
2026-01-03 08:00:00,584863.712657536,0,101468.25004479053
2026-01-03 12:00:00,584863.712657536,-1,101310.88417128824
2026-01-03 16:00:00,586399.7030002788,-1,101030.81435361046
2026-01-03 20:00:00,585905.8515507828,-1,101120.86237121276
2026-01-04 00:00:00,592592.3222487665,-1,99901.66288982268
2026-01-04 04:00:00,589208.9643835683,-1,100518.57850060232
2026-01-04 08:00:00,588099.7592079425,-1,100720.8290504007
2026-01-04 12:00:00,588196.7440982328,-1,100703.14499355137
2026-01-04 16:00:00,589789.0779025237,-1,100412.80160672149
2026-01-04 20:00:00,589655.2734999089,-1,100437.19926965074
2026-01-05 00:00:00,585433.3738995622,-1,101207.013127472
2026-01-05 04:00:00,585739.287896316,0,100948.61153101998
2026-01-05 08:00:00,585739.287896316,0,101160.03033855133
2026-01-05 12:00:00,585739.287896316,0,101033.66919016484
2026-01-05 16:00:00,585739.287896316,0,100581.40712696208
2026-01-05 20:00:00,585739.287896316,-1,100268.05294977571
2026-01-06 00:00:00,591669.1440003011,-1,99199.54249396965
2026-01-06 04:00:00,589310.5851482034,-1,99624.53506544312
2026-01-06 08:00:00,593128.541483492,-1,98936.57127803769
2026-01-06 12:00:00,591922.3174514237,-1,99153.92275633804
2026-01-06 16:00:00,591969.0134268162,-1,99145.50853226987
2026-01-06 20:00:00,586195.274286443,-1,100185.88801743806
2026-01-07 00:00:00,586414.9416850468,0,99945.76968423116
2026-01-07 04:00:00,586414.9416850468,0,99468.62124726392
2026-01-07 08:00:00,586414.9416850468,-1,100748.54109444008
2026-01-07 12:00:00,579227.9358095699,0,101846.78894553008
2026-01-07 16:00:00,579227.9358095699,0,101437.37795205266
2026-01-07 20:00:00,579227.9358095699,1,101270.17562752438
2026-01-08 00:00:00,588172.4578611129,1,102916.31119062573
2026-01-08 04:00:00,591140.6001684406,1,103462.5633637751
2026-01-08 08:00:00,577943.2728154381,1,101033.74830037885
2026-01-08 12:00:00,595167.7232112122,0,104406.24901262017
2026-01-08 16:00:00,595167.7232112122,1,101616.79699841992
2026-01-08 20:00:00,587808.8954290438,1,100294.24984561272
2026-01-09 00:00:00,585554.3665540707,0,100092.29380441489
2026-01-09 04:00:00,585554.3665540707,0,100443.41976623223
2026-01-09 08:00:00,585554.3665540707,0,100987.7002083898
2026-01-09 12:00:00,585554.3665540707,0,101135.02199102874
2026-01-09 16:00:00,585554.3665540707,0,100971.44548448182
2026-01-09 20:00:00,585554.3665540707,0,100716.19103442384
2026-01-10 00:00:00,585554.3665540707,0,100672.66341877033
2026-01-10 04:00:00,585554.3665540707,0,100573.63575721819
2026-01-10 08:00:00,585554.3665540707,0,100573.97220689914
2026-01-10 12:00:00,585554.3665540707,0,100457.3894146838
2026-01-10 16:00:00,585554.3665540707,0,100385.26950747578
2026-01-10 20:00:00,585554.3665540707,0,100407.64794938483
2026-01-11 00:00:00,585554.3665540707,0,100452.57075904898
2026-01-11 04:00:00,585554.3665540707,0,100509.75217938099
2026-01-11 08:00:00,585554.3665540707,0,100426.93327603028
2026-01-11 12:00:00,585554.3665540707,0,100457.9462169195
2026-01-11 16:00:00,585554.3665540707,0,100460.54459886713
2026-01-11 20:00:00,585554.3665540707,0,100493.38438716621
2026-01-12 00:00:00,585554.3665540707,0,99444.28084457364
2026-01-12 04:00:00,585554.3665540707,0,99389.47366560857
2026-01-12 08:00:00,585554.3665540707,0,98581.24457259974
2026-01-12 12:00:00,585554.3665540707,-1,99044.31581824188
2026-01-12 16:00:00,580892.8466917815,0,99412.42992286528
2026-01-12 20:00:00,580892.8466917815,-1,99818.13219954721
2026-01-13 00:00:00,581015.3827376273,-1,99795.96791754563
2026-01-13 04:00:00,581560.5631540355,-1,99697.35585276411
2026-01-13 08:00:00,581463.3301242432,-1,99714.94333306275
2026-01-13 12:00:00,581036.59601582,-1,99792.1308663596
2026-01-13 16:00:00,581418.3364801959,-1,99723.08176945557
2026-01-13 20:00:00,581716.7377865685,-1,99669.10703362634
2026-01-14 00:00:00,580913.2635660017,-1,99814.43920166497
2026-01-14 04:00:00,580495.2593290482,-1,99890.04767851558
2026-01-14 08:00:00,581852.5211907089,-1,99644.54657356144
2026-01-14 12:00:00,583644.4079769016,-1,99320.43064693782
2026-01-14 16:00:00,584646.9039929378,-1,99139.09947820679
2026-01-14 20:00:00,586947.7163465068,-1,98722.92925266002
2026-01-15 00:00:00,586025.6651125763,-1,98889.70959413172
2026-01-15 04:00:00,585796.781648367,-1,98931.10996421239
2026-01-15 08:00:00,585822.3512309906,-1,98926.48494603082
2026-01-15 12:00:00,585858.2286800497,-1,98919.99544416259
2026-01-15 16:00:00,586368.6822708672,-1,98827.6647568329
2026-01-15 20:00:00,586465.8797314541,-1,98810.08371028112
2026-01-16 00:00:00,575703.410344683,0,104884.72588744288
2026-01-16 04:00:00,575703.410344683,1,113488.84444540265
2026-01-16 08:00:00,558942.8635403349,0,104664.6528722268
2026-01-16 12:00:00,558942.8635403349,1,104441.44525801946
2026-01-16 16:00:00,547528.9197112765,1,102196.43885987929
2026-01-16 20:00:00,534469.6367881636,0,98136.73460788553
2026-01-17 00:00:00,534469.6367881636,1,99046.8836894274
2026-01-17 04:00:00,532201.6106386221,1,98604.4560707271
2026-01-17 08:00:00,525901.0484216725,1,97375.39496017435
2026-01-17 12:00:00,532031.5091253566,-1,98769.3678540858
2026-01-17 16:00:00,532841.1373154689,-1,98611.15311608296
2026-01-17 20:00:00,534022.979875883,-1,98380.20153443095
2026-01-18 00:00:00,532847.9528138223,-1,98609.82125498979
2026-01-18 04:00:00,533389.5009059544,-1,98503.99380164887
2026-01-18 08:00:00,533506.3096370545,-1,98481.16744380568
2026-01-18 12:00:00,532667.3500888495,0,98447.57527855449
2026-01-18 16:00:00,532667.3500888495,0,98428.8841077448
2026-01-18 20:00:00,532667.3500888495,0,98368.37684665246
2026-01-19 00:00:00,532667.3500888495,0,98322.24974517294
2026-01-19 04:00:00,532667.3500888495,0,98329.2625328793
2026-01-19 08:00:00,532667.3500888495,0,97826.57080109237
2026-01-19 12:00:00,532667.3500888495,0,97732.78793256405
2026-01-19 16:00:00,532667.3500888495,0,97318.99841562906
2026-01-19 20:00:00,532667.3500888495,-1,96806.81634656509
2026-01-20 00:00:00,533614.5966260459,-1,96625.60337526827
2026-01-20 04:00:00,532979.024165487,-1,96747.19154638283
2026-01-20 08:00:00,535645.9789765836,-1,96236.98983367601
2026-01-20 12:00:00,537980.55392194,-1,95790.3740415346
2026-01-20 16:00:00,537342.5942660061,-1,95912.41889499106
2026-01-20 20:00:00,538831.4032567882,-1,95627.60233423428
2026-01-21 00:00:00,538162.3766879964,-1,95755.59044255305
2026-01-21 04:00:00,539342.2027306542,-1,95529.88385571644
2026-01-21 08:00:00,540707.075284734,-1,95268.77695138472
2026-01-21 12:00:00,542559.4059327758,-1,94914.41689054
2026-01-21 16:00:00,543794.6140067569,-1,94678.11544580899
2026-01-21 20:00:00,544399.8996929713,-1,94562.3212851811
2026-01-22 00:00:00,547286.2062116222,-1,94010.15650042905
2026-01-22 04:00:00,547844.3654034301,-1,93903.37787244534
2026-01-22 08:00:00,547640.666447934,-1,93942.34649521252
2026-01-22 12:00:00,548051.5428430279,-1,93863.74379837811
2026-01-22 16:00:00,546220.2104956331,-1,94214.08677992717
2026-01-22 20:00:00,544261.2478645016,-1,94588.846069201
2026-01-23 00:00:00,545112.0692536734,-1,94426.07970804747
2026-01-23 04:00:00,546607.3105052009,-1,94140.03262383553
2026-01-23 08:00:00,551973.5990719256,-1,93113.43494537835
2026-01-23 12:00:00,547255.791968537,-1,94015.97489631944
2026-01-23 16:00:00,547127.4988206717,-1,94040.51801324707
2026-01-23 20:00:00,546464.709583362,-1,94167.31288904777
2026-01-24 00:00:00,546873.5422559583,-1,94089.1011664864
2026-01-24 04:00:00,549784.715636514,-1,93532.17922743964
2026-01-24 08:00:00,548105.899320184,-1,93853.34513409388
2026-01-24 12:00:00,548010.0455418031,-1,93871.68243838412
2026-01-24 16:00:00,552432.806635351,-1,93025.58625578947
2026-01-24 20:00:00,556897.4835547026,-1,92171.47136735641
2026-01-25 00:00:00,560163.0343622091,-1,91546.7552649355
2026-01-25 04:00:00,565502.3309105114,-1,90525.32129377898
2026-01-25 08:00:00,566904.2200107754,-1,90257.13294015419
2026-01-25 12:00:00,563485.4341718561,-1,90911.16366581061
2026-01-25 16:00:00,558844.9592776467,-1,91798.90958071989
2026-01-25 20:00:00,558381.6668257986,-1,91887.53972976987
2026-01-26 00:00:00,559460.9130838454,-1,91681.07455570811
2026-01-26 04:00:00,554948.9684526827,-1,92544.23199237685
2026-01-26 08:00:00,557081.3417326029,0,91942.68475127804
2026-01-26 12:00:00,557081.3417326029,0,92144.3010590703
2026-01-26 16:00:00,557081.3417326029,0,92421.67795915638
2026-01-26 20:00:00,557081.3417326029,0,92823.42842453573
2026-01-27 00:00:00,557081.3417326029,0,91841.24179031336
2026-01-27 04:00:00,557081.3417326029,-1,91101.71799523383
2026-01-27 08:00:00,561013.8505197301,-1,90424.77195767692
2026-01-27 12:00:00,557213.4199890123,-1,91078.98191067213
2026-01-27 16:00:00,552415.5006696829,-1,91904.90059199072
2026-01-27 20:00:00,553780.0082065003,0,91487.80944938182
2026-01-28 00:00:00,553780.0082065003,0,91459.2458550812
2026-01-28 04:00:00,553780.0082065003,0,91474.86337008557
2026-01-28 08:00:00,553780.0082065003,0,91447.71292617173
2026-01-28 12:00:00,553780.0082065003,0,91510.57337659076
2026-01-28 16:00:00,553780.0082065003,0,91508.64052235003
2026-01-28 20:00:00,553780.0082065003,0,91546.18876688962
2026-01-29 00:00:00,553780.0082065003,0,91364.8735110831
2026-01-29 04:00:00,553780.0082065003,0,91436.27397115575
2026-01-29 08:00:00,553780.0082065003,0,91492.31611366179
2026-01-29 12:00:00,553780.0082065003,0,91325.85781920548
2026-01-29 16:00:00,553780.0082065003,0,91371.34590427834
2026-01-29 20:00:00,553780.0082065003,0,91292.37161033468
2026-01-30 00:00:00,553780.0082065003,0,91270.1955771393
2026-01-30 04:00:00,553780.0082065003,0,91616.85195710722
2026-01-30 08:00:00,553780.0082065003,0,92171.79035616573
2026-01-30 12:00:00,553780.0082065003,0,91793.85173791045
2026-01-30 16:00:00,553780.0082065003,0,91377.27893437399
2026-01-30 20:00:00,553780.0082065003,0,90637.92794837519
2026-01-31 00:00:00,553780.0082065003,-1,90603.8000050478
2026-01-31 04:00:00,553672.5929948093,-1,90622.29913583188
2026-01-31 08:00:00,553787.4650582888,-1,90602.51578026902
2026-01-31 12:00:00,553932.3945357151,-1,90577.55591364331
2026-01-31 16:00:00,553547.1132692983,-1,90643.90935114902
2026-01-31 20:00:00,553460.2236491977,-1,90658.87354868415
2026-02-01 00:00:00,555576.395151187,-1,90294.42485691539
2026-02-01 04:00:00,555579.5831418709,-1,90293.87581869564
2026-02-01 08:00:00,555577.2396464178,-1,90294.27941729399
2026-02-01 12:00:00,555580.0046381113,-1,90293.80322828733
2026-02-01 16:00:00,555580.6959389447,-1,90293.68417192347
2026-02-01 20:00:00,555578.5954331715,-1,90294.04592265132
2026-02-02 00:00:00,556418.04920649,-1,90149.47454495405
2026-02-02 04:00:00,557799.6778346961,-1,89911.52939467363
2026-02-02 08:00:00,558772.0501911119,-1,89744.06667585587
2026-02-02 12:00:00,557764.2267763903,-1,89917.63480333697
2026-02-02 16:00:00,558179.5342626243,-1,89846.11022704557
2026-02-02 20:00:00,557430.2945861758,-1,89975.14486324883
2026-02-03 00:00:00,552994.8263861155,-1,90739.02462506127
2026-02-03 04:00:00,556220.1415202164,0,90002.35075964688
2026-02-03 08:00:00,556220.1415202164,0,90257.68620441789
2026-02-03 12:00:00,556220.1415202164,0,90787.28195445999
2026-02-03 16:00:00,556220.1415202164,0,90328.33723401395
2026-02-03 20:00:00,556220.1415202164,0,90273.4729100252
2026-02-04 00:00:00,556220.1415202164,0,90300.65277675787
2026-02-04 04:00:00,556220.1415202164,0,90186.69920086766
2026-02-04 08:00:00,556220.1415202164,0,90411.63683175096
2026-02-04 12:00:00,556220.1415202164,0,90234.75590996725
2026-02-04 16:00:00,556220.1415202164,0,90114.63483288215
2026-02-04 20:00:00,556220.1415202164,0,90168.56699334041
2026-02-05 00:00:00,556220.1415202164,0,90237.83335649317
2026-02-05 04:00:00,556220.1415202164,0,90324.28522673232
2026-02-05 08:00:00,556220.1415202164,0,90419.75684781231
2026-02-05 12:00:00,556220.1415202164,0,90123.51860138519
2026-02-05 16:00:00,556220.1415202164,0,89539.99942956849
2026-02-05 20:00:00,556220.1415202164,-1,89445.84741096251
2026-02-06 00:00:00,557064.396352581,-1,89302.93714694695
2026-02-06 04:00:00,557296.6676563678,-1,89263.61968961664
2026-02-06 08:00:00,557119.6921329625,-1,89293.57701743352
2026-02-06 12:00:00,556940.649470702,-1,89323.8842577984
2026-02-06 16:00:00,557245.5364329336,-1,89272.2748685511
2026-02-06 20:00:00,559313.9683883861,-1,88922.14343249644
2026-02-07 00:00:00,557607.8157535665,-1,89210.95045396173
2026-02-07 04:00:00,558279.1280592941,-1,89097.31483688185
2026-02-07 08:00:00,560176.586735138,-1,88776.12470574104
2026-02-07 12:00:00,560971.8253946895,-1,88641.511597903
2026-02-07 16:00:00,561227.1535293066,-1,88598.29122209948
2026-02-07 20:00:00,563271.6699480688,-1,88252.20806096306
2026-02-08 00:00:00,551483.606893965,0,93349.5401767926
2026-02-08 04:00:00,551483.606893965,1,92771.96062348306
2026-02-08 08:00:00,541935.1455436618,0,90016.29777648584
2026-02-08 12:00:00,541935.1455436618,1,86405.37697517779
2026-02-08 16:00:00,533530.8714613126,-1,85167.69758923548
2026-02-08 20:00:00,517218.11768202763,0,88026.0702307492
2026-02-09 00:00:00,517218.11768202763,-1,88224.8424972159
2026-02-09 04:00:00,516577.3112952696,-1,88339.90144249132
2026-02-09 08:00:00,516399.1800613072,-1,88371.88550557784
2026-02-09 12:00:00,515576.12473493285,-1,88519.66786186029
2026-02-09 16:00:00,514435.50494305155,-1,88724.46998762887
2026-02-09 20:00:00,515227.580377189,-1,88582.2501753522
2026-02-10 00:00:00,522107.40632988134,-1,87346.95425110277
2026-02-10 04:00:00,517814.4596823753,-1,88117.76728229714
2026-02-10 08:00:00,520084.42268340406,-1,87710.18777917461
2026-02-10 12:00:00,517866.3743566962,-1,88108.44582765012
2026-02-10 16:00:00,514451.1641154778,-1,88721.65833047238
2026-02-10 20:00:00,509286.9626970085,-1,89648.90809058321
2026-02-11 00:00:00,513371.77855593513,0,88739.01595856484
2026-02-11 04:00:00,513371.77855593513,0,88437.26413987696
2026-02-11 08:00:00,513371.77855593513,0,86261.95505745105
2026-02-11 12:00:00,513371.77855593513,-1,88822.97566674533
2026-02-11 16:00:00,507471.4974801732,-1,89897.56474790136
2026-02-11 20:00:00,510002.8118878472,-1,89436.54894398761
2026-02-12 00:00:00,509727.0099129536,0,89309.13344557262
2026-02-12 04:00:00,509727.0099129536,0,89304.99771488135
2026-02-12 08:00:00,509727.0099129536,0,89291.12714463996
2026-02-12 12:00:00,509727.0099129536,0,89296.7486900422
2026-02-12 16:00:00,509727.0099129536,0,89309.49799850548
2026-02-12 20:00:00,509727.0099129536,0,89269.88251510226
2026-02-13 00:00:00,509727.0099129536,0,89854.03438313717
2026-02-13 04:00:00,509727.0099129536,0,88522.8117180987
2026-02-13 08:00:00,509727.0099129536,0,88637.56856756129
2026-02-13 12:00:00,509727.0099129536,0,89216.17031887076
2026-02-13 16:00:00,509727.0099129536,0,89080.37582059955
2026-02-13 20:00:00,509727.0099129536,0,88559.71895704011
2026-02-14 00:00:00,509727.0099129536,0,88195.32583371073
2026-02-14 04:00:00,509727.0099129536,0,88013.57018547136
2026-02-14 08:00:00,509727.0099129536,0,87993.70424043137
2026-02-14 12:00:00,509727.0099129536,-1,88377.56522854092
2026-02-14 16:00:00,510464.0567233836,0,88066.29350742073
2026-02-14 20:00:00,510464.0567233836,0,87760.38890486813
