date,equity,close,in_position,drawdown_pct
2020-01-01,100000.0,7195.153895430029,False,0.0
2020-01-02,100000.0,7193.7546679601,False,0.0
2020-01-03,100000.0,6963.853353983485,False,0.0
2020-01-04,100000.0,7300.34693530511,False,0.0
2020-01-05,100000.0,7351.377053166627,False,0.0
2020-01-06,100000.0,7349.972248050628,False,0.0
2020-01-07,100000.0,7734.675515785289,False,0.0
2020-01-08,100000.0,8147.415237636371,False,0.0
2020-01-09,100000.0,8045.789124592971,False,0.0
2020-01-10,100000.0,7832.795643840387,False,0.0
2020-01-11,100000.0,8180.513169803805,False,0.0
2020-01-12,100000.0,8012.085781814529,False,0.0
2020-01-13,100000.0,8171.401185320944,False,0.0
2020-01-14,100000.0,8110.647964503772,False,0.0
2020-01-15,100000.0,8801.871213137745,False,0.0
2020-01-16,100000.0,8820.85010599613,False,0.0
2020-01-17,100000.0,8720.91950137424,False,0.0
2020-01-18,100000.0,8902.568995225329,False,0.0
2020-01-19,100000.0,8906.902675151074,False,0.0
2020-01-20,100000.0,8690.380569544623,False,0.0
2020-01-21,100000.0,8631.253954333763,False,0.0
2020-01-22,100000.0,8724.818622931474,False,0.0
2020-01-23,100000.0,8665.436914096897,False,0.0
2020-01-24,100000.0,8415.956027335538,False,0.0
2020-01-25,100000.0,8432.096675789418,False,0.0
2020-01-26,100000.0,8348.665665079325,False,0.0
2020-01-27,100000.0,8595.728298493115,False,0.0
2020-01-28,100000.0,8879.335548714553,False,0.0
2020-01-29,100000.0,9320.805853868467,False,0.0
2020-01-30,100000.0,9276.893821086494,False,0.0
2020-01-31,100000.0,9509.80513557522,False,0.0
2020-02-01,100000.0,9308.060285564778,False,0.0
2020-02-02,100000.0,9363.22420680057,False,0.0
2020-02-03,100000.0,9338.416631939404,False,0.0
2020-02-04,100000.0,9308.91270229121,False,0.0
2020-02-05,100000.0,9179.95928107711,False,0.0
2020-02-06,100000.0,9592.18387389791,False,0.0
2020-02-07,100000.0,9744.636578159389,False,0.0
2020-02-08,100000.0,9799.448455824684,False,0.0
2020-02-09,100000.0,9890.701658194865,False,0.0
2020-02-10,100000.0,10148.379719131784,False,0.0
2020-02-11,100000.0,9890.121224019967,False,0.0
2020-02-12,100000.0,10226.925769215322,False,0.0
2020-02-13,100000.0,10328.897565836414,False,0.0
2020-02-14,100000.0,10221.260309201634,False,0.0
2020-02-15,100000.0,10320.157140513991,False,0.0
2020-02-16,100000.0,9894.136123789158,False,0.0
2020-02-17,100000.0,9943.673602578743,False,0.0
2020-02-18,100000.0,9723.605026422496,False,0.0
2020-02-19,100000.0,10133.817417084678,False,0.0
2020-02-20,100000.0,9618.409248250406,False,0.0
2020-02-21,100000.0,9608.16918128246,False,0.0
2020-02-22,100000.0,9673.011800270346,False,0.0
2020-02-23,100000.0,9658.606058375472,False,0.0
2020-02-24,100000.0,9946.716123467522,False,0.0
2020-02-25,100000.0,9670.9608064677,False,0.0
2020-02-26,100000.0,9345.342701734848,False,0.0
2020-02-27,100000.0,8801.657129472504,False,0.0
2020-02-28,100000.0,8781.175282202359,False,0.0
2020-02-29,100000.0,8717.331431359424,False,0.0
2020-03-01,100000.0,8552.989118581636,False,0.0
2020-03-02,100000.0,8567.802248679225,False,0.0
2020-03-03,100000.0,8905.876104262194,False,0.0
2020-03-04,100000.0,8756.718576742549,False,0.0
2020-03-05,100000.0,8758.646993191916,False,0.0
2020-03-06,100000.0,9038.870323233425,False,0.0
2020-03-07,100000.0,9135.84506603321,False,0.0
2020-03-08,100000.0,8902.20195010789,False,0.0
2020-03-09,100000.0,8041.365538071835,False,0.0
2020-03-10,100000.0,7921.33200691072,False,0.0
2020-03-11,100000.0,7906.731528510632,False,0.0
2020-03-12,100000.0,7935.522040170545,False,0.0
2020-03-13,100000.0,5142.990459018316,False,0.0
2020-03-14,100000.0,5542.819542373153,False,0.0
2020-03-15,100000.0,5214.189112383918,False,0.0
2020-03-16,100000.0,5397.93335743919,False,0.0
2020-03-17,100000.0,5032.501351487721,False,0.0
2020-03-18,100000.0,5389.41577503409,False,0.0
2020-03-19,100000.0,5376.280747845438,False,0.0
2020-03-20,100000.0,6170.200600237675,False,0.0
2020-03-21,100000.0,6195.603505257629,False,0.0
2020-03-22,100000.0,6145.770891252399,False,0.0
2020-03-23,100000.0,5859.647430299388,False,0.0
2020-03-24,100000.0,6456.347485963419,False,0.0
2020-03-25,100000.0,6730.173782371188,False,0.0
2020-03-26,100000.0,6695.900618397724,False,0.0
2020-03-27,100000.0,6765.56207892991,False,0.0
2020-03-28,100000.0,6397.826328325604,False,0.0
2020-03-29,100000.0,6255.000398693634,False,0.0
2020-03-30,100000.0,5915.337154791903,False,0.0
2020-03-31,100000.0,6403.141235565223,False,0.0
2020-04-01,100000.0,6421.70541388854,False,0.0
2020-04-02,100000.0,6640.797666310131,False,0.0
2020-04-03,100000.0,6807.897017890566,False,0.0
2020-04-04,100000.0,6732.852018394612,False,0.0
2020-04-05,100000.0,6859.424923721944,False,0.0
2020-04-06,100000.0,6788.048272605917,False,0.0
2020-04-07,100000.0,7297.635558289496,False,0.0
2020-04-08,100000.0,7196.782202442051,False,0.0
2020-04-09,100000.0,7342.291601148024,False,0.0
2020-04-10,100000.0,7294.488875121554,False,0.0
2020-04-11,100000.0,6864.694257006497,False,0.0
2020-04-12,100000.0,6878.781212589853,False,0.0
2020-04-13,100000.0,6913.158787469097,False,0.0
2020-04-14,100000.0,6857.538537511484,False,0.0
2020-04-15,100000.0,6860.17853570111,False,0.0
2020-04-16,100000.0,6629.431738031291,False,0.0
2020-04-17,100000.0,7059.92622475854,False,0.0
2020-04-18,100000.0,7035.261503989225,False,0.0
2020-04-19,100000.0,7242.5109294929825,False,0.0
2020-04-20,100000.0,7127.511949689152,False,0.0
2020-04-21,100000.0,6856.456278354705,False,0.0
2020-04-22,100000.0,6842.038597634602,False,0.0
2020-04-23,100000.0,7109.995291181778,False,0.0
2020-04-24,100000.0,7382.793144116689,False,0.0
2020-04-25,100000.0,7495.393587498606,False,0.0
2020-04-26,100000.0,7538.557687279841,False,0.0
2020-04-27,100000.0,7683.867415083342,False,0.0
2020-04-28,100000.0,7774.281554448049,False,0.0
2020-04-29,100000.0,7758.230255185947,False,0.0
2020-04-30,100000.0,8744.430287016561,False,0.0
2020-05-01,100000.0,8610.63580374089,False,0.0
2020-05-02,100000.0,8824.818413551968,False,0.0
2020-05-03,100000.0,8966.307014689282,False,0.0
2020-05-04,100000.0,8888.671912686868,False,0.0
2020-05-05,100000.0,8884.407813577056,False,0.0
2020-05-06,100000.0,9003.240557621584,False,0.0
2020-05-07,100000.0,9144.68703972007,False,0.0
2020-05-08,100000.0,9959.166416261767,False,0.0
2020-05-09,100000.0,9821.81131529702,False,0.0
2020-05-10,100000.0,9566.777187205966,False,0.0
2020-05-11,100000.0,8752.617087745832,False,0.0
2020-05-12,100000.0,8604.75159101983,False,0.0
2020-05-13,100000.0,8788.466749414652,False,0.0
2020-05-14,100000.0,9283.08601265873,False,0.0
2020-05-15,100000.0,9796.494527024528,False,0.0
2020-05-16,100000.0,9309.29535940684,False,0.0
2020-05-17,100000.0,9375.29710843331,False,0.0
2020-05-18,100000.0,9666.32719340344,False,0.0
2020-05-19,100000.0,9708.439858793108,False,0.0
2020-05-20,100000.0,9760.198937162191,False,0.0
2020-05-21,100000.0,9526.50759300584,False,0.0
2020-05-22,100000.0,9059.962506871729,False,0.0
2020-05-23,100000.0,9131.767275081991,False,0.0
2020-05-24,100000.0,9170.361063506129,False,0.0
2020-05-25,100000.0,8731.848525870651,False,0.0
2020-05-26,100000.0,8883.691769863415,False,0.0
2020-05-27,100000.0,8839.130663273247,False,0.0
2020-05-28,100000.0,9174.118563996424,False,0.0
2020-05-29,100000.0,9546.04563503715,False,0.0
2020-05-30,100000.0,9427.120373393418,False,0.0
2020-05-31,100000.0,9662.70587254818,False,0.0
2020-06-01,100000.0,9466.961781429516,False,0.0
2020-06-02,100000.0,10167.93069332851,False,0.0
2020-06-03,100000.0,9515.243858655718,False,0.0
2020-06-04,100000.0,9645.227869360308,False,0.0
2020-06-05,100000.0,9776.20299178848,False,0.0
2020-06-06,100000.0,9636.965527050055,False,0.0
2020-06-07,100000.0,9662.85870900224,False,0.0
2020-06-08,100000.0,9738.603356828591,False,0.0
2020-06-09,100000.0,9773.02951309516,False,0.0
2020-06-10,100000.0,9767.00531665552,False,0.0
2020-06-11,100000.0,9874.898681832236,False,0.0
2020-06-12,100000.0,9325.996856202635,False,0.0
2020-06-13,100000.0,9469.533297509908,False,0.0
2020-06-14,100000.0,9469.473456163696,False,0.0
2020-06-15,100000.0,9345.960907722065,False,0.0
2020-06-16,100000.0,9431.719262201745,False,0.0
2020-06-17,100000.0,9524.92661691022,False,0.0
2020-06-18,100000.0,9463.361414311788,False,0.0
2020-06-19,100000.0,9399.767217129216,False,0.0
2020-06-20,100000.0,9312.780104497786,False,0.0
2020-06-21,100000.0,9360.247968201687,False,0.0
2020-06-22,100000.0,9298.360829121417,False,0.0
2020-06-23,100000.0,9678.683208975835,False,0.0
2020-06-24,100000.0,9624.684291831398,False,0.0
2020-06-25,100000.0,9288.061774486938,False,0.0
2020-06-26,100000.0,9258.667161007706,False,0.0
2020-06-27,100000.0,9166.486360416233,False,0.0
2020-06-28,100000.0,9013.90556467614,False,0.0
2020-06-29,100000.0,9139.903276297824,False,0.0
2020-06-30,100000.0,9185.166540651147,False,0.0
2020-07-01,100000.0,9149.721996758017,False,0.0
2020-07-02,100000.0,9230.672998590804,False,0.0
2020-07-03,100000.0,9094.318072166903,False,0.0
2020-07-04,100000.0,9071.3850427828,False,0.0
2020-07-05,100000.0,9132.908369533492,False,0.0
2020-07-06,100000.0,9087.407312582163,False,0.0
2020-07-07,100000.0,9342.376492626678,False,0.0
2020-07-08,100000.0,9253.630980242331,False,0.0
2020-07-09,100000.0,9432.17251582794,False,0.0
2020-07-10,100000.0,9235.716302064242,False,0.0
2020-07-11,100000.0,9282.913638839902,False,0.0
2020-07-12,100000.0,9234.314674712628,False,0.0
2020-07-13,100000.0,9297.479635872663,False,0.0
2020-07-14,100000.0,9240.76251972468,False,0.0
2020-07-15,100000.0,9247.060695963812,False,0.0
2020-07-16,100000.0,9203.3714351797,False,0.0
2020-07-17,100000.0,9136.483376363976,False,0.0
2020-07-18,100000.0,9156.276583115488,False,0.0
2020-07-19,100000.0,9168.402736564132,False,0.0
2020-07-20,100000.0,9202.615839500108,False,0.0
2020-07-21,100000.0,9163.159654576915,False,0.0
2020-07-22,100000.0,9384.379751903269,False,0.0
2020-07-23,100000.0,9514.304987626969,False,0.0
2020-07-24,100000.0,9589.81771944117,False,0.0
2020-07-25,100000.0,9535.93879573746,False,0.0
2020-07-26,100000.0,9691.825138917147,False,0.0
2020-07-27,100000.0,9925.751397476346,False,0.0
2020-07-28,100000.0,10962.258481207356,False,0.0
2020-07-29,100000.0,10904.916526918994,False,0.0
2020-07-30,100000.0,11093.612240442404,False,0.0
2020-07-31,100000.0,11116.307163685276,False,0.0
2020-08-01,100000.0,11325.5515272739,False,0.0
2020-08-02,100000.0,11812.094307268517,False,0.0
2020-08-03,100000.0,11066.306240590267,False,0.0
2020-08-04,100000.0,11230.907762749295,False,0.0
2020-08-05,100000.0,11181.917508034883,False,0.0
2020-08-06,100000.0,11719.26352395155,False,0.0
2020-08-07,100000.0,11768.127742240007,False,0.0
2020-08-08,100000.0,11571.487980683192,False,0.0
2020-08-09,100000.0,11739.131006414418,False,0.0
2020-08-10,100000.0,11682.85146915494,False,0.0
2020-08-11,100000.0,11862.938012702563,False,0.0
2020-08-12,100000.0,11398.671060896631,False,0.0
2020-08-13,100000.0,11579.867951602137,False,0.0
2020-08-14,100000.0,11817.164038803396,False,0.0
2020-08-15,100000.0,11777.391322489924,False,0.0
2020-08-16,100000.0,11864.905810156475,False,0.0
2020-08-17,100000.0,11901.77648830246,False,0.0
2020-08-18,100000.0,12272.465808160425,False,0.0
2020-08-19,100000.0,11949.610970628191,False,0.0
2020-08-20,100000.0,11733.278970862082,False,0.0
2020-08-21,100000.0,11861.83657727968,False,0.0
2020-08-22,100000.0,11515.124298729215,False,0.0
2020-08-23,100000.0,11676.385305081289,False,0.0
2020-08-24,100000.0,11647.928120934364,False,0.0
2020-08-25,100000.0,11758.828120368864,False,0.0
2020-08-26,100000.0,11350.753473213,False,0.0
2020-08-27,100000.0,11465.002564032086,False,0.0
2020-08-28,100000.0,11300.398363810944,False,0.0
2020-08-29,100000.0,11519.118388160729,False,0.0
2020-08-30,100000.0,11481.481823317012,False,0.0
2020-08-31,100000.0,11701.004008657852,False,0.0
2020-09-01,100000.0,11672.324104943627,False,0.0
2020-09-02,100000.0,11895.225345345636,False,0.0
2020-09-03,100000.0,11418.254756916149,False,0.0
2020-09-04,100000.0,10197.459822768922,False,0.0
2020-09-05,100000.0,10484.470392265588,False,0.0
2020-09-06,100000.0,10177.789718049991,False,0.0
2020-09-07,100000.0,10260.0177277544,False,0.0
2020-09-08,100000.0,10359.44521698998,False,0.0
2020-09-09,100000.0,10125.014956069688,False,0.0
2020-09-10,100000.0,10230.154699360752,False,0.0
2020-09-11,100000.0,10342.15939120568,False,0.0
2020-09-12,100000.0,10378.223044584596,False,0.0
2020-09-13,100000.0,10439.38467226404,False,0.0
2020-09-14,100000.0,10328.866065987391,False,0.0
2020-09-15,100000.0,10661.096235144483,False,0.0
2020-09-16,100000.0,10787.58020807624,False,0.0
2020-09-17,100000.0,10952.2499691071,False,0.0
2020-09-18,100000.0,10937.996396960929,False,0.0
2020-09-19,100000.0,10927.150310293277,False,0.0
2020-09-20,100000.0,11083.99836119821,False,0.0
2020-09-21,100000.0,10923.32666818137,False,0.0
2020-09-22,100000.0,10439.522488792423,False,0.0
2020-09-23,100000.0,10527.58784673943,False,0.0
2020-09-24,100000.0,10223.784106392732,False,0.0
2020-09-25,100000.0,10726.530083321984,False,0.0
2020-09-26,100000.0,10681.9938481137,False,0.0
2020-09-27,100000.0,10743.19287975935,False,0.0
2020-09-28,100000.0,10765.300521660893,False,0.0
2020-09-29,100000.0,10672.02854425897,False,0.0
2020-09-30,100000.0,10837.516586513004,False,0.0
2020-10-01,100000.0,10770.881347466417,False,0.0
2020-10-02,100000.0,10627.97606396318,False,0.0
2020-10-03,100000.0,10572.674843011133,False,0.0
2020-10-04,100000.0,10546.65625537982,False,0.0
2020-10-05,100000.0,10670.700811335208,False,0.0
2020-10-06,100000.0,10784.94940309411,False,0.0
2020-10-07,100000.0,10605.95779130622,False,0.0
2020-10-08,100000.0,10668.011010796896,False,0.0
2020-10-09,100000.0,10888.666546835811,False,0.0
2020-10-10,100000.0,11063.2523862591,False,0.0
2020-10-11,100000.0,11286.541942043945,False,0.0
2020-10-12,100000.0,11377.814876756858,False,0.0
2020-10-13,100000.0,11543.183760771468,False,0.0
2020-10-14,100000.0,11426.105544220429,False,0.0
2020-10-15,100000.0,11435.57243757972,False,0.0
2020-10-16,100000.0,11495.584995733889,False,0.0
2020-10-17,100000.0,11319.097785677624,False,0.0
2020-10-18,100000.0,11365.814131026178,False,0.0
2020-10-19,100000.0,11495.899975689872,False,0.0
2020-10-20,100000.0,11752.146863919786,False,0.0
2020-10-21,100000.0,11908.708923246451,False,0.0
2020-10-22,100000.0,12806.435726727444,False,0.0
2020-10-23,100000.0,12951.044060038126,False,0.0
2020-10-24,100000.0,12928.072296348406,False,0.0
2020-10-25,100000.0,13106.04601925958,False,0.0
2020-10-26,100000.0,13021.410842124118,False,0.0
2020-10-27,100000.0,13060.79221208406,False,0.0
2020-10-28,100000.0,13655.18541588308,False,0.0
2020-10-29,100000.0,13282.999348292438,False,0.0
2020-10-30,100000.0,13441.878496031612,False,0.0
2020-10-31,100000.0,13537.174271524887,False,0.0
2020-11-01,100000.0,13778.637638352931,False,0.0
2020-11-02,100000.0,13720.361465146289,False,0.0
2020-11-03,100000.0,13558.361795524168,False,0.0
2020-11-04,100000.0,13989.976358180447,False,0.0
2020-11-05,100000.0,14101.716050813722,False,0.0
2020-11-06,100000.0,15553.331701081444,False,0.0
2020-11-07,100000.0,15548.312145063144,False,0.0
2020-11-08,100000.0,14818.45891122149,False,0.0
2020-11-09,100000.0,15496.316149147417,False,0.0
2020-11-10,100000.0,15335.342198178862,False,0.0
2020-11-11,100000.0,15278.70965979927,False,0.0
2020-11-12,100000.0,15686.905986213233,False,0.0
2020-11-13,100000.0,16265.149252483356,False,0.0
2020-11-14,100000.0,16326.81487507908,False,0.0
2020-11-15,100000.0,16095.561510630652,False,0.0
2020-11-16,100000.0,15984.673784156614,False,0.0
2020-11-17,100000.0,16714.40386322188,False,0.0
2020-11-18,100000.0,17651.82042768171,False,0.0
2020-11-19,100000.0,17829.934958345126,False,0.0
2020-11-20,100000.0,17819.75743096837,False,0.0
2020-11-21,100000.0,18628.8134890362,False,0.0
2020-11-22,100000.0,18689.52865582585,False,0.0
2020-11-23,100000.0,18390.61184379203,False,0.0
2020-11-24,100000.0,18360.693300385865,False,0.0
2020-11-25,100000.0,19091.524181728702,False,0.0
2020-11-26,100000.0,18753.288921684914,False,0.0
2020-11-27,100000.0,17138.029512395206,False,0.0
2020-11-28,100000.0,17140.27555252362,False,0.0
2020-11-29,100000.0,17718.972832629497,False,0.0
2020-11-30,100000.0,18169.95420978285,False,0.0
2020-12-01,100000.0,19609.52143957559,False,0.0
2020-12-02,100000.0,18857.417371118165,False,0.0
2020-12-03,100000.0,19208.398191994624,False,0.0
2020-12-04,100000.0,19435.20484740911,False,0.0
2020-12-05,100000.0,18711.226549886927,False,0.0
2020-12-06,100000.0,19139.111575237486,False,0.0
2020-12-07,100000.0,19325.55411859109,False,0.0
2020-12-08,100000.0,19198.806493935343,False,0.0
2020-12-09,100000.0,18336.514581297808,False,0.0
2020-12-10,100000.0,18564.986455688137,False,0.0
2020-12-11,100000.0,18262.058384653155,False,0.0
2020-12-12,100000.0,18058.027339569555,False,0.0
2020-12-13,100000.0,18807.09540322016,False,0.0
2020-12-14,100000.0,19151.13442340493,False,0.0
2020-12-15,100000.0,19259.97047153096,False,0.0
2020-12-16,100000.0,19432.362456862407,False,0.0
2020-12-17,100000.0,21317.66213678684,False,0.0
2020-12-18,100000.0,22805.65580598891,False,0.0
2020-12-19,100000.0,23120.57055156752,False,0.0
2020-12-20,100000.0,23863.85484171969,False,0.0
2020-12-21,100000.0,23518.31842054723,False,0.0
2020-12-22,100000.0,22840.991707188357,False,0.0
2020-12-23,100000.0,23794.79330262859,False,0.0
2020-12-24,100000.0,23308.12723217715,False,0.0
2020-12-25,100000.0,23760.28704854296,False,0.0
2020-12-26,100000.0,24671.10771441541,False,0.0
2020-12-27,100000.0,26476.13013701949,False,0.0
2020-12-28,100000.0,26423.22879190229,False,0.0
2020-12-29,100000.0,27125.384120651503,False,0.0
2020-12-30,100000.0,27424.538954606684,False,0.0
2020-12-31,100000.0,28837.28852895899,False,0.0
2021-01-01,100000.0,29022.41839530417,False,0.0
2021-01-02,100000.0,29352.12679194895,False,0.0
2021-01-03,100000.0,32163.82493533521,False,0.0
2021-01-04,100000.0,33008.226203489285,False,0.0
2021-01-05,100000.0,31515.575966658354,False,0.0
2021-01-06,100000.0,34082.20604904424,False,0.0
2021-01-07,100000.0,36933.520137309126,False,0.0
2021-01-08,100000.0,39547.08408135567,False,0.0
2021-01-09,100000.0,40815.96185478254,False,0.0
2021-01-10,100000.0,40296.5290038294,False,0.0
2021-01-11,100000.0,38397.895985418174,False,0.0
2021-01-12,100000.0,35669.90668663349,False,0.0
2021-01-13,100000.0,33938.33587810088,False,0.0
2021-01-14,100000.0,37456.00772548642,False,0.0
2021-01-15,100000.0,39232.74997140346,False,0.0
2021-01-16,100000.0,36787.52121668496,False,0.0
2021-01-17,100000.0,36254.713079410845,False,0.0
2021-01-18,100000.0,35804.263885674685,False,0.0
2021-01-19,100000.0,36595.4647692826,False,0.0
2021-01-20,100000.0,36104.86385775514,False,0.0
2021-01-21,100000.0,35587.489202735545,False,0.0
2021-01-22,100000.0,30913.695736053804,False,0.0
2021-01-23,100000.0,32957.908782655926,False,0.0
2021-01-24,100000.0,32068.08737440817,False,0.0
2021-01-25,100000.0,32273.51735032927,False,0.0
2021-01-26,100000.0,32375.320062981456,False,0.0
2021-01-27,100000.0,32582.10944502123,False,0.0
2021-01-28,100000.0,30445.52586511351,False,0.0
2021-01-29,100000.0,33128.34752861149,False,0.0
2021-01-30,100000.0,34150.81876737221,False,0.0
2021-01-31,100000.0,34199.51981036302,False,0.0
2021-02-01,100000.0,33064.78676701507,False,0.0
2021-02-02,100000.0,33405.99035714327,False,0.0
2021-02-03,100000.0,35485.98593382442,False,0.0
2021-02-04,100000.0,37494.71762460426,False,0.0
2021-02-05,100000.0,36816.50808203406,False,0.0
2021-02-06,100000.0,38007.83222908396,False,0.0
2021-02-07,100000.0,39279.41286897885,False,0.0
2021-02-08,100000.0,38833.34026455532,False,0.0
2021-02-09,100000.0,46307.57412159395,False,0.0
2021-02-10,100000.0,46569.56483,False,0.0
2021-02-11,100000.0,44848.69344950499,False,0.0
2021-02-12,100000.0,47815.96175554316,False,0.0
2021-02-13,100000.0,47414.1862550079,False,0.0
2021-02-14,100000.0,46941.29208582354,False,0.0
2021-02-15,100000.0,48607.8745224845,False,0.0
2021-02-16,100000.0,47898.487027633135,False,0.0
2021-02-17,100000.0,49238.13690672487,False,0.0
2021-02-18,100000.0,52143.6788446198,False,0.0
2021-02-19,100000.0,51733.075539032034,False,0.0
2021-02-20,100000.0,56038.72775892988,False,0.0
2021-02-21,100000.0,56377.63347790987,False,0.0
2021-02-22,100000.0,57669.3035269179,False,0.0
2021-02-23,100000.0,54410.85629451601,False,0.0
2021-02-24,100000.0,48691.894831704405,False,0.0
2021-02-25,100000.0,49849.37871358314,False,0.0
2021-02-26,100000.0,46992.665450048495,False,0.0
2021-02-27,100000.0,46551.48747675472,False,0.0
2021-02-28,100000.0,46653.52639939581,False,0.0
2021-03-01,100000.0,44970.163459946736,False,0.0
2021-03-02,100000.0,49787.33995949672,False,0.0
2021-03-03,100000.0,48532.23678981703,False,0.0
2021-03-04,100000.0,50577.45746915202,False,0.0
2021-03-05,100000.0,48727.45120080115,False,0.0
2021-03-06,100000.0,49091.81488232977,False,0.0
2021-03-07,100000.0,49019.36859236582,False,0.0
2021-03-08,100000.0,51313.09262027362,False,0.0
2021-03-09,100000.0,52328.5359126325,False,0.0
2021-03-10,100000.0,54700.27343927744,False,0.0
2021-03-11,100000.0,56020.4877195857,False,0.0
2021-03-12,100000.0,57788.86810329514,False,0.0
2021-03-13,100000.0,57353.86147197248,False,0.0
2021-03-14,100000.0,61315.197932766816,False,0.0
2021-03-15,100000.0,59428.96756602776,False,0.0
2021-03-16,100000.0,55805.32924923426,False,0.0
2021-03-17,100000.0,56830.253335076224,False,0.0
2021-03-18,100000.0,59014.92563205099,False,0.0
2021-03-19,100000.0,57922.40959262911,False,0.0
2021-03-20,100000.0,58243.27060892363,False,0.0
2021-03-21,100000.0,58376.15847137206,False,0.0
2021-03-22,100000.0,57573.539344778685,False,0.0
2021-03-23,100000.0,54370.13755789519,False,0.0
2021-03-24,100000.0,54584.86994699455,False,0.0
2021-03-25,100000.0,52526.86659704657,False,0.0
2021-03-26,100000.0,51416.90830498005,False,0.0
2021-03-27,100000.0,55033.10048044704,False,0.0
2021-03-28,100000.0,55832.41810961832,False,0.0
2021-03-29,100000.0,55728.10132780653,False,0.0
2021-03-30,100000.0,57634.92869447539,False,0.0
2021-03-31,100000.0,58668.628336761,False,0.0
2021-04-01,100000.0,58817.3738884188,False,0.0
2021-04-02,100000.0,58801.194843878126,False,0.0
2021-04-03,100000.0,59060.02678333801,False,0.0
2021-04-04,100000.0,57060.40665471088,False,0.0
2021-04-05,100000.0,58228.8026234662,False,0.0
2021-04-06,100000.0,58706.81559311396,False,0.0
2021-04-07,100000.0,58062.17872433649,False,0.0
2021-04-08,100000.0,56134.41738866435,False,0.0
2021-04-09,100000.0,58065.64402481532,False,0.0
2021-04-10,100000.0,58152.99326214184,False,0.0
2021-04-11,100000.0,59979.39281571831,False,0.0
2021-04-12,100000.0,59988.02095852983,False,0.0
2021-04-13,100000.0,59911.02059484732,False,0.0
2021-04-14,100000.0,63576.67604104828,False,0.0
2021-04-15,100000.0,62807.12323259299,False,0.0
2021-04-16,100000.0,63179.772446084695,False,0.0
2021-04-17,100000.0,61497.2995694412,False,0.0
2021-04-18,100000.0,60273.86667694734,False,0.0
2021-04-19,100000.0,56288.94534001195,False,0.0
2021-04-20,100000.0,55721.166052695626,False,0.0
2021-04-21,100000.0,56294.728558586925,False,0.0
2021-04-22,100000.0,54190.07026283405,False,0.0
2021-04-23,100000.0,51965.5664304852,False,0.0
2021-04-24,100000.0,51191.1246964079,False,0.0
2021-04-25,100000.0,50133.1073963654,False,0.0
2021-04-26,100000.0,48981.4413932161,False,0.0
2021-04-27,100000.0,53978.80554728962,False,0.0
2021-04-28,100000.0,54991.81484262107,False,0.0
2021-04-29,100000.0,54810.6138506792,False,0.0
2021-04-30,100000.0,53596.70402266675,False,0.0
2021-05-01,100000.0,57828.511814425874,False,0.0
2021-05-02,100000.0,57812.96915967891,False,0.0
2021-05-03,100000.0,56600.74528738432,False,0.0
2021-05-04,100000.0,57200.30029871162,False,0.0
2021-05-05,100000.0,53464.37021950372,False,0.0
2021-05-06,100000.0,57432.100227087576,False,0.0
2021-05-07,100000.0,56507.7594398696,False,0.0
2021-05-08,100000.0,57361.56904328887,False,0.0
2021-05-09,100000.0,58771.88168950936,False,0.0
2021-05-10,100000.0,58213.92629374439,False,0.0
2021-05-11,100000.0,55901.66759456145,False,0.0
2021-05-12,100000.0,56928.97235660158,False,0.0
2021-05-13,100000.0,50004.76218313686,False,0.0
2021-05-14,100000.0,49972.79539837245,False,0.0
2021-05-15,100000.0,49913.26314398822,False,0.0
2021-05-16,99988.58,46780.90230468821,True,0.01
2021-05-17,100036.55,46585.06413538846,True,-0.04
2021-05-18,100770.54,43780.82559782485,True,-0.77
2021-05-19,100965.72,43091.04144756922,True,-0.97
2021-05-20,102893.94,37287.39140242737,True,-2.89
2021-05-21,101778.59,40437.73009625558,True,-1.78
2021-05-22,102873.91,37339.63420134628,True,-2.87
2021-05-23,102805.06,37520.31767547438,True,-2.81
2021-05-24,103839.39,34977.527801962424,True,-3.84
2021-05-25,102391.91,38642.4422973396,True,-2.39
2021-05-26,102547.96,38210.80521759389,True,-2.55
2021-05-27,102123.9,39406.934244116186,True,-2.12
2021-05-28,102391.74,38642.89555434217,True,-2.39
2021-05-29,103526.25,35710.220936529884,True,-3.53
2021-05-30,103928.24,34775.07941347281,True,-3.93
2021-05-31,103524.35,35714.75202018067,True,-3.52
2021-06-01,102873.51,37340.6792659422,True,-2.87
2021-06-02,103130.99,36680.06820180283,True,-3.13
2021-06-03,102742.62,37685.71798174826,True,-2.74
2021-06-04,102212.35,39151.31618380032,True,-2.21
2021-06-05,103029.08,36938.72031139185,True,-3.03
2021-06-06,103594.89,35546.98596483364,True,-3.59
2021-06-07,103474.41,35834.4744744042,True,-3.47
2021-06-08,104535.69,33451.38340714534,True,-4.54
2021-06-09,104485.39,33557.15068309184,True,-4.49
2021-06-10,102792.44,37553.64375851888,True,-2.79
2021-06-11,103042.95,36903.304906778896,True,-3.04
2021-06-12,102893.16,37289.43252210222,True,-2.89
2021-06-13,103544.72,35666.14977877309,True,-3.54
2021-06-14,101971.41,39147.70567879997,False,0.0
2021-06-15,101971.41,40624.51305316154,False,0.0
2021-06-16,101971.41,40378.20254971114,False,0.0
2021-06-17,101971.41,38321.454656574206,False,0.0
2021-06-18,101971.41,38193.61914194397,False,0.0
2021-06-19,101971.41,35881.11137137543,False,0.0
2021-06-20,101971.41,35581.64226773201,False,0.0
2021-06-21,101971.41,35787.07740523232,False,0.0
2021-06-22,101971.41,31711.93546772701,False,0.0
2021-06-23,101971.41,32507.738707026845,False,0.0
2021-06-24,101971.41,33702.61779371396,False,0.0
2021-06-25,101971.41,34675.44910530336,False,0.0
2021-06-26,101971.41,31943.136467863093,False,0.0
2021-06-27,101971.41,32023.97390177492,False,0.0
2021-06-28,101971.41,34607.293274083386,False,0.0
2021-06-29,101971.41,34556.8421269449,False,0.0
2021-06-30,101971.41,35968.993667970346,False,0.0
2021-07-01,101971.41,35171.486304850056,False,0.0
2021-07-02,101971.41,33677.566235922626,False,0.0
2021-07-03,101971.41,33950.786555181,False,0.0
2021-07-04,101971.41,34729.89077801021,False,0.0
2021-07-05,101971.41,35394.213074080915,False,0.0
2021-07-06,101971.41,33928.13421837147,False,0.0
2021-07-07,101971.41,34149.98981477412,False,0.0
2021-07-08,101971.41,33932.25463831538,False,0.0
2021-07-09,101971.41,32933.578199292395,False,0.0
2021-07-10,101971.41,33971.29774975796,False,0.0
2021-07-11,101971.41,33704.53847440508,False,0.0
2021-07-12,101971.41,34299.938016517444,False,0.0
2021-07-13,101971.41,33262.6543524462,False,0.0
2021-07-14,101971.41,32676.38380096018,False,0.0
2021-07-15,101971.41,32878.50187357147,False,0.0
2021-07-16,101971.41,31726.038833909817,False,0.0
2021-07-17,101971.41,31399.653128682126,False,0.0
2021-07-18,101971.41,31588.6713510167,False,0.0
2021-07-19,101971.41,31919.393922554555,False,0.0
2021-07-20,101971.41,30928.211908849244,False,0.0
2021-07-21,101971.41,29971.903783612062,False,0.0
2021-07-22,101971.41,32383.78112696872,False,0.0
2021-07-23,101971.41,32409.499767175417,False,0.0
2021-07-24,101971.41,33455.55127272261,False,0.0
2021-07-25,101971.41,34213.59993217662,False,0.0
2021-07-26,101971.41,35456.12466076684,False,0.0
2021-07-27,101971.41,37281.91809217662,False,0.0
2021-07-28,101971.41,39076.59377063225,False,0.0
2021-07-29,101971.41,40031.19824444798,False,0.0
2021-07-30,101971.41,39977.75693922764,False,0.0
2021-07-31,101971.41,41936.261478677225,False,0.0
2021-08-01,101971.41,41754.16660435275,False,0.0
2021-08-02,101971.41,39914.82975848789,False,0.0
2021-08-03,101935.69,39278.76650810368,True,0.04
2021-08-04,101107.84,38368.35401197897,True,0.85
2021-08-05,102365.63,39751.58457509862,True,-0.39
2021-08-06,103342.06,40825.3819404497,True,-1.34
2021-08-07,105139.56,42802.13717474142,True,-3.11
2021-08-08,106817.65,44647.57760300116,True,-4.75
2021-08-09,106004.4,43753.21786264632,True,-3.96
2021-08-10,108330.24,46311.00189857689,True,-6.24
2021-08-11,107719.64,45639.51401890709,True,-5.64
2021-08-12,107731.05,45652.06012506926,True,-5.65
2021-08-13,106679.1,44495.20979327958,True,-4.62
2021-08-14,109608.99,47717.27052766495,True,-7.49
2021-08-15,109037.55,47088.85313451467,True,-6.93
2021-08-16,108979.49,47025.00323011282,True,-6.87
2021-08-17,108076.32,46031.75754362583,True,-5.99
2021-08-18,106714.79,44534.45485421991,True,-4.65
2021-08-19,107152.18,45015.46554608543,True,-5.08
2021-08-20,108724.91,46745.03462296988,True,-6.62
2021-08-21,110953.51,49195.87860189616,True,-8.81
2021-08-22,110715.1,48933.68915131164,True,-8.57
2021-08-23,111003.22,49250.54486971799,True,-8.86
2021-08-24,111246.95,49518.57748790696,True,-9.1
2021-08-25,109812.07,47940.6079149608,True,-7.69
2021-08-26,110777.85,49002.70376627545,True,-8.64
2021-08-27,109165.06,47229.070650876114,True,-7.05
2021-08-28,110850.96,49083.10330586219,True,-8.71
2021-08-29,110717.69,48936.53725414221,True,-8.58
2021-08-30,110691.08,48907.27073106221,True,-8.55
2021-08-31,109069.74,47124.25422469402,True,-6.96
2021-09-01,109261.76,47335.42029920565,True,-7.15
2021-09-02,110614.5,48823.05520964915,True,-8.48
2021-09-03,111083.46,49338.78465183332,True,-8.94
2021-09-04,111625.18,49934.5282762881,True,-9.47
2021-09-05,111696.56,50013.02994694588,True,-9.54
2021-09-06,113227.11,51696.206431317885,True,-11.04
2021-09-07,114176.07,52739.80016634552,True,-11.97
2021-09-08,109663.99,46995.16417095979,False,0.0
2021-09-09,109663.99,46085.02861578186,False,0.0
2021-09-10,109663.99,46518.94118660236,False,0.0
2021-09-11,109663.99,44802.60640249699,False,0.0
2021-09-12,109663.99,45196.488277558245,False,0.0
2021-09-13,109663.99,46195.21830082935,False,0.0
2021-09-14,109663.99,45139.83396873267,False,0.0
2021-09-15,109663.99,47135.43199562694,False,0.0
2021-09-16,109663.99,48186.53275704722,False,0.0
2021-09-17,109663.99,47879.47343992101,False,0.0
2021-09-18,109663.99,47228.65821623257,False,0.0
2021-09-19,109663.99,48266.62707279063,False,0.0
2021-09-20,109663.99,47371.03933236471,False,0.0
2021-09-21,109663.99,42932.94659595412,False,0.0
2021-09-22,109663.99,40386.62363528928,False,0.0
2021-09-23,109663.99,43587.22305058473,False,0.0
2021-09-24,109663.99,44980.898214810935,False,0.0
2021-09-25,109663.99,42752.1681545072,False,0.0
2021-09-26,109663.99,42856.85516422452,False,0.0
2021-09-27,109663.99,43336.86123324274,False,0.0
2021-09-28,109663.99,42247.35572900636,False,0.0
2021-09-29,109649.07,41010.37519836549,True,0.01
2021-09-30,109442.21,41587.66786232295,True,0.2
2021-10-01,108681.1,43859.32614724109,True,0.9
2021-10-02,107974.02,48181.87627260008,False,1.54
2021-10-03,107942.48,47777.762019063,True,1.57
2021-10-04,108275.9,48282.97113857447,True,1.27
2021-10-05,108920.85,49260.23232113069,True,0.68
2021-10-06,110510.52,51668.99422435564,True,-0.77
2021-10-07,112982.71,55415.00574202895,True,-3.03
2021-10-08,111979.31,53894.59599452107,True,-2.11
2021-10-09,112056.09,54010.93747374405,True,-2.18
2021-10-10,112791.63,55125.46033768045,True,-2.85
2021-10-11,112518.68,54711.86959664297,True,-2.6
2021-10-12,114406.57,57572.51085559653,True,-4.32
2021-10-13,113589.89,56335.035460511535,True,-3.58
2021-10-14,114350.79,57487.9858804222,True,-4.27
2021-10-15,114327.32,57452.43178503547,True,-4.25
2021-10-16,117202.47,61809.02394427028,True,-6.87
2021-10-17,116777.87,61165.63564211521,True,-6.49
2021-10-18,117053.82,61583.77443961336,True,-6.74
2021-10-19,117340.37,62017.972725178704,True,-7.0
2021-10-20,118990.04,64517.64856042277,True,-8.5
2021-10-21,120125.07,66237.51755029388,True,-9.54
2021-10-22,117685.6,62541.08693293518,True,-7.31
2021-10-23,115999.36,61029.27093182092,False,0.0
2021-10-24,115999.36,61572.14043422243,False,0.0
2021-10-25,115999.36,61173.1663907232,False,0.0
2021-10-26,115999.36,63228.21382584213,False,0.0
2021-10-27,115999.36,60604.18888794746,False,0.0
2021-10-28,115999.36,58641.00147419492,False,0.0
2021-10-29,115999.36,60767.55585206728,False,0.0
2021-10-30,115999.36,62283.19805587354,False,0.0
2021-10-31,115999.36,61837.257002978935,False,0.0
2021-11-01,115999.36,61471.86846276259,False,0.0
2021-11-02,115999.36,61121.83120106507,False,0.0
2021-11-03,115999.36,63247.20896127831,False,0.0
2021-11-04,115999.36,63130.94235171542,False,0.0
2021-11-05,115999.36,61601.74357204975,False,0.0
2021-11-06,115999.36,61247.38494217787,False,0.0
2021-11-07,115999.36,61661.35866372036,False,0.0
2021-11-08,115999.36,63153.230193019495,False,0.0
2021-11-09,115999.36,67617.0155448617,False,0.0
2021-11-10,115999.36,67145.37493537061,False,0.0
2021-11-11,115999.36,65061.05440696283,False,0.0
2021-11-12,115999.36,65005.64515956679,False,0.0
2021-11-13,115999.36,64432.04794734522,False,0.0
2021-11-14,115999.36,64660.33535267343,False,0.0
2021-11-15,115999.36,65648.97779110243,False,0.0
2021-11-16,115999.36,63933.83544259933,False,0.0
2021-11-17,115999.36,60448.56251258625,False,0.0
2021-11-18,115999.36,60603.65586738653,False,0.0
2021-11-19,115999.36,56987.32233855049,False,0.0
2021-11-20,115999.36,58459.25551667463,False,0.0
2021-11-21,115999.36,60082.91166841709,False,0.0
2021-11-22,115999.36,59139.77927952717,False,0.0
2021-11-23,115999.36,56386.85685315215,False,0.0
2021-11-24,115999.36,57748.79317378856,False,0.0
2021-11-25,115999.36,57198.18384629529,False,0.0
2021-11-26,115999.36,58897.84698299794,False,0.0
2021-11-27,115999.36,53827.79286503472,False,0.0
2021-11-28,115999.36,54533.40388242691,False,0.0
2021-11-29,115999.36,57237.66113709043,False,0.0
2021-11-30,115999.36,57848.77353712989,False,0.0
2021-12-01,115999.36,57011.28047424234,False,0.0
2021-12-02,115999.36,57169.37199381056,False,0.0
2021-12-03,115999.36,56508.26805402271,False,0.0
2021-12-04,115999.36,53785.96717237922,False,0.0
2021-12-05,115983.89,49161.99070957517,True,0.01
2021-12-06,115950.49,49268.46989053938,True,0.04
2021-12-07,115585.85,50461.57683653979,True,0.36
2021-12-08,115530.52,50647.66340635755,True,0.4
2021-12-09,115565.32,50530.4580645934,True,0.37
2021-12-10,116395.77,47885.87198941706,True,-0.34
2021-12-11,116591.1,47303.56415217411,True,-0.51
2021-12-12,115958.68,49242.30232407148,True,0.04
2021-12-13,115709.34,50051.078348674855,True,0.25
2021-12-14,116799.98,46696.30469946678,True,-0.69
2021-12-15,116223.79,48410.564656309325,True,-0.19
2021-12-16,116054.99,48936.86258244155,True,-0.05
2021-12-17,116459.42,47694.53050225176,True,-0.4
2021-12-18,116929.1,46328.6963654447,True,-0.8
2021-12-19,116705.15,46970.057050727024,True,-0.61
2021-12-20,116761.49,46807.04861642627,True,-0.66
2021-12-21,116654.7,47117.008204210455,True,-0.56
2021-12-22,115989.16,49145.21725849885,True,0.01
2021-12-23,116112.62,48755.89564404483,True,-0.1
2021-12-24,115247.61,50900.61494951601,False,0.65
2021-12-25,115247.61,50888.72103678683,False,0.65
2021-12-26,115247.61,50663.48710213215,False,0.65
2021-12-27,115247.61,50852.860259540656,False,0.65
2021-12-28,115247.61,50774.067814743,False,0.65
2021-12-29,115247.61,47725.14804631933,False,0.65
2021-12-30,115247.61,46506.99464767938,False,0.65
2021-12-31,115247.61,47191.86838983951,False,0.65
2022-01-01,115247.61,46319.65108805251,False,0.65
2022-01-02,115247.61,47816.07767640849,False,0.65
2022-01-03,115247.61,47387.212167697246,False,0.65
2022-01-04,115247.61,46531.140860530526,False,0.65
2022-01-05,115247.61,45938.02427172366,False,0.65
2022-01-06,115247.61,43647.14750806805,False,0.65
2022-01-07,115247.61,43216.45867693359,False,0.65
2022-01-08,115247.61,41527.197042644846,False,0.65
2022-01-09,115247.61,41756.66232397826,False,0.65
2022-01-10,115247.61,41862.3609856517,False,0.65
2022-01-11,115247.61,41869.85905559219,False,0.65
2022-01-12,115247.61,42777.21102048236,False,0.65
2022-01-13,115247.61,43981.87732717414,False,0.65
2022-01-14,115247.61,42608.41001195019,False,0.65
2022-01-15,115247.61,43120.85451108056,False,0.65
2022-01-16,115247.61,43226.65026980921,False,0.65
2022-01-17,115247.61,43119.79214308028,False,0.65
2022-01-18,115247.61,42298.341116872325,False,0.65
2022-01-19,115247.61,42395.45879157343,False,0.65
2022-01-20,115247.61,41749.55143098559,False,0.65
2022-01-21,115247.61,40707.6824143097,False,0.65
2022-01-22,115247.61,36508.79978983082,False,0.65
2022-01-23,115247.61,35180.435462830384,False,0.65
2022-01-24,115247.61,36306.409440464704,False,0.65
2022-01-25,115247.61,36774.00714224005,False,0.65
2022-01-26,115247.61,36988.92851066736,False,0.65
2022-01-27,115247.61,36870.440166931,False,0.65
2022-01-28,115247.61,37276.839558174994,False,0.65
2022-01-29,115247.61,37852.57902803263,False,0.65
2022-01-30,115247.61,38232.17873217708,False,0.65
2022-01-31,115247.61,37983.151499406464,False,0.65
2022-02-01,115247.61,38555.53446121157,False,0.65
2022-02-02,115247.61,38835.69494322237,False,0.65
2022-02-03,115247.61,37000.98249864199,False,0.65
2022-02-04,115247.61,37101.351593780935,False,0.65
2022-02-05,115247.61,41673.8395543094,False,0.65
2022-02-06,115247.61,41493.690050910525,False,0.65
2022-02-07,115247.61,42475.543220951215,False,0.65
2022-02-08,115247.61,43910.92998644309,False,0.65
2022-02-09,115247.61,44184.447511676175,False,0.65
2022-02-10,115247.61,44383.88805541707,False,0.65
2022-02-11,115247.61,43628.13953235228,False,0.65
2022-02-12,115247.61,42445.38876793804,False,0.65
2022-02-13,115247.61,42254.738123237206,False,0.65
2022-02-14,115247.61,42247.83595326771,False,0.65
2022-02-15,115247.61,42634.573783663065,False,0.65
2022-02-16,115247.61,44574.32057099816,False,0.65
2022-02-17,115247.61,44063.28198279571,False,0.65
2022-02-18,115247.61,40562.98694982819,False,0.65
2022-02-19,115247.61,40073.495362369824,False,0.65
2022-02-20,115247.61,40192.75912143141,False,0.65
2022-02-21,115247.61,38514.00853622455,False,0.65
2022-02-22,115247.61,37059.97940228752,False,0.65
2022-02-23,115247.61,38337.2038554348,False,0.65
2022-02-24,115247.61,37372.2926803477,False,0.65
2022-02-25,115247.61,38363.345488570165,False,0.65
2022-02-26,115247.61,39316.16207578596,False,0.65
2022-02-27,115247.61,39090.202153609054,False,0.65
2022-02-28,115247.61,37803.59016044929,False,0.65
2022-03-01,115247.61,43225.40467743573,False,0.65
2022-03-02,115247.61,44459.59162774341,False,0.65
2022-03-03,115247.61,43980.707382090906,False,0.65
2022-03-04,115247.61,42491.97839335905,False,0.65
2022-03-05,115247.61,39200.29973557414,False,0.65
2022-03-06,115247.61,39463.14681149058,False,0.65
2022-03-07,115247.61,38442.99174588676,False,0.65
2022-03-08,115247.61,38076.49382252028,False,0.65
2022-03-09,115247.61,38732.93701302586,False,0.65
2022-03-10,115247.61,41986.03444607623,False,0.65
2022-03-11,115247.61,39468.35477300189,False,0.65
2022-03-12,115247.61,38775.17558840679,False,0.65
2022-03-13,115247.61,38903.69354800599,False,0.65
2022-03-14,115247.61,37852.52514106289,False,0.65
2022-03-15,115247.61,39669.423812004505,False,0.65
2022-03-16,115247.61,39331.84654059453,False,0.65
2022-03-17,115247.61,41165.63506140341,False,0.65
2022-03-18,115247.61,41001.70957801974,False,0.65
2022-03-19,115247.61,41837.41313797566,False,0.65
2022-03-20,115247.61,42201.939920688186,False,0.65
2022-03-21,115247.61,41283.25900104565,False,0.65
2022-03-22,115247.61,41061.81589384987,False,0.65
2022-03-23,115247.61,42401.89559748944,False,0.65
2022-03-24,115247.61,42802.15471016985,False,0.65
2022-03-25,115247.61,43936.09623454058,False,0.65
2022-03-26,115209.26,44331.77795706412,True,0.68
2022-03-27,115364.17,44510.84421762133,True,0.55
2022-03-28,117271.11,46715.1176185105,True,-1.1
2022-03-29,117513.13,46994.879118357465,True,-1.3
2022-03-30,117914.87,47459.261237539096,True,-1.65
2022-03-31,117572.38,47063.36584996355,True,-1.36
2022-04-01,116244.47,45528.40715313835,True,-0.21
2022-04-02,116886.2,46270.20070585378,True,-0.76
2022-04-03,116515.89,45842.14476317382,True,-0.45
2022-04-04,117028.4,46434.562982661664,True,-0.89
2022-04-05,117191.1,46622.63571309101,True,-1.03
2022-04-06,116337.08,45635.45438126673,True,-0.29
2022-04-07,114556.89,43198.77526936491,False,1.24
2022-04-08,114556.89,43515.15032279806,False,1.24
2022-04-09,114556.89,42315.70972421807,False,1.24
2022-04-10,114556.89,42796.39747810973,False,1.24
2022-04-11,114556.89,42274.907370256085,False,1.24
2022-04-12,114556.89,39603.96515928416,False,1.24
2022-04-13,114556.89,40205.67794073206,False,1.24
2022-04-14,114556.89,41205.16871904067,False,1.24
2022-04-15,114556.89,39959.457069033735,False,1.24
2022-04-16,114556.89,40586.59730938673,False,1.24
2022-04-17,114534.33,40450.37930543977,True,1.26
2022-04-18,114937.74,39739.11925622209,True,0.92
2022-04-19,114322.84,40833.5379650337,True,1.45
2022-04-20,113965.27,41498.12244669832,True,1.75
2022-04-21,114018.82,41397.220477279625,True,1.71
2022-04-22,114490.86,40528.54148675958,True,1.3
2022-04-23,114927.51,39756.848993471016,True,0.92
2022-04-24,115040.58,39561.78019075613,True,0.83
2022-04-25,115094.72,39469.04986198146,True,0.78
2022-04-26,114512.9,40488.877917622376,True,1.28
2022-04-27,115903.28,38134.21545068938,True,0.08
2022-04-28,115230.77,39237.94931747103,True,0.66
2022-04-29,114936.21,39741.76664580964,True,0.92
2022-04-30,115583.89,38650.55013809267,True,0.36
2022-05-01,116101.52,37820.61176529208,True,-0.09
2022-05-02,115652.99,38537.65476669535,True,0.3
2022-05-03,115638.33,38561.56539902362,True,0.31
2022-05-04,116141.18,37758.496107734,True,-0.12
2022-05-05,114960.91,39699.02404125388,True,0.9
2022-05-06,116897.14,36612.22954880304,True,-0.77
2022-05-07,117239.01,36116.394294982965,True,-1.07
2022-05-08,117624.39,35573.31019883488,True,-1.4
2022-05-09,118755.0,34070.31219757961,True,-2.38
2022-05-10,122115.0,30269.58695662948,True,-5.27
2022-05-11,121379.8,31026.93386836242,True,-4.64
2022-05-12,123527.66,28913.48836365432,True,-6.49
2022-05-13,123297.47,29126.11597686014,True,-6.29
2022-05-14,123100.32,29310.728959858257,True,-6.12
2022-05-15,122195.07,30189.333177005963,True,-5.34
2022-05-16,121105.49,31319.30911113,True,-4.4
2022-05-17,122463.24,29923.606993639707,True,-5.57
2022-05-18,121885.31,30502.19328027689,True,-5.07
2022-05-19,123682.51,28772.200501112577,True,-6.62
2022-05-20,122003.16,30382.40624219559,True,-5.18
2022-05-21,123157.64,29256.81337441625,True,-6.17
2022-05-22,122909.65,29491.5079477606,True,-5.96
2022-05-23,122034.16,30351.050417138096,True,-5.2
2022-05-24,123257.7,29163.167775739188,True,-6.26
2022-05-25,122739.19,29655.02613175249,True,-5.81
2022-05-26,122812.01,29584.949851985926,True,-5.87
2022-05-27,123062.1,29346.781442431617,True,-6.09
2022-05-28,123821.38,28646.65218193245,True,-6.74
2022-05-29,123338.23,29088.236452817226,True,-6.33
2022-05-30,122908.6,29492.50321495364,True,-5.96
2022-05-31,120301.95,31740.94072516695,False,0.0
2022-06-01,120301.95,31865.749621173167,False,0.0
2022-06-02,120301.95,29833.45033020525,False,0.0
2022-06-03,120301.95,30481.013996026013,False,0.0
2022-06-04,120301.95,29714.143487149733,False,0.0
2022-06-05,120301.95,29872.3603087139,False,0.0
2022-06-06,120301.95,29917.7640524562,False,0.0
2022-06-07,120301.95,31372.5847629755,False,0.0
2022-06-08,120301.95,31265.469277693348,False,0.0
2022-06-09,120301.95,30229.236836130374,False,0.0
2022-06-10,120301.95,30101.187521431468,False,0.0
2022-06-11,120301.95,29101.2982596468,False,0.0
2022-06-12,120301.95,28374.14499732395,False,0.0
2022-06-13,120301.95,26767.269173221317,False,0.0
2022-06-14,120301.95,22525.7683503912,False,0.0
2022-06-15,120301.95,22244.848968001315,False,0.0
2022-06-16,120301.95,22529.198114649807,False,0.0
2022-06-17,120301.95,20408.690490591813,False,0.0
2022-06-18,120301.95,20473.05288079512,False,0.0
2022-06-19,120301.95,19047.41782828195,False,0.0
2022-06-20,120301.95,20516.41197977524,False,0.0
2022-06-21,120301.95,20636.75891240637,False,0.0
2022-06-22,120301.95,20700.923933039136,False,0.0
2022-06-23,120301.95,19983.566482863105,False,0.0
2022-06-24,120301.95,21100.270533511088,False,0.0
2022-06-25,120301.95,21262.71348295613,False,0.0
2022-06-26,120301.95,21525.88036221139,False,0.0
2022-06-27,120301.95,21052.80539783573,False,0.0
2022-06-28,120301.95,20751.47753079077,False,0.0
2022-06-29,120301.95,20282.54247926969,False,0.0
2022-06-30,120301.95,20108.529472889782,False,0.0
2022-07-01,120301.95,19608.397493423083,False,0.0
2022-07-02,120301.95,19407.447430262477,False,0.0
2022-07-03,120301.95,19268.227002666128,False,0.0
2022-07-04,120301.95,19310.233218521837,False,0.0
2022-07-05,120301.95,20257.01232859288,False,0.0
2022-07-06,120301.95,20188.779663973284,False,0.0
2022-07-07,120301.95,20566.68722377,False,0.0
2022-07-08,120301.95,21660.596837075183,False,0.0
2022-07-09,120301.95,21858.818749217564,False,0.0
2022-07-10,120301.95,21589.628101459668,False,0.0
2022-07-11,120301.95,20859.81407965063,False,0.0
2022-07-12,120301.95,19998.46783957584,False,0.0
2022-07-13,120301.95,19350.73735007727,False,0.0
2022-07-14,120301.95,20225.23866433186,False,0.0
2022-07-15,120301.95,20574.84059150044,False,0.0
2022-07-16,120301.95,20794.811981436706,False,0.0
2022-07-17,120301.95,21193.08334336837,False,0.0
2022-07-18,120301.95,20824.36275165164,False,0.0
2022-07-19,120301.95,22395.365383103952,False,0.0
2022-07-20,120301.95,23366.90769792785,False,0.0
2022-07-21,120301.95,23313.296731959555,False,0.0
2022-07-22,120301.95,23155.207555248304,False,0.0
2022-07-23,120301.95,22696.90275429005,False,0.0
2022-07-24,120301.95,22506.199573628983,False,0.0
2022-07-25,120301.95,22613.71920824845,False,0.0
2022-07-26,120301.95,21330.295450788173,False,0.0
2022-07-27,120301.95,21235.61231608577,False,0.0
2022-07-28,120301.95,22908.884260468687,False,0.0
2022-07-29,120301.95,23822.06759782312,False,0.0
2022-07-30,120301.95,23847.58331873861,False,0.0
2022-07-31,120301.95,23653.4595494308,False,0.0
2022-08-01,120301.95,23379.70052509082,False,0.0
2022-08-02,120301.95,23333.749243312184,False,0.0
2022-08-03,120301.95,23053.84684748268,False,0.0
2022-08-04,120301.95,22860.42098438317,False,0.0
2022-08-05,120301.95,22678.363633874185,False,0.0
2022-08-06,120301.95,23225.036201942938,False,0.0
2022-08-07,120301.95,22984.57953144855,False,0.0
2022-08-08,120301.95,23197.603469525384,False,0.0
2022-08-09,120301.95,23823.67944245361,False,0.0
2022-08-10,120301.95,23203.680696781623,False,0.0
2022-08-11,120301.95,23948.829553271637,False,0.0
2022-08-12,120301.95,23948.75170368143,False,0.0
2022-08-13,120301.95,24411.37987152261,False,0.0
2022-08-14,120301.95,24433.653747243658,False,0.0
2022-08-15,120301.95,24312.54142489156,False,0.0
2022-08-16,120301.95,24179.0146523092,False,0.0
2022-08-17,120301.95,23913.333725628458,False,0.0
2022-08-18,120301.95,23359.418837070007,False,0.0
2022-08-19,120301.95,23248.38422819264,False,0.0
2022-08-20,120301.95,20945.8339660496,False,0.0
2022-08-21,120301.95,21175.232732989512,False,0.0
2022-08-22,120301.95,21615.761693416986,False,0.0
2022-08-23,120301.95,21387.747114773963,False,0.0
2022-08-24,120301.95,21562.45153991356,False,0.0
2022-08-25,120301.95,21395.45846975991,False,0.0
2022-08-26,120301.95,21618.009019176647,False,0.0
2022-08-27,120301.95,20271.322951706014,False,0.0
2022-08-28,120301.95,20069.9533315962,False,0.0
2022-08-29,120301.95,19659.24670619362,False,0.0
2022-08-30,120301.95,20308.861447891457,False,0.0
2022-08-31,120301.95,19805.35069885804,False,0.0
2022-09-01,120301.95,20023.55444491251,False,0.0
2022-09-02,120301.95,20153.975977982507,False,0.0
2022-09-03,120301.95,19941.45137004716,False,0.0
2022-09-04,120301.95,19814.5642451146,False,0.0
2022-09-05,120301.95,19980.01322224228,False,0.0
2022-09-06,120301.95,19785.73350185514,False,0.0
2022-09-07,120301.95,18859.50008768028,False,0.0
2022-09-08,120301.95,19280.62547645678,False,0.0
2022-09-09,120301.95,19322.77774937157,False,0.0
2022-09-10,120301.95,21359.58252557909,False,0.0
2022-09-11,120301.95,21707.38731931814,False,0.0
2022-09-12,120301.95,21739.80437979554,False,0.0
2022-09-13,120301.95,22339.67050262336,False,0.0
2022-09-14,120301.95,20184.96749189655,False,0.0
2022-09-15,120301.95,20255.922978327133,False,0.0
2022-09-16,120301.95,19702.16988981172,False,0.0
2022-09-17,120301.95,19764.411712043777,False,0.0
2022-09-18,120301.95,20131.675305714027,False,0.0
2022-09-19,120301.95,19437.157867982634,False,0.0
2022-09-20,120301.95,19570.386709523507,False,0.0
2022-09-21,120301.95,18869.92880939053,False,0.0
2022-09-22,120301.95,18539.63523831258,False,0.0
2022-09-23,120301.95,19464.322663348463,False,0.0
2022-09-24,120301.95,19291.904802452067,False,0.0
2022-09-25,120301.95,18939.97058049937,False,0.0
2022-09-26,120301.95,18809.41143933244,False,0.0
2022-09-27,120301.95,19219.727780656474,False,0.0
2022-09-28,120301.95,19116.33116071044,False,0.0
2022-09-29,120301.95,19444.78777136297,False,0.0
2022-09-30,120301.95,19563.765161776904,False,0.0
2022-10-01,120301.95,19476.92659600407,False,0.0
2022-10-02,120301.95,19314.463835217448,False,0.0
2022-10-03,120301.95,19065.153837148988,False,0.0
2022-10-04,120301.95,19620.567543591394,False,0.0
2022-10-05,120301.95,20345.398520106643,False,0.0
2022-10-06,120301.95,20161.830614985047,False,0.0
2022-10-07,120301.95,19949.051041418512,False,0.0
2022-10-08,120301.95,19457.308951251147,False,0.0
2022-10-09,120301.95,19418.037989243952,False,0.0
2022-10-10,120301.95,19448.14900175761,False,0.0
2022-10-11,120301.95,19142.69476739289,False,0.0
2022-10-12,120301.95,19058.628039738272,False,0.0
2022-10-13,120301.95,19153.039779986982,False,0.0
2022-10-14,120301.95,19383.9432200889,False,0.0
2022-10-15,120301.95,19198.107144951755,False,0.0
2022-10-16,120301.95,19072.780513358884,False,0.0
2022-10-17,120301.95,19272.92184777201,False,0.0
2022-10-18,120301.95,19557.895548868444,False,0.0
2022-10-19,120301.95,19348.02936881037,False,0.0
2022-10-20,120301.95,19134.242664465204,False,0.0
2022-10-21,120301.95,19031.15987195947,False,0.0
2022-10-22,120301.95,19173.28046885863,False,0.0
2022-10-23,120301.95,19203.86547117714,False,0.0
2022-10-24,120301.95,19574.8242318408,False,0.0
2022-10-25,120301.95,19316.94062294213,False,0.0
2022-10-26,120301.95,20095.152230674925,False,0.0
2022-10-27,120301.95,20774.247496426036,False,0.0
2022-10-28,120301.95,20278.36623205219,False,0.0
2022-10-29,120301.95,20591.24120809861,False,0.0
2022-10-30,120301.95,20800.70708772471,False,0.0
2022-10-31,120301.95,20623.871497040946,False,0.0
2022-11-01,120301.95,20494.60120983709,False,0.0
2022-11-02,120301.95,20489.646203160763,False,0.0
2022-11-03,120301.95,20162.980904822525,False,0.0
2022-11-04,120301.95,20210.91241711132,False,0.0
2022-11-05,120225.98,21150.3155839124,True,0.06
2022-11-06,120702.48,21282.98510942269,True,-0.33
2022-11-07,119352.09,20906.99792695512,True,0.79
2022-11-08,118241.43,20597.755017060837,True,1.71
2022-11-09,115571.67,18562.353215089643,False,3.93
2022-11-10,115554.44,15742.444335961438,True,3.95
2022-11-11,113724.21,17594.923500278233,False,5.47
2022-11-12,113724.21,17080.215260565037,False,5.47
2022-11-13,113724.21,16797.98748257006,False,5.47
2022-11-14,113724.21,16344.342316001042,False,5.47
2022-11-15,113724.21,16645.828500283515,False,5.47
2022-11-16,113724.21,16890.52938386464,False,5.47
2022-11-17,113724.21,16689.39673273771,False,5.47
2022-11-18,113724.21,16718.361228055077,False,5.47
2022-11-19,113724.21,16707.022778986535,False,5.47
2022-11-20,113724.21,16712.729525794817,False,5.47
2022-11-21,113724.21,16304.07685562355,False,5.47
2022-11-22,113724.21,15814.335280855255,False,5.47
2022-11-23,113724.21,16171.628978315088,False,5.47
2022-11-24,113724.21,16608.00998544357,False,5.47
2022-11-25,113724.21,16596.03575847268,False,5.47
2022-11-26,113724.21,16524.449007720887,False,5.47
2022-11-27,113724.21,16456.156062496684,False,5.47
2022-11-28,113724.21,16459.149543755877,False,5.47
2022-11-29,113724.21,16222.210728731225,False,5.47
2022-11-30,113724.21,16441.979978419113,False,5.47
2022-12-01,113724.21,17186.502572066118,False,5.47
2022-12-02,113724.21,16972.73406077455,False,5.47
2022-12-03,113724.21,17084.87334047068,False,5.47
2022-12-04,113724.21,16923.38287008033,False,5.47
2022-12-05,113724.21,17149.93175096291,False,5.47
2022-12-06,113724.21,16973.372577553495,False,5.47
2022-12-07,113724.21,17085.64314125141,False,5.47
2022-12-08,113724.21,16851.30346863184,False,5.47
2022-12-09,113724.21,17235.014157992136,False,5.47
2022-12-10,113724.21,17149.824203925327,False,5.47
2022-12-11,113724.21,17125.364927688952,False,5.47
2022-12-12,113724.21,17101.038019732932,False,5.47
2022-12-13,113724.21,17179.596038203494,False,5.47
2022-12-14,113724.21,17784.162894053265,False,5.47
2022-12-15,113724.21,17808.71617265881,False,5.47
2022-12-16,113724.21,17338.358126632633,False,5.47
2022-12-17,113724.21,16623.75782614431,False,5.47
2022-12-18,113724.21,16806.48559206152,False,5.47
2022-12-19,113724.21,16742.816663834055,False,5.47
2022-12-20,113724.21,16422.562273279298,False,5.47
2022-12-21,113724.21,16899.331969046758,False,5.47
2022-12-22,113724.21,16816.85370118997,False,5.47
2022-12-23,113724.21,16824.790162441503,False,5.47
2022-12-24,113724.21,16791.45543916491,False,5.47
2022-12-25,113724.21,16848.568708323422,False,5.47
2022-12-26,113724.21,16842.177039905502,False,5.47
2022-12-27,113724.21,16900.081871938084,False,5.47
2022-12-28,113724.21,16701.840210667935,False,5.47
2022-12-29,113724.21,16538.906094001977,False,5.47
2022-12-30,113724.21,16644.379087037905,False,5.47
2022-12-31,113724.21,16604.020520373393,False,5.47
2023-01-01,113724.21,16540.693624776803,False,5.47
2023-01-02,113724.21,16615.969318012816,False,5.47
2023-01-03,113724.21,16674.342536301097,False,5.47
2023-01-04,113724.21,16677.646185850346,False,5.47
2023-01-05,113724.21,16855.1747387671,False,5.47
2023-01-06,113724.21,16832.098988497855,False,5.47
2023-01-07,113724.21,16960.23206247515,False,5.47
2023-01-08,113724.21,16950.861521853905,False,5.47
2023-01-09,113724.21,17074.61539572674,False,5.47
2023-01-10,113724.21,17194.90932945318,False,5.47
2023-01-11,113724.21,17436.90232978116,False,5.47
2023-01-12,113724.21,17996.832553741606,False,5.47
2023-01-13,113724.21,18866.810330617045,False,5.47
2023-01-14,113643.89,19941.780543296303,True,5.53
2023-01-15,113690.09,21019.20661402266,False,5.5
2023-01-16,113690.09,20853.230569490253,False,5.5
2023-01-17,113690.09,21175.33773662521,False,5.5
2023-01-18,113690.09,21156.78393116713,False,5.5
2023-01-19,113690.09,20726.844969426445,False,5.5
2023-01-20,113690.09,21081.67102220433,False,5.5
2023-01-21,113690.09,22705.83367889906,False,5.5
2023-01-22,113690.09,22771.023287021784,False,5.5
2023-01-23,113690.09,22736.66142892971,False,5.5
2023-01-24,113690.09,22984.87497643721,False,5.5
2023-01-25,113690.09,22610.01059827285,False,5.5
2023-01-26,113690.09,23180.422697874263,False,5.5
2023-01-27,113690.09,23024.74618081709,False,5.5
2023-01-28,113690.09,23082.858382122955,False,5.5
2023-01-29,113690.09,23022.23299135344,False,5.5
2023-01-30,113690.09,23797.46089488124,False,5.5
2023-01-31,113690.09,22840.385858797104,False,5.5
2023-02-01,113690.09,23137.323554088376,False,5.5
2023-02-02,113690.09,23725.16179614224,False,5.5
2023-02-03,113690.09,23539.676770196525,False,5.5
2023-02-04,113690.09,23451.577650774638,False,5.5
2023-02-05,113690.09,23340.34958553934,False,5.5
2023-02-06,113690.09,22946.286578591236,False,5.5
2023-02-07,113690.09,22786.483006387727,False,5.5
2023-02-08,113690.09,23294.9136483527,False,5.5
2023-02-09,113690.09,22947.50782856846,False,5.5
2023-02-10,113690.09,21820.88650809277,False,5.5
2023-02-11,113690.09,21630.132979576298,False,5.5
2023-02-12,113690.09,21889.432080049624,False,5.5
2023-02-13,113690.09,21779.87440384417,False,5.5
2023-02-14,113690.09,21807.834274723064,False,5.5
2023-02-15,113690.09,22220.070997481067,False,5.5
2023-02-16,113690.09,24307.8751016316,False,5.5
2023-02-17,113690.09,23756.907281577434,False,5.5
2023-02-18,113690.09,24628.82455217312,False,5.5
2023-02-19,113690.09,24642.79087073843,False,5.5
2023-02-20,113690.09,24284.478003714703,False,5.5
2023-02-21,113690.09,24786.665940845705,False,5.5
2023-02-22,113690.09,24417.38703630947,False,5.5
2023-02-23,113690.09,24146.101364545226,False,5.5
2023-02-24,113690.09,23951.11098423326,False,5.5
2023-02-25,113690.09,23172.286538018925,False,5.5
2023-02-26,113690.09,23157.038107459524,False,5.5
2023-02-27,113690.09,23541.11585449356,False,5.5
2023-02-28,113690.09,23518.12390627588,False,5.5
2023-03-01,113690.09,23155.543746825795,False,5.5
2023-03-02,113690.09,23634.333489123783,False,5.5
2023-03-03,113690.09,23464.33654185282,False,5.5
2023-03-04,113690.09,22367.43302246967,False,5.5
2023-03-05,113690.09,22348.32991538815,False,5.5
2023-03-06,113690.09,22421.885805853268,False,5.5
2023-03-07,113690.09,22415.113659694827,False,5.5
2023-03-08,113690.09,22217.209884905325,False,5.5
2023-03-09,113690.09,21712.65119391273,False,5.5
2023-03-10,113690.09,20376.320007428807,False,5.5
2023-03-11,113690.09,20195.2289502733,False,5.5
2023-03-12,113690.09,20521.55615175117,False,5.5
2023-03-13,113690.09,22095.71339833569,False,5.5
2023-03-14,113690.09,24178.95532797469,False,5.5
2023-03-15,113690.09,24758.765085827567,False,5.5
2023-03-16,113690.09,24470.88205445031,False,5.5
2023-03-17,113690.09,25161.27201752005,False,5.5
2023-03-18,113690.09,27466.677829829863,False,5.5
2023-03-19,113690.09,27107.792183504385,False,5.5
2023-03-20,113690.09,28186.842652360127,False,5.5
2023-03-21,113690.09,27929.167733140293,False,5.5
2023-03-22,113690.09,28264.23961052235,False,5.5
2023-03-23,113690.09,27449.25483080736,False,5.5
2023-03-24,113690.09,28459.735113552502,False,5.5
2023-03-25,113690.09,27595.4947483755,False,5.5
2023-03-26,113690.09,27670.199498496837,False,5.5
2023-03-27,113690.09,28048.46997853496,False,5.5
2023-03-28,113690.09,27182.299559950465,False,5.5
2023-03-29,113690.09,27291.3500210497,False,5.5
2023-03-30,113690.09,28394.997780199057,False,5.5
2023-03-31,113690.09,28041.123080088284,False,5.5
2023-04-01,113690.09,28516.78472968864,False,5.5
2023-04-02,113690.09,28498.94463304862,False,5.5
2023-04-03,113690.09,28236.508738939792,False,5.5
2023-04-04,113690.09,27815.42653124798,False,5.5
2023-04-05,113690.09,28175.33033421539,False,5.5
2023-04-06,113690.09,28197.20034124555,False,5.5
2023-04-07,113690.09,28042.9833864884,False,5.5
2023-04-08,113690.09,27934.43871284895,False,5.5
2023-04-09,113690.09,27968.12804705512,False,5.5
2023-04-10,113690.09,28351.23699385011,False,5.5
2023-04-11,113690.09,29657.97413687356,False,5.5
2023-04-12,113690.09,30260.93610940865,False,5.5
2023-04-13,113690.09,29904.138694718906,False,5.5
2023-04-14,113690.09,30405.027312781145,False,5.5
2023-04-15,113690.09,30468.40870059078,False,5.5
2023-04-16,113690.09,30312.16187965924,False,5.5
2023-04-17,113690.09,30304.807514785844,False,5.5
2023-04-18,113690.09,29467.459829260344,False,5.5
2023-04-19,113690.09,30365.90416754141,False,5.5
2023-04-20,113690.09,28833.217501221105,False,5.5
2023-04-21,113690.09,28255.57824866478,False,5.5
2023-04-22,113690.09,27300.15712851557,False,5.5
2023-04-23,113690.09,27861.640663476548,False,5.5
2023-04-24,113690.09,27606.578347653143,False,5.5
2023-04-25,113690.09,27511.635682161308,False,5.5
2023-04-26,113690.09,28351.218248373007,False,5.5
2023-04-27,113690.09,28352.19132059668,False,5.5
2023-04-28,113690.09,29483.52170499186,False,5.5
2023-04-29,113690.09,29339.99499754935,False,5.5
2023-04-30,113690.09,29217.944046809916,False,5.5
2023-05-01,113690.09,29362.056213625398,False,5.5
2023-05-02,113690.09,28125.501155636823,False,5.5
2023-05-03,113690.09,28654.39013332672,False,5.5
2023-05-04,113690.09,28988.320996249277,False,5.5
2023-05-05,113690.09,28846.461458608057,False,5.5
2023-05-06,113690.09,29520.322268970496,False,5.5
2023-05-07,113690.09,28887.74104552337,False,5.5
2023-05-08,113690.09,28611.43919761457,False,5.5
2023-05-09,113690.09,27696.76078562556,False,5.5
2023-05-10,113690.09,27607.39168091902,False,5.5
2023-05-11,113690.09,27639.73356593586,False,5.5
2023-05-12,113690.09,27024.76572929978,False,5.5
2023-05-13,113690.09,26787.69039591833,False,5.5
2023-05-14,113690.09,26798.126271474703,False,5.5
2023-05-15,113690.09,26911.805273213893,False,5.5
2023-05-16,113690.09,27227.793422558792,False,5.5
2023-05-17,113690.09,27022.713173921147,False,5.5
2023-05-18,113690.09,27389.971511442203,False,5.5
2023-05-19,113690.09,26842.95249471792,False,5.5
2023-05-20,113690.09,26884.371059589947,False,5.5
2023-05-21,113690.09,27093.79110149735,False,5.5
2023-05-22,113690.09,26773.83024366478,False,5.5
2023-05-23,113655.31,26869.686021790774,True,5.52
2023-05-24,113204.45,27222.937746603853,True,5.9
2023-05-25,114355.44,26338.948946998687,True,4.94
2023-05-26,114172.48,26475.607902534277,True,5.1
2023-05-27,113852.59,26717.987553571777,True,5.36
2023-05-28,113683.07,26848.23993959246,True,5.5
2023-05-29,112336.96,28110.313467609285,False,6.62
2023-05-30,112336.96,27759.74666392068,False,6.62
2023-05-31,112336.96,27713.908547529507,False,6.62
2023-06-01,112336.96,27245.474465179723,False,6.62
2023-06-02,112336.96,26824.10149951678,False,6.62
2023-06-03,112336.96,27247.74008145703,False,6.62
2023-06-04,112336.96,27066.371328526235,False,6.62
2023-06-05,112336.96,27315.447587487684,False,6.62
2023-06-06,112336.96,25792.6160902334,False,6.62
2023-06-07,112336.96,27216.61556469773,False,6.62
2023-06-08,112336.96,26346.244545137637,False,6.62
2023-06-09,112336.96,26507.90989220298,False,6.62
2023-06-10,112336.96,26469.581684007026,False,6.62
2023-06-11,112336.96,25858.12289218562,False,6.62
2023-06-12,112336.96,25916.57989637981,False,6.62
2023-06-13,112336.96,25910.362742919464,False,6.62
2023-06-14,112336.96,25872.20645879509,False,6.62
2023-06-15,112336.96,25107.754695880594,False,6.62
2023-06-16,112336.96,25564.599632887144,False,6.62
2023-06-17,112336.96,26327.3256694539,False,6.62
2023-06-18,112336.96,26501.044442233677,False,6.62
2023-06-19,112336.96,26333.092529664373,False,6.62
2023-06-20,112336.96,26779.38746152284,False,6.62
2023-06-21,112336.96,28330.891419807507,False,6.62
2023-06-22,112336.96,30101.76481948869,False,6.62
2023-06-23,112282.5,29935.63210674956,True,6.67
2023-06-24,113544.39,30629.24435333575,True,5.62
2023-06-25,113378.05,30537.816664634796,True,5.76
2023-06-26,113226.94,30454.75697441562,True,5.88
2023-06-27,112919.02,30285.50506407074,True,6.14
2023-06-28,113661.37,30693.54635606798,True,5.52
2023-06-29,112551.47,30083.477245263824,True,6.44
2023-06-30,113248.51,30466.61045689353,True,5.86
2023-07-01,113274.29,30480.781481944465,True,5.84
2023-07-02,113461.38,30583.619599697537,True,5.69
2023-07-03,113440.04,30571.887072871446,True,5.7
2023-07-04,114463.99,31134.713133508405,True,4.85
2023-07-05,113810.7,30775.624022375305,True,5.4
2023-07-06,113281.59,30484.79377442352,True,5.84
2023-07-07,112381.51,29990.055151220247,True,6.58
2023-07-08,112973.17,30315.26540235163,True,6.09
2023-07-09,112880.26,30264.19734525722,True,6.17
2023-07-10,112708.65,30169.87065747925,True,6.31
2023-07-11,113116.92,30394.28114637557,True,5.97
2023-07-12,113529.05,30620.81424697801,True,5.63
2023-07-13,113140.82,30407.41631435991,True,5.95
2023-07-14,115030.34,31446.0149710716,True,4.38
2023-07-15,112966.91,30311.82780813052,True,6.1
2023-07-16,112941.7,30297.97140012553,True,6.12
2023-07-17,112831.39,30237.334785146097,True,6.21
2023-07-18,112668.61,30147.860079211525,True,6.35
2023-07-19,112038.28,29848.03227250528,False,6.87
2023-07-20,112038.28,29919.87483825516,False,6.87
2023-07-21,112038.28,29787.041530355687,False,6.87
2023-07-22,112038.28,29914.68272835899,False,6.87
2023-07-23,112038.28,29710.155935991766,False,6.87
2023-07-24,112038.28,30057.956718714588,False,6.87
2023-07-25,112038.28,29184.901913057693,False,6.87
2023-07-26,112038.28,29222.974630383527,False,6.87
2023-07-27,112038.28,29363.672907978616,False,6.87
2023-07-28,112038.28,29200.244001291318,False,6.87
2023-07-29,112038.28,29314.09738709836,False,6.87
2023-07-30,112038.28,29356.74774591667,False,6.87
2023-07-31,112038.28,29277.75581027272,False,6.87
2023-08-01,112038.28,29233.13636558044,False,6.87
2023-08-02,112038.28,29537.109746927432,False,6.87
2023-08-03,112038.28,29146.63627084363,False,6.87
2023-08-04,112038.28,29176.15059658541,False,6.87
2023-08-05,112038.28,29087.938086007627,False,6.87
2023-08-06,112038.28,29046.8004570232,False,6.87
2023-08-07,112038.28,29044.20437557756,False,6.87
2023-08-08,112038.28,29178.147751873083,False,6.87
2023-08-09,112038.28,29779.56167125089,False,6.87
2023-08-10,112038.28,29585.48807737921,False,6.87
2023-08-11,112038.28,29423.81891597763,False,6.87
2023-08-12,112038.28,29396.8479714205,False,6.87
2023-08-13,112038.28,29412.142274584105,False,6.87
2023-08-14,112038.28,29284.96971374381,False,6.87
2023-08-15,112038.28,29400.58680419105,False,6.87
2023-08-16,112038.28,29170.490397060614,False,6.87
2023-08-17,112038.28,28754.197021112574,False,6.87
2023-08-18,111996.94,26501.58726991974,True,6.9
2023-08-19,112724.36,26042.838256849,True,6.3
2023-08-20,112624.65,26104.778630797897,True,6.38
2023-08-21,112535.04,26160.70041981821,True,6.46
2023-08-22,112601.82,26119.005958595222,True,6.4
2023-08-23,112739.15,26033.675406585844,True,6.29
2023-08-24,112077.47,26450.00862461353,True,6.84
2023-08-25,112576.28,26134.934254516003,True,6.42
2023-08-26,112722.43,26044.036209289134,True,6.3
2023-08-27,112790.33,26002.01571731937,True,6.24
2023-08-28,112660.11,26082.717178218525,True,6.35
2023-08-29,112617.44,26109.2698239287,True,6.39
2023-08-30,110651.68,27730.50373550554,False,8.02
2023-08-31,110651.68,27297.261438480404,False,8.02
2023-09-01,110651.68,25927.417005779287,False,8.02
2023-09-02,110651.68,25812.33049442542,False,8.02
2023-09-03,110651.68,25853.65684277757,False,8.02
2023-09-04,110651.68,25959.59631146345,False,8.02
2023-09-05,110651.68,25829.364772941324,False,8.02
2023-09-06,110651.68,25784.41351983038,False,8.02
2023-09-07,110651.68,25752.958418589413,False,8.02
2023-09-08,110651.68,26192.333433090567,False,8.02
2023-09-09,110651.68,25907.22813724973,False,8.02
2023-09-10,110651.68,25889.3250094629,False,8.02
2023-09-11,110651.68,25834.580098562918,False,8.02
2023-09-12,110651.68,25133.303106566527,False,8.02
2023-09-13,110651.68,25866.806663158084,False,8.02
2023-09-14,110651.68,26223.436075660946,False,8.02
2023-09-15,110651.68,26531.39556626326,False,8.02
2023-09-16,110651.68,26634.631025000588,False,8.02
2023-09-17,110651.68,26557.768691994646,False,8.02
2023-09-18,110651.68,26520.98825478389,False,8.02
2023-09-19,110651.68,26741.461110948952,False,8.02
2023-09-20,110651.68,27219.296874634216,False,8.02
2023-09-21,110651.68,27115.846446970816,False,8.02
2023-09-22,110651.68,26561.13345419872,False,8.02
2023-09-23,110651.68,26572.0381115526,False,8.02
2023-09-24,110651.68,26573.9234797301,False,8.02
2023-09-25,110651.68,26249.562897845204,False,8.02
2023-09-26,110651.68,26298.634678281232,False,8.02
2023-09-27,110651.68,26204.75759083597,False,8.02
2023-09-28,110651.68,26350.146895428057,False,8.02
2023-09-29,110651.68,27009.01375072488,False,8.02
2023-09-30,110651.68,26917.199101637976,False,8.02
2023-10-01,110651.68,26969.876144072576,False,8.02
2023-10-02,110651.68,27967.510579087117,False,8.02
2023-10-03,110651.68,27615.06488509527,False,8.02
2023-10-04,110651.68,27439.12194670512,False,8.02
2023-10-05,110651.68,27792.1112772493,False,8.02
2023-10-06,110651.68,27435.874615135104,False,8.02
2023-10-07,110651.68,27958.196437350485,False,8.02
2023-10-08,110564.98,27977.543490700005,True,8.09
2023-10-09,110473.74,27948.10365174851,True,8.17
2023-10-10,109375.68,27593.782534439662,True,9.08
2023-10-11,108751.12,27392.247702732497,True,9.6
2023-10-12,107151.46,26842.1904390924,False,10.93
2023-10-13,107151.46,26729.137205815103,False,10.93
2023-10-14,107151.46,26841.136220644406,False,10.93
2023-10-15,107107.64,26863.18356907992,True,10.97
2023-10-16,106644.72,27150.29700140705,True,11.35
2023-10-17,105180.02,28513.30993247735,True,12.57
2023-10-18,104913.15,28417.72175169982,True,12.79
2023-10-19,104663.34,28328.245198134824,True,13.0
2023-10-20,105745.2,28715.748142407952,True,12.1
2023-10-21,108429.96,29677.392888476206,True,9.87
2023-10-22,109107.49,29920.07449265145,True,9.31
2023-10-23,109384.74,30019.38050086351,True,9.07
2023-10-24,113067.25,32953.262760830985,False,6.01
2023-10-25,113067.25,33846.72425733224,False,6.01
2023-10-26,113067.25,34471.986031672015,False,6.01
2023-10-27,113067.25,34174.451552912586,False,6.01
2023-10-28,113067.25,33899.09305644032,False,6.01
2023-10-29,113067.25,34092.630932838576,False,6.01
2023-10-30,113067.25,34556.242814761616,False,6.01
2023-10-31,113067.25,34498.70391946407,False,6.01
2023-11-01,113067.25,34672.2892841885,False,6.01
2023-11-02,113067.25,35457.45491210553,False,6.01
2023-11-03,113067.25,34924.05545044328,False,6.01
2023-11-04,113067.25,34731.38136896784,False,6.01
2023-11-05,113067.25,35048.407834901074,False,6.01
2023-11-06,113067.25,35061.92874919579,False,6.01
2023-11-07,113067.25,35031.26888208706,False,6.01
2023-11-08,113067.25,35436.53762957962,False,6.01
2023-11-09,113067.25,35795.0806307102,False,6.01
2023-11-10,113067.25,36768.42081912672,False,6.01
2023-11-11,113067.25,37344.249000720345,False,6.01
2023-11-12,113067.25,37122.72282430656,False,6.01
2023-11-13,113067.25,37067.69698212008,False,6.01
2023-11-14,113067.25,36549.16204829837,False,6.01
2023-11-15,113067.25,35545.201433454065,False,6.01
2023-11-16,113067.25,37903.66245166294,False,6.01
2023-11-17,113067.25,36201.51611146142,False,6.01
2023-11-18,113067.25,36527.76022530742,False,6.01
2023-11-19,113067.25,36582.36844192274,False,6.01
2023-11-20,113067.25,37413.99460790531,False,6.01
2023-11-21,113067.25,37489.298470802016,False,6.01
2023-11-22,113067.25,35965.36036068078,False,6.01
2023-11-23,113067.25,37464.83293220907,False,6.01
2023-11-24,113067.25,37293.316127426726,False,6.01
2023-11-25,113067.25,37738.93169747125,False,6.01
2023-11-26,113067.25,37809.85286625321,False,6.01
2023-11-27,113067.25,37491.838186008135,False,6.01
2023-11-28,113067.25,37250.16905148115,False,6.01
2023-11-29,113067.25,37802.23604377473,False,6.01
2023-11-30,113067.25,37810.34641654128,False,6.01
2023-12-01,113067.25,37711.81837585267,False,6.01
2023-12-02,113067.25,38688.25874179069,False,6.01
2023-12-03,113067.25,39481.666416062864,False,6.01
2023-12-04,113067.25,39960.27542041052,False,6.01
2023-12-05,113067.25,41974.331772543344,False,6.01
2023-12-06,113067.25,44105.94477259938,False,6.01
2023-12-07,113067.25,43788.28880825234,False,6.01
2023-12-08,113067.25,43270.11955970747,False,6.01
2023-12-09,113067.25,44202.17610943621,False,6.01
2023-12-10,113067.25,43745.49199189547,False,6.01
2023-12-11,113067.25,43757.959937619176,False,6.01
2023-12-12,113067.25,41200.96272610168,False,6.01
2023-12-13,113067.25,41450.81938737744,False,6.01
2023-12-14,113067.25,42931.76182603245,False,6.01
2023-12-15,113067.25,43009.5954563739,False,6.01
2023-12-16,113067.25,41992.01418722399,False,6.01
2023-12-17,113067.25,42247.06788172229,False,6.01
2023-12-18,113067.25,41410.819634575855,False,6.01
2023-12-19,113067.25,42684.182554683386,False,6.01
2023-12-20,113067.25,42250.20618279751,False,6.01
2023-12-21,113067.25,43634.1241684964,False,6.01
2023-12-22,113067.25,43849.69959939619,False,6.01
2023-12-23,113067.25,44003.6960216438,False,6.01
2023-12-24,113067.25,43752.03088478376,False,6.01
2023-12-25,113067.25,43034.97106309152,False,6.01
2023-12-26,113067.25,43638.23630220092,False,6.01
2023-12-27,113067.25,42516.42694028252,False,6.01
2023-12-28,113067.25,43418.46777504291,False,6.01
2023-12-29,113067.25,42600.65063315619,False,6.01
2023-12-30,113067.25,42074.70715618848,False,6.01
2023-12-31,113067.25,42220.61140121376,False,6.01
2024-01-01,113067.25,42208.20217618648,False,6.01
2024-01-02,113067.25,44168.68118687473,False,6.01
2024-01-03,113067.25,44994.67388689237,False,6.01
2024-01-04,113067.25,42821.558989158,False,6.01
2024-01-05,113067.25,44195.57856209971,False,6.01
2024-01-06,113067.25,44113.69973389081,False,6.01
2024-01-07,113067.25,43956.12071720152,False,6.01
2024-01-08,113067.25,43883.74387905174,False,6.01
2024-01-09,113067.25,46936.18556121751,False,6.01
2024-01-10,113067.25,46105.94607828697,False,6.01
2024-01-11,113067.25,46632.31314804979,False,6.01
2024-01-12,113067.25,46314.35554160269,False,6.01
2024-01-13,113067.25,42893.92960550481,False,6.01
2024-01-14,113067.25,42848.47451640749,False,6.01
2024-01-15,113067.25,41800.93282193406,False,6.01
2024-01-16,113067.25,42587.336038354406,False,6.01
2024-01-17,113067.25,43148.00164342693,False,6.01
2024-01-18,113067.25,42713.859186938986,False,6.01
2024-01-19,113067.25,41261.39479801012,False,6.01
2024-01-20,113067.25,41600.94093254464,False,6.01
2024-01-21,113067.25,41626.10711003664,False,6.01
2024-01-22,113067.25,41541.89945706261,False,6.01
2024-01-23,113067.25,39504.73005758438,False,6.01
2024-01-24,113067.25,39833.45410501688,False,6.01
2024-01-25,113067.25,40123.67105847147,False,6.01
2024-01-26,113067.25,39938.28644155878,False,6.01
2024-01-27,113067.25,41862.9356109399,False,6.01
2024-01-28,113067.25,42119.61049464309,False,6.01
2024-01-29,113067.25,42026.57856232145,False,6.01
2024-01-30,113067.25,43267.60927638767,False,6.01
2024-01-31,113067.25,42892.03453014447,False,6.01
2024-02-01,113067.25,42583.26354663417,False,6.01
2024-02-02,113067.25,43069.0434209368,False,6.01
2024-02-03,113067.25,43170.65856159975,False,6.01
2024-02-04,113067.25,42976.84829990829,False,6.01
2024-02-05,113067.25,42599.35997055978,False,6.01
2024-02-06,113067.25,42648.45692113544,False,6.01
2024-02-07,113067.25,43087.78740814285,False,6.01
2024-02-08,113067.25,44247.415415479314,False,6.01
2024-02-09,113067.25,45338.27118978949,False,6.01
2024-02-10,113067.25,47143.24299107112,False,6.01
2024-02-11,113067.25,47768.995251247936,False,6.01
2024-02-12,113067.25,48189.88179303987,False,6.01
2024-02-13,113067.25,50050.13609456397,False,6.01
2024-02-14,113067.25,49732.14536955351,False,6.01
2024-02-15,113067.25,51790.16929752642,False,6.01
2024-02-16,113067.25,51958.23029105492,False,6.01
2024-02-17,113067.25,52166.43430976192,False,6.01
2024-02-18,113067.25,51684.51749264525,False,6.01
2024-02-19,113067.25,52138.48578873693,False,6.01
2024-02-20,113067.25,51764.313185487765,False,6.01
2024-02-21,113067.25,52286.79372554667,False,6.01
2024-02-22,113067.25,51842.75676625642,False,6.01
2024-02-23,113067.25,51319.500125702674,False,6.01
2024-02-24,113067.25,50841.081094770896,False,6.01
2024-02-25,113067.25,51553.096712831146,False,6.01
2024-02-26,113067.25,51751.88405493456,False,6.01
2024-02-27,113067.25,54478.19108312296,False,6.01
2024-02-28,113067.25,57003.52673730811,False,6.01
2024-02-29,113067.25,62558.58202419311,False,6.01
2024-03-01,113067.25,61298.21686110162,False,6.01
2024-03-02,113067.25,62426.64052919186,False,6.01
2024-03-03,113067.25,62067.86680212177,False,6.01
2024-03-04,113067.25,63053.10543906421,False,6.01
2024-03-05,113067.25,68186.64593432152,False,6.01
2024-03-06,113067.25,64291.536557569496,False,6.01
2024-03-07,113067.25,66145.91927850846,False,6.01
2024-03-08,113067.25,66944.87639053575,False,6.01
2024-03-09,113067.25,68315.25192078314,False,6.01
2024-03-10,113067.25,68508.0039626159,False,6.01
2024-03-11,113067.25,69075.66688195744,False,6.01
2024-03-12,113067.25,72130.55300765681,False,6.01
2024-03-13,113067.25,71467.17350326062,False,6.01
2024-03-14,113067.25,73097.76702694128,False,6.01
2024-03-15,113067.25,71420.03180142345,False,6.01
2024-03-16,113067.25,69497.7631929463,False,6.01
2024-03-17,113067.25,65292.31329331289,False,6.01
2024-03-18,113067.25,68425.41565643054,False,6.01
2024-03-19,113067.25,67708.94360930806,False,6.01
2024-03-20,113067.25,62132.51737873437,False,6.01
2024-03-21,113067.25,67819.05570684028,False,6.01
2024-03-22,113067.25,65535.97844847657,False,6.01
2024-03-23,113067.25,63509.04496523133,False,6.01
2024-03-24,113067.25,64285.80279102199,False,6.01
2024-03-25,113067.25,67310.98326810106,False,6.01
2024-03-26,113067.25,69938.94530200244,False,6.01
2024-03-27,113067.25,70082.05122475982,False,6.01
2024-03-28,113067.25,69435.75040305211,False,6.01
2024-03-29,113067.25,70710.19534863312,False,6.01
2024-03-30,113067.25,69919.05546148612,False,6.01
2024-03-31,113067.25,69702.3087473573,False,6.01
2024-04-01,113067.25,71246.95144060145,False,6.01
2024-04-02,113067.25,69785.92503802372,False,6.01
2024-04-03,113067.25,65440.41922587159,False,6.01
2024-04-04,113067.25,66123.938539074,False,6.01
2024-04-05,113067.25,68542.17715279506,False,6.01
2024-04-06,113067.25,67978.61023408506,False,6.01
2024-04-07,113067.25,69000.6499164776,False,6.01
2024-04-08,113067.25,69401.97360911008,False,6.01
2024-04-09,113067.25,71624.18486236996,False,6.01
2024-04-10,113067.25,69158.64381207665,False,6.01
2024-04-11,113067.25,70527.88997578963,False,6.01
2024-04-12,113067.25,70106.66413070948,False,6.01
2024-04-13,113067.25,67252.10504226631,False,6.01
2024-04-14,113067.25,64404.82548907413,False,6.01
2024-04-15,113067.25,65752.66004728881,False,6.01
2024-04-16,113067.25,63430.5714573684,False,6.01
2024-04-17,113067.25,63720.501587480736,False,6.01
2024-04-18,113067.25,61328.89798860725,False,6.01
2024-04-19,113067.25,63461.59269510717,False,6.01
2024-04-20,113067.25,63988.818471785664,False,6.01
2024-04-21,113067.25,64894.41869109179,False,6.01
2024-04-22,113067.25,64936.4207567739,False,6.01
2024-04-23,113067.25,66841.66685207361,False,6.01
2024-04-24,113067.25,66406.95244392671,False,6.01
2024-04-25,113067.25,64279.51812857524,False,6.01
2024-04-26,113067.25,64486.183359158975,False,6.01
2024-04-27,113067.25,63802.330049258766,False,6.01
2024-04-28,113067.25,63517.248743409626,False,6.01
2024-04-29,113067.25,63030.433616681854,False,6.01
2024-04-30,113067.25,63797.67963589958,False,6.01
2024-05-01,113067.25,60749.47209216387,False,6.01
2024-05-02,113067.25,58297.57407532549,False,6.01
2024-05-03,113046.13,59135.1733607733,True,6.03
2024-05-04,111802.63,62839.34073569376,True,7.06
2024-05-05,111350.93,63820.451902924986,False,7.44
2024-05-06,111350.93,64010.00865210892,False,7.44
2024-05-07,111350.93,63172.48129551341,False,7.44
2024-05-08,111350.93,62363.057191718624,False,7.44
2024-05-09,111350.93,61215.50400879193,False,7.44
2024-05-10,111350.93,63148.59994309703,False,7.44
2024-05-11,111350.93,60888.21674957157,False,7.44
2024-05-12,111350.93,60776.97207917213,False,7.44
2024-05-13,111350.93,61507.05400412135,False,7.44
2024-05-14,111350.93,62878.783300729294,False,7.44
2024-05-15,111350.93,61569.1130057734,False,7.44
2024-05-16,111350.93,66220.51831432826,False,7.44
2024-05-17,111350.93,65260.879803346186,False,7.44
2024-05-18,111304.61,67053.12326509564,True,7.48
2024-05-19,111207.54,66912.61861403697,True,7.56
2024-05-20,110751.62,66252.71259591613,True,7.94
2024-05-21,114328.7,71430.29700215145,True,4.97
2024-05-22,113471.7,70189.8358177002,True,5.68
2024-05-23,112774.85,69181.20085677762,True,6.26
2024-05-24,111894.16,67906.46534276106,True,6.99
2024-05-25,112331.8,68539.91646552991,True,6.63
2024-05-26,112835.13,69268.44558973772,True,6.21
2024-05-27,112310.33,68508.83110875699,True,6.64
2024-05-28,112903.38,69367.23871755725,True,6.15
2024-05-29,112177.54,68316.63588049631,True,6.75
2024-05-30,111666.73,67577.26558995963,True,7.18
2024-05-31,112216.13,68372.49288434093,True,6.72
2024-06-01,111008.19,67474.95483698409,False,7.73
2024-06-02,111008.19,67704.32641811523,False,7.73
2024-06-03,111008.19,67740.01690222476,False,7.73
2024-06-04,111008.19,68808.29368590549,False,7.73
2024-06-05,111008.19,70600.01116676089,False,7.73
2024-06-06,111008.19,71184.59943059199,False,7.73
2024-06-07,111008.19,70759.58819301432,False,7.73
2024-06-08,111008.19,69325.36238847222,False,7.73
2024-06-09,111008.19,69315.1041233966,False,7.73
2024-06-10,111008.19,69654.16073760358,False,7.73
2024-06-11,111008.19,69493.17760915738,False,7.73
2024-06-12,111008.19,67329.15232724321,False,7.73
2024-06-13,111008.19,68224.51967501991,False,7.73
2024-06-14,111008.19,66700.31696564378,False,7.73
2024-06-15,111008.19,66011.07873713733,False,7.73
2024-06-16,111008.19,66190.4874891135,False,7.73
2024-06-17,111008.19,66615.53782131766,False,7.73
2024-06-18,111008.19,66460.38897909952,False,7.73
2024-06-19,111008.19,65109.31481219048,False,7.73
2024-06-20,111008.19,64907.07460760319,False,7.73
2024-06-21,111008.19,64844.67441797763,False,7.73
2024-06-22,111008.19,64071.624284709695,False,7.73
2024-06-23,111008.19,64239.90348813148,False,7.73
2024-06-24,110972.43,63221.35738437477,True,7.76
2024-06-25,112663.91,60363.23497529626,True,6.35
2024-06-26,111811.56,61770.41387009536,True,7.06
2024-06-27,112425.77,60749.89619402014,True,6.55
2024-06-28,111934.95,61562.64532550036,True,6.95
2024-06-29,112692.53,60317.09697945116,True,6.33
2024-06-30,112355.8,60864.44316193428,True,6.61
2024-07-01,111249.73,62734.39383945474,True,7.52
2024-07-02,111200.77,62819.82226921849,True,7.57
2024-07-03,111651.17,62042.5650371006,True,7.19
2024-07-04,112737.54,60244.68076433092,True,6.29
2024-07-05,114740.5,57189.17412408636,True,4.62
2024-07-06,115053.23,56739.86285107204,True,4.36
2024-07-07,114034.28,58230.4841542266,True,5.21
2024-07-08,115665.45,55880.3753776708,True,3.85
2024-07-09,115105.71,56665.14073352028,True,4.32
2024-07-10,114196.26,57988.30351208401,True,5.08
2024-07-11,114388.02,57704.20228446288,True,4.92
2024-07-12,114603.54,57388.19247916668,True,4.74
2024-07-13,114256.14,57899.28895749592,True,5.03
2024-07-14,113056.31,59152.71913887286,False,6.02
2024-07-15,113056.31,60942.32773996293,False,6.02
2024-07-16,113056.31,64835.48973321571,False,6.02
2024-07-17,113056.31,65162.23625234354,False,6.02
2024-07-18,113056.31,64136.31384360687,False,6.02
2024-07-19,113056.31,63959.56900809379,False,6.02
2024-07-20,113056.31,66689.54880734957,False,6.02
2024-07-21,113056.31,67206.06470614894,False,6.02
2024-07-22,113056.31,68088.13996324532,False,6.02
2024-07-23,113056.31,67607.71339918874,False,6.02
2024-07-24,113000.32,65942.41746522837,True,6.07
2024-07-25,112542.78,65403.53513022529,True,6.45
2024-07-26,112836.92,65749.96361965332,True,6.21
2024-07-27,114679.63,67920.2964857025,True,4.67
2024-07-28,114794.34,68055.40838968738,True,4.58
2024-07-29,114952.98,68242.2474440493,True,4.45
2024-07-30,113703.25,66770.32091848266,True,5.49
2024-07-31,113235.19,66219.05102486102,True,5.87
2024-08-01,111279.58,64679.77864703252,False,7.5
2024-08-02,111279.58,65357.52960767435,False,7.5
2024-08-03,111279.58,61407.29547397454,False,7.5
2024-08-04,111279.58,60738.7449250574,False,7.5
2024-08-05,111256.68,58006.206586686734,True,7.52
2024-08-06,112973.8,53956.26184159744,True,6.09
2024-08-07,112093.25,55959.84107399357,True,6.82
2024-08-08,112463.31,55099.95181146735,True,6.52
2024-08-09,110418.53,61859.03159904161,False,8.22
2024-08-10,110418.53,60912.588533350805,False,8.22
2024-08-11,110418.53,60887.70861641504,False,8.22
2024-08-12,110418.53,58804.23449992608,False,8.22
2024-08-13,110418.53,59350.07433270696,False,8.22
2024-08-14,110418.53,60601.22317789727,False,8.22
2024-08-15,110418.53,58739.19382231015,False,8.22
2024-08-16,110418.53,57624.11692852191,False,8.22
2024-08-17,110418.53,58881.92579151217,False,8.22
2024-08-18,110418.53,59430.79163445865,False,8.22
2024-08-19,110418.53,58438.29374268541,False,8.22
2024-08-20,110418.53,59574.94581294088,False,8.22
2024-08-21,110418.53,59060.12610074137,False,8.22
2024-08-22,110418.53,61144.68762866613,False,8.22
2024-08-23,110418.53,60387.54062321362,False,8.22
2024-08-24,110418.53,64049.68561555576,False,8.22
2024-08-25,110418.53,64157.1606134782,False,8.22
2024-08-26,110418.53,64265.81631272862,False,8.22
2024-08-27,110418.53,62922.58634676265,False,8.22
2024-08-28,110418.53,59526.560879590994,False,8.22
2024-08-29,110418.53,59015.29633887944,False,8.22
2024-08-30,110418.53,59351.5794909728,False,8.22
2024-08-31,110418.53,59156.24603646356,False,8.22
2024-09-01,110418.53,58960.23658664587,False,8.22
2024-09-02,110418.53,57357.71617282246,False,8.22
2024-09-03,110418.53,59108.73235863689,False,8.22
2024-09-04,110418.53,57504.53858622044,False,8.22
2024-09-05,110418.53,57987.84601410068,False,8.22
2024-09-06,110418.53,56132.4047320886,False,8.22
2024-09-07,110418.53,53923.35611071905,False,8.22
2024-09-08,110418.53,54150.9383589072,False,8.22
2024-09-09,110418.53,54792.40755768575,False,8.22
2024-09-10,110418.53,57049.11875114327,False,8.22
2024-09-11,110418.53,57624.16178336144,False,8.22
2024-09-12,110418.53,57381.76444500048,False,8.22
2024-09-13,110418.53,58106.95122981528,False,8.22
2024-09-14,110418.53,60620.62747295754,False,8.22
2024-09-15,110418.53,60003.29940083042,False,8.22
2024-09-16,110418.53,59214.80226801806,False,8.22
2024-09-17,110418.53,58211.123231286256,False,8.22
2024-09-18,110418.53,60317.0319794625,False,8.22
2024-09-19,110418.53,61440.41208494509,False,8.22
2024-09-20,110418.53,62966.52931910512,False,8.22
2024-09-21,110418.53,63128.224540748255,False,8.22
2024-09-22,110418.53,63403.40234925936,False,8.22
2024-09-23,110418.53,63582.59956924825,False,8.22
2024-09-24,110363.68,63327.02654450202,True,8.26
2024-09-25,111235.96,64334.14274876097,True,7.54
2024-09-26,110212.01,63151.89959401337,True,8.39
2024-09-27,111925.92,65130.76884023231,True,6.96
2024-09-28,112497.76,65791.00212541742,True,6.49
2024-09-29,112621.7,65934.10709441357,True,6.38
2024-09-30,112387.49,65663.68986662335,True,6.58
2024-10-01,110291.15,63243.27532464382,True,8.32
2024-10-02,108733.27,60872.66854372554,False,9.62
2024-10-03,108733.27,60655.55979196848,False,9.62
2024-10-04,108733.27,60727.86395169296,False,9.62
2024-10-05,108733.27,62103.01047283253,False,9.62
2024-10-06,108733.27,62091.932585194016,False,9.62
2024-10-07,108733.27,62811.79972811266,False,9.62
2024-10-08,108733.27,62287.39010510681,False,9.62
2024-10-09,108733.27,62185.230423727575,False,9.62
2024-10-10,108733.27,60597.15045618275,False,9.62
2024-10-11,108733.27,60195.18073772453,False,9.62
2024-10-12,108733.27,62392.34048293159,False,9.62
2024-10-13,108733.27,63207.77062127557,False,9.62
2024-10-14,108733.27,62829.533686088886,False,9.62
2024-10-15,108733.27,66049.99492708022,False,9.62
2024-10-16,108733.27,66962.21994496793,False,9.62
2024-10-17,108733.27,67647.54414766871,False,9.62
2024-10-18,108733.27,67328.10527002988,False,9.62
2024-10-19,108733.27,68465.61920668735,False,9.62
2024-10-20,108733.27,68388.87128965274,False,9.62
2024-10-21,108733.27,68962.82918045693,False,9.62
2024-10-22,108733.27,67394.85775735618,False,9.62
2024-10-23,108733.27,67351.04793512498,False,9.62
2024-10-24,108733.27,66683.96806542306,False,9.62
2024-10-25,108733.27,68214.05205157402,False,9.62
2024-10-26,108733.27,66585.66535501445,False,9.62
2024-10-27,108733.27,67018.1650170265,False,9.62
2024-10-28,108733.27,67938.55412885673,False,9.62
2024-10-29,108733.27,69845.304531169,False,9.62
2024-10-30,108733.27,72781.11308158132,False,9.62
2024-10-31,108733.27,72342.62171127986,False,9.62
2024-11-01,108733.27,70264.99735573279,False,9.62
2024-11-02,108733.27,69507.92256395647,False,9.62
2024-11-03,108733.27,69299.16036699413,False,9.62
2024-11-04,108733.27,68803.50626277467,False,9.62
2024-11-05,108733.27,67793.29782704762,False,9.62
2024-11-06,108733.27,69335.42553133758,False,9.62
2024-11-07,108733.27,75620.88606963192,False,9.62
2024-11-08,108733.27,75987.24178320667,False,9.62
2024-11-09,108733.27,76550.0213845611,False,9.62
2024-11-10,108733.27,76630.22631415377,False,9.62
2024-11-11,108733.27,80466.71654833542,False,9.62
2024-11-12,108733.27,88637.42000322911,False,9.62
2024-11-13,108733.27,88264.59974582895,False,9.62
2024-11-14,108733.27,90488.10007497849,False,9.62
2024-11-15,108733.27,87407.51273710128,False,9.62
2024-11-16,108733.27,90947.97509443705,False,9.62
2024-11-17,108733.27,90606.45489380708,False,9.62
2024-11-18,108733.27,89841.47194135105,False,9.62
2024-11-19,108733.27,90534.62459650292,False,9.62
2024-11-20,108733.27,92251.65240738312,False,9.62
2024-11-21,108733.27,94217.02229634204,False,9.62
2024-11-22,108733.27,98509.11859102432,False,9.62
2024-11-23,108733.27,98927.494945534,False,9.62
2024-11-24,108733.27,97679.46381643032,False,9.62
2024-11-25,108733.27,98015.9355289458,False,9.62
2024-11-26,108733.27,93004.70093103289,False,9.62
2024-11-27,108733.27,91931.83077291829,False,9.62
2024-11-28,108733.27,95981.18057210564,False,9.62
2024-11-29,108733.27,95661.59595817851,False,9.62
2024-11-30,108733.27,97453.2473451042,False,9.62
2024-12-01,108733.27,96513.14234698223,False,9.62
2024-12-02,108733.27,97311.70719084324,False,9.62
2024-12-03,108733.27,95833.1362300365,False,9.62
2024-12-04,108733.27,96031.63097759832,False,9.62
2024-12-05,108733.27,98881.4694561823,False,9.62
2024-12-06,108733.27,97201.5003640774,False,9.62
2024-12-07,108733.27,99973.85150659826,False,9.62
2024-12-08,108733.27,99781.82999198174,False,9.62
2024-12-09,108733.27,101235.3717025316,False,9.62
2024-12-10,108733.27,97353.94700820888,False,9.62
2024-12-11,108733.27,96649.71446771533,False,9.62
2024-12-12,108733.27,101123.61811033696,False,9.62
2024-12-13,108733.27,100000.80836535196,False,9.62
2024-12-14,108733.27,101352.22971292294,False,9.62
2024-12-15,108733.27,101367.01064553364,False,9.62
2024-12-16,108733.27,104721.50151808978,False,9.62
2024-12-17,108733.27,106074.10723541168,False,9.62
2024-12-18,108733.27,106034.913402645,False,9.62
2024-12-19,108733.27,100355.5761481501,False,9.62
2024-12-20,108733.27,97851.35377075804,False,9.62
2024-12-21,108733.27,97691.43431692652,False,9.62
2024-12-22,108733.27,97202.82496847631,False,9.62
2024-12-23,108733.27,95094.27394862172,False,9.62
2024-12-24,108733.27,94644.9108546432,False,9.62
2024-12-25,108733.27,98695.714007826,False,9.62
2024-12-26,108733.27,99344.95417367227,False,9.62
2024-12-27,108733.27,95678.31244565404,False,9.62
2024-12-28,108733.27,94331.94727053076,False,9.62
2024-12-29,108733.27,95184.61945288602,False,9.62
2024-12-30,108733.27,93663.44751964069,False,9.62
2024-12-31,108733.27,92627.28213113276,False,9.62
2025-01-01,108733.27,93507.85874741492,False,9.62
2025-01-02,108733.27,94384.1761153871,False,9.62
2025-01-03,108733.27,96852.14681235077,False,9.62
2025-01-04,108733.27,98084.34279280754,False,9.62
2025-01-05,108733.27,98256.73876849932,False,9.62
2025-01-06,108733.27,98364.58946599838,False,9.62
2025-01-07,108733.27,102229.39453189744,False,9.62
2025-01-08,108733.27,96952.09886774956,False,9.62
2025-01-09,108733.27,95016.71440989176,False,9.62
2025-01-10,108733.27,92376.275783461,False,9.62
2025-01-11,108733.27,94736.6267420969,False,9.62
2025-01-12,108733.27,94559.55167224212,False,9.62
2025-01-13,108733.27,94454.77089638809,False,9.62
2025-01-14,108733.27,94456.3493746993,False,9.62
2025-01-15,108733.27,96574.07768799194,False,9.62
2025-01-16,108733.27,100313.15239828422,False,9.62
2025-01-17,108733.27,100044.57926776377,False,9.62
2025-01-18,108733.27,104160.69358484232,False,9.62
2025-01-19,108733.27,104334.61575724394,False,9.62
2025-01-20,108733.27,101275.33714814208,False,9.62
2025-01-21,108733.27,101764.90860170544,False,9.62
2025-01-22,108733.27,106182.2368201815,False,9.62
2025-01-23,108733.27,103673.53509537788,False,9.62
2025-01-24,108733.27,104067.60991206949,False,9.62
2025-01-25,108733.27,104835.19253555956,False,9.62
2025-01-26,108733.27,104796.04077738234,False,9.62
2025-01-27,108733.27,102552.24874280208,False,9.62
2025-01-28,108733.27,101958.46953745594,False,9.62
2025-01-29,108733.27,101313.11264498268,False,9.62
2025-01-30,108733.27,103718.97939813643,False,9.62
2025-01-31,108733.27,104781.5135100103,False,9.62
2025-02-01,108733.27,102382.39409722164,False,9.62
2025-02-02,108733.27,100674.78762544956,False,9.62
2025-02-03,108733.27,97568.31653024876,False,9.62
2025-02-04,108733.27,101466.8606657039,False,9.62
2025-02-05,108733.27,98118.43921664466,False,9.62
2025-02-06,108733.27,96582.88682919052,False,9.62
2025-02-07,108733.27,96635.41875332213,False,9.62
2025-02-08,108733.27,96558.4563096667,False,9.62
2025-02-09,108733.27,96558.23762501092,False,9.62
2025-02-10,108733.27,96548.57865379583,False,9.62
2025-02-11,108733.27,97399.98161383196,False,9.62
2025-02-12,108733.27,95739.9773707924,False,9.62
2025-02-13,108733.27,97836.18856127484,False,9.62
2025-02-14,108733.27,96561.6639990985,False,9.62
2025-02-15,108733.27,97488.48148536457,False,9.62
2025-02-16,108733.27,97569.95169430463,False,9.62
2025-02-17,108733.27,96149.3484548204,False,9.62
2025-02-18,108733.27,95776.15723852724,False,9.62
2025-02-19,108733.27,95495.89153299289,False,9.62
2025-02-20,108733.27,96554.87156259285,False,9.62
2025-02-21,108733.27,98384.31738240314,False,9.62
2025-02-22,108733.27,96135.15541305284,False,9.62
2025-02-23,108733.27,96564.15414290236,False,9.62
2025-02-24,108733.27,96327.46309127836,False,9.62
2025-02-25,108733.27,91396.76686930266,False,9.62
2025-02-26,108733.27,88755.7693356979,False,9.62
2025-02-27,108733.27,83900.11496524839,False,9.62
2025-02-28,108733.27,84709.14477847965,False,9.62
2025-03-01,108733.27,84441.9012237131,False,9.62
2025-03-02,108733.27,86005.25629681018,False,9.62
2025-03-03,108733.27,94261.5328653844,False,9.62
2025-03-04,108733.27,86124.71418722175,False,9.62
2025-03-05,108733.27,87310.80531078295,False,9.62
2025-03-06,108733.27,90604.08098523636,False,9.62
2025-03-07,108733.27,90001.40087607042,False,9.62
2025-03-08,108733.27,86773.33597555371,False,9.62
2025-03-09,108733.27,86142.9833586432,False,9.62
2025-03-10,108733.27,80751.13893300897,False,9.62
2025-03-11,108733.27,78783.94057934263,False,9.62
2025-03-12,108733.27,82799.1080292053,False,9.62
2025-03-13,108733.27,83884.24578828987,False,9.62
2025-03-14,108733.27,81098.90052436228,False,9.62
2025-03-15,108733.27,83971.70916064628,False,9.62
2025-03-16,108733.27,84391.69087647168,False,9.62
2025-03-17,108733.27,82610.61750343916,False,9.62
2025-03-18,108733.27,84075.36559694471,False,9.62
2025-03-19,108733.27,82780.03048688271,False,9.62
2025-03-20,108733.27,86815.44109470697,False,9.62
2025-03-21,108733.27,84270.84358966233,False,9.62
2025-03-22,108733.27,84009.532917822,False,9.62
2025-03-23,108733.27,83793.30854192551,False,9.62
2025-03-24,108733.27,85787.70914901773,False,9.62
2025-03-25,108733.27,87327.72969669085,False,9.62
2025-03-26,108733.27,87520.58391530563,False,9.62
2025-03-27,108733.27,86960.8555491039,False,9.62
2025-03-28,108733.27,87227.27158032371,False,9.62
2025-03-29,108733.27,84359.46915506005,False,9.62
2025-03-30,108733.27,82679.17255385047,False,9.62
2025-03-31,108733.27,82356.38111183756,False,9.62
2025-04-01,108733.27,82514.09365397849,False,9.62
2025-04-02,108733.27,85237.5876052852,False,9.62
2025-04-03,108733.27,82526.4221526433,False,9.62
2025-04-04,108733.27,83163.98757387721,False,9.62
2025-04-05,108733.27,83852.00765399594,False,9.62
2025-04-06,108733.27,83595.88550177493,False,9.62
2025-04-07,108733.27,78211.48358199988,False,9.62
2025-04-08,108733.27,79179.29226757778,False,9.62
2025-04-09,108733.27,76329.090356324,False,9.62
2025-04-10,108733.27,82622.17029546302,False,9.62
2025-04-11,108733.27,79596.35732250768,False,9.62
2025-04-12,108733.27,83439.28818043756,False,9.62
2025-04-13,108733.27,85305.09728392666,False,9.62
2025-04-14,108733.27,83600.82010054543,False,9.62
2025-04-15,108733.27,84523.4524914945,False,9.62
2025-04-16,108733.27,83656.49248858042,False,9.62
2025-04-17,108733.27,84105.77942167096,False,9.62
2025-04-18,108733.27,84930.90857600998,False,9.62
2025-04-19,108733.27,84433.75017215389,False,9.62
2025-04-20,108733.27,85126.66244301842,False,9.62
2025-04-21,108733.27,85073.16544858096,False,9.62
2025-04-22,108733.27,87452.04699068287,False,9.62
2025-04-23,108733.27,93576.1658857398,False,9.62
2025-04-24,108733.27,93605.45230873208,False,9.62
2025-04-25,108733.27,93872.81422867288,False,9.62
2025-04-26,108687.77,94773.11200643536,True,9.65
2025-04-27,108625.82,94644.06637120109,True,9.71
2025-04-28,108225.08,93809.33781968225,True,10.04
2025-04-29,108811.39,95030.60645474444,True,9.55
2025-04-30,108439.69,94256.35946318062,True,9.86
2025-05-01,108429.79,94235.75331048168,True,9.87
2025-05-02,109481.75,96426.94522273028,True,8.99
2025-05-03,109687.52,96855.5681343944,True,8.82
2025-05-04,109239.75,95922.86842404422,True,9.2
2025-05-05,108473.42,94326.62048529249,True,9.83
2025-05-06,108680.91,94758.8237105546,True,9.66
2025-05-07,109687.02,96854.53198815876,True,8.82
2025-05-08,109769.58,97026.493769668,True,8.75
2025-05-09,112673.96,103076.27555512934,True,6.34
2025-05-10,112619.36,102962.540456923,True,6.39
2025-05-11,113420.3,104630.8792994166,True,5.72
2025-05-12,113114.58,103994.061616746,True,5.97
2025-05-13,112578.22,102876.8304286011,True,6.42
2025-05-14,113206.0,104184.49039270742,True,5.9
2025-05-15,112922.72,103594.42575090707,True,6.13
2025-05-16,112977.65,103708.8513642364,True,6.09
2025-05-17,112904.29,103556.03493982446,True,6.15
2025-05-18,112739.3,103212.36483885496,True,6.29
2025-05-19,114092.3,106030.6376831359,True,5.16
2025-05-20,113899.68,105629.41580436694,True,5.32
2025-05-21,114455.28,106786.71995834044,True,4.86
2025-05-22,115837.5,109665.86371625264,True,3.71
2025-05-23,116747.01,111560.356938144,True,2.96
2025-05-24,114661.69,107216.66856870624,True,4.69
2025-05-25,114956.79,107831.36374380375,True,4.44
2025-05-26,115451.49,108861.81037744328,True,4.03
2025-05-27,115699.17,109377.71513263127,True,3.83
2025-05-28,115550.7,109068.45694901443,True,3.95
2025-05-29,114960.07,107838.18431100152,True,4.44
2025-05-30,113970.03,105745.41660358038,False,5.26
2025-05-31,113970.03,104010.91956242644,False,5.26
2025-06-01,113970.03,104687.50742934884,False,5.26
2025-06-02,113970.03,105710.00593822816,False,5.26
2025-06-03,113970.03,105884.74263221148,False,5.26
2025-06-04,113970.03,105434.47745144973,False,5.26
2025-06-05,113970.03,104812.9182188067,False,5.26
2025-06-06,113970.03,101650.7387545425,False,5.26
2025-06-07,113970.03,104409.74967959142,False,5.26
2025-06-08,113970.03,105681.4546141758,False,5.26
2025-06-09,113970.03,105692.24740699006,False,5.26
2025-06-10,113970.03,110261.57485948496,False,5.26
2025-06-11,113970.03,110212.73252109604,False,5.26
2025-06-12,113970.03,108679.9760916168,False,5.26
2025-06-13,113970.03,105979.22902375912,False,5.26
2025-06-14,113970.03,106045.56440819205,False,5.26
2025-06-15,113970.03,105482.90611628916,False,5.26
2025-06-16,113970.03,105554.49383061715,False,5.26
2025-06-17,113970.03,106951.2720181497,False,5.26
2025-06-18,113970.03,104683.42479835715,False,5.26
2025-06-19,113970.03,104722.695052907,False,5.26
2025-06-20,113970.03,104690.65002458123,False,5.26
2025-06-21,113970.03,103290.105144757,False,5.26
2025-06-22,113970.03,101532.5683847329,False,5.26
2025-06-23,113970.03,100852.58264648831,False,5.26
2025-06-24,113970.03,105511.62437933136,False,5.26
2025-06-25,113970.03,105976.06929808448,False,5.26
2025-06-26,113970.03,107238.53045016268,False,5.26
2025-06-27,113970.03,106984.01253775664,False,5.26
2025-06-28,113970.03,107078.91560644074,False,5.26
2025-06-29,113970.03,107331.58548463575,False,5.26
2025-06-30,113970.03,108396.61631317894,False,5.26
2025-07-01,113970.03,107132.79910701896,False,5.26
2025-07-02,113970.03,105613.39974163056,False,5.26
2025-07-03,113970.03,108824.44423167944,False,5.26
2025-07-04,113970.03,109602.20483914016,False,5.26
2025-07-05,113970.03,108040.8919400104,False,5.26
2025-07-06,113970.03,108217.46849992426,False,5.26
2025-07-07,113970.03,109215.19771840284,False,5.26
2025-07-08,113970.03,108300.71675785031,False,5.26
2025-07-09,113970.03,108953.19187727802,False,5.26
2025-07-10,113970.03,111327.53054245668,False,5.26
2025-07-11,113970.03,115879.65030112496,False,5.26
2025-07-12,113970.03,117571.02510036016,False,5.26
2025-07-13,113970.03,117418.95745007684,False,5.26
2025-07-14,113970.03,119117.55666327637,False,5.26
2025-07-15,113970.03,119833.67446712356,False,5.26
2025-07-16,113970.03,117678.19493404306,False,5.26
2025-07-17,113970.03,118748.1627367753,False,5.26
2025-07-18,113970.03,119445.36520434044,False,5.26
2025-07-19,113970.03,117988.94664455787,False,5.26
2025-07-20,113970.03,117901.62655900871,False,5.26
2025-07-21,113970.03,117256.9208222684,False,5.26
2025-07-22,113970.03,117482.46977767294,False,5.26
2025-07-23,113970.03,119955.79570607652,False,5.26
2025-07-24,113970.03,118629.05588130427,False,5.26
2025-07-25,113970.03,118354.43517438594,False,5.26
2025-07-26,113970.03,117540.8083708574,False,5.26
2025-07-27,113970.03,117959.54234360624,False,5.26
2025-07-28,113970.03,119418.91405141471,False,5.26
2025-07-29,113970.03,118003.30201607826,False,5.26
2025-07-30,113970.03,117853.30892863822,False,5.26
2025-07-31,113970.03,117833.24087995924,False,5.26
2025-08-01,113970.03,115700.00243915782,False,5.26
2025-08-02,113970.03,113234.6051343189,False,5.26
2025-08-03,113970.03,112554.90232221724,False,5.26
2025-08-04,113970.03,114199.10966460756,False,5.26
2025-08-05,113970.03,115138.68613070175,False,5.26
2025-08-06,113970.03,114128.35408881678,False,5.26
2025-08-07,113970.03,115022.09576830892,False,5.26
2025-08-08,113970.03,117463.47451085236,False,5.26
2025-08-09,113970.03,116688.36663186055,False,5.26
2025-08-10,113970.03,116510.08393213755,False,5.26
2025-08-11,113970.03,119266.92516880557,False,5.26
2025-08-12,113970.03,118773.79960860992,False,5.26
2025-08-13,113970.03,120202.53485503166,False,5.26
2025-08-14,113970.03,123560.99363577303,False,5.26
2025-08-15,113970.03,118405.59579823952,False,5.26
2025-08-16,113970.03,117339.79190213275,False,5.26
2025-08-17,113970.03,117501.21653394958,False,5.26
2025-08-18,113970.03,117542.83687778088,False,5.26
2025-08-19,113970.03,116256.41276740946,False,5.26
2025-08-20,113970.03,112778.34483555844,False,5.26
2025-08-21,113970.03,114252.39755195397,False,5.26
2025-08-22,113970.03,112414.39987336512,False,5.26
2025-08-23,113970.03,116834.24948202296,False,5.26
2025-08-24,113970.03,115359.98346714744,False,5.26
2025-08-25,113970.03,113399.54847314973,False,5.26
2025-08-26,113970.03,110185.35443900424,False,5.26
2025-08-27,113970.03,111842.70999260596,False,5.26
2025-08-28,113970.03,111216.08479629167,False,5.26
2025-08-29,113970.03,112525.59740669793,False,5.26
2025-08-30,113970.03,108480.30666639366,False,5.26
2025-08-31,113936.9,108781.95727925688,True,5.29
2025-09-01,114098.49,108253.36092385623,True,5.16
2025-09-02,113821.48,109162.68557992298,True,5.39
2025-09-03,113220.15,111190.18209845416,True,5.89
2025-09-04,113069.05,111711.51977725116,True,6.01
2025-09-05,113356.25,110724.736377486,True,5.77
2025-09-06,113374.63,110662.18112628513,True,5.76
2025-09-07,113508.34,110209.1888247784,True,5.65
2025-09-08,113237.1,111131.9923868407,True,5.87
2025-09-09,112978.84,112025.12878118773,True,6.09
2025-09-10,113116.46,111547.43956434788,True,5.97
2025-09-11,112514.0,113975.32489468766,False,6.47
2025-09-12,112514.0,115503.16663193036,False,6.47
2025-09-13,112514.0,116160.14344594492,False,6.47
2025-09-14,112514.0,115970.58488443034,False,6.47
2025-09-15,112514.0,115373.55555886828,False,6.47
2025-09-16,112425.52,115397.25272727507,True,6.55
2025-09-17,113472.64,116762.8496864193,True,5.68
2025-09-18,113237.31,116455.9464822532,True,5.87
2025-09-19,113766.05,117145.49508952006,True,5.43
2025-09-20,112623.78,115655.81046441344,True,6.38
2025-09-21,112669.56,115715.51536781774,True,6.34
2025-09-22,112354.38,115304.47999407038,True,6.61
2025-09-23,110082.21,112696.74101711863,False,8.5
2025-09-24,110082.21,112022.16587861197,False,8.5
2025-09-25,110082.21,113320.56908541008,False,8.5
2025-09-26,110082.21,108963.53013595636,False,8.5
2025-09-27,110038.49,109710.20874667744,True,8.53
2025-09-28,110060.56,109654.81021075726,True,8.51
2025-09-29,109090.97,112142.57362752674,True,9.32
2025-09-30,108309.37,114309.15041119448,False,9.97
2025-10-01,108309.37,114024.22783550054,False,9.97
2025-10-02,108226.91,118503.24451752484,True,10.04
2025-10-03,109694.1,120611.71911591051,True,8.82
2025-10-04,110834.21,122250.15186842805,True,7.87
2025-10-05,110925.22,122380.93708463266,True,7.79
2025-10-06,111708.23,123506.18520027678,True,7.14
2025-10-07,112590.1,124773.50823074432,True,6.41
2025-10-08,110325.27,121518.75593575073,True,8.29
2025-10-09,111601.29,123352.50487523204,True,7.23
2025-10-10,110450.01,121698.03066778315,True,8.19
2025-10-11,107786.34,113201.74064138904,False,10.4
2025-10-12,107786.34,110853.11663883904,False,10.4
2025-10-13,107786.34,115189.5714637257,False,10.4
2025-10-14,107786.34,115222.28302116522,False,10.4
2025-10-15,107786.34,113156.56943826911,False,10.4
2025-10-16,107786.34,110708.66960879424,False,10.4
2025-10-17,107786.34,108076.72862033188,False,10.4
2025-10-18,107759.83,106443.61194984637,True,10.43
2025-10-19,107583.81,107156.00337647724,True,10.57
2025-10-20,107229.06,108621.134857428,True,10.87
2025-10-21,106762.85,110608.5714932665,True,11.25
2025-10-22,107261.35,108486.1026271664,True,10.84
2025-10-23,107470.8,107618.4266715404,True,10.67
2025-10-24,106892.52,110048.51827291628,True,11.15
2025-10-25,106673.5,110997.80437129698,True,11.33
2025-10-26,106252.04,111620.3093731354,False,11.68
2025-10-27,106252.04,114476.01227508576,False,11.68
2025-10-28,106252.04,114182.79442806762,False,11.68
2025-10-29,106252.04,112950.34863259472,False,11.68
2025-10-30,106252.04,110046.66925837284,False,11.68
2025-10-31,106252.04,108240.76528725718,False,11.68
2025-11-01,106252.04,109573.90555629117,False,11.68
2025-11-02,106252.04,110014.13556776088,False,11.68
2025-11-03,106252.04,110650.2092823146,False,11.68
2025-11-04,106252.04,106521.0867382576,False,11.68
2025-11-05,106252.04,101635.2740227234,False,11.68
2025-11-06,106252.04,103877.9596595516,False,11.68
2025-11-07,106252.04,101322.6402945857,False,11.68
2025-11-08,106252.04,103396.084215925,False,11.68
2025-11-09,106252.04,102290.13714655169,False,11.68
2025-11-10,106252.04,104709.67861656273,False,11.68
2025-11-11,106252.04,105909.07272321742,False,11.68
2025-11-12,106252.04,102960.77564500563,False,11.68
2025-11-13,106252.04,101521.70859453591,False,11.68
2025-11-14,106252.04,99730.4533956204,False,11.68
2025-11-15,106252.04,94456.39368235336,False,11.68
2025-11-16,106252.04,95508.31019889197,False,11.68
2025-11-17,106252.04,94411.32947182968,False,11.68
2025-11-18,106252.04,92036.7255045672,False,11.68
2025-11-19,106252.04,92819.759215009,False,11.68
2025-11-20,106252.04,91363.27838693369,False,11.68
2025-11-21,106252.04,86649.97257918229,False,11.68
2025-11-22,106252.04,85051.8019295002,False,11.68
2025-11-23,106252.04,84682.62429147748,False,11.68
2025-11-24,106252.04,86783.84766839583,False,11.68
2025-11-25,106252.04,88229.35740719768,False,11.68
2025-11-26,106252.04,87310.33159950442,False,11.68
2025-11-27,106252.04,90474.22677969698,False,11.68
2025-11-28,106252.04,91279.06057176425,False,11.68
2025-11-29,106252.04,90950.37695910994,False,11.68
2025-11-30,106252.04,90841.45258193676,False,11.68
2025-12-01,106252.04,90406.28448571144,False,11.68
2025-12-02,106252.04,86281.49519776918,False,11.68
2025-12-03,106252.04,91344.73275150164,False,11.68
2025-12-04,106252.04,93619.43750817105,False,11.68
2025-12-05,106252.04,92140.70419795792,False,11.68
2025-12-06,106252.04,89307.09154512963,False,11.68
2025-12-07,106252.04,89244.7620814118,False,11.68
2025-12-08,106252.04,90162.90714007126,False,11.68
2025-12-09,106252.04,90618.0535204608,False,11.68
2025-12-10,106252.04,92723.21372069632,False,11.68
2025-12-11,106252.04,92005.13714957412,False,11.68
2025-12-12,106252.04,92494.17691640416,False,11.68
2025-12-13,106252.04,90307.26028567804,False,11.68
2025-12-14,106252.04,90257.4292885891,False,11.68
2025-12-15,106252.04,88230.77409367911,False,11.68
2025-12-16,106252.04,86413.9190195637,False,11.68
2025-12-17,106252.04,87821.88919109134,False,11.68
2025-12-18,106252.04,86064.94716216,False,11.68
2025-12-19,106252.04,85450.3312009302,False,11.68
2025-12-20,106252.04,88103.86075721023,False,11.68
2025-12-21,106252.04,88347.94310567998,False,11.68
2025-12-22,106252.04,88577.42038358838,False,11.68
2025-12-23,106252.04,88491.12020788102,False,11.68
2025-12-24,106252.04,87406.43636737975,False,11.68
2025-12-25,106252.04,87642.60888119951,False,11.68
2025-12-26,106252.04,87229.78066010943,False,11.68
2025-12-27,106252.04,87305.95655961394,False,11.68
2025-12-28,106252.04,87807.003210775,False,11.68
2025-12-29,106252.04,87822.90829076794,False,11.68
2025-12-30,106252.04,87156.56266080117,False,11.68
2025-12-31,106252.04,88414.62856073362,False,11.68
2026-01-01,106252.04,87520.18048742875,False,11.68
2026-01-02,106252.04,88727.67004249741,False,11.68
2026-01-03,106252.04,89926.27924953419,False,11.68
2026-01-04,106252.04,90593.85443180415,False,11.68
2026-01-05,106252.04,91373.21588108438,False,11.68
2026-01-06,106252.04,93926.7956485658,False,11.68
2026-01-07,106252.04,93666.86387314304,False,11.68
2026-01-08,106252.04,91257.15544035909,False,11.68
2026-01-09,106252.04,90983.51578142623,False,11.68
2026-01-10,106252.04,90504.8956034002,False,11.68
2026-01-11,106252.04,90442.01907847,False,11.68
2026-01-12,106252.04,90819.36598904192,False,11.68
2026-01-13,106252.04,91134.96917951509,False,11.68
2026-01-14,106252.04,95260.4422971001,False,11.68
2026-01-15,106252.04,97007.78078881276,False,11.68
2026-01-16,106252.04,95584.82797878512,False,11.68
2026-01-17,106252.04,95516.07771987125,False,11.68
2026-01-18,106252.04,95099.53192554633,False,11.68
2026-01-19,106252.04,93752.70577188236,False,11.68
2026-01-20,106252.04,92558.46334372148,False,11.68
2026-01-21,106252.04,88312.84053255555,False,11.68
2026-01-22,106252.04,89354.34377512129,False,11.68
2026-01-23,106252.04,89443.39744146909,False,11.68
2026-01-24,106252.04,89412.39849953113,False,11.68
2026-01-25,106252.04,89170.87364531498,False,11.68
2026-01-26,106252.04,86548.32213469829,False,11.68
2026-01-27,106252.04,88307.8612070438,False,11.68
2026-01-28,106252.04,89204.22239644526,False,11.68
2026-01-29,106252.04,89162.09701574955,False,11.68
2026-01-30,106252.04,84570.40906135936,False,11.68
2026-01-31,106252.04,84141.77856967277,False,11.68
2026-02-01,106252.04,78725.85853884545,False,11.68
2026-02-02,106252.04,76937.06406636834,False,11.68
2026-02-03,106252.04,78767.65815345927,False,11.68
2026-02-04,106252.04,75638.95670207398,False,11.68
2026-02-05,106252.04,73172.29203248928,False,11.68
2026-02-06,106252.04,62853.69038445987,False,11.68
2026-02-07,106252.04,70523.95417035831,False,11.68
2026-02-08,106252.04,69296.80677355142,False,11.68
2026-02-09,106252.04,70542.37329463876,False,11.68
2026-02-10,106252.04,70096.40692272567,False,11.68
2026-02-11,106252.04,68779.90981269129,False,11.68
2026-02-12,106252.04,66937.58141157958,False,11.68
2026-02-13,106252.04,66184.57765470445,False,11.68
