date,equity,close,in_position,drawdown_pct
2020-01-01,100000.0,7195.153895430029,False,0.0
2020-01-02,100000.0,7193.7546679601,False,0.0
2020-01-03,100000.0,6963.853353983485,False,0.0
2020-01-04,100000.0,7300.34693530511,False,0.0
2020-01-05,100000.0,7351.377053166627,False,0.0
2020-01-06,100000.0,7349.972248050628,False,0.0
2020-01-07,100000.0,7734.675515785289,False,0.0
2020-01-08,100000.0,8147.415237636371,False,0.0
2020-01-09,100000.0,8045.789124592971,False,0.0
2020-01-10,100000.0,7832.795643840387,False,0.0
2020-01-11,100000.0,8180.513169803805,False,0.0
2020-01-12,100000.0,8012.085781814529,False,0.0
2020-01-13,100000.0,8171.401185320944,False,0.0
2020-01-14,100000.0,8110.647964503772,False,0.0
2020-01-15,100000.0,8801.871213137745,False,0.0
2020-01-16,100000.0,8820.85010599613,False,0.0
2020-01-17,100000.0,8720.91950137424,False,0.0
2020-01-18,100000.0,8902.568995225329,False,0.0
2020-01-19,100000.0,8906.902675151074,False,0.0
2020-01-20,100000.0,8690.380569544623,False,0.0
2020-01-21,100000.0,8631.253954333763,False,0.0
2020-01-22,100000.0,8724.818622931474,False,0.0
2020-01-23,100000.0,8665.436914096897,False,0.0
2020-01-24,100000.0,8415.956027335538,False,0.0
2020-01-25,100000.0,8432.096675789418,False,0.0
2020-01-26,100000.0,8348.665665079325,False,0.0
2020-01-27,100000.0,8595.728298493115,False,0.0
2020-01-28,100000.0,8879.335548714553,False,0.0
2020-01-29,100000.0,9320.805853868467,False,0.0
2020-01-30,100000.0,9276.893821086494,False,0.0
2020-01-31,100000.0,9509.80513557522,False,0.0
2020-02-01,100000.0,9308.060285564778,False,0.0
2020-02-02,100000.0,9363.22420680057,False,0.0
2020-02-03,100000.0,9338.416631939404,False,0.0
2020-02-04,100000.0,9308.91270229121,False,0.0
2020-02-05,100000.0,9179.95928107711,False,0.0
2020-02-06,100000.0,9592.18387389791,False,0.0
2020-02-07,100000.0,9744.636578159389,False,0.0
2020-02-08,100000.0,9799.448455824684,False,0.0
2020-02-09,100000.0,9890.701658194865,False,0.0
2020-02-10,100000.0,10148.379719131784,False,0.0
2020-02-11,100000.0,9890.121224019967,False,0.0
2020-02-12,100000.0,10226.925769215322,False,0.0
2020-02-13,100000.0,10328.897565836414,False,0.0
2020-02-14,100000.0,10221.260309201634,False,0.0
2020-02-15,100000.0,10320.157140513991,False,0.0
2020-02-16,100000.0,9894.136123789158,False,0.0
2020-02-17,100000.0,9943.673602578743,False,0.0
2020-02-18,100000.0,9723.605026422496,False,0.0
2020-02-19,100000.0,10133.817417084678,False,0.0
2020-02-20,100000.0,9618.409248250406,False,0.0
2020-02-21,100000.0,9608.16918128246,False,0.0
2020-02-22,100000.0,9673.011800270346,False,0.0
2020-02-23,100000.0,9658.606058375472,False,0.0
2020-02-24,100000.0,9946.716123467522,False,0.0
2020-02-25,100000.0,9670.9608064677,False,0.0
2020-02-26,100000.0,9345.342701734848,False,0.0
2020-02-27,100000.0,8801.657129472504,False,0.0
2020-02-28,100000.0,8781.175282202359,False,0.0
2020-02-29,100000.0,8717.331431359424,False,0.0
2020-03-01,100000.0,8552.989118581636,False,0.0
2020-03-02,100000.0,8567.802248679225,False,0.0
2020-03-03,100000.0,8905.876104262194,False,0.0
2020-03-04,100000.0,8756.718576742549,False,0.0
2020-03-05,100000.0,8758.646993191916,False,0.0
2020-03-06,100000.0,9038.870323233425,False,0.0
2020-03-07,100000.0,9135.84506603321,False,0.0
2020-03-08,100000.0,8902.20195010789,False,0.0
2020-03-09,100000.0,8041.365538071835,False,0.0
2020-03-10,100000.0,7921.33200691072,False,0.0
2020-03-11,100000.0,7906.731528510632,False,0.0
2020-03-12,100000.0,7935.522040170545,False,0.0
2020-03-13,100000.0,5142.990459018316,False,0.0
2020-03-14,100000.0,5542.819542373153,False,0.0
2020-03-15,100000.0,5214.189112383918,False,0.0
2020-03-16,100000.0,5397.93335743919,False,0.0
2020-03-17,100000.0,5032.501351487721,False,0.0
2020-03-18,100000.0,5389.41577503409,False,0.0
2020-03-19,100000.0,5376.280747845438,False,0.0
2020-03-20,100000.0,6170.200600237675,False,0.0
2020-03-21,100000.0,6195.603505257629,False,0.0
2020-03-22,100000.0,6145.770891252399,False,0.0
2020-03-23,100000.0,5859.647430299388,False,0.0
2020-03-24,100000.0,6456.347485963419,False,0.0
2020-03-25,100000.0,6730.173782371188,False,0.0
2020-03-26,100000.0,6695.900618397724,False,0.0
2020-03-27,100000.0,6765.56207892991,False,0.0
2020-03-28,100000.0,6397.826328325604,False,0.0
2020-03-29,100000.0,6255.000398693634,False,0.0
2020-03-30,100000.0,5915.337154791903,False,0.0
2020-03-31,100000.0,6403.141235565223,False,0.0
2020-04-01,100000.0,6421.70541388854,False,0.0
2020-04-02,100000.0,6640.797666310131,False,0.0
2020-04-03,100000.0,6807.897017890566,False,0.0
2020-04-04,100000.0,6732.852018394612,False,0.0
2020-04-05,100000.0,6859.424923721944,False,0.0
2020-04-06,100000.0,6788.048272605917,False,0.0
2020-04-07,100000.0,7297.635558289496,False,0.0
2020-04-08,100000.0,7196.782202442051,False,0.0
2020-04-09,100000.0,7342.291601148024,False,0.0
2020-04-10,100000.0,7294.488875121554,False,0.0
2020-04-11,100000.0,6864.694257006497,False,0.0
2020-04-12,100000.0,6878.781212589853,False,0.0
2020-04-13,100000.0,6913.158787469097,False,0.0
2020-04-14,100000.0,6857.538537511484,False,0.0
2020-04-15,100000.0,6860.17853570111,False,0.0
2020-04-16,100000.0,6629.431738031291,False,0.0
2020-04-17,100000.0,7059.92622475854,False,0.0
2020-04-18,100000.0,7035.261503989225,False,0.0
2020-04-19,100000.0,7242.5109294929825,False,0.0
2020-04-20,100000.0,7127.511949689152,False,0.0
2020-04-21,100000.0,6856.456278354705,False,0.0
2020-04-22,100000.0,6842.038597634602,False,0.0
2020-04-23,100000.0,7109.995291181778,False,0.0
2020-04-24,100000.0,7382.793144116689,False,0.0
2020-04-25,100000.0,7495.393587498606,False,0.0
2020-04-26,100000.0,7538.557687279841,False,0.0
2020-04-27,100000.0,7683.867415083342,False,0.0
2020-04-28,100000.0,7774.281554448049,False,0.0
2020-04-29,100000.0,7758.230255185947,False,0.0
2020-04-30,100000.0,8744.430287016561,False,0.0
2020-05-01,100000.0,8610.63580374089,False,0.0
2020-05-02,100000.0,8824.818413551968,False,0.0
2020-05-03,100000.0,8966.307014689282,False,0.0
2020-05-04,100000.0,8888.671912686868,False,0.0
2020-05-05,100000.0,8884.407813577056,False,0.0
2020-05-06,100000.0,9003.240557621584,False,0.0
2020-05-07,100000.0,9144.68703972007,False,0.0
2020-05-08,100000.0,9959.166416261767,False,0.0
2020-05-09,100000.0,9821.81131529702,False,0.0
2020-05-10,100000.0,9566.777187205966,False,0.0
2020-05-11,100000.0,8752.617087745832,False,0.0
2020-05-12,100000.0,8604.75159101983,False,0.0
2020-05-13,100000.0,8788.466749414652,False,0.0
2020-05-14,100000.0,9283.08601265873,False,0.0
2020-05-15,100000.0,9796.494527024528,False,0.0
2020-05-16,100000.0,9309.29535940684,False,0.0
2020-05-17,100000.0,9375.29710843331,False,0.0
2020-05-18,100000.0,9666.32719340344,False,0.0
2020-05-19,100000.0,9708.439858793108,False,0.0
2020-05-20,100000.0,9760.198937162191,False,0.0
2020-05-21,100000.0,9526.50759300584,False,0.0
2020-05-22,100000.0,9059.962506871729,False,0.0
2020-05-23,100000.0,9131.767275081991,False,0.0
2020-05-24,100000.0,9170.361063506129,False,0.0
2020-05-25,100000.0,8731.848525870651,False,0.0
2020-05-26,100000.0,8883.691769863415,False,0.0
2020-05-27,100000.0,8839.130663273247,False,0.0
2020-05-28,100000.0,9174.118563996424,False,0.0
2020-05-29,100000.0,9546.04563503715,False,0.0
2020-05-30,100000.0,9427.120373393418,False,0.0
2020-05-31,100000.0,9662.70587254818,False,0.0
2020-06-01,100000.0,9466.961781429516,False,0.0
2020-06-02,100000.0,10167.93069332851,False,0.0
2020-06-03,100000.0,9515.243858655718,False,0.0
2020-06-04,100000.0,9645.227869360308,False,0.0
2020-06-05,100000.0,9776.20299178848,False,0.0
2020-06-06,100000.0,9636.965527050055,False,0.0
2020-06-07,100000.0,9662.85870900224,False,0.0
2020-06-08,100000.0,9738.603356828591,False,0.0
2020-06-09,100000.0,9773.02951309516,False,0.0
2020-06-10,100000.0,9767.00531665552,False,0.0
2020-06-11,100000.0,9874.898681832236,False,0.0
2020-06-12,100000.0,9325.996856202635,False,0.0
2020-06-13,100000.0,9469.533297509908,False,0.0
2020-06-14,100000.0,9469.473456163696,False,0.0
2020-06-15,100000.0,9345.960907722065,False,0.0
2020-06-16,100000.0,9431.719262201745,False,0.0
2020-06-17,100000.0,9524.92661691022,False,0.0
2020-06-18,100000.0,9463.361414311788,False,0.0
2020-06-19,100000.0,9399.767217129216,False,0.0
2020-06-20,100000.0,9312.780104497786,False,0.0
2020-06-21,100000.0,9360.247968201687,False,0.0
2020-06-22,100000.0,9298.360829121417,False,0.0
2020-06-23,100000.0,9678.683208975835,False,0.0
2020-06-24,100000.0,9624.684291831398,False,0.0
2020-06-25,100000.0,9288.061774486938,False,0.0
2020-06-26,100000.0,9258.667161007706,False,0.0
2020-06-27,100000.0,9166.486360416233,False,0.0
2020-06-28,100000.0,9013.90556467614,False,0.0
2020-06-29,100000.0,9139.903276297824,False,0.0
2020-06-30,100000.0,9185.166540651147,False,0.0
2020-07-01,100000.0,9149.721996758017,False,0.0
2020-07-02,100000.0,9230.672998590804,False,0.0
2020-07-03,100000.0,9094.318072166903,False,0.0
2020-07-04,100000.0,9071.3850427828,False,0.0
2020-07-05,100000.0,9132.908369533492,False,0.0
2020-07-06,100000.0,9087.407312582163,False,0.0
2020-07-07,100000.0,9342.376492626678,False,0.0
2020-07-08,100000.0,9253.630980242331,False,0.0
2020-07-09,100000.0,9432.17251582794,False,0.0
2020-07-10,100000.0,9235.716302064242,False,0.0
2020-07-11,100000.0,9282.913638839902,False,0.0
2020-07-12,100000.0,9234.314674712628,False,0.0
2020-07-13,100000.0,9297.479635872663,False,0.0
2020-07-14,100000.0,9240.76251972468,False,0.0
2020-07-15,100000.0,9247.060695963812,False,0.0
2020-07-16,100000.0,9203.3714351797,False,0.0
2020-07-17,100000.0,9136.483376363976,False,0.0
2020-07-18,100000.0,9156.276583115488,False,0.0
2020-07-19,100000.0,9168.402736564132,False,0.0
2020-07-20,100000.0,9202.615839500108,False,0.0
2020-07-21,100000.0,9163.159654576915,False,0.0
2020-07-22,100000.0,9384.379751903269,False,0.0
2020-07-23,100000.0,9514.304987626969,False,0.0
2020-07-24,100000.0,9589.81771944117,False,0.0
2020-07-25,100000.0,9535.93879573746,False,0.0
2020-07-26,100000.0,9691.825138917147,False,0.0
2020-07-27,100000.0,9925.751397476346,False,0.0
2020-07-28,100000.0,10962.258481207356,False,0.0
2020-07-29,100000.0,10904.916526918994,False,0.0
2020-07-30,100000.0,11093.612240442404,False,0.0
2020-07-31,100000.0,11116.307163685276,False,0.0
2020-08-01,100000.0,11325.5515272739,False,0.0
2020-08-02,100000.0,11812.094307268517,False,0.0
2020-08-03,100000.0,11066.306240590267,False,0.0
2020-08-04,100000.0,11230.907762749295,False,0.0
2020-08-05,100000.0,11181.917508034883,False,0.0
2020-08-06,100000.0,11719.26352395155,False,0.0
2020-08-07,100000.0,11768.127742240007,False,0.0
2020-08-08,100000.0,11571.487980683192,False,0.0
2020-08-09,100000.0,11739.131006414418,False,0.0
2020-08-10,100000.0,11682.85146915494,False,0.0
2020-08-11,100000.0,11862.938012702563,False,0.0
2020-08-12,100000.0,11398.671060896631,False,0.0
2020-08-13,100000.0,11579.867951602137,False,0.0
2020-08-14,100000.0,11817.164038803396,False,0.0
2020-08-15,100000.0,11777.391322489924,False,0.0
2020-08-16,100000.0,11864.905810156475,False,0.0
2020-08-17,100000.0,11901.77648830246,False,0.0
2020-08-18,100000.0,12272.465808160425,False,0.0
2020-08-19,100000.0,11949.610970628191,False,0.0
2020-08-20,100000.0,11733.278970862082,False,0.0
2020-08-21,100000.0,11861.83657727968,False,0.0
2020-08-22,100000.0,11515.124298729215,False,0.0
2020-08-23,100000.0,11676.385305081289,False,0.0
2020-08-24,100000.0,11647.928120934364,False,0.0
2020-08-25,100000.0,11758.828120368864,False,0.0
2020-08-26,100000.0,11350.753473213,False,0.0
2020-08-27,100000.0,11465.002564032086,False,0.0
2020-08-28,100000.0,11300.398363810944,False,0.0
2020-08-29,100000.0,11519.118388160729,False,0.0
2020-08-30,100000.0,11481.481823317012,False,0.0
2020-08-31,100000.0,11701.004008657852,False,0.0
2020-09-01,100000.0,11672.324104943627,False,0.0
2020-09-02,100000.0,11895.225345345636,False,0.0
2020-09-03,100000.0,11418.254756916149,False,0.0
2020-09-04,100000.0,10197.459822768922,False,0.0
2020-09-05,100000.0,10484.470392265588,False,0.0
2020-09-06,100000.0,10177.789718049991,False,0.0
2020-09-07,100000.0,10260.0177277544,False,0.0
2020-09-08,100000.0,10359.44521698998,False,0.0
2020-09-09,100000.0,10125.014956069688,False,0.0
2020-09-10,100000.0,10230.154699360752,False,0.0
2020-09-11,100000.0,10342.15939120568,False,0.0
2020-09-12,100000.0,10378.223044584596,False,0.0
2020-09-13,100000.0,10439.38467226404,False,0.0
2020-09-14,100000.0,10328.866065987391,False,0.0
2020-09-15,100000.0,10661.096235144483,False,0.0
2020-09-16,100000.0,10787.58020807624,False,0.0
2020-09-17,100000.0,10952.2499691071,False,0.0
2020-09-18,100000.0,10937.996396960929,False,0.0
2020-09-19,100000.0,10927.150310293277,False,0.0
2020-09-20,100000.0,11083.99836119821,False,0.0
2020-09-21,100000.0,10923.32666818137,False,0.0
2020-09-22,100000.0,10439.522488792423,False,0.0
2020-09-23,100000.0,10527.58784673943,False,0.0
2020-09-24,100000.0,10223.784106392732,False,0.0
2020-09-25,100000.0,10726.530083321984,False,0.0
2020-09-26,100000.0,10681.9938481137,False,0.0
2020-09-27,100000.0,10743.19287975935,False,0.0
2020-09-28,100000.0,10765.300521660893,False,0.0
2020-09-29,100000.0,10672.02854425897,False,0.0
2020-09-30,100000.0,10837.516586513004,False,0.0
2020-10-01,100000.0,10770.881347466417,False,0.0
2020-10-02,100000.0,10627.97606396318,False,0.0
2020-10-03,100000.0,10572.674843011133,False,0.0
2020-10-04,100000.0,10546.65625537982,False,0.0
2020-10-05,100000.0,10670.700811335208,False,0.0
2020-10-06,100000.0,10784.94940309411,False,0.0
2020-10-07,100000.0,10605.95779130622,False,0.0
2020-10-08,100000.0,10668.011010796896,False,0.0
2020-10-09,100000.0,10888.666546835811,False,0.0
2020-10-10,100000.0,11063.2523862591,False,0.0
2020-10-11,100000.0,11286.541942043945,False,0.0
2020-10-12,100000.0,11377.814876756858,False,0.0
2020-10-13,100000.0,11543.183760771468,False,0.0
2020-10-14,100000.0,11426.105544220429,False,0.0
2020-10-15,100000.0,11435.57243757972,False,0.0
2020-10-16,100000.0,11495.584995733889,False,0.0
2020-10-17,100000.0,11319.097785677624,False,0.0
2020-10-18,100000.0,11365.814131026178,False,0.0
2020-10-19,100000.0,11495.899975689872,False,0.0
2020-10-20,100000.0,11752.146863919786,False,0.0
2020-10-21,100000.0,11908.708923246451,False,0.0
2020-10-22,100000.0,12806.435726727444,False,0.0
2020-10-23,100000.0,12951.044060038126,False,0.0
2020-10-24,100000.0,12928.072296348406,False,0.0
2020-10-25,100000.0,13106.04601925958,False,0.0
2020-10-26,100000.0,13021.410842124118,False,0.0
2020-10-27,100000.0,13060.79221208406,False,0.0
2020-10-28,100000.0,13655.18541588308,False,0.0
2020-10-29,100000.0,13282.999348292438,False,0.0
2020-10-30,100000.0,13441.878496031612,False,0.0
2020-10-31,100000.0,13537.174271524887,False,0.0
2020-11-01,100000.0,13778.637638352931,False,0.0
2020-11-02,100000.0,13720.361465146289,False,0.0
2020-11-03,100000.0,13558.361795524168,False,0.0
2020-11-04,100000.0,13989.976358180447,False,0.0
2020-11-05,100000.0,14101.716050813722,False,0.0
2020-11-06,100000.0,15553.331701081444,False,0.0
2020-11-07,100000.0,15548.312145063144,False,0.0
2020-11-08,100000.0,14818.45891122149,False,0.0
2020-11-09,100000.0,15496.316149147417,False,0.0
2020-11-10,100000.0,15335.342198178862,False,0.0
2020-11-11,100000.0,15278.70965979927,False,0.0
2020-11-12,100000.0,15686.905986213233,False,0.0
2020-11-13,100000.0,16265.149252483356,False,0.0
2020-11-14,100000.0,16326.81487507908,False,0.0
2020-11-15,100000.0,16095.561510630652,False,0.0
2020-11-16,100000.0,15984.673784156614,False,0.0
2020-11-17,100000.0,16714.40386322188,False,0.0
2020-11-18,100000.0,17651.82042768171,False,0.0
2020-11-19,100000.0,17829.934958345126,False,0.0
2020-11-20,100000.0,17819.75743096837,False,0.0
2020-11-21,100000.0,18628.8134890362,False,0.0
2020-11-22,100000.0,18689.52865582585,False,0.0
2020-11-23,100000.0,18390.61184379203,False,0.0
2020-11-24,100000.0,18360.693300385865,False,0.0
2020-11-25,100000.0,19091.524181728702,False,0.0
2020-11-26,100000.0,18753.288921684914,False,0.0
2020-11-27,100000.0,17138.029512395206,False,0.0
2020-11-28,100000.0,17140.27555252362,False,0.0
2020-11-29,100000.0,17718.972832629497,False,0.0
2020-11-30,100000.0,18169.95420978285,False,0.0
2020-12-01,100000.0,19609.52143957559,False,0.0
2020-12-02,100000.0,18857.417371118165,False,0.0
2020-12-03,100000.0,19208.398191994624,False,0.0
2020-12-04,100000.0,19435.20484740911,False,0.0
2020-12-05,100000.0,18711.226549886927,False,0.0
2020-12-06,100000.0,19139.111575237486,False,0.0
2020-12-07,100000.0,19325.55411859109,False,0.0
2020-12-08,100000.0,19198.806493935343,False,0.0
2020-12-09,100000.0,18336.514581297808,False,0.0
2020-12-10,100000.0,18564.986455688137,False,0.0
2020-12-11,100000.0,18262.058384653155,False,0.0
2020-12-12,100000.0,18058.027339569555,False,0.0
2020-12-13,100000.0,18807.09540322016,False,0.0
2020-12-14,100000.0,19151.13442340493,False,0.0
2020-12-15,100000.0,19259.97047153096,False,0.0
2020-12-16,100000.0,19432.362456862407,False,0.0
2020-12-17,100000.0,21317.66213678684,False,0.0
2020-12-18,100000.0,22805.65580598891,False,0.0
2020-12-19,100000.0,23120.57055156752,False,0.0
2020-12-20,100000.0,23863.85484171969,False,0.0
2020-12-21,100000.0,23518.31842054723,False,0.0
2020-12-22,100000.0,22840.991707188357,False,0.0
2020-12-23,100000.0,23794.79330262859,False,0.0
2020-12-24,100000.0,23308.12723217715,False,0.0
2020-12-25,100000.0,23760.28704854296,False,0.0
2020-12-26,100000.0,24671.10771441541,False,0.0
2020-12-27,100000.0,26476.13013701949,False,0.0
2020-12-28,100000.0,26423.22879190229,False,0.0
2020-12-29,100000.0,27125.384120651503,False,0.0
2020-12-30,100000.0,27424.538954606684,False,0.0
2020-12-31,100000.0,28837.28852895899,False,0.0
2021-01-01,100000.0,29022.41839530417,False,0.0
2021-01-02,100000.0,29352.12679194895,False,0.0
2021-01-03,100000.0,32163.82493533521,False,0.0
2021-01-04,100000.0,33008.226203489285,False,0.0
2021-01-05,100000.0,31515.575966658354,False,0.0
2021-01-06,100000.0,34082.20604904424,False,0.0
2021-01-07,100000.0,36933.520137309126,False,0.0
2021-01-08,100000.0,39547.08408135567,False,0.0
2021-01-09,100000.0,40815.96185478254,False,0.0
2021-01-10,100000.0,40296.5290038294,False,0.0
2021-01-11,100000.0,38397.895985418174,False,0.0
2021-01-12,100000.0,35669.90668663349,False,0.0
2021-01-13,100000.0,33938.33587810088,False,0.0
2021-01-14,100000.0,37456.00772548642,False,0.0
2021-01-15,100000.0,39232.74997140346,False,0.0
2021-01-16,100000.0,36787.52121668496,False,0.0
2021-01-17,100000.0,36254.713079410845,False,0.0
2021-01-18,100000.0,35804.263885674685,False,0.0
2021-01-19,100000.0,36595.4647692826,False,0.0
2021-01-20,100000.0,36104.86385775514,False,0.0
2021-01-21,100000.0,35587.489202735545,False,0.0
2021-01-22,100000.0,30913.695736053804,False,0.0
2021-01-23,100000.0,32957.908782655926,False,0.0
2021-01-24,100000.0,32068.08737440817,False,0.0
2021-01-25,100000.0,32273.51735032927,False,0.0
2021-01-26,100000.0,32375.320062981456,False,0.0
2021-01-27,100000.0,32582.10944502123,False,0.0
2021-01-28,100000.0,30445.52586511351,False,0.0
2021-01-29,100000.0,33128.34752861149,False,0.0
2021-01-30,100000.0,34150.81876737221,False,0.0
2021-01-31,100000.0,34199.51981036302,False,0.0
2021-02-01,100000.0,33064.78676701507,False,0.0
2021-02-02,100000.0,33405.99035714327,False,0.0
2021-02-03,100000.0,35485.98593382442,False,0.0
2021-02-04,100000.0,37494.71762460426,False,0.0
2021-02-05,100000.0,36816.50808203406,False,0.0
2021-02-06,100000.0,38007.83222908396,False,0.0
2021-02-07,100000.0,39279.41286897885,False,0.0
2021-02-08,100000.0,38833.34026455532,False,0.0
2021-02-09,100000.0,46307.57412159395,False,0.0
2021-02-10,100000.0,46569.56483,False,0.0
2021-02-11,100000.0,44848.69344950499,False,0.0
2021-02-12,100000.0,47815.96175554316,False,0.0
2021-02-13,100000.0,47414.1862550079,False,0.0
2021-02-14,100000.0,46941.29208582354,False,0.0
2021-02-15,100000.0,48607.8745224845,False,0.0
2021-02-16,100000.0,47898.487027633135,False,0.0
2021-02-17,100000.0,49238.13690672487,False,0.0
2021-02-18,100000.0,52143.6788446198,False,0.0
2021-02-19,100000.0,51733.075539032034,False,0.0
2021-02-20,100000.0,56038.72775892988,False,0.0
2021-02-21,100000.0,56377.63347790987,False,0.0
2021-02-22,100000.0,57669.3035269179,False,0.0
2021-02-23,100000.0,54410.85629451601,False,0.0
2021-02-24,100000.0,48691.894831704405,False,0.0
2021-02-25,100000.0,49849.37871358314,False,0.0
2021-02-26,100000.0,46992.665450048495,False,0.0
2021-02-27,100000.0,46551.48747675472,False,0.0
2021-02-28,100000.0,46653.52639939581,False,0.0
2021-03-01,100000.0,44970.163459946736,False,0.0
2021-03-02,100000.0,49787.33995949672,False,0.0
2021-03-03,100000.0,48532.23678981703,False,0.0
2021-03-04,100000.0,50577.45746915202,False,0.0
2021-03-05,100000.0,48727.45120080115,False,0.0
2021-03-06,100000.0,49091.81488232977,False,0.0
2021-03-07,100000.0,49019.36859236582,False,0.0
2021-03-08,100000.0,51313.09262027362,False,0.0
2021-03-09,100000.0,52328.5359126325,False,0.0
2021-03-10,100000.0,54700.27343927744,False,0.0
2021-03-11,100000.0,56020.4877195857,False,0.0
2021-03-12,100000.0,57788.86810329514,False,0.0
2021-03-13,100000.0,57353.86147197248,False,0.0
2021-03-14,100000.0,61315.197932766816,False,0.0
2021-03-15,100000.0,59428.96756602776,False,0.0
2021-03-16,100000.0,55805.32924923426,False,0.0
2021-03-17,100000.0,56830.253335076224,False,0.0
2021-03-18,100000.0,59014.92563205099,False,0.0
2021-03-19,100000.0,57922.40959262911,False,0.0
2021-03-20,100000.0,58243.27060892363,False,0.0
2021-03-21,100000.0,58376.15847137206,False,0.0
2021-03-22,100000.0,57573.539344778685,False,0.0
2021-03-23,100000.0,54370.13755789519,False,0.0
2021-03-24,100000.0,54584.86994699455,False,0.0
2021-03-25,100000.0,52526.86659704657,False,0.0
2021-03-26,100000.0,51416.90830498005,False,0.0
2021-03-27,100000.0,55033.10048044704,False,0.0
2021-03-28,100000.0,55832.41810961832,False,0.0
2021-03-29,100000.0,55728.10132780653,False,0.0
2021-03-30,100000.0,57634.92869447539,False,0.0
2021-03-31,100000.0,58668.628336761,False,0.0
2021-04-01,100000.0,58817.3738884188,False,0.0
2021-04-02,100000.0,58801.194843878126,False,0.0
2021-04-03,100000.0,59060.02678333801,False,0.0
2021-04-04,100000.0,57060.40665471088,False,0.0
2021-04-05,100000.0,58228.8026234662,False,0.0
2021-04-06,100000.0,58706.81559311396,False,0.0
2021-04-07,100000.0,58062.17872433649,False,0.0
2021-04-08,100000.0,56134.41738866435,False,0.0
2021-04-09,100000.0,58065.64402481532,False,0.0
2021-04-10,100000.0,58152.99326214184,False,0.0
2021-04-11,100000.0,59979.39281571831,False,0.0
2021-04-12,100000.0,59988.02095852983,False,0.0
2021-04-13,100000.0,59911.02059484732,False,0.0
2021-04-14,100000.0,63576.67604104828,False,0.0
2021-04-15,100000.0,62807.12323259299,False,0.0
2021-04-16,100000.0,63179.772446084695,False,0.0
2021-04-17,100000.0,61497.2995694412,False,0.0
2021-04-18,100000.0,60273.86667694734,False,0.0
2021-04-19,100000.0,56288.94534001195,False,0.0
2021-04-20,100000.0,55721.166052695626,False,0.0
2021-04-21,100000.0,56294.728558586925,False,0.0
2021-04-22,100000.0,54190.07026283405,False,0.0
2021-04-23,100000.0,51965.5664304852,False,0.0
2021-04-24,100000.0,51191.1246964079,False,0.0
2021-04-25,100000.0,50133.1073963654,False,0.0
2021-04-26,100000.0,48981.4413932161,False,0.0
2021-04-27,100000.0,53978.80554728962,False,0.0
2021-04-28,100000.0,54991.81484262107,False,0.0
2021-04-29,100000.0,54810.6138506792,False,0.0
2021-04-30,100000.0,53596.70402266675,False,0.0
2021-05-01,100000.0,57828.511814425874,False,0.0
2021-05-02,100000.0,57812.96915967891,False,0.0
2021-05-03,100000.0,56600.74528738432,False,0.0
2021-05-04,100000.0,57200.30029871162,False,0.0
2021-05-05,100000.0,53464.37021950372,False,0.0
2021-05-06,100000.0,57432.100227087576,False,0.0
2021-05-07,100000.0,56507.7594398696,False,0.0
2021-05-08,100000.0,57361.56904328887,False,0.0
2021-05-09,100000.0,58771.88168950936,False,0.0
2021-05-10,100000.0,58213.92629374439,False,0.0
2021-05-11,100000.0,55901.66759456145,False,0.0
2021-05-12,100000.0,56928.97235660158,False,0.0
2021-05-13,100000.0,50004.76218313686,False,0.0
2021-05-14,100000.0,49972.79539837245,False,0.0
2021-05-15,100000.0,49913.26314398822,False,0.0
2021-05-16,100000.0,46780.90230468821,False,0.0
2021-05-17,100000.0,46585.06413538846,False,0.0
2021-05-18,100000.0,43780.82559782485,False,0.0
2021-05-19,100000.0,43091.04144756922,False,0.0
2021-05-20,100000.0,37287.39140242737,False,0.0
2021-05-21,100000.0,40437.73009625558,False,0.0
2021-05-22,100000.0,37339.63420134628,False,0.0
2021-05-23,100000.0,37520.31767547438,False,0.0
2021-05-24,100000.0,34977.527801962424,False,0.0
2021-05-25,100000.0,38642.4422973396,False,0.0
2021-05-26,100000.0,38210.80521759389,False,0.0
2021-05-27,100000.0,39406.934244116186,False,0.0
2021-05-28,100000.0,38642.89555434217,False,0.0
2021-05-29,100000.0,35710.220936529884,False,0.0
2021-05-30,100000.0,34775.07941347281,False,0.0
2021-05-31,100000.0,35714.75202018067,False,0.0
2021-06-01,100000.0,37340.6792659422,False,0.0
2021-06-02,100000.0,36680.06820180283,False,0.0
2021-06-03,100000.0,37685.71798174826,False,0.0
2021-06-04,100000.0,39151.31618380032,False,0.0
2021-06-05,100000.0,36938.72031139185,False,0.0
2021-06-06,100000.0,35546.98596483364,False,0.0
2021-06-07,100000.0,35834.4744744042,False,0.0
2021-06-08,100000.0,33451.38340714534,False,0.0
2021-06-09,100000.0,33557.15068309184,False,0.0
2021-06-10,100000.0,37553.64375851888,False,0.0
2021-06-11,100000.0,36903.304906778896,False,0.0
2021-06-12,100000.0,37289.43252210222,False,0.0
2021-06-13,100000.0,35666.14977877309,False,0.0
2021-06-14,100000.0,39147.70567879997,False,0.0
2021-06-15,100000.0,40624.51305316154,False,0.0
2021-06-16,100000.0,40378.20254971114,False,0.0
2021-06-17,100000.0,38321.454656574206,False,0.0
2021-06-18,100000.0,38193.61914194397,False,0.0
2021-06-19,100000.0,35881.11137137543,False,0.0
2021-06-20,100000.0,35581.64226773201,False,0.0
2021-06-21,100000.0,35787.07740523232,False,0.0
2021-06-22,100000.0,31711.93546772701,False,0.0
2021-06-23,100000.0,32507.738707026845,False,0.0
2021-06-24,100000.0,33702.61779371396,False,0.0
2021-06-25,100000.0,34675.44910530336,False,0.0
2021-06-26,100000.0,31943.136467863093,False,0.0
2021-06-27,100000.0,32023.97390177492,False,0.0
2021-06-28,100000.0,34607.293274083386,False,0.0
2021-06-29,100000.0,34556.8421269449,False,0.0
2021-06-30,100000.0,35968.993667970346,False,0.0
2021-07-01,100000.0,35171.486304850056,False,0.0
2021-07-02,100000.0,33677.566235922626,False,0.0
2021-07-03,100000.0,33950.786555181,False,0.0
2021-07-04,100000.0,34729.89077801021,False,0.0
2021-07-05,100000.0,35394.213074080915,False,0.0
2021-07-06,100000.0,33928.13421837147,False,0.0
2021-07-07,100000.0,34149.98981477412,False,0.0
2021-07-08,100000.0,33932.25463831538,False,0.0
2021-07-09,100000.0,32933.578199292395,False,0.0
2021-07-10,100000.0,33971.29774975796,False,0.0
2021-07-11,100000.0,33704.53847440508,False,0.0
2021-07-12,100000.0,34299.938016517444,False,0.0
2021-07-13,100000.0,33262.6543524462,False,0.0
2021-07-14,100000.0,32676.38380096018,False,0.0
2021-07-15,100000.0,32878.50187357147,False,0.0
2021-07-16,100000.0,31726.038833909817,False,0.0
2021-07-17,100000.0,31399.653128682126,False,0.0
2021-07-18,100000.0,31588.6713510167,False,0.0
2021-07-19,100000.0,31919.393922554555,False,0.0
2021-07-20,100000.0,30928.211908849244,False,0.0
2021-07-21,99985.64,29971.903783612062,True,0.01
2021-07-22,98917.18,32383.78112696872,True,1.08
2021-07-23,98906.64,32409.499767175417,True,1.09
2021-07-24,98552.24,33455.55127272261,False,1.45
2021-07-25,98552.24,34213.59993217662,False,1.45
2021-07-26,98552.24,35456.12466076684,False,1.45
2021-07-27,98552.24,37281.91809217662,False,1.45
2021-07-28,98552.24,39076.59377063225,False,1.45
2021-07-29,98552.24,40031.19824444798,False,1.45
2021-07-30,98552.24,39977.75693922764,False,1.45
2021-07-31,98552.24,41936.261478677225,False,1.45
2021-08-01,98552.24,41754.16660435275,False,1.45
2021-08-02,98552.24,39914.82975848789,False,1.45
2021-08-03,98552.24,39278.76650810368,False,1.45
2021-08-04,98552.24,38368.35401197897,False,1.45
2021-08-05,98552.24,39751.58457509862,False,1.45
2021-08-06,98552.24,40825.3819404497,False,1.45
2021-08-07,98552.24,42802.13717474142,False,1.45
2021-08-08,98552.24,44647.57760300116,False,1.45
2021-08-09,98552.24,43753.21786264632,False,1.45
2021-08-10,98552.24,46311.00189857689,False,1.45
2021-08-11,98552.24,45639.51401890709,False,1.45
2021-08-12,98552.24,45652.06012506926,False,1.45
2021-08-13,98552.24,44495.20979327958,False,1.45
2021-08-14,98552.24,47717.27052766495,False,1.45
2021-08-15,98552.24,47088.85313451467,False,1.45
2021-08-16,98552.24,47025.00323011282,False,1.45
2021-08-17,98552.24,46031.75754362583,False,1.45
2021-08-18,98552.24,44534.45485421991,False,1.45
2021-08-19,98552.24,45015.46554608543,False,1.45
2021-08-20,98552.24,46745.03462296988,False,1.45
2021-08-21,98552.24,49195.87860189616,False,1.45
2021-08-22,98552.24,48933.68915131164,False,1.45
2021-08-23,98552.24,49250.54486971799,False,1.45
2021-08-24,98552.24,49518.57748790696,False,1.45
2021-08-25,98552.24,47940.6079149608,False,1.45
2021-08-26,98552.24,49002.70376627545,False,1.45
2021-08-27,98552.24,47229.070650876114,False,1.45
2021-08-28,98552.24,49083.10330586219,False,1.45
2021-08-29,98552.24,48936.53725414221,False,1.45
2021-08-30,98552.24,48907.27073106221,False,1.45
2021-08-31,98552.24,47124.25422469402,False,1.45
2021-09-01,98552.24,47335.42029920565,False,1.45
2021-09-02,98552.24,48823.05520964915,False,1.45
2021-09-03,98552.24,49338.78465183332,False,1.45
2021-09-04,98552.24,49934.5282762881,False,1.45
2021-09-05,98552.24,50013.02994694588,False,1.45
2021-09-06,98552.24,51696.206431317885,False,1.45
2021-09-07,98552.24,52739.80016634552,False,1.45
2021-09-08,98552.24,46995.16417095979,False,1.45
2021-09-09,98552.24,46085.02861578186,False,1.45
2021-09-10,98552.24,46518.94118660236,False,1.45
2021-09-11,98552.24,44802.60640249699,False,1.45
2021-09-12,98552.24,45196.488277558245,False,1.45
2021-09-13,98552.24,46195.21830082935,False,1.45
2021-09-14,98552.24,45139.83396873267,False,1.45
2021-09-15,98552.24,47135.43199562694,False,1.45
2021-09-16,98552.24,48186.53275704722,False,1.45
2021-09-17,98552.24,47879.47343992101,False,1.45
2021-09-18,98552.24,47228.65821623257,False,1.45
2021-09-19,98552.24,48266.62707279063,False,1.45
2021-09-20,98552.24,47371.03933236471,False,1.45
2021-09-21,98552.24,42932.94659595412,False,1.45
2021-09-22,98552.24,40386.62363528928,False,1.45
2021-09-23,98552.24,43587.22305058473,False,1.45
2021-09-24,98552.24,44980.898214810935,False,1.45
2021-09-25,98552.24,42752.1681545072,False,1.45
2021-09-26,98552.24,42856.85516422452,False,1.45
2021-09-27,98552.24,43336.86123324274,False,1.45
2021-09-28,98552.24,42247.35572900636,False,1.45
2021-09-29,98552.24,41010.37519836549,False,1.45
2021-09-30,98552.24,41587.66786232295,False,1.45
2021-10-01,98552.24,43859.32614724109,False,1.45
2021-10-02,98552.24,48181.87627260008,False,1.45
2021-10-03,98552.24,47777.762019063,False,1.45
2021-10-04,98552.24,48282.97113857447,False,1.45
2021-10-05,98552.24,49260.23232113069,False,1.45
2021-10-06,98552.24,51668.99422435564,False,1.45
2021-10-07,98552.24,55415.00574202895,False,1.45
2021-10-08,98552.24,53894.59599452107,False,1.45
2021-10-09,98552.24,54010.93747374405,False,1.45
2021-10-10,98552.24,55125.46033768045,False,1.45
2021-10-11,98552.24,54711.86959664297,False,1.45
2021-10-12,98552.24,57572.51085559653,False,1.45
2021-10-13,98552.24,56335.035460511535,False,1.45
2021-10-14,98552.24,57487.9858804222,False,1.45
2021-10-15,98552.24,57452.43178503547,False,1.45
2021-10-16,98552.24,61809.02394427028,False,1.45
2021-10-17,98552.24,61165.63564211521,False,1.45
2021-10-18,98552.24,61583.77443961336,False,1.45
2021-10-19,98552.24,62017.972725178704,False,1.45
2021-10-20,98552.24,64517.64856042277,False,1.45
2021-10-21,98552.24,66237.51755029388,False,1.45
2021-10-22,98552.24,62541.08693293518,False,1.45
2021-10-23,98552.24,61029.27093182092,False,1.45
2021-10-24,98552.24,61572.14043422243,False,1.45
2021-10-25,98552.24,61173.1663907232,False,1.45
2021-10-26,98552.24,63228.21382584213,False,1.45
2021-10-27,98552.24,60604.18888794746,False,1.45
2021-10-28,98552.24,58641.00147419492,False,1.45
2021-10-29,98552.24,60767.55585206728,False,1.45
2021-10-30,98552.24,62283.19805587354,False,1.45
2021-10-31,98552.24,61837.257002978935,False,1.45
2021-11-01,98552.24,61471.86846276259,False,1.45
2021-11-02,98552.24,61121.83120106507,False,1.45
2021-11-03,98552.24,63247.20896127831,False,1.45
2021-11-04,98552.24,63130.94235171542,False,1.45
2021-11-05,98552.24,61601.74357204975,False,1.45
2021-11-06,98552.24,61247.38494217787,False,1.45
2021-11-07,98552.24,61661.35866372036,False,1.45
2021-11-08,98552.24,63153.230193019495,False,1.45
2021-11-09,98552.24,67617.0155448617,False,1.45
2021-11-10,98552.24,67145.37493537061,False,1.45
2021-11-11,98552.24,65061.05440696283,False,1.45
2021-11-12,98552.24,65005.64515956679,False,1.45
2021-11-13,98552.24,64432.04794734522,False,1.45
2021-11-14,98552.24,64660.33535267343,False,1.45
2021-11-15,98552.24,65648.97779110243,False,1.45
2021-11-16,98552.24,63933.83544259933,False,1.45
2021-11-17,98552.24,60448.56251258625,False,1.45
2021-11-18,98552.24,60603.65586738653,False,1.45
2021-11-19,98552.24,56987.32233855049,False,1.45
2021-11-20,98552.24,58459.25551667463,False,1.45
2021-11-21,98552.24,60082.91166841709,False,1.45
2021-11-22,98552.24,59139.77927952717,False,1.45
2021-11-23,98552.24,56386.85685315215,False,1.45
2021-11-24,98552.24,57748.79317378856,False,1.45
2021-11-25,98552.24,57198.18384629529,False,1.45
2021-11-26,98552.24,58897.84698299794,False,1.45
2021-11-27,98552.24,53827.79286503472,False,1.45
2021-11-28,98552.24,54533.40388242691,False,1.45
2021-11-29,98552.24,57237.66113709043,False,1.45
2021-11-30,98552.24,57848.77353712989,False,1.45
2021-12-01,98552.24,57011.28047424234,False,1.45
2021-12-02,98552.24,57169.37199381056,False,1.45
2021-12-03,98552.24,56508.26805402271,False,1.45
2021-12-04,98552.24,53785.96717237922,False,1.45
2021-12-05,98552.24,49161.99070957517,False,1.45
2021-12-06,98552.24,49268.46989053938,False,1.45
2021-12-07,98552.24,50461.57683653979,False,1.45
2021-12-08,98552.24,50647.66340635755,False,1.45
2021-12-09,98552.24,50530.4580645934,False,1.45
2021-12-10,98552.24,47885.87198941706,False,1.45
2021-12-11,98552.24,47303.56415217411,False,1.45
2021-12-12,98552.24,49242.30232407148,False,1.45
2021-12-13,98552.24,50051.078348674855,False,1.45
2021-12-14,98552.24,46696.30469946678,False,1.45
2021-12-15,98552.24,48410.564656309325,False,1.45
2021-12-16,98552.24,48936.86258244155,False,1.45
2021-12-17,98552.24,47694.53050225176,False,1.45
2021-12-18,98552.24,46328.6963654447,False,1.45
2021-12-19,98552.24,46970.057050727024,False,1.45
2021-12-20,98552.24,46807.04861642627,False,1.45
2021-12-21,98552.24,47117.008204210455,False,1.45
2021-12-22,98552.24,49145.21725849885,False,1.45
2021-12-23,98552.24,48755.89564404483,False,1.45
2021-12-24,98552.24,50900.61494951601,False,1.45
2021-12-25,98552.24,50888.72103678683,False,1.45
2021-12-26,98552.24,50663.48710213215,False,1.45
2021-12-27,98552.24,50852.860259540656,False,1.45
2021-12-28,98552.24,50774.067814743,False,1.45
2021-12-29,98552.24,47725.14804631933,False,1.45
2021-12-30,98552.24,46506.99464767938,False,1.45
2021-12-31,98552.24,47191.86838983951,False,1.45
2022-01-01,98552.24,46319.65108805251,False,1.45
2022-01-02,98552.24,47816.07767640849,False,1.45
2022-01-03,98552.24,47387.212167697246,False,1.45
2022-01-04,98552.24,46531.140860530526,False,1.45
2022-01-05,98552.24,45938.02427172366,False,1.45
2022-01-06,98552.24,43647.14750806805,False,1.45
2022-01-07,98552.24,43216.45867693359,False,1.45
2022-01-08,98552.24,41527.197042644846,False,1.45
2022-01-09,98552.24,41756.66232397826,False,1.45
2022-01-10,98552.24,41862.3609856517,False,1.45
2022-01-11,98552.24,41869.85905559219,False,1.45
2022-01-12,98552.24,42777.21102048236,False,1.45
2022-01-13,98552.24,43981.87732717414,False,1.45
2022-01-14,98552.24,42608.41001195019,False,1.45
2022-01-15,98552.24,43120.85451108056,False,1.45
2022-01-16,98552.24,43226.65026980921,False,1.45
2022-01-17,98552.24,43119.79214308028,False,1.45
2022-01-18,98552.24,42298.341116872325,False,1.45
2022-01-19,98552.24,42395.45879157343,False,1.45
2022-01-20,98552.24,41749.55143098559,False,1.45
2022-01-21,98552.24,40707.6824143097,False,1.45
2022-01-22,98552.24,36508.79978983082,False,1.45
2022-01-23,98552.24,35180.435462830384,False,1.45
2022-01-24,98552.24,36306.409440464704,False,1.45
2022-01-25,98552.24,36774.00714224005,False,1.45
2022-01-26,98552.24,36988.92851066736,False,1.45
2022-01-27,98552.24,36870.440166931,False,1.45
2022-01-28,98552.24,37276.839558174994,False,1.45
2022-01-29,98552.24,37852.57902803263,False,1.45
2022-01-30,98552.24,38232.17873217708,False,1.45
2022-01-31,98552.24,37983.151499406464,False,1.45
2022-02-01,98552.24,38555.53446121157,False,1.45
2022-02-02,98552.24,38835.69494322237,False,1.45
2022-02-03,98552.24,37000.98249864199,False,1.45
2022-02-04,98552.24,37101.351593780935,False,1.45
2022-02-05,98552.24,41673.8395543094,False,1.45
2022-02-06,98552.24,41493.690050910525,False,1.45
2022-02-07,98552.24,42475.543220951215,False,1.45
2022-02-08,98552.24,43910.92998644309,False,1.45
2022-02-09,98552.24,44184.447511676175,False,1.45
2022-02-10,98552.24,44383.88805541707,False,1.45
2022-02-11,98552.24,43628.13953235228,False,1.45
2022-02-12,98552.24,42445.38876793804,False,1.45
2022-02-13,98552.24,42254.738123237206,False,1.45
2022-02-14,98552.24,42247.83595326771,False,1.45
2022-02-15,98552.24,42634.573783663065,False,1.45
2022-02-16,98552.24,44574.32057099816,False,1.45
2022-02-17,98552.24,44063.28198279571,False,1.45
2022-02-18,98552.24,40562.98694982819,False,1.45
2022-02-19,98552.24,40073.495362369824,False,1.45
2022-02-20,98552.24,40192.75912143141,False,1.45
2022-02-21,98552.24,38514.00853622455,False,1.45
2022-02-22,98552.24,37059.97940228752,False,1.45
2022-02-23,98552.24,38337.2038554348,False,1.45
2022-02-24,98552.24,37372.2926803477,False,1.45
2022-02-25,98552.24,38363.345488570165,False,1.45
2022-02-26,98552.24,39316.16207578596,False,1.45
2022-02-27,98552.24,39090.202153609054,False,1.45
2022-02-28,98552.24,37803.59016044929,False,1.45
2022-03-01,98552.24,43225.40467743573,False,1.45
2022-03-02,98552.24,44459.59162774341,False,1.45
2022-03-03,98552.24,43980.707382090906,False,1.45
2022-03-04,98552.24,42491.97839335905,False,1.45
2022-03-05,98552.24,39200.29973557414,False,1.45
2022-03-06,98552.24,39463.14681149058,False,1.45
2022-03-07,98552.24,38442.99174588676,False,1.45
2022-03-08,98552.24,38076.49382252028,False,1.45
2022-03-09,98552.24,38732.93701302586,False,1.45
2022-03-10,98552.24,41986.03444607623,False,1.45
2022-03-11,98552.24,39468.35477300189,False,1.45
2022-03-12,98552.24,38775.17558840679,False,1.45
2022-03-13,98552.24,38903.69354800599,False,1.45
2022-03-14,98552.24,37852.52514106289,False,1.45
2022-03-15,98552.24,39669.423812004505,False,1.45
2022-03-16,98552.24,39331.84654059453,False,1.45
2022-03-17,98552.24,41165.63506140341,False,1.45
2022-03-18,98552.24,41001.70957801974,False,1.45
2022-03-19,98552.24,41837.41313797566,False,1.45
2022-03-20,98552.24,42201.939920688186,False,1.45
2022-03-21,98552.24,41283.25900104565,False,1.45
2022-03-22,98552.24,41061.81589384987,False,1.45
2022-03-23,98552.24,42401.89559748944,False,1.45
2022-03-24,98552.24,42802.15471016985,False,1.45
2022-03-25,98552.24,43936.09623454058,False,1.45
2022-03-26,98552.24,44331.77795706412,False,1.45
2022-03-27,98552.24,44510.84421762133,False,1.45
2022-03-28,98552.24,46715.1176185105,False,1.45
2022-03-29,98552.24,46994.879118357465,False,1.45
2022-03-30,98552.24,47459.261237539096,False,1.45
2022-03-31,98552.24,47063.36584996355,False,1.45
2022-04-01,98552.24,45528.40715313835,False,1.45
2022-04-02,98552.24,46270.20070585378,False,1.45
2022-04-03,98552.24,45842.14476317382,False,1.45
2022-04-04,98552.24,46434.562982661664,False,1.45
2022-04-05,98552.24,46622.63571309101,False,1.45
2022-04-06,98552.24,45635.45438126673,False,1.45
2022-04-07,98552.24,43198.77526936491,False,1.45
2022-04-08,98552.24,43515.15032279806,False,1.45
2022-04-09,98552.24,42315.70972421807,False,1.45
2022-04-10,98552.24,42796.39747810973,False,1.45
2022-04-11,98552.24,42274.907370256085,False,1.45
2022-04-12,98552.24,39603.96515928416,False,1.45
2022-04-13,98552.24,40205.67794073206,False,1.45
2022-04-14,98552.24,41205.16871904067,False,1.45
2022-04-15,98552.24,39959.457069033735,False,1.45
2022-04-16,98552.24,40586.59730938673,False,1.45
2022-04-17,98552.24,40450.37930543977,False,1.45
2022-04-18,98552.24,39739.11925622209,False,1.45
2022-04-19,98552.24,40833.5379650337,False,1.45
2022-04-20,98552.24,41498.12244669832,False,1.45
2022-04-21,98552.24,41397.220477279625,False,1.45
2022-04-22,98552.24,40528.54148675958,False,1.45
2022-04-23,98552.24,39756.848993471016,False,1.45
2022-04-24,98552.24,39561.78019075613,False,1.45
2022-04-25,98552.24,39469.04986198146,False,1.45
2022-04-26,98552.24,40488.877917622376,False,1.45
2022-04-27,98552.24,38134.21545068938,False,1.45
2022-04-28,98552.24,39237.94931747103,False,1.45
2022-04-29,98552.24,39741.76664580964,False,1.45
2022-04-30,98552.24,38650.55013809267,False,1.45
2022-05-01,98552.24,37820.61176529208,False,1.45
2022-05-02,98552.24,38537.65476669535,False,1.45
2022-05-03,98552.24,38561.56539902362,False,1.45
2022-05-04,98552.24,37758.496107734,False,1.45
2022-05-05,98552.24,39699.02404125388,False,1.45
2022-05-06,98552.24,36612.22954880304,False,1.45
2022-05-07,98552.24,36116.394294982965,False,1.45
2022-05-08,98552.24,35573.31019883488,False,1.45
2022-05-09,98552.24,34070.31219757961,False,1.45
2022-05-10,98552.24,30269.58695662948,False,1.45
2022-05-11,98552.24,31026.93386836242,False,1.45
2022-05-12,98552.24,28913.48836365432,False,1.45
2022-05-13,98552.24,29126.11597686014,False,1.45
2022-05-14,98552.24,29310.728959858257,False,1.45
2022-05-15,98552.24,30189.333177005963,False,1.45
2022-05-16,98552.24,31319.30911113,False,1.45
2022-05-17,98552.24,29923.606993639707,False,1.45
2022-05-18,98552.24,30502.19328027689,False,1.45
2022-05-19,98552.24,28772.200501112577,False,1.45
2022-05-20,98552.24,30382.40624219559,False,1.45
2022-05-21,98552.24,29256.81337441625,False,1.45
2022-05-22,98552.24,29491.5079477606,False,1.45
2022-05-23,98552.24,30351.050417138096,False,1.45
2022-05-24,98552.24,29163.167775739188,False,1.45
2022-05-25,98552.24,29655.02613175249,False,1.45
2022-05-26,98552.24,29584.949851985926,False,1.45
2022-05-27,98552.24,29346.781442431617,False,1.45
2022-05-28,98552.24,28646.65218193245,False,1.45
2022-05-29,98552.24,29088.236452817226,False,1.45
2022-05-30,98552.24,29492.50321495364,False,1.45
2022-05-31,98552.24,31740.94072516695,False,1.45
2022-06-01,98552.24,31865.749621173167,False,1.45
2022-06-02,98552.24,29833.45033020525,False,1.45
2022-06-03,98552.24,30481.013996026013,False,1.45
2022-06-04,98552.24,29714.143487149733,False,1.45
2022-06-05,98552.24,29872.3603087139,False,1.45
2022-06-06,98552.24,29917.7640524562,False,1.45
2022-06-07,98552.24,31372.5847629755,False,1.45
2022-06-08,98552.24,31265.469277693348,False,1.45
2022-06-09,98552.24,30229.236836130374,False,1.45
2022-06-10,98552.24,30101.187521431468,False,1.45
2022-06-11,98552.24,29101.2982596468,False,1.45
2022-06-12,98552.24,28374.14499732395,False,1.45
2022-06-13,98552.24,26767.269173221317,False,1.45
2022-06-14,98552.24,22525.7683503912,False,1.45
2022-06-15,98552.24,22244.848968001315,False,1.45
2022-06-16,98552.24,22529.198114649807,False,1.45
2022-06-17,98552.24,20408.690490591813,False,1.45
2022-06-18,98552.24,20473.05288079512,False,1.45
2022-06-19,98552.24,19047.41782828195,False,1.45
2022-06-20,98552.24,20516.41197977524,False,1.45
2022-06-21,98552.24,20636.75891240637,False,1.45
2022-06-22,98552.24,20700.923933039136,False,1.45
2022-06-23,98552.24,19983.566482863105,False,1.45
2022-06-24,98552.24,21100.270533511088,False,1.45
2022-06-25,98552.24,21262.71348295613,False,1.45
2022-06-26,98552.24,21525.88036221139,False,1.45
2022-06-27,98552.24,21052.80539783573,False,1.45
2022-06-28,98552.24,20751.47753079077,False,1.45
2022-06-29,98552.24,20282.54247926969,False,1.45
2022-06-30,98552.24,20108.529472889782,False,1.45
2022-07-01,98552.24,19608.397493423083,False,1.45
2022-07-02,98552.24,19407.447430262477,False,1.45
2022-07-03,98552.24,19268.227002666128,False,1.45
2022-07-04,98552.24,19310.233218521837,False,1.45
2022-07-05,98552.24,20257.01232859288,False,1.45
2022-07-06,98552.24,20188.779663973284,False,1.45
2022-07-07,98552.24,20566.68722377,False,1.45
2022-07-08,98552.24,21660.596837075183,False,1.45
2022-07-09,98552.24,21858.818749217564,False,1.45
2022-07-10,98552.24,21589.628101459668,False,1.45
2022-07-11,98552.24,20859.81407965063,False,1.45
2022-07-12,98552.24,19998.46783957584,False,1.45
2022-07-13,98552.24,19350.73735007727,False,1.45
2022-07-14,98552.24,20225.23866433186,False,1.45
2022-07-15,98552.24,20574.84059150044,False,1.45
2022-07-16,98552.24,20794.811981436706,False,1.45
2022-07-17,98552.24,21193.08334336837,False,1.45
2022-07-18,98552.24,20824.36275165164,False,1.45
2022-07-19,98552.24,22395.365383103952,False,1.45
2022-07-20,98552.24,23366.90769792785,False,1.45
2022-07-21,98552.24,23313.296731959555,False,1.45
2022-07-22,98552.24,23155.207555248304,False,1.45
2022-07-23,98552.24,22696.90275429005,False,1.45
2022-07-24,98552.24,22506.199573628983,False,1.45
2022-07-25,98552.24,22613.71920824845,False,1.45
2022-07-26,98552.24,21330.295450788173,False,1.45
2022-07-27,98552.24,21235.61231608577,False,1.45
2022-07-28,98552.24,22908.884260468687,False,1.45
2022-07-29,98552.24,23822.06759782312,False,1.45
2022-07-30,98552.24,23847.58331873861,False,1.45
2022-07-31,98552.24,23653.4595494308,False,1.45
2022-08-01,98552.24,23379.70052509082,False,1.45
2022-08-02,98552.24,23333.749243312184,False,1.45
2022-08-03,98552.24,23053.84684748268,False,1.45
2022-08-04,98552.24,22860.42098438317,False,1.45
2022-08-05,98552.24,22678.363633874185,False,1.45
2022-08-06,98552.24,23225.036201942938,False,1.45
2022-08-07,98552.24,22984.57953144855,False,1.45
2022-08-08,98552.24,23197.603469525384,False,1.45
2022-08-09,98552.24,23823.67944245361,False,1.45
2022-08-10,98552.24,23203.680696781623,False,1.45
2022-08-11,98552.24,23948.829553271637,False,1.45
2022-08-12,98552.24,23948.75170368143,False,1.45
2022-08-13,98552.24,24411.37987152261,False,1.45
2022-08-14,98552.24,24433.653747243658,False,1.45
2022-08-15,98552.24,24312.54142489156,False,1.45
2022-08-16,98552.24,24179.0146523092,False,1.45
2022-08-17,98552.24,23913.333725628458,False,1.45
2022-08-18,98552.24,23359.418837070007,False,1.45
2022-08-19,98552.24,23248.38422819264,False,1.45
2022-08-20,98552.24,20945.8339660496,False,1.45
2022-08-21,98552.24,21175.232732989512,False,1.45
2022-08-22,98552.24,21615.761693416986,False,1.45
2022-08-23,98552.24,21387.747114773963,False,1.45
2022-08-24,98552.24,21562.45153991356,False,1.45
2022-08-25,98552.24,21395.45846975991,False,1.45
2022-08-26,98552.24,21618.009019176647,False,1.45
2022-08-27,98552.24,20271.322951706014,False,1.45
2022-08-28,98552.24,20069.9533315962,False,1.45
2022-08-29,98552.24,19659.24670619362,False,1.45
2022-08-30,98552.24,20308.861447891457,False,1.45
2022-08-31,98552.24,19805.35069885804,False,1.45
2022-09-01,98552.24,20023.55444491251,False,1.45
2022-09-02,98552.24,20153.975977982507,False,1.45
2022-09-03,98552.24,19941.45137004716,False,1.45
2022-09-04,98552.24,19814.5642451146,False,1.45
2022-09-05,98552.24,19980.01322224228,False,1.45
2022-09-06,98552.24,19785.73350185514,False,1.45
2022-09-07,98552.24,18859.50008768028,False,1.45
2022-09-08,98552.24,19280.62547645678,False,1.45
2022-09-09,98552.24,19322.77774937157,False,1.45
2022-09-10,98552.24,21359.58252557909,False,1.45
2022-09-11,98552.24,21707.38731931814,False,1.45
2022-09-12,98552.24,21739.80437979554,False,1.45
2022-09-13,98552.24,22339.67050262336,False,1.45
2022-09-14,98552.24,20184.96749189655,False,1.45
2022-09-15,98552.24,20255.922978327133,False,1.45
2022-09-16,98552.24,19702.16988981172,False,1.45
2022-09-17,98552.24,19764.411712043777,False,1.45
2022-09-18,98552.24,20131.675305714027,False,1.45
2022-09-19,98552.24,19437.157867982634,False,1.45
2022-09-20,98552.24,19570.386709523507,False,1.45
2022-09-21,98552.24,18869.92880939053,False,1.45
2022-09-22,98552.24,18539.63523831258,False,1.45
2022-09-23,98552.24,19464.322663348463,False,1.45
2022-09-24,98552.24,19291.904802452067,False,1.45
2022-09-25,98552.24,18939.97058049937,False,1.45
2022-09-26,98552.24,18809.41143933244,False,1.45
2022-09-27,98552.24,19219.727780656474,False,1.45
2022-09-28,98552.24,19116.33116071044,False,1.45
2022-09-29,98552.24,19444.78777136297,False,1.45
2022-09-30,98552.24,19563.765161776904,False,1.45
2022-10-01,98552.24,19476.92659600407,False,1.45
2022-10-02,98552.24,19314.463835217448,False,1.45
2022-10-03,98552.24,19065.153837148988,False,1.45
2022-10-04,98552.24,19620.567543591394,False,1.45
2022-10-05,98552.24,20345.398520106643,False,1.45
2022-10-06,98552.24,20161.830614985047,False,1.45
2022-10-07,98552.24,19949.051041418512,False,1.45
2022-10-08,98552.24,19457.308951251147,False,1.45
2022-10-09,98552.24,19418.037989243952,False,1.45
2022-10-10,98552.24,19448.14900175761,False,1.45
2022-10-11,98552.24,19142.69476739289,False,1.45
2022-10-12,98552.24,19058.628039738272,False,1.45
2022-10-13,98552.24,19153.039779986982,False,1.45
2022-10-14,98552.24,19383.9432200889,False,1.45
2022-10-15,98552.24,19198.107144951755,False,1.45
2022-10-16,98552.24,19072.780513358884,False,1.45
2022-10-17,98552.24,19272.92184777201,False,1.45
2022-10-18,98552.24,19557.895548868444,False,1.45
2022-10-19,98552.24,19348.02936881037,False,1.45
2022-10-20,98552.24,19134.242664465204,False,1.45
2022-10-21,98552.24,19031.15987195947,False,1.45
2022-10-22,98552.24,19173.28046885863,False,1.45
2022-10-23,98552.24,19203.86547117714,False,1.45
2022-10-24,98552.24,19574.8242318408,False,1.45
2022-10-25,98552.24,19316.94062294213,False,1.45
2022-10-26,98552.24,20095.152230674925,False,1.45
2022-10-27,98492.03,20774.247496426036,True,1.51
2022-10-28,97054.62,20278.36623205219,True,2.95
2022-10-29,97961.55,20591.24120809861,True,2.04
2022-10-30,98568.72,20800.70708772471,True,1.43
2022-10-31,98056.13,20623.871497040946,True,1.94
2022-11-01,97681.42,20494.60120983709,True,2.32
2022-11-02,97667.06,20489.646203160763,True,2.33
2022-11-03,96720.16,20162.980904822525,True,3.28
2022-11-04,96859.1,20210.91241711132,True,3.14
2022-11-05,99582.13,21150.3155839124,True,0.42
2022-11-06,99966.7,21282.98510942269,True,0.03
2022-11-07,98876.83,20906.99792695512,True,1.12
2022-11-08,97980.43,20597.755017060837,True,2.02
2022-11-09,94853.83,18562.353215089643,False,5.15
2022-11-10,94853.83,15742.444335961438,False,5.15
2022-11-11,94853.83,17594.923500278233,False,5.15
2022-11-12,94853.83,17080.215260565037,False,5.15
2022-11-13,94853.83,16797.98748257006,False,5.15
2022-11-14,94853.83,16344.342316001042,False,5.15
2022-11-15,94853.83,16645.828500283515,False,5.15
2022-11-16,94853.83,16890.52938386464,False,5.15
2022-11-17,94853.83,16689.39673273771,False,5.15
2022-11-18,94853.83,16718.361228055077,False,5.15
2022-11-19,94853.83,16707.022778986535,False,5.15
2022-11-20,94853.83,16712.729525794817,False,5.15
2022-11-21,94853.83,16304.07685562355,False,5.15
2022-11-22,94853.83,15814.335280855255,False,5.15
2022-11-23,94853.83,16171.628978315088,False,5.15
2022-11-24,94853.83,16608.00998544357,False,5.15
2022-11-25,94853.83,16596.03575847268,False,5.15
2022-11-26,94853.83,16524.449007720887,False,5.15
2022-11-27,94853.83,16456.156062496684,False,5.15
2022-11-28,94853.83,16459.149543755877,False,5.15
2022-11-29,94853.83,16222.210728731225,False,5.15
2022-11-30,94853.83,16441.979978419113,False,5.15
2022-12-01,94853.83,17186.502572066118,False,5.15
2022-12-02,94853.83,16972.73406077455,False,5.15
2022-12-03,94853.83,17084.87334047068,False,5.15
2022-12-04,94853.83,16923.38287008033,False,5.15
2022-12-05,94853.83,17149.93175096291,False,5.15
2022-12-06,94853.83,16973.372577553495,False,5.15
2022-12-07,94815.83,17085.64314125141,True,5.18
2022-12-08,94294.56,16851.30346863184,True,5.71
2022-12-09,95148.09,17235.014157992136,True,4.85
2022-12-10,94958.59,17149.824203925327,True,5.04
2022-12-11,94904.19,17125.364927688952,True,5.1
2022-12-12,94850.07,17101.038019732932,True,5.15
2022-12-13,95024.82,17179.596038203494,True,4.98
2022-12-14,96369.63,17784.162894053265,True,3.63
2022-12-15,96424.25,17808.71617265881,True,3.58
2022-12-16,95377.97,17338.358126632633,True,4.62
2022-12-17,93788.4,16623.75782614431,True,6.21
2022-12-18,94194.86,16806.48559206152,True,5.81
2022-12-19,94053.24,16742.816663834055,True,5.95
2022-12-20,93122.88,16422.562273279298,False,6.88
2022-12-21,93122.88,16899.331969046758,False,6.88
2022-12-22,93122.88,16816.85370118997,False,6.88
2022-12-23,93122.88,16824.790162441503,False,6.88
2022-12-24,93122.88,16791.45543916491,False,6.88
2022-12-25,93122.88,16848.568708323422,False,6.88
2022-12-26,93122.88,16842.177039905502,False,6.88
2022-12-27,93095.75,16900.081871938084,True,6.9
2022-12-28,93417.4,16701.840210667935,True,6.58
2022-12-29,93687.53,16538.906094001977,True,6.31
2022-12-30,93512.06,16644.379087037905,True,6.49
2022-12-31,93578.94,16604.020520373393,True,6.42
2023-01-01,93684.54,16540.693624776803,True,6.32
2023-01-02,93559.11,16615.969318012816,True,6.44
2023-01-03,93462.62,16674.342536301097,True,6.54
2023-01-04,93457.18,16677.646185850346,True,6.54
2023-01-05,93167.95,16855.1747387671,True,6.83
2023-01-06,93205.2,16832.098988497855,True,6.79
2023-01-07,92999.65,16960.23206247515,True,7.0
2023-01-08,93014.57,16950.861521853905,True,6.99
2023-01-09,92818.75,17074.61539572674,True,7.18
2023-01-10,92631.11,17194.90932945318,True,7.37
2023-01-11,92315.49,17436.90232978116,True,7.68
2023-01-12,94938.08,17996.832553741606,True,5.06
2023-01-13,99012.86,18866.810330617045,True,0.99
2023-01-14,104047.77,19941.780543296303,True,-4.05
2023-01-15,109094.19,21019.20661402266,True,-9.09
2023-01-16,108316.8,20853.230569490253,True,-8.32
2023-01-17,109825.48,21175.33773662521,True,-9.83
2023-01-18,109738.57,21156.78393116713,True,-9.74
2023-01-19,107724.84,20726.844969426445,True,-7.72
2023-01-20,109386.76,21081.67102220433,True,-9.39
2023-01-21,109646.44,22705.83367889906,False,0.0
2023-01-22,109646.44,22771.023287021784,False,0.0
2023-01-23,109646.44,22736.66142892971,False,0.0
2023-01-24,109646.44,22984.87497643721,False,0.0
2023-01-25,109646.44,22610.01059827285,False,0.0
2023-01-26,109646.44,23180.422697874263,False,0.0
2023-01-27,109646.44,23024.74618081709,False,0.0
2023-01-28,109646.44,23082.858382122955,False,0.0
2023-01-29,109646.44,23022.23299135344,False,0.0
2023-01-30,109646.44,23797.46089488124,False,0.0
2023-01-31,109646.44,22840.385858797104,False,0.0
2023-02-01,109646.44,23137.323554088376,False,0.0
2023-02-02,109646.44,23725.16179614224,False,0.0
2023-02-03,109646.44,23539.676770196525,False,0.0
2023-02-04,109646.44,23451.577650774638,False,0.0
2023-02-05,109646.44,23340.34958553934,False,0.0
2023-02-06,109646.44,22946.286578591236,False,0.0
2023-02-07,109646.44,22786.483006387727,False,0.0
2023-02-08,109646.44,23294.9136483527,False,0.0
2023-02-09,109646.44,22947.50782856846,False,0.0
2023-02-10,109646.44,21820.88650809277,False,0.0
2023-02-11,109646.44,21630.132979576298,False,0.0
2023-02-12,109646.44,21889.432080049624,False,0.0
2023-02-13,109646.44,21779.87440384417,False,0.0
2023-02-14,109646.44,21807.834274723064,False,0.0
2023-02-15,109646.44,22220.070997481067,False,0.0
2023-02-16,109646.44,24307.8751016316,False,0.0
2023-02-17,109646.44,23756.907281577434,False,0.0
2023-02-18,109646.44,24628.82455217312,False,0.0
2023-02-19,109646.44,24642.79087073843,False,0.0
2023-02-20,109646.44,24284.478003714703,False,0.0
2023-02-21,109646.44,24786.665940845705,False,0.0
2023-02-22,109646.44,24417.38703630947,False,0.0
2023-02-23,109646.44,24146.101364545226,False,0.0
2023-02-24,109646.44,23951.11098423326,False,0.0
2023-02-25,109646.44,23172.286538018925,False,0.0
2023-02-26,109646.44,23157.038107459524,False,0.0
2023-02-27,109646.44,23541.11585449356,False,0.0
2023-02-28,109646.44,23518.12390627588,False,0.0
2023-03-01,109646.44,23155.543746825795,False,0.0
2023-03-02,109646.44,23634.333489123783,False,0.0
2023-03-03,109646.44,23464.33654185282,False,0.0
2023-03-04,109646.44,22367.43302246967,False,0.0
2023-03-05,109646.44,22348.32991538815,False,0.0
2023-03-06,109646.44,22421.885805853268,False,0.0
2023-03-07,109646.44,22415.113659694827,False,0.0
2023-03-08,109646.44,22217.209884905325,False,0.0
2023-03-09,109646.44,21712.65119391273,False,0.0
2023-03-10,109646.44,20376.320007428807,False,0.0
2023-03-11,109646.44,20195.2289502733,False,0.0
2023-03-12,109646.44,20521.55615175117,False,0.0
2023-03-13,109646.44,22095.71339833569,False,0.0
2023-03-14,109646.44,24178.95532797469,False,0.0
2023-03-15,109646.44,24758.765085827567,False,0.0
2023-03-16,109646.44,24470.88205445031,False,0.0
2023-03-17,109646.44,25161.27201752005,False,0.0
2023-03-18,109646.44,27466.677829829863,False,0.0
2023-03-19,109646.44,27107.792183504385,False,0.0
2023-03-20,109646.44,28186.842652360127,False,0.0
2023-03-21,109646.44,27929.167733140293,False,0.0
2023-03-22,109646.44,28264.23961052235,False,0.0
2023-03-23,109646.44,27449.25483080736,False,0.0
2023-03-24,109646.44,28459.735113552502,False,0.0
2023-03-25,109646.44,27595.4947483755,False,0.0
2023-03-26,109646.44,27670.199498496837,False,0.0
2023-03-27,109646.44,28048.46997853496,False,0.0
2023-03-28,109646.44,27182.299559950465,False,0.0
2023-03-29,109646.44,27291.3500210497,False,0.0
2023-03-30,109646.44,28394.997780199057,False,0.0
2023-03-31,109646.44,28041.123080088284,False,0.0
2023-04-01,109646.44,28516.78472968864,False,0.0
2023-04-02,109646.44,28498.94463304862,False,0.0
2023-04-03,109646.44,28236.508738939792,False,0.0
2023-04-04,109646.44,27815.42653124798,False,0.0
2023-04-05,109646.44,28175.33033421539,False,0.0
2023-04-06,109646.44,28197.20034124555,False,0.0
2023-04-07,109646.44,28042.9833864884,False,0.0
2023-04-08,109646.44,27934.43871284895,False,0.0
2023-04-09,109646.44,27968.12804705512,False,0.0
2023-04-10,109646.44,28351.23699385011,False,0.0
2023-04-11,109646.44,29657.97413687356,False,0.0
2023-04-12,109595.3,30260.93610940865,True,0.05
2023-04-13,108992.32,29904.138694718906,True,0.6
2023-04-14,109838.81,30405.027312781145,True,-0.18
2023-04-15,109945.92,30468.40870059078,True,-0.27
2023-04-16,109681.87,30312.16187965924,True,-0.03
2023-04-17,109669.44,30304.807514785844,True,-0.02
2023-04-18,108254.35,29467.459829260344,True,1.27
2023-04-19,109772.69,30365.90416754141,True,-0.12
2023-04-20,107182.49,28833.217501221105,True,2.25
2023-04-21,106288.45,28255.57824866478,False,3.06
2023-04-22,106288.45,27300.15712851557,False,3.06
2023-04-23,106288.45,27861.640663476548,False,3.06
2023-04-24,106288.45,27606.578347653143,False,3.06
2023-04-25,106288.45,27511.635682161308,False,3.06
2023-04-26,106288.45,28351.218248373007,False,3.06
2023-04-27,106288.45,28352.19132059668,False,3.06
2023-04-28,106288.45,29483.52170499186,False,3.06
2023-04-29,106288.45,29339.99499754935,False,3.06
2023-04-30,106288.45,29217.944046809916,False,3.06
2023-05-01,106288.45,29362.056213625398,False,3.06
2023-05-02,106288.45,28125.501155636823,False,3.06
2023-05-03,106288.45,28654.39013332672,False,3.06
2023-05-04,106288.45,28988.320996249277,False,3.06
2023-05-05,106288.45,28846.461458608057,False,3.06
2023-05-06,106288.45,29520.322268970496,False,3.06
2023-05-07,106288.45,28887.74104552337,False,3.06
2023-05-08,106288.45,28611.43919761457,False,3.06
2023-05-09,106288.45,27696.76078562556,False,3.06
2023-05-10,106288.45,27607.39168091902,False,3.06
2023-05-11,106288.45,27639.73356593586,False,3.06
2023-05-12,106288.45,27024.76572929978,False,3.06
2023-05-13,106288.45,26787.69039591833,False,3.06
2023-05-14,106288.45,26798.126271474703,False,3.06
2023-05-15,106288.45,26911.805273213893,False,3.06
2023-05-16,106288.45,27227.793422558792,False,3.06
2023-05-17,106288.45,27022.713173921147,False,3.06
2023-05-18,106288.45,27389.971511442203,False,3.06
2023-05-19,106288.45,26842.95249471792,False,3.06
2023-05-20,106288.45,26884.371059589947,False,3.06
2023-05-21,106288.45,27093.79110149735,False,3.06
2023-05-22,106288.45,26773.83024366478,False,3.06
2023-05-23,106288.45,26869.686021790774,False,3.06
2023-05-24,106288.45,27222.937746603853,False,3.06
2023-05-25,106288.45,26338.948946998687,False,3.06
2023-05-26,106288.45,26475.607902534277,False,3.06
2023-05-27,106288.45,26717.987553571777,False,3.06
2023-05-28,106288.45,26848.23993959246,False,3.06
2023-05-29,106288.45,28110.313467609285,False,3.06
2023-05-30,106288.45,27759.74666392068,False,3.06
2023-05-31,106288.45,27713.908547529507,False,3.06
2023-06-01,106288.45,27245.474465179723,False,3.06
2023-06-02,106288.45,26824.10149951678,False,3.06
2023-06-03,106288.45,27247.74008145703,False,3.06
2023-06-04,106288.45,27066.371328526235,False,3.06
2023-06-05,106288.45,27315.447587487684,False,3.06
2023-06-06,106288.45,25792.6160902334,False,3.06
2023-06-07,106288.45,27216.61556469773,False,3.06
2023-06-08,106288.45,26346.244545137637,False,3.06
2023-06-09,106288.45,26507.90989220298,False,3.06
2023-06-10,106288.45,26469.581684007026,False,3.06
2023-06-11,106288.45,25858.12289218562,False,3.06
2023-06-12,106288.45,25916.57989637981,False,3.06
2023-06-13,106288.45,25910.362742919464,False,3.06
2023-06-14,106288.45,25872.20645879509,False,3.06
2023-06-15,106288.45,25107.754695880594,False,3.06
2023-06-16,106288.45,25564.599632887144,False,3.06
2023-06-17,106288.45,26327.3256694539,False,3.06
2023-06-18,106288.45,26501.044442233677,False,3.06
2023-06-19,106288.45,26333.092529664373,False,3.06
2023-06-20,106288.45,26779.38746152284,False,3.06
2023-06-21,106288.45,28330.891419807507,False,3.06
2023-06-22,106288.45,30101.76481948869,False,3.06
2023-06-23,106288.45,29935.63210674956,False,3.06
2023-06-24,106288.45,30629.24435333575,False,3.06
2023-06-25,106288.45,30537.816664634796,False,3.06
2023-06-26,106288.45,30454.75697441562,False,3.06
2023-06-27,106288.45,30285.50506407074,False,3.06
2023-06-28,106288.45,30693.54635606798,False,3.06
2023-06-29,106288.45,30083.477245263824,False,3.06
2023-06-30,106288.45,30466.61045689353,False,3.06
2023-07-01,106288.45,30480.781481944465,False,3.06
2023-07-02,106288.45,30583.619599697537,False,3.06
2023-07-03,106288.45,30571.887072871446,False,3.06
2023-07-04,106288.45,31134.713133508405,False,3.06
2023-07-05,106288.45,30775.624022375305,False,3.06
2023-07-06,106288.45,30484.79377442352,False,3.06
2023-07-07,106288.45,29990.055151220247,False,3.06
2023-07-08,106288.45,30315.26540235163,False,3.06
2023-07-09,106288.45,30264.19734525722,False,3.06
2023-07-10,106288.45,30169.87065747925,False,3.06
2023-07-11,106288.45,30394.28114637557,False,3.06
2023-07-12,106288.45,30620.81424697801,False,3.06
2023-07-13,106288.45,30407.41631435991,False,3.06
2023-07-14,106288.45,31446.0149710716,False,3.06
2023-07-15,106288.45,30311.82780813052,False,3.06
2023-07-16,106288.45,30297.97140012553,False,3.06
2023-07-17,106288.45,30237.334785146097,False,3.06
2023-07-18,106288.45,30147.860079211525,False,3.06
2023-07-19,106288.45,29848.03227250528,False,3.06
2023-07-20,106288.45,29919.87483825516,False,3.06
2023-07-21,106252.06,29787.041530355687,True,3.1
2023-07-22,106096.91,29914.68272835899,True,3.24
2023-07-23,106346.15,29710.155935991766,True,3.01
2023-07-24,105924.33,30057.956718714588,True,3.39
2023-07-25,107002.26,29184.901913057693,True,2.41
2023-07-26,106953.91,29222.974630383527,True,2.46
2023-07-27,106776.32,29363.672907978616,True,2.62
2023-07-28,106982.76,29200.244001291318,True,2.43
2023-07-29,106838.7,29314.09738709836,True,2.56
2023-07-30,106785.02,29356.74774591667,True,2.61
2023-07-31,106884.56,29277.75581027272,True,2.52
2023-08-01,106941.03,29233.13636558044,True,2.47
2023-08-02,106559.73,29537.109746927432,True,2.82
2023-08-03,107050.99,29146.63627084363,True,2.37
2023-08-04,107013.39,29176.15059658541,True,2.4
2023-08-05,107125.97,29087.938086007627,True,2.3
2023-08-06,107178.71,29046.8004570232,True,2.25
2023-08-07,107182.04,29044.20437557756,True,2.25
2023-08-08,107010.85,29178.147751873083,True,2.4
2023-08-09,106261.19,29779.56167125089,True,3.09
2023-08-10,106499.77,29585.48807737921,True,2.87
2023-08-11,106700.92,29423.81891597763,True,2.69
2023-08-12,106734.69,29396.8479714205,True,2.66
2023-08-13,106715.54,29412.142274584105,True,2.67
2023-08-14,106875.45,29284.96971374381,True,2.53
2023-08-15,106730.01,29400.58680419105,True,2.66
2023-08-16,107020.6,29170.490397060614,True,2.39
2023-08-17,107558.15,28754.197021112574,True,1.9
2023-08-18,108572.92,26501.58726991974,True,0.98
2023-08-19,109278.1,26042.838256849,True,0.34
2023-08-20,109181.44,26104.778630797897,True,0.42
2023-08-21,109094.56,26160.70041981821,True,0.5
2023-08-22,109159.3,26119.005958595222,True,0.44
2023-08-23,109292.43,26033.675406585844,True,0.32
2023-08-24,108650.98,26450.00862461353,True,0.91
2023-08-25,109134.54,26134.934254516003,True,0.47
2023-08-26,109276.22,26044.036209289134,True,0.34
2023-08-27,109342.05,26002.01571731937,True,0.28
2023-08-28,109215.81,26082.717178218525,True,0.39
2023-08-29,109174.44,26109.2698239287,True,0.43
2023-08-30,106816.64,27730.50373550554,False,2.58
2023-08-31,106816.64,27297.261438480404,False,2.58
2023-09-01,106816.64,25927.417005779287,False,2.58
2023-09-02,106816.64,25812.33049442542,False,2.58
2023-09-03,106816.64,25853.65684277757,False,2.58
2023-09-04,106816.64,25959.59631146345,False,2.58
2023-09-05,106816.64,25829.364772941324,False,2.58
2023-09-06,106816.64,25784.41351983038,False,2.58
2023-09-07,106816.64,25752.958418589413,False,2.58
2023-09-08,106816.64,26192.333433090567,False,2.58
2023-09-09,106816.64,25907.22813724973,False,2.58
2023-09-10,106816.64,25889.3250094629,False,2.58
2023-09-11,106816.64,25834.580098562918,False,2.58
2023-09-12,106816.64,25133.303106566527,False,2.58
2023-09-13,106816.64,25866.806663158084,False,2.58
2023-09-14,106816.64,26223.436075660946,False,2.58
2023-09-15,106816.64,26531.39556626326,False,2.58
2023-09-16,106816.64,26634.631025000588,False,2.58
2023-09-17,106816.64,26557.768691994646,False,2.58
2023-09-18,106816.64,26520.98825478389,False,2.58
2023-09-19,106816.64,26741.461110948952,False,2.58
2023-09-20,106816.64,27219.296874634216,False,2.58
2023-09-21,106816.64,27115.846446970816,False,2.58
2023-09-22,106816.64,26561.13345419872,False,2.58
2023-09-23,106816.64,26572.0381115526,False,2.58
2023-09-24,106816.64,26573.9234797301,False,2.58
2023-09-25,106816.64,26249.562897845204,False,2.58
2023-09-26,106816.64,26298.634678281232,False,2.58
2023-09-27,106816.64,26204.75759083597,False,2.58
2023-09-28,106816.64,26350.146895428057,False,2.58
2023-09-29,106816.64,27009.01375072488,False,2.58
2023-09-30,106816.64,26917.199101637976,False,2.58
2023-10-01,106816.64,26969.876144072576,False,2.58
2023-10-02,106816.64,27967.510579087117,False,2.58
2023-10-03,106816.64,27615.06488509527,False,2.58
2023-10-04,106816.64,27439.12194670512,False,2.58
2023-10-05,106816.64,27792.1112772493,False,2.58
2023-10-06,106816.64,27435.874615135104,False,2.58
2023-10-07,106816.64,27958.196437350485,False,2.58
2023-10-08,106816.64,27977.543490700005,False,2.58
2023-10-09,106816.64,27948.10365174851,False,2.58
2023-10-10,106816.64,27593.782534439662,False,2.58
2023-10-11,106816.64,27392.247702732497,False,2.58
2023-10-12,106816.64,26842.1904390924,False,2.58
2023-10-13,106816.64,26729.137205815103,False,2.58
2023-10-14,106816.64,26841.136220644406,False,2.58
2023-10-15,106816.64,26863.18356907992,False,2.58
2023-10-16,106816.64,27150.29700140705,False,2.58
2023-10-17,106816.64,28513.30993247735,False,2.58
2023-10-18,106816.64,28417.72175169982,False,2.58
2023-10-19,106816.64,28328.245198134824,False,2.58
2023-10-20,106816.64,28715.748142407952,False,2.58
2023-10-21,106816.64,29677.392888476206,False,2.58
2023-10-22,106816.64,29920.07449265145,False,2.58
2023-10-23,106816.64,30019.38050086351,False,2.58
2023-10-24,106816.64,32953.262760830985,False,2.58
2023-10-25,106816.64,33846.72425733224,False,2.58
2023-10-26,106816.64,34471.986031672015,False,2.58
2023-10-27,106816.64,34174.451552912586,False,2.58
2023-10-28,106816.64,33899.09305644032,False,2.58
2023-10-29,106816.64,34092.630932838576,False,2.58
2023-10-30,106816.64,34556.242814761616,False,2.58
2023-10-31,106816.64,34498.70391946407,False,2.58
2023-11-01,106816.64,34672.2892841885,False,2.58
2023-11-02,106816.64,35457.45491210553,False,2.58
2023-11-03,106816.64,34924.05545044328,False,2.58
2023-11-04,106816.64,34731.38136896784,False,2.58
2023-11-05,106816.64,35048.407834901074,False,2.58
2023-11-06,106816.64,35061.92874919579,False,2.58
2023-11-07,106816.64,35031.26888208706,False,2.58
2023-11-08,106816.64,35436.53762957962,False,2.58
2023-11-09,106816.64,35795.0806307102,False,2.58
2023-11-10,106816.64,36768.42081912672,False,2.58
2023-11-11,106816.64,37344.249000720345,False,2.58
2023-11-12,106816.64,37122.72282430656,False,2.58
2023-11-13,106816.64,37067.69698212008,False,2.58
2023-11-14,106816.64,36549.16204829837,False,2.58
2023-11-15,106816.64,35545.201433454065,False,2.58
2023-11-16,106816.64,37903.66245166294,False,2.58
2023-11-17,106816.64,36201.51611146142,False,2.58
2023-11-18,106816.64,36527.76022530742,False,2.58
2023-11-19,106816.64,36582.36844192274,False,2.58
2023-11-20,106816.64,37413.99460790531,False,2.58
2023-11-21,106816.64,37489.298470802016,False,2.58
2023-11-22,106816.64,35965.36036068078,False,2.58
2023-11-23,106816.64,37464.83293220907,False,2.58
2023-11-24,106816.64,37293.316127426726,False,2.58
2023-11-25,106816.64,37738.93169747125,False,2.58
2023-11-26,106816.64,37809.85286625321,False,2.58
2023-11-27,106816.64,37491.838186008135,False,2.58
2023-11-28,106816.64,37250.16905148115,False,2.58
2023-11-29,106816.64,37802.23604377473,False,2.58
2023-11-30,106816.64,37810.34641654128,False,2.58
2023-12-01,106816.64,37711.81837585267,False,2.58
2023-12-02,106816.64,38688.25874179069,False,2.58
2023-12-03,106816.64,39481.666416062864,False,2.58
2023-12-04,106816.64,39960.27542041052,False,2.58
2023-12-05,106816.64,41974.331772543344,False,2.58
2023-12-06,106816.64,44105.94477259938,False,2.58
2023-12-07,106816.64,43788.28880825234,False,2.58
2023-12-08,106816.64,43270.11955970747,False,2.58
2023-12-09,106816.64,44202.17610943621,False,2.58
2023-12-10,106816.64,43745.49199189547,False,2.58
2023-12-11,106816.64,43757.959937619176,False,2.58
2023-12-12,106816.64,41200.96272610168,False,2.58
2023-12-13,106816.64,41450.81938737744,False,2.58
2023-12-14,106816.64,42931.76182603245,False,2.58
2023-12-15,106816.64,43009.5954563739,False,2.58
2023-12-16,106816.64,41992.01418722399,False,2.58
2023-12-17,106816.64,42247.06788172229,False,2.58
2023-12-18,106816.64,41410.819634575855,False,2.58
2023-12-19,106816.64,42684.182554683386,False,2.58
2023-12-20,106816.64,42250.20618279751,False,2.58
2023-12-21,106816.64,43634.1241684964,False,2.58
2023-12-22,106816.64,43849.69959939619,False,2.58
2023-12-23,106816.64,44003.6960216438,False,2.58
2023-12-24,106816.64,43752.03088478376,False,2.58
2023-12-25,106816.64,43034.97106309152,False,2.58
2023-12-26,106816.64,43638.23630220092,False,2.58
2023-12-27,106816.64,42516.42694028252,False,2.58
2023-12-28,106816.64,43418.46777504291,False,2.58
2023-12-29,106816.64,42600.65063315619,False,2.58
2023-12-30,106816.64,42074.70715618848,False,2.58
2023-12-31,106816.64,42220.61140121376,False,2.58
2024-01-01,106816.64,42208.20217618648,False,2.58
2024-01-02,106816.64,44168.68118687473,False,2.58
2024-01-03,106816.64,44994.67388689237,False,2.58
2024-01-04,106816.64,42821.558989158,False,2.58
2024-01-05,106816.64,44195.57856209971,False,2.58
2024-01-06,106816.64,44113.69973389081,False,2.58
2024-01-07,106816.64,43956.12071720152,False,2.58
2024-01-08,106816.64,43883.74387905174,False,2.58
2024-01-09,106765.65,46936.18556121751,True,2.63
2024-01-10,105863.68,46105.94607828697,True,3.45
2024-01-11,106435.52,46632.31314804979,True,2.93
2024-01-12,106090.09,46314.35554160269,True,3.24
2024-01-13,103124.6,42893.92960550481,False,5.95
2024-01-14,103124.6,42848.47451640749,False,5.95
2024-01-15,103124.6,41800.93282193406,False,5.95
2024-01-16,103124.6,42587.336038354406,False,5.95
2024-01-17,103124.6,43148.00164342693,False,5.95
2024-01-18,103124.6,42713.859186938986,False,5.95
2024-01-19,103124.6,41261.39479801012,False,5.95
2024-01-20,103124.6,41600.94093254464,False,5.95
2024-01-21,103124.6,41626.10711003664,False,5.95
2024-01-22,103124.6,41541.89945706261,False,5.95
2024-01-23,103124.6,39504.73005758438,False,5.95
2024-01-24,103124.6,39833.45410501688,False,5.95
2024-01-25,103124.6,40123.67105847147,False,5.95
2024-01-26,103124.6,39938.28644155878,False,5.95
2024-01-27,103124.6,41862.9356109399,False,5.95
2024-01-28,103124.6,42119.61049464309,False,5.95
2024-01-29,103124.6,42026.57856232145,False,5.95
2024-01-30,103124.6,43267.60927638767,False,5.95
2024-01-31,103124.6,42892.03453014447,False,5.95
2024-02-01,103124.6,42583.26354663417,False,5.95
2024-02-02,103124.6,43069.0434209368,False,5.95
2024-02-03,103124.6,43170.65856159975,False,5.95
2024-02-04,103124.6,42976.84829990829,False,5.95
2024-02-05,103124.6,42599.35997055978,False,5.95
2024-02-06,103124.6,42648.45692113544,False,5.95
2024-02-07,103124.6,43087.78740814285,False,5.95
2024-02-08,103124.6,44247.415415479314,False,5.95
2024-02-09,103124.6,45338.27118978949,False,5.95
2024-02-10,103124.6,47143.24299107112,False,5.95
2024-02-11,103124.6,47768.995251247936,False,5.95
2024-02-12,103124.6,48189.88179303987,False,5.95
2024-02-13,103124.6,50050.13609456397,False,5.95
2024-02-14,103124.6,49732.14536955351,False,5.95
2024-02-15,103124.6,51790.16929752642,False,5.95
2024-02-16,103124.6,51958.23029105492,False,5.95
2024-02-17,103124.6,52166.43430976192,False,5.95
2024-02-18,103124.6,51684.51749264525,False,5.95
2024-02-19,103124.6,52138.48578873693,False,5.95
2024-02-20,103124.6,51764.313185487765,False,5.95
2024-02-21,103124.6,52286.79372554667,False,5.95
2024-02-22,103124.6,51842.75676625642,False,5.95
2024-02-23,103124.6,51319.500125702674,False,5.95
2024-02-24,103124.6,50841.081094770896,False,5.95
2024-02-25,103124.6,51553.096712831146,False,5.95
2024-02-26,103124.6,51751.88405493456,False,5.95
2024-02-27,103124.6,54478.19108312296,False,5.95
2024-02-28,103124.6,57003.52673730811,False,5.95
2024-02-29,103124.6,62558.58202419311,False,5.95
2024-03-01,103124.6,61298.21686110162,False,5.95
2024-03-02,103124.6,62426.64052919186,False,5.95
2024-03-03,103124.6,62067.86680212177,False,5.95
2024-03-04,103124.6,63053.10543906421,False,5.95
2024-03-05,103124.6,68186.64593432152,False,5.95
2024-03-06,103124.6,64291.536557569496,False,5.95
2024-03-07,103124.6,66145.91927850846,False,5.95
2024-03-08,103124.6,66944.87639053575,False,5.95
2024-03-09,103124.6,68315.25192078314,False,5.95
2024-03-10,103124.6,68508.0039626159,False,5.95
2024-03-11,103124.6,69075.66688195744,False,5.95
2024-03-12,103124.6,72130.55300765681,False,5.95
2024-03-13,103124.6,71467.17350326062,False,5.95
2024-03-14,103124.6,73097.76702694128,False,5.95
2024-03-15,103124.6,71420.03180142345,False,5.95
2024-03-16,103124.6,69497.7631929463,False,5.95
2024-03-17,103124.6,65292.31329331289,False,5.95
2024-03-18,103124.6,68425.41565643054,False,5.95
2024-03-19,103124.6,67708.94360930806,False,5.95
2024-03-20,103124.6,62132.51737873437,False,5.95
2024-03-21,103124.6,67819.05570684028,False,5.95
2024-03-22,103124.6,65535.97844847657,False,5.95
2024-03-23,103124.6,63509.04496523133,False,5.95
2024-03-24,103124.6,64285.80279102199,False,5.95
2024-03-25,103124.6,67310.98326810106,False,5.95
2024-03-26,103124.6,69938.94530200244,False,5.95
2024-03-27,103124.6,70082.05122475982,False,5.95
2024-03-28,103124.6,69435.75040305211,False,5.95
2024-03-29,103124.6,70710.19534863312,False,5.95
2024-03-30,103124.6,69919.05546148612,False,5.95
2024-03-31,103124.6,69702.3087473573,False,5.95
2024-04-01,103124.6,71246.95144060145,False,5.95
2024-04-02,103124.6,69785.92503802372,False,5.95
2024-04-03,103124.6,65440.41922587159,False,5.95
2024-04-04,103124.6,66123.938539074,False,5.95
2024-04-05,103124.6,68542.17715279506,False,5.95
2024-04-06,103124.6,67978.61023408506,False,5.95
2024-04-07,103124.6,69000.6499164776,False,5.95
2024-04-08,103124.6,69401.97360911008,False,5.95
2024-04-09,103124.6,71624.18486236996,False,5.95
2024-04-10,103124.6,69158.64381207665,False,5.95
2024-04-11,103124.6,70527.88997578963,False,5.95
2024-04-12,103124.6,70106.66413070948,False,5.95
2024-04-13,103124.6,67252.10504226631,False,5.95
2024-04-14,103124.6,64404.82548907413,False,5.95
2024-04-15,103107.74,65752.66004728881,True,5.96
2024-04-16,103724.3,63430.5714573684,True,5.4
2024-04-17,103644.86,63720.501587480736,True,5.47
2024-04-18,104322.58,61328.89798860725,True,4.86
2024-04-19,103715.76,63461.59269510717,True,5.41
2024-04-20,103571.99,63988.818471785664,True,5.54
2024-04-21,103330.48,64894.41869109179,True,5.76
2024-04-22,103319.44,64936.4207567739,True,5.77
2024-04-23,102833.35,66841.66685207361,True,6.21
2024-04-24,102941.8,66406.95244392671,True,6.11
2024-04-25,103493.72,64279.51812857524,True,5.61
2024-04-26,103438.51,64486.183359158975,True,5.66
2024-04-27,103622.57,63802.330049258766,True,5.49
2024-04-28,103700.47,63517.248743409626,True,5.42
2024-04-29,103835.13,63030.433616681854,True,5.3
2024-04-30,103623.84,63797.67963589958,True,5.49
2024-05-01,104494.8,60749.47209216387,True,4.7
2024-05-02,105261.48,58297.57407532549,True,4.0
2024-05-03,104992.43,59135.1733607733,True,4.24
2024-05-04,103888.56,62839.34073569376,True,5.25
2024-05-05,103617.64,63820.451902924986,True,5.5
2024-05-06,103566.26,64010.00865210892,True,5.55
2024-05-07,103795.62,63172.48129551341,True,5.34
2024-05-08,104023.15,62363.057191718624,True,5.13
2024-05-09,104356.03,61215.50400879193,True,4.82
2024-05-10,103802.25,63148.59994309703,True,5.33
2024-05-11,104453.27,60888.21674957157,True,4.74
2024-05-12,104486.56,60776.97207917213,True,4.71
2024-05-13,104270.28,61507.05400412135,True,4.9
2024-05-14,103877.5,62878.783300729294,True,5.26
2024-05-15,104234.16,61569.1130057734,False,4.94
2024-05-16,104234.16,66220.51831432826,False,4.94
2024-05-17,104234.16,65260.879803346186,False,4.94
2024-05-18,104234.16,67053.12326509564,False,4.94
2024-05-19,104234.16,66912.61861403697,False,4.94
2024-05-20,104234.16,66252.71259591613,False,4.94
2024-05-21,104234.16,71430.29700215145,False,4.94
2024-05-22,104234.16,70189.8358177002,False,4.94
2024-05-23,104234.16,69181.20085677762,False,4.94
2024-05-24,104234.16,67906.46534276106,False,4.94
2024-05-25,104234.16,68539.91646552991,False,4.94
2024-05-26,104234.16,69268.44558973772,False,4.94
2024-05-27,104234.16,68508.83110875699,False,4.94
2024-05-28,104234.16,69367.23871755725,False,4.94
2024-05-29,104234.16,68316.63588049631,False,4.94
2024-05-30,104234.16,67577.26558995963,False,4.94
2024-05-31,104234.16,68372.49288434093,False,4.94
2024-06-01,104234.16,67474.95483698409,False,4.94
2024-06-02,104234.16,67704.32641811523,False,4.94
2024-06-03,104234.16,67740.01690222476,False,4.94
2024-06-04,104234.16,68808.29368590549,False,4.94
2024-06-05,104234.16,70600.01116676089,False,4.94
2024-06-06,104234.16,71184.59943059199,False,4.94
2024-06-07,104234.16,70759.58819301432,False,4.94
2024-06-08,104234.16,69325.36238847222,False,4.94
2024-06-09,104234.16,69315.1041233966,False,4.94
2024-06-10,104234.16,69654.16073760358,False,4.94
2024-06-11,104234.16,69493.17760915738,False,4.94
2024-06-12,104234.16,67329.15232724321,False,4.94
2024-06-13,104234.16,68224.51967501991,False,4.94
2024-06-14,104234.16,66700.31696564378,False,4.94
2024-06-15,104206.22,66011.07873713733,True,4.96
2024-06-16,104130.56,66190.4874891135,True,5.03
2024-06-17,103952.94,66615.53782131766,True,5.19
2024-06-18,104017.51,66460.38897909952,True,5.13
2024-06-19,104592.82,65109.31481219048,True,4.61
2024-06-20,104681.0,64907.07460760319,True,4.53
2024-06-21,104708.32,64844.67441797763,True,4.5
2024-06-22,105051.16,64071.624284709695,True,4.19
2024-06-23,104975.83,64239.90348813148,True,4.26
2024-06-24,105437.93,63221.35738437477,True,3.84
2024-06-25,106817.91,60363.23497529626,True,2.58
2024-06-26,106122.53,61770.41387009536,True,3.21
2024-06-27,106623.63,60749.89619402014,True,2.76
2024-06-28,106223.2,61562.64532550036,True,3.12
2024-06-29,106841.26,60317.09697945116,True,2.56
2024-06-30,106566.54,60864.44316193428,True,2.81
2024-07-01,105664.16,62734.39383945474,True,3.63
2024-07-02,105624.22,62819.82226921849,True,3.67
2024-07-03,105991.68,62042.5650371006,True,3.33
2024-07-04,106877.98,60244.68076433092,True,2.52
2024-07-05,108512.08,57189.17412408636,True,1.03
2024-07-06,108767.22,56739.86285107204,True,0.8
2024-07-07,107935.92,58230.4841542266,True,1.56
2024-07-08,109266.7,55880.3753776708,True,0.35
2024-07-09,108810.04,56665.14073352028,True,0.76
2024-07-10,108068.08,57988.30351208401,True,1.44
2024-07-11,108224.52,57704.20228446288,True,1.3
2024-07-12,108400.35,57388.19247916668,True,1.14
2024-07-13,108116.93,57899.28895749592,True,1.39
2024-07-14,107442.58,59152.71913887286,True,2.01
2024-07-15,106607.47,60942.32773996293,False,2.77
2024-07-16,106607.47,64835.48973321571,False,2.77
2024-07-17,106607.47,65162.23625234354,False,2.77
2024-07-18,106607.47,64136.31384360687,False,2.77
2024-07-19,106607.47,63959.56900809379,False,2.77
2024-07-20,106607.47,66689.54880734957,False,2.77
2024-07-21,106607.47,67206.06470614894,False,2.77
2024-07-22,106607.47,68088.13996324532,False,2.77
2024-07-23,106607.47,67607.71339918874,False,2.77
2024-07-24,106607.47,65942.41746522837,False,2.77
2024-07-25,106607.47,65403.53513022529,False,2.77
2024-07-26,106607.47,65749.96361965332,False,2.77
2024-07-27,106607.47,67920.2964857025,False,2.77
2024-07-28,106607.47,68055.40838968738,False,2.77
2024-07-29,106607.47,68242.2474440493,False,2.77
2024-07-30,106607.47,66770.32091848266,False,2.77
2024-07-31,106607.47,66219.05102486102,False,2.77
2024-08-01,106607.47,64679.77864703252,False,2.77
2024-08-02,106607.47,65357.52960767435,False,2.77
2024-08-03,106607.47,61407.29547397454,False,2.77
2024-08-04,106607.47,60738.7449250574,False,2.77
2024-08-05,106607.47,58006.206586686734,False,2.77
2024-08-06,106607.47,53956.26184159744,False,2.77
2024-08-07,106607.47,55959.84107399357,False,2.77
2024-08-08,106607.47,55099.95181146735,False,2.77
2024-08-09,106607.47,61859.03159904161,False,2.77
2024-08-10,106607.47,60912.588533350805,False,2.77
2024-08-11,106607.47,60887.70861641504,False,2.77
2024-08-12,106607.47,58804.23449992608,False,2.77
2024-08-13,106607.47,59350.07433270696,False,2.77
2024-08-14,106607.47,60601.22317789727,False,2.77
2024-08-15,106607.47,58739.19382231015,False,2.77
2024-08-16,106607.47,57624.11692852191,False,2.77
2024-08-17,106607.47,58881.92579151217,False,2.77
2024-08-18,106607.47,59430.79163445865,False,2.77
2024-08-19,106607.47,58438.29374268541,False,2.77
2024-08-20,106607.47,59574.94581294088,False,2.77
2024-08-21,106607.47,59060.12610074137,False,2.77
2024-08-22,106607.47,61144.68762866613,False,2.77
2024-08-23,106607.47,60387.54062321362,False,2.77
2024-08-24,106607.47,64049.68561555576,False,2.77
2024-08-25,106607.47,64157.1606134782,False,2.77
2024-08-26,106607.47,64265.81631272862,False,2.77
2024-08-27,106607.47,62922.58634676265,False,2.77
2024-08-28,106607.47,59526.560879590994,False,2.77
2024-08-29,106607.47,59015.29633887944,False,2.77
2024-08-30,106607.47,59351.5794909728,False,2.77
2024-08-31,106607.47,59156.24603646356,False,2.77
2024-09-01,106607.47,58960.23658664587,False,2.77
2024-09-02,106607.47,57357.71617282246,False,2.77
2024-09-03,106607.47,59108.73235863689,False,2.77
2024-09-04,106607.47,57504.53858622044,False,2.77
2024-09-05,106607.47,57987.84601410068,False,2.77
2024-09-06,106607.47,56132.4047320886,False,2.77
2024-09-07,106607.47,53923.35611071905,False,2.77
2024-09-08,106607.47,54150.9383589072,False,2.77
2024-09-09,106607.47,54792.40755768575,False,2.77
2024-09-10,106607.47,57049.11875114327,False,2.77
2024-09-11,106607.47,57624.16178336144,False,2.77
2024-09-12,106607.47,57381.76444500048,False,2.77
2024-09-13,106607.47,58106.95122981528,False,2.77
2024-09-14,106607.47,60620.62747295754,False,2.77
2024-09-15,106607.47,60003.29940083042,False,2.77
2024-09-16,106607.47,59214.80226801806,False,2.77
2024-09-17,106607.47,58211.123231286256,False,2.77
2024-09-18,106607.47,60317.0319794625,False,2.77
2024-09-19,106607.47,61440.41208494509,False,2.77
2024-09-20,106607.47,62966.52931910512,False,2.77
2024-09-21,106607.47,63128.224540748255,False,2.77
2024-09-22,106607.47,63403.40234925936,False,2.77
2024-09-23,106607.47,63582.59956924825,False,2.77
2024-09-24,106607.47,63327.02654450202,False,2.77
2024-09-25,106607.47,64334.14274876097,False,2.77
2024-09-26,106607.47,63151.89959401337,False,2.77
2024-09-27,106607.47,65130.76884023231,False,2.77
2024-09-28,106607.47,65791.00212541742,False,2.77
2024-09-29,106607.47,65934.10709441357,False,2.77
2024-09-30,106607.47,65663.68986662335,False,2.77
2024-10-01,106607.47,63243.27532464382,False,2.77
2024-10-02,106607.47,60872.66854372554,False,2.77
2024-10-03,106607.47,60655.55979196848,False,2.77
2024-10-04,106607.47,60727.86395169296,False,2.77
2024-10-05,106607.47,62103.01047283253,False,2.77
2024-10-06,106607.47,62091.932585194016,False,2.77
2024-10-07,106607.47,62811.79972811266,False,2.77
2024-10-08,106607.47,62287.39010510681,False,2.77
2024-10-09,106607.47,62185.230423727575,False,2.77
2024-10-10,106607.47,60597.15045618275,False,2.77
2024-10-11,106607.47,60195.18073772453,False,2.77
2024-10-12,106607.47,62392.34048293159,False,2.77
2024-10-13,106607.47,63207.77062127557,False,2.77
2024-10-14,106607.47,62829.533686088886,False,2.77
2024-10-15,106607.47,66049.99492708022,False,2.77
2024-10-16,106607.47,66962.21994496793,False,2.77
2024-10-17,106607.47,67647.54414766871,False,2.77
2024-10-18,106607.47,67328.10527002988,False,2.77
2024-10-19,106607.47,68465.61920668735,False,2.77
2024-10-20,106607.47,68388.87128965274,False,2.77
2024-10-21,106607.47,68962.82918045693,False,2.77
2024-10-22,106607.47,67394.85775735618,False,2.77
2024-10-23,106607.47,67351.04793512498,False,2.77
2024-10-24,106607.47,66683.96806542306,False,2.77
2024-10-25,106607.47,68214.05205157402,False,2.77
2024-10-26,106607.47,66585.66535501445,False,2.77
2024-10-27,106607.47,67018.1650170265,False,2.77
2024-10-28,106607.47,67938.55412885673,False,2.77
2024-10-29,106607.47,69845.304531169,False,2.77
2024-10-30,106607.47,72781.11308158132,False,2.77
2024-10-31,106607.47,72342.62171127986,False,2.77
2024-11-01,106607.47,70264.99735573279,False,2.77
2024-11-02,106607.47,69507.92256395647,False,2.77
2024-11-03,106607.47,69299.16036699413,False,2.77
2024-11-04,106607.47,68803.50626277467,False,2.77
2024-11-05,106607.47,67793.29782704762,False,2.77
2024-11-06,106607.47,69335.42553133758,False,2.77
2024-11-07,106607.47,75620.88606963192,False,2.77
2024-11-08,106607.47,75987.24178320667,False,2.77
2024-11-09,106607.47,76550.0213845611,False,2.77
2024-11-10,106607.47,76630.22631415377,False,2.77
2024-11-11,106607.47,80466.71654833542,False,2.77
2024-11-12,106607.47,88637.42000322911,False,2.77
2024-11-13,106607.47,88264.59974582895,False,2.77
2024-11-14,106607.47,90488.10007497849,False,2.77
2024-11-15,106607.47,87407.51273710128,False,2.77
2024-11-16,106607.47,90947.97509443705,False,2.77
2024-11-17,106607.47,90606.45489380708,False,2.77
2024-11-18,106607.47,89841.47194135105,False,2.77
2024-11-19,106607.47,90534.62459650292,False,2.77
2024-11-20,106607.47,92251.65240738312,False,2.77
2024-11-21,106607.47,94217.02229634204,False,2.77
2024-11-22,106607.47,98509.11859102432,False,2.77
2024-11-23,106607.47,98927.494945534,False,2.77
2024-11-24,106607.47,97679.46381643032,False,2.77
2024-11-25,106607.47,98015.9355289458,False,2.77
2024-11-26,106607.47,93004.70093103289,False,2.77
2024-11-27,106607.47,91931.83077291829,False,2.77
2024-11-28,106607.47,95981.18057210564,False,2.77
2024-11-29,106607.47,95661.59595817851,False,2.77
2024-11-30,106607.47,97453.2473451042,False,2.77
2024-12-01,106607.47,96513.14234698223,False,2.77
2024-12-02,106607.47,97311.70719084324,False,2.77
2024-12-03,106607.47,95833.1362300365,False,2.77
2024-12-04,106607.47,96031.63097759832,False,2.77
2024-12-05,106607.47,98881.4694561823,False,2.77
2024-12-06,106607.47,97201.5003640774,False,2.77
2024-12-07,106607.47,99973.85150659826,False,2.77
2024-12-08,106607.47,99781.82999198174,False,2.77
2024-12-09,106607.47,101235.3717025316,False,2.77
2024-12-10,106607.47,97353.94700820888,False,2.77
2024-12-11,106607.47,96649.71446771533,False,2.77
2024-12-12,106607.47,101123.61811033696,False,2.77
2024-12-13,106607.47,100000.80836535196,False,2.77
2024-12-14,106607.47,101352.22971292294,False,2.77
2024-12-15,106607.47,101367.01064553364,False,2.77
2024-12-16,106607.47,104721.50151808978,False,2.77
2024-12-17,106607.47,106074.10723541168,False,2.77
2024-12-18,106607.47,106034.913402645,False,2.77
2024-12-19,106607.47,100355.5761481501,False,2.77
2024-12-20,106607.47,97851.35377075804,False,2.77
2024-12-21,106607.47,97691.43431692652,False,2.77
2024-12-22,106607.47,97202.82496847631,False,2.77
2024-12-23,106607.47,95094.27394862172,False,2.77
2024-12-24,106607.47,94644.9108546432,False,2.77
2024-12-25,106607.47,98695.714007826,False,2.77
2024-12-26,106607.47,99344.95417367227,False,2.77
2024-12-27,106607.47,95678.31244565404,False,2.77
2024-12-28,106607.47,94331.94727053076,False,2.77
2024-12-29,106607.47,95184.61945288602,False,2.77
2024-12-30,106607.47,93663.44751964069,False,2.77
2024-12-31,106607.47,92627.28213113276,False,2.77
2025-01-01,106607.47,93507.85874741492,False,2.77
2025-01-02,106607.47,94384.1761153871,False,2.77
2025-01-03,106607.47,96852.14681235077,False,2.77
2025-01-04,106607.47,98084.34279280754,False,2.77
2025-01-05,106607.47,98256.73876849932,False,2.77
2025-01-06,106607.47,98364.58946599838,False,2.77
2025-01-07,106607.47,102229.39453189744,False,2.77
2025-01-08,106607.47,96952.09886774956,False,2.77
2025-01-09,106607.47,95016.71440989176,False,2.77
2025-01-10,106607.47,92376.275783461,False,2.77
2025-01-11,106607.47,94736.6267420969,False,2.77
2025-01-12,106607.47,94559.55167224212,False,2.77
2025-01-13,106607.47,94454.77089638809,False,2.77
2025-01-14,106607.47,94456.3493746993,False,2.77
2025-01-15,106607.47,96574.07768799194,False,2.77
2025-01-16,106607.47,100313.15239828422,False,2.77
2025-01-17,106607.47,100044.57926776377,False,2.77
2025-01-18,106607.47,104160.69358484232,False,2.77
2025-01-19,106607.47,104334.61575724394,False,2.77
2025-01-20,106607.47,101275.33714814208,False,2.77
2025-01-21,106607.47,101764.90860170544,False,2.77
2025-01-22,106607.47,106182.2368201815,False,2.77
2025-01-23,106607.47,103673.53509537788,False,2.77
2025-01-24,106607.47,104067.60991206949,False,2.77
2025-01-25,106607.47,104835.19253555956,False,2.77
2025-01-26,106607.47,104796.04077738234,False,2.77
2025-01-27,106607.47,102552.24874280208,False,2.77
2025-01-28,106607.47,101958.46953745594,False,2.77
2025-01-29,106607.47,101313.11264498268,False,2.77
2025-01-30,106607.47,103718.97939813643,False,2.77
2025-01-31,106607.47,104781.5135100103,False,2.77
2025-02-01,106607.47,102382.39409722164,False,2.77
2025-02-02,106607.47,100674.78762544956,False,2.77
2025-02-03,106607.47,97568.31653024876,False,2.77
2025-02-04,106607.47,101466.8606657039,False,2.77
2025-02-05,106607.47,98118.43921664466,False,2.77
2025-02-06,106607.47,96582.88682919052,False,2.77
2025-02-07,106607.47,96635.41875332213,False,2.77
2025-02-08,106607.47,96558.4563096667,False,2.77
2025-02-09,106607.47,96558.23762501092,False,2.77
2025-02-10,106607.47,96548.57865379583,False,2.77
2025-02-11,106607.47,97399.98161383196,False,2.77
2025-02-12,106607.47,95739.9773707924,False,2.77
2025-02-13,106607.47,97836.18856127484,False,2.77
2025-02-14,106607.47,96561.6639990985,False,2.77
2025-02-15,106607.47,97488.48148536457,False,2.77
2025-02-16,106607.47,97569.95169430463,False,2.77
2025-02-17,106607.47,96149.3484548204,False,2.77
2025-02-18,106607.47,95776.15723852724,False,2.77
2025-02-19,106607.47,95495.89153299289,False,2.77
2025-02-20,106607.47,96554.87156259285,False,2.77
2025-02-21,106607.47,98384.31738240314,False,2.77
2025-02-22,106607.47,96135.15541305284,False,2.77
2025-02-23,106607.47,96564.15414290236,False,2.77
2025-02-24,106607.47,96327.46309127836,False,2.77
2025-02-25,106607.47,91396.76686930266,False,2.77
2025-02-26,106579.99,88755.7693356979,True,2.8
2025-02-27,108169.02,83900.11496524839,True,1.35
2025-02-28,107891.61,84709.14477847965,True,1.6
2025-03-01,107982.66,84441.9012237131,True,1.52
2025-03-02,107458.07,86005.25629681018,True,2.0
2025-03-03,105370.6,94261.5328653844,False,3.9
2025-03-04,105370.6,86124.71418722175,False,3.9
2025-03-05,105370.6,87310.80531078295,False,3.9
2025-03-06,105370.6,90604.08098523636,False,3.9
2025-03-07,105370.6,90001.40087607042,False,3.9
2025-03-08,105370.6,86773.33597555371,False,3.9
2025-03-09,105370.6,86142.9833586432,False,3.9
2025-03-10,105370.6,80751.13893300897,False,3.9
2025-03-11,105370.6,78783.94057934263,False,3.9
2025-03-12,105370.6,82799.1080292053,False,3.9
2025-03-13,105370.6,83884.24578828987,False,3.9
2025-03-14,105370.6,81098.90052436228,False,3.9
2025-03-15,105370.6,83971.70916064628,False,3.9
2025-03-16,105370.6,84391.69087647168,False,3.9
2025-03-17,105370.6,82610.61750343916,False,3.9
2025-03-18,105370.6,84075.36559694471,False,3.9
2025-03-19,105370.6,82780.03048688271,False,3.9
2025-03-20,105370.6,86815.44109470697,False,3.9
2025-03-21,105370.6,84270.84358966233,False,3.9
2025-03-22,105370.6,84009.532917822,False,3.9
2025-03-23,105370.6,83793.30854192551,False,3.9
2025-03-24,105370.6,85787.70914901773,False,3.9
2025-03-25,105370.6,87327.72969669085,False,3.9
2025-03-26,105370.6,87520.58391530563,False,3.9
2025-03-27,105370.6,86960.8555491039,False,3.9
2025-03-28,105370.6,87227.27158032371,False,3.9
2025-03-29,105370.6,84359.46915506005,False,3.9
2025-03-30,105370.6,82679.17255385047,False,3.9
2025-03-31,105370.6,82356.38111183756,False,3.9
2025-04-01,105370.6,82514.09365397849,False,3.9
2025-04-02,105370.6,85237.5876052852,False,3.9
2025-04-03,105370.6,82526.4221526433,False,3.9
2025-04-04,105370.6,83163.98757387721,False,3.9
2025-04-05,105370.6,83852.00765399594,False,3.9
2025-04-06,105370.6,83595.88550177493,False,3.9
2025-04-07,105370.6,78211.48358199988,False,3.9
2025-04-08,105350.22,79179.29226757778,True,3.92
2025-04-09,106110.65,76329.090356324,True,3.22
2025-04-10,104501.63,82622.17029546302,True,4.69
2025-04-11,105243.51,79596.35732250768,True,4.02
2025-04-12,104310.51,83439.28818043756,True,4.87
2025-04-13,103612.16,85305.09728392666,False,5.5
2025-04-14,103612.16,83600.82010054543,False,5.5
2025-04-15,103612.16,84523.4524914945,False,5.5
2025-04-16,103612.16,83656.49248858042,False,5.5
2025-04-17,103612.16,84105.77942167096,False,5.5
2025-04-18,103612.16,84930.90857600998,False,5.5
2025-04-19,103612.16,84433.75017215389,False,5.5
2025-04-20,103612.16,85126.66244301842,False,5.5
2025-04-21,103612.16,85073.16544858096,False,5.5
2025-04-22,103612.16,87452.04699068287,False,5.5
2025-04-23,103612.16,93576.1658857398,False,5.5
2025-04-24,103612.16,93605.45230873208,False,5.5
2025-04-25,103612.16,93872.81422867288,False,5.5
2025-04-26,103612.16,94773.11200643536,False,5.5
2025-04-27,103612.16,94644.06637120109,False,5.5
2025-04-28,103612.16,93809.33781968225,False,5.5
2025-04-29,103612.16,95030.60645474444,False,5.5
2025-04-30,103612.16,94256.35946318062,False,5.5
2025-05-01,103612.16,94235.75331048168,False,5.5
2025-05-02,103612.16,96426.94522273028,False,5.5
2025-05-03,103612.16,96855.5681343944,False,5.5
2025-05-04,103612.16,95922.86842404422,False,5.5
2025-05-05,103612.16,94326.62048529249,False,5.5
2025-05-06,103612.16,94758.8237105546,False,5.5
2025-05-07,103612.16,96854.53198815876,False,5.5
2025-05-08,103612.16,97026.493769668,False,5.5
2025-05-09,103612.16,103076.27555512934,False,5.5
2025-05-10,103612.16,102962.540456923,False,5.5
2025-05-11,103612.16,104630.8792994166,False,5.5
2025-05-12,103612.16,103994.061616746,False,5.5
2025-05-13,103612.16,102876.8304286011,False,5.5
2025-05-14,103612.16,104184.49039270742,False,5.5
2025-05-15,103612.16,103594.42575090707,False,5.5
2025-05-16,103612.16,103708.8513642364,False,5.5
2025-05-17,103612.16,103556.03493982446,False,5.5
2025-05-18,103612.16,103212.36483885496,False,5.5
2025-05-19,103612.16,106030.6376831359,False,5.5
2025-05-20,103612.16,105629.41580436694,False,5.5
2025-05-21,103612.16,106786.71995834044,False,5.5
2025-05-22,103612.16,109665.86371625264,False,5.5
2025-05-23,103612.16,111560.356938144,False,5.5
2025-05-24,103612.16,107216.66856870624,False,5.5
2025-05-25,103612.16,107831.36374380375,False,5.5
2025-05-26,103612.16,108861.81037744328,False,5.5
2025-05-27,103612.16,109377.71513263127,False,5.5
2025-05-28,103612.16,109068.45694901443,False,5.5
2025-05-29,103612.16,107838.18431100152,False,5.5
2025-05-30,103612.16,105745.41660358038,False,5.5
2025-05-31,103612.16,104010.91956242644,False,5.5
2025-06-01,103612.16,104687.50742934884,False,5.5
2025-06-02,103612.16,105710.00593822816,False,5.5
2025-06-03,103612.16,105884.74263221148,False,5.5
2025-06-04,103612.16,105434.47745144973,False,5.5
2025-06-05,103612.16,104812.9182188067,False,5.5
2025-06-06,103612.16,101650.7387545425,False,5.5
2025-06-07,103612.16,104409.74967959142,False,5.5
2025-06-08,103612.16,105681.4546141758,False,5.5
2025-06-09,103612.16,105692.24740699006,False,5.5
2025-06-10,103612.16,110261.57485948496,False,5.5
2025-06-11,103612.16,110212.73252109604,False,5.5
2025-06-12,103612.16,108679.9760916168,False,5.5
2025-06-13,103612.16,105979.22902375912,False,5.5
2025-06-14,103612.16,106045.56440819205,False,5.5
2025-06-15,103612.16,105482.90611628916,False,5.5
2025-06-16,103612.16,105554.49383061715,False,5.5
2025-06-17,103612.16,106951.2720181497,False,5.5
2025-06-18,103612.16,104683.42479835715,False,5.5
2025-06-19,103612.16,104722.695052907,False,5.5
2025-06-20,103612.16,104690.65002458123,False,5.5
2025-06-21,103612.16,103290.105144757,False,5.5
2025-06-22,103612.16,101532.5683847329,False,5.5
2025-06-23,103612.16,100852.58264648831,False,5.5
2025-06-24,103612.16,105511.62437933136,False,5.5
2025-06-25,103612.16,105976.06929808448,False,5.5
2025-06-26,103612.16,107238.53045016268,False,5.5
2025-06-27,103612.16,106984.01253775664,False,5.5
2025-06-28,103612.16,107078.91560644074,False,5.5
2025-06-29,103612.16,107331.58548463575,False,5.5
2025-06-30,103612.16,108396.61631317894,False,5.5
2025-07-01,103612.16,107132.79910701896,False,5.5
2025-07-02,103612.16,105613.39974163056,False,5.5
2025-07-03,103612.16,108824.44423167944,False,5.5
2025-07-04,103612.16,109602.20483914016,False,5.5
2025-07-05,103612.16,108040.8919400104,False,5.5
2025-07-06,103612.16,108217.46849992426,False,5.5
2025-07-07,103612.16,109215.19771840284,False,5.5
2025-07-08,103612.16,108300.71675785031,False,5.5
2025-07-09,103612.16,108953.19187727802,False,5.5
2025-07-10,103612.16,111327.53054245668,False,5.5
2025-07-11,103612.16,115879.65030112496,False,5.5
2025-07-12,103612.16,117571.02510036016,False,5.5
2025-07-13,103612.16,117418.95745007684,False,5.5
2025-07-14,103612.16,119117.55666327637,False,5.5
2025-07-15,103612.16,119833.67446712356,False,5.5
2025-07-16,103612.16,117678.19493404306,False,5.5
2025-07-17,103612.16,118748.1627367753,False,5.5
2025-07-18,103612.16,119445.36520434044,False,5.5
2025-07-19,103612.16,117988.94664455787,False,5.5
2025-07-20,103612.16,117901.62655900871,False,5.5
2025-07-21,103612.16,117256.9208222684,False,5.5
2025-07-22,103612.16,117482.46977767294,False,5.5
2025-07-23,103612.16,119955.79570607652,False,5.5
2025-07-24,103612.16,118629.05588130427,False,5.5
2025-07-25,103612.16,118354.43517438594,False,5.5
2025-07-26,103612.16,117540.8083708574,False,5.5
2025-07-27,103612.16,117959.54234360624,False,5.5
2025-07-28,103612.16,119418.91405141471,False,5.5
2025-07-29,103612.16,118003.30201607826,False,5.5
2025-07-30,103612.16,117853.30892863822,False,5.5
2025-07-31,103612.16,117833.24087995924,False,5.5
2025-08-01,103612.16,115700.00243915782,False,5.5
2025-08-02,103612.16,113234.6051343189,False,5.5
2025-08-03,103612.16,112554.90232221724,False,5.5
2025-08-04,103612.16,114199.10966460756,False,5.5
2025-08-05,103612.16,115138.68613070175,False,5.5
2025-08-06,103612.16,114128.35408881678,False,5.5
2025-08-07,103612.16,115022.09576830892,False,5.5
2025-08-08,103612.16,117463.47451085236,False,5.5
2025-08-09,103612.16,116688.36663186055,False,5.5
2025-08-10,103612.16,116510.08393213755,False,5.5
2025-08-11,103612.16,119266.92516880557,False,5.5
2025-08-12,103612.16,118773.79960860992,False,5.5
2025-08-13,103612.16,120202.53485503166,False,5.5
2025-08-14,103612.16,123560.99363577303,False,5.5
2025-08-15,103612.16,118405.59579823952,False,5.5
2025-08-16,103612.16,117339.79190213275,False,5.5
2025-08-17,103612.16,117501.21653394958,False,5.5
2025-08-18,103612.16,117542.83687778088,False,5.5
2025-08-19,103612.16,116256.41276740946,False,5.5
2025-08-20,103612.16,112778.34483555844,False,5.5
2025-08-21,103612.16,114252.39755195397,False,5.5
2025-08-22,103612.16,112414.39987336512,False,5.5
2025-08-23,103612.16,116834.24948202296,False,5.5
2025-08-24,103612.16,115359.98346714744,False,5.5
2025-08-25,103612.16,113399.54847314973,False,5.5
2025-08-26,103612.16,110185.35443900424,False,5.5
2025-08-27,103612.16,111842.70999260596,False,5.5
2025-08-28,103612.16,111216.08479629167,False,5.5
2025-08-29,103612.16,112525.59740669793,False,5.5
2025-08-30,103612.16,108480.30666639366,False,5.5
2025-08-31,103612.16,108781.95727925688,False,5.5
2025-09-01,103612.16,108253.36092385623,False,5.5
2025-09-02,103612.16,109162.68557992298,False,5.5
2025-09-03,103612.16,111190.18209845416,False,5.5
2025-09-04,103612.16,111711.51977725116,False,5.5
2025-09-05,103612.16,110724.736377486,False,5.5
2025-09-06,103612.16,110662.18112628513,False,5.5
2025-09-07,103612.16,110209.1888247784,False,5.5
2025-09-08,103612.16,111131.9923868407,False,5.5
2025-09-09,103612.16,112025.12878118773,False,5.5
2025-09-10,103612.16,111547.43956434788,False,5.5
2025-09-11,103612.16,113975.32489468766,False,5.5
2025-09-12,103612.16,115503.16663193036,False,5.5
2025-09-13,103612.16,116160.14344594492,False,5.5
2025-09-14,103612.16,115970.58488443034,False,5.5
2025-09-15,103612.16,115373.55555886828,False,5.5
2025-09-16,103612.16,115397.25272727507,False,5.5
2025-09-17,103612.16,116762.8496864193,False,5.5
2025-09-18,103612.16,116455.9464822532,False,5.5
2025-09-19,103612.16,117145.49508952006,False,5.5
2025-09-20,103612.16,115655.81046441344,False,5.5
2025-09-21,103612.16,115715.51536781774,False,5.5
2025-09-22,103612.16,115304.47999407038,False,5.5
2025-09-23,103612.16,112696.74101711863,False,5.5
2025-09-24,103612.16,112022.16587861197,False,5.5
2025-09-25,103612.16,113320.56908541008,False,5.5
2025-09-26,103612.16,108963.53013595636,False,5.5
2025-09-27,103612.16,109710.20874667744,False,5.5
2025-09-28,103612.16,109654.81021075726,False,5.5
2025-09-29,103612.16,112142.57362752674,False,5.5
2025-09-30,103612.16,114309.15041119448,False,5.5
2025-10-01,103612.16,114024.22783550054,False,5.5
2025-10-02,103612.16,118503.24451752484,False,5.5
2025-10-03,103612.16,120611.71911591051,False,5.5
2025-10-04,103612.16,122250.15186842805,False,5.5
2025-10-05,103612.16,122380.93708463266,False,5.5
2025-10-06,103612.16,123506.18520027678,False,5.5
2025-10-07,103612.16,124773.50823074432,False,5.5
2025-10-08,103612.16,121518.75593575073,False,5.5
2025-10-09,103612.16,123352.50487523204,False,5.5
2025-10-10,103612.16,121698.03066778315,False,5.5
2025-10-11,103612.16,113201.74064138904,False,5.5
2025-10-12,103612.16,110853.11663883904,False,5.5
2025-10-13,103612.16,115189.5714637257,False,5.5
2025-10-14,103612.16,115222.28302116522,False,5.5
2025-10-15,103612.16,113156.56943826911,False,5.5
2025-10-16,103612.16,110708.66960879424,False,5.5
2025-10-17,103612.16,108076.72862033188,False,5.5
2025-10-18,103612.16,106443.61194984637,False,5.5
2025-10-19,103612.16,107156.00337647724,False,5.5
2025-10-20,103612.16,108621.134857428,False,5.5
2025-10-21,103612.16,110608.5714932665,False,5.5
2025-10-22,103612.16,108486.1026271664,False,5.5
2025-10-23,103612.16,107618.4266715404,False,5.5
2025-10-24,103612.16,110048.51827291628,False,5.5
2025-10-25,103612.16,110997.80437129698,False,5.5
2025-10-26,103612.16,111620.3093731354,False,5.5
2025-10-27,103612.16,114476.01227508576,False,5.5
2025-10-28,103612.16,114182.79442806762,False,5.5
2025-10-29,103612.16,112950.34863259472,False,5.5
2025-10-30,103612.16,110046.66925837284,False,5.5
2025-10-31,103612.16,108240.76528725718,False,5.5
2025-11-01,103612.16,109573.90555629117,False,5.5
2025-11-02,103612.16,110014.13556776088,False,5.5
2025-11-03,103612.16,110650.2092823146,False,5.5
2025-11-04,103612.16,106521.0867382576,False,5.5
2025-11-05,103612.16,101635.2740227234,False,5.5
2025-11-06,103612.16,103877.9596595516,False,5.5
2025-11-07,103612.16,101322.6402945857,False,5.5
2025-11-08,103612.16,103396.084215925,False,5.5
2025-11-09,103612.16,102290.13714655169,False,5.5
2025-11-10,103612.16,104709.67861656273,False,5.5
2025-11-11,103612.16,105909.07272321742,False,5.5
2025-11-12,103612.16,102960.77564500563,False,5.5
2025-11-13,103612.16,101521.70859453591,False,5.5
2025-11-14,103612.16,99730.4533956204,False,5.5
2025-11-15,103612.16,94456.39368235336,False,5.5
2025-11-16,103612.16,95508.31019889197,False,5.5
2025-11-17,103612.16,94411.32947182968,False,5.5
2025-11-18,103612.16,92036.7255045672,False,5.5
2025-11-19,103612.16,92819.759215009,False,5.5
2025-11-20,103612.16,91363.27838693369,False,5.5
2025-11-21,103612.16,86649.97257918229,False,5.5
2025-11-22,103612.16,85051.8019295002,False,5.5
2025-11-23,103612.16,84682.62429147748,False,5.5
2025-11-24,103612.16,86783.84766839583,False,5.5
2025-11-25,103612.16,88229.35740719768,False,5.5
2025-11-26,103612.16,87310.33159950442,False,5.5
2025-11-27,103612.16,90474.22677969698,False,5.5
2025-11-28,103612.16,91279.06057176425,False,5.5
2025-11-29,103612.16,90950.37695910994,False,5.5
2025-11-30,103612.16,90841.45258193676,False,5.5
2025-12-01,103612.16,90406.28448571144,False,5.5
2025-12-02,103612.16,86281.49519776918,False,5.5
2025-12-03,103612.16,91344.73275150164,False,5.5
2025-12-04,103612.16,93619.43750817105,False,5.5
2025-12-05,103612.16,92140.70419795792,False,5.5
2025-12-06,103612.16,89307.09154512963,False,5.5
2025-12-07,103612.16,89244.7620814118,False,5.5
2025-12-08,103612.16,90162.90714007126,False,5.5
2025-12-09,103612.16,90618.0535204608,False,5.5
2025-12-10,103612.16,92723.21372069632,False,5.5
2025-12-11,103612.16,92005.13714957412,False,5.5
2025-12-12,103612.16,92494.17691640416,False,5.5
2025-12-13,103612.16,90307.26028567804,False,5.5
2025-12-14,103612.16,90257.4292885891,False,5.5
2025-12-15,103612.16,88230.77409367911,False,5.5
2025-12-16,103612.16,86413.9190195637,False,5.5
2025-12-17,103612.16,87821.88919109134,False,5.5
2025-12-18,103612.16,86064.94716216,False,5.5
2025-12-19,103612.16,85450.3312009302,False,5.5
2025-12-20,103612.16,88103.86075721023,False,5.5
2025-12-21,103612.16,88347.94310567998,False,5.5
2025-12-22,103612.16,88577.42038358838,False,5.5
2025-12-23,103612.16,88491.12020788102,False,5.5
2025-12-24,103612.16,87406.43636737975,False,5.5
2025-12-25,103612.16,87642.60888119951,False,5.5
2025-12-26,103612.16,87229.78066010943,False,5.5
2025-12-27,103612.16,87305.95655961394,False,5.5
2025-12-28,103612.16,87807.003210775,False,5.5
2025-12-29,103612.16,87822.90829076794,False,5.5
2025-12-30,103612.16,87156.56266080117,False,5.5
2025-12-31,103612.16,88414.62856073362,False,5.5
2026-01-01,103612.16,87520.18048742875,False,5.5
2026-01-02,103612.16,88727.67004249741,False,5.5
2026-01-03,103612.16,89926.27924953419,False,5.5
2026-01-04,103612.16,90593.85443180415,False,5.5
2026-01-05,103612.16,91373.21588108438,False,5.5
2026-01-06,103612.16,93926.7956485658,False,5.5
2026-01-07,103612.16,93666.86387314304,False,5.5
2026-01-08,103612.16,91257.15544035909,False,5.5
2026-01-09,103612.16,90983.51578142623,False,5.5
2026-01-10,103612.16,90504.8956034002,False,5.5
2026-01-11,103612.16,90442.01907847,False,5.5
2026-01-12,103612.16,90819.36598904192,False,5.5
2026-01-13,103612.16,91134.96917951509,False,5.5
2026-01-14,103612.16,95260.4422971001,False,5.5
2026-01-15,103612.16,97007.78078881276,False,5.5
2026-01-16,103612.16,95584.82797878512,False,5.5
2026-01-17,103612.16,95516.07771987125,False,5.5
2026-01-18,103612.16,95099.53192554633,False,5.5
2026-01-19,103612.16,93752.70577188236,False,5.5
2026-01-20,103612.16,92558.46334372148,False,5.5
2026-01-21,103612.16,88312.84053255555,False,5.5
2026-01-22,103612.16,89354.34377512129,False,5.5
2026-01-23,103612.16,89443.39744146909,False,5.5
2026-01-24,103612.16,89412.39849953113,False,5.5
2026-01-25,103612.16,89170.87364531498,False,5.5
2026-01-26,103612.16,86548.32213469829,False,5.5
2026-01-27,103612.16,88307.8612070438,False,5.5
2026-01-28,103612.16,89204.22239644526,False,5.5
2026-01-29,103612.16,89162.09701574955,False,5.5
2026-01-30,103612.16,84570.40906135936,False,5.5
2026-01-31,103612.16,84141.77856967277,False,5.5
2026-02-01,103612.16,78725.85853884545,False,5.5
2026-02-02,103612.16,76937.06406636834,False,5.5
2026-02-03,103612.16,78767.65815345927,False,5.5
2026-02-04,103612.16,75638.95670207398,False,5.5
2026-02-05,103612.16,73172.29203248928,False,5.5
2026-02-06,103612.16,62853.69038445987,False,5.5
2026-02-07,103612.16,70523.95417035831,False,5.5
2026-02-08,103612.16,69296.80677355142,False,5.5
2026-02-09,103612.16,70542.37329463876,False,5.5
2026-02-10,103612.16,70096.40692272567,False,5.5
2026-02-11,103612.16,68779.90981269129,False,5.5
2026-02-12,103612.16,66937.58141157958,False,5.5
2026-02-13,103612.16,66184.57765470445,False,5.5
