datetime,equity,position,close
2024-02-01 02:00:00,100000.0,0,42460.82880634878
2024-02-01 04:00:00,100000.0,0,42522.516948193006
2024-02-01 06:00:00,100000.0,0,42531.82129699984
2024-02-01 08:00:00,100000.0,0,42575.97156585809
2024-02-01 10:00:00,100000.0,0,42603.688236092145
2024-02-01 12:00:00,100000.0,0,42573.100779873814
2024-02-01 14:00:00,100000.0,0,42599.12746410149
2024-02-01 16:00:00,100000.0,0,42583.9140062868
2024-02-01 18:00:00,100000.0,0,42568.42767634074
2024-02-01 20:00:00,100000.0,0,42573.09352220617
2024-02-01 22:00:00,100000.0,0,42499.812335087125
2024-02-02 00:00:00,100000.0,0,42638.49025643129
2024-02-02 02:00:00,100000.0,0,42919.115121584575
2024-02-02 04:00:00,100000.0,0,43079.14925376146
2024-02-02 06:00:00,100000.0,0,43312.94695077659
2024-02-02 08:00:00,100000.0,0,44045.881938974024
2024-02-02 10:00:00,100000.0,0,43337.47298865586
2024-02-02 12:00:00,100000.0,0,43113.322494702996
2024-02-02 14:00:00,100000.0,0,43474.82984443904
2024-02-02 16:00:00,100000.0,0,43322.614954920515
2024-02-02 18:00:00,100000.0,0,43546.41163932748
2024-02-02 20:00:00,100000.0,0,43654.99332182309
2024-02-02 22:00:00,100000.0,0,43467.79417643681
2024-02-03 00:00:00,100000.0,0,43676.34610751483
2024-02-03 02:00:00,100000.0,0,43590.75820947185
2024-02-03 04:00:00,100000.0,0,43529.431514545024
2024-02-03 06:00:00,100000.0,0,43723.098512288525
2024-02-03 08:00:00,100000.0,0,43784.18974701821
2024-02-03 10:00:00,100000.0,0,43715.49352132073
2024-02-03 12:00:00,100000.0,0,43791.10622784542
2024-02-03 14:00:00,100000.0,0,43809.43896138685
2024-02-03 16:00:00,100000.0,0,43870.78918833624
2024-02-03 18:00:00,100000.0,0,44353.63296027139
2024-02-03 20:00:00,100000.0,0,44279.18395002322
2024-02-03 22:00:00,100000.0,0,44147.741232045904
2024-02-04 00:00:00,100000.0,0,45914.425436926635
2024-02-04 02:00:00,100000.0,-1,45502.67039424981
2024-02-04 04:00:00,99889.49926807954,-1,45555.59753512245
2024-02-04 06:00:00,99519.57530864379,-1,45732.78204035551
2024-02-04 08:00:00,100827.41546557157,-1,45106.35867626026
2024-02-04 10:00:00,103601.75180955027,0,43686.51425944175
2024-02-04 12:00:00,103601.75180955027,0,43049.21902477849
2024-02-04 14:00:00,103601.75180955027,0,43897.12712054717
2024-02-04 16:00:00,103601.75180955027,0,43633.91248801509
2024-02-04 18:00:00,103601.75180955027,0,43373.83640133993
2024-02-04 20:00:00,103601.75180955027,0,44574.09561997145
2024-02-04 22:00:00,103601.75180955027,0,44975.44380427704
2024-02-05 00:00:00,103601.75180955027,0,42081.21117316419
2024-02-05 02:00:00,103601.75180955027,1,42505.968088145266
2024-02-05 04:00:00,106832.05223127789,0,43986.06969010337
2024-02-05 06:00:00,106832.05223127789,0,42924.15754729766
2024-02-05 08:00:00,106832.05223127789,0,44298.607707214076
2024-02-05 10:00:00,106832.05223127789,0,43356.93769142815
2024-02-05 12:00:00,106832.05223127789,0,43545.615563318475
2024-02-05 14:00:00,106832.05223127789,0,43370.82471584906
2024-02-05 16:00:00,106832.05223127789,0,43491.03795770545
2024-02-05 18:00:00,106832.05223127789,0,45451.980773801384
2024-02-05 20:00:00,106832.05223127789,0,46634.68037496654
2024-02-05 22:00:00,106832.05223127789,-1,45701.427122951325
2024-02-06 00:00:00,109551.84898798302,0,44385.29234829767
2024-02-06 02:00:00,109551.84898798302,0,42609.68270141863
2024-02-06 04:00:00,109551.84898798302,0,42482.3934536746
2024-02-06 06:00:00,109551.84898798302,0,42576.834094961196
2024-02-06 08:00:00,109551.84898798302,0,43146.34262796241
2024-02-06 10:00:00,109551.84898798302,0,43234.07259313088
2024-02-06 12:00:00,109551.84898798302,0,44910.850477234606
2024-02-06 14:00:00,109551.84898798302,0,43099.141611209176
2024-02-06 16:00:00,109551.84898798302,0,43864.81621075845
2024-02-06 18:00:00,109551.84898798302,0,44174.21324193971
2024-02-06 20:00:00,109551.84898798302,0,46046.93806227099
2024-02-06 22:00:00,109551.84898798302,0,46226.74087230465
2024-02-07 00:00:00,109551.84898798302,0,46551.94497708914
2024-02-07 02:00:00,109551.84898798302,0,46506.51035914611
2024-02-07 04:00:00,109551.84898798302,0,46500.643075664506
2024-02-07 06:00:00,109551.84898798302,0,46334.27755699241
2024-02-07 08:00:00,109551.84898798302,0,46726.40794837931
2024-02-07 10:00:00,109551.84898798302,0,46221.203224329634
2024-02-07 12:00:00,109551.84898798302,0,46132.622415955615
2024-02-07 14:00:00,109551.84898798302,0,45817.909268311996
2024-02-07 16:00:00,109551.84898798302,0,45719.1969149772
2024-02-07 18:00:00,109551.84898798302,0,45969.26802481138
2024-02-07 20:00:00,109551.84898798302,0,46062.74644119455
2024-02-07 22:00:00,109551.84898798302,0,47010.82252153614
2024-02-08 00:00:00,109551.84898798302,0,47304.02648213408
2024-02-08 02:00:00,109551.84898798302,0,47487.19901927293
2024-02-08 04:00:00,109551.84898798302,0,47641.588277323826
2024-02-08 06:00:00,109551.84898798302,0,47674.40462930596
2024-02-08 08:00:00,109551.84898798302,0,47803.31528451372
2024-02-08 10:00:00,109551.84898798302,0,47908.45638836316
2024-02-08 12:00:00,109551.84898798302,0,47693.98638968003
2024-02-08 14:00:00,109551.84898798302,0,47464.67771438146
2024-02-08 16:00:00,109551.84898798302,0,47312.00963996406
2024-02-08 18:00:00,109551.84898798302,0,47400.3837308873
2024-02-08 20:00:00,109551.84898798302,0,47591.30131775824
2024-02-08 22:00:00,109551.84898798302,0,47657.88424352876
2024-02-09 00:00:00,109551.84898798302,0,47775.29822254913
2024-02-09 02:00:00,109551.84898798302,0,48069.51829031912
2024-02-09 04:00:00,109551.84898798302,0,48109.412978400236
2024-02-09 06:00:00,109551.84898798302,0,48091.04119010448
2024-02-09 08:00:00,109551.84898798302,0,48395.814197230495
2024-02-09 10:00:00,109551.84898798302,0,48707.223858820595
2024-02-09 12:00:00,109551.84898798302,0,49004.2598388644
2024-02-09 14:00:00,109551.84898798302,0,48771.48335381616
2024-02-09 16:00:00,109551.84898798302,0,48378.34848263743
2024-02-09 18:00:00,109551.84898798302,0,48019.630164261594
2024-02-09 20:00:00,109551.84898798302,0,48274.93469906369
2024-02-09 22:00:00,109551.84898798302,0,48469.921251832006
2024-02-10 00:00:00,109551.84898798302,0,48829.61075921
2024-02-10 02:00:00,109551.84898798302,0,48918.10830793194
2024-02-10 04:00:00,109551.84898798302,0,49463.14085141422
2024-02-10 06:00:00,109551.84898798302,0,49479.769719874865
2024-02-10 08:00:00,109551.84898798302,0,49546.19910408574
2024-02-10 10:00:00,109551.84898798302,-1,49802.952190879114
2024-02-10 12:00:00,109824.28804563874,-1,49672.58114798508
2024-02-10 14:00:00,110824.00840459831,0,49094.57619567879
2024-02-10 16:00:00,110824.00840459831,0,49932.209329737925
2024-02-10 18:00:00,110824.00840459831,0,50388.041966463825
2024-02-10 20:00:00,110824.00840459831,-1,49754.18552597084
2024-02-10 22:00:00,111615.53911190752,0,49280.61830889332
2024-02-11 00:00:00,111615.53911190752,0,49803.84534486855
2024-02-11 02:00:00,111615.53911190752,0,52454.57744311244
2024-02-11 04:00:00,111615.53911190752,-1,51488.930060617306
2024-02-11 06:00:00,114381.42081710951,0,50042.88048722955
2024-02-11 08:00:00,114381.42081710951,0,47903.03661853817
2024-02-11 10:00:00,114381.42081710951,0,48005.37249133721
2024-02-11 12:00:00,114381.42081710951,0,48506.532405423226
2024-02-11 14:00:00,114381.42081710951,0,48317.26051210018
2024-02-11 16:00:00,114381.42081710951,0,49441.51713554987
2024-02-11 18:00:00,114381.42081710951,0,50407.40838565952
2024-02-11 20:00:00,114381.42081710951,0,49685.07123306857
2024-02-11 22:00:00,114381.42081710951,0,49932.39081536359
2024-02-12 00:00:00,114381.42081710951,0,50159.734576467876
2024-02-12 02:00:00,114381.42081710951,0,50179.383978871505
2024-02-12 04:00:00,114381.42081710951,0,50211.322232446626
2024-02-12 06:00:00,114381.42081710951,0,50280.02216805702
2024-02-12 08:00:00,114381.42081710951,0,50234.2531017477
2024-02-12 10:00:00,114381.42081710951,0,50299.19921091344
2024-02-12 12:00:00,114381.42081710951,0,50347.18565916608
2024-02-12 14:00:00,114381.42081710951,0,50424.78587311044
2024-02-12 16:00:00,114381.42081710951,0,50439.40148459931
2024-02-12 18:00:00,114381.42081710951,0,50507.64469686992
2024-02-12 20:00:00,114381.42081710951,0,50464.774317622534
2024-02-12 22:00:00,114381.42081710951,0,50489.92692431756
2024-02-13 00:00:00,114381.42081710951,0,50326.320648819354
2024-02-13 02:00:00,114381.42081710951,0,50933.481630934264
2024-02-13 04:00:00,114381.42081710951,0,50759.542711718714
2024-02-13 06:00:00,114381.42081710951,0,51140.05682203153
2024-02-13 08:00:00,114381.42081710951,0,51712.76720819369
2024-02-13 10:00:00,114381.42081710951,0,52031.36621733596
2024-02-13 12:00:00,114381.42081710951,0,53017.90688220057
2024-02-13 14:00:00,114381.42081710951,-1,52679.712961465695
2024-02-13 16:00:00,113288.93981347872,0,53103.99039509557
2024-02-13 18:00:00,113288.93981347872,-1,52354.56315855606
2024-02-13 20:00:00,113925.58659592897,0,51940.153486319905
2024-02-13 22:00:00,113925.58659592897,0,51333.81934596478
2024-02-14 00:00:00,113925.58659592897,0,51321.52198311398
2024-02-14 02:00:00,113925.58659592897,0,51222.866118156475
2024-02-14 04:00:00,113925.58659592897,0,51150.03348518843
2024-02-14 06:00:00,113925.58659592897,0,51071.71238332323
2024-02-14 08:00:00,113925.58659592897,0,51118.38776107812
2024-02-14 10:00:00,113925.58659592897,0,51490.149348707906
2024-02-14 12:00:00,113925.58659592897,0,51586.02866893208
2024-02-14 14:00:00,113925.58659592897,0,51587.750761458774
2024-02-14 16:00:00,113925.58659592897,0,51731.416834012416
2024-02-14 18:00:00,113925.58659592897,0,51616.78863270547
2024-02-14 20:00:00,113925.58659592897,0,51758.238368325314
2024-02-14 22:00:00,113925.58659592897,0,52114.381514847606
2024-02-15 00:00:00,113925.58659592897,0,52112.70627518953
2024-02-15 02:00:00,113925.58659592897,0,51861.17762861323
2024-02-15 04:00:00,113925.58659592897,0,51932.461071678525
2024-02-15 06:00:00,113925.58659592897,0,52231.57809569513
2024-02-15 08:00:00,113925.58659592897,0,52335.62063998741
2024-02-15 10:00:00,113925.58659592897,0,52302.7696620329
2024-02-15 12:00:00,113925.58659592897,0,52495.944645229385
2024-02-15 14:00:00,113925.58659592897,0,52653.04555223801
2024-02-15 16:00:00,113925.58659592897,0,52396.52524519059
2024-02-15 18:00:00,113925.58659592897,0,52728.116751200956
2024-02-15 20:00:00,113925.58659592897,0,52940.226652780824
2024-02-15 22:00:00,113925.58659592897,0,53031.28493487194
2024-02-16 00:00:00,113925.58659592897,0,52831.81945262188
2024-02-16 02:00:00,113925.58659592897,0,52860.70208840243
2024-02-16 04:00:00,113925.58659592897,0,52927.89699263691
2024-02-16 06:00:00,113925.58659592897,0,52898.072778150134
2024-02-16 08:00:00,113925.58659592897,0,53011.92435811121
2024-02-16 10:00:00,113925.58659592897,0,53183.37397588594
2024-02-16 12:00:00,113925.58659592897,0,53567.950967394085
2024-02-16 14:00:00,113925.58659592897,0,53808.186940117455
2024-02-16 16:00:00,113925.58659592897,-1,53858.185022940816
2024-02-16 18:00:00,113904.0868650957,0,53761.16757087206
2024-02-16 20:00:00,113904.0868650957,0,53571.51726250006
2024-02-16 22:00:00,113904.0868650957,0,53728.77863501052
2024-02-17 00:00:00,113904.0868650957,0,53724.389243005244
2024-02-17 02:00:00,113904.0868650957,0,53590.17137258187
2024-02-17 04:00:00,113904.0868650957,0,53787.446114401944
2024-02-17 06:00:00,113904.0868650957,0,53592.27772108996
2024-02-17 08:00:00,113904.0868650957,0,53680.32729723944
2024-02-17 10:00:00,113904.0868650957,0,53910.25357480453
2024-02-17 12:00:00,113904.0868650957,0,53961.97555912072
2024-02-17 14:00:00,113904.0868650957,0,54054.90780384295
2024-02-17 16:00:00,113904.0868650957,0,54125.264645929936
2024-02-17 18:00:00,113904.0868650957,0,54110.991241594136
2024-02-17 20:00:00,113904.0868650957,0,54150.771034021
2024-02-17 22:00:00,113904.0868650957,0,53962.870881664756
2024-02-18 00:00:00,113904.0868650957,0,55003.93084612713
2024-02-18 02:00:00,113904.0868650957,-1,54559.69658135703
2024-02-18 04:00:00,114911.35937872219,0,53942.70314460912
2024-02-18 06:00:00,114911.35937872219,0,54963.97326789355
2024-02-18 08:00:00,114911.35937872219,-1,53646.79035371721
2024-02-18 10:00:00,114951.03705303524,0,53519.99817506892
2024-02-18 12:00:00,114951.03705303524,0,53146.20014691847
2024-02-18 14:00:00,114951.03705303524,0,53992.987483980185
2024-02-18 16:00:00,114951.03705303524,0,54078.5953327467
2024-02-18 18:00:00,114951.03705303524,0,54408.40497226426
2024-02-18 20:00:00,114951.03705303524,0,54520.04279216125
2024-02-18 22:00:00,114951.03705303524,0,54363.30773278277
2024-02-19 00:00:00,114951.03705303524,0,54325.844747895295
2024-02-19 02:00:00,114951.03705303524,0,54581.54254744642
2024-02-19 04:00:00,114951.03705303524,0,54710.426237025094
2024-02-19 06:00:00,114951.03705303524,0,54488.641118463594
2024-02-19 08:00:00,114951.03705303524,0,54438.848949561405
2024-02-19 10:00:00,114951.03705303524,0,54690.55868518756
2024-02-19 12:00:00,114951.03705303524,0,54734.5070205873
2024-02-19 14:00:00,114951.03705303524,0,54647.16279950297
2024-02-19 16:00:00,114951.03705303524,0,54660.82310743137
2024-02-19 18:00:00,114951.03705303524,0,54847.94084555202
2024-02-19 20:00:00,114951.03705303524,0,54908.980122112276
2024-02-19 22:00:00,114951.03705303524,0,54877.010772068905
2024-02-20 00:00:00,114951.03705303524,0,54974.74414974457
2024-02-20 02:00:00,114951.03705303524,0,55041.60292115838
2024-02-20 04:00:00,114951.03705303524,0,54940.15419255278
2024-02-20 06:00:00,114951.03705303524,0,54969.6857041351
2024-02-20 08:00:00,114951.03705303524,0,54829.06773117038
2024-02-20 10:00:00,114951.03705303524,0,54896.26034461046
2024-02-20 12:00:00,114951.03705303524,0,55066.46822480801
2024-02-20 14:00:00,114951.03705303524,0,55434.76185937204
2024-02-20 16:00:00,114951.03705303524,0,55307.732745418936
2024-02-20 18:00:00,114951.03705303524,0,55484.49084949332
2024-02-20 20:00:00,114951.03705303524,0,55610.65570185241
2024-02-20 22:00:00,114951.03705303524,0,55443.17986920811
2024-02-21 00:00:00,114951.03705303524,0,54660.59195108654
2024-02-21 02:00:00,114951.03705303524,0,54769.05818465639
2024-02-21 04:00:00,114951.03705303524,0,54400.05028889982
2024-02-21 06:00:00,114951.03705303524,0,55405.79872771007
2024-02-21 08:00:00,114951.03705303524,0,55339.57534399817
2024-02-21 10:00:00,114951.03705303524,0,56508.002426758205
2024-02-21 12:00:00,114951.03705303524,-1,56787.9249447651
2024-02-21 14:00:00,114062.13194780303,-1,57250.17279616214
2024-02-21 16:00:00,114605.2154032234,-1,56967.758892901045
2024-02-21 18:00:00,114053.66285164903,-1,57254.57689000457
2024-02-21 20:00:00,116492.53147853602,-1,55986.318021895524
2024-02-21 22:00:00,115769.84726545408,0,56248.55194379082
2024-02-22 00:00:00,115769.84726545408,0,50934.160078220346
2024-02-22 02:00:00,115769.84726545408,1,56230.63688652825
2024-02-22 04:00:00,113186.54664624938,0,55022.32302331159
2024-02-22 06:00:00,113186.54664624938,0,48014.472840076516
2024-02-22 08:00:00,113186.54664624938,1,45350.97573323695
2024-02-22 10:00:00,108608.82762284842,1,43420.264368538556
2024-02-22 12:00:00,103102.12178552136,1,41097.74097035072
2024-02-22 14:00:00,102129.29957777569,0,39063.2097105919
2024-02-22 16:00:00,102129.29957777569,1,39588.36256451092
2024-02-22 18:00:00,118913.40762685015,1,46436.80558842056
2024-02-22 20:00:00,140620.72147126833,0,55373.24786683114
2024-02-22 22:00:00,140620.72147126833,0,53800.996377810654
2024-02-23 00:00:00,140620.72147126833,0,56543.653355154755
2024-02-23 02:00:00,140620.72147126833,0,56410.350665405385
2024-02-23 04:00:00,140620.72147126833,0,56557.49105687768
2024-02-23 06:00:00,140620.72147126833,0,56586.993158418976
2024-02-23 08:00:00,140620.72147126833,0,56597.90253749618
2024-02-23 10:00:00,140620.72147126833,0,56607.82229280786
2024-02-23 12:00:00,140620.72147126833,0,56613.111627801736
2024-02-23 14:00:00,140620.72147126833,0,56652.77620403938
2024-02-23 16:00:00,140620.72147126833,0,56667.36274610544
2024-02-23 18:00:00,140620.72147126833,0,56741.51685485648
2024-02-23 20:00:00,140620.72147126833,0,56843.79543520243
2024-02-23 22:00:00,140620.72147126833,0,56915.150883488066
2024-02-24 00:00:00,140620.72147126833,0,56585.579995064145
2024-02-24 02:00:00,140620.72147126833,0,55886.94176746756
2024-02-24 04:00:00,140620.72147126833,0,55236.51037034581
2024-02-24 06:00:00,140620.72147126833,0,55647.286065158165
2024-02-24 08:00:00,140620.72147126833,0,54273.51167867785
2024-02-24 10:00:00,140620.72147126833,0,54850.80196411276
2024-02-24 12:00:00,140620.72147126833,0,53845.62263085471
2024-02-24 14:00:00,140620.72147126833,0,54646.13551424586
2024-02-24 16:00:00,140620.72147126833,0,56771.44277990314
2024-02-24 18:00:00,140620.72147126833,0,56104.3723742755
2024-02-24 20:00:00,140620.72147126833,0,56539.0240736233
2024-02-24 22:00:00,140620.72147126833,0,57649.58278324148
2024-02-25 00:00:00,140620.72147126833,0,57867.000661943326
2024-02-25 02:00:00,140620.72147126833,0,57939.8956841268
2024-02-25 04:00:00,140620.72147126833,0,57974.59668231027
2024-02-25 06:00:00,140620.72147126833,0,58004.8942826713
2024-02-25 08:00:00,140620.72147126833,0,58119.64686494054
2024-02-25 10:00:00,140620.72147126833,0,58218.24789816115
2024-02-25 12:00:00,140620.72147126833,0,58275.40760195293
2024-02-25 14:00:00,140620.72147126833,0,58288.86378776251
2024-02-25 16:00:00,140620.72147126833,0,58163.34097321037
2024-02-25 18:00:00,140620.72147126833,0,58187.489147159475
2024-02-25 20:00:00,140620.72147126833,0,58163.064078951975
2024-02-25 22:00:00,140620.72147126833,0,58271.08059958763
2024-02-26 00:00:00,140620.72147126833,0,58376.486849935194
2024-02-26 02:00:00,140620.72147126833,0,58795.173519954056
2024-02-26 04:00:00,140620.72147126833,0,59530.73223391291
2024-02-26 06:00:00,140620.72147126833,0,59435.08038123206
2024-02-26 08:00:00,140620.72147126833,0,58552.78243233533
2024-02-26 10:00:00,140620.72147126833,0,58590.98110861958
2024-02-26 12:00:00,140620.72147126833,0,58127.816897333614
2024-02-26 14:00:00,140620.72147126833,0,58730.06607778569
2024-02-26 16:00:00,140620.72147126833,0,58930.15585003108
2024-02-26 18:00:00,140620.72147126833,0,58941.812517117694
2024-02-26 20:00:00,140620.72147126833,0,58799.45678289389
2024-02-26 22:00:00,140620.72147126833,0,58823.413529489124
2024-02-27 00:00:00,140620.72147126833,0,59170.622094056795
2024-02-27 02:00:00,140620.72147126833,0,59747.82417000389
2024-02-27 04:00:00,140620.72147126833,0,59980.95241921892
2024-02-27 06:00:00,140620.72147126833,0,60613.28411524783
2024-02-27 08:00:00,140620.72147126833,-1,60661.18716368683
2024-02-27 10:00:00,141611.93492008763,-1,60211.091152464214
2024-02-27 12:00:00,142959.91464823586,0,59477.670244192246
2024-02-27 14:00:00,142959.91464823586,0,59113.07912397168
2024-02-27 16:00:00,142959.91464823586,0,59175.5206643766
2024-02-27 18:00:00,142959.91464823586,0,59447.41495401475
2024-02-27 20:00:00,142959.91464823586,0,59738.7104878541
2024-02-27 22:00:00,142959.91464823586,0,59347.60869157058
2024-02-28 00:00:00,142959.91464823586,0,59093.71407795427
2024-02-28 02:00:00,142959.91464823586,0,59093.586991400094
2024-02-28 04:00:00,142959.91464823586,0,59175.18546607509
2024-02-28 06:00:00,142959.91464823586,0,59280.16168243748
2024-02-28 08:00:00,142959.91464823586,0,59367.66627622274
2024-02-28 10:00:00,142959.91464823586,0,59649.030862176274
2024-02-28 12:00:00,142959.91464823586,0,59886.36247266
2024-02-28 14:00:00,142959.91464823586,0,59897.63284111963
2024-02-28 16:00:00,142959.91464823586,0,59913.131478765776
2024-02-28 18:00:00,142959.91464823586,0,59961.42687191566
2024-02-28 20:00:00,142959.91464823586,0,60034.25178339938
2024-02-28 22:00:00,142959.91464823586,0,60215.99399352147
2024-02-29 00:00:00,142959.91464823586,0,60478.17543425473
2024-02-29 02:00:00,142959.91464823586,0,60623.05753659951
2024-02-29 04:00:00,142959.91464823586,0,60515.81441859122
2024-02-29 06:00:00,142959.91464823586,0,60881.57415266655
2024-02-29 08:00:00,142959.91464823586,0,60935.36633445583
2024-02-29 10:00:00,142959.91464823586,0,60744.902122240375
2024-02-29 12:00:00,142959.91464823586,0,60634.615707011726
2024-02-29 14:00:00,142959.91464823586,0,60901.2577835056
2024-02-29 16:00:00,142959.91464823586,0,61153.1009531052
2024-02-29 18:00:00,142959.91464823586,0,61327.32158484925
2024-02-29 20:00:00,142959.91464823586,0,61145.29680438008
2024-02-29 22:00:00,142959.91464823586,0,61003.914641427364
2024-03-01 00:00:00,142959.91464823586,0,60339.44224030261
2024-03-01 02:00:00,142959.91464823586,0,56409.44698876443
2024-03-01 04:00:00,142959.91464823586,1,59469.05960666658
2024-03-01 06:00:00,142147.9251435448,0,59232.44533666444
2024-03-01 08:00:00,142147.9251435448,0,63259.65073759604
2024-03-01 10:00:00,142147.9251435448,-1,62840.186594183964
2024-03-01 12:00:00,136821.02350953236,0,65615.51161332492
2024-03-01 14:00:00,136821.02350953236,-1,60209.37546360129
2024-03-01 16:00:00,139052.21511913984,0,59055.423231001725
2024-03-01 18:00:00,139052.21511913984,0,57672.96933764898
2024-03-01 20:00:00,139052.21511913984,0,62560.2428302156
2024-03-01 22:00:00,139052.21511913984,0,60733.13525294494
2024-03-02 00:00:00,139052.21511913984,0,61659.097799359864
2024-03-02 02:00:00,139052.21511913984,0,61618.56593313887
2024-03-02 04:00:00,139052.21511913984,0,61606.180484227836
2024-03-02 06:00:00,139052.21511913984,0,61616.89457273759
2024-03-02 08:00:00,139052.21511913984,0,61537.9249067679
2024-03-02 10:00:00,139052.21511913984,0,61608.18041854522
2024-03-02 12:00:00,139052.21511913984,0,61583.57631723847
2024-03-02 14:00:00,139052.21511913984,0,61589.66013547741
2024-03-02 16:00:00,139052.21511913984,0,61612.95243125033
2024-03-02 18:00:00,139052.21511913984,0,61611.97392479212
2024-03-02 20:00:00,139052.21511913984,0,61554.66984543995
2024-03-02 22:00:00,139052.21511913984,0,61573.18354000462
2024-03-03 00:00:00,139052.21511913984,0,61537.755375198416
2024-03-03 02:00:00,139052.21511913984,0,61599.283932478094
2024-03-03 04:00:00,139052.21511913984,0,61722.02936239076
2024-03-03 06:00:00,139052.21511913984,0,61807.369651034365
2024-03-03 08:00:00,139052.21511913984,0,61801.28989185523
2024-03-03 10:00:00,139052.21511913984,0,61810.92713250586
2024-03-03 12:00:00,139052.21511913984,0,61849.91401046435
2024-03-03 14:00:00,139052.21511913984,0,61846.25411125954
2024-03-03 16:00:00,139052.21511913984,0,61831.03997317443
2024-03-03 18:00:00,139052.21511913984,0,61969.66848564951
2024-03-03 20:00:00,139052.21511913984,0,61960.94572177376
2024-03-03 22:00:00,139052.21511913984,0,62031.48934199417
2024-03-04 00:00:00,139052.21511913984,0,62654.08897434228
2024-03-04 02:00:00,139052.21511913984,0,62863.292072393255
2024-03-04 04:00:00,139052.21511913984,0,62816.59039274023
2024-03-04 06:00:00,139052.21511913984,0,61933.40650987331
2024-03-04 08:00:00,139052.21511913984,0,60897.57236941894
2024-03-04 10:00:00,139052.21511913984,0,61159.75834635782
2024-03-04 12:00:00,139052.21511913984,0,60691.56267058938
2024-03-04 14:00:00,139052.21511913984,1,61031.37981636041
2024-03-04 16:00:00,140830.5953454018,0,61975.07258442598
2024-03-04 18:00:00,140830.5953454018,0,62347.81001097624
2024-03-04 20:00:00,140830.5953454018,0,62240.83759115947
2024-03-04 22:00:00,140830.5953454018,0,62712.411325915404
2024-03-05 00:00:00,140830.5953454018,0,62916.99686643653
2024-03-05 02:00:00,140830.5953454018,0,62677.35363616263
2024-03-05 04:00:00,140830.5953454018,0,61802.25769281559
2024-03-05 06:00:00,140830.5953454018,0,62451.26688037138
2024-03-05 08:00:00,140830.5953454018,0,62244.11306335489
2024-03-05 10:00:00,140830.5953454018,0,61916.70730433138
2024-03-05 12:00:00,140830.5953454018,0,63260.40055657368
2024-03-05 14:00:00,140830.5953454018,-1,64157.65443892452
2024-03-05 16:00:00,140319.97181227518,-1,64402.5205499565
2024-03-05 18:00:00,142492.21289287487,-1,63360.8368218811
2024-03-05 20:00:00,140942.62828350381,0,63975.614481492856
2024-03-05 22:00:00,140942.62828350381,0,63965.55890444266
2024-03-06 00:00:00,140942.62828350381,0,63628.65136232164
2024-03-06 02:00:00,140942.62828350381,0,63664.01778591644
2024-03-06 04:00:00,140942.62828350381,0,63592.258706637425
2024-03-06 06:00:00,140942.62828350381,0,63584.69154071162
2024-03-06 08:00:00,140942.62828350381,0,63765.39987432378
2024-03-06 10:00:00,140942.62828350381,0,63726.35133048942
2024-03-06 12:00:00,140942.62828350381,0,63271.0983970799
2024-03-06 14:00:00,140942.62828350381,0,64026.344704691975
2024-03-06 16:00:00,140942.62828350381,0,64102.23309799442
2024-03-06 18:00:00,140942.62828350381,0,64049.686897155705
2024-03-06 20:00:00,140942.62828350381,0,64434.45011831688
2024-03-06 22:00:00,140942.62828350381,0,64352.40294374967
2024-03-07 00:00:00,140942.62828350381,0,64072.1041400789
2024-03-07 02:00:00,140942.62828350381,0,63936.44592895694
2024-03-07 04:00:00,140942.62828350381,0,64102.863958513284
2024-03-07 06:00:00,140942.62828350381,0,64089.62371409465
2024-03-07 08:00:00,140942.62828350381,0,63989.750944498606
2024-03-07 10:00:00,140942.62828350381,0,63871.8101806909
2024-03-07 12:00:00,140942.62828350381,0,63825.21924755159
2024-03-07 14:00:00,140942.62828350381,0,64090.65002900538
2024-03-07 16:00:00,140942.62828350381,0,63999.34087472818
2024-03-07 18:00:00,140942.62828350381,0,63978.539220518105
2024-03-07 20:00:00,140942.62828350381,0,64191.94573164646
2024-03-07 22:00:00,140942.62828350381,0,64499.83830903575
2024-03-08 00:00:00,140942.62828350381,0,65202.58560800893
2024-03-08 02:00:00,140942.62828350381,-1,65170.29841447587
2024-03-08 04:00:00,139590.68715560946,0,65806.18102061034
2024-03-08 06:00:00,139590.68715560946,-1,65724.52122588317
2024-03-08 08:00:00,139907.6114317066,-1,65567.44773793076
2024-03-08 10:00:00,140205.7087601374,-1,65419.70523078509
2024-03-08 12:00:00,139860.40481927045,0,65459.39515901622
2024-03-08 14:00:00,139860.40481927045,0,65273.22494207938
2024-03-08 16:00:00,139860.40481927045,0,64978.524041034194
2024-03-08 18:00:00,139860.40481927045,0,65030.39156414771
2024-03-08 20:00:00,139860.40481927045,0,65052.41386797437
2024-03-08 22:00:00,139860.40481927045,0,64777.71096818944
2024-03-09 00:00:00,139860.40481927045,0,64745.347950137475
2024-03-09 02:00:00,139860.40481927045,0,64738.343327882925
2024-03-09 04:00:00,139860.40481927045,0,64965.73941560174
2024-03-09 06:00:00,139860.40481927045,0,65061.27624686843
2024-03-09 08:00:00,139860.40481927045,0,65226.91915509009
2024-03-09 10:00:00,139860.40481927045,0,65358.58100488199
2024-03-09 12:00:00,139860.40481927045,0,65366.52520786125
2024-03-09 14:00:00,139860.40481927045,0,65317.89116022192
2024-03-09 16:00:00,139860.40481927045,0,65476.19241229634
2024-03-09 18:00:00,139860.40481927045,0,65385.872394933656
2024-03-09 20:00:00,139860.40481927045,0,65393.53214369569
2024-03-09 22:00:00,139860.40481927045,0,65347.28556888885
2024-03-10 00:00:00,139860.40481927045,0,65303.54341927208
2024-03-10 02:00:00,139860.40481927045,0,65628.73279172051
2024-03-10 04:00:00,139860.40481927045,0,64864.03703431895
2024-03-10 06:00:00,139860.40481927045,0,64874.93099325696
2024-03-10 08:00:00,139860.40481927045,0,64740.94495265233
2024-03-10 10:00:00,139860.40481927045,0,64867.39099040248
2024-03-10 12:00:00,139860.40481927045,0,65768.33670558233
2024-03-10 14:00:00,139860.40481927045,0,65657.3452684914
2024-03-10 16:00:00,139860.40481927045,0,66014.33553103452
2024-03-10 18:00:00,139860.40481927045,-1,66472.07063356902
2024-03-10 20:00:00,139331.0791656875,-1,66736.8863544835
2024-03-10 22:00:00,138790.64078659064,-1,67007.26164803228
2024-03-11 00:00:00,137913.5877684274,0,60433.67106316286
2024-03-11 02:00:00,137913.5877684274,1,65519.386245310336
2024-03-11 04:00:00,139077.90266541397,0,66232.67517268493
2024-03-11 06:00:00,139077.90266541397,0,69935.62667970784
2024-03-11 08:00:00,139077.90266541397,-1,72020.46421295067
2024-03-11 10:00:00,146115.63031482085,-1,68184.21657119418
2024-03-11 12:00:00,146555.3745700914,0,67800.47215518024
2024-03-11 14:00:00,146555.3745700914,0,67996.34501332205
2024-03-11 16:00:00,146555.3745700914,0,67994.1738467823
2024-03-11 18:00:00,146555.3745700914,0,67602.70611223612
2024-03-11 20:00:00,146555.3745700914,0,69868.0708138055
2024-03-11 22:00:00,146555.3745700914,0,67012.01708611984
2024-03-12 00:00:00,146555.3745700914,0,102781.14567895076
2024-03-12 02:00:00,146555.3745700914,-1,103553.49468407324
2024-03-12 04:00:00,181253.0933486659,-1,77746.32795612724
2024-03-12 06:00:00,152268.92075972393,0,99096.81612878658
2024-03-12 08:00:00,152268.92075972393,-1,26938.11913744173
2024-03-12 10:00:00,69517.82863168024,1,42294.36673158116
2024-03-12 12:00:00,58960.4530605663,0,35617.83468242927
2024-03-12 14:00:00,58960.4530605663,1,42155.54350816457
2024-03-12 16:00:00,40788.87458895829,0,28563.733753818375
2024-03-12 18:00:00,40788.87458895829,1,28883.302553473102
2024-03-12 20:00:00,55762.08827250609,0,40101.90046440478
2024-03-12 22:00:00,55762.08827250609,0,21141.698152103952
2024-03-13 00:00:00,55762.08827250609,0,69318.73062087025
2024-03-13 02:00:00,55762.08827250609,0,69245.58794421588
2024-03-13 04:00:00,55762.08827250609,0,69192.01755212486
2024-03-13 06:00:00,55762.08827250609,0,69221.67381168331
2024-03-13 08:00:00,55762.08827250609,0,69224.85472335201
2024-03-13 10:00:00,55762.08827250609,0,69184.75661102367
2024-03-13 12:00:00,55762.08827250609,0,69168.39440881672
2024-03-13 14:00:00,55762.08827250609,0,69203.83639323601
2024-03-13 16:00:00,55762.08827250609,0,69156.31301293113
2024-03-13 18:00:00,55762.08827250609,0,69173.49543051062
2024-03-13 20:00:00,55762.08827250609,0,69200.51031611495
2024-03-13 22:00:00,55762.08827250609,0,69146.61395025034
2024-03-14 00:00:00,55762.08827250609,0,68953.82778227389
2024-03-14 02:00:00,55762.08827250609,0,68908.79567217756
2024-03-14 04:00:00,55762.08827250609,0,69075.48240656685
2024-03-14 06:00:00,55762.08827250609,0,69138.98349126086
2024-03-14 08:00:00,55762.08827250609,0,69256.08062955606
2024-03-14 10:00:00,55762.08827250609,0,68973.82265407956
2024-03-14 12:00:00,55762.08827250609,0,69159.79921824568
2024-03-14 14:00:00,55762.08827250609,0,69392.14879694916
2024-03-14 16:00:00,55762.08827250609,0,69684.06217085043
2024-03-14 18:00:00,55762.08827250609,0,69767.18533422689
2024-03-14 20:00:00,55762.08827250609,0,69570.92641819826
2024-03-14 22:00:00,55762.08827250609,0,69580.92296398088
2024-03-15 00:00:00,55762.08827250609,0,69303.46134149042
2024-03-15 02:00:00,55762.08827250609,0,69341.48293874176
2024-03-15 04:00:00,55762.08827250609,0,69375.98936761293
2024-03-15 06:00:00,55762.08827250609,0,69341.04408675004
2024-03-15 08:00:00,55762.08827250609,0,69315.73341292139
2024-03-15 10:00:00,55762.08827250609,0,69286.1084914886
2024-03-15 12:00:00,55762.08827250609,0,69231.18905360586
2024-03-15 14:00:00,55762.08827250609,0,69208.30874512604
2024-03-15 16:00:00,55762.08827250609,0,69147.25767040161
2024-03-15 18:00:00,55762.08827250609,0,69075.49714598172
2024-03-15 20:00:00,55762.08827250609,0,69103.70288852963
2024-03-15 22:00:00,55762.08827250609,0,69100.39416843785
2024-03-16 00:00:00,55762.08827250609,0,68971.48100843311
2024-03-16 02:00:00,55762.08827250609,0,68935.66422114096
2024-03-16 04:00:00,55762.08827250609,0,68904.35634422328
2024-03-16 06:00:00,55762.08827250609,0,68918.79244244451
2024-03-16 08:00:00,55762.08827250609,0,68938.11999428934
2024-03-16 10:00:00,55762.08827250609,0,68990.17943877076
2024-03-16 12:00:00,55762.08827250609,0,68962.85151296383
2024-03-16 14:00:00,55762.08827250609,0,68973.1245811476
2024-03-16 16:00:00,55762.08827250609,0,68980.1459131669
2024-03-16 18:00:00,55762.08827250609,0,68959.63267572208
2024-03-16 20:00:00,55762.08827250609,0,68994.66147075662
2024-03-16 22:00:00,55762.08827250609,0,68963.6537620614
2024-03-17 00:00:00,55762.08827250609,0,68598.33455589527
2024-03-17 02:00:00,55762.08827250609,1,68735.71139952743
2024-03-17 04:00:00,55689.20811039561,0,68778.6181053718
2024-03-17 06:00:00,55689.20811039561,0,68723.30280842319
2024-03-17 08:00:00,55689.20811039561,0,68940.31422823571
2024-03-17 10:00:00,55689.20811039561,0,69242.59809466792
2024-03-17 12:00:00,55689.20811039561,0,69539.08879676404
2024-03-17 14:00:00,55689.20811039561,-1,69440.87700080681
2024-03-17 16:00:00,55510.20407091795,0,69536.94953781432
2024-03-17 18:00:00,55510.20407091795,-1,69702.5762582115
2024-03-17 20:00:00,55719.85262776285,-1,69425.47131174765
2024-03-17 22:00:00,55250.97146956794,0,69905.81422807022
2024-03-18 00:00:00,55250.97146956794,-1,70218.44590234579
2024-03-18 02:00:00,55245.35995097823,-1,70225.95293137773
2024-03-18 04:00:00,55425.811942738874,-1,69984.54620352652
2024-03-18 06:00:00,55259.464343149906,0,70066.64733588474
2024-03-18 08:00:00,55259.464343149906,0,70093.6278728247
2024-03-18 10:00:00,55259.464343149906,0,69824.10176503487
2024-03-18 12:00:00,55259.464343149906,0,69808.80649207441
2024-03-18 14:00:00,55259.464343149906,0,69291.90270888638
2024-03-18 16:00:00,55259.464343149906,0,69283.64941528691
2024-03-18 18:00:00,55259.464343149906,0,68436.39280656292
2024-03-18 20:00:00,55259.464343149906,0,68298.87355783823
2024-03-18 22:00:00,55259.464343149906,0,68504.99302187309
2024-03-19 00:00:00,55259.464343149906,0,68016.90264002385
2024-03-19 02:00:00,55259.464343149906,1,67480.50586696985
2024-03-19 04:00:00,55635.341964814776,1,67963.66981774027
2024-03-19 06:00:00,55422.68237533119,0,67825.27205123943
2024-03-19 08:00:00,55422.68237533119,0,67539.89208970508
2024-03-19 10:00:00,55422.68237533119,0,67498.82904484338
2024-03-19 12:00:00,55422.68237533119,0,67347.64910084322
2024-03-19 14:00:00,55422.68237533119,0,67543.38694343143
2024-03-19 16:00:00,55422.68237533119,0,67516.99745015473
2024-03-19 18:00:00,55422.68237533119,0,67558.40184949644
2024-03-19 20:00:00,55422.68237533119,0,67762.6631138343
2024-03-19 22:00:00,55422.68237533119,0,67907.80884169061
2024-03-20 00:00:00,55422.68237533119,0,68290.66208555206
2024-03-20 02:00:00,55422.68237533119,0,68381.74947953742
2024-03-20 04:00:00,55422.68237533119,0,67905.54348961907
2024-03-20 06:00:00,55422.68237533119,0,68488.42968076492
2024-03-20 08:00:00,55422.68237533119,0,68520.26946450642
2024-03-20 10:00:00,55422.68237533119,0,68820.88794139598
2024-03-20 12:00:00,55422.68237533119,0,69850.82141788915
2024-03-20 14:00:00,55422.68237533119,0,69475.6533213615
2024-03-20 16:00:00,55422.68237533119,0,69982.14358363058
2024-03-20 18:00:00,55422.68237533119,0,68206.12786865322
2024-03-20 20:00:00,55422.68237533119,0,69304.37317402603
2024-03-20 22:00:00,55422.68237533119,0,68198.17501566067
2024-03-21 00:00:00,55422.68237533119,0,67197.64251598575
2024-03-21 02:00:00,55422.68237533119,0,67728.3038268237
2024-03-21 04:00:00,55422.68237533119,0,68686.13645862692
2024-03-21 06:00:00,55422.68237533119,0,68864.82223086088
2024-03-21 08:00:00,55422.68237533119,0,68495.56002758839
2024-03-21 10:00:00,55422.68237533119,0,68290.56701696871
2024-03-21 12:00:00,55422.68237533119,0,69879.39095769222
2024-03-21 14:00:00,55422.68237533119,-1,70350.64605539384
2024-03-21 16:00:00,56319.05518361332,-1,69152.95276322606
2024-03-21 18:00:00,58006.83143573742,0,66757.12026100737
2024-03-21 20:00:00,58006.83143573742,0,65924.23867965298
2024-03-21 22:00:00,58006.83143573742,1,66649.69933741196
2024-03-22 00:00:00,57506.12003419426,0,66177.40283531255
2024-03-22 02:00:00,57506.12003419426,0,66356.30326018756
2024-03-22 04:00:00,57506.12003419426,0,66689.67835650488
2024-03-22 06:00:00,57506.12003419426,0,65196.56558990123
2024-03-22 08:00:00,57506.12003419426,1,65782.30958739572
2024-03-22 10:00:00,57446.71727274615,0,65842.3458774923
2024-03-22 12:00:00,57446.71727274615,0,65909.03295940375
2024-03-22 14:00:00,57446.71727274615,0,66203.15654993501
2024-03-22 16:00:00,57446.71727274615,0,66372.46416736124
2024-03-22 18:00:00,57446.71727274615,0,66536.77307383636
2024-03-22 20:00:00,57446.71727274615,0,66308.04414703482
2024-03-22 22:00:00,57446.71727274615,0,66428.33158898697
2024-03-23 00:00:00,57446.71727274615,0,66155.32558181134
2024-03-23 02:00:00,57446.71727274615,0,66165.03106464686
2024-03-23 04:00:00,57446.71727274615,0,66210.33036573288
2024-03-23 06:00:00,57446.71727274615,0,66603.65809922654
2024-03-23 08:00:00,57446.71727274615,0,66556.0449578132
2024-03-23 10:00:00,57446.71727274615,0,66352.99417274013
2024-03-23 12:00:00,57446.71727274615,0,66354.16499966156
2024-03-23 14:00:00,57446.71727274615,0,66931.10859878192
2024-03-23 16:00:00,57446.71727274615,0,67025.73332774299
2024-03-23 18:00:00,57446.71727274615,0,67065.18731674086
2024-03-23 20:00:00,57446.71727274615,0,66972.85921450915
2024-03-23 22:00:00,57446.71727274615,0,66881.19718018353
2024-03-24 00:00:00,57446.71727274615,0,66711.96841483739
2024-03-24 02:00:00,57446.71727274615,0,66737.4988705005
2024-03-24 04:00:00,57446.71727274615,0,66664.48866061421
2024-03-24 06:00:00,57446.71727274615,0,66792.72843407979
2024-03-24 08:00:00,57446.71727274615,0,66601.41302271729
2024-03-24 10:00:00,57446.71727274615,0,66661.67104911982
2024-03-24 12:00:00,57446.71727274615,0,66467.30313364071
2024-03-24 14:00:00,57446.71727274615,0,66158.0446978101
2024-03-24 16:00:00,57446.71727274615,0,66345.27799701098
2024-03-24 18:00:00,57446.71727274615,0,66314.7320993683
2024-03-24 20:00:00,57446.71727274615,0,66152.56106857456
2024-03-24 22:00:00,57446.71727274615,0,65876.68386731425
2024-03-25 00:00:00,57446.71727274615,0,65568.74678822554
2024-03-25 02:00:00,57446.71727274615,1,65553.10753211686
2024-03-25 04:00:00,57372.62614246936,1,65464.111492128766
2024-03-25 06:00:00,57349.14849356332,1,65435.9108455323
2024-03-25 08:00:00,57324.6646425857,1,65406.50157923381
2024-03-25 10:00:00,57175.380420639834,0,65358.2920714004
2024-03-25 12:00:00,57175.380420639834,0,65327.99344907183
2024-03-25 14:00:00,57175.380420639834,0,65313.11284438979
2024-03-25 16:00:00,57175.380420639834,0,65326.19286434478
2024-03-25 18:00:00,57175.380420639834,0,65371.99914333225
2024-03-25 20:00:00,57175.380420639834,0,65349.68322039328
2024-03-25 22:00:00,57175.380420639834,0,65238.39598792584
2024-03-26 00:00:00,57175.380420639834,0,65447.652844525684
2024-03-26 02:00:00,57175.380420639834,0,65578.20007582263
2024-03-26 04:00:00,57175.380420639834,0,65581.04159548326
2024-03-26 06:00:00,57175.380420639834,0,65508.3980278506
2024-03-26 08:00:00,57175.380420639834,0,65497.42374326072
2024-03-26 10:00:00,57175.380420639834,0,65482.91142058543
2024-03-26 12:00:00,57175.380420639834,0,65576.57222577489
2024-03-26 14:00:00,57175.380420639834,0,65627.9060017606
2024-03-26 16:00:00,57175.380420639834,0,65520.61776252145
2024-03-26 18:00:00,57175.380420639834,0,65548.35595379218
2024-03-26 20:00:00,57175.380420639834,0,65571.467939811
2024-03-26 22:00:00,57175.380420639834,0,65639.50857716617
2024-03-27 00:00:00,57175.380420639834,0,65851.51273936949
2024-03-27 02:00:00,57175.380420639834,0,66175.64521511782
2024-03-27 04:00:00,57175.380420639834,0,65848.76549759714
2024-03-27 06:00:00,57175.380420639834,0,65827.51023935855
2024-03-27 08:00:00,57175.380420639834,0,66336.13693176652
2024-03-27 10:00:00,57175.380420639834,-1,66590.5211416657
2024-03-27 12:00:00,56657.56563990126,0,67094.7378633788
2024-03-27 14:00:00,56657.56563990126,-1,67013.58313703572
2024-03-27 16:00:00,57086.15912691534,-1,66479.96953547354
2024-03-27 18:00:00,57578.55118016583,0,65732.89736297204
2024-03-27 20:00:00,57578.55118016583,0,65083.20085098181
2024-03-27 22:00:00,57578.55118016583,0,65525.850162160445
2024-03-28 00:00:00,57578.55118016583,0,65604.79174986531
2024-03-28 02:00:00,57578.55118016583,0,65412.30529775715
2024-03-28 04:00:00,57578.55118016583,0,65005.75599675185
2024-03-28 06:00:00,57578.55118016583,0,64958.91286978117
2024-03-28 08:00:00,57578.55118016583,0,65022.401078063696
2024-03-28 10:00:00,57578.55118016583,0,65115.03412568456
2024-03-28 12:00:00,57578.55118016583,0,65541.89704722636
2024-03-28 14:00:00,57578.55118016583,0,65327.67666831182
2024-03-28 16:00:00,57578.55118016583,0,65506.39420419487
2024-03-28 18:00:00,57578.55118016583,0,64940.08282323633
2024-03-28 20:00:00,57578.55118016583,0,65260.38621689733
2024-03-28 22:00:00,57578.55118016583,0,65253.43570122081
2024-03-29 00:00:00,57578.55118016583,0,65297.67341270401
2024-03-29 02:00:00,57578.55118016583,0,65302.8509060433
2024-03-29 04:00:00,57578.55118016583,0,65303.76333879191
2024-03-29 06:00:00,57578.55118016583,0,65279.55257482747
2024-03-29 08:00:00,57578.55118016583,0,65297.12420478152
2024-03-29 10:00:00,57578.55118016583,0,65294.91012101511
2024-03-29 12:00:00,57578.55118016583,0,65295.92426525681
2024-03-29 14:00:00,57578.55118016583,0,65275.74228200715
2024-03-29 16:00:00,57578.55118016583,0,65274.12789812483
2024-03-29 18:00:00,57578.55118016583,0,65286.62418706208
2024-03-29 20:00:00,57578.55118016583,0,65283.19337124639
2024-03-29 22:00:00,57578.55118016583,0,65270.77691963921
2024-03-30 00:00:00,57578.55118016583,0,63269.63645555321
2024-03-30 02:00:00,57578.55118016583,1,65732.85892966967
2024-03-30 04:00:00,56762.02981894582,0,64634.12824065322
2024-03-30 06:00:00,56762.02981894582,0,62515.25939963217
2024-03-30 08:00:00,56762.02981894582,1,60247.43197810952
2024-03-30 10:00:00,59230.051099402306,1,63004.871000548555
2024-03-30 12:00:00,59481.25859067391,0,63406.03173422257
2024-03-30 14:00:00,59481.25859067391,0,62535.310961515264
2024-03-30 16:00:00,59481.25859067391,0,63806.58726341338
2024-03-30 18:00:00,59481.25859067391,0,63703.71172069346
2024-03-30 20:00:00,59481.25859067391,0,63626.26899345372
2024-03-30 22:00:00,59481.25859067391,0,65470.474349603945
2024-03-31 00:00:00,59481.25859067391,0,65775.7373218331
2024-03-31 02:00:00,59481.25859067391,0,65814.84730825467
2024-03-31 04:00:00,59481.25859067391,0,65876.89818230501
2024-03-31 06:00:00,59481.25859067391,0,65885.18839743697
2024-03-31 08:00:00,59481.25859067391,0,65927.58996181977
2024-03-31 10:00:00,59481.25859067391,0,65941.73306604545
2024-03-31 12:00:00,59481.25859067391,0,65896.13277356396
2024-03-31 14:00:00,59481.25859067391,0,65929.35682334019
2024-03-31 16:00:00,59481.25859067391,0,65974.66901346472
2024-03-31 18:00:00,59481.25859067391,0,66024.24384879261
2024-03-31 20:00:00,59481.25859067391,0,66021.90594021318
2024-03-31 22:00:00,59481.25859067391,0,66125.00984989197
2024-04-01 00:00:00,59481.25859067391,0,66152.09461979059
2024-04-01 02:00:00,59481.25859067391,0,66130.70712470454
2024-04-01 04:00:00,59481.25859067391,0,66162.29985111211
2024-04-01 06:00:00,59481.25859067391,0,66168.7794489972
2024-04-01 08:00:00,59481.25859067391,0,66191.97874457495
2024-04-01 10:00:00,59481.25859067391,0,66187.44601401774
2024-04-01 12:00:00,59481.25859067391,0,66169.46592282462
2024-04-01 14:00:00,59481.25859067391,0,66179.08641031668
2024-04-01 16:00:00,59481.25859067391,0,66189.25097059798
2024-04-01 18:00:00,59481.25859067391,0,66199.80825658895
2024-04-01 20:00:00,59481.25859067391,0,66214.12979518555
2024-04-01 22:00:00,59481.25859067391,0,66199.59171095768
2024-04-02 00:00:00,59481.25859067391,0,66281.06858130316
2024-04-02 02:00:00,59481.25859067391,0,66206.47389184572
2024-04-02 04:00:00,59481.25859067391,0,66201.469348883
2024-04-02 06:00:00,59481.25859067391,0,66148.05573103884
2024-04-02 08:00:00,59481.25859067391,0,66196.08042432056
2024-04-02 10:00:00,59481.25859067391,0,66191.1451658249
2024-04-02 12:00:00,59481.25859067391,0,66153.3667794172
2024-04-02 14:00:00,59481.25859067391,0,66190.80553951634
2024-04-02 16:00:00,59481.25859067391,0,66239.96772454951
2024-04-02 18:00:00,59481.25859067391,0,66265.84254650776
2024-04-02 20:00:00,59481.25859067391,0,66289.78753691759
2024-04-02 22:00:00,59481.25859067391,0,66209.84977026684
2024-04-03 00:00:00,59481.25859067391,0,65929.53355202015
2024-04-03 02:00:00,59481.25859067391,1,65849.83283485005
2024-04-03 04:00:00,59453.726188439454,1,65817.74835315761
2024-04-03 06:00:00,59450.69363584148,1,65814.21441240364
2024-04-03 08:00:00,59448.6310962252,1,65811.81086207066
2024-04-03 10:00:00,59390.98105774621,1,65744.6292340966
2024-04-03 12:00:00,59486.22149793455,1,65855.61628613735
2024-04-03 14:00:00,59288.502119876284,0,65756.90657047048
2024-04-03 16:00:00,59288.502119876284,0,65712.96111484733
2024-04-03 18:00:00,59288.502119876284,0,65602.88589263045
2024-04-03 20:00:00,59288.502119876284,1,65624.64038481496
2024-04-03 22:00:00,59197.17498907077,0,65649.48206098219
2024-04-04 00:00:00,59197.17498907077,0,65701.08197908322
2024-04-04 02:00:00,59197.17498907077,0,66032.40241642053
2024-04-04 04:00:00,59197.17498907077,0,65961.9418136416
2024-04-04 06:00:00,59197.17498907077,0,65954.23920438057
2024-04-04 08:00:00,59197.17498907077,0,65756.04468212988
2024-04-04 10:00:00,59197.17498907077,0,65488.74211100429
2024-04-04 12:00:00,59197.17498907077,0,65645.38847550302
2024-04-04 14:00:00,59197.17498907077,0,65404.459973485966
2024-04-04 16:00:00,59197.17498907077,0,65448.097937255916
2024-04-04 18:00:00,59197.17498907077,0,65583.67789925926
2024-04-04 20:00:00,59197.17498907077,0,65891.53064264142
2024-04-04 22:00:00,59197.17498907077,0,66045.23241512472
2024-04-05 00:00:00,59197.17498907077,0,66398.91353448565
2024-04-05 02:00:00,59197.17498907077,-1,65156.37255860073
2024-04-05 04:00:00,58972.39908441135,1,65286.48444903661
2024-04-05 06:00:00,59117.08412109183,0,65585.66399078471
2024-04-05 08:00:00,59117.08412109183,0,65028.82308909301
2024-04-05 10:00:00,59117.08412109183,1,64789.963657275875
2024-04-05 12:00:00,59026.911623480664,1,64685.93686064141
2024-04-05 14:00:00,58703.98953247487,1,64313.40031591031
2024-04-05 16:00:00,58565.260219861135,1,64153.356329408576
2024-04-05 18:00:00,59280.41647254485,1,64978.390747115394
2024-04-05 20:00:00,59411.42616337665,0,65259.10897963773
2024-04-05 22:00:00,59411.42616337665,0,65380.40419784189
2024-04-06 00:00:00,59411.42616337665,0,65300.26329922281
2024-04-06 02:00:00,59411.42616337665,0,64966.52911401328
2024-04-06 04:00:00,59411.42616337665,0,64792.082686223
2024-04-06 06:00:00,59411.42616337665,0,64467.01956636256
2024-04-06 08:00:00,59411.42616337665,0,64449.206000062106
2024-04-06 10:00:00,59411.42616337665,0,64532.48371297106
2024-04-06 12:00:00,59411.42616337665,0,64671.44832138775
2024-04-06 14:00:00,59411.42616337665,0,64764.33236134879
2024-04-06 16:00:00,59411.42616337665,0,64324.83110625633
2024-04-06 18:00:00,59411.42616337665,0,64538.480726813366
2024-04-06 20:00:00,59411.42616337665,0,64755.25131484191
2024-04-06 22:00:00,59411.42616337665,0,65050.602582414824
2024-04-07 00:00:00,59411.42616337665,0,65135.3653403631
2024-04-07 02:00:00,59411.42616337665,0,65119.970793680004
2024-04-07 04:00:00,59411.42616337665,0,65089.99913343446
2024-04-07 06:00:00,59411.42616337665,0,65057.15438404452
2024-04-07 08:00:00,59411.42616337665,0,65064.4941712404
2024-04-07 10:00:00,59411.42616337665,0,64975.60690207827
2024-04-07 12:00:00,59411.42616337665,0,65018.40724766481
2024-04-07 14:00:00,59411.42616337665,0,65086.86147671687
2024-04-07 16:00:00,59411.42616337665,0,65202.838885127996
2024-04-07 18:00:00,59411.42616337665,0,65346.972561495626
2024-04-07 20:00:00,59411.42616337665,0,65233.987640280015
2024-04-07 22:00:00,59411.42616337665,0,65312.771355404155
2024-04-08 00:00:00,59411.42616337665,0,65544.58089603635
2024-04-08 02:00:00,59411.42616337665,0,64334.82239335968
2024-04-08 04:00:00,59411.42616337665,0,64310.33313030361
2024-04-08 06:00:00,59411.42616337665,0,63940.70781301857
2024-04-08 08:00:00,59411.42616337665,1,64083.19665860044
2024-04-08 10:00:00,59761.6562716705,0,64609.01586853665
2024-04-08 12:00:00,59761.6562716705,0,63939.52243248753
2024-04-08 14:00:00,59761.6562716705,0,64505.40265495854
2024-04-08 16:00:00,59761.6562716705,0,63882.88333697766
2024-04-08 18:00:00,59761.6562716705,0,62671.927779715115
2024-04-08 20:00:00,59761.6562716705,1,63213.98702592579
2024-04-08 22:00:00,60608.15257268276,1,64156.51015650144
2024-04-09 00:00:00,75550.43746706373,0,80920.28092787444
2024-04-09 02:00:00,75550.43746706373,-1,59840.902014364394
2024-04-09 04:00:00,67185.84954093501,0,73765.72774268143
2024-04-09 06:00:00,67185.84954093501,0,68899.38284879044
2024-04-09 08:00:00,67185.84954093501,0,41573.72828828051
2024-04-09 10:00:00,67185.84954093501,1,53502.61140232623
2024-04-09 12:00:00,68954.56068321131,0,55092.23873857891
2024-04-09 14:00:00,68954.56068321131,0,55952.40098334742
2024-04-09 16:00:00,68954.56068321131,0,46875.386270158095
2024-04-09 18:00:00,68954.56068321131,1,36680.90287237209
2024-04-09 20:00:00,103066.9455754366,1,55782.31605899823
2024-04-09 22:00:00,77845.46681301632,0,41732.77533122626
2024-04-10 00:00:00,77845.46681301632,1,64298.5428984165
2024-04-10 02:00:00,75006.21803532632,0,61958.557482772136
2024-04-10 04:00:00,75006.21803532632,0,63094.19318150357
2024-04-10 06:00:00,75006.21803532632,0,62761.69968851436
2024-04-10 08:00:00,75006.21803532632,0,63153.04765397214
2024-04-10 10:00:00,75006.21803532632,0,61565.11586196939
2024-04-10 12:00:00,75006.21803532632,0,61105.94867411657
2024-04-10 14:00:00,75006.21803532632,0,61347.00149576297
2024-04-10 16:00:00,75006.21803532632,0,59649.46837921357
2024-04-10 18:00:00,75006.21803532632,0,60901.11114053075
2024-04-10 20:00:00,75006.21803532632,0,61738.617833701755
2024-04-10 22:00:00,75006.21803532632,0,63049.1179976537
2024-04-11 00:00:00,75006.21803532632,0,63134.13087387331
2024-04-11 02:00:00,75006.21803532632,0,63080.90338490045
2024-04-11 04:00:00,75006.21803532632,0,63045.30718624143
2024-04-11 06:00:00,75006.21803532632,0,63013.136941269586
2024-04-11 08:00:00,75006.21803532632,0,62978.90141419494
2024-04-11 10:00:00,75006.21803532632,0,63016.16287844167
2024-04-11 12:00:00,75006.21803532632,0,62984.16313882326
2024-04-11 14:00:00,75006.21803532632,0,63054.882101401614
2024-04-11 16:00:00,75006.21803532632,0,63107.214246574615
2024-04-11 18:00:00,75006.21803532632,0,63097.85001587762
2024-04-11 20:00:00,75006.21803532632,0,63082.08647456679
2024-04-11 22:00:00,75006.21803532632,0,63090.73590714472
2024-04-12 00:00:00,75006.21803532632,0,62859.247048113226
2024-04-12 02:00:00,75006.21803532632,0,63433.428845829454
2024-04-12 04:00:00,75006.21803532632,0,63065.53373872426
2024-04-12 06:00:00,75006.21803532632,0,62486.38022071641
2024-04-12 08:00:00,75006.21803532632,0,62770.70938453589
2024-04-12 10:00:00,75006.21803532632,0,62631.24437272418
2024-04-12 12:00:00,75006.21803532632,0,62965.64585163418
2024-04-12 14:00:00,75006.21803532632,0,62715.16903406485
2024-04-12 16:00:00,75006.21803532632,0,61858.83228431024
2024-04-12 18:00:00,75006.21803532632,0,61180.447654119744
2024-04-12 20:00:00,75006.21803532632,0,62115.37243709708
2024-04-12 22:00:00,75006.21803532632,0,62529.92955614798
2024-04-13 00:00:00,75006.21803532632,0,64075.29161198501
2024-04-13 02:00:00,75006.21803532632,0,63864.59043326081
2024-04-13 04:00:00,75006.21803532632,0,64394.37859023676
2024-04-13 06:00:00,75006.21803532632,-1,65575.05591101892
2024-04-13 08:00:00,76686.31785713405,-1,64028.901435087115
2024-04-13 10:00:00,76358.4207411902,0,64199.50696116296
2024-04-13 12:00:00,76358.4207411902,0,63353.409378263226
2024-04-13 14:00:00,76358.4207411902,0,63839.91438366284
2024-04-13 16:00:00,76358.4207411902,0,62943.5649982867
2024-04-13 18:00:00,76358.4207411902,0,62992.677349705446
2024-04-13 20:00:00,76358.4207411902,0,62688.06174356921
2024-04-13 22:00:00,76358.4207411902,0,62132.84977077698
2024-04-14 00:00:00,76358.4207411902,0,62085.173744136555
2024-04-14 02:00:00,76358.4207411902,0,61725.94430190204
2024-04-14 04:00:00,76358.4207411902,0,61482.170616134325
2024-04-14 06:00:00,76358.4207411902,0,61357.279152339266
2024-04-14 08:00:00,76358.4207411902,0,61861.782447286205
2024-04-14 10:00:00,76358.4207411902,0,61734.45894500042
2024-04-14 12:00:00,76358.4207411902,0,61994.30206539856
2024-04-14 14:00:00,76358.4207411902,0,62115.09240312519
2024-04-14 16:00:00,76358.4207411902,0,61910.96776745386
2024-04-14 18:00:00,76358.4207411902,0,62026.10031597549
2024-04-14 20:00:00,76358.4207411902,0,61962.582259620074
2024-04-14 22:00:00,76358.4207411902,0,61766.828403813706
2024-04-15 00:00:00,76358.4207411902,0,61678.857836523835
2024-04-15 02:00:00,76358.4207411902,0,61813.68719513536
2024-04-15 04:00:00,76358.4207411902,0,61647.58732902091
2024-04-15 06:00:00,76358.4207411902,0,61648.96575011664
2024-04-15 08:00:00,76358.4207411902,0,61469.8617458174
2024-04-15 10:00:00,76358.4207411902,0,61711.985857688764
2024-04-15 12:00:00,76358.4207411902,0,61663.73344673683
2024-04-15 14:00:00,76358.4207411902,0,61709.322076772914
2024-04-15 16:00:00,76358.4207411902,0,61981.376695356106
2024-04-15 18:00:00,76358.4207411902,0,62267.053687130574
2024-04-15 20:00:00,76358.4207411902,0,62362.41772915039
2024-04-15 22:00:00,76358.4207411902,0,62153.58192354909
2024-04-16 00:00:00,76358.4207411902,0,62050.742696913294
2024-04-16 02:00:00,76358.4207411902,0,62079.4464763643
2024-04-16 04:00:00,76358.4207411902,0,61992.526746009964
2024-04-16 06:00:00,76358.4207411902,0,61898.81884933059
2024-04-16 08:00:00,76358.4207411902,0,61893.36191705218
2024-04-16 10:00:00,76358.4207411902,0,61872.18620338073
2024-04-16 12:00:00,76358.4207411902,0,61835.112623817695
2024-04-16 14:00:00,76358.4207411902,0,61791.228546060716
2024-04-16 16:00:00,76358.4207411902,0,61740.57494883208
2024-04-16 18:00:00,76358.4207411902,0,61812.07690752432
2024-04-16 20:00:00,76358.4207411902,0,61781.46345591006
2024-04-16 22:00:00,76358.4207411902,0,61727.19469741322
2024-04-17 00:00:00,76358.4207411902,0,60482.16822471518
2024-04-17 02:00:00,76358.4207411902,1,60009.01099001209
2024-04-17 04:00:00,75766.8462927293,1,59519.63198485093
2024-04-17 06:00:00,75548.82057576982,0,58102.64268672043
2024-04-17 08:00:00,75548.82057576982,1,56517.47018316838
2024-04-17 10:00:00,75184.89571582046,1,56230.89198791942
2024-04-17 12:00:00,74690.33665732361,1,55841.443895673765
2024-04-17 14:00:00,75688.65702350372,1,56627.58653198605
2024-04-17 16:00:00,79274.21700841795,1,59451.09056404523
2024-04-17 18:00:00,79845.32022084852,0,60013.849461005266
2024-04-17 20:00:00,79845.32022084852,0,62324.67897632809
2024-04-17 22:00:00,79845.32022084852,0,62649.94345134662
2024-04-18 00:00:00,79845.32022084852,0,62260.18698305783
2024-04-18 02:00:00,79845.32022084852,0,62272.03951928208
2024-04-18 04:00:00,79845.32022084852,0,61803.73167763419
2024-04-18 06:00:00,79845.32022084852,0,61663.34863770975
2024-04-18 08:00:00,79845.32022084852,0,62015.42148937386
2024-04-18 10:00:00,79845.32022084852,0,62136.838584283105
2024-04-18 12:00:00,79845.32022084852,0,61805.303302317225
2024-04-18 14:00:00,79845.32022084852,0,61811.8140809205
2024-04-18 16:00:00,79845.32022084852,0,61966.06509571875
2024-04-18 18:00:00,79845.32022084852,0,61891.372872252054
2024-04-18 20:00:00,79845.32022084852,0,61908.535597870294
2024-04-18 22:00:00,79845.32022084852,0,61993.983381117454
2024-04-19 00:00:00,79845.32022084852,0,62271.269663699975
2024-04-19 02:00:00,79845.32022084852,0,62260.6595917935
2024-04-19 04:00:00,79845.32022084852,0,62286.510728074565
2024-04-19 06:00:00,79845.32022084852,0,62200.15950802043
2024-04-19 08:00:00,79845.32022084852,0,62162.69981621286
2024-04-19 10:00:00,79845.32022084852,0,61970.20856105203
2024-04-19 12:00:00,79845.32022084852,0,61916.464242099035
2024-04-19 14:00:00,79845.32022084852,0,62026.20907666774
2024-04-19 16:00:00,79845.32022084852,0,62028.609116101565
2024-04-19 18:00:00,79845.32022084852,0,61909.06703815912
2024-04-19 20:00:00,79845.32022084852,0,62051.56546752586
2024-04-19 22:00:00,79845.32022084852,0,61907.31950138154
2024-04-20 00:00:00,79845.32022084852,0,61293.03933952145
2024-04-20 02:00:00,79845.32022084852,0,62159.20663810399
2024-04-20 04:00:00,79845.32022084852,0,60843.82831684334
2024-04-20 06:00:00,79845.32022084852,0,61882.67048780133
2024-04-20 08:00:00,79845.32022084852,0,62696.31075960677
2024-04-20 10:00:00,79845.32022084852,0,62263.33610993722
2024-04-20 12:00:00,79845.32022084852,0,61723.2995881662
2024-04-20 14:00:00,79845.32022084852,0,61805.64726245098
2024-04-20 16:00:00,79845.32022084852,0,61498.36618265029
2024-04-20 18:00:00,79845.32022084852,0,60364.8470343407
2024-04-20 20:00:00,79845.32022084852,1,59205.551716035356
2024-04-20 22:00:00,81323.49045534208,1,60359.307292196434
2024-04-21 00:00:00,81582.27187216925,0,60679.7049433914
2024-04-21 02:00:00,81582.27187216925,0,61782.810941980635
2024-04-21 04:00:00,81582.27187216925,0,60607.8698172427
2024-04-21 06:00:00,81582.27187216925,0,60626.35299191686
2024-04-21 08:00:00,81582.27187216925,0,60402.16695826979
2024-04-21 10:00:00,81582.27187216925,0,59824.6701812421
2024-04-21 12:00:00,81582.27187216925,0,60952.32280268965
2024-04-21 14:00:00,81582.27187216925,0,60773.6737268375
2024-04-21 16:00:00,81582.27187216925,0,61404.82194544487
2024-04-21 18:00:00,81582.27187216925,0,60648.76951889891
2024-04-21 20:00:00,81582.27187216925,0,59788.06198981239
2024-04-21 22:00:00,81582.27187216925,0,58485.0918284643
2024-04-22 00:00:00,81582.27187216925,1,57500.11947762937
2024-04-22 02:00:00,82654.61228377088,1,58295.6961116314
2024-04-22 04:00:00,84921.37519304235,1,59977.422908391156
2024-04-22 06:00:00,85478.45202302947,0,60505.72223081537
2024-04-22 08:00:00,85478.45202302947,0,58151.14890622074
2024-04-22 10:00:00,85478.45202302947,0,59004.84413343122
2024-04-22 12:00:00,85478.45202302947,0,58616.62475256662
2024-04-22 14:00:00,85478.45202302947,0,59697.43438389681
2024-04-22 16:00:00,85478.45202302947,0,61780.43258435127
2024-04-22 18:00:00,85478.45202302947,0,63098.783270989894
2024-04-22 20:00:00,85478.45202302947,0,62494.14507420867
2024-04-22 22:00:00,85478.45202302947,0,60976.69022915114
2024-04-23 00:00:00,85478.45202302947,0,61448.236707718075
2024-04-23 02:00:00,85478.45202302947,0,61161.92718264392
2024-04-23 04:00:00,85478.45202302947,0,60783.20038836556
2024-04-23 06:00:00,85478.45202302947,0,60536.31378803171
2024-04-23 08:00:00,85478.45202302947,0,60679.7678121169
2024-04-23 10:00:00,85478.45202302947,0,60739.80399453089
2024-04-23 12:00:00,85478.45202302947,0,60650.33661482522
2024-04-23 14:00:00,85478.45202302947,0,60437.9678965958
2024-04-23 16:00:00,85478.45202302947,0,59817.45557369026
2024-04-23 18:00:00,85478.45202302947,0,59536.211893890155
2024-04-23 20:00:00,85478.45202302947,0,59986.881416958015
2024-04-23 22:00:00,85478.45202302947,0,60684.561403189546
2024-04-24 00:00:00,85478.45202302947,0,59956.12611631161
2024-04-24 02:00:00,85478.45202302947,0,59666.071482867075
2024-04-24 04:00:00,85478.45202302947,0,60754.04619019631
2024-04-24 06:00:00,85478.45202302947,0,60691.65043313092
2024-04-24 08:00:00,85478.45202302947,0,60091.12671874794
2024-04-24 10:00:00,85478.45202302947,0,59914.49896738387
2024-04-24 12:00:00,85478.45202302947,0,58908.32029710985
2024-04-24 14:00:00,85478.45202302947,0,59911.00119978643
2024-04-24 16:00:00,85478.45202302947,0,60718.27882805423
2024-04-24 18:00:00,85478.45202302947,0,61680.54890474147
2024-04-24 20:00:00,85478.45202302947,0,60026.83257075464
2024-04-24 22:00:00,85478.45202302947,0,59879.98421689789
2024-04-25 00:00:00,85478.45202302947,0,59533.07926690892
2024-04-25 02:00:00,85478.45202302947,0,59504.14738409164
2024-04-25 04:00:00,85478.45202302947,0,59347.58275248873
2024-04-25 06:00:00,85478.45202302947,0,59359.58460206693
2024-04-25 08:00:00,85478.45202302947,0,59332.882165261595
2024-04-25 10:00:00,85478.45202302947,0,59301.2608220437
2024-04-25 12:00:00,85478.45202302947,0,59339.761898545454
2024-04-25 14:00:00,85478.45202302947,0,59312.13838062157
2024-04-25 16:00:00,85478.45202302947,0,59363.65828706496
2024-04-25 18:00:00,85478.45202302947,0,59201.83248319308
2024-04-25 20:00:00,85478.45202302947,0,59075.95909898223
2024-04-25 22:00:00,85478.45202302947,0,59066.98603270756
2024-04-26 00:00:00,85478.45202302947,0,58528.5166225044
2024-04-26 02:00:00,85478.45202302947,0,59102.3258387645
2024-04-26 04:00:00,85478.45202302947,0,59198.4844729099
2024-04-26 06:00:00,85478.45202302947,0,59589.61480859061
2024-04-26 08:00:00,85478.45202302947,0,60049.474310458085
2024-04-26 10:00:00,85478.45202302947,0,59857.42112146192
2024-04-26 12:00:00,85478.45202302947,0,59626.954466156516
2024-04-26 14:00:00,85478.45202302947,0,59460.68218159232
2024-04-26 16:00:00,85478.45202302947,0,58608.274083352706
2024-04-26 18:00:00,85478.45202302947,0,58074.74896128078
2024-04-26 20:00:00,85478.45202302947,1,58452.22093691837
2024-04-26 22:00:00,85087.07909243144,0,58287.40935665758
2024-04-27 00:00:00,85087.07909243144,0,57891.798520707525
2024-04-27 02:00:00,85087.07909243144,0,58128.24541340035
2024-04-27 04:00:00,85087.07909243144,0,57904.53785576038
2024-04-27 06:00:00,85087.07909243144,0,57601.17495090172
2024-04-27 08:00:00,85087.07909243144,1,57692.78415739245
2024-04-27 10:00:00,85178.33040297676,0,57873.298572401385
2024-04-27 12:00:00,85178.33040297676,0,57859.762263495504
2024-04-27 14:00:00,85178.33040297676,0,57852.203443252736
2024-04-27 16:00:00,85178.33040297676,0,57601.432812992905
2024-04-27 18:00:00,85178.33040297676,0,57622.66159531298
2024-04-27 20:00:00,85178.33040297676,0,57456.87395332901
2024-04-27 22:00:00,85178.33040297676,0,57426.18600305079
2024-04-28 00:00:00,85178.33040297676,0,57106.513593806034
2024-04-28 02:00:00,85178.33040297676,0,56871.99099867379
2024-04-28 04:00:00,85178.33040297676,0,56767.19402536294
2024-04-28 06:00:00,85178.33040297676,0,56885.74859856406
2024-04-28 08:00:00,85178.33040297676,0,56909.68959428982
2024-04-28 10:00:00,85178.33040297676,0,57060.30378882629
2024-04-28 12:00:00,85178.33040297676,0,57086.083179537345
2024-04-28 14:00:00,85178.33040297676,0,57058.208953707326
2024-04-28 16:00:00,85178.33040297676,0,57048.48117281879
2024-04-28 18:00:00,85178.33040297676,0,57051.95776777327
2024-04-28 20:00:00,85178.33040297676,0,56896.95608121436
2024-04-28 22:00:00,85178.33040297676,0,56913.58522737245
2024-04-29 00:00:00,85178.33040297676,0,56752.428771502025
2024-04-29 02:00:00,85178.33040297676,0,56872.18367356286
2024-04-29 04:00:00,85178.33040297676,0,56728.23529601181
2024-04-29 06:00:00,85178.33040297676,0,56873.2721654732
2024-04-29 08:00:00,85178.33040297676,0,56700.1825496006
2024-04-29 10:00:00,85178.33040297676,0,56823.17004373241
2024-04-29 12:00:00,85178.33040297676,0,56670.71550350498
2024-04-29 14:00:00,85178.33040297676,0,56635.06066938855
2024-04-29 16:00:00,85178.33040297676,0,56606.005550663234
2024-04-29 18:00:00,85178.33040297676,0,56620.90770832457
2024-04-29 20:00:00,85178.33040297676,0,56515.5374260056
2024-04-29 22:00:00,85178.33040297676,0,56325.94529979507
2024-04-30 00:00:00,85178.33040297676,0,54238.85662731533
2024-04-30 02:00:00,85178.33040297676,1,49634.72571865484
2024-04-30 04:00:00,82738.85250814044,0,41796.86969883923
2024-04-30 06:00:00,82738.85250814044,1,45551.14317096148
2024-04-30 08:00:00,88425.86964464241,0,48937.968578878834
2024-04-30 10:00:00,88425.86964464241,0,49820.41054081737
2024-04-30 12:00:00,88425.86964464241,0,51883.947401249
2024-04-30 14:00:00,88425.86964464241,0,52714.261012474606
2024-04-30 16:00:00,88425.86964464241,0,52682.493784675484
2024-04-30 18:00:00,88425.86964464241,0,52073.75584225017
2024-04-30 20:00:00,88425.86964464241,0,55780.92145772191
2024-04-30 22:00:00,88425.86964464241,0,54133.87042575422
2024-05-01 00:00:00,88425.86964464241,0,55569.388124580306
2024-05-01 02:00:00,88425.86964464241,0,55536.21373394528
2024-05-01 04:00:00,88425.86964464241,0,55505.71903686963
2024-05-01 06:00:00,88425.86964464241,0,55506.97675642124
2024-05-01 08:00:00,88425.86964464241,0,55508.00497714041
2024-05-01 10:00:00,88425.86964464241,0,55443.20704475657
2024-05-01 12:00:00,88425.86964464241,0,55362.37064044878
2024-05-01 14:00:00,88425.86964464241,0,55353.970636613274
2024-05-01 16:00:00,88425.86964464241,0,55380.137947637435
2024-05-01 18:00:00,88425.86964464241,0,55321.42077857377
2024-05-01 20:00:00,88425.86964464241,0,55329.206345878265
2024-05-01 22:00:00,88425.86964464241,0,55333.351756273194
2024-05-02 00:00:00,88425.86964464241,0,55636.53421033544
2024-05-02 02:00:00,88425.86964464241,0,55731.71440646778
2024-05-02 04:00:00,88425.86964464241,0,55725.78791841792
2024-05-02 06:00:00,88425.86964464241,0,55643.08115908786
2024-05-02 08:00:00,88425.86964464241,0,55841.62399949256
2024-05-02 10:00:00,88425.86964464241,0,55882.88451977014
2024-05-02 12:00:00,88425.86964464241,0,55843.66704051321
2024-05-02 14:00:00,88425.86964464241,0,55974.24908006115
2024-05-02 16:00:00,88425.86964464241,0,55909.30710668657
2024-05-02 18:00:00,88425.86964464241,0,56088.40692618405
2024-05-02 20:00:00,88425.86964464241,0,55961.484666751756
2024-05-02 22:00:00,88425.86964464241,0,56033.78478396777
2024-05-03 00:00:00,88425.86964464241,0,56227.82259490413
2024-05-03 02:00:00,88425.86964464241,0,56290.8647883506
2024-05-03 04:00:00,88425.86964464241,0,56171.15930716923
2024-05-03 06:00:00,88425.86964464241,0,56307.59530346083
2024-05-03 08:00:00,88425.86964464241,0,56437.70608657262
2024-05-03 10:00:00,88425.86964464241,0,56472.93071637378
2024-05-03 12:00:00,88425.86964464241,0,56625.04616777572
2024-05-03 14:00:00,88425.86964464241,-1,56603.152754552466
2024-05-03 16:00:00,88426.40893841832,0,56489.58306731618
2024-05-03 18:00:00,88426.40893841832,0,56543.78445351008
2024-05-03 20:00:00,88426.40893841832,0,56630.213289747975
2024-05-03 22:00:00,88426.40893841832,0,56663.60137871302
2024-05-04 00:00:00,88426.40893841832,0,57181.49678679335
2024-05-04 02:00:00,88426.40893841832,-1,57291.75452773871
2024-05-04 04:00:00,88283.23057851636,-1,57389.40265354263
2024-05-04 06:00:00,88295.13768019565,-1,57381.28196991742
2024-05-04 08:00:00,88188.33532014042,-1,57454.12154077136
2024-05-04 10:00:00,88112.56114258083,0,57391.21627714413
2024-05-04 12:00:00,88112.56114258083,0,57398.60072712726
2024-05-04 14:00:00,88112.56114258083,0,57330.89542351814
2024-05-04 16:00:00,88112.56114258083,0,57326.88899242991
2024-05-04 18:00:00,88112.56114258083,0,57525.01117946056
2024-05-04 20:00:00,88112.56114258083,0,57528.397654044216
2024-05-04 22:00:00,88112.56114258083,0,57489.37623231796
2024-05-05 00:00:00,88112.56114258083,0,58033.70749678619
2024-05-05 02:00:00,88112.56114258083,-1,58036.125818895314
2024-05-05 04:00:00,87507.78524575416,0,58339.359934683955
2024-05-05 06:00:00,87507.78524575416,-1,59098.72726329083
2024-05-05 08:00:00,87980.42232174154,-1,58762.73009494442
2024-05-05 10:00:00,88663.89615387427,-1,58276.8493126217
2024-05-05 12:00:00,88973.8008390066,0,57938.34096427829
2024-05-05 14:00:00,88973.8008390066,0,58243.69890178311
2024-05-05 16:00:00,88973.8008390066,0,58430.712247819516
2024-05-05 18:00:00,88973.8008390066,0,57706.2854395939
2024-05-05 20:00:00,88973.8008390066,0,57679.076484863515
2024-05-05 22:00:00,88973.8008390066,0,57867.63667561774
2024-05-06 00:00:00,88973.8008390066,0,57824.840502033665
2024-05-06 02:00:00,88973.8008390066,0,57993.340538370045
2024-05-06 04:00:00,88973.8008390066,0,58094.697548568205
2024-05-06 06:00:00,88973.8008390066,0,58058.08438477428
2024-05-06 08:00:00,88973.8008390066,0,58128.09282267809
2024-05-06 10:00:00,88973.8008390066,0,58431.854934213006
2024-05-06 12:00:00,88973.8008390066,0,58348.13741229529
2024-05-06 14:00:00,88973.8008390066,0,58365.02522399596
2024-05-06 16:00:00,88973.8008390066,0,58261.268442309294
2024-05-06 18:00:00,88973.8008390066,0,58150.724328907294
2024-05-06 20:00:00,88973.8008390066,0,58478.87824104521
2024-05-06 22:00:00,88973.8008390066,0,58330.64005991616
2024-05-07 00:00:00,88973.8008390066,0,58564.11999044833
2024-05-07 02:00:00,88973.8008390066,0,58584.57393458829
2024-05-07 04:00:00,88973.8008390066,0,58614.05345310744
2024-05-07 06:00:00,88973.8008390066,0,58561.404406648326
2024-05-07 08:00:00,88973.8008390066,0,58616.52530721977
2024-05-07 10:00:00,88973.8008390066,0,58670.54163627593
2024-05-07 12:00:00,88973.8008390066,0,58677.641444516135
2024-05-07 14:00:00,88973.8008390066,0,58820.83001581472
2024-05-07 16:00:00,88973.8008390066,0,58837.51178026703
2024-05-07 18:00:00,88973.8008390066,0,58848.973786828166
2024-05-07 20:00:00,88973.8008390066,0,58993.06944687263
2024-05-07 22:00:00,88973.8008390066,0,58909.32517296047
2024-05-08 00:00:00,88973.8008390066,0,58853.17600004051
2024-05-08 02:00:00,88973.8008390066,0,59029.09903732723
2024-05-08 04:00:00,88973.8008390066,0,59016.50612089916
2024-05-08 06:00:00,88973.8008390066,0,59142.11265874286
2024-05-08 08:00:00,88973.8008390066,0,58934.582848507554
2024-05-08 10:00:00,88973.8008390066,0,59110.01387499612
2024-05-08 12:00:00,88973.8008390066,0,58939.86581645372
2024-05-08 14:00:00,88973.8008390066,0,58993.0749247456
2024-05-08 16:00:00,88973.8008390066,0,59203.58982046624
2024-05-08 18:00:00,88973.8008390066,0,59177.7966304806
2024-05-08 20:00:00,88973.8008390066,0,59367.76305066189
2024-05-08 22:00:00,88973.8008390066,0,59388.425936443484
2024-05-09 00:00:00,88973.8008390066,0,59360.761775826766
2024-05-09 02:00:00,88973.8008390066,0,59719.27166761621
2024-05-09 04:00:00,88973.8008390066,-1,59672.428497682835
2024-05-09 06:00:00,88919.72565546814,-1,59710.60410600526
2024-05-09 08:00:00,88841.91985998124,-1,59765.53288071039
2024-05-09 10:00:00,88737.53768576341,0,59719.87899872481
2024-05-09 12:00:00,88737.53768576341,0,59821.3761769108
2024-05-09 14:00:00,88737.53768576341,0,59825.19111902788
2024-05-09 16:00:00,88737.53768576341,0,59923.5960452346
2024-05-09 18:00:00,88737.53768576341,0,59884.700654495515
2024-05-09 20:00:00,88737.53768576341,0,59695.27274067735
2024-05-09 22:00:00,88737.53768576341,0,59707.09196111192
2024-05-10 00:00:00,88737.53768576341,0,60196.3791528188
2024-05-10 02:00:00,88737.53768576341,-1,60352.19940665143
2024-05-10 04:00:00,88586.06559680213,-1,60460.64071221915
2024-05-10 06:00:00,88766.90936511326,-1,60331.171748835026
2024-05-10 08:00:00,88423.36651046536,0,60456.41520702924
2024-05-10 10:00:00,88423.36651046536,0,60455.47302787529
2024-05-10 12:00:00,88423.36651046536,0,60849.70082915426
2024-05-10 14:00:00,88423.36651046536,-1,61148.60843571521
2024-05-10 16:00:00,88355.43476396444,-1,61198.0587103139
2024-05-10 18:00:00,88180.35943055784,-1,61325.50314915659
2024-05-10 20:00:00,88534.15389839631,-1,61067.961800858226
2024-05-10 22:00:00,88115.57857526229,0,61250.36254532851
2024-05-11 00:00:00,88115.57857526229,0,60943.72505604016
2024-05-11 02:00:00,88115.57857526229,0,60991.309194262794
2024-05-11 04:00:00,88115.57857526229,0,61142.0195828653
2024-05-11 06:00:00,88115.57857526229,0,61311.528453999774
2024-05-11 08:00:00,88115.57857526229,0,61503.151043440674
2024-05-11 10:00:00,88115.57857526229,0,61538.091540535184
2024-05-11 12:00:00,88115.57857526229,0,61575.897916873866
2024-05-11 14:00:00,88115.57857526229,0,61488.86951678959
2024-05-11 16:00:00,88115.57857526229,0,61524.40621512385
2024-05-11 18:00:00,88115.57857526229,0,61554.49746516973
2024-05-11 20:00:00,88115.57857526229,0,61496.524129946134
2024-05-11 22:00:00,88115.57857526229,0,61642.27270046161
2024-05-12 00:00:00,88115.57857526229,0,61761.129676257144
2024-05-12 02:00:00,88115.57857526229,0,61764.48221629853
2024-05-12 04:00:00,88115.57857526229,0,61907.72412722463
2024-05-12 06:00:00,88115.57857526229,0,62028.20682105818
2024-05-12 08:00:00,88115.57857526229,0,62068.18220633805
2024-05-12 10:00:00,88115.57857526229,0,62210.84535475817
2024-05-12 12:00:00,88115.57857526229,0,62020.01988220796
2024-05-12 14:00:00,88115.57857526229,0,62148.60943582923
2024-05-12 16:00:00,88115.57857526229,0,62203.18705446983
2024-05-12 18:00:00,88115.57857526229,0,62146.00461741054
2024-05-12 20:00:00,88115.57857526229,0,62163.0504519283
2024-05-12 22:00:00,88115.57857526229,0,62096.99898821425
2024-05-13 00:00:00,88115.57857526229,0,64231.19660984717
2024-05-13 02:00:00,88115.57857526229,-1,66447.36071317592
2024-05-13 04:00:00,86998.54258717042,-1,67334.0441545864
2024-05-13 06:00:00,88411.98176358371,-1,66212.0810965229
2024-05-13 08:00:00,88017.26118277699,-1,66525.40332312646
2024-05-13 10:00:00,86518.19570593243,0,68117.00399444244
2024-05-13 12:00:00,86518.19570593243,-1,64255.87651486978
2024-05-13 14:00:00,85445.50694933174,0,64965.966043103566
2024-05-13 16:00:00,85445.50694933174,0,64091.88753150759
2024-05-13 18:00:00,85445.50694933174,0,63187.99791381278
2024-05-13 20:00:00,85445.50694933174,0,63769.7486564468
2024-05-13 22:00:00,85445.50694933174,0,62900.017918354664
2024-05-14 00:00:00,85445.50694933174,0,63093.137586257064
2024-05-14 02:00:00,85445.50694933174,0,63356.94696777558
2024-05-14 04:00:00,85445.50694933174,0,64422.451065416055
2024-05-14 06:00:00,85445.50694933174,0,63913.92960722249
2024-05-14 08:00:00,85445.50694933174,0,64187.79851933132
2024-05-14 10:00:00,85445.50694933174,0,63793.39380407336
2024-05-14 12:00:00,85445.50694933174,0,63491.75409089482
2024-05-14 14:00:00,85445.50694933174,0,64740.430027892784
2024-05-14 16:00:00,85445.50694933174,0,63934.178639894926
2024-05-14 18:00:00,85445.50694933174,0,63722.90516559812
2024-05-14 20:00:00,85445.50694933174,0,63446.76693172268
2024-05-14 22:00:00,85445.50694933174,0,64321.5728206925
2024-05-15 00:00:00,85445.50694933174,0,64349.71566036409
2024-05-15 02:00:00,85445.50694933174,0,64378.34408801984
2024-05-15 04:00:00,85445.50694933174,0,64406.25365176171
2024-05-15 06:00:00,85445.50694933174,0,64509.57544376968
2024-05-15 08:00:00,85445.50694933174,0,64578.60150143549
2024-05-15 10:00:00,85445.50694933174,0,64647.03425692413
2024-05-15 12:00:00,85445.50694933174,0,64595.09390189217
2024-05-15 14:00:00,85445.50694933174,0,64589.54834889681
2024-05-15 16:00:00,85445.50694933174,0,64585.04224471329
2024-05-15 18:00:00,85445.50694933174,0,64640.07973994771
2024-05-15 20:00:00,85445.50694933174,0,64727.863596353796
2024-05-15 22:00:00,85445.50694933174,0,64767.169466258594
2024-05-16 00:00:00,85445.50694933174,0,64791.38074317464
2024-05-16 02:00:00,85445.50694933174,0,64880.709208341475
2024-05-16 04:00:00,85445.50694933174,0,65166.102008899536
2024-05-16 06:00:00,85445.50694933174,0,65192.51107207431
2024-05-16 08:00:00,85445.50694933174,0,65387.20719291699
2024-05-16 10:00:00,85445.50694933174,0,65298.905503803035
2024-05-16 12:00:00,85445.50694933174,0,65539.80268720294
2024-05-16 14:00:00,85445.50694933174,0,65379.2817407406
2024-05-16 16:00:00,85445.50694933174,0,65488.436084728826
2024-05-16 18:00:00,85445.50694933174,0,65414.1948060478
2024-05-16 20:00:00,85445.50694933174,0,65480.29605598915
2024-05-16 22:00:00,85445.50694933174,0,65595.38246751849
2024-05-17 00:00:00,85445.50694933174,0,64684.319338179004
2024-05-17 02:00:00,85445.50694933174,0,65332.77442642419
2024-05-17 04:00:00,85445.50694933174,0,65524.85939195945
2024-05-17 06:00:00,85445.50694933174,0,65414.04844434888
2024-05-17 08:00:00,85445.50694933174,0,65282.15611076415
2024-05-17 10:00:00,85445.50694933174,0,65686.97734779755
2024-05-17 12:00:00,85445.50694933174,0,65559.59305244504
2024-05-17 14:00:00,85445.50694933174,0,65197.85023209982
2024-05-17 16:00:00,85445.50694933174,0,65728.27606584008
2024-05-17 18:00:00,85445.50694933174,0,64994.35183824577
2024-05-17 20:00:00,85445.50694933174,0,65052.039443903115
2024-05-17 22:00:00,85445.50694933174,0,65617.65376842937
2024-05-18 00:00:00,85445.50694933174,0,66034.6582021249
2024-05-18 02:00:00,85445.50694933174,0,65618.01751331157
2024-05-18 04:00:00,85445.50694933174,0,65583.98770048073
2024-05-18 06:00:00,85445.50694933174,0,65251.598725693904
2024-05-18 08:00:00,85445.50694933174,0,65262.97229121037
2024-05-18 10:00:00,85445.50694933174,0,65587.38845957999
2024-05-18 12:00:00,85445.50694933174,0,65392.885292327424
2024-05-18 14:00:00,85445.50694933174,0,65270.534826661824
2024-05-18 16:00:00,85445.50694933174,0,65409.628737532534
2024-05-18 18:00:00,85445.50694933174,0,65794.31923056424
2024-05-18 20:00:00,85445.50694933174,0,66252.00082072355
2024-05-18 22:00:00,85445.50694933174,-1,66416.8450143423
2024-05-19 00:00:00,84973.48911449418,-1,66803.05528048244
2024-05-19 02:00:00,85046.84874933521,-1,66743.03160763616
2024-05-19 04:00:00,85063.74306725134,-1,66729.20848796338
2024-05-19 06:00:00,85100.24211859895,-1,66699.34455636072
2024-05-19 08:00:00,84907.41627448237,0,66724.28312635818
2024-05-19 10:00:00,84907.41627448237,0,66682.50907125362
2024-05-19 12:00:00,84907.41627448237,0,66687.52677292698
2024-05-19 14:00:00,84907.41627448237,0,66668.49666449176
2024-05-19 16:00:00,84907.41627448237,0,66622.8622586637
2024-05-19 18:00:00,84907.41627448237,0,66640.92999729859
2024-05-19 20:00:00,84907.41627448237,0,66599.16209914103
2024-05-19 22:00:00,84907.41627448237,0,66486.29960302482
2024-05-20 00:00:00,84907.41627448237,0,66952.4245915325
2024-05-20 02:00:00,84907.41627448237,0,67020.54189912224
2024-05-20 04:00:00,84907.41627448237,0,67303.43102393829
2024-05-20 06:00:00,84907.41627448237,0,67952.01799743892
2024-05-20 08:00:00,84907.41627448237,-1,68320.95731261729
2024-05-20 10:00:00,84817.83093456022,-1,68396.83632299566
2024-05-20 12:00:00,85006.84824391897,-1,68236.73818203881
2024-05-20 14:00:00,85597.74880573954,0,67599.60199120798
2024-05-20 16:00:00,85597.74880573954,0,66527.43352690391
2024-05-20 18:00:00,85597.74880573954,0,66618.6785024183
2024-05-20 20:00:00,85597.74880573954,0,67161.92041857968
2024-05-20 22:00:00,85597.74880573954,0,67152.3382606535
2024-05-21 00:00:00,85597.74880573954,0,66992.59357498333
2024-05-21 02:00:00,85597.74880573954,0,66888.73282245523
2024-05-21 04:00:00,85597.74880573954,0,66917.03465018405
2024-05-21 06:00:00,85597.74880573954,0,66923.1844175339
2024-05-21 08:00:00,85597.74880573954,0,67020.5147957231
2024-05-21 10:00:00,85597.74880573954,0,67029.0308771218
2024-05-21 12:00:00,85597.74880573954,0,66960.79947284753
2024-05-21 14:00:00,85597.74880573954,0,67009.6552528071
2024-05-21 16:00:00,85597.74880573954,0,67095.82948826606
2024-05-21 18:00:00,85597.74880573954,0,66883.28521693627
2024-05-21 20:00:00,85597.74880573954,0,66726.88888076275
2024-05-21 22:00:00,85597.74880573954,0,66797.62843514352
2024-05-22 00:00:00,85597.74880573954,0,67095.2466583395
2024-05-22 02:00:00,85597.74880573954,0,67265.95716562722
2024-05-22 04:00:00,85597.74880573954,0,67346.20939925392
2024-05-22 06:00:00,85597.74880573954,0,67254.34681141486
2024-05-22 08:00:00,85597.74880573954,0,67267.28108450527
2024-05-22 10:00:00,85597.74880573954,0,67160.57337369588
2024-05-22 12:00:00,85597.74880573954,0,67208.54488709902
2024-05-22 14:00:00,85597.74880573954,0,67120.48298151854
2024-05-22 16:00:00,85597.74880573954,0,67023.27058117534
2024-05-22 18:00:00,85597.74880573954,0,66927.15430722568
2024-05-22 20:00:00,85597.74880573954,0,66822.09129903011
2024-05-22 22:00:00,85597.74880573954,0,66614.6992575894
2024-05-23 00:00:00,85597.74880573954,0,66654.37608338904
2024-05-23 02:00:00,85597.74880573954,0,66660.18335051781
2024-05-23 04:00:00,85597.74880573954,0,67006.6000573498
2024-05-23 06:00:00,85597.74880573954,0,66991.46831628212
2024-05-23 08:00:00,85597.74880573954,0,67531.15970993263
2024-05-23 10:00:00,85597.74880573954,-1,67158.92332384223
2024-05-23 12:00:00,85700.73702423334,0,66939.54940522039
2024-05-23 14:00:00,85700.73702423334,0,66829.55082948827
2024-05-23 16:00:00,85700.73702423334,0,66792.0000496247
2024-05-23 18:00:00,85700.73702423334,0,67252.98726668989
2024-05-23 20:00:00,85700.73702423334,0,67527.6374028413
2024-05-23 22:00:00,85700.73702423334,-1,67605.3963189153
2024-05-24 00:00:00,85795.08946300267,-1,67527.04860461572
2024-05-24 02:00:00,85825.20553523142,0,67366.83023979873
2024-05-24 04:00:00,85825.20553523142,0,66211.43218074366
2024-05-24 06:00:00,85825.20553523142,1,67223.12030634639
2024-05-24 08:00:00,85952.47234664364,0,67462.49550811076
2024-05-24 10:00:00,85952.47234664364,0,66759.26479109663
2024-05-24 12:00:00,85952.47234664364,0,66973.0968658657
2024-05-24 14:00:00,85952.47234664364,0,66973.38504381505
2024-05-24 16:00:00,85952.47234664364,0,66457.58424336549
2024-05-24 18:00:00,85952.47234664364,0,66665.38042238227
2024-05-24 20:00:00,85952.47234664364,0,66997.59719615482
2024-05-24 22:00:00,85952.47234664364,0,67730.18913532425
2024-05-25 00:00:00,85952.47234664364,0,66031.55496819018
2024-05-25 02:00:00,85952.47234664364,1,67686.24440354564
2024-05-25 04:00:00,86401.47440145753,0,68193.80866409399
2024-05-25 06:00:00,86401.47440145753,-1,69748.29940464908
2024-05-25 08:00:00,89108.51626202096,-1,67448.00281341026
2024-05-25 10:00:00,86886.0059075916,0,69197.07434750111
2024-05-25 12:00:00,86886.0059075916,-1,67826.3007702606
2024-05-25 14:00:00,85039.10443245198,0,69208.28696739454
2024-05-25 16:00:00,85039.10443245198,-1,66060.02275530648
2024-05-25 18:00:00,86499.76914104114,0,64733.51047254214
2024-05-25 20:00:00,86499.76914104114,1,64395.54279781594
2024-05-25 22:00:00,89008.84328441108,1,66361.7566414965
2024-05-26 00:00:00,89276.40592622632,0,66700.22083371555
2024-05-26 02:00:00,89276.40592622632,0,66613.17685905578
2024-05-26 04:00:00,89276.40592622632,0,66587.9269150354
2024-05-26 06:00:00,89276.40592622632,0,66414.02203687414
2024-05-26 08:00:00,89276.40592622632,0,66363.35020788331
2024-05-26 10:00:00,89276.40592622632,0,66345.47552236637
2024-05-26 12:00:00,89276.40592622632,0,66305.48329866803
2024-05-26 14:00:00,89276.40592622632,0,66280.66121460371
2024-05-26 16:00:00,89276.40592622632,0,66262.89868767356
2024-05-26 18:00:00,89276.40592622632,0,66267.09770852518
2024-05-26 20:00:00,89276.40592622632,0,66141.73489832848
2024-05-26 22:00:00,89276.40592622632,0,66132.88219363887
2024-05-27 00:00:00,89276.40592622632,0,66149.59692087263
2024-05-27 02:00:00,89276.40592622632,0,66092.23453838314
2024-05-27 04:00:00,89276.40592622632,0,66306.0968212811
2024-05-27 06:00:00,89276.40592622632,0,66172.63380034963
2024-05-27 08:00:00,89276.40592622632,0,66198.21192652632
2024-05-27 10:00:00,89276.40592622632,0,66431.53717100731
2024-05-27 12:00:00,89276.40592622632,0,66304.15888709898
2024-05-27 14:00:00,89276.40592622632,0,66362.88333700172
2024-05-27 16:00:00,89276.40592622632,0,66262.23198374882
2024-05-27 18:00:00,89276.40592622632,0,66337.3727098798
2024-05-27 20:00:00,89276.40592622632,0,66522.06790804306
2024-05-27 22:00:00,89276.40592622632,0,66852.65792993644
2024-05-28 00:00:00,89276.40592622632,0,66825.01024777592
2024-05-28 02:00:00,89276.40592622632,0,67628.6433948036
2024-05-28 04:00:00,89276.40592622632,-1,68069.79632742249
2024-05-28 06:00:00,90136.66702215883,-1,67379.35873312426
2024-05-28 08:00:00,90278.18687582912,0,67129.63661561091
2024-05-28 10:00:00,90278.18687582912,0,67181.58444520288
2024-05-28 12:00:00,90278.18687582912,0,67213.22608446494
2024-05-28 14:00:00,90278.18687582912,0,67040.98454981422
2024-05-28 16:00:00,90278.18687582912,0,67040.98175304968
2024-05-28 18:00:00,90278.18687582912,0,67276.32771264043
2024-05-28 20:00:00,90278.18687582912,0,67971.61366255458
2024-05-28 22:00:00,90278.18687582912,-1,67538.20673116147
2024-05-29 00:00:00,90321.2795057776,0,67369.19545537885
2024-05-29 02:00:00,90321.2795057776,0,67705.77303421269
2024-05-29 04:00:00,90321.2795057776,0,68950.08218425006
2024-05-29 06:00:00,90321.2795057776,-1,69385.40389764811
2024-05-29 08:00:00,91579.89675881437,-1,68367.63748432939
2024-05-29 10:00:00,91052.91613432101,0,68655.00351740846
2024-05-29 12:00:00,91052.91613432101,0,67514.5045053186
2024-05-29 14:00:00,91052.91613432101,0,68287.31294181079
2024-05-29 16:00:00,91052.91613432101,0,68242.95437155783
2024-05-29 18:00:00,91052.91613432101,0,67918.24544489983
2024-05-29 20:00:00,91052.91613432101,0,67392.69006304281
2024-05-29 22:00:00,91052.91613432101,0,67851.1804320267
2024-05-30 00:00:00,91052.91613432101,0,68010.62620062269
2024-05-30 02:00:00,91052.91613432101,0,68007.92913579303
2024-05-30 04:00:00,91052.91613432101,0,67986.58085715037
2024-05-30 06:00:00,91052.91613432101,0,68018.29463714699
2024-05-30 08:00:00,91052.91613432101,0,68024.87170154412
2024-05-30 10:00:00,91052.91613432101,0,68017.39131508426
2024-05-30 12:00:00,91052.91613432101,0,68038.6448835044
2024-05-30 14:00:00,91052.91613432101,0,67989.46425561998
2024-05-30 16:00:00,91052.91613432101,0,67991.76394312213
2024-05-30 18:00:00,91052.91613432101,0,67998.9536715214
2024-05-30 20:00:00,91052.91613432101,0,67927.32822506092
2024-05-30 22:00:00,91052.91613432101,0,67933.7318634351
2024-05-31 00:00:00,91052.91613432101,0,68273.83160745734
2024-05-31 02:00:00,91052.91613432101,0,68329.47448391476
2024-05-31 04:00:00,91052.91613432101,0,68029.10458205239
2024-05-31 06:00:00,91052.91613432101,0,68128.88176139796
2024-05-31 08:00:00,91052.91613432101,0,68127.76724127607
2024-05-31 10:00:00,91052.91613432101,0,68012.53424936233
2024-05-31 12:00:00,91052.91613432101,0,67960.67558032805
2024-05-31 14:00:00,91052.91613432101,0,67785.03390999057
2024-05-31 16:00:00,91052.91613432101,0,67724.03845404147
2024-05-31 18:00:00,91052.91613432101,0,67592.40020390609
2024-05-31 20:00:00,91052.91613432101,0,67312.60586439354
2024-05-31 22:00:00,91052.91613432101,1,67488.9832237692
2024-06-01 00:00:00,90951.81521361449,0,67545.08053105084
2024-06-01 02:00:00,90951.81521361449,0,67819.90354748376
2024-06-01 04:00:00,90951.81521361449,0,68129.0474906966
2024-06-01 06:00:00,90951.81521361449,0,68359.00307992139
2024-06-01 08:00:00,90951.81521361449,0,68060.82702604962
2024-06-01 10:00:00,90951.81521361449,0,68544.64656584035
2024-06-01 12:00:00,90951.81521361449,-1,68129.9343873397
2024-06-01 14:00:00,91060.27317886424,0,67908.15515764216
2024-06-01 16:00:00,91060.27317886424,0,66967.86895675407
2024-06-01 18:00:00,91060.27317886424,0,66726.5661117291
2024-06-01 20:00:00,91060.27317886424,1,66830.30318767684
2024-06-01 22:00:00,91361.3749763227,1,67062.91631779072
2024-06-02 00:00:00,91190.80806500588,0,67064.80719223435
2024-06-02 02:00:00,91190.80806500588,0,67184.90327991289
2024-06-02 04:00:00,91190.80806500588,0,67319.35939727315
2024-06-02 06:00:00,91190.80806500588,0,67353.17014804472
2024-06-02 08:00:00,91190.80806500588,0,67342.54216471758
2024-06-02 10:00:00,91190.80806500588,0,67523.63053928321
2024-06-02 12:00:00,91190.80806500588,0,67574.61231450932
2024-06-02 14:00:00,91190.80806500588,0,67523.70992371578
2024-06-02 16:00:00,91190.80806500588,0,67387.48248187131
2024-06-02 18:00:00,91190.80806500588,0,67561.99142979896
2024-06-02 20:00:00,91190.80806500588,0,67369.89801910533
2024-06-02 22:00:00,91190.80806500588,0,67410.31058732115
2024-06-03 00:00:00,91190.80806500588,0,67675.86789991308
2024-06-03 02:00:00,91190.80806500588,0,67669.20165118892
2024-06-03 04:00:00,91190.80806500588,0,67668.4270225361
2024-06-03 06:00:00,91190.80806500588,0,67664.84989787443
2024-06-03 08:00:00,91190.80806500588,0,67661.4285409301
2024-06-03 10:00:00,91190.80806500588,0,67664.57791275255
2024-06-03 12:00:00,91190.80806500588,0,67657.32856185736
2024-06-03 14:00:00,91190.80806500588,0,67650.86347801721
2024-06-03 16:00:00,91190.80806500588,0,67656.21864287615
2024-06-03 18:00:00,91190.80806500588,0,67647.77671292484
2024-06-03 20:00:00,91190.80806500588,0,67645.41145616781
2024-06-03 22:00:00,91190.80806500588,0,67650.895199605
2024-06-04 00:00:00,91190.80806500588,0,65334.63483715622
2024-06-04 02:00:00,91190.80806500588,1,66238.3693453596
2024-06-04 04:00:00,89902.81544986682,0,64763.74840099227
2024-06-04 06:00:00,89902.81544986682,1,65958.00916418491
2024-06-04 08:00:00,90085.69024530106,0,66231.154380928
2024-06-04 10:00:00,90085.69024530106,0,66473.53220368498
2024-06-04 12:00:00,90085.69024530106,0,66635.11542805356
2024-06-04 14:00:00,90085.69024530106,0,67762.80997195614
2024-06-04 16:00:00,90085.69024530106,0,67601.40715286526
2024-06-04 18:00:00,90085.69024530106,0,68946.94642509546
2024-06-04 20:00:00,90085.69024530106,-1,68993.08802903448
2024-06-04 22:00:00,90243.37077087884,0,68727.98467970178
2024-06-05 00:00:00,90243.37077087884,0,68387.61826792346
2024-06-05 02:00:00,90243.37077087884,0,68315.9716082788
2024-06-05 04:00:00,90243.37077087884,0,68560.8102267424
2024-06-05 06:00:00,90243.37077087884,0,68878.2975062129
2024-06-05 08:00:00,90243.37077087884,0,69117.11673364468
2024-06-05 10:00:00,90243.37077087884,0,69509.96990601392
2024-06-05 12:00:00,90243.37077087884,0,69838.40700107423
2024-06-05 14:00:00,90243.37077087884,0,69906.03150150669
2024-06-05 16:00:00,90243.37077087884,0,70021.80743687133
2024-06-05 18:00:00,90243.37077087884,0,69981.05612581871
2024-06-05 20:00:00,90243.37077087884,0,69741.53272038659
2024-06-05 22:00:00,90243.37077087884,0,69892.33392715732
2024-06-06 00:00:00,90243.37077087884,0,69541.34473369304
2024-06-06 02:00:00,90243.37077087884,0,69325.79962378557
2024-06-06 04:00:00,90243.37077087884,0,69800.79918073778
2024-06-06 06:00:00,90243.37077087884,0,69963.61453775277
2024-06-06 08:00:00,90243.37077087884,0,70832.15429468761
2024-06-06 10:00:00,90243.37077087884,0,70803.15359567622
2024-06-06 12:00:00,90243.37077087884,0,71507.24347981818
2024-06-06 14:00:00,90243.37077087884,0,70778.75471490732
2024-06-06 16:00:00,90243.37077087884,0,70721.2010321821
2024-06-06 18:00:00,90243.37077087884,0,70973.41683747327
2024-06-06 20:00:00,90243.37077087884,0,71658.90367170367
2024-06-06 22:00:00,90243.37077087884,0,71518.78833079078
2024-06-07 00:00:00,90243.37077087884,0,72743.25042316517
2024-06-07 02:00:00,90243.37077087884,-1,76923.7246375942
2024-06-07 04:00:00,89879.18064121809,-1,77250.50019328782
2024-06-07 06:00:00,93095.51463793908,-1,74364.59186278522
2024-06-07 08:00:00,92403.70195672706,0,74831.48466682095
2024-06-07 10:00:00,92403.70195672706,0,74103.64340380287
2024-06-07 12:00:00,92403.70195672706,0,75372.60426613719
2024-06-07 14:00:00,92403.70195672706,0,74998.56753924879
2024-06-07 16:00:00,92403.70195672706,0,75037.9487209618
2024-06-07 18:00:00,92403.70195672706,0,71601.24334390752
2024-06-07 20:00:00,92403.70195672706,0,71153.00464660706
2024-06-07 22:00:00,92403.70195672706,0,69456.69556275969
2024-06-08 00:00:00,92403.70195672706,0,69999.81840392838
2024-06-08 02:00:00,92403.70195672706,0,69999.2154653792
2024-06-08 04:00:00,92403.70195672706,0,69998.41670047566
2024-06-08 06:00:00,92403.70195672706,0,69998.07505834146
2024-06-08 08:00:00,92403.70195672706,0,69998.22322071255
2024-06-08 10:00:00,92403.70195672706,0,69998.70083443525
2024-06-08 12:00:00,92403.70195672706,0,69998.06242032706
2024-06-08 14:00:00,92403.70195672706,0,69996.76012339849
2024-06-08 16:00:00,92403.70195672706,0,69997.24195070809
2024-06-08 18:00:00,92403.70195672706,0,69997.88198687742
2024-06-08 20:00:00,92403.70195672706,0,69996.97076331076
2024-06-08 22:00:00,92403.70195672706,0,69996.14699994799
2024-06-09 00:00:00,92403.70195672706,0,71095.69330146056
2024-06-09 02:00:00,92403.70195672706,0,71573.06562576555
2024-06-09 04:00:00,92403.70195672706,0,72703.49987776372
2024-06-09 06:00:00,92403.70195672706,0,72927.8804112543
2024-06-09 08:00:00,92403.70195672706,0,73118.24705172455
2024-06-09 10:00:00,92403.70195672706,0,72926.33488416251
2024-06-09 12:00:00,92403.70195672706,0,72871.04821171507
2024-06-09 14:00:00,92403.70195672706,0,74562.1564553815
2024-06-09 16:00:00,92403.70195672706,0,71976.71215028173
2024-06-09 18:00:00,92403.70195672706,0,69900.00864408
2024-06-09 20:00:00,92403.70195672706,0,66721.3463345347
2024-06-09 22:00:00,92403.70195672706,1,67970.00235459399
2024-06-10 00:00:00,92150.8596303422,0,67910.16877748889
2024-06-10 02:00:00,92150.8596303422,0,67910.37679788319
2024-06-10 04:00:00,92150.8596303422,0,67876.87413787698
2024-06-10 06:00:00,92150.8596303422,0,67908.66560809888
2024-06-10 08:00:00,92150.8596303422,0,67941.37953042673
2024-06-10 10:00:00,92150.8596303422,0,68143.88252006176
2024-06-10 12:00:00,92150.8596303422,0,68067.56346798089
2024-06-10 14:00:00,92150.8596303422,0,68137.12707086699
2024-06-10 16:00:00,92150.8596303422,0,68242.58483253072
2024-06-10 18:00:00,92150.8596303422,0,68281.02300339719
2024-06-10 20:00:00,92150.8596303422,0,68374.76292076756
2024-06-10 22:00:00,92150.8596303422,0,68507.69716916735
2024-06-11 00:00:00,92150.8596303422,0,68928.19522340066
2024-06-11 02:00:00,92150.8596303422,0,68932.25845728272
2024-06-11 04:00:00,92150.8596303422,0,68933.04394742724
2024-06-11 06:00:00,92150.8596303422,0,68932.76265448931
2024-06-11 08:00:00,92150.8596303422,0,68933.06664022777
2024-06-11 10:00:00,92150.8596303422,0,68932.00016948703
2024-06-11 12:00:00,92150.8596303422,0,68931.71695593066
2024-06-11 14:00:00,92150.8596303422,0,68932.53248865354
2024-06-11 16:00:00,92150.8596303422,0,68934.98187311232
2024-06-11 18:00:00,92150.8596303422,0,68935.33140137377
2024-06-11 20:00:00,92150.8596303422,0,68934.35141655777
2024-06-11 22:00:00,92150.8596303422,0,68935.35709311672
2024-06-12 00:00:00,92150.8596303422,0,68536.81909001707
2024-06-12 02:00:00,92150.8596303422,0,68277.54014525919
2024-06-12 04:00:00,92150.8596303422,0,68093.84828413787
2024-06-12 06:00:00,92150.8596303422,0,67969.32335388905
2024-06-12 08:00:00,92150.8596303422,0,68020.75806073476
2024-06-12 10:00:00,92150.8596303422,0,68227.85966613167
2024-06-12 12:00:00,92150.8596303422,0,68078.61486011525
2024-06-12 14:00:00,92150.8596303422,0,68239.91127856288
2024-06-12 16:00:00,92150.8596303422,0,67956.71381224225
2024-06-12 18:00:00,92150.8596303422,0,68200.37767837493
2024-06-12 20:00:00,92150.8596303422,0,68496.26741152955
2024-06-12 22:00:00,92150.8596303422,0,68270.92351256244
2024-06-13 00:00:00,92150.8596303422,0,68632.832225736
2024-06-13 02:00:00,92150.8596303422,0,68625.82183436355
2024-06-13 04:00:00,92150.8596303422,0,68629.27667423565
2024-06-13 06:00:00,92150.8596303422,0,68657.00242116212
2024-06-13 08:00:00,92150.8596303422,0,68678.17807201494
2024-06-13 10:00:00,92150.8596303422,0,68697.43799198787
2024-06-13 12:00:00,92150.8596303422,0,68755.7028976232
2024-06-13 14:00:00,92150.8596303422,0,68795.17145151566
2024-06-13 16:00:00,92150.8596303422,0,68780.36306646273
2024-06-13 18:00:00,92150.8596303422,0,68745.9647004611
2024-06-13 20:00:00,92150.8596303422,0,68799.84456335554
2024-06-13 22:00:00,92150.8596303422,0,68824.76802259339
2024-06-14 00:00:00,92150.8596303422,0,70573.90465553766
2024-06-14 02:00:00,92150.8596303422,-1,66709.33130958164
2024-06-14 04:00:00,92065.92166755404,1,66640.63665922632
2024-06-14 06:00:00,90353.12904990804,0,64015.416036854076
2024-06-14 08:00:00,90353.12904990804,1,60867.41444264226
2024-06-14 10:00:00,86981.74879135516,0,55942.73788511619
2024-06-14 12:00:00,86981.74879135516,1,57495.3946009274
2024-06-14 14:00:00,91746.96620303276,1,60811.00916497033
2024-06-14 16:00:00,88873.5482060864,0,58926.690009591
2024-06-14 18:00:00,88873.5482060864,0,60604.06692161544
2024-06-14 20:00:00,88873.5482060864,0,68161.78723759824
2024-06-14 22:00:00,88873.5482060864,0,67335.19476386826
2024-06-15 00:00:00,88873.5482060864,0,62073.43539193243
2024-06-15 02:00:00,88873.5482060864,0,53676.012872094485
2024-06-15 04:00:00,88873.5482060864,1,56575.24936911942
2024-06-15 06:00:00,91680.8220376462,0,58569.513928212626
2024-06-15 08:00:00,91680.8220376462,0,63647.16431211414
2024-06-15 10:00:00,91680.8220376462,0,59593.17575369277
2024-06-15 12:00:00,91680.8220376462,0,61576.76325355388
2024-06-15 14:00:00,91680.8220376462,0,64520.76169316933
2024-06-15 16:00:00,91680.8220376462,0,69606.47518563454
2024-06-15 18:00:00,91680.8220376462,0,61026.91419372861
2024-06-15 20:00:00,91680.8220376462,0,62915.426642912986
2024-06-15 22:00:00,91680.8220376462,0,63982.782313991214
2024-06-16 00:00:00,91680.8220376462,0,65806.23728953795
2024-06-16 02:00:00,91680.8220376462,0,62086.90177977576
2024-06-16 04:00:00,91680.8220376462,0,62541.70863606347
2024-06-16 06:00:00,91680.8220376462,0,60770.300173893505
2024-06-16 08:00:00,91680.8220376462,0,58836.230565037724
2024-06-16 10:00:00,91680.8220376462,0,58613.853086691495
2024-06-16 12:00:00,91680.8220376462,0,58171.11138446333
2024-06-16 14:00:00,91680.8220376462,0,60240.843576457264
2024-06-16 16:00:00,91680.8220376462,0,60432.160710848184
2024-06-16 18:00:00,91680.8220376462,0,59410.1978063822
2024-06-16 20:00:00,91680.8220376462,0,61362.15817843143
2024-06-16 22:00:00,91680.8220376462,0,63563.69337176373
2024-06-17 00:00:00,91680.8220376462,0,65659.78601990812
2024-06-17 02:00:00,91680.8220376462,0,64226.54037013569
2024-06-17 04:00:00,91680.8220376462,0,63215.202163825634
2024-06-17 06:00:00,91680.8220376462,0,63138.507317450196
2024-06-17 08:00:00,91680.8220376462,0,62052.49451829326
2024-06-17 10:00:00,91680.8220376462,0,63171.45717225357
2024-06-17 12:00:00,91680.8220376462,0,62934.26414763003
2024-06-17 14:00:00,91680.8220376462,0,63211.12619345671
2024-06-17 16:00:00,91680.8220376462,0,63733.491563648524
2024-06-17 18:00:00,91680.8220376462,0,64247.40195674422
2024-06-17 20:00:00,91680.8220376462,0,63432.92417103011
2024-06-17 22:00:00,91680.8220376462,0,63280.241981459214
2024-06-18 00:00:00,91680.8220376462,0,62804.61140472829
2024-06-18 02:00:00,91680.8220376462,0,62292.523229581064
2024-06-18 04:00:00,91680.8220376462,0,63324.85446202206
2024-06-18 06:00:00,91680.8220376462,0,62881.46718419778
2024-06-18 08:00:00,91680.8220376462,0,62551.66860299635
2024-06-18 10:00:00,91680.8220376462,0,63714.209890410326
2024-06-18 12:00:00,91680.8220376462,0,63026.41272825606
2024-06-18 14:00:00,91680.8220376462,0,62293.51875066548
2024-06-18 16:00:00,91680.8220376462,0,62559.33174317381
2024-06-18 18:00:00,91680.8220376462,0,63594.43634149183
2024-06-18 20:00:00,91680.8220376462,0,64546.776763830974
2024-06-18 22:00:00,91680.8220376462,0,64091.58881587183
2024-06-19 00:00:00,91680.8220376462,0,64841.476655966035
2024-06-19 02:00:00,91680.8220376462,0,65140.396419333694
2024-06-19 04:00:00,91680.8220376462,0,64753.361683423085
2024-06-19 06:00:00,91680.8220376462,0,64992.546070371056
2024-06-19 08:00:00,91680.8220376462,0,64465.99770937717
2024-06-19 10:00:00,91680.8220376462,0,63656.58191370289
2024-06-19 12:00:00,91680.8220376462,0,64261.470896305305
2024-06-19 14:00:00,91680.8220376462,0,64329.971817347556
2024-06-19 16:00:00,91680.8220376462,0,63962.38233127727
2024-06-19 18:00:00,91680.8220376462,0,64236.87166756185
2024-06-19 20:00:00,91680.8220376462,0,63905.28898634113
2024-06-19 22:00:00,91680.8220376462,0,63844.26612903728
2024-06-20 00:00:00,91680.8220376462,0,63643.26313556578
2024-06-20 02:00:00,91680.8220376462,0,63627.02613936149
2024-06-20 04:00:00,91680.8220376462,0,63460.26029128352
2024-06-20 06:00:00,91680.8220376462,0,63261.942222158505
2024-06-20 08:00:00,91680.8220376462,0,63281.6073691355
2024-06-20 10:00:00,91680.8220376462,0,63206.13355757485
2024-06-20 12:00:00,91680.8220376462,0,63254.51267750549
2024-06-20 14:00:00,91680.8220376462,0,63128.98473146435
2024-06-20 16:00:00,91680.8220376462,0,63045.95557038001
2024-06-20 18:00:00,91680.8220376462,0,63077.19238807045
2024-06-20 20:00:00,91680.8220376462,0,63068.15519384274
2024-06-20 22:00:00,91680.8220376462,0,62931.2207946195
2024-06-21 00:00:00,91680.8220376462,0,62916.93640335546
2024-06-21 02:00:00,91680.8220376462,0,62805.66472527807
2024-06-21 04:00:00,91680.8220376462,0,62942.25879951311
2024-06-21 06:00:00,91680.8220376462,0,62833.44345215652
2024-06-21 08:00:00,91680.8220376462,0,62089.357229831396
2024-06-21 10:00:00,91680.8220376462,1,62399.01714732585
2024-06-21 12:00:00,91680.35955489751,0,62523.48384366914
2024-06-21 14:00:00,91680.35955489751,0,61745.892764995435
2024-06-21 16:00:00,91680.35955489751,1,61696.38921753903
2024-06-21 18:00:00,91892.42197381146,1,61846.60776057781
2024-06-21 20:00:00,91670.87623676409,0,61813.06430294546
2024-06-21 22:00:00,91670.87623676409,0,62031.016704337984
2024-06-22 00:00:00,91670.87623676409,0,69754.03110400106
2024-06-22 02:00:00,91670.87623676409,-1,68618.23579037485
2024-06-22 04:00:00,89081.36749995046,0,74213.36364682298
2024-06-22 06:00:00,89081.36749995046,-1,80976.03039356979
2024-06-22 08:00:00,84947.1240443175,0,92411.02109560958
2024-06-22 10:00:00,84947.1240443175,-1,95834.89970900436
2024-06-22 12:00:00,79479.33151077315,0,110360.88662122718
2024-06-22 14:00:00,79479.33151077315,-1,101411.88347100565
2024-06-22 16:00:00,102112.40685606188,-1,71013.21178091188
2024-06-22 18:00:00,111322.25844550386,0,58440.55976434965
2024-06-22 20:00:00,111322.25844550386,0,49610.07796379705
2024-06-22 22:00:00,111322.25844550386,0,55834.5086538061
2024-06-23 00:00:00,111322.25844550386,0,64164.23410142125
2024-06-23 02:00:00,111322.25844550386,0,63922.071286143306
2024-06-23 04:00:00,111322.25844550386,0,63536.611184469904
2024-06-23 06:00:00,111322.25844550386,0,63812.511980485186
2024-06-23 08:00:00,111322.25844550386,0,63839.64244283421
2024-06-23 10:00:00,111322.25844550386,0,63881.72012394756
2024-06-23 12:00:00,111322.25844550386,0,63917.22181110366
2024-06-23 14:00:00,111322.25844550386,0,63747.45982599944
2024-06-23 16:00:00,111322.25844550386,0,63415.92638629901
2024-06-23 18:00:00,111322.25844550386,0,63315.33892944179
2024-06-23 20:00:00,111322.25844550386,0,63114.36138719421
2024-06-23 22:00:00,111322.25844550386,0,62829.73241467746
2024-06-24 00:00:00,111322.25844550386,0,61695.74968323144
2024-06-24 02:00:00,111322.25844550386,0,62517.56134336647
2024-06-24 04:00:00,111322.25844550386,0,62227.0471707685
2024-06-24 06:00:00,111322.25844550386,0,62471.654825618374
2024-06-24 08:00:00,111322.25844550386,0,62038.832187387205
2024-06-24 10:00:00,111322.25844550386,0,61635.85325448901
2024-06-24 12:00:00,111322.25844550386,0,61281.632090414394
2024-06-24 14:00:00,111322.25844550386,0,61177.716961057115
2024-06-24 16:00:00,111322.25844550386,0,61410.82399052989
2024-06-24 18:00:00,111322.25844550386,0,61426.407756449225
2024-06-24 20:00:00,111322.25844550386,0,60717.20739957104
2024-06-24 22:00:00,111322.25844550386,0,61586.55171113498
2024-06-25 00:00:00,111322.25844550386,0,61498.92172238579
2024-06-25 02:00:00,111322.25844550386,0,61334.19303630435
2024-06-25 04:00:00,111322.25844550386,0,61146.80614393065
2024-06-25 06:00:00,111322.25844550386,0,61061.974610568446
2024-06-25 08:00:00,111322.25844550386,0,60931.623626176464
2024-06-25 10:00:00,111322.25844550386,0,60902.98344724086
2024-06-25 12:00:00,111322.25844550386,0,60808.88495699477
2024-06-25 14:00:00,111322.25844550386,0,60750.40261226965
2024-06-25 16:00:00,111322.25844550386,0,60626.11336854286
2024-06-25 18:00:00,111322.25844550386,0,60796.20969749271
2024-06-25 20:00:00,111322.25844550386,0,60660.57928531959
2024-06-25 22:00:00,111322.25844550386,0,60810.467314945876
2024-06-26 00:00:00,111322.25844550386,0,44643.77686036529
2024-06-26 02:00:00,111322.25844550386,1,48684.84399613207
2024-06-26 04:00:00,103938.09144809117,0,36440.62161990813
2024-06-26 06:00:00,103938.09144809117,1,34037.50318534042
2024-06-26 08:00:00,125946.89586864805,1,41624.25370225869
2024-06-26 10:00:00,124760.69212562255,0,41283.42726679715
2024-06-26 12:00:00,124760.69212562255,0,43736.223748703545
2024-06-26 14:00:00,124760.69212562255,0,46163.07294473313
2024-06-26 16:00:00,124760.69212562255,0,44590.908663333095
2024-06-26 18:00:00,124760.69212562255,0,60975.44810624015
2024-06-26 20:00:00,124760.69212562255,0,60776.38225643909
2024-06-26 22:00:00,124760.69212562255,0,50768.01595169137
2024-06-27 00:00:00,124760.69212562255,0,60883.0703000601
2024-06-27 02:00:00,124760.69212562255,0,60863.26666415518
2024-06-27 04:00:00,124760.69212562255,0,60827.32235503494
2024-06-27 06:00:00,124760.69212562255,0,60866.473435801716
2024-06-27 08:00:00,124760.69212562255,0,60784.30337597485
2024-06-27 10:00:00,124760.69212562255,0,60588.98107700461
2024-06-27 12:00:00,124760.69212562255,0,60533.764855093665
2024-06-27 14:00:00,124760.69212562255,0,60560.86687239507
2024-06-27 16:00:00,124760.69212562255,0,60637.66388607579
2024-06-27 18:00:00,124760.69212562255,0,60682.376390007295
2024-06-27 20:00:00,124760.69212562255,0,60734.6554844136
2024-06-27 22:00:00,124760.69212562255,0,60814.829119490896
2024-06-28 00:00:00,124760.69212562255,0,61542.295112127176
2024-06-28 02:00:00,124760.69212562255,0,62313.60515300728
2024-06-28 04:00:00,124760.69212562255,0,63913.501348189915
2024-06-28 06:00:00,124760.69212562255,0,64186.09617327919
2024-06-28 08:00:00,124760.69212562255,0,64161.05765678932
2024-06-28 10:00:00,124760.69212562255,0,63479.35785472354
2024-06-28 12:00:00,124760.69212562255,0,61238.40632771787
2024-06-28 14:00:00,124760.69212562255,0,62052.81403459375
2024-06-28 16:00:00,124760.69212562255,0,60549.11830179843
2024-06-28 18:00:00,124760.69212562255,0,58777.09826186755
2024-06-28 20:00:00,124760.69212562255,0,58578.34238200674
2024-06-28 22:00:00,124760.69212562255,0,59850.279997238846
2024-06-29 00:00:00,124760.69212562255,0,60224.483105510444
2024-06-29 02:00:00,124760.69212562255,0,60301.266243228005
2024-06-29 04:00:00,124760.69212562255,0,60275.4386204552
2024-06-29 06:00:00,124760.69212562255,0,60383.20829380765
2024-06-29 08:00:00,124760.69212562255,0,60434.03970258192
2024-06-29 10:00:00,124760.69212562255,0,60367.75991142669
2024-06-29 12:00:00,124760.69212562255,0,60291.445812285405
2024-06-29 14:00:00,124760.69212562255,0,60299.00567198862
2024-06-29 16:00:00,124760.69212562255,0,60316.89291445109
2024-06-29 18:00:00,124760.69212562255,0,60417.47437346209
2024-06-29 20:00:00,124760.69212562255,0,60414.434197994255
2024-06-29 22:00:00,124760.69212562255,0,60305.924888775146
2024-06-30 00:00:00,124760.69212562255,0,60309.230505943
2024-06-30 02:00:00,124760.69212562255,0,60305.43845995118
2024-06-30 04:00:00,124760.69212562255,0,60266.64386715808
2024-06-30 06:00:00,124760.69212562255,0,60177.64944123118
2024-06-30 08:00:00,124760.69212562255,0,60184.544037903295
2024-06-30 10:00:00,124760.69212562255,0,60095.11764897201
2024-06-30 12:00:00,124760.69212562255,0,60135.16824377993
2024-06-30 14:00:00,124760.69212562255,0,60102.626691825935
2024-06-30 16:00:00,124760.69212562255,0,60133.46228644181
2024-06-30 18:00:00,124760.69212562255,0,60108.150494795205
2024-06-30 20:00:00,124760.69212562255,0,60164.54921547911
2024-06-30 22:00:00,124760.69212562255,0,60193.23425769938
2024-07-01 00:00:00,124760.69212562255,0,60132.70285582859
2024-07-01 02:00:00,124760.69212562255,0,60383.88266703657
2024-07-01 04:00:00,124760.69212562255,0,60094.43816537031
2024-07-01 06:00:00,124760.69212562255,0,60161.171027742486
2024-07-01 08:00:00,124760.69212562255,0,59835.70315640782
2024-07-01 10:00:00,124760.69212562255,0,59883.42662070741
2024-07-01 12:00:00,124760.69212562255,0,59389.12122097348
2024-07-01 14:00:00,124760.69212562255,1,59790.549811786426
2024-07-01 16:00:00,124678.83850499567,0,59868.838612673215
2024-07-01 18:00:00,124678.83850499567,0,59907.506756545255
2024-07-01 20:00:00,124678.83850499567,0,60268.157582860054
2024-07-01 22:00:00,124678.83850499567,0,59993.578201516895
2024-07-02 00:00:00,124678.83850499567,0,60356.43539871996
2024-07-02 02:00:00,124678.83850499567,0,60317.8505261181
2024-07-02 04:00:00,124678.83850499567,0,60281.853370340374
2024-07-02 06:00:00,124678.83850499567,0,60557.55709621336
2024-07-02 08:00:00,124678.83850499567,0,60559.60510879386
2024-07-02 10:00:00,124678.83850499567,0,60855.05469298937
2024-07-02 12:00:00,124678.83850499567,-1,61016.22779510358
2024-07-02 14:00:00,125647.21812016486,-1,60517.37243790787
2024-07-02 16:00:00,127023.18860663251,0,59686.516461288
2024-07-02 18:00:00,127023.18860663251,0,59576.545052801615
2024-07-02 20:00:00,127023.18860663251,0,60054.75390655406
2024-07-02 22:00:00,127023.18860663251,0,59756.99735205708
2024-07-03 00:00:00,127023.18860663251,0,59748.349400657025
2024-07-03 02:00:00,127023.18860663251,0,59874.96832584773
2024-07-03 04:00:00,127023.18860663251,0,59943.70128002948
2024-07-03 06:00:00,127023.18860663251,0,59859.39055250764
2024-07-03 08:00:00,127023.18860663251,0,59949.2320224074
2024-07-03 10:00:00,127023.18860663251,0,59900.06213861533
2024-07-03 12:00:00,127023.18860663251,0,59840.20707696025
2024-07-03 14:00:00,127023.18860663251,0,59848.52727720117
2024-07-03 16:00:00,127023.18860663251,0,60033.288032119395
2024-07-03 18:00:00,127023.18860663251,0,59979.90025783523
2024-07-03 20:00:00,127023.18860663251,0,60001.31984510139
2024-07-03 22:00:00,127023.18860663251,0,60087.70541405758
2024-07-04 00:00:00,127023.18860663251,0,59028.02041557448
2024-07-04 02:00:00,127023.18860663251,1,59485.97119189741
2024-07-04 04:00:00,128672.13587298023,0,60417.80117812508
2024-07-04 06:00:00,128672.13587298023,0,61292.00433130376
2024-07-04 08:00:00,128672.13587298023,-1,61944.11944767619
2024-07-04 10:00:00,129941.26039735797,-1,61300.99324414498
2024-07-04 12:00:00,134509.543719327,0,58862.13696777245
2024-07-04 14:00:00,134509.543719327,0,57777.28645293132
2024-07-04 16:00:00,134509.543719327,1,58223.165430903675
2024-07-04 18:00:00,133408.08146590993,1,57721.298330126636
2024-07-04 20:00:00,135182.99792076045,1,58530.01617093675
2024-07-04 22:00:00,135341.21594675878,0,58718.55250919746
2024-07-05 00:00:00,135341.21594675878,0,58919.26800379294
2024-07-05 02:00:00,135341.21594675878,0,58878.35735729853
2024-07-05 04:00:00,135341.21594675878,0,58881.49379691219
2024-07-05 06:00:00,135341.21594675878,0,58905.20063362549
2024-07-05 08:00:00,135341.21594675878,0,58884.214938308185
2024-07-05 10:00:00,135341.21594675878,0,58883.20966823024
2024-07-05 12:00:00,135341.21594675878,0,58855.78552194274
2024-07-05 14:00:00,135341.21594675878,0,58829.22676114947
2024-07-05 16:00:00,135341.21594675878,0,58821.25818456082
2024-07-05 18:00:00,135341.21594675878,0,58831.48449856094
2024-07-05 20:00:00,135341.21594675878,0,58813.4523591859
2024-07-05 22:00:00,135341.21594675878,0,58830.68886775574
2024-07-06 00:00:00,135341.21594675878,0,59115.42583589194
2024-07-06 02:00:00,135341.21594675878,0,59191.31617214595
2024-07-06 04:00:00,135341.21594675878,0,58906.466972847425
2024-07-06 06:00:00,135341.21594675878,0,58721.86506526911
2024-07-06 08:00:00,135341.21594675878,0,58756.7374369277
2024-07-06 10:00:00,135341.21594675878,0,58811.42208545878
2024-07-06 12:00:00,135341.21594675878,0,58660.390879723425
2024-07-06 14:00:00,135341.21594675878,0,58710.665108834175
2024-07-06 16:00:00,135341.21594675878,0,58743.100946399194
2024-07-06 18:00:00,135341.21594675878,0,58649.02382088908
2024-07-06 20:00:00,135341.21594675878,0,58648.72394763902
2024-07-06 22:00:00,135341.21594675878,0,58517.1294766105
2024-07-07 00:00:00,135341.21594675878,0,58684.868928099975
2024-07-07 02:00:00,135341.21594675878,0,58639.19690255478
2024-07-07 04:00:00,135341.21594675878,0,58666.984377774854
2024-07-07 06:00:00,135341.21594675878,0,58658.54990483932
2024-07-07 08:00:00,135341.21594675878,0,58685.647984188225
2024-07-07 10:00:00,135341.21594675878,0,58742.14795644476
2024-07-07 12:00:00,135341.21594675878,0,58721.82167994494
2024-07-07 14:00:00,135341.21594675878,0,58624.19836719011
2024-07-07 16:00:00,135341.21594675878,0,58626.615238753795
2024-07-07 18:00:00,135341.21594675878,0,58595.807917624436
2024-07-07 20:00:00,135341.21594675878,0,58540.27755323141
2024-07-07 22:00:00,135341.21594675878,0,58505.3858712781
2024-07-08 00:00:00,135341.21594675878,0,58365.36683746994
2024-07-08 02:00:00,135341.21594675878,1,58879.009202466936
2024-07-08 04:00:00,134887.24286872678,0,58788.87563482135
2024-07-08 06:00:00,134887.24286872678,0,59526.51143447979
2024-07-08 08:00:00,134887.24286872678,-1,59134.68879199804
2024-07-08 10:00:00,134598.92474872145,0,59149.470912890654
2024-07-08 12:00:00,134598.92474872145,0,59067.561607027434
2024-07-08 14:00:00,134598.92474872145,0,58549.69744737234
2024-07-08 16:00:00,134598.92474872145,0,58834.74008993616
2024-07-08 18:00:00,134598.92474872145,0,58220.384155241416
2024-07-08 20:00:00,134598.92474872145,1,58202.76578284263
2024-07-08 22:00:00,134988.27709858405,0,58496.39478088069
2024-07-09 00:00:00,134988.27709858405,0,58381.11440655886
2024-07-09 02:00:00,134988.27709858405,0,58418.70092172458
2024-07-09 04:00:00,134988.27709858405,0,57457.60438512448
2024-07-09 06:00:00,134988.27709858405,1,57748.00357926373
2024-07-09 08:00:00,136749.72434547878,1,58541.21134285013
2024-07-09 10:00:00,137024.47556030424,0,58780.43220015023
2024-07-09 12:00:00,137024.47556030424,0,58830.69471451881
2024-07-09 14:00:00,137024.47556030424,0,59368.98053468518
2024-07-09 16:00:00,137024.47556030424,0,59493.98587225233
2024-07-09 18:00:00,137024.47556030424,0,59264.067592551815
2024-07-09 20:00:00,137024.47556030424,0,59327.43429416033
2024-07-09 22:00:00,137024.47556030424,0,58608.72943693588
2024-07-10 00:00:00,137024.47556030424,0,58557.34435033838
2024-07-10 02:00:00,137024.47556030424,0,58775.6245600824
2024-07-10 04:00:00,137024.47556030424,0,59039.86665854622
2024-07-10 06:00:00,137024.47556030424,0,59202.390403031655
2024-07-10 08:00:00,137024.47556030424,0,59182.90759209848
2024-07-10 10:00:00,137024.47556030424,0,59364.063580623224
2024-07-10 12:00:00,137024.47556030424,0,59235.56767903962
2024-07-10 14:00:00,137024.47556030424,0,59268.08416448122
2024-07-10 16:00:00,137024.47556030424,0,59349.75613801687
2024-07-10 18:00:00,137024.47556030424,0,59355.1472365188
2024-07-10 20:00:00,137024.47556030424,0,59280.56112571949
2024-07-10 22:00:00,137024.47556030424,0,59283.218437292984
2024-07-11 00:00:00,137024.47556030424,0,59162.48022812851
2024-07-11 02:00:00,137024.47556030424,0,59023.7678137355
2024-07-11 04:00:00,137024.47556030424,0,59094.893196175704
2024-07-11 06:00:00,137024.47556030424,0,59094.70550855027
2024-07-11 08:00:00,137024.47556030424,0,59087.54292644853
2024-07-11 10:00:00,137024.47556030424,0,59068.602344718674
2024-07-11 12:00:00,137024.47556030424,0,59152.6438466773
2024-07-11 14:00:00,137024.47556030424,0,59213.365258049314
2024-07-11 16:00:00,137024.47556030424,0,59259.91638466293
2024-07-11 18:00:00,137024.47556030424,0,59215.52114128565
2024-07-11 20:00:00,137024.47556030424,0,59297.11114469369
2024-07-11 22:00:00,137024.47556030424,0,59375.88266945701
2024-07-12 00:00:00,137024.47556030424,0,59487.917613619196
2024-07-12 02:00:00,137024.47556030424,0,59514.09268035697
2024-07-12 04:00:00,137024.47556030424,0,59595.43397336226
2024-07-12 06:00:00,137024.47556030424,0,59725.112993912124
2024-07-12 08:00:00,137024.47556030424,-1,59584.41915181371
2024-07-12 10:00:00,136487.28401902897,0,59711.13989160625
2024-07-12 12:00:00,136487.28401902897,0,59719.53454834585
2024-07-12 14:00:00,136487.28401902897,0,59726.23246595
2024-07-12 16:00:00,136487.28401902897,0,59802.161181523035
2024-07-12 18:00:00,136487.28401902897,0,59787.677687256386
2024-07-12 20:00:00,136487.28401902897,0,59760.25392865796
2024-07-12 22:00:00,136487.28401902897,0,59720.931019952404
2024-07-13 00:00:00,136487.28401902897,0,59308.47220788094
2024-07-13 02:00:00,136487.28401902897,0,59234.30426706635
2024-07-13 04:00:00,136487.28401902897,0,59709.9482416746
2024-07-13 06:00:00,136487.28401902897,0,59991.920848785565
2024-07-13 08:00:00,136487.28401902897,0,60215.24691958031
2024-07-13 10:00:00,136487.28401902897,-1,60180.734902178585
2024-07-13 12:00:00,136335.84029912626,-1,60251.02480751816
2024-07-13 14:00:00,136363.7389388345,-1,60238.07615077983
2024-07-13 16:00:00,136272.85181178365,0,60159.89832227202
2024-07-13 18:00:00,136272.85181178365,0,60271.6965776515
2024-07-13 20:00:00,136272.85181178365,0,59968.48876831358
2024-07-13 22:00:00,136272.85181178365,0,60025.32978323364
2024-07-14 00:00:00,136272.85181178365,0,60031.25674859767
2024-07-14 02:00:00,136272.85181178365,0,60036.41648546515
2024-07-14 04:00:00,136272.85181178365,0,60055.23128553784
2024-07-14 06:00:00,136272.85181178365,0,60083.30022432878
2024-07-14 08:00:00,136272.85181178365,0,60114.05503537322
2024-07-14 10:00:00,136272.85181178365,0,60100.77014742185
2024-07-14 12:00:00,136272.85181178365,0,60112.50985234722
2024-07-14 14:00:00,136272.85181178365,0,60076.63756476419
2024-07-14 16:00:00,136272.85181178365,0,60092.458254035504
2024-07-14 18:00:00,136272.85181178365,0,60151.00023529891
2024-07-14 20:00:00,136272.85181178365,0,60240.24661509263
2024-07-14 22:00:00,136272.85181178365,0,60296.69932782451
2024-07-15 00:00:00,136272.85181178365,0,60217.47126942596
2024-07-15 02:00:00,136272.85181178365,0,60214.53665298762
2024-07-15 04:00:00,136272.85181178365,0,60223.015788568446
2024-07-15 06:00:00,136272.85181178365,0,60233.43197768921
2024-07-15 08:00:00,136272.85181178365,0,60232.819621945106
2024-07-15 10:00:00,136272.85181178365,0,60250.49845429449
2024-07-15 12:00:00,136272.85181178365,0,60252.341757212154
2024-07-15 14:00:00,136272.85181178365,0,60233.92491571275
2024-07-15 16:00:00,136272.85181178365,0,60245.86818028937
2024-07-15 18:00:00,136272.85181178365,0,60262.74734284254
2024-07-15 20:00:00,136272.85181178365,0,60282.36894906475
2024-07-15 22:00:00,136272.85181178365,0,60335.25832823631
2024-07-16 00:00:00,136272.85181178365,0,60275.942059869936
2024-07-16 02:00:00,136272.85181178365,0,60273.93679054327
2024-07-16 04:00:00,136272.85181178365,0,60280.17344075781
2024-07-16 06:00:00,136272.85181178365,0,60293.66949859629
2024-07-16 08:00:00,136272.85181178365,0,60286.002604326415
2024-07-16 10:00:00,136272.85181178365,0,60286.034817648884
2024-07-16 12:00:00,136272.85181178365,0,60273.44712592583
2024-07-16 14:00:00,136272.85181178365,0,60277.129150255525
2024-07-16 16:00:00,136272.85181178365,0,60245.908392373145
2024-07-16 18:00:00,136272.85181178365,0,60238.58239232767
2024-07-16 20:00:00,136272.85181178365,0,60233.62616001298
2024-07-16 22:00:00,136272.85181178365,0,60217.41185144134
2024-07-17 00:00:00,136272.85181178365,0,60475.64292412509
2024-07-17 02:00:00,136272.85181178365,-1,60446.93220063049
2024-07-17 04:00:00,136049.31176066032,0,60430.41337756978
2024-07-17 06:00:00,136049.31176066032,0,60481.18688553447
2024-07-17 08:00:00,136049.31176066032,-1,60521.09912054338
2024-07-17 10:00:00,135812.608647907,-1,60631.937666885555
2024-07-17 12:00:00,135372.3007289816,0,60709.49500646564
2024-07-17 14:00:00,135372.3007289816,-1,60682.326633958786
2024-07-17 16:00:00,135372.3903092259,-1,60682.28436504856
2024-07-17 18:00:00,135394.94298690106,-1,60671.64276527026
2024-07-17 20:00:00,135046.893900794,0,60714.50690695534
2024-07-17 22:00:00,135046.893900794,0,60720.775227490565
2024-07-18 00:00:00,135046.893900794,0,60706.131448534914
2024-07-18 02:00:00,135046.893900794,0,60498.41616296118
2024-07-18 04:00:00,135046.893900794,0,60565.35038716447
2024-07-18 06:00:00,135046.893900794,0,60609.94492762454
2024-07-18 08:00:00,135046.893900794,0,60698.68688997778
2024-07-18 10:00:00,135046.893900794,0,60858.72110954762
2024-07-18 12:00:00,135046.893900794,0,60839.96040163767
2024-07-18 14:00:00,135046.893900794,0,60813.29431418038
2024-07-18 16:00:00,135046.893900794,0,60660.199777912676
2024-07-18 18:00:00,135046.893900794,0,60753.4099384544
2024-07-18 20:00:00,135046.893900794,0,60669.31434568515
2024-07-18 22:00:00,135046.893900794,0,60591.391903905365
2024-07-19 00:00:00,135046.893900794,0,60762.19913268579
2024-07-19 02:00:00,135046.893900794,0,60819.036492780244
2024-07-19 04:00:00,135046.893900794,0,60801.44355204764
2024-07-19 06:00:00,135046.893900794,0,60709.892910152186
2024-07-19 08:00:00,135046.893900794,0,60801.05969199106
2024-07-19 10:00:00,135046.893900794,0,60617.56205901776
2024-07-19 12:00:00,135046.893900794,0,60601.54930879025
2024-07-19 14:00:00,135046.893900794,0,60926.77350865784
2024-07-19 16:00:00,135046.893900794,-1,60835.88317958635
2024-07-19 18:00:00,134721.83222303167,0,60868.35213375611
2024-07-19 20:00:00,134721.83222303167,0,60665.37992747919
2024-07-19 22:00:00,134721.83222303167,0,60568.25745233054
2024-07-20 00:00:00,134721.83222303167,0,60449.439369572625
2024-07-20 02:00:00,134721.83222303167,1,60655.64854340933
2024-07-20 04:00:00,133815.6474592399,0,60347.49618083246
2024-07-20 06:00:00,133815.6474592399,1,60383.8829182311
2024-07-20 08:00:00,133914.81322999208,1,60430.98632547194
2024-07-20 10:00:00,133995.73312303057,0,60590.19076806457
2024-07-20 12:00:00,133995.73312303057,0,60601.649362620934
2024-07-20 14:00:00,133995.73312303057,0,60610.329629995205
2024-07-20 16:00:00,133995.73312303057,0,60683.67671756213
2024-07-20 18:00:00,133995.73312303057,0,60628.15529779282
2024-07-20 20:00:00,133995.73312303057,0,60678.11766764504
2024-07-20 22:00:00,133995.73312303057,0,60618.83353298662
2024-07-21 00:00:00,133995.73312303057,0,60798.991341228175
2024-07-21 02:00:00,133995.73312303057,0,60636.779485088904
2024-07-21 04:00:00,133995.73312303057,0,60364.36296727025
2024-07-21 06:00:00,133995.73312303057,0,60058.84419367044
2024-07-21 08:00:00,133995.73312303057,1,60261.27055977091
2024-07-21 10:00:00,133362.3029789167,0,60081.93040805056
2024-07-21 12:00:00,133362.3029789167,1,60138.98731257457
2024-07-21 14:00:00,133075.02781516124,0,60122.90198810747
2024-07-21 16:00:00,133075.02781516124,0,60281.606699879405
2024-07-21 18:00:00,133075.02781516124,0,60498.02965246803
2024-07-21 20:00:00,133075.02781516124,0,60957.187580831654
2024-07-21 22:00:00,133075.02781516124,0,61005.1198290227
2024-07-22 00:00:00,133075.02781516124,0,65140.542536697874
2024-07-22 02:00:00,133075.02781516124,-1,67176.01293768741
2024-07-22 04:00:00,134018.7100116464,-1,66674.57196799383
2024-07-22 06:00:00,139600.13508974377,-1,63708.79046458365
2024-07-22 08:00:00,141575.7141759225,0,62524.68217927099
2024-07-22 10:00:00,141575.7141759225,0,63684.73771748859
2024-07-22 12:00:00,141575.7141759225,0,63148.41300939594
2024-07-22 14:00:00,141575.7141759225,0,61658.11830164352
2024-07-22 16:00:00,141575.7141759225,0,59608.37596696258
2024-07-22 18:00:00,141575.7141759225,0,59179.0660587757
2024-07-22 20:00:00,141575.7141759225,0,59087.56417775606
2024-07-22 22:00:00,141575.7141759225,0,60698.725192929815
2024-07-23 00:00:00,141575.7141759225,0,60377.829841311475
2024-07-23 02:00:00,141575.7141759225,0,60319.39420748275
2024-07-23 04:00:00,141575.7141759225,0,60026.68326058724
2024-07-23 06:00:00,141575.7141759225,0,59924.185501332984
2024-07-23 08:00:00,141575.7141759225,0,60326.21907121684
2024-07-23 10:00:00,141575.7141759225,0,60985.44449262156
2024-07-23 12:00:00,141575.7141759225,0,61061.977773679966
2024-07-23 14:00:00,141575.7141759225,0,60807.72759892865
2024-07-23 16:00:00,141575.7141759225,0,60650.381180214004
2024-07-23 18:00:00,141575.7141759225,0,60708.0966954893
2024-07-23 20:00:00,141575.7141759225,0,60797.16548543421
2024-07-23 22:00:00,141575.7141759225,0,60675.7050203821
2024-07-24 00:00:00,141575.7141759225,0,60832.06453633216
2024-07-24 02:00:00,141575.7141759225,0,60829.25195763897
2024-07-24 04:00:00,141575.7141759225,0,61020.09919114557
2024-07-24 06:00:00,141575.7141759225,0,60792.66524771868
2024-07-24 08:00:00,141575.7141759225,0,60606.747547040184
2024-07-24 10:00:00,141575.7141759225,0,60623.57799536382
2024-07-24 12:00:00,141575.7141759225,0,60615.567284071
2024-07-24 14:00:00,141575.7141759225,0,60597.127788408536
2024-07-24 16:00:00,141575.7141759225,0,60543.50446787599
2024-07-24 18:00:00,141575.7141759225,0,60779.119000209015
2024-07-24 20:00:00,141575.7141759225,0,60812.337252156074
2024-07-24 22:00:00,141575.7141759225,0,60787.46946351431
2024-07-25 00:00:00,141575.7141759225,0,60220.525969659146
2024-07-25 02:00:00,141575.7141759225,0,59748.13041105617
2024-07-25 04:00:00,141575.7141759225,0,60109.14871651833
2024-07-25 06:00:00,141575.7141759225,0,60256.44126707359
2024-07-25 08:00:00,141575.7141759225,0,60390.616931014854
2024-07-25 10:00:00,141575.7141759225,0,59284.92787476109
2024-07-25 12:00:00,141575.7141759225,1,59930.36709480338
2024-07-25 14:00:00,141659.31887789632,0,60087.4811740117
2024-07-25 16:00:00,141659.31887789632,0,59575.880944112
2024-07-25 18:00:00,141659.31887789632,1,60830.77429365928
2024-07-25 20:00:00,141408.5713706289,0,60839.09375289184
2024-07-25 22:00:00,141408.5713706289,0,61384.024966214
2024-07-26 00:00:00,141408.5713706289,0,61011.508983284104
2024-07-26 02:00:00,141408.5713706289,0,61069.38606031164
2024-07-26 04:00:00,141408.5713706289,0,61375.02163143233
2024-07-26 06:00:00,141408.5713706289,0,61490.412803904306
2024-07-26 08:00:00,141408.5713706289,0,61492.010383255496
2024-07-26 10:00:00,141408.5713706289,0,61534.03969206875
2024-07-26 12:00:00,141408.5713706289,0,61645.852083462894
2024-07-26 14:00:00,141408.5713706289,0,61696.56372578721
2024-07-26 16:00:00,141408.5713706289,0,61958.19395187145
2024-07-26 18:00:00,141408.5713706289,0,62006.20831325255
2024-07-26 20:00:00,141408.5713706289,0,62327.06667517378
2024-07-26 22:00:00,141408.5713706289,0,62255.16650998024
2024-07-27 00:00:00,141408.5713706289,0,62096.89318620305
2024-07-27 02:00:00,141408.5713706289,0,62039.350595236894
2024-07-27 04:00:00,141408.5713706289,0,62008.81092535358
2024-07-27 06:00:00,141408.5713706289,0,61989.150364048335
2024-07-27 08:00:00,141408.5713706289,0,62137.36420577083
2024-07-27 10:00:00,141408.5713706289,0,62258.24529659104
2024-07-27 12:00:00,141408.5713706289,0,62283.805805214404
2024-07-27 14:00:00,141408.5713706289,0,62301.45341851611
2024-07-27 16:00:00,141408.5713706289,0,62234.98870526429
2024-07-27 18:00:00,141408.5713706289,0,62228.24144440191
2024-07-27 20:00:00,141408.5713706289,0,62157.63361886076
2024-07-27 22:00:00,141408.5713706289,0,62229.62562198383
2024-07-28 00:00:00,141408.5713706289,0,62243.23534336284
2024-07-28 02:00:00,141408.5713706289,0,62176.159169642066
2024-07-28 04:00:00,141408.5713706289,0,62229.48407520924
2024-07-28 06:00:00,141408.5713706289,0,62329.41551128731
2024-07-28 08:00:00,141408.5713706289,0,62382.22397726797
2024-07-28 10:00:00,141408.5713706289,0,62317.367653632115
2024-07-28 12:00:00,141408.5713706289,0,62368.05998913995
2024-07-28 14:00:00,141408.5713706289,0,62477.96250951619
2024-07-28 16:00:00,141408.5713706289,0,62587.0840478985
2024-07-28 18:00:00,141408.5713706289,0,62663.33225089393
2024-07-28 20:00:00,141408.5713706289,0,62641.266847727806
2024-07-28 22:00:00,141408.5713706289,0,62711.75869048038
2024-07-29 00:00:00,141408.5713706289,0,62977.28896993458
2024-07-29 02:00:00,141408.5713706289,-1,62414.98488595412
2024-07-29 04:00:00,141871.44438131896,0,62075.099003068266
2024-07-29 06:00:00,141871.44438131896,0,61808.61977347526
2024-07-29 08:00:00,141871.44438131896,1,62239.59604449267
2024-07-29 10:00:00,141564.7639991019,0,62222.45211404875
2024-07-29 12:00:00,141564.7639991019,0,61736.06074110466
2024-07-29 14:00:00,141564.7639991019,1,61927.428258826054
2024-07-29 16:00:00,141653.8123085943,0,62092.28746700564
2024-07-29 18:00:00,141653.8123085943,0,61987.65280498861
2024-07-29 20:00:00,141653.8123085943,0,61900.24680886045
2024-07-29 22:00:00,141653.8123085943,0,61506.93122749066
2024-07-30 00:00:00,141653.8123085943,1,62222.28995487886
2024-07-30 02:00:00,140146.8783511768,0,61649.96630946998
2024-07-30 04:00:00,140146.8783511768,0,61431.95694876988
2024-07-30 06:00:00,140146.8783511768,1,61381.034830073666
2024-07-30 08:00:00,137938.64973677392,0,60546.1047232976
2024-07-30 10:00:00,137938.64973677392,1,60680.2549242517
2024-07-30 12:00:00,136491.6513667795,1,60010.207005093485
2024-07-30 14:00:00,136682.68452842525,1,60098.66693366372
2024-07-30 16:00:00,136687.47571688928,1,60100.8855442214
2024-07-30 18:00:00,135578.96008725135,0,59267.153803235
2024-07-30 20:00:00,135578.96008725135,1,58778.550000893396
2024-07-30 22:00:00,136984.44523619878,1,59419.95039959642
2024-07-31 00:00:00,136272.87838685946,0,59212.78029688682
2024-07-31 02:00:00,136272.87838685946,0,58091.37279709874
2024-07-31 04:00:00,136272.87838685946,1,57641.92209624633
2024-07-31 06:00:00,134638.9755164003,1,56914.424344855935
2024-07-31 08:00:00,135447.17895518598,1,57274.27816175837
2024-07-31 10:00:00,135028.02546454789,1,57087.64942914529
2024-07-31 12:00:00,135094.8113343965,0,57232.669784006786
2024-07-31 14:00:00,135094.8113343965,0,57469.13863245948
2024-07-31 16:00:00,135094.8113343965,0,57745.43901861961
2024-07-31 18:00:00,135094.8113343965,0,58006.72170114751
2024-07-31 20:00:00,135094.8113343965,0,58358.10444240995
2024-07-31 22:00:00,135094.8113343965,0,57590.87340530404
2024-08-01 00:00:00,135094.8113343965,0,57078.03855526461
2024-08-01 02:00:00,135094.8113343965,0,55988.0011484553
2024-08-01 04:00:00,135094.8113343965,0,56673.96678192632
2024-08-01 06:00:00,135094.8113343965,0,56804.68936454607
2024-08-01 08:00:00,135094.8113343965,0,56679.74197622286
2024-08-01 10:00:00,135094.8113343965,0,55465.66031665125
2024-08-01 12:00:00,135094.8113343965,0,55673.68859415767
2024-08-01 14:00:00,135094.8113343965,0,55578.754028707
2024-08-01 16:00:00,135094.8113343965,0,56151.197088201945
2024-08-01 18:00:00,135094.8113343965,0,56256.021927640766
2024-08-01 20:00:00,135094.8113343965,0,56002.202585241925
2024-08-01 22:00:00,135094.8113343965,0,55549.516844191545
2024-08-02 00:00:00,135094.8113343965,0,55415.201701606835
2024-08-02 02:00:00,135094.8113343965,0,54714.79991087986
2024-08-02 04:00:00,135094.8113343965,0,54843.44059064755
2024-08-02 06:00:00,135094.8113343965,0,55081.744795136234
2024-08-02 08:00:00,135094.8113343965,0,54171.21043889258
2024-08-02 10:00:00,135094.8113343965,0,54802.45267427089
2024-08-02 12:00:00,135094.8113343965,0,55421.54822765634
2024-08-02 14:00:00,135094.8113343965,0,55472.923800781864
2024-08-02 16:00:00,135094.8113343965,0,55733.41112513887
2024-08-02 18:00:00,135094.8113343965,0,55202.77027056845
2024-08-02 20:00:00,135094.8113343965,0,54616.284300776584
2024-08-02 22:00:00,135094.8113343965,0,54029.24912540136
2024-08-03 00:00:00,135094.8113343965,0,55420.06949085843
2024-08-03 02:00:00,135094.8113343965,0,54146.2515513144
2024-08-03 04:00:00,135094.8113343965,0,55275.20508216707
2024-08-03 06:00:00,135094.8113343965,0,55222.81871809872
2024-08-03 08:00:00,135094.8113343965,0,54194.454642198056
2024-08-03 10:00:00,135094.8113343965,0,54253.08702348183
2024-08-03 12:00:00,135094.8113343965,0,54123.59605000245
2024-08-03 14:00:00,135094.8113343965,0,54497.15776760196
2024-08-03 16:00:00,135094.8113343965,0,54944.532348235385
2024-08-03 18:00:00,135094.8113343965,0,55297.51797734924
2024-08-03 20:00:00,135094.8113343965,0,54405.358001114044
2024-08-03 22:00:00,135094.8113343965,0,53141.08564323749
2024-08-04 00:00:00,135094.8113343965,1,51858.17874730495
2024-08-04 02:00:00,135469.3754033153,1,52009.5282854665
2024-08-04 04:00:00,135702.78449035532,1,52103.84154308405
2024-08-04 06:00:00,135514.80640609408,1,52027.88552221009
2024-08-04 08:00:00,134418.24279225338,1,51584.7987173315
2024-08-04 10:00:00,131801.8050992807,1,50527.57868658226
2024-08-04 12:00:00,130144.27851194596,0,49138.63558175766
2024-08-04 14:00:00,130144.27851194596,1,49372.05301713882
2024-08-04 16:00:00,128181.48207763075,1,48588.24850074171
2024-08-04 18:00:00,131377.24412369955,1,49864.41381327608
2024-08-04 20:00:00,133045.2994892546,0,50629.26333211065
2024-08-04 22:00:00,133045.2994892546,0,50984.668248353555
2024-08-05 00:00:00,133045.2994892546,0,51325.169982068706
2024-08-05 02:00:00,133045.2994892546,0,51023.7951718762
2024-08-05 04:00:00,133045.2994892546,0,50405.61590877457
2024-08-05 06:00:00,133045.2994892546,0,50006.334981168606
2024-08-05 08:00:00,133045.2994892546,0,50016.28143626807
2024-08-05 10:00:00,133045.2994892546,0,50037.134035652
2024-08-05 12:00:00,133045.2994892546,0,49535.570742614
2024-08-05 14:00:00,133045.2994892546,0,49668.714841962515
2024-08-05 16:00:00,133045.2994892546,0,49922.974721793595
2024-08-05 18:00:00,133045.2994892546,0,49612.70652969842
2024-08-05 20:00:00,133045.2994892546,0,49603.9585724797
2024-08-05 22:00:00,133045.2994892546,0,48986.032526858275
2024-08-06 00:00:00,133045.2994892546,0,49118.34402661203
2024-08-06 02:00:00,133045.2994892546,0,49169.10221133602
2024-08-06 04:00:00,133045.2994892546,0,49229.511718227724
2024-08-06 06:00:00,133045.2994892546,0,49168.70179970774
2024-08-06 08:00:00,133045.2994892546,0,49310.25706581903
2024-08-06 10:00:00,133045.2994892546,0,49049.86622722694
2024-08-06 12:00:00,133045.2994892546,0,48943.739301112386
2024-08-06 14:00:00,133045.2994892546,0,49406.93887199671
2024-08-06 16:00:00,133045.2994892546,0,49239.479819650725
2024-08-06 18:00:00,133045.2994892546,0,49155.5867281024
2024-08-06 20:00:00,133045.2994892546,0,49114.71411435051
2024-08-06 22:00:00,133045.2994892546,0,49429.61560919774
2024-08-07 00:00:00,133045.2994892546,0,49146.02567069317
2024-08-07 02:00:00,133045.2994892546,0,48534.64326221312
2024-08-07 04:00:00,133045.2994892546,0,48492.80571010874
2024-08-07 06:00:00,133045.2994892546,0,48020.299657317875
2024-08-07 08:00:00,133045.2994892546,1,48335.47159358878
2024-08-07 10:00:00,134500.69319438312,0,48988.71704550408
2024-08-07 12:00:00,134500.69319438312,0,48880.75876473542
2024-08-07 14:00:00,134500.69319438312,0,49601.36013090003
2024-08-07 16:00:00,134500.69319438312,0,49865.66148607943
2024-08-07 18:00:00,134500.69319438312,0,49722.39504609003
2024-08-07 20:00:00,134500.69319438312,0,49257.604275187325
2024-08-07 22:00:00,134500.69319438312,0,50160.070877992715
2024-08-08 00:00:00,134500.69319438312,0,50236.91587036861
2024-08-08 02:00:00,134500.69319438312,0,50511.33084573621
2024-08-08 04:00:00,134500.69319438312,-1,50599.11650706391
2024-08-08 06:00:00,134508.73243471482,-1,50595.93297067805
2024-08-08 08:00:00,133755.97234780094,0,50792.827471259894
2024-08-08 10:00:00,133755.97234780094,-1,50585.542901796245
2024-08-08 12:00:00,133510.73944011683,0,50581.99846323562
2024-08-08 14:00:00,133510.73944011683,0,50598.92728141927
2024-08-08 16:00:00,133510.73944011683,0,50682.17418940423
2024-08-08 18:00:00,133510.73944011683,0,50883.524699087495
2024-08-08 20:00:00,133510.73944011683,0,50857.310216489575
2024-08-08 22:00:00,133510.73944011683,0,50838.4348620734
2024-08-09 00:00:00,133510.73944011683,0,51250.30254352643
2024-08-09 02:00:00,133510.73944011683,0,51569.56865232152
2024-08-09 04:00:00,133510.73944011683,0,50652.51172962007
2024-08-09 06:00:00,133510.73944011683,0,51039.56321576617
2024-08-09 08:00:00,133510.73944011683,0,50998.918534097094
2024-08-09 10:00:00,133510.73944011683,0,51860.73698197404
2024-08-09 12:00:00,133510.73944011683,0,51617.33152075003
2024-08-09 14:00:00,133510.73944011683,0,52275.028219078435
2024-08-09 16:00:00,133510.73944011683,0,51586.54428528161
2024-08-09 18:00:00,133510.73944011683,0,51680.72643860224
2024-08-09 20:00:00,133510.73944011683,0,51513.09776245791
2024-08-09 22:00:00,133510.73944011683,0,51244.0151965934
2024-08-10 00:00:00,133510.73944011683,0,51218.16808095568
2024-08-10 02:00:00,133510.73944011683,0,51200.35509646212
2024-08-10 04:00:00,133510.73944011683,0,51016.59490186564
2024-08-10 06:00:00,133510.73944011683,0,51146.39709691496
2024-08-10 08:00:00,133510.73944011683,0,51323.46218319908
2024-08-10 10:00:00,133510.73944011683,0,51302.848232576194
2024-08-10 12:00:00,133510.73944011683,0,51293.293205863825
2024-08-10 14:00:00,133510.73944011683,0,51292.612165277584
2024-08-10 16:00:00,133510.73944011683,0,51200.1791499342
2024-08-10 18:00:00,133510.73944011683,0,51463.65506164246
2024-08-10 20:00:00,133510.73944011683,0,51732.30816648835
2024-08-10 22:00:00,133510.73944011683,0,51846.51093737348
2024-08-11 00:00:00,133510.73944011683,0,51878.76681799208
2024-08-11 02:00:00,133510.73944011683,0,51909.648263687355
2024-08-11 04:00:00,133510.73944011683,0,51932.488463509326
2024-08-11 06:00:00,133510.73944011683,0,52241.03639442637
2024-08-11 08:00:00,133510.73944011683,0,52347.78598797155
2024-08-11 10:00:00,133510.73944011683,-1,52402.461837395706
2024-08-11 12:00:00,132238.13610068255,0,52761.28512211187
2024-08-11 14:00:00,132238.13610068255,-1,52755.02320392036
2024-08-11 16:00:00,132073.37730639157,-1,52824.21141457193
2024-08-11 18:00:00,131823.53580887313,-1,52929.12894710305
2024-08-11 20:00:00,131765.4989113584,-1,52953.500751400934
2024-08-11 22:00:00,131989.68890128707,0,52753.84517354567
2024-08-12 00:00:00,131989.68890128707,0,52750.12827832363
2024-08-12 02:00:00,131989.68890128707,0,52611.601927972646
2024-08-12 04:00:00,131989.68890128707,0,52606.87586484199
2024-08-12 06:00:00,131989.68890128707,0,52307.88751906082
2024-08-12 08:00:00,131989.68890128707,0,52207.737491266766
2024-08-12 10:00:00,131989.68890128707,0,52247.45735016067
2024-08-12 12:00:00,131989.68890128707,0,52210.29899681814
2024-08-12 14:00:00,131989.68890128707,0,51901.58389441041
2024-08-12 16:00:00,131989.68890128707,0,51893.788257699416
2024-08-12 18:00:00,131989.68890128707,0,51821.022541272425
2024-08-12 20:00:00,131989.68890128707,0,51865.02135207093
2024-08-12 22:00:00,131989.68890128707,0,51850.78838762315
2024-08-13 00:00:00,131989.68890128707,0,51780.55804024801
2024-08-13 02:00:00,131989.68890128707,0,51775.30155436105
2024-08-13 04:00:00,131989.68890128707,0,51816.53004780606
2024-08-13 06:00:00,131989.68890128707,0,51828.97434069703
2024-08-13 08:00:00,131989.68890128707,0,51824.31445505758
2024-08-13 10:00:00,131989.68890128707,0,51820.34680084305
2024-08-13 12:00:00,131989.68890128707,0,51822.556661046016
2024-08-13 14:00:00,131989.68890128707,0,51819.8847700128
2024-08-13 16:00:00,131989.68890128707,0,51845.04962041792
2024-08-13 18:00:00,131989.68890128707,0,51848.50387638115
2024-08-13 20:00:00,131989.68890128707,0,51882.57036056859
2024-08-13 22:00:00,131989.68890128707,0,51876.180065201705
2024-08-14 00:00:00,131989.68890128707,0,51902.910465187015
2024-08-14 02:00:00,131989.68890128707,0,51892.29182731656
2024-08-14 04:00:00,131989.68890128707,0,51867.192335856875
2024-08-14 06:00:00,131989.68890128707,0,51792.410846809726
2024-08-14 08:00:00,131989.68890128707,0,51746.92300579055
2024-08-14 10:00:00,131989.68890128707,0,51720.001197267426
2024-08-14 12:00:00,131989.68890128707,0,51822.85496438921
2024-08-14 14:00:00,131989.68890128707,0,51724.164322700795
2024-08-14 16:00:00,131989.68890128707,0,51593.177972660305
2024-08-14 18:00:00,131989.68890128707,0,51600.83435144246
2024-08-14 20:00:00,131989.68890128707,0,51646.065149967304
2024-08-14 22:00:00,131989.68890128707,0,51551.576663530446
2024-08-15 00:00:00,131989.68890128707,1,55119.751877387935
2024-08-15 02:00:00,130032.3870282078,0,64257.9938643426
2024-08-15 04:00:00,130032.3870282078,-1,65791.16099804794
2024-08-15 06:00:00,132647.9998650473,-1,64398.11367475027
2024-08-15 08:00:00,148110.41487072886,-1,56162.997402187
2024-08-15 10:00:00,158525.244731769,0,50484.588479487524
2024-08-15 12:00:00,158525.244731769,0,48019.079283355524
2024-08-15 14:00:00,158525.244731769,0,47451.613360835436
2024-08-15 16:00:00,158525.244731769,0,39908.08366936273
2024-08-15 18:00:00,158525.244731769,1,40738.3514630129
2024-08-15 20:00:00,168721.79960509142,1,43496.609382548304
2024-08-15 22:00:00,193550.55109640385,0,50294.482092155595
2024-08-16 00:00:00,193550.55109640385,0,53986.80277220235
2024-08-16 02:00:00,193550.55109640385,0,54126.79937366019
2024-08-16 04:00:00,193550.55109640385,0,54637.82140500415
2024-08-16 06:00:00,193550.55109640385,0,54251.699597025996
2024-08-16 08:00:00,193550.55109640385,0,53867.56601343927
2024-08-16 10:00:00,193550.55109640385,0,53893.88394363871
2024-08-16 12:00:00,193550.55109640385,0,53595.03522318724
2024-08-16 14:00:00,193550.55109640385,0,54567.23850140933
2024-08-16 16:00:00,193550.55109640385,0,54481.28869609655
2024-08-16 18:00:00,193550.55109640385,0,55155.255848951056
2024-08-16 20:00:00,193550.55109640385,0,55325.20946382586
2024-08-16 22:00:00,193550.55109640385,0,55394.098871431896
2024-08-17 00:00:00,193550.55109640385,0,55346.743752120245
2024-08-17 02:00:00,193550.55109640385,0,55368.61102756038
2024-08-17 04:00:00,193550.55109640385,0,55525.4862516716
2024-08-17 06:00:00,193550.55109640385,0,55425.61951825458
2024-08-17 08:00:00,193550.55109640385,0,55143.27455953191
2024-08-17 10:00:00,193550.55109640385,0,55185.55806503536
2024-08-17 12:00:00,193550.55109640385,0,55188.22290622234
2024-08-17 14:00:00,193550.55109640385,0,55065.25648073086
2024-08-17 16:00:00,193550.55109640385,0,55070.617852646
2024-08-17 18:00:00,193550.55109640385,0,55147.19238493415
2024-08-17 20:00:00,193550.55109640385,0,55096.83503482529
2024-08-17 22:00:00,193550.55109640385,0,54924.92028228686
2024-08-18 00:00:00,193550.55109640385,0,54863.4543437287
2024-08-18 02:00:00,193550.55109640385,0,54816.43445833215
2024-08-18 04:00:00,193550.55109640385,0,54830.34934847456
2024-08-18 06:00:00,193550.55109640385,0,54793.129359033104
2024-08-18 08:00:00,193550.55109640385,0,54671.59104230732
2024-08-18 10:00:00,193550.55109640385,0,54714.079606270505
2024-08-18 12:00:00,193550.55109640385,0,54933.87466947137
2024-08-18 14:00:00,193550.55109640385,0,55034.770127839685
2024-08-18 16:00:00,193550.55109640385,0,55132.604586379966
2024-08-18 18:00:00,193550.55109640385,0,55109.456238847204
2024-08-18 20:00:00,193550.55109640385,0,55142.32239564004
2024-08-18 22:00:00,193550.55109640385,0,55192.8837936615
2024-08-19 00:00:00,193550.55109640385,0,47924.24597140511
2024-08-19 02:00:00,193550.55109640385,1,45841.3792935948
2024-08-19 04:00:00,200170.32818504536,1,47491.755768155985
2024-08-19 06:00:00,186401.28499182247,0,43885.924193131614
2024-08-19 08:00:00,186401.28499182247,1,48737.14736427595
2024-08-19 10:00:00,189062.14135691267,0,49566.95537704085
2024-08-19 12:00:00,189062.14135691267,0,54142.71665394471
2024-08-19 14:00:00,189062.14135691267,0,53726.85146214911
2024-08-19 16:00:00,189062.14135691267,0,50504.89712522508
2024-08-19 18:00:00,189062.14135691267,0,55893.17309742647
2024-08-19 20:00:00,189062.14135691267,0,51002.874328955266
2024-08-19 22:00:00,189062.14135691267,0,52916.19475950947
2024-08-20 00:00:00,189062.14135691267,0,53385.92469379413
2024-08-20 02:00:00,189062.14135691267,0,53739.769558315646
2024-08-20 04:00:00,189062.14135691267,0,58253.58940725932
2024-08-20 06:00:00,189062.14135691267,0,60133.21482960889
2024-08-20 08:00:00,189062.14135691267,0,65905.78520665647
2024-08-20 10:00:00,189062.14135691267,-1,58099.46319419168
2024-08-20 12:00:00,202302.87499470782,0,53700.18619381801
2024-08-20 14:00:00,202302.87499470782,0,51080.008936181795
2024-08-20 16:00:00,202302.87499470782,0,51681.55771168296
2024-08-20 18:00:00,202302.87499470782,0,56458.71285650696
2024-08-20 20:00:00,202302.87499470782,0,55514.63274505156
2024-08-20 22:00:00,202302.87499470782,0,53081.13190624275
2024-08-21 00:00:00,202302.87499470782,0,54225.80566583792
2024-08-21 02:00:00,202302.87499470782,0,54128.32443975421
2024-08-21 04:00:00,202302.87499470782,0,53567.85663089852
2024-08-21 06:00:00,202302.87499470782,0,54022.42968313039
2024-08-21 08:00:00,202302.87499470782,0,54250.71648346182
2024-08-21 10:00:00,202302.87499470782,0,55172.01420427972
2024-08-21 12:00:00,202302.87499470782,0,55159.25585077566
2024-08-21 14:00:00,202302.87499470782,0,54796.426652855575
2024-08-21 16:00:00,202302.87499470782,0,53549.44657723828
2024-08-21 18:00:00,202302.87499470782,0,53396.430604186135
2024-08-21 20:00:00,202302.87499470782,0,54469.45008477312
2024-08-21 22:00:00,202302.87499470782,0,54847.40801579904
2024-08-22 00:00:00,202302.87499470782,0,54812.65966556288
2024-08-22 02:00:00,202302.87499470782,0,55321.6434642862
2024-08-22 04:00:00,202302.87499470782,0,55265.713704519905
2024-08-22 06:00:00,202302.87499470782,0,55327.55719665064
2024-08-22 08:00:00,202302.87499470782,0,54819.91961928326
2024-08-22 10:00:00,202302.87499470782,0,54923.90102190031
2024-08-22 12:00:00,202302.87499470782,0,54792.248455050714
2024-08-22 14:00:00,202302.87499470782,0,54997.16392419851
2024-08-22 16:00:00,202302.87499470782,0,54488.93098646399
2024-08-22 18:00:00,202302.87499470782,0,54077.19975808291
2024-08-22 20:00:00,202302.87499470782,0,54024.99749637773
2024-08-22 22:00:00,202302.87499470782,0,54281.27322187808
2024-08-23 00:00:00,202302.87499470782,0,54198.18159800191
2024-08-23 02:00:00,202302.87499470782,0,54184.509631465495
2024-08-23 04:00:00,202302.87499470782,0,54229.27592044987
2024-08-23 06:00:00,202302.87499470782,0,54247.117977593814
2024-08-23 08:00:00,202302.87499470782,0,54332.77369138106
2024-08-23 10:00:00,202302.87499470782,0,54360.97615262762
2024-08-23 12:00:00,202302.87499470782,0,54373.38122753634
2024-08-23 14:00:00,202302.87499470782,0,54391.57218713573
2024-08-23 16:00:00,202302.87499470782,0,54367.89980735934
2024-08-23 18:00:00,202302.87499470782,0,54458.3876279437
2024-08-23 20:00:00,202302.87499470782,0,54493.331692102234
2024-08-23 22:00:00,202302.87499470782,0,54524.53912292053
2024-08-24 00:00:00,202302.87499470782,0,54492.836986698516
2024-08-24 02:00:00,202302.87499470782,0,54444.47898206026
2024-08-24 04:00:00,202302.87499470782,0,54319.265373486254
2024-08-24 06:00:00,202302.87499470782,0,54365.72727185004
2024-08-24 08:00:00,202302.87499470782,0,54465.555862122026
2024-08-24 10:00:00,202302.87499470782,0,54540.99734821501
2024-08-24 12:00:00,202302.87499470782,0,54537.73483270737
2024-08-24 14:00:00,202302.87499470782,0,54465.44774684459
2024-08-24 16:00:00,202302.87499470782,0,54523.01021791428
2024-08-24 18:00:00,202302.87499470782,0,54459.08780038031
2024-08-24 20:00:00,202302.87499470782,0,54617.895546655505
2024-08-24 22:00:00,202302.87499470782,0,54773.32673280263
2024-08-25 00:00:00,202302.87499470782,0,55011.68390808558
2024-08-25 02:00:00,202302.87499470782,-1,54569.91039773647
2024-08-25 04:00:00,202310.44011350936,0,54458.6225321492
2024-08-25 06:00:00,202310.44011350936,0,55072.85617809064
2024-08-25 08:00:00,202310.44011350936,-1,54816.33862623244
2024-08-25 10:00:00,201426.4734946302,0,54958.824027812734
2024-08-25 12:00:00,201426.4734946302,0,55373.26306335451
2024-08-25 14:00:00,201426.4734946302,-1,55360.816631078866
2024-08-25 16:00:00,199630.1330731822,-1,55880.51454760934
2024-08-25 18:00:00,200302.2357440297,-1,55686.06902182617
2024-08-25 20:00:00,200198.8259412729,-1,55715.98643525175
2024-08-25 22:00:00,200907.9884136458,-1,55510.8191657446
2024-08-26 00:00:00,200212.3451376639,0,55601.35357329725
2024-08-26 02:00:00,200212.3451376639,0,55637.365627664
2024-08-26 04:00:00,200212.3451376639,0,55630.22973333724
2024-08-26 06:00:00,200212.3451376639,0,55635.81714129473
2024-08-26 08:00:00,200212.3451376639,0,55618.56293789625
2024-08-26 10:00:00,200212.3451376639,0,55708.46837770227
2024-08-26 12:00:00,200212.3451376639,0,55692.801515842664
2024-08-26 14:00:00,200212.3451376639,0,55742.9825970489
2024-08-26 16:00:00,200212.3451376639,0,55722.19513978637
2024-08-26 18:00:00,200212.3451376639,0,55700.67790604312
2024-08-26 20:00:00,200212.3451376639,0,55637.09246914899
2024-08-26 22:00:00,200212.3451376639,0,55609.605737092206
2024-08-27 00:00:00,200212.3451376639,0,55608.32216839677
2024-08-27 02:00:00,200212.3451376639,0,55481.24741123877
2024-08-27 04:00:00,200212.3451376639,0,55412.20845988776
2024-08-27 06:00:00,200212.3451376639,0,55419.31915056587
2024-08-27 08:00:00,200212.3451376639,0,55472.083044806204
2024-08-27 10:00:00,200212.3451376639,0,55410.385035683044
2024-08-27 12:00:00,200212.3451376639,0,55353.82999873301
2024-08-27 14:00:00,200212.3451376639,0,55502.90079617183
2024-08-27 16:00:00,200212.3451376639,0,55347.99350882318
2024-08-27 18:00:00,200212.3451376639,0,55261.61584612181
2024-08-27 20:00:00,200212.3451376639,0,55313.820010957235
2024-08-27 22:00:00,200212.3451376639,0,55223.08057859328
2024-08-28 00:00:00,200212.3451376639,0,55199.36522914191
2024-08-28 02:00:00,200212.3451376639,0,55130.91038130908
2024-08-28 04:00:00,200212.3451376639,1,54714.13494721716
2024-08-28 06:00:00,201096.73299584357,1,54968.541240773295
2024-08-28 08:00:00,201360.48050435662,0,55153.8400978257
2024-08-28 10:00:00,201360.48050435662,0,55371.417637311264
2024-08-28 12:00:00,201360.48050435662,0,55018.68837276175
2024-08-28 14:00:00,201360.48050435662,0,54737.76948222099
2024-08-28 16:00:00,201360.48050435662,0,54736.76735618104
2024-08-28 18:00:00,201360.48050435662,0,54436.26773698442
2024-08-28 20:00:00,201360.48050435662,1,53975.35996877619
2024-08-28 22:00:00,199889.63353465113,1,53560.3436314357
2024-08-29 00:00:00,198471.25027565245,0,54335.89659850608
2024-08-29 02:00:00,198471.25027565245,0,52244.797229392694
2024-08-29 04:00:00,198471.25027565245,1,53686.715447678806
2024-08-29 06:00:00,198051.91180333638,0,53674.68722742302
2024-08-29 08:00:00,198051.91180333638,0,53689.98049848107
2024-08-29 10:00:00,198051.91180333638,0,56015.11347079913
2024-08-29 12:00:00,198051.91180333638,0,55648.87831831088
2024-08-29 14:00:00,198051.91180333638,0,55052.70969949894
2024-08-29 16:00:00,198051.91180333638,0,54384.27883068819
2024-08-29 18:00:00,198051.91180333638,0,53478.79895888319
2024-08-29 20:00:00,198051.91180333638,0,54719.44814701093
2024-08-29 22:00:00,198051.91180333638,0,55005.99908837765
2024-08-30 00:00:00,198051.91180333638,0,54940.62643350565
2024-08-30 02:00:00,198051.91180333638,0,55420.484894087385
2024-08-30 04:00:00,198051.91180333638,0,55370.16444337108
2024-08-30 06:00:00,198051.91180333638,0,55125.471910711436
2024-08-30 08:00:00,198051.91180333638,0,55405.08282118758
2024-08-30 10:00:00,198051.91180333638,0,55247.62609386277
2024-08-30 12:00:00,198051.91180333638,0,54257.62443360361
2024-08-30 14:00:00,198051.91180333638,0,54542.94827068684
2024-08-30 16:00:00,198051.91180333638,0,55060.02869437966
2024-08-30 18:00:00,198051.91180333638,0,54869.54099211161
2024-08-30 20:00:00,198051.91180333638,0,54428.23922397386
2024-08-30 22:00:00,198051.91180333638,0,54800.41451207401
2024-08-31 00:00:00,198051.91180333638,0,55122.217632849766
2024-08-31 02:00:00,198051.91180333638,0,54595.76714722483
2024-08-31 04:00:00,198051.91180333638,0,54376.18041028606
2024-08-31 06:00:00,198051.91180333638,0,54520.30787132565
2024-08-31 08:00:00,198051.91180333638,0,54381.53402643123
2024-08-31 10:00:00,198051.91180333638,0,54388.517592214506
2024-08-31 12:00:00,198051.91180333638,0,54657.85691184154
2024-08-31 14:00:00,198051.91180333638,0,54552.83355567143
2024-08-31 16:00:00,198051.91180333638,0,54397.03108877272
2024-08-31 18:00:00,198051.91180333638,0,54368.773812616906
2024-08-31 20:00:00,198051.91180333638,0,54048.102525788876
2024-08-31 22:00:00,198051.91180333638,0,54168.44753400238
2024-09-01 00:00:00,198051.91180333638,0,53829.340690577745
2024-09-01 02:00:00,198051.91180333638,0,53978.23073580983
2024-09-01 04:00:00,198051.91180333638,0,53915.00612127109
2024-09-01 06:00:00,198051.91180333638,0,53445.896012171004
2024-09-01 08:00:00,198051.91180333638,1,53534.0430918414
2024-09-01 10:00:00,197440.66132585492,0,53467.19234557859
2024-09-01 12:00:00,197440.66132585492,0,53279.75092497806
2024-09-01 14:00:00,197440.66132585492,0,53043.026847625624
2024-09-01 16:00:00,197440.66132585492,1,53605.13543620671
2024-09-01 18:00:00,197719.46415035723,0,53792.0246134406
2024-09-01 20:00:00,197719.46415035723,0,53898.07963808636
2024-09-01 22:00:00,197719.46415035723,0,53378.394586434784
2024-09-02 00:00:00,197719.46415035723,0,53576.436437448356
2024-09-02 02:00:00,197719.46415035723,0,53575.02948712414
2024-09-02 04:00:00,197719.46415035723,0,53535.28544649933
2024-09-02 06:00:00,197719.46415035723,0,53670.01606611036
2024-09-02 08:00:00,197719.46415035723,0,53755.82666695198
2024-09-02 10:00:00,197719.46415035723,0,53729.188858307316
2024-09-02 12:00:00,197719.46415035723,0,53626.26091565227
2024-09-02 14:00:00,197719.46415035723,0,53521.54617414868
2024-09-02 16:00:00,197719.46415035723,0,53570.087988402214
2024-09-02 18:00:00,197719.46415035723,0,53593.21576419736
2024-09-02 20:00:00,197719.46415035723,0,53590.92187225321
2024-09-02 22:00:00,197719.46415035723,0,53659.85741644795
2024-09-03 00:00:00,197719.46415035723,0,54385.10777808534
2024-09-03 02:00:00,197719.46415035723,0,53750.43989303038
2024-09-03 04:00:00,197719.46415035723,0,53071.697691661626
2024-09-03 06:00:00,197719.46415035723,0,53405.06392429964
2024-09-03 08:00:00,197719.46415035723,0,53037.88475114737
2024-09-03 10:00:00,197719.46415035723,0,51054.62962633143
2024-09-03 12:00:00,197719.46415035723,1,52095.02263426761
2024-09-03 14:00:00,194816.20609898894,0,51394.0032723108
2024-09-03 16:00:00,194816.20609898894,1,51736.07060144433
2024-09-03 18:00:00,194780.85224844087,1,51726.187768017764
2024-09-03 20:00:00,197474.042484456,0,52582.51568238165
2024-09-03 22:00:00,197474.042484456,0,54409.6375694864
2024-09-04 00:00:00,197474.042484456,0,54574.49252050327
2024-09-04 02:00:00,197474.042484456,0,54576.00992582922
2024-09-04 04:00:00,197474.042484456,0,54581.40452489712
2024-09-04 06:00:00,197474.042484456,0,54613.17201294175
2024-09-04 08:00:00,197474.042484456,0,54592.0206688606
2024-09-04 10:00:00,197474.042484456,0,54576.668925482576
2024-09-04 12:00:00,197474.042484456,0,54549.94357527366
2024-09-04 14:00:00,197474.042484456,0,54551.87828948756
2024-09-04 16:00:00,197474.042484456,0,54556.50931890563
2024-09-04 18:00:00,197474.042484456,0,54573.2625563988
2024-09-04 20:00:00,197474.042484456,0,54577.654134040706
2024-09-04 22:00:00,197474.042484456,0,54556.02507465477
2024-09-05 00:00:00,197474.042484456,0,54662.818317638754
2024-09-05 02:00:00,197474.042484456,0,54934.85316091067
2024-09-05 04:00:00,197474.042484456,0,55508.14824853322
2024-09-05 06:00:00,197474.042484456,0,55544.369884915795
2024-09-05 08:00:00,197474.042484456,0,55698.77973991614
2024-09-05 10:00:00,197474.042484456,0,55825.60433346624
2024-09-05 12:00:00,197474.042484456,0,55717.30854333865
2024-09-05 14:00:00,197474.042484456,0,55715.82839372675
2024-09-05 16:00:00,197474.042484456,0,55624.09509285426
2024-09-05 18:00:00,197474.042484456,0,55379.806224390086
2024-09-05 20:00:00,197474.042484456,0,55603.84365558739
2024-09-05 22:00:00,197474.042484456,0,56027.79207756947
2024-09-06 00:00:00,197474.042484456,0,56464.00451127021
2024-09-06 02:00:00,197474.042484456,0,56451.7487348489
2024-09-06 04:00:00,197474.042484456,0,56472.27073697812
2024-09-06 06:00:00,197474.042484456,0,56464.81137735087
2024-09-06 08:00:00,197474.042484456,0,56478.219490662916
2024-09-06 10:00:00,197474.042484456,0,56471.32140548562
2024-09-06 12:00:00,197474.042484456,0,56468.64662239379
2024-09-06 14:00:00,197474.042484456,0,56461.59451369652
2024-09-06 16:00:00,197474.042484456,0,56470.45986303794
2024-09-06 18:00:00,197474.042484456,0,56445.41574137877
2024-09-06 20:00:00,197474.042484456,0,56436.039956453365
2024-09-06 22:00:00,197474.042484456,0,56447.25783890009
2024-09-07 00:00:00,197474.042484456,0,56607.25622631464
2024-09-07 02:00:00,197474.042484456,0,56832.56183030497
2024-09-07 04:00:00,197474.042484456,0,56866.87640810914
2024-09-07 06:00:00,197474.042484456,0,56899.06350247334
2024-09-07 08:00:00,197474.042484456,0,56998.12467238416
2024-09-07 10:00:00,197474.042484456,0,57108.50532537842
2024-09-07 12:00:00,197474.042484456,0,57170.40557698344
2024-09-07 14:00:00,197474.042484456,0,57288.963506196866
2024-09-07 16:00:00,197474.042484456,0,57433.77645360313
2024-09-07 18:00:00,197474.042484456,0,57516.052334863365
2024-09-07 20:00:00,197474.042484456,0,57488.32890537499
2024-09-07 22:00:00,197474.042484456,0,57380.47791604228
2024-09-08 00:00:00,197474.042484456,0,57482.094321065204
2024-09-08 02:00:00,197474.042484456,0,57357.3787306429
2024-09-08 04:00:00,197474.042484456,0,57857.47167692101
2024-09-08 06:00:00,197474.042484456,0,58136.852479626505
2024-09-08 08:00:00,197474.042484456,-1,58252.097827927
2024-09-08 10:00:00,197400.1029785332,-1,58275.05690851338
2024-09-08 12:00:00,197152.2946552286,-1,58352.004288587406
2024-09-08 14:00:00,197949.54518221456,-1,58104.44868393245
2024-09-08 16:00:00,196718.31844385742,0,58370.254777657836
2024-09-08 18:00:00,196718.31844385742,0,58307.957411788215
2024-09-08 20:00:00,196718.31844385742,0,57649.75868269468
2024-09-08 22:00:00,196718.31844385742,0,57528.155246305345
2024-09-09 00:00:00,196718.31844385742,0,57671.43910221173
2024-09-09 02:00:00,196718.31844385742,0,57700.78324088349
2024-09-09 04:00:00,196718.31844385742,0,57667.957564465054
2024-09-09 06:00:00,196718.31844385742,0,57673.6457904429
2024-09-09 08:00:00,196718.31844385742,0,57649.72736487248
2024-09-09 10:00:00,196718.31844385742,0,57610.02082883928
2024-09-09 12:00:00,196718.31844385742,0,57606.99072442645
2024-09-09 14:00:00,196718.31844385742,0,57571.607260892626
2024-09-09 16:00:00,196718.31844385742,0,57582.36180366919
2024-09-09 18:00:00,196718.31844385742,0,57581.48766424785
2024-09-09 20:00:00,196718.31844385742,0,57607.69474704087
2024-09-09 22:00:00,196718.31844385742,0,57622.35007567129
2024-09-10 00:00:00,196718.31844385742,0,57861.41493818265
2024-09-10 02:00:00,196718.31844385742,0,57887.45431631948
2024-09-10 04:00:00,196718.31844385742,0,57884.22259457384
2024-09-10 06:00:00,196718.31844385742,0,57919.59242303987
2024-09-10 08:00:00,196718.31844385742,0,57923.81740413416
2024-09-10 10:00:00,196718.31844385742,0,57965.06163572109
2024-09-10 12:00:00,196718.31844385742,0,57973.81500716906
2024-09-10 14:00:00,196718.31844385742,0,57956.47749045278
2024-09-10 16:00:00,196718.31844385742,0,57961.87655044885
2024-09-10 18:00:00,196718.31844385742,0,58039.74305006042
2024-09-10 20:00:00,196718.31844385742,0,57998.6880833996
2024-09-10 22:00:00,196718.31844385742,0,58075.48320947492
2024-09-11 00:00:00,196718.31844385742,0,58390.11617726115
2024-09-11 02:00:00,196718.31844385742,-1,58291.31370780203
2024-09-11 04:00:00,195151.67944520514,0,58667.87374642836
2024-09-11 06:00:00,195151.67944520514,-1,58413.366035179104
2024-09-11 08:00:00,195085.56674493785,0,58317.36987676016
2024-09-11 10:00:00,195085.56674493785,0,58423.27311826278
2024-09-11 12:00:00,195085.56674493785,0,58732.87620170625
2024-09-11 14:00:00,195085.56674493785,-1,58548.37537198392
2024-09-11 16:00:00,194977.31922704438,0,58465.475309587426
2024-09-11 18:00:00,194977.31922704438,0,58422.595876733685
2024-09-11 20:00:00,194977.31922704438,0,58422.29499892256
2024-09-11 22:00:00,194977.31922704438,0,58580.48420721005
2024-09-12 00:00:00,194977.31922704438,0,58369.19173312443
2024-09-12 02:00:00,194977.31922704438,0,58437.03727027498
2024-09-12 04:00:00,194977.31922704438,0,58487.141985159964
2024-09-12 06:00:00,194977.31922704438,0,58448.50159269247
2024-09-12 08:00:00,194977.31922704438,0,58361.94441594351
2024-09-12 10:00:00,194977.31922704438,0,58343.8026530915
2024-09-12 12:00:00,194977.31922704438,0,58461.37062657458
2024-09-12 14:00:00,194977.31922704438,0,58381.66012683653
2024-09-12 16:00:00,194977.31922704438,0,58352.005433602324
2024-09-12 18:00:00,194977.31922704438,0,58354.694772686125
2024-09-12 20:00:00,194977.31922704438,0,58276.56845423105
2024-09-12 22:00:00,194977.31922704438,0,58295.40724117766
2024-09-13 00:00:00,194977.31922704438,0,58629.24915822636
2024-09-13 02:00:00,194977.31922704438,0,58642.813105318644
2024-09-13 04:00:00,194977.31922704438,0,58957.47976163864
2024-09-13 06:00:00,194977.31922704438,-1,58808.934405797605
2024-09-13 08:00:00,194557.83657219732,0,58824.49978987365
2024-09-13 10:00:00,194557.83657219732,0,58920.359189170114
2024-09-13 12:00:00,194557.83657219732,-1,58951.25757138067
2024-09-13 14:00:00,193530.27876113245,0,59161.09321183605
2024-09-13 16:00:00,193530.27876113245,-1,59481.6443176036
2024-09-13 18:00:00,194101.12488229104,-1,59296.96022385379
2024-09-13 20:00:00,193691.85892524378,-1,59429.368782970414
2024-09-13 22:00:00,193673.3366324815,-1,59435.36124350606
2024-09-14 00:00:00,193238.30061401223,-1,59576.107111510646
2024-09-14 02:00:00,193206.45736198456,-1,59586.4092611177
2024-09-14 04:00:00,192835.71944939147,0,59587.38967161279
2024-09-14 06:00:00,192835.71944939147,0,59624.47633911707
2024-09-14 08:00:00,192835.71944939147,0,59597.21261958683
2024-09-14 10:00:00,192835.71944939147,0,59531.94869459707
2024-09-14 12:00:00,192835.71944939147,0,59504.272741421286
2024-09-14 14:00:00,192835.71944939147,0,59470.947185895566
2024-09-14 16:00:00,192835.71944939147,0,59498.81410222054
2024-09-14 18:00:00,192835.71944939147,0,59592.465085951226
2024-09-14 20:00:00,192835.71944939147,0,59628.52555864061
2024-09-14 22:00:00,192835.71944939147,0,59536.69733914559
2024-09-15 00:00:00,192835.71944939147,0,61830.053430913336
2024-09-15 02:00:00,192835.71944939147,-1,66212.3857204298
2024-09-15 04:00:00,195347.106347839,-1,65304.68689625346
2024-09-15 06:00:00,205695.7205867075,-1,61564.3532255306
2024-09-15 08:00:00,220964.92370799993,0,55913.13016463673
2024-09-15 10:00:00,220964.92370799993,1,55150.74319365991
2024-09-15 12:00:00,208576.64096409234,0,48996.593167592335
2024-09-15 14:00:00,208576.64096409234,1,49203.69848992966
2024-09-15 16:00:00,214901.26172647026,1,50774.21665390942
2024-09-15 18:00:00,247654.65219964267,1,58907.47817308684
2024-09-15 20:00:00,261651.55461920053,0,62481.57056609529
2024-09-15 22:00:00,261651.55461920053,0,58536.94268069907
2024-09-16 00:00:00,261651.55461920053,0,60700.10297413988
2024-09-16 02:00:00,261651.55461920053,0,60776.47929590891
2024-09-16 04:00:00,261651.55461920053,0,60757.106689928136
2024-09-16 06:00:00,261651.55461920053,0,60732.344910881606
2024-09-16 08:00:00,261651.55461920053,0,60750.99955420786
2024-09-16 10:00:00,261651.55461920053,0,60712.675055766056
2024-09-16 12:00:00,261651.55461920053,0,60668.62368548254
2024-09-16 14:00:00,261651.55461920053,0,60611.62125553718
2024-09-16 16:00:00,261651.55461920053,0,60577.82130313629
2024-09-16 18:00:00,261651.55461920053,0,60558.843529179496
2024-09-16 20:00:00,261651.55461920053,0,60409.659623454965
2024-09-16 22:00:00,261651.55461920053,0,60362.06867765447
2024-09-17 00:00:00,261651.55461920053,0,60146.77991499737
2024-09-17 02:00:00,261651.55461920053,0,60188.937827275964
2024-09-17 04:00:00,261651.55461920053,0,60166.572157896415
2024-09-17 06:00:00,261651.55461920053,0,60323.034841432986
2024-09-17 08:00:00,261651.55461920053,0,60467.965191294934
2024-09-17 10:00:00,261651.55461920053,0,60411.26934079472
2024-09-17 12:00:00,261651.55461920053,0,60346.846956521425
2024-09-17 14:00:00,261651.55461920053,0,60626.61521295394
2024-09-17 16:00:00,261651.55461920053,0,60790.388607247056
2024-09-17 18:00:00,261651.55461920053,0,60823.56352602882
2024-09-17 20:00:00,261651.55461920053,0,61051.43588331877
2024-09-17 22:00:00,261651.55461920053,0,60834.73822360247
2024-09-18 00:00:00,261651.55461920053,0,60849.62865953587
2024-09-18 02:00:00,261651.55461920053,0,60860.479124933314
2024-09-18 04:00:00,261651.55461920053,0,60848.864859913425
2024-09-18 06:00:00,261651.55461920053,0,60744.69023673065
2024-09-18 08:00:00,261651.55461920053,0,60644.038307509225
2024-09-18 10:00:00,261651.55461920053,0,60696.93280039614
2024-09-18 12:00:00,261651.55461920053,0,60744.55729875137
2024-09-18 14:00:00,261651.55461920053,0,60772.79778552444
2024-09-18 16:00:00,261651.55461920053,0,60846.60447787074
2024-09-18 18:00:00,261651.55461920053,0,60827.008047394585
2024-09-18 20:00:00,261651.55461920053,0,60859.98028820286
2024-09-18 22:00:00,261651.55461920053,0,60871.10068543518
2024-09-19 00:00:00,261651.55461920053,0,60966.55264179482
2024-09-19 02:00:00,261651.55461920053,0,63401.64058830266
2024-09-19 04:00:00,261651.55461920053,-1,63844.92748525553
2024-09-19 06:00:00,259782.64347919842,-1,64324.95720458558
2024-09-19 08:00:00,260573.79458771876,-1,64121.7500876489
2024-09-19 10:00:00,258313.9318241577,0,64889.56828037438
2024-09-19 12:00:00,258313.9318241577,-1,65060.48520379224
2024-09-19 14:00:00,257895.8520019885,-1,65171.32738673795
2024-09-19 16:00:00,260783.89488547127,-1,64405.64351329696
2024-09-19 18:00:00,254513.17433853523,0,65938.02888069481
2024-09-19 20:00:00,254513.17433853523,-1,64216.42211894908
2024-09-19 22:00:00,261461.67344266377,0,62242.535218008925
2024-09-20 00:00:00,261461.67344266377,0,58360.90063452746
2024-09-20 02:00:00,261461.67344266377,0,60918.38352487873
2024-09-20 04:00:00,261461.67344266377,0,60281.52731972217
2024-09-20 06:00:00,261461.67344266377,0,60727.25001345545
2024-09-20 08:00:00,261461.67344266377,0,61300.848833580756
2024-09-20 10:00:00,261461.67344266377,0,59451.68397633607
2024-09-20 12:00:00,261461.67344266377,0,57862.70852097052
2024-09-20 14:00:00,261461.67344266377,0,57834.870826286286
2024-09-20 16:00:00,261461.67344266377,0,58909.911786966
2024-09-20 18:00:00,261461.67344266377,0,59036.21175469163
2024-09-20 20:00:00,261461.67344266377,0,60438.16251761075
2024-09-20 22:00:00,261461.67344266377,0,60944.58542191001
2024-09-21 00:00:00,261461.67344266377,0,61615.61127578893
2024-09-21 02:00:00,261461.67344266377,0,61560.831263566506
2024-09-21 04:00:00,261461.67344266377,0,61907.05905067651
2024-09-21 06:00:00,261461.67344266377,0,62027.4995148792
2024-09-21 08:00:00,261461.67344266377,0,62025.84201610447
2024-09-21 10:00:00,261461.67344266377,0,61914.76009356294
2024-09-21 12:00:00,261461.67344266377,0,61624.18023534333
2024-09-21 14:00:00,261461.67344266377,0,61980.720579650624
2024-09-21 16:00:00,261461.67344266377,0,61635.494521874796
2024-09-21 18:00:00,261461.67344266377,0,61518.85139256126
2024-09-21 20:00:00,261461.67344266377,0,61285.93214816522
2024-09-21 22:00:00,261461.67344266377,0,60813.34013634715
2024-09-22 00:00:00,261461.67344266377,0,60819.22702182121
2024-09-22 02:00:00,261461.67344266377,0,60821.34646936297
2024-09-22 04:00:00,261461.67344266377,0,60816.31929671148
2024-09-22 06:00:00,261461.67344266377,0,60827.924806558614
2024-09-22 08:00:00,261461.67344266377,0,60832.223288166366
2024-09-22 10:00:00,261461.67344266377,0,60830.57198150192
2024-09-22 12:00:00,261461.67344266377,0,60825.5582737694
2024-09-22 14:00:00,261461.67344266377,0,60809.437659413255
2024-09-22 16:00:00,261461.67344266377,0,60800.3885863789
2024-09-22 18:00:00,261461.67344266377,0,60805.40101058953
2024-09-22 20:00:00,261461.67344266377,0,60810.98133710299
2024-09-22 22:00:00,261461.67344266377,0,60810.631058464045
2024-09-23 00:00:00,261461.67344266377,0,61812.99872197202
2024-09-23 02:00:00,261461.67344266377,0,61167.73255464381
2024-09-23 04:00:00,261461.67344266377,0,60618.67993766668
2024-09-23 06:00:00,261461.67344266377,0,61270.31888277448
2024-09-23 08:00:00,261461.67344266377,0,61258.79518670306
2024-09-23 10:00:00,261461.67344266377,0,60894.7172356732
2024-09-23 12:00:00,261461.67344266377,0,61294.810190839555
2024-09-23 14:00:00,261461.67344266377,0,60630.75977758332
2024-09-23 16:00:00,261461.67344266377,0,61114.034729510844
2024-09-23 18:00:00,261461.67344266377,0,61133.865270611364
2024-09-23 20:00:00,261461.67344266377,0,61627.45062729964
2024-09-23 22:00:00,261461.67344266377,0,61878.6895951024
2024-09-24 00:00:00,261461.67344266377,0,62361.94099642321
2024-09-24 02:00:00,261461.67344266377,-1,62341.575717778185
2024-09-24 04:00:00,260981.70119125638,-1,62462.041100190436
2024-09-24 06:00:00,260808.85173008032,-1,62505.42355902898
2024-09-24 08:00:00,261061.63278703816,-1,62441.97954408081
2024-09-24 10:00:00,260580.37147759538,0,62438.085308071604
2024-09-24 12:00:00,260580.37147759538,0,62438.56189393569
2024-09-24 14:00:00,260580.37147759538,0,62473.801224019684
2024-09-24 16:00:00,260580.37147759538,0,62456.63912775243
2024-09-24 18:00:00,260580.37147759538,0,62569.79978990672
2024-09-24 20:00:00,260580.37147759538,0,62519.32750413463
2024-09-24 22:00:00,260580.37147759538,0,62480.83364571727
2024-09-25 00:00:00,260580.37147759538,0,62300.37084818282
2024-09-25 02:00:00,260580.37147759538,0,63758.92111249939
2024-09-25 04:00:00,260580.37147759538,-1,64185.61675598158
2024-09-25 06:00:00,263470.74923614843,-1,63436.193749747166
2024-09-25 08:00:00,261224.1772936744,0,63890.31824499199
2024-09-25 10:00:00,261224.1772936744,0,64125.456655315385
2024-09-25 12:00:00,261224.1772936744,0,63583.34125608702
2024-09-25 14:00:00,261224.1772936744,0,63585.30376996852
2024-09-25 16:00:00,261224.1772936744,0,63649.38199382045
2024-09-25 18:00:00,261224.1772936744,0,63738.58133246142
2024-09-25 20:00:00,261224.1772936744,0,64174.197504652875
2024-09-25 22:00:00,261224.1772936744,0,62651.2274771195
2024-09-26 00:00:00,261224.1772936744,0,62722.639602995056
2024-09-26 02:00:00,261224.1772936744,0,62970.808454812795
2024-09-26 04:00:00,261224.1772936744,0,62868.0033380374
2024-09-26 06:00:00,261224.1772936744,0,62960.417424586594
2024-09-26 08:00:00,261224.1772936744,0,63030.642358494995
2024-09-26 10:00:00,261224.1772936744,0,62929.351735886055
2024-09-26 12:00:00,261224.1772936744,0,62641.50348751397
2024-09-26 14:00:00,261224.1772936744,0,62790.26374090324
2024-09-26 16:00:00,261224.1772936744,0,62924.3169228203
2024-09-26 18:00:00,261224.1772936744,0,63013.90649427752
2024-09-26 20:00:00,261224.1772936744,0,63168.02562189686
2024-09-26 22:00:00,261224.1772936744,0,62907.16686052231
2024-09-27 00:00:00,261224.1772936744,0,63263.829488323645
2024-09-27 02:00:00,261224.1772936744,0,63129.00332967749
2024-09-27 04:00:00,261224.1772936744,0,63170.52392387204
2024-09-27 06:00:00,261224.1772936744,0,63275.552763148764
2024-09-27 08:00:00,261224.1772936744,0,63260.02897224568
2024-09-27 10:00:00,261224.1772936744,0,63202.337250166944
2024-09-27 12:00:00,261224.1772936744,0,63113.00807229165
2024-09-27 14:00:00,261224.1772936744,0,62995.01254462618
2024-09-27 16:00:00,261224.1772936744,0,62661.82441426583
2024-09-27 18:00:00,261224.1772936744,0,62597.84247600295
2024-09-27 20:00:00,261224.1772936744,0,62719.19385362094
2024-09-27 22:00:00,261224.1772936744,0,62530.94719055194
2024-09-28 00:00:00,261224.1772936744,0,62737.392609559996
2024-09-28 02:00:00,261224.1772936744,0,62947.790031820856
2024-09-28 04:00:00,261224.1772936744,0,62870.071974785016
2024-09-28 06:00:00,261224.1772936744,0,62608.05567911855
2024-09-28 08:00:00,261224.1772936744,0,62424.59465894587
2024-09-28 10:00:00,261224.1772936744,1,62320.72963805228
2024-09-28 12:00:00,260284.05198332478,1,62084.63762294184
2024-09-28 14:00:00,260216.33745248552,1,62067.63259195065
2024-09-28 16:00:00,260664.91290450084,1,62180.282555981496
2024-09-28 18:00:00,260451.74088717965,0,62251.390501607384
2024-09-28 20:00:00,260451.74088717965,0,62347.97452759452
2024-09-28 22:00:00,260451.74088717965,0,62225.46663246627
2024-09-29 00:00:00,260451.74088717965,0,61302.13215025129
2024-09-29 02:00:00,260451.74088717965,1,60628.96334908931
2024-09-29 04:00:00,258503.90959538808,1,60151.67524392423
2024-09-29 06:00:00,258291.50106985,1,60099.62758296806
2024-09-29 08:00:00,256839.61045639784,0,59638.48531588466
2024-09-29 10:00:00,256839.61045639784,1,60902.11797953797
2024-09-29 12:00:00,254142.05618701054,0,60350.60924759996
2024-09-29 14:00:00,254142.05618701054,0,61552.792531579275
2024-09-29 16:00:00,254142.05618701054,0,61152.49603629832
2024-09-29 18:00:00,254142.05618701054,0,61044.282941432066
2024-09-29 20:00:00,254142.05618701054,0,60691.34871780349
2024-09-29 22:00:00,254142.05618701054,0,60313.427791859445
2024-09-30 00:00:00,254142.05618701054,0,59936.79944429775
2024-09-30 02:00:00,254142.05618701054,0,59786.58619210419
2024-09-30 04:00:00,254142.05618701054,0,59770.787036370006
2024-09-30 06:00:00,254142.05618701054,0,60027.267342135565
2024-09-30 08:00:00,254142.05618701054,0,60113.948573011905
2024-09-30 10:00:00,254142.05618701054,0,60386.50438265386
2024-09-30 12:00:00,254142.05618701054,0,60730.05970800604
2024-09-30 14:00:00,254142.05618701054,0,60505.76486386318
2024-09-30 16:00:00,254142.05618701054,0,60261.83358493503
2024-09-30 18:00:00,254142.05618701054,0,60355.588523397746
2024-09-30 20:00:00,254142.05618701054,0,60917.620078856904
2024-09-30 22:00:00,254142.05618701054,0,61416.840148853815
2024-10-01 00:00:00,254142.05618701054,0,60967.595757773066
2024-10-01 02:00:00,254142.05618701054,0,60604.96419514827
2024-10-01 04:00:00,254142.05618701054,0,60624.05307674516
2024-10-01 06:00:00,254142.05618701054,0,60837.03226693201
2024-10-01 08:00:00,254142.05618701054,0,60359.34823517547
2024-10-01 10:00:00,254142.05618701054,0,60309.76267729453
2024-10-01 12:00:00,254142.05618701054,0,60569.09517353535
2024-10-01 14:00:00,254142.05618701054,0,60968.399720913505
2024-10-01 16:00:00,254142.05618701054,0,61305.45485013337
2024-10-01 18:00:00,254142.05618701054,0,61005.44892918755
2024-10-01 20:00:00,254142.05618701054,0,60482.688527077655
2024-10-01 22:00:00,254142.05618701054,0,60430.54192321775
2024-10-02 00:00:00,254142.05618701054,0,60226.10957683604
2024-10-02 02:00:00,254142.05618701054,0,59880.32077817811
2024-10-02 04:00:00,254142.05618701054,0,59851.34511794505
2024-10-02 06:00:00,254142.05618701054,0,60274.46736521232
2024-10-02 08:00:00,254142.05618701054,0,60149.12495617112
2024-10-02 10:00:00,254142.05618701054,0,60739.85815755444
2024-10-02 12:00:00,254142.05618701054,0,60470.13701297817
2024-10-02 14:00:00,254142.05618701054,0,60765.0113333609
2024-10-02 16:00:00,254142.05618701054,0,60700.52282451887
2024-10-02 18:00:00,254142.05618701054,0,60576.1148311586
2024-10-02 20:00:00,254142.05618701054,0,60692.56634236087
2024-10-02 22:00:00,254142.05618701054,0,60734.17622730311
2024-10-03 00:00:00,254142.05618701054,0,60341.59814407148
2024-10-03 02:00:00,254142.05618701054,0,60384.67426597149
2024-10-03 04:00:00,254142.05618701054,0,59698.5657552392
2024-10-03 06:00:00,254142.05618701054,1,59552.29842988023
2024-10-03 08:00:00,256806.78533238737,1,60209.58000025854
2024-10-03 10:00:00,259513.04190335388,0,60996.20931417914
2024-10-03 12:00:00,259513.04190335388,0,61000.53531104499
2024-10-03 14:00:00,259513.04190335388,0,60471.7682329983
2024-10-03 16:00:00,259513.04190335388,0,60512.194504214756
2024-10-03 18:00:00,259513.04190335388,0,61060.361485762594
2024-10-03 20:00:00,259513.04190335388,0,60728.74276337677
2024-10-03 22:00:00,259513.04190335388,0,61157.99924792994
2024-10-04 00:00:00,259513.04190335388,0,61201.09156613282
2024-10-04 02:00:00,259513.04190335388,0,61572.02266749802
2024-10-04 04:00:00,259513.04190335388,-1,61869.11182592689
2024-10-04 06:00:00,259445.33310484342,-1,61886.10350102292
2024-10-04 08:00:00,258548.12736552863,-1,62111.25929690328
2024-10-04 10:00:00,258667.2541465261,-1,62081.364163590115
2024-10-04 12:00:00,260084.3102687181,-1,61725.750746267404
2024-10-04 14:00:00,258577.40453407285,0,61980.17390203323
2024-10-04 16:00:00,258577.40453407285,0,61794.71854192768
2024-10-04 18:00:00,258577.40453407285,0,62432.023471270535
2024-10-04 20:00:00,258577.40453407285,0,62617.17331840846
2024-10-04 22:00:00,258577.40453407285,0,62389.81178772768
2024-10-05 00:00:00,258577.40453407285,0,62779.06930829735
2024-10-05 02:00:00,258577.40453407285,0,62807.21068962095
2024-10-05 04:00:00,258577.40453407285,0,62661.25434055162
2024-10-05 06:00:00,258577.40453407285,0,62556.72444156082
2024-10-05 08:00:00,258577.40453407285,0,62610.14009688691
2024-10-05 10:00:00,258577.40453407285,0,62784.47110679158
2024-10-05 12:00:00,258577.40453407285,0,62761.33545605009
2024-10-05 14:00:00,258577.40453407285,0,62839.21372852985
2024-10-05 16:00:00,258577.40453407285,0,63113.66479419634
2024-10-05 18:00:00,258577.40453407285,0,62989.024360266405
2024-10-05 20:00:00,258577.40453407285,0,63152.11330485774
2024-10-05 22:00:00,258577.40453407285,0,63090.330865279255
2024-10-06 00:00:00,258577.40453407285,0,63409.56789186901
2024-10-06 02:00:00,258577.40453407285,0,63567.94563324743
2024-10-06 04:00:00,258577.40453407285,0,63133.62489753839
2024-10-06 06:00:00,258577.40453407285,0,63157.09556810468
2024-10-06 08:00:00,258577.40453407285,0,63408.16060535222
2024-10-06 10:00:00,258577.40453407285,0,63711.65935260868
2024-10-06 12:00:00,258577.40453407285,0,63274.18744862194
2024-10-06 14:00:00,258577.40453407285,0,63532.838534327595
2024-10-06 16:00:00,258577.40453407285,0,63085.064143408264
2024-10-06 18:00:00,258577.40453407285,0,62981.8045042069
2024-10-06 20:00:00,258577.40453407285,0,63189.582130018935
2024-10-06 22:00:00,258577.40453407285,0,62279.75096495139
2024-10-07 00:00:00,258577.40453407285,0,62264.318584690256
2024-10-07 02:00:00,258577.40453407285,0,64085.88466256673
2024-10-07 04:00:00,258577.40453407285,-1,62623.23241444598
2024-10-07 06:00:00,252559.5593139795,0,66141.11975462595
2024-10-07 08:00:00,252559.5593139795,-1,65828.18058401004
2024-10-07 10:00:00,250110.73998488532,-1,66500.04428826841
2024-10-07 12:00:00,256450.14325928115,-1,64760.75102309366
2024-10-07 14:00:00,253551.28930336412,0,65424.43090163382
2024-10-07 16:00:00,253551.28930336412,0,65962.2543661401
2024-10-07 18:00:00,253551.28930336412,0,65265.42241909983
2024-10-07 20:00:00,253551.28930336412,0,66697.1257652839
2024-10-07 22:00:00,253551.28930336412,-1,63262.24118811532
2024-10-08 00:00:00,251914.65104403545,0,63565.55771213734
2024-10-08 02:00:00,251914.65104403545,0,63516.16060244767
2024-10-08 04:00:00,251914.65104403545,0,63493.39929699983
2024-10-08 06:00:00,251914.65104403545,0,63445.46338213228
2024-10-08 08:00:00,251914.65104403545,0,63251.43982473118
2024-10-08 10:00:00,251914.65104403545,0,63204.2133226648
2024-10-08 12:00:00,251914.65104403545,0,63164.794687386704
2024-10-08 14:00:00,251914.65104403545,0,63054.01029133119
2024-10-08 16:00:00,251914.65104403545,0,63094.17210274052
2024-10-08 18:00:00,251914.65104403545,0,63138.18761780114
2024-10-08 20:00:00,251914.65104403545,0,63176.55393274801
2024-10-08 22:00:00,251914.65104403545,0,63211.06940819138
2024-10-09 00:00:00,251914.65104403545,0,63283.7680409205
2024-10-09 02:00:00,251914.65104403545,0,63358.25918731304
2024-10-09 04:00:00,251914.65104403545,0,63345.167698629615
2024-10-09 06:00:00,251914.65104403545,0,63377.27112794304
2024-10-09 08:00:00,251914.65104403545,0,63243.09763874776
2024-10-09 10:00:00,251914.65104403545,0,63121.904696797785
2024-10-09 12:00:00,251914.65104403545,0,63156.58068220885
2024-10-09 14:00:00,251914.65104403545,0,63206.762517428186
2024-10-09 16:00:00,251914.65104403545,0,63258.11230675364
2024-10-09 18:00:00,251914.65104403545,0,63268.78176857396
2024-10-09 20:00:00,251914.65104403545,0,63069.87829356002
2024-10-09 22:00:00,251914.65104403545,0,63024.00357391884
2024-10-10 00:00:00,251914.65104403545,0,63149.125970925474
2024-10-10 02:00:00,251914.65104403545,0,63025.98792295105
2024-10-10 04:00:00,251914.65104403545,0,63144.46437227281
2024-10-10 06:00:00,251914.65104403545,0,63206.98652192716
2024-10-10 08:00:00,251914.65104403545,0,63322.37582054832
2024-10-10 10:00:00,251914.65104403545,0,63263.595426978434
2024-10-10 12:00:00,251914.65104403545,0,63423.103953555095
2024-10-10 14:00:00,251914.65104403545,0,63299.233380770325
2024-10-10 16:00:00,251914.65104403545,0,63564.646234372434
2024-10-10 18:00:00,251914.65104403545,-1,63667.734499123806
2024-10-10 20:00:00,251606.4477550026,-1,63749.728038546265
2024-10-10 22:00:00,251689.3767381137,-1,63727.66584424807
2024-10-11 00:00:00,253393.00158084894,-1,63274.43826467801
2024-10-11 02:00:00,251435.27677279583,0,63667.930418029755
2024-10-11 04:00:00,251435.27677279583,0,63295.051719376956
2024-10-11 06:00:00,251435.27677279583,0,64279.434905211936
2024-10-11 08:00:00,251435.27677279583,0,65190.678103076425
2024-10-11 10:00:00,251435.27677279583,-1,65075.2319854286
2024-10-11 12:00:00,253637.58454360682,-1,64475.24211117626
2024-10-11 14:00:00,254039.12257843543,0,64235.69787481017
2024-10-11 16:00:00,254039.12257843543,0,64864.70116008419
2024-10-11 18:00:00,254039.12257843543,-1,64970.92347646699
2024-10-11 20:00:00,254936.62873557908,-1,64729.30381749235
2024-10-11 22:00:00,254926.0408619229,0,64602.212355911935
2024-10-12 00:00:00,254926.0408619229,0,64960.788499647046
2024-10-12 02:00:00,254926.0408619229,0,65118.102029767324
2024-10-12 04:00:00,254926.0408619229,0,65092.51041709723
2024-10-12 06:00:00,254926.0408619229,0,64810.90780087193
2024-10-12 08:00:00,254926.0408619229,0,64456.59864380356
2024-10-12 10:00:00,254926.0408619229,0,64350.79234236162
2024-10-12 12:00:00,254926.0408619229,0,64059.14291760536
2024-10-12 14:00:00,254926.0408619229,0,64091.68993473714
2024-10-12 16:00:00,254926.0408619229,0,64715.10171875817
2024-10-12 18:00:00,254926.0408619229,0,65065.69790363916
2024-10-12 20:00:00,254926.0408619229,0,64996.08193750707
2024-10-12 22:00:00,254926.0408619229,0,65232.76607822583
2024-10-13 00:00:00,254926.0408619229,0,65177.642318251324
2024-10-13 02:00:00,254926.0408619229,0,65386.31352337987
2024-10-13 04:00:00,254926.0408619229,0,65423.79101211727
2024-10-13 06:00:00,254926.0408619229,0,65312.394388332024
2024-10-13 08:00:00,254926.0408619229,0,65251.586010342224
2024-10-13 10:00:00,254926.0408619229,0,65391.17519171797
2024-10-13 12:00:00,254926.0408619229,0,65374.46238352826
2024-10-13 14:00:00,254926.0408619229,0,65351.17736814051
2024-10-13 16:00:00,254926.0408619229,0,65311.04887643087
2024-10-13 18:00:00,254926.0408619229,0,65454.23343237739
2024-10-13 20:00:00,254926.0408619229,0,65572.74667204592
2024-10-13 22:00:00,254926.0408619229,0,65576.80187790845
2024-10-14 00:00:00,254926.0408619229,0,64913.68018005684
2024-10-14 02:00:00,254926.0408619229,0,66532.17602899113
2024-10-14 04:00:00,254926.0408619229,-1,67097.40546773834
2024-10-14 06:00:00,259435.55939907074,-1,65848.01526182336
2024-10-14 08:00:00,261315.7456791718,0,65192.903128051075
2024-10-14 10:00:00,261315.7456791718,0,65820.94653085795
2024-10-14 12:00:00,261315.7456791718,0,66531.47356603744
2024-10-14 14:00:00,261315.7456791718,0,67012.00032508679
2024-10-14 16:00:00,261315.7456791718,-1,66981.43939711378
2024-10-14 18:00:00,261484.3573783462,0,66801.98263633503
2024-10-14 20:00:00,261484.3573783462,0,66675.74328335456
2024-10-14 22:00:00,261484.3573783462,0,66355.2947736925
2024-10-15 00:00:00,261484.3573783462,0,66715.8743568852
2024-10-15 02:00:00,261484.3573783462,0,66674.04222056085
2024-10-15 04:00:00,261484.3573783462,0,66597.58504148996
2024-10-15 06:00:00,261484.3573783462,0,66626.12561903014
2024-10-15 08:00:00,261484.3573783462,0,66484.96514057707
2024-10-15 10:00:00,261484.3573783462,0,66737.814924717
2024-10-15 12:00:00,261484.3573783462,0,66463.66670183983
2024-10-15 14:00:00,261484.3573783462,0,66739.46582183756
2024-10-15 16:00:00,261484.3573783462,0,66602.39079094885
2024-10-15 18:00:00,261484.3573783462,0,66501.26403014114
2024-10-15 20:00:00,261484.3573783462,0,66612.43279540604
2024-10-15 22:00:00,261484.3573783462,0,66773.68843991464
2024-10-16 00:00:00,261484.3573783462,0,66721.8583881217
2024-10-16 02:00:00,261484.3573783462,0,66648.46930613086
2024-10-16 04:00:00,261484.3573783462,0,66803.20002612362
2024-10-16 06:00:00,261484.3573783462,0,67235.4939279277
2024-10-16 08:00:00,261484.3573783462,0,67195.7419812104
2024-10-16 10:00:00,261484.3573783462,0,67404.81578647078
2024-10-16 12:00:00,261484.3573783462,0,67479.29626794158
2024-10-16 14:00:00,261484.3573783462,0,66967.56047175542
2024-10-16 16:00:00,261484.3573783462,0,67267.23983792533
2024-10-16 18:00:00,261484.3573783462,0,67608.75672864298
2024-10-16 20:00:00,261484.3573783462,0,67427.59540176023
2024-10-16 22:00:00,261484.3573783462,0,67245.29810641469
2024-10-17 00:00:00,261484.3573783462,0,67546.34844393854
2024-10-17 02:00:00,261484.3573783462,0,67538.73807075681
2024-10-17 04:00:00,261484.3573783462,0,67557.9680744703
2024-10-17 06:00:00,261484.3573783462,0,67687.83518086508
2024-10-17 08:00:00,261484.3573783462,0,67486.14306844657
2024-10-17 10:00:00,261484.3573783462,0,67424.00020024231
2024-10-17 12:00:00,261484.3573783462,0,67369.48474998197
2024-10-17 14:00:00,261484.3573783462,0,67505.50886640266
2024-10-17 16:00:00,261484.3573783462,0,67611.31363255577
2024-10-17 18:00:00,261484.3573783462,0,67746.68316393778
2024-10-17 20:00:00,261484.3573783462,0,67664.83670258145
2024-10-17 22:00:00,261484.3573783462,0,67615.7640746914
2024-10-18 00:00:00,261484.3573783462,0,67818.27075614821
2024-10-18 02:00:00,261484.3573783462,0,67892.2551238412
2024-10-18 04:00:00,261484.3573783462,0,67909.03434519663
2024-10-18 06:00:00,261484.3573783462,0,67895.23519644573
2024-10-18 08:00:00,261484.3573783462,0,67919.96365289157
2024-10-18 10:00:00,261484.3573783462,0,67887.54341203497
2024-10-18 12:00:00,261484.3573783462,0,67820.29184138341
2024-10-18 14:00:00,261484.3573783462,0,67810.07833120142
2024-10-18 16:00:00,261484.3573783462,0,67717.9829974138
2024-10-18 18:00:00,261484.3573783462,0,67714.06289605304
2024-10-18 20:00:00,261484.3573783462,0,67773.44779692707
2024-10-18 22:00:00,261484.3573783462,0,67914.76055955017
2024-10-19 00:00:00,261484.3573783462,0,67747.945734212
2024-10-19 02:00:00,261484.3573783462,0,67990.15529758378
2024-10-19 04:00:00,261484.3573783462,0,67950.92501615941
2024-10-19 06:00:00,261484.3573783462,0,67879.12904758083
2024-10-19 08:00:00,261484.3573783462,0,67742.51305562112
2024-10-19 10:00:00,261484.3573783462,0,67944.2023149335
2024-10-19 12:00:00,261484.3573783462,0,67867.74389413426
2024-10-19 14:00:00,261484.3573783462,0,68246.87372815543
2024-10-19 16:00:00,261484.3573783462,-1,68283.34075821545
2024-10-19 18:00:00,261280.725315921,-1,68339.31543596144
2024-10-19 20:00:00,260850.16112939143,-1,68457.66954632563
2024-10-19 22:00:00,261658.02397320454,-1,68235.60303181487
2024-10-20 00:00:00,260501.8637414219,0,68416.84335782968
2024-10-20 02:00:00,260501.8637414219,-1,68394.1109005435
2024-10-20 04:00:00,260024.7978504487,0,68389.16736614883
2024-10-20 06:00:00,260024.7978504487,0,68389.26791114251
2024-10-20 08:00:00,260024.7978504487,0,68401.52216689443
2024-10-20 10:00:00,260024.7978504487,0,68400.95010052064
2024-10-20 12:00:00,260024.7978504487,0,68421.8113830785
2024-10-20 14:00:00,260024.7978504487,0,68427.7090932273
2024-10-20 16:00:00,260024.7978504487,0,68422.808306291
2024-10-20 18:00:00,260024.7978504487,0,68440.42791153652
2024-10-20 20:00:00,260024.7978504487,0,68426.88319679677
2024-10-20 22:00:00,260024.7978504487,0,68446.02565142949
2024-10-21 00:00:00,260024.7978504487,0,68464.06262227739
2024-10-21 02:00:00,260024.7978504487,0,68439.4646892983
2024-10-21 04:00:00,260024.7978504487,0,68413.0799287421
2024-10-21 06:00:00,260024.7978504487,0,68426.62552934357
2024-10-21 08:00:00,260024.7978504487,0,68414.40799402464
2024-10-21 10:00:00,260024.7978504487,0,68376.44766299607
2024-10-21 12:00:00,260024.7978504487,0,68352.08023516992
2024-10-21 14:00:00,260024.7978504487,0,68361.17043831779
2024-10-21 16:00:00,260024.7978504487,0,68348.386409194
2024-10-21 18:00:00,260024.7978504487,0,68329.80640802236
2024-10-21 20:00:00,260024.7978504487,0,68307.18612703154
2024-10-21 22:00:00,260024.7978504487,0,68345.01748915478
2024-10-22 00:00:00,260024.7978504487,0,65583.3756297076
2024-10-22 02:00:00,260024.7978504487,1,62559.086942833506
2024-10-22 04:00:00,264773.0527129169,1,63761.589615952944
2024-10-22 06:00:00,263519.4448020494,1,63444.111530314076
2024-10-22 08:00:00,273337.3816590889,1,65930.51878036023
2024-10-22 10:00:00,272236.3562972551,0,65776.8006282427
2024-10-22 12:00:00,272236.3562972551,0,70871.82026001316
2024-10-22 14:00:00,272236.3562972551,0,72573.96005755675
2024-10-22 16:00:00,272236.3562972551,-1,71678.17308674564
2024-10-22 18:00:00,265774.63849053707,0,73325.69138110505
2024-10-22 20:00:00,265774.63849053707,-1,71424.90876842003
2024-10-22 22:00:00,275633.59015794576,0,68493.09249737214
2024-10-23 00:00:00,275633.59015794576,0,69161.19502501996
2024-10-23 02:00:00,275633.59015794576,0,69470.42336411448
2024-10-23 04:00:00,275633.59015794576,0,69753.96860378442
2024-10-23 06:00:00,275633.59015794576,0,69490.07940499678
2024-10-23 08:00:00,275633.59015794576,0,68858.95083812073
2024-10-23 10:00:00,275633.59015794576,0,69263.43674715856
2024-10-23 12:00:00,275633.59015794576,0,69533.20717412824
2024-10-23 14:00:00,275633.59015794576,0,69575.85034115866
2024-10-23 16:00:00,275633.59015794576,0,69222.28619956427
2024-10-23 18:00:00,275633.59015794576,0,69390.17622516949
2024-10-23 20:00:00,275633.59015794576,0,69827.26031385423
2024-10-23 22:00:00,275633.59015794576,0,69582.16882180837
2024-10-24 00:00:00,275633.59015794576,0,70031.82269693598
2024-10-24 02:00:00,275633.59015794576,0,69974.01740433025
2024-10-24 04:00:00,275633.59015794576,0,69898.62616398007
2024-10-24 06:00:00,275633.59015794576,0,69820.43588077275
2024-10-24 08:00:00,275633.59015794576,0,69855.86013247105
2024-10-24 10:00:00,275633.59015794576,0,69911.46721819328
2024-10-24 12:00:00,275633.59015794576,0,69923.65188758195
2024-10-24 14:00:00,275633.59015794576,0,69952.01405626429
2024-10-24 16:00:00,275633.59015794576,0,69847.63202460334
2024-10-24 18:00:00,275633.59015794576,0,69842.17026701153
2024-10-24 20:00:00,275633.59015794576,0,69888.02954720201
2024-10-24 22:00:00,275633.59015794576,0,69928.00901425013
2024-10-25 00:00:00,275633.59015794576,0,69984.84308219857
2024-10-25 02:00:00,275633.59015794576,0,70069.22434943401
2024-10-25 04:00:00,275633.59015794576,0,69663.73353842716
2024-10-25 06:00:00,275633.59015794576,0,69559.85696581121
2024-10-25 08:00:00,275633.59015794576,0,69397.19286244959
2024-10-25 10:00:00,275633.59015794576,0,69326.70328539563
2024-10-25 12:00:00,275633.59015794576,0,70079.12771391649
2024-10-25 14:00:00,275633.59015794576,0,70286.53340291018
2024-10-25 16:00:00,275633.59015794576,0,70066.80692285138
2024-10-25 18:00:00,275633.59015794576,0,70643.18352780046
2024-10-25 20:00:00,275633.59015794576,-1,71256.62587379321
2024-10-25 22:00:00,278985.6243494791,-1,70344.45133319392
2024-10-26 00:00:00,277636.4152484247,0,70569.09250816288
2024-10-26 02:00:00,277636.4152484247,0,70644.35915369798
2024-10-26 04:00:00,277636.4152484247,0,70608.8716727533
2024-10-26 06:00:00,277636.4152484247,0,70655.08511289161
2024-10-26 08:00:00,277636.4152484247,0,70604.26646581011
2024-10-26 10:00:00,277636.4152484247,0,70647.98213288069
2024-10-26 12:00:00,277636.4152484247,0,70743.21660929428
2024-10-26 14:00:00,277636.4152484247,0,70890.40478591352
2024-10-26 16:00:00,277636.4152484247,0,70929.50330212625
2024-10-26 18:00:00,277636.4152484247,0,71152.99976947502
2024-10-26 20:00:00,277636.4152484247,0,71088.35371307394
2024-10-26 22:00:00,277636.4152484247,0,71084.6067960164
2024-10-27 00:00:00,277636.4152484247,0,70671.69439852418
2024-10-27 02:00:00,277636.4152484247,0,70716.15485648334
2024-10-27 04:00:00,277636.4152484247,0,70664.06828205615
2024-10-27 06:00:00,277636.4152484247,0,70713.19449352208
2024-10-27 08:00:00,277636.4152484247,0,70904.39766385547
2024-10-27 10:00:00,277636.4152484247,0,70901.51347490468
2024-10-27 12:00:00,277636.4152484247,0,70874.08944406435
2024-10-27 14:00:00,277636.4152484247,0,70910.891642883
2024-10-27 16:00:00,277636.4152484247,0,71058.260992554
2024-10-27 18:00:00,277636.4152484247,0,71093.2246111759
2024-10-27 20:00:00,277636.4152484247,0,71240.13846397916
2024-10-27 22:00:00,277636.4152484247,0,71291.1783874082
2024-10-28 00:00:00,277636.4152484247,0,71871.42320682041
2024-10-28 02:00:00,277636.4152484247,-1,72727.14022681626
2024-10-28 04:00:00,276048.5476348938,-1,73164.97552146175
2024-10-28 06:00:00,280341.4892066452,-1,71981.24879138252
2024-10-28 08:00:00,276829.66585908894,0,72804.13733561884
2024-10-28 10:00:00,276829.66585908894,-1,71824.91239812846
2024-10-28 12:00:00,276415.57968854834,0,71794.35397779816
2024-10-28 14:00:00,276415.57968854834,0,71895.38000886828
2024-10-28 16:00:00,276415.57968854834,0,71748.48040039111
2024-10-28 18:00:00,276415.57968854834,0,72507.97703030302
2024-10-28 20:00:00,276415.57968854834,0,71824.5340433158
2024-10-28 22:00:00,276415.57968854834,0,71378.08458680907
2024-10-29 00:00:00,276415.57968854834,0,71356.27155770245
2024-10-29 02:00:00,276415.57968854834,0,71251.19379960437
2024-10-29 04:00:00,276415.57968854834,0,71378.66481540076
2024-10-29 06:00:00,276415.57968854834,0,71441.04282659288
2024-10-29 08:00:00,276415.57968854834,0,71514.36561641215
2024-10-29 10:00:00,276415.57968854834,0,71452.18431249801
2024-10-29 12:00:00,276415.57968854834,0,71580.42290317811
2024-10-29 14:00:00,276415.57968854834,0,71572.48980666843
2024-10-29 16:00:00,276415.57968854834,0,71544.56426915227
2024-10-29 18:00:00,276415.57968854834,0,71432.25792965543
2024-10-29 20:00:00,276415.57968854834,0,71426.5987948564
2024-10-29 22:00:00,276415.57968854834,0,71525.66639405407
2024-10-30 00:00:00,276415.57968854834,0,71683.16875786922
2024-10-30 02:00:00,276415.57968854834,0,71990.72732191683
2024-10-30 04:00:00,276415.57968854834,0,72407.46596707084
2024-10-30 06:00:00,276415.57968854834,0,72425.7002966407
2024-10-30 08:00:00,276415.57968854834,0,71960.32941841228
2024-10-30 10:00:00,276415.57968854834,0,71847.47411716434
2024-10-30 12:00:00,276415.57968854834,0,71509.71360446408
2024-10-30 14:00:00,276415.57968854834,0,71582.73652938813
2024-10-30 16:00:00,276415.57968854834,0,71168.69026212965
2024-10-30 18:00:00,276415.57968854834,0,71356.70879496913
2024-10-30 20:00:00,276415.57968854834,0,71415.53983417722
2024-10-30 22:00:00,276415.57968854834,0,71175.03890789262
2024-10-31 00:00:00,276415.57968854834,0,70337.64322669912
2024-10-31 02:00:00,276415.57968854834,1,70667.84162852836
2024-10-31 04:00:00,276715.59579253726,0,70889.9157364071
2024-10-31 06:00:00,276715.59579253726,0,71618.66560335463
2024-10-31 08:00:00,276715.59579253726,0,71514.44751581355
2024-10-31 10:00:00,276715.59579253726,0,71624.39925062354
2024-10-31 12:00:00,276715.59579253726,0,71127.07704294345
2024-10-31 14:00:00,276715.59579253726,0,71006.60099361981
2024-10-31 16:00:00,276715.59579253726,0,71195.73839940043
2024-10-31 18:00:00,276715.59579253726,0,70865.46493971537
2024-10-31 20:00:00,276715.59579253726,0,70610.21345111582
2024-10-31 22:00:00,276715.59579253726,0,70637.64853568216
2024-11-01 00:00:00,276715.59579253726,0,70543.47077955712
2024-11-01 02:00:00,276715.59579253726,0,70535.83484135679
2024-11-01 04:00:00,276715.59579253726,0,70528.5991431664
2024-11-01 06:00:00,276715.59579253726,0,70493.62760315236
2024-11-01 08:00:00,276715.59579253726,0,70469.85868567588
2024-11-01 10:00:00,276715.59579253726,0,70488.35858191371
2024-11-01 12:00:00,276715.59579253726,0,70473.96930823235
2024-11-01 14:00:00,276715.59579253726,0,70446.98405046445
2024-11-01 16:00:00,276715.59579253726,0,70438.39445081569
2024-11-01 18:00:00,276715.59579253726,0,70442.48326307045
2024-11-01 20:00:00,276715.59579253726,0,70435.91232855796
2024-11-01 22:00:00,276715.59579253726,0,70385.33703049464
2024-11-02 00:00:00,276715.59579253726,0,69581.69421775159
2024-11-02 02:00:00,276715.59579253726,1,69534.26924549027
2024-11-02 04:00:00,275714.6879868294,1,69269.51939169687
2024-11-02 06:00:00,275492.0266826079,1,69210.62331015778
2024-11-02 08:00:00,276251.94341055444,1,69411.62867895568
2024-11-02 10:00:00,276223.5998629534,0,69543.20007331354
2024-11-02 12:00:00,276223.5998629534,0,69412.74278981425
2024-11-02 14:00:00,276223.5998629534,0,69346.0999205627
2024-11-02 16:00:00,276223.5998629534,0,69152.99954411353
2024-11-02 18:00:00,276223.5998629534,0,69495.23671669184
2024-11-02 20:00:00,276223.5998629534,0,69555.44523513548
2024-11-02 22:00:00,276223.5998629534,0,69365.49156026577
2024-11-03 00:00:00,276223.5998629534,0,62304.557784185854
2024-11-03 02:00:00,276223.5998629534,1,75303.21574207328
2024-11-03 04:00:00,263163.9635233412,0,71523.96441682952
2024-11-03 06:00:00,263163.9635233412,0,72861.06761188609
2024-11-03 08:00:00,263163.9635233412,0,77765.00409081522
2024-11-03 10:00:00,263163.9635233412,-1,87788.32263109223
2024-11-03 12:00:00,272947.5841028801,-1,84352.85129808499
2024-11-03 14:00:00,293170.4240013692,-1,77251.69828643285
2024-11-03 16:00:00,312181.24361715175,0,70400.56372515927
2024-11-03 18:00:00,312181.24361715175,0,68381.08805227457
2024-11-03 20:00:00,312181.24361715175,0,64644.60385396526
2024-11-03 22:00:00,312181.24361715175,0,65734.34376002451
2024-11-04 00:00:00,312181.24361715175,0,68977.07897954328
2024-11-04 02:00:00,312181.24361715175,0,68648.099029113
2024-11-04 04:00:00,312181.24361715175,0,68678.9395172251
2024-11-04 06:00:00,312181.24361715175,0,68491.60673823033
2024-11-04 08:00:00,312181.24361715175,0,68305.13083362559
2024-11-04 10:00:00,312181.24361715175,0,68268.1982119932
2024-11-04 12:00:00,312181.24361715175,0,68582.18317556214
2024-11-04 14:00:00,312181.24361715175,0,68658.61190288409
2024-11-04 16:00:00,312181.24361715175,0,68658.03273015184
2024-11-04 18:00:00,312181.24361715175,0,68462.04944437851
2024-11-04 20:00:00,312181.24361715175,0,68663.86743059679
2024-11-04 22:00:00,312181.24361715175,0,68576.47025895219
2024-11-05 00:00:00,312181.24361715175,0,68991.00814732153
2024-11-05 02:00:00,312181.24361715175,0,68846.01811925333
2024-11-05 04:00:00,312181.24361715175,0,68770.33624958062
2024-11-05 06:00:00,312181.24361715175,0,68725.32601731896
2024-11-05 08:00:00,312181.24361715175,0,69592.19286899964
2024-11-05 10:00:00,312181.24361715175,0,69477.84017059514
2024-11-05 12:00:00,312181.24361715175,0,69049.39816331948
2024-11-05 14:00:00,312181.24361715175,0,69136.4530411497
2024-11-05 16:00:00,312181.24361715175,0,68663.32016799158
2024-11-05 18:00:00,312181.24361715175,0,68428.37636249639
2024-11-05 20:00:00,312181.24361715175,0,68127.78559574709
2024-11-05 22:00:00,312181.24361715175,0,67982.02875227871
2024-11-06 00:00:00,312181.24361715175,0,68243.96605478137
2024-11-06 02:00:00,312181.24361715175,0,68512.19270474583
2024-11-06 04:00:00,312181.24361715175,0,68948.26353731929
2024-11-06 06:00:00,312181.24361715175,0,68791.99578192054
2024-11-06 08:00:00,312181.24361715175,0,68797.8681006784
2024-11-06 10:00:00,312181.24361715175,0,69195.04659310757
2024-11-06 12:00:00,312181.24361715175,0,69580.81200536345
2024-11-06 14:00:00,312181.24361715175,-1,69758.56045603164
2024-11-06 16:00:00,313571.27269709075,-1,69431.6031967939
2024-11-06 18:00:00,313905.97218694753,0,69213.35935753387
2024-11-06 20:00:00,313905.97218694753,0,69770.67318040814
2024-11-06 22:00:00,313905.97218694753,0,70082.66456016753
2024-11-07 00:00:00,313905.97218694753,-1,64848.774036398136
2024-11-07 02:00:00,303726.7739953227,0,72480.88951394858
2024-11-07 04:00:00,303726.7739953227,-1,59323.8600714917
2024-11-07 06:00:00,332229.48740191717,1,53345.059752429144
2024-11-07 08:00:00,432763.0800120364,1,70337.02562090596
2024-11-07 10:00:00,505756.2296546359,0,82780.85674132666
2024-11-07 12:00:00,505756.2296546359,-1,93186.79942660657
2024-11-07 14:00:00,580743.9329818776,-1,78642.94221325399
2024-11-07 16:00:00,583981.1009527462,0,77828.72022519897
2024-11-07 18:00:00,583981.1009527462,0,74519.50288107959
2024-11-07 20:00:00,583981.1009527462,0,76670.90271358668
2024-11-07 22:00:00,583981.1009527462,0,63455.345031318495
2024-11-08 00:00:00,583981.1009527462,0,70127.15048163291
2024-11-08 02:00:00,583981.1009527462,0,71168.02689267647
2024-11-08 04:00:00,583981.1009527462,0,72099.4372317517
2024-11-08 06:00:00,583981.1009527462,0,72731.0923215874
2024-11-08 08:00:00,583981.1009527462,0,73208.68291993965
2024-11-08 10:00:00,583981.1009527462,0,73675.71610206224
2024-11-08 12:00:00,583981.1009527462,0,72598.10691614528
2024-11-08 14:00:00,583981.1009527462,0,71640.39285505546
2024-11-08 16:00:00,583981.1009527462,0,72419.51944586704
2024-11-08 18:00:00,583981.1009527462,0,72447.78079808575
2024-11-08 20:00:00,583981.1009527462,0,73046.61185944869
2024-11-08 22:00:00,583981.1009527462,0,74793.81784191956
2024-11-09 00:00:00,583981.1009527462,0,72229.81639091083
2024-11-09 02:00:00,583981.1009527462,0,74526.48162140755
2024-11-09 04:00:00,583981.1009527462,0,70464.5140474602
2024-11-09 06:00:00,583981.1009527462,0,73047.18796562204
2024-11-09 08:00:00,583981.1009527462,0,72914.63728619496
2024-11-09 10:00:00,583981.1009527462,0,75357.7489803477
2024-11-09 12:00:00,583981.1009527462,0,75507.6556207397
2024-11-09 14:00:00,583981.1009527462,0,77790.64561996552
2024-11-09 16:00:00,583981.1009527462,0,73496.7666558809
2024-11-09 18:00:00,583981.1009527462,0,75932.57352783305
2024-11-09 20:00:00,583981.1009527462,0,78909.48552735182
2024-11-09 22:00:00,583981.1009527462,0,76486.8710373646
2024-11-10 00:00:00,583981.1009527462,0,77386.9849400506
2024-11-10 02:00:00,583981.1009527462,0,77379.46333307434
2024-11-10 04:00:00,583981.1009527462,0,77553.52706673891
2024-11-10 06:00:00,583981.1009527462,0,76738.801434447
2024-11-10 08:00:00,583981.1009527462,0,77395.29274996
2024-11-10 10:00:00,583981.1009527462,0,78252.68530683125
2024-11-10 12:00:00,583981.1009527462,0,77952.9586494773
2024-11-10 14:00:00,583981.1009527462,0,78258.32456550097
2024-11-10 16:00:00,583981.1009527462,0,78310.89084174833
2024-11-10 18:00:00,583981.1009527462,0,78878.17234698797
2024-11-10 20:00:00,583981.1009527462,0,79158.9675753074
2024-11-10 22:00:00,583981.1009527462,0,78977.02141303328
2024-11-11 00:00:00,583981.1009527462,0,80376.077647577
2024-11-11 02:00:00,583981.1009527462,0,79787.13032182155
2024-11-11 04:00:00,583981.1009527462,0,80053.9395803359
2024-11-11 06:00:00,583981.1009527462,0,80795.92187512232
2024-11-11 08:00:00,583981.1009527462,0,80968.18314936856
2024-11-11 10:00:00,583981.1009527462,0,80872.61978989243
2024-11-11 12:00:00,583981.1009527462,0,81047.06699852292
2024-11-11 14:00:00,583981.1009527462,0,81682.11483549031
2024-11-11 16:00:00,583981.1009527462,0,81383.86397282174
2024-11-11 18:00:00,583981.1009527462,0,81519.4223947126
2024-11-11 20:00:00,583981.1009527462,0,81614.52865474363
2024-11-11 22:00:00,583981.1009527462,0,80964.42433304164
2024-11-12 00:00:00,583981.1009527462,0,80743.45805017716
2024-11-12 02:00:00,583981.1009527462,0,88877.3832677706
2024-11-12 04:00:00,583981.1009527462,-1,88604.54535708172
2024-11-12 06:00:00,615637.3570828381,-1,83548.70729812284
2024-11-12 08:00:00,569117.2155646996,0,91299.35992131302
2024-11-12 10:00:00,569117.2155646996,-1,90871.45430156599
2024-11-12 12:00:00,584906.5984888002,-1,88217.65969217687
2024-11-12 14:00:00,602908.7932482848,0,85010.20465539602
2024-11-12 16:00:00,602908.7932482848,0,82449.20325308811
2024-11-12 18:00:00,602908.7932482848,0,78794.43816340649
2024-11-12 20:00:00,602908.7932482848,0,74948.83856506585
2024-11-12 22:00:00,602908.7932482848,0,80929.13659651202
2024-11-13 00:00:00,602908.7932482848,0,82047.24006513134
2024-11-13 02:00:00,602908.7932482848,0,83240.78871615017
2024-11-13 04:00:00,602908.7932482848,0,84015.01434921288
2024-11-13 06:00:00,602908.7932482848,0,82835.53586456976
2024-11-13 08:00:00,602908.7932482848,0,83421.48218213883
2024-11-13 10:00:00,602908.7932482848,0,83697.42502500143
2024-11-13 12:00:00,602908.7932482848,0,85042.24276436675
2024-11-13 14:00:00,602908.7932482848,0,84529.83547239938
2024-11-13 16:00:00,602908.7932482848,0,85276.6145192499
2024-11-13 18:00:00,602908.7932482848,0,85499.64375282274
2024-11-13 20:00:00,602908.7932482848,0,84044.26345635894
2024-11-13 22:00:00,602908.7932482848,0,83806.1233892653
2024-11-14 00:00:00,602908.7932482848,0,84163.91218324183
2024-11-14 02:00:00,602908.7932482848,0,84393.50885974128
2024-11-14 04:00:00,602908.7932482848,0,84199.90182235665
2024-11-14 06:00:00,602908.7932482848,0,84646.5222923836
2024-11-14 08:00:00,602908.7932482848,0,84194.2382206466
2024-11-14 10:00:00,602908.7932482848,0,84676.70702128908
2024-11-14 12:00:00,602908.7932482848,0,84494.10969878269
2024-11-14 14:00:00,602908.7932482848,0,84524.86485459669
2024-11-14 16:00:00,602908.7932482848,0,84582.81228404077
2024-11-14 18:00:00,602908.7932482848,0,84620.70961886634
2024-11-14 20:00:00,602908.7932482848,0,84760.14623954667
2024-11-14 22:00:00,602908.7932482848,0,85100.22624647498
2024-11-15 00:00:00,602908.7932482848,0,85639.96040591461
2024-11-15 02:00:00,602908.7932482848,0,85811.80706471938
2024-11-15 04:00:00,602908.7932482848,0,85481.57474892041
2024-11-15 06:00:00,602908.7932482848,0,86176.92352195935
2024-11-15 08:00:00,602908.7932482848,0,85976.52053402532
2024-11-15 10:00:00,602908.7932482848,0,85512.20689193519
2024-11-15 12:00:00,602908.7932482848,0,85591.58878030018
2024-11-15 14:00:00,602908.7932482848,0,85092.67951890476
2024-11-15 16:00:00,602908.7932482848,0,86191.78653978926
2024-11-15 18:00:00,602908.7932482848,0,86550.98161667326
2024-11-15 20:00:00,602908.7932482848,-1,86748.12412698727
2024-11-15 22:00:00,602012.3760991486,-1,86883.89137821936
2024-11-16 00:00:00,611534.1481227879,-1,85441.76723350189
2024-11-16 02:00:00,608563.5651000133,0,85718.18193568819
2024-11-16 04:00:00,608563.5651000133,0,84792.59990213046
2024-11-16 06:00:00,608563.5651000133,0,85417.255097198
2024-11-16 08:00:00,608563.5651000133,0,85484.72634716476
2024-11-16 10:00:00,608563.5651000133,0,85338.10123308422
2024-11-16 12:00:00,608563.5651000133,0,86450.55156639835
2024-11-16 14:00:00,608563.5651000133,0,84417.53976671552
2024-11-16 16:00:00,608563.5651000133,0,83619.33548603987
2024-11-16 18:00:00,608563.5651000133,1,87588.08384123284
2024-11-16 20:00:00,612516.1953577464,-1,88362.08740866507
2024-11-16 22:00:00,616525.541165793,-1,87753.25424435176
2024-11-17 00:00:00,612956.3952187491,0,88118.51734747729
2024-11-17 02:00:00,612956.3952187491,-1,88137.35965885788
2024-11-17 04:00:00,610096.0927884044,0,88394.0160600173
2024-11-17 06:00:00,610096.0927884044,0,88543.4341323053
2024-11-17 08:00:00,610096.0927884044,0,88821.31353202586
2024-11-17 10:00:00,610096.0927884044,0,89112.71446186
2024-11-17 12:00:00,610096.0927884044,0,88528.58467451944
2024-11-17 14:00:00,610096.0927884044,0,88447.62312072093
2024-11-17 16:00:00,610096.0927884044,0,88851.19664161529
2024-11-17 18:00:00,610096.0927884044,0,88992.79176273267
2024-11-17 20:00:00,610096.0927884044,0,88957.23347825978
2024-11-17 22:00:00,610096.0927884044,0,88827.02675116083
2024-11-18 00:00:00,610096.0927884044,0,88811.15166941752
2024-11-18 02:00:00,610096.0927884044,0,88553.81873479724
2024-11-18 04:00:00,610096.0927884044,0,88479.6476285886
2024-11-18 06:00:00,610096.0927884044,0,88199.06967324825
2024-11-18 08:00:00,610096.0927884044,0,87923.68550111624
2024-11-18 10:00:00,610096.0927884044,0,87722.45132580944
2024-11-18 12:00:00,610096.0927884044,0,87893.59054010331
2024-11-18 14:00:00,610096.0927884044,0,88068.03025321693
2024-11-18 16:00:00,610096.0927884044,0,88022.94483546316
2024-11-18 18:00:00,610096.0927884044,0,88095.6606561282
2024-11-18 20:00:00,610096.0927884044,0,88039.28091817908
2024-11-18 22:00:00,610096.0927884044,0,87986.33597397857
2024-11-19 00:00:00,610096.0927884044,0,87864.81245681677
2024-11-19 02:00:00,610096.0927884044,0,88814.96941515962
2024-11-19 04:00:00,610096.0927884044,0,88503.91784067501
2024-11-19 06:00:00,610096.0927884044,0,89796.02767154203
2024-11-19 08:00:00,610096.0927884044,-1,89744.83985575564
2024-11-19 10:00:00,606534.9798112621,-1,90296.24827126609
2024-11-19 12:00:00,606892.9570948421,-1,90240.81849748621
2024-11-19 14:00:00,607771.2904619288,-1,90104.81595745338
2024-11-19 16:00:00,607691.3271675424,0,89937.70792183449
2024-11-19 18:00:00,607691.3271675424,0,89841.663224156
2024-11-19 20:00:00,607691.3271675424,0,90602.42730653717
2024-11-19 22:00:00,607691.3271675424,-1,89740.53610567124
2024-11-20 00:00:00,598969.3494332123,0,91138.82661711419
2024-11-20 02:00:00,598969.3494332123,-1,91573.91658283985
2024-11-20 04:00:00,599895.0095668664,-1,91424.94784276288
2024-11-20 06:00:00,597430.8899553773,0,91638.35678089666
2024-11-20 08:00:00,597430.8899553773,0,91671.7905457549
2024-11-20 10:00:00,597430.8899553773,0,92424.80111855049
2024-11-20 12:00:00,597430.8899553773,-1,92776.58720472547
2024-11-20 14:00:00,596347.0038504563,-1,92953.76559943962
2024-11-20 16:00:00,594861.6639030244,0,93011.01482492806
2024-11-20 18:00:00,594861.6639030244,0,91630.59742890042
2024-11-20 20:00:00,594861.6639030244,0,91581.47299037084
2024-11-20 22:00:00,594861.6639030244,0,91788.6569752594
2024-11-21 00:00:00,594861.6639030244,0,92011.92612204833
2024-11-21 02:00:00,594861.6639030244,0,91942.85400817881
2024-11-21 04:00:00,594861.6639030244,0,92169.48225586352
2024-11-21 06:00:00,594861.6639030244,0,92279.93699396847
2024-11-21 08:00:00,594861.6639030244,0,92046.46417418362
2024-11-21 10:00:00,594861.6639030244,0,92110.83950994554
2024-11-21 12:00:00,594861.6639030244,0,92074.36742328598
2024-11-21 14:00:00,594861.6639030244,0,92253.63300690176
2024-11-21 16:00:00,594861.6639030244,0,92434.14496892813
2024-11-21 18:00:00,594861.6639030244,0,92353.88012020384
2024-11-21 20:00:00,594861.6639030244,0,92110.83686670742
2024-11-21 22:00:00,594861.6639030244,0,92518.41970475737
2024-11-22 00:00:00,594861.6639030244,0,92566.93103771181
2024-11-22 02:00:00,594861.6639030244,0,89998.07433957262
2024-11-22 04:00:00,594861.6639030244,0,89827.58195294734
2024-11-22 06:00:00,594861.6639030244,1,92962.70721359404
2024-11-22 08:00:00,598593.0968607583,0,93762.45797614986
2024-11-22 10:00:00,598593.0968607583,-1,94590.35235098231
2024-11-22 12:00:00,590603.878690659,-1,95919.2631018426
2024-11-22 14:00:00,593379.467159048,-1,95457.57720504099
2024-11-22 16:00:00,599466.6182751952,-1,94445.05252638915
2024-11-22 18:00:00,586087.2995723559,0,96481.36123564924
2024-11-22 20:00:00,586087.2995723559,-1,93012.1415164903
2024-11-22 22:00:00,571096.507322656,0,95330.37087260807
2024-11-23 00:00:00,571096.507322656,0,94664.47710246636
2024-11-23 02:00:00,571096.507322656,0,94461.04343161642
2024-11-23 04:00:00,571096.507322656,0,94791.65531560987
2024-11-23 06:00:00,571096.507322656,0,95594.72421548932
2024-11-23 08:00:00,571096.507322656,0,94579.13800831881
2024-11-23 10:00:00,571096.507322656,0,93936.28163468179
2024-11-23 12:00:00,571096.507322656,0,93683.76434917838
2024-11-23 14:00:00,571096.507322656,0,93688.23572171459
2024-11-23 16:00:00,571096.507322656,0,94178.97368810153
2024-11-23 18:00:00,571096.507322656,0,94224.14533067301
2024-11-23 20:00:00,571096.507322656,0,93862.66398319784
2024-11-23 22:00:00,571096.507322656,0,93338.37393134653
2024-11-24 00:00:00,571096.507322656,0,93383.16129991636
2024-11-24 02:00:00,571096.507322656,0,93681.38547326408
2024-11-24 04:00:00,571096.507322656,0,93374.9425957556
2024-11-24 06:00:00,571096.507322656,0,93206.7595298289
2024-11-24 08:00:00,571096.507322656,0,93189.3722564273
2024-11-24 10:00:00,571096.507322656,0,92942.57826501389
2024-11-24 12:00:00,571096.507322656,0,93258.20346362093
2024-11-24 14:00:00,571096.507322656,0,93224.30509549752
2024-11-24 16:00:00,571096.507322656,0,93186.03582330218
2024-11-24 18:00:00,571096.507322656,0,92840.61921424889
2024-11-24 20:00:00,571096.507322656,0,92771.41648047727
2024-11-24 22:00:00,571096.507322656,0,92709.15073960193
2024-11-25 00:00:00,571096.507322656,0,88823.21440413407
2024-11-25 02:00:00,571096.507322656,1,87050.04086697001
2024-11-25 04:00:00,569519.0562218515,1,86796.9410824604
2024-11-25 06:00:00,582722.0870758651,1,88915.34859589797
2024-11-25 08:00:00,589362.5699224159,0,90154.90470136832
2024-11-25 10:00:00,589362.5699224159,0,91747.54571062175
2024-11-25 12:00:00,589362.5699224159,0,92135.07263851716
2024-11-25 14:00:00,589362.5699224159,0,90132.90830120645
2024-11-25 16:00:00,589362.5699224159,0,92800.36084571628
2024-11-25 18:00:00,589362.5699224159,0,89657.99180599944
2024-11-25 20:00:00,589362.5699224159,0,93765.75851489611
2024-11-25 22:00:00,589362.5699224159,0,93197.9789164963
2024-11-26 00:00:00,589362.5699224159,0,93831.0275419268
2024-11-26 02:00:00,589362.5699224159,0,94139.33438465036
2024-11-26 04:00:00,589362.5699224159,0,94171.0721091019
2024-11-26 06:00:00,589362.5699224159,0,94339.2717052166
2024-11-26 08:00:00,589362.5699224159,0,94208.8978289573
2024-11-26 10:00:00,589362.5699224159,0,93894.08056114228
2024-11-26 12:00:00,589362.5699224159,0,93663.41095082511
2024-11-26 14:00:00,589362.5699224159,0,93395.41674460772
2024-11-26 16:00:00,589362.5699224159,0,93123.79229225457
2024-11-26 18:00:00,589362.5699224159,0,93194.09162013102
2024-11-26 20:00:00,589362.5699224159,0,93871.2391005334
2024-11-26 22:00:00,589362.5699224159,0,94116.16183112665
2024-11-27 00:00:00,589362.5699224159,0,94086.70283675943
2024-11-27 02:00:00,589362.5699224159,0,94088.21805058404
2024-11-27 04:00:00,589362.5699224159,0,94031.26736931193
2024-11-27 06:00:00,589362.5699224159,0,94103.2441869254
2024-11-27 08:00:00,589362.5699224159,0,94081.90015826932
2024-11-27 10:00:00,589362.5699224159,0,94124.37334484958
2024-11-27 12:00:00,589362.5699224159,0,94075.18568295504
2024-11-27 14:00:00,589362.5699224159,0,94038.80860365155
2024-11-27 16:00:00,589362.5699224159,0,94021.17832312502
2024-11-27 18:00:00,589362.5699224159,0,94026.13201289826
2024-11-27 20:00:00,589362.5699224159,0,94012.92318814452
2024-11-27 22:00:00,589362.5699224159,0,93947.5686656912
2024-11-28 00:00:00,589362.5699224159,0,93510.00490835513
2024-11-28 02:00:00,589362.5699224159,0,93538.35366810994
2024-11-28 04:00:00,589362.5699224159,0,93574.85025694105
2024-11-28 06:00:00,589362.5699224159,0,93343.24553863777
2024-11-28 08:00:00,589362.5699224159,0,93541.69511454544
2024-11-28 10:00:00,589362.5699224159,0,93596.25957431093
2024-11-28 12:00:00,589362.5699224159,0,93349.66295179965
2024-11-28 14:00:00,589362.5699224159,0,93524.96772283503
2024-11-28 16:00:00,589362.5699224159,0,93468.49537785735
2024-11-28 18:00:00,589362.5699224159,0,93549.8581451023
2024-11-28 20:00:00,589362.5699224159,0,93574.38801944055
2024-11-28 22:00:00,589362.5699224159,0,93402.89223821225
2024-11-29 00:00:00,589362.5699224159,0,92993.6735169821
2024-11-29 02:00:00,589362.5699224159,1,92864.06822991943
2024-11-29 04:00:00,589349.800899268,1,92861.95036028349
2024-11-29 06:00:00,589586.9033267337,1,92901.27615881359
2024-11-29 08:00:00,588413.1370659771,0,92892.3234732113
2024-11-29 10:00:00,588413.1370659771,0,92747.16081367564
2024-11-29 12:00:00,588413.1370659771,0,92850.46313869422
2024-11-29 14:00:00,588413.1370659771,0,92749.19129875323
2024-11-29 16:00:00,588413.1370659771,0,92614.03218728097
2024-11-29 18:00:00,588413.1370659771,0,92445.3416356353
2024-11-29 20:00:00,588413.1370659771,0,92468.75028631384
2024-11-29 22:00:00,588413.1370659771,0,92224.17466420651
2024-11-30 00:00:00,588413.1370659771,0,92228.528266694
2024-11-30 02:00:00,588413.1370659771,0,92217.04300022675
2024-11-30 04:00:00,588413.1370659771,0,92224.22077217432
2024-11-30 06:00:00,588413.1370659771,0,92167.14574071334
2024-11-30 08:00:00,588413.1370659771,0,92064.27023702284
2024-11-30 10:00:00,588413.1370659771,0,92053.32390216175
2024-11-30 12:00:00,588413.1370659771,0,91929.67012099629
2024-11-30 14:00:00,588413.1370659771,0,92023.17725254853
2024-11-30 16:00:00,588413.1370659771,0,91938.18381826751
2024-11-30 18:00:00,588413.1370659771,0,91738.45531206421
2024-11-30 20:00:00,588413.1370659771,0,91784.11480377633
2024-11-30 22:00:00,588413.1370659771,0,91462.02642862324
2024-12-01 00:00:00,588413.1370659771,0,91731.66613065483
2024-12-01 02:00:00,588413.1370659771,0,91715.03881148856
2024-12-01 04:00:00,588413.1370659771,0,93046.19823425249
2024-12-01 06:00:00,588413.1370659771,0,92450.51787578098
2024-12-01 08:00:00,588413.1370659771,0,91306.58679135871
2024-12-01 10:00:00,588413.1370659771,0,92029.93373905109
2024-12-01 12:00:00,588413.1370659771,0,91149.71350378197
2024-12-01 14:00:00,588413.1370659771,1,93609.05138297933
2024-12-01 16:00:00,584265.7563179858,-1,93101.74783959401
2024-12-01 18:00:00,583407.2077639607,0,93059.55301970831
2024-12-01 20:00:00,583407.2077639607,0,93178.66220445209
2024-12-01 22:00:00,583407.2077639607,0,90777.21886718016
2024-12-02 00:00:00,583407.2077639607,1,90406.56384271068
2024-12-02 02:00:00,589041.9940609201,1,91325.70458463019
2024-12-02 04:00:00,590232.1691339415,0,91700.65788764424
2024-12-02 06:00:00,590232.1691339415,0,91681.21508559932
2024-12-02 08:00:00,590232.1691339415,0,91699.04958864441
2024-12-02 10:00:00,590232.1691339415,0,92478.3220081346
2024-12-02 12:00:00,590232.1691339415,0,92733.42960361835
2024-12-02 14:00:00,590232.1691339415,0,92734.89286788854
2024-12-02 16:00:00,590232.1691339415,0,92364.11044057904
2024-12-02 18:00:00,590232.1691339415,0,92238.41564560737
2024-12-02 20:00:00,590232.1691339415,0,92131.73850467536
2024-12-02 22:00:00,590232.1691339415,0,92482.98917377795
2024-12-03 00:00:00,590232.1691339415,0,91939.79992646798
2024-12-03 02:00:00,590232.1691339415,0,91992.1178031455
2024-12-03 04:00:00,590232.1691339415,0,91964.72365879867
2024-12-03 06:00:00,590232.1691339415,0,91898.69786088068
2024-12-03 08:00:00,590232.1691339415,0,91954.84329182781
2024-12-03 10:00:00,590232.1691339415,0,91880.43481746891
2024-12-03 12:00:00,590232.1691339415,0,91826.23488349363
2024-12-03 14:00:00,590232.1691339415,0,91788.04416300468
2024-12-03 16:00:00,590232.1691339415,0,91841.9131545543
2024-12-03 18:00:00,590232.1691339415,0,91778.99031180234
2024-12-03 20:00:00,590232.1691339415,0,91761.47833625879
2024-12-03 22:00:00,590232.1691339415,0,91733.60928614945
2024-12-04 00:00:00,590232.1691339415,0,90893.76197677568
2024-12-04 02:00:00,590232.1691339415,0,90991.37180426857
2024-12-04 04:00:00,590232.1691339415,0,91779.79054158223
2024-12-04 06:00:00,590232.1691339415,0,94048.28881131455
2024-12-04 08:00:00,590232.1691339415,-1,93652.54474644379
2024-12-04 10:00:00,583177.1735109605,0,94882.97647618315
2024-12-04 12:00:00,583177.1735109605,-1,94486.07554959919
2024-12-04 14:00:00,592444.9345706339,-1,92905.48814262859
2024-12-04 16:00:00,596359.3470548159,0,92048.92529315583
2024-12-04 18:00:00,596359.3470548159,0,92345.2617410078
2024-12-04 20:00:00,596359.3470548159,0,93719.98646550681
2024-12-04 22:00:00,596359.3470548159,0,92550.62742137574
2024-12-05 00:00:00,596359.3470548159,0,93576.36558498826
2024-12-05 02:00:00,596359.3470548159,0,94115.45117998004
2024-12-05 04:00:00,596359.3470548159,0,94808.95422925072
2024-12-05 06:00:00,596359.3470548159,-1,93883.33902420774
2024-12-05 08:00:00,598696.2122735704,0,93308.32312227813
2024-12-05 10:00:00,598696.2122735704,0,93031.5678311349
2024-12-05 12:00:00,598696.2122735704,0,93183.97017773298
2024-12-05 14:00:00,598696.2122735704,0,94001.62189661975
2024-12-05 16:00:00,598696.2122735704,0,93801.0028796385
2024-12-05 18:00:00,598696.2122735704,0,94612.97767234541
2024-12-05 20:00:00,598696.2122735704,0,94576.24212739577
2024-12-05 22:00:00,598696.2122735704,0,94894.27902129198
2024-12-06 00:00:00,598696.2122735704,0,95444.31883360827
2024-12-06 02:00:00,598696.2122735704,0,95557.54624745555
2024-12-06 04:00:00,598696.2122735704,0,94987.8698590095
2024-12-06 06:00:00,598696.2122735704,0,94741.0612706043
2024-12-06 08:00:00,598696.2122735704,0,94332.98207263074
2024-12-06 10:00:00,598696.2122735704,0,94688.1770445631
2024-12-06 12:00:00,598696.2122735704,0,94786.158865209
2024-12-06 14:00:00,598696.2122735704,0,94165.17545051615
2024-12-06 16:00:00,598696.2122735704,0,93794.51715971768
2024-12-06 18:00:00,598696.2122735704,0,94008.56542610677
2024-12-06 20:00:00,598696.2122735704,0,94114.70534093166
2024-12-06 22:00:00,598696.2122735704,0,94168.60364759975
2024-12-07 00:00:00,598696.2122735704,0,93972.93797956208
2024-12-07 02:00:00,598696.2122735704,0,94035.59935367502
2024-12-07 04:00:00,598696.2122735704,0,94018.35988075372
2024-12-07 06:00:00,598696.2122735704,0,94195.99758766995
2024-12-07 08:00:00,598696.2122735704,0,94412.686346112
2024-12-07 10:00:00,598696.2122735704,0,94303.87451638556
2024-12-07 12:00:00,598696.2122735704,0,94179.610234658
2024-12-07 14:00:00,598696.2122735704,0,93791.04593296994
2024-12-07 16:00:00,598696.2122735704,0,93762.52335323347
2024-12-07 18:00:00,598696.2122735704,0,93730.68424565901
2024-12-07 20:00:00,598696.2122735704,0,93966.77874509909
2024-12-07 22:00:00,598696.2122735704,0,93880.7636556779
2024-12-08 00:00:00,598696.2122735704,0,93409.6565077997
2024-12-08 02:00:00,598696.2122735704,0,93853.37911029636
2024-12-08 04:00:00,598696.2122735704,0,93843.42878041565
2024-12-08 06:00:00,598696.2122735704,0,93655.28843058416
2024-12-08 08:00:00,598696.2122735704,0,93631.24330311203
2024-12-08 10:00:00,598696.2122735704,0,93543.31720112418
2024-12-08 12:00:00,598696.2122735704,0,93590.45553459648
2024-12-08 14:00:00,598696.2122735704,0,94240.96332689174
2024-12-08 16:00:00,598696.2122735704,0,94225.46621405639
2024-12-08 18:00:00,598696.2122735704,0,94215.46530055128
2024-12-08 20:00:00,598696.2122735704,0,94196.155809015
2024-12-08 22:00:00,598696.2122735704,0,93530.16785096047
2024-12-09 00:00:00,598696.2122735704,0,93201.63162723239
2024-12-09 02:00:00,598696.2122735704,1,93118.25274618546
2024-12-09 04:00:00,598758.4051519228,1,93128.43503378188
2024-12-09 06:00:00,598436.8601827542,1,93075.79133183423
2024-12-09 08:00:00,597093.6239468283,0,93042.11169859118
2024-12-09 10:00:00,597093.6239468283,0,92947.30346989496
2024-12-09 12:00:00,597093.6239468283,0,92943.37492079263
2024-12-09 14:00:00,597093.6239468283,0,92957.86935132566
2024-12-09 16:00:00,597093.6239468283,0,93011.3617426126
2024-12-09 18:00:00,597093.6239468283,0,93015.6347382918
2024-12-09 20:00:00,597093.6239468283,0,93068.49361896607
2024-12-09 22:00:00,597093.6239468283,0,92958.27409164055
2024-12-10 00:00:00,597093.6239468283,0,91303.62107404339
2024-12-10 02:00:00,597093.6239468283,1,93087.56971891125
2024-12-10 04:00:00,600389.4025804123,0,93814.60339292847
2024-12-10 06:00:00,600389.4025804123,0,90523.94499413534
2024-12-10 08:00:00,600389.4025804123,1,89916.53143431405
2024-12-10 10:00:00,620047.3414778986,1,93015.5266306646
2024-12-10 12:00:00,634940.6380425912,0,95543.2281426364
2024-12-10 14:00:00,634940.6380425912,-1,101795.69123273846
2024-12-10 16:00:00,628480.7968213847,-1,102885.86194355552
2024-12-10 18:00:00,657166.3094537599,-1,98044.85972295488
2024-12-10 20:00:00,656403.1988676415,0,97970.05181698874
2024-12-10 22:00:00,656403.1988676415,0,91856.3594253276
2024-12-11 00:00:00,656403.1988676415,0,91594.04602389112
2024-12-11 02:00:00,656403.1988676415,0,91675.78794620735
2024-12-11 04:00:00,656403.1988676415,0,92497.32494411276
2024-12-11 06:00:00,656403.1988676415,0,93013.52086326473
2024-12-11 08:00:00,656403.1988676415,0,94563.54041021763
2024-12-11 10:00:00,656403.1988676415,0,94729.71670266424
2024-12-11 12:00:00,656403.1988676415,0,94043.5394671296
2024-12-11 14:00:00,656403.1988676415,0,93207.35878356037
2024-12-11 16:00:00,656403.1988676415,0,93224.35340069539
2024-12-11 18:00:00,656403.1988676415,0,93972.37251676033
2024-12-11 20:00:00,656403.1988676415,0,94730.04947318048
2024-12-11 22:00:00,656403.1988676415,0,94615.90271480971
2024-12-12 00:00:00,656403.1988676415,0,94543.97376800064
2024-12-12 02:00:00,656403.1988676415,0,95682.60558068583
2024-12-12 04:00:00,656403.1988676415,0,95741.24876041918
2024-12-12 06:00:00,656403.1988676415,0,95431.90182806672
2024-12-12 08:00:00,656403.1988676415,0,96554.63406874867
2024-12-12 10:00:00,656403.1988676415,0,95074.3437905876
2024-12-12 12:00:00,656403.1988676415,0,95495.20612868888
2024-12-12 14:00:00,656403.1988676415,0,95799.29447260036
2024-12-12 16:00:00,656403.1988676415,0,96763.60848391974
2024-12-12 18:00:00,656403.1988676415,0,97017.79362496358
2024-12-12 20:00:00,656403.1988676415,0,97259.13438556726
2024-12-12 22:00:00,656403.1988676415,0,96296.1301125517
2024-12-13 00:00:00,656403.1988676415,0,95903.71921067122
2024-12-13 02:00:00,656403.1988676415,0,95573.94560544434
2024-12-13 04:00:00,656403.1988676415,0,96162.8898503603
2024-12-13 06:00:00,656403.1988676415,0,95996.58588570076
2024-12-13 08:00:00,656403.1988676415,0,95745.48295301612
2024-12-13 10:00:00,656403.1988676415,0,96472.8185606141
2024-12-13 12:00:00,656403.1988676415,0,96861.51215993341
2024-12-13 14:00:00,656403.1988676415,0,96593.53035972323
2024-12-13 16:00:00,656403.1988676415,0,97746.72692112738
2024-12-13 18:00:00,656403.1988676415,0,97448.51028064074
2024-12-13 20:00:00,656403.1988676415,0,96805.35629099823
2024-12-13 22:00:00,656403.1988676415,0,96937.6803075712
2024-12-14 00:00:00,656403.1988676415,0,95219.66579434113
2024-12-14 02:00:00,656403.1988676415,0,93883.8639247489
2024-12-14 04:00:00,656403.1988676415,0,95815.28524038476
2024-12-14 06:00:00,656403.1988676415,0,95014.26801315598
2024-12-14 08:00:00,656403.1988676415,0,92733.73348080718
2024-12-14 10:00:00,656403.1988676415,1,95490.04824376038
2024-12-14 12:00:00,679811.7808214662,0,99265.61368103078
2024-12-14 14:00:00,679811.7808214662,-1,99172.9562610257
2024-12-14 16:00:00,677100.8683239544,-1,99589.24672960269
2024-12-14 18:00:00,683265.9040600437,-1,98642.5375983688
2024-12-14 20:00:00,689358.7052095653,0,97508.57497088132
2024-12-14 22:00:00,689358.7052095653,0,98080.05565400519
2024-12-15 00:00:00,689358.7052095653,0,97139.60016711612
2024-12-15 02:00:00,689358.7052095653,0,102106.91689375056
2024-12-15 04:00:00,689358.7052095653,-1,101751.88649427805
2024-12-15 06:00:00,724357.7802891488,-1,96313.99963082546
2024-12-15 08:00:00,723663.5433184709,0,96218.36105411389
2024-12-15 10:00:00,723663.5433184709,0,96649.27992003575
2024-12-15 12:00:00,723663.5433184709,0,96886.31440866405
2024-12-15 14:00:00,723663.5433184709,0,100329.69001796322
2024-12-15 16:00:00,723663.5433184709,0,98594.04781317695
2024-12-15 18:00:00,723663.5433184709,0,101831.35677401628
2024-12-15 20:00:00,723663.5433184709,0,101404.23425632312
2024-12-15 22:00:00,723663.5433184709,0,99517.67108620824
2024-12-16 00:00:00,723663.5433184709,0,99139.76102644205
2024-12-16 02:00:00,723663.5433184709,0,99439.32931839832
2024-12-16 04:00:00,723663.5433184709,0,99500.79471742596
2024-12-16 06:00:00,723663.5433184709,0,100005.2252617217
2024-12-16 08:00:00,723663.5433184709,0,100110.86339332152
2024-12-16 10:00:00,723663.5433184709,0,100182.26448213412
2024-12-16 12:00:00,723663.5433184709,0,101072.86257895222
2024-12-16 14:00:00,723663.5433184709,0,100806.18457680073
2024-12-16 16:00:00,723663.5433184709,0,100851.04484383759
2024-12-16 18:00:00,723663.5433184709,0,101058.2680341031
2024-12-16 20:00:00,723663.5433184709,0,100365.73369195471
2024-12-16 22:00:00,723663.5433184709,0,100825.36935666909
2024-12-17 00:00:00,723663.5433184709,0,100390.11883923053
2024-12-17 02:00:00,723663.5433184709,0,100635.65477935901
2024-12-17 04:00:00,723663.5433184709,0,100919.36686184867
2024-12-17 06:00:00,723663.5433184709,0,101094.27139312975
2024-12-17 08:00:00,723663.5433184709,0,100762.82790734242
2024-12-17 10:00:00,723663.5433184709,0,100986.41390142933
2024-12-17 12:00:00,723663.5433184709,0,101089.45340595602
2024-12-17 14:00:00,723663.5433184709,0,101167.73912560646
2024-12-17 16:00:00,723663.5433184709,0,101057.85913654245
2024-12-17 18:00:00,723663.5433184709,0,101572.8874226715
2024-12-17 20:00:00,723663.5433184709,0,101438.65028270886
2024-12-17 22:00:00,723663.5433184709,0,101385.80014273844
2024-12-18 00:00:00,723663.5433184709,0,101484.64137618264
2024-12-18 02:00:00,723663.5433184709,0,100973.63341191963
2024-12-18 04:00:00,723663.5433184709,0,100762.4273784204
2024-12-18 06:00:00,723663.5433184709,0,100504.30739984482
2024-12-18 08:00:00,723663.5433184709,0,100363.45838760768
2024-12-18 10:00:00,723663.5433184709,0,100352.87533318842
2024-12-18 12:00:00,723663.5433184709,0,100095.22701217185
2024-12-18 14:00:00,723663.5433184709,0,99850.01203153968
2024-12-18 16:00:00,723663.5433184709,0,100058.77714547799
2024-12-18 18:00:00,723663.5433184709,0,100095.04205077297
2024-12-18 20:00:00,723663.5433184709,0,100087.61837242529
2024-12-18 22:00:00,723663.5433184709,0,100145.79057012811
2024-12-19 00:00:00,723663.5433184709,0,95357.11551376346
2024-12-19 02:00:00,723663.5433184709,1,100869.70866145147
2024-12-19 04:00:00,707874.6071207083,0,98085.72397333113
2024-12-19 06:00:00,707874.6071207083,0,99376.71908002568
2024-12-19 08:00:00,707874.6071207083,0,100281.82873159296
2024-12-19 10:00:00,707874.6071207083,0,100528.75436023665
2024-12-19 12:00:00,707874.6071207083,0,99696.47241870838
2024-12-19 14:00:00,707874.6071207083,0,103794.16431382613
2024-12-19 16:00:00,707874.6071207083,-1,96766.19470003243
2024-12-19 18:00:00,716019.7626601408,1,95400.62049647297
2024-12-19 20:00:00,733751.8917277539,1,97887.54996552478
2024-12-19 22:00:00,729670.2412953591,0,97505.9001091912
2024-12-20 00:00:00,729670.2412953591,0,102044.891002795
2024-12-20 02:00:00,729670.2412953591,0,95791.95701529927
2024-12-20 04:00:00,729670.2412953591,0,129878.77680559825
2024-12-20 06:00:00,729670.2412953591,-1,162463.14143335517
2024-12-20 08:00:00,850888.7295197321,-1,134052.99512459242
2024-12-20 10:00:00,867570.0554932193,0,129818.44318582969
2024-12-20 12:00:00,867570.0554932193,0,103455.99067126749
2024-12-20 14:00:00,867570.0554932193,0,100536.56492756125
2024-12-20 16:00:00,867570.0554932193,0,108758.60873335329
2024-12-20 18:00:00,867570.0554932193,0,101002.16580974661
2024-12-20 20:00:00,867570.0554932193,0,65148.028374137924
2024-12-20 22:00:00,867570.0554932193,1,76149.52318838908
2024-12-21 00:00:00,1063105.1237100048,0,94367.89214558172
2024-12-21 02:00:00,1063105.1237100048,0,91937.55050616876
2024-12-21 04:00:00,1063105.1237100048,0,90649.5585612256
2024-12-21 06:00:00,1063105.1237100048,0,91041.54761196689
2024-12-21 08:00:00,1063105.1237100048,0,90781.13114545275
2024-12-21 10:00:00,1063105.1237100048,0,88565.18272679942
2024-12-21 12:00:00,1063105.1237100048,0,88282.12263957447
2024-12-21 14:00:00,1063105.1237100048,0,88923.56860532046
2024-12-21 16:00:00,1063105.1237100048,0,89762.62572009658
2024-12-21 18:00:00,1063105.1237100048,0,88481.78567146847
2024-12-21 20:00:00,1063105.1237100048,0,89421.62366974996
2024-12-21 22:00:00,1063105.1237100048,0,92865.57921417001
2024-12-22 00:00:00,1063105.1237100048,0,93053.8508593216
2024-12-22 02:00:00,1063105.1237100048,0,90727.90101241674
2024-12-22 04:00:00,1063105.1237100048,0,90010.64703290032
2024-12-22 06:00:00,1063105.1237100048,0,94422.06986703524
2024-12-22 08:00:00,1063105.1237100048,0,93153.95316423319
2024-12-22 10:00:00,1063105.1237100048,0,94364.42481213018
2024-12-22 12:00:00,1063105.1237100048,0,96388.2864310957
2024-12-22 14:00:00,1063105.1237100048,0,97689.23601826014
2024-12-22 16:00:00,1063105.1237100048,0,98832.81511229016
2024-12-22 18:00:00,1063105.1237100048,0,92157.92034848785
2024-12-22 20:00:00,1063105.1237100048,0,94622.15162975817
2024-12-22 22:00:00,1063105.1237100048,0,91227.32695201942
2024-12-23 00:00:00,1063105.1237100048,0,91560.66164935978
2024-12-23 02:00:00,1063105.1237100048,0,91213.767525393
2024-12-23 04:00:00,1063105.1237100048,0,91043.7964103561
2024-12-23 06:00:00,1063105.1237100048,0,91636.09151177954
2024-12-23 08:00:00,1063105.1237100048,0,91523.62451538704
2024-12-23 10:00:00,1063105.1237100048,0,91278.46163279335
2024-12-23 12:00:00,1063105.1237100048,0,91027.20033828645
2024-12-23 14:00:00,1063105.1237100048,0,91022.8628777454
2024-12-23 16:00:00,1063105.1237100048,0,90698.46575768801
2024-12-23 18:00:00,1063105.1237100048,0,90665.95465804641
2024-12-23 20:00:00,1063105.1237100048,0,90260.85140439915
2024-12-23 22:00:00,1063105.1237100048,0,90260.30265994064
2024-12-24 00:00:00,1063105.1237100048,0,89915.57228483602
2024-12-24 02:00:00,1063105.1237100048,0,88796.11699544537
2024-12-24 04:00:00,1063105.1237100048,0,89595.81995488817
2024-12-24 06:00:00,1063105.1237100048,0,89354.73413499616
2024-12-24 08:00:00,1063105.1237100048,0,90217.08211785025
2024-12-24 10:00:00,1063105.1237100048,0,90300.94084147304
2024-12-24 12:00:00,1063105.1237100048,0,88919.550034403
2024-12-24 14:00:00,1063105.1237100048,0,88846.36743764128
2024-12-24 16:00:00,1063105.1237100048,0,88686.88606778093
2024-12-24 18:00:00,1063105.1237100048,0,88644.77684769442
2024-12-24 20:00:00,1063105.1237100048,0,87310.84103001669
2024-12-24 22:00:00,1063105.1237100048,0,87579.50771796344
2024-12-25 00:00:00,1063105.1237100048,0,87709.16992032512
2024-12-25 02:00:00,1063105.1237100048,0,87831.44105838123
2024-12-25 04:00:00,1063105.1237100048,0,87770.9305237625
2024-12-25 06:00:00,1063105.1237100048,0,87624.68706748952
2024-12-25 08:00:00,1063105.1237100048,0,87558.87173416911
2024-12-25 10:00:00,1063105.1237100048,0,87649.44508995232
2024-12-25 12:00:00,1063105.1237100048,0,87470.39567684224
2024-12-25 14:00:00,1063105.1237100048,0,87094.75961480069
2024-12-25 16:00:00,1063105.1237100048,0,87299.91615672165
2024-12-25 18:00:00,1063105.1237100048,0,87701.68207411685
2024-12-25 20:00:00,1063105.1237100048,0,87873.45373700456
2024-12-25 22:00:00,1063105.1237100048,0,87952.94322346087
2024-12-26 00:00:00,1063105.1237100048,0,87204.89004106297
2024-12-26 02:00:00,1063105.1237100048,0,87564.42663627671
2024-12-26 04:00:00,1063105.1237100048,0,87317.79580633921
2024-12-26 06:00:00,1063105.1237100048,0,87056.282319404
2024-12-26 08:00:00,1063105.1237100048,0,87099.25038093088
2024-12-26 10:00:00,1063105.1237100048,0,87204.73677297137
2024-12-26 12:00:00,1063105.1237100048,0,87065.79549362212
2024-12-26 14:00:00,1063105.1237100048,0,86973.10090246891
2024-12-26 16:00:00,1063105.1237100048,0,87450.53639230742
2024-12-26 18:00:00,1063105.1237100048,0,87801.21011360202
2024-12-26 20:00:00,1063105.1237100048,0,88091.00523100447
2024-12-26 22:00:00,1063105.1237100048,0,88239.39160867142
2024-12-27 00:00:00,1063105.1237100048,0,88396.16576044171
2024-12-27 02:00:00,1063105.1237100048,0,88655.02649321809
2024-12-27 04:00:00,1063105.1237100048,-1,88853.609737206
2024-12-27 06:00:00,1063413.2254180508,-1,88826.5034918305
2024-12-27 08:00:00,1061333.3390804806,-1,89009.48822689382
2024-12-27 10:00:00,1058807.7889470647,-1,89231.68167742253
2024-12-27 12:00:00,1062588.4566261384,-1,88899.06519683832
2024-12-27 14:00:00,1061959.4322734969,0,88776.69843152112
2024-12-27 16:00:00,1061959.4322734969,0,88636.52377112494
2024-12-27 18:00:00,1061959.4322734969,0,88670.33831026916
2024-12-27 20:00:00,1061959.4322734969,0,88958.74880243909
2024-12-27 22:00:00,1061959.4322734969,0,89004.80548112212
2024-12-28 00:00:00,1061959.4322734969,0,88990.50232106411
2024-12-28 02:00:00,1061959.4322734969,0,89095.456456142
2024-12-28 04:00:00,1061959.4322734969,0,89179.50664417922
2024-12-28 06:00:00,1061959.4322734969,0,89287.58080142365
2024-12-28 08:00:00,1061959.4322734969,0,89360.30489171819
2024-12-28 10:00:00,1061959.4322734969,0,89272.87084835979
2024-12-28 12:00:00,1061959.4322734969,0,89212.94866900868
2024-12-28 14:00:00,1061959.4322734969,0,89368.55472930582
2024-12-28 16:00:00,1061959.4322734969,0,89267.48680786625
2024-12-28 18:00:00,1061959.4322734969,0,89348.60189212911
2024-12-28 20:00:00,1061959.4322734969,0,89362.45489106716
2024-12-28 22:00:00,1061959.4322734969,0,89422.05498334863
2024-12-29 00:00:00,1061959.4322734969,0,89741.13255866201
2024-12-29 02:00:00,1061959.4322734969,0,89670.84052504788
2024-12-29 04:00:00,1061959.4322734969,0,89724.47228514962
2024-12-29 06:00:00,1061959.4322734969,0,89764.90735366143
2024-12-29 08:00:00,1061959.4322734969,0,89860.08323553177
2024-12-29 10:00:00,1061959.4322734969,0,89993.60263598787
2024-12-29 12:00:00,1061959.4322734969,-1,90013.74944462576
2024-12-29 14:00:00,1060696.3364489838,0,89946.41927386908
2024-12-29 16:00:00,1060696.3364489838,0,89845.65783499616
2024-12-29 18:00:00,1060696.3364489838,0,89932.13613779687
2024-12-29 20:00:00,1060696.3364489838,0,89911.53862860362
2024-12-29 22:00:00,1060696.3364489838,0,89900.89538536327
2024-12-30 00:00:00,1060696.3364489838,0,90007.35709791908
2024-12-30 02:00:00,1060696.3364489838,0,90017.60426853126
2024-12-30 04:00:00,1060696.3364489838,0,90210.42901048234
2024-12-30 06:00:00,1060696.3364489838,0,90197.55957591686
2024-12-30 08:00:00,1060696.3364489838,0,90052.17120561156
2024-12-30 10:00:00,1060696.3364489838,0,89497.26898577821
2024-12-30 12:00:00,1060696.3364489838,0,89423.96320240962
2024-12-30 14:00:00,1060696.3364489838,0,89620.74483857838
2024-12-30 16:00:00,1060696.3364489838,0,89697.67635195331
2024-12-30 18:00:00,1060696.3364489838,0,89657.11003367952
2024-12-30 20:00:00,1060696.3364489838,0,89863.48872016092
2024-12-30 22:00:00,1060696.3364489838,0,89608.46710235838
2024-12-31 00:00:00,1060696.3364489838,0,89430.59821513057
2024-12-31 02:00:00,1060696.3364489838,0,89498.54774903819
2024-12-31 04:00:00,1060696.3364489838,0,89492.75111538365
2024-12-31 06:00:00,1060696.3364489838,0,89552.27726606057
2024-12-31 08:00:00,1060696.3364489838,0,89515.17879419964
2024-12-31 10:00:00,1060696.3364489838,0,89440.46012467207
2024-12-31 12:00:00,1060696.3364489838,0,89285.20226121618
2024-12-31 14:00:00,1060696.3364489838,0,89416.58525424595
2024-12-31 16:00:00,1060696.3364489838,0,89491.37444074106
2024-12-31 18:00:00,1060696.3364489838,0,89506.03418174456
2024-12-31 20:00:00,1060696.3364489838,0,89636.84641791633
2024-12-31 22:00:00,1060696.3364489838,0,89711.42823445033
2025-01-01 00:00:00,1060696.3364489838,0,89855.6168116601
2025-01-01 02:00:00,1060696.3364489838,0,89775.52340924997
2025-01-01 04:00:00,1060696.3364489838,0,89872.87962353259
2025-01-01 06:00:00,1060696.3364489838,0,90005.1819743834
2025-01-01 08:00:00,1060696.3364489838,0,90000.88562875731
2025-01-01 10:00:00,1060696.3364489838,0,90079.44414309021
2025-01-01 12:00:00,1060696.3364489838,0,90128.05871742746
2025-01-01 14:00:00,1060696.3364489838,0,90160.88749742757
2025-01-01 16:00:00,1060696.3364489838,0,90152.05198075336
2025-01-01 18:00:00,1060696.3364489838,0,90234.04678976152
2025-01-01 20:00:00,1060696.3364489838,0,90351.61818080807
2025-01-01 22:00:00,1060696.3364489838,-1,90439.84621767058
2025-01-02 00:00:00,1053139.6753277932,0,90874.0959826419
2025-01-02 02:00:00,1053139.6753277932,0,91476.61211116647
2025-01-02 04:00:00,1053139.6753277932,-1,91371.9586215209
2025-01-02 06:00:00,1042716.1993817458,0,92859.85064332157
2025-01-02 08:00:00,1042716.1993817458,-1,90976.75540260342
2025-01-02 10:00:00,1044860.7925071457,0,90597.83844865626
2025-01-02 12:00:00,1044860.7925071457,0,90791.18217706971
2025-01-02 14:00:00,1044860.7925071457,0,91790.78034181068
2025-01-02 16:00:00,1044860.7925071457,0,92154.66409624137
2025-01-02 18:00:00,1044860.7925071457,0,91644.09266693158
2025-01-02 20:00:00,1044860.7925071457,0,92113.17895726034
2025-01-02 22:00:00,1044860.7925071457,0,91742.3180099597
2025-01-03 00:00:00,1044860.7925071457,0,91766.73125900222
2025-01-03 02:00:00,1044860.7925071457,0,92084.58895416597
2025-01-03 04:00:00,1044860.7925071457,0,91816.45447387578
2025-01-03 06:00:00,1044860.7925071457,0,91738.63876073144
2025-01-03 08:00:00,1044860.7925071457,0,91426.11730486147
2025-01-03 10:00:00,1044860.7925071457,0,91261.74946434304
2025-01-03 12:00:00,1044860.7925071457,0,91331.08538932815
2025-01-03 14:00:00,1044860.7925071457,0,90996.3639595117
2025-01-03 16:00:00,1044860.7925071457,0,90880.85141436856
2025-01-03 18:00:00,1044860.7925071457,0,90978.256277973
2025-01-03 20:00:00,1044860.7925071457,0,91271.19860450512
2025-01-03 22:00:00,1044860.7925071457,0,91097.33568868009
2025-01-04 00:00:00,1044860.7925071457,0,90545.83577186853
2025-01-04 02:00:00,1044860.7925071457,0,90701.57474844118
2025-01-04 04:00:00,1044860.7925071457,0,90991.94899274691
2025-01-04 06:00:00,1044860.7925071457,0,91208.9030558441
2025-01-04 08:00:00,1044860.7925071457,0,91285.44516378354
2025-01-04 10:00:00,1044860.7925071457,0,91277.63255907608
2025-01-04 12:00:00,1044860.7925071457,0,91024.90440110737
2025-01-04 14:00:00,1044860.7925071457,0,91079.88119571643
2025-01-04 16:00:00,1044860.7925071457,0,90603.85439606555
2025-01-04 18:00:00,1044860.7925071457,0,90641.4942737581
2025-01-04 20:00:00,1044860.7925071457,0,90846.7372667083
2025-01-04 22:00:00,1044860.7925071457,0,91217.06114099096
2025-01-05 00:00:00,1044860.7925071457,0,90946.83358401692
2025-01-05 02:00:00,1044860.7925071457,0,90996.51022638284
2025-01-05 04:00:00,1044860.7925071457,0,90935.79443901333
2025-01-05 06:00:00,1044860.7925071457,0,90976.85094706548
2025-01-05 08:00:00,1044860.7925071457,0,90610.98589811276
2025-01-05 10:00:00,1044860.7925071457,0,90645.41559592314
2025-01-05 12:00:00,1044860.7925071457,0,91065.08596183466
2025-01-05 14:00:00,1044860.7925071457,0,91337.37532616522
2025-01-05 16:00:00,1044860.7925071457,0,91648.53940684345
2025-01-05 18:00:00,1044860.7925071457,0,91930.38585333742
2025-01-05 20:00:00,1044860.7925071457,-1,91882.43152873241
2025-01-05 22:00:00,1046109.0724123913,-1,91766.88353194368
2025-01-06 00:00:00,1047030.9222665911,0,91497.78692274085
2025-01-06 02:00:00,1047030.9222665911,0,91755.27571218945
2025-01-06 04:00:00,1047030.9222665911,0,92275.55628697311
2025-01-06 06:00:00,1047030.9222665911,-1,92251.01066955231
2025-01-06 08:00:00,1042475.3048580671,-1,92673.51898754462
2025-01-06 10:00:00,1036635.9853951241,0,93257.73311878006
2025-01-06 12:00:00,1036635.9853951241,-1,92805.85696746792
2025-01-06 14:00:00,1039527.2449508732,0,92347.77908760168
2025-01-06 16:00:00,1039527.2449508732,0,92477.66554059986
2025-01-06 18:00:00,1039527.2449508732,0,92679.06837685176
2025-01-06 20:00:00,1039527.2449508732,0,93590.09052252905
2025-01-06 22:00:00,1039527.2449508732,-1,93191.7904410019
2025-01-07 00:00:00,1120865.0239335734,0,85329.83956869817
2025-01-07 02:00:00,1120865.0239335734,1,83604.63105195426
2025-01-07 04:00:00,1084564.213419609,0,70696.36616699611
2025-01-07 06:00:00,1084564.213419609,1,59957.329865632186
2025-01-07 08:00:00,1003839.638217828,1,55259.804038402566
2025-01-07 10:00:00,966517.7940393763,0,51827.709061386915
2025-01-07 12:00:00,966517.7940393763,1,58216.0459842594
2025-01-07 14:00:00,907494.0166378552,1,54473.76626785169
2025-01-07 16:00:00,907450.327449253,1,54470.99624581091
2025-01-07 18:00:00,822885.1491021276,0,49225.74927257796
2025-01-07 20:00:00,822885.1491021276,1,62288.818992044275
2025-01-07 22:00:00,1076851.766100806,0,82649.36075226258
2025-01-08 00:00:00,1076851.766100806,0,93053.38069367092
2025-01-08 02:00:00,1076851.766100806,0,92985.19872858463
2025-01-08 04:00:00,1076851.766100806,0,92861.05339233727
2025-01-08 06:00:00,1076851.766100806,0,93167.11660052725
2025-01-08 08:00:00,1076851.766100806,0,93551.9961138736
2025-01-08 10:00:00,1076851.766100806,0,94191.45387041397
2025-01-08 12:00:00,1076851.766100806,0,94184.2371966721
2025-01-08 14:00:00,1076851.766100806,0,94736.46788629433
2025-01-08 16:00:00,1076851.766100806,0,94476.81865559901
2025-01-08 18:00:00,1076851.766100806,0,94025.8974390447
2025-01-08 20:00:00,1076851.766100806,0,94002.47537284726
2025-01-08 22:00:00,1076851.766100806,0,94111.1546865965
2025-01-09 00:00:00,1076851.766100806,0,94640.79961075944
2025-01-09 02:00:00,1076851.766100806,0,94532.26493028621
2025-01-09 04:00:00,1076851.766100806,0,94570.71989192399
2025-01-09 06:00:00,1076851.766100806,0,94536.02029360345
2025-01-09 08:00:00,1076851.766100806,0,94374.86561100256
2025-01-09 10:00:00,1076851.766100806,0,94288.2902074119
2025-01-09 12:00:00,1076851.766100806,0,94234.28595306048
2025-01-09 14:00:00,1076851.766100806,0,94204.71906856511
2025-01-09 16:00:00,1076851.766100806,0,94184.88424448736
2025-01-09 18:00:00,1076851.766100806,0,94227.55311299153
2025-01-09 20:00:00,1076851.766100806,0,94222.54421775149
2025-01-09 22:00:00,1076851.766100806,0,94223.14965065
2025-01-10 00:00:00,1076851.766100806,0,94038.798048342
2025-01-10 02:00:00,1076851.766100806,0,94000.7151905935
2025-01-10 04:00:00,1076851.766100806,0,94088.65766910267
2025-01-10 06:00:00,1076851.766100806,0,94234.89242136892
2025-01-10 08:00:00,1076851.766100806,0,94256.63829172982
2025-01-10 10:00:00,1076851.766100806,0,94229.50990710148
2025-01-10 12:00:00,1076851.766100806,0,94172.59038401648
2025-01-10 14:00:00,1076851.766100806,0,94209.20811644313
2025-01-10 16:00:00,1076851.766100806,0,94264.060293597
2025-01-10 18:00:00,1076851.766100806,0,94288.63085065677
2025-01-10 20:00:00,1076851.766100806,0,94392.38187320168
2025-01-10 22:00:00,1076851.766100806,0,94394.18728920931
2025-01-11 00:00:00,1076851.766100806,0,94427.9115934779
2025-01-11 02:00:00,1076851.766100806,0,94425.6039483615
2025-01-11 04:00:00,1076851.766100806,0,94423.28583559516
2025-01-11 06:00:00,1076851.766100806,0,94423.15534758418
2025-01-11 08:00:00,1076851.766100806,0,94422.31877363505
2025-01-11 10:00:00,1076851.766100806,0,94422.01376269953
2025-01-11 12:00:00,1076851.766100806,0,94420.49248526916
2025-01-11 14:00:00,1076851.766100806,0,94423.85966812399
2025-01-11 16:00:00,1076851.766100806,0,94417.00727634915
2025-01-11 18:00:00,1076851.766100806,0,94414.47670689107
2025-01-11 20:00:00,1076851.766100806,0,94419.31812123375
2025-01-11 22:00:00,1076851.766100806,0,94419.1396734408
2025-01-12 00:00:00,1076851.766100806,0,94574.23134970955
2025-01-12 02:00:00,1076851.766100806,0,94363.38593901783
2025-01-12 04:00:00,1076851.766100806,0,94345.96145377777
2025-01-12 06:00:00,1076851.766100806,0,94346.5299535295
2025-01-12 08:00:00,1076851.766100806,0,94426.23909527599
2025-01-12 10:00:00,1076851.766100806,0,94120.39073212142
2025-01-12 12:00:00,1076851.766100806,0,94460.37594603185
2025-01-12 14:00:00,1076851.766100806,0,94501.22885774636
2025-01-12 16:00:00,1076851.766100806,0,94445.87680642454
2025-01-12 18:00:00,1076851.766100806,0,94525.05800395849
2025-01-12 20:00:00,1076851.766100806,0,94741.42945713601
2025-01-12 22:00:00,1076851.766100806,-1,94916.54297038192
2025-01-13 00:00:00,1075367.2467552244,-1,95054.27921685319
2025-01-13 02:00:00,1075852.3951842545,-1,95009.26631500392
2025-01-13 04:00:00,1075988.0152065093,-1,94996.6832571493
2025-01-13 06:00:00,1075588.9078783249,-1,95033.71311835448
2025-01-13 08:00:00,1075510.926397253,-1,95040.94837367741
2025-01-13 10:00:00,1069181.1784352637,0,95120.37954547793
2025-01-13 12:00:00,1069181.1784352637,0,95072.30542829269
2025-01-13 14:00:00,1069181.1784352637,0,95108.54225797438
2025-01-13 16:00:00,1069181.1784352637,0,95114.48673503495
2025-01-13 18:00:00,1069181.1784352637,0,95168.9330118982
2025-01-13 20:00:00,1069181.1784352637,0,95143.97509129337
2025-01-13 22:00:00,1069181.1784352637,0,95105.06920626758
2025-01-14 00:00:00,1069181.1784352637,0,95586.15474834462
2025-01-14 02:00:00,1069181.1784352637,-1,96302.53509576649
2025-01-14 04:00:00,1085719.060348019,-1,94734.54723499648
2025-01-14 06:00:00,1070412.7246089277,0,95993.16480373638
2025-01-14 08:00:00,1070412.7246089277,-1,95658.52216782245
2025-01-14 10:00:00,1062908.685510519,0,96173.10626938714
2025-01-14 12:00:00,1062908.685510519,-1,96562.90943949387
2025-01-14 14:00:00,1072913.7802432287,-1,95606.12966420833
2025-01-14 16:00:00,1070475.1736201055,0,95646.20598476075
2025-01-14 18:00:00,1070475.1736201055,0,96684.87274780821
2025-01-14 20:00:00,1070475.1736201055,-1,96114.18152801233
2025-01-14 22:00:00,1071182.9262891854,0,95855.06199639742
2025-01-15 00:00:00,1071182.9262891854,0,95736.44651234231
2025-01-15 02:00:00,1071182.9262891854,0,95536.06980248146
2025-01-15 04:00:00,1071182.9262891854,0,95540.28113983797
2025-01-15 06:00:00,1071182.9262891854,0,95607.35387750565
2025-01-15 08:00:00,1071182.9262891854,0,95537.07444423481
2025-01-15 10:00:00,1071182.9262891854,0,95785.93499039991
2025-01-15 12:00:00,1071182.9262891854,0,95878.26533223655
2025-01-15 14:00:00,1071182.9262891854,0,95469.79313204618
2025-01-15 16:00:00,1071182.9262891854,0,95651.09165265929
2025-01-15 18:00:00,1071182.9262891854,0,95705.53745513939
2025-01-15 20:00:00,1071182.9262891854,0,95996.62661524196
2025-01-15 22:00:00,1071182.9262891854,0,96341.48644689722
2025-01-16 00:00:00,1071182.9262891854,0,98286.07370375874
2025-01-16 02:00:00,1071182.9262891854,-1,100354.6572849817
2025-01-16 04:00:00,1102361.2432735292,-1,97279.95583120469
2025-01-16 06:00:00,1099770.2793337367,0,97334.75872392814
2025-01-16 08:00:00,1099770.2793337367,0,94298.02153300305
2025-01-16 10:00:00,1099770.2793337367,0,92756.34926298888
2025-01-16 12:00:00,1099770.2793337367,1,96270.83489463473
2025-01-16 14:00:00,1083644.9547679725,0,94977.51749762864
2025-01-16 16:00:00,1083644.9547679725,0,94777.88045855022
2025-01-16 18:00:00,1083644.9547679725,0,94941.94190957147
2025-01-16 20:00:00,1083644.9547679725,0,98228.18052072082
2025-01-16 22:00:00,1083644.9547679725,0,98003.32351495634
2025-01-17 00:00:00,1083644.9547679725,0,98315.43041020056
2025-01-17 02:00:00,1083644.9547679725,0,98468.54843499135
2025-01-17 04:00:00,1083644.9547679725,0,98395.22857597041
2025-01-17 06:00:00,1083644.9547679725,0,98559.75051156768
2025-01-17 08:00:00,1083644.9547679725,0,98766.83846236415
2025-01-17 10:00:00,1083644.9547679725,0,98996.11855859871
2025-01-17 12:00:00,1083644.9547679725,0,98922.53059895504
2025-01-17 14:00:00,1083644.9547679725,0,99115.66117791733
2025-01-17 16:00:00,1083644.9547679725,0,98976.05991615338
2025-01-17 18:00:00,1083644.9547679725,0,98881.3000078742
2025-01-17 20:00:00,1083644.9547679725,0,99359.07485459831
2025-01-17 22:00:00,1083644.9547679725,0,99603.62268412879
2025-01-18 00:00:00,1083644.9547679725,0,99432.2395341354
2025-01-18 02:00:00,1083644.9547679725,0,99439.20475582987
2025-01-18 04:00:00,1083644.9547679725,0,99892.35209525586
2025-01-18 06:00:00,1083644.9547679725,0,99589.34970708977
2025-01-18 08:00:00,1083644.9547679725,0,100067.6825874194
2025-01-18 10:00:00,1083644.9547679725,0,100143.95425063213
2025-01-18 12:00:00,1083644.9547679725,0,100056.0104459824
2025-01-18 14:00:00,1083644.9547679725,0,100328.77200279161
2025-01-18 16:00:00,1083644.9547679725,0,101083.91723999758
2025-01-18 18:00:00,1083644.9547679725,0,101651.4957711291
2025-01-18 20:00:00,1083644.9547679725,0,101489.52693257306
2025-01-18 22:00:00,1083644.9547679725,0,101766.40252535188
2025-01-19 00:00:00,1083644.9547679725,0,97748.91481651358
2025-01-19 02:00:00,1083644.9547679725,0,88885.11371131586
2025-01-19 04:00:00,1083644.9547679725,1,96257.8513913399
2025-01-19 06:00:00,1113043.6200728994,0,99199.23049315788
2025-01-19 08:00:00,1113043.6200728994,0,95573.76855211324
2025-01-19 10:00:00,1113043.6200728994,0,107126.7031073594
2025-01-19 12:00:00,1113043.6200728994,-1,108139.18016503847
2025-01-19 14:00:00,1036920.979954273,0,117794.49778217248
2025-01-19 16:00:00,1036920.979954273,-1,103133.74767650166
2025-01-19 18:00:00,1074451.612391573,0,98998.16003068112
2025-01-19 20:00:00,1074451.612391573,0,99808.3830084522
2025-01-19 22:00:00,1074451.612391573,0,99629.21406847404
2025-01-20 00:00:00,1074451.612391573,0,102196.58789351203
2025-01-20 02:00:00,1074451.612391573,0,100069.56938054618
2025-01-20 04:00:00,1074451.612391573,0,100257.99473989967
2025-01-20 06:00:00,1074451.612391573,0,103230.53746898891
2025-01-20 08:00:00,1074451.612391573,0,102192.77533475467
2025-01-20 10:00:00,1074451.612391573,0,100327.91530377761
2025-01-20 12:00:00,1074451.612391573,0,100080.00572637127
2025-01-20 14:00:00,1074451.612391573,0,99392.78356333944
2025-01-20 16:00:00,1074451.612391573,0,98399.94521677714
2025-01-20 18:00:00,1074451.612391573,0,103576.60506893076
2025-01-20 20:00:00,1074451.612391573,0,105738.23256629071
2025-01-20 22:00:00,1074451.612391573,0,103813.01835573776
2025-01-21 00:00:00,1074451.612391573,0,101301.27368179007
2025-01-21 02:00:00,1074451.612391573,0,100831.42635845105
2025-01-21 04:00:00,1074451.612391573,0,99108.98870371465
2025-01-21 06:00:00,1074451.612391573,0,99783.11156103566
2025-01-21 08:00:00,1074451.612391573,0,101387.75966700043
2025-01-21 10:00:00,1074451.612391573,0,103188.64442365288
2025-01-21 12:00:00,1074451.612391573,0,105494.2821876177
2025-01-21 14:00:00,1074451.612391573,0,104580.82157198436
2025-01-21 16:00:00,1074451.612391573,0,105481.54564272251
2025-01-21 18:00:00,1074451.612391573,0,103253.09840204865
2025-01-21 20:00:00,1074451.612391573,0,105368.4877454554
2025-01-21 22:00:00,1074451.612391573,0,103318.47439147049
2025-01-22 00:00:00,1074451.612391573,0,107329.341945481
2025-01-22 02:00:00,1074451.612391573,0,106553.45360015881
2025-01-22 04:00:00,1074451.612391573,0,97797.98327554803
2025-01-22 06:00:00,1074451.612391573,0,100592.91444385094
2025-01-22 08:00:00,1074451.612391573,0,100700.6092758064
2025-01-22 10:00:00,1074451.612391573,0,92252.14527917423
2025-01-22 12:00:00,1074451.612391573,1,97344.23019242569
2025-01-22 14:00:00,1060818.4956589043,0,96238.76433941629
2025-01-22 16:00:00,1060818.4956589043,0,95811.36458293273
2025-01-22 18:00:00,1060818.4956589043,0,96830.9933966719
2025-01-22 20:00:00,1060818.4956589043,0,93516.71607630026
2025-01-22 22:00:00,1060818.4956589043,0,100503.64697141196
2025-01-23 00:00:00,1060818.4956589043,0,101812.93531934985
2025-01-23 02:00:00,1060818.4956589043,0,101659.83431980481
2025-01-23 04:00:00,1060818.4956589043,0,101537.70807549222
2025-01-23 06:00:00,1060818.4956589043,0,101583.49762645786
2025-01-23 08:00:00,1060818.4956589043,0,101585.87560001317
2025-01-23 10:00:00,1060818.4956589043,0,101520.56227025956
2025-01-23 12:00:00,1060818.4956589043,0,101589.887896743
2025-01-23 14:00:00,1060818.4956589043,0,101577.52832725535
2025-01-23 16:00:00,1060818.4956589043,0,101745.47880929378
2025-01-23 18:00:00,1060818.4956589043,0,101706.91617401683
2025-01-23 20:00:00,1060818.4956589043,0,101891.8702098179
2025-01-23 22:00:00,1060818.4956589043,0,102053.76548376973
2025-01-24 00:00:00,1060818.4956589043,0,102418.67105299867
2025-01-24 02:00:00,1060818.4956589043,0,101980.3718605617
2025-01-24 04:00:00,1060818.4956589043,0,101773.0685582601
2025-01-24 06:00:00,1060818.4956589043,0,101774.6542769764
2025-01-24 08:00:00,1060818.4956589043,0,101808.7152249616
2025-01-24 10:00:00,1060818.4956589043,0,101649.3378563892
2025-01-24 12:00:00,1060818.4956589043,0,101348.44715900214
2025-01-24 14:00:00,1060818.4956589043,0,101476.63041999452
2025-01-24 16:00:00,1060818.4956589043,0,101454.49508118216
2025-01-24 18:00:00,1060818.4956589043,0,101347.86526679152
2025-01-24 20:00:00,1060818.4956589043,0,101181.72513044003
2025-01-24 22:00:00,1060818.4956589043,0,101572.04683176702
2025-01-25 00:00:00,1060818.4956589043,0,101696.83681969298
2025-01-25 02:00:00,1060818.4956589043,0,101762.42277708331
2025-01-25 04:00:00,1060818.4956589043,0,101554.58316987834
2025-01-25 06:00:00,1060818.4956589043,0,101638.97839498632
2025-01-25 08:00:00,1060818.4956589043,0,101877.69946036967
2025-01-25 10:00:00,1060818.4956589043,0,101909.71556451404
2025-01-25 12:00:00,1060818.4956589043,0,101837.30085960728
2025-01-25 14:00:00,1060818.4956589043,0,101741.73240631097
2025-01-25 16:00:00,1060818.4956589043,0,101754.40754174636
2025-01-25 18:00:00,1060818.4956589043,0,101456.08556475506
2025-01-25 20:00:00,1060818.4956589043,0,101174.56020547275
2025-01-25 22:00:00,1060818.4956589043,0,101265.65003319309
2025-01-26 00:00:00,1060818.4956589043,0,100682.76556204911
2025-01-26 02:00:00,1060818.4956589043,1,100694.853705211
2025-01-26 04:00:00,1059625.0001494137,1,100575.60233546527
2025-01-26 06:00:00,1056982.50878098,1,100311.57057939986
2025-01-26 08:00:00,1056032.551336002,1,100216.6529817944
2025-01-26 10:00:00,1056936.0009140961,1,100306.92361861472
2025-01-26 12:00:00,1052241.2552570798,0,99970.34393860298
2025-01-26 14:00:00,1052241.2552570798,1,100104.3434883941
2025-01-26 16:00:00,1051551.85486226,0,100235.51460179634
2025-01-26 18:00:00,1051551.85486226,0,100230.5871600175
2025-01-26 20:00:00,1051551.85486226,0,100145.35313715559
2025-01-26 22:00:00,1051551.85486226,0,100138.26933413645
2025-01-27 00:00:00,1051551.85486226,0,100018.8927914418
2025-01-27 02:00:00,1051551.85486226,0,99804.01332474983
2025-01-27 04:00:00,1051551.85486226,0,100114.22428207079
2025-01-27 06:00:00,1051551.85486226,0,100003.6875146569
2025-01-27 08:00:00,1051551.85486226,0,98236.7294867774
2025-01-27 10:00:00,1051551.85486226,1,98958.52331050519
2025-01-27 12:00:00,1041425.5930705168,0,98099.65933125798
2025-01-27 14:00:00,1041425.5930705168,1,97260.0932043156
2025-01-27 16:00:00,1050509.3323328595,1,98153.08504284898
2025-01-27 18:00:00,1052607.1558274156,0,98553.83519746995
2025-01-27 20:00:00,1052607.1558274156,0,99462.2613052052
2025-01-27 22:00:00,1052607.1558274156,0,99341.69204371737
2025-01-28 00:00:00,1052607.1558274156,0,99320.57184335144
2025-01-28 02:00:00,1052607.1558274156,0,99344.51060283928
2025-01-28 04:00:00,1052607.1558274156,0,99353.72024352095
2025-01-28 06:00:00,1052607.1558274156,0,99445.85022895152
2025-01-28 08:00:00,1052607.1558274156,0,99318.65008479665
2025-01-28 10:00:00,1052607.1558274156,0,99313.98569879224
2025-01-28 12:00:00,1052607.1558274156,0,99278.45043415594
2025-01-28 14:00:00,1052607.1558274156,0,99408.50940423785
2025-01-28 16:00:00,1052607.1558274156,0,99336.9228465085
2025-01-28 18:00:00,1052607.1558274156,0,99234.40935950752
2025-01-28 20:00:00,1052607.1558274156,0,99195.30010231775
2025-01-28 22:00:00,1052607.1558274156,0,99103.74098015734
2025-01-29 00:00:00,1052607.1558274156,0,98623.02084291626
2025-01-29 02:00:00,1052607.1558274156,0,98460.40591860922
2025-01-29 04:00:00,1052607.1558274156,0,98685.9041966879
2025-01-29 06:00:00,1052607.1558274156,0,98670.5338694295
2025-01-29 08:00:00,1052607.1558274156,0,98721.99370113907
2025-01-29 10:00:00,1052607.1558274156,0,98761.63209291216
2025-01-29 12:00:00,1052607.1558274156,0,98780.37498879666
2025-01-29 14:00:00,1052607.1558274156,0,98993.37965424766
2025-01-29 16:00:00,1052607.1558274156,0,99053.45616309643
2025-01-29 18:00:00,1052607.1558274156,0,98918.64555765674
2025-01-29 20:00:00,1052607.1558274156,0,98839.50481419398
2025-01-29 22:00:00,1052607.1558274156,0,98926.55563145586
2025-01-30 00:00:00,1052607.1558274156,0,98232.30815867287
2025-01-30 02:00:00,1052607.1558274156,0,98438.7541683224
2025-01-30 04:00:00,1052607.1558274156,0,98374.43144177528
2025-01-30 06:00:00,1052607.1558274156,0,98469.9434594624
2025-01-30 08:00:00,1052607.1558274156,0,98693.53510607664
2025-01-30 10:00:00,1052607.1558274156,0,98803.6462751316
2025-01-30 12:00:00,1052607.1558274156,0,98956.70179720908
2025-01-30 14:00:00,1052607.1558274156,0,98906.43879461795
2025-01-30 16:00:00,1052607.1558274156,0,98896.92922700288
2025-01-30 18:00:00,1052607.1558274156,0,98794.93840303732
2025-01-30 20:00:00,1052607.1558274156,0,98818.44693253425
2025-01-30 22:00:00,1052607.1558274156,0,99045.47621734992
2025-01-31 00:00:00,1052607.1558274156,0,98872.08824442896
2025-01-31 02:00:00,1052607.1558274156,0,98887.12188012844
2025-01-31 04:00:00,1052607.1558274156,0,99002.21882668918
2025-01-31 06:00:00,1052607.1558274156,0,98983.98082661803
2025-01-31 08:00:00,1052607.1558274156,0,98998.67766413152
2025-01-31 10:00:00,1052607.1558274156,0,99030.9254503981
2025-01-31 12:00:00,1052607.1558274156,0,99029.50612101877
2025-01-31 14:00:00,1052607.1558274156,0,99032.51081200168
2025-01-31 16:00:00,1052607.1558274156,0,98970.62259800297
2025-01-31 18:00:00,1052607.1558274156,0,98946.35415818534
2025-01-31 20:00:00,1052607.1558274156,0,98971.91389576707
2025-01-31 22:00:00,1052607.1558274156,0,99055.89537553868
2025-02-01 00:00:00,1052607.1558274156,0,98592.63534530577
2025-02-01 02:00:00,1052607.1558274156,0,98352.73638900749
2025-02-01 04:00:00,1052607.1558274156,1,97489.47377953514
2025-02-01 06:00:00,1043864.2737696021,0,96769.40524225193
2025-02-01 08:00:00,1043864.2737696021,1,96939.28792796042
2025-02-01 10:00:00,1048079.2878460627,1,97351.320183036
2025-02-01 12:00:00,1049051.4884222823,0,97640.23473944598
2025-02-01 14:00:00,1049051.4884222823,0,97189.04683534255
2025-02-01 16:00:00,1049051.4884222823,0,97553.35100011308
2025-02-01 18:00:00,1049051.4884222823,0,97821.17324272664
2025-02-01 20:00:00,1049051.4884222823,0,97849.84702616256
2025-02-01 22:00:00,1049051.4884222823,0,97547.03931104077
2025-02-02 00:00:00,1049051.4884222823,0,97745.67927173722
2025-02-02 02:00:00,1049051.4884222823,0,97805.19976723194
2025-02-02 04:00:00,1049051.4884222823,0,97671.72946931924
2025-02-02 06:00:00,1049051.4884222823,0,97652.3840478169
2025-02-02 08:00:00,1049051.4884222823,0,97676.77089041875
2025-02-02 10:00:00,1049051.4884222823,0,97654.09407426002
2025-02-02 12:00:00,1049051.4884222823,0,97611.83842660708
2025-02-02 14:00:00,1049051.4884222823,0,97593.74645991773
2025-02-02 16:00:00,1049051.4884222823,0,97580.45728637914
2025-02-02 18:00:00,1049051.4884222823,0,97543.99596100692
2025-02-02 20:00:00,1049051.4884222823,0,97504.78521024386
2025-02-02 22:00:00,1049051.4884222823,0,97478.77365651641
2025-02-03 00:00:00,1049051.4884222823,0,97497.79417195013
2025-02-03 02:00:00,1049051.4884222823,0,98313.81270777294
2025-02-03 04:00:00,1049051.4884222823,0,98668.22460120163
2025-02-03 06:00:00,1049051.4884222823,0,97821.6623266094
2025-02-03 08:00:00,1049051.4884222823,0,97962.9984320464
2025-02-03 10:00:00,1049051.4884222823,0,100349.59167409968
2025-02-03 12:00:00,1049051.4884222823,-1,96656.83518903416
2025-02-03 14:00:00,1058682.5248140646,0,95529.43912689161
2025-02-03 16:00:00,1058682.5248140646,1,97544.83525324902
2025-02-03 18:00:00,1033947.746827682,0,93850.90501499755
2025-02-03 20:00:00,1033947.746827682,1,95312.30488663587
2025-02-03 22:00:00,1039314.6516387286,0,96023.70514460086
2025-02-04 00:00:00,1039314.6516387286,0,96126.82149519351
2025-02-04 02:00:00,1039314.6516387286,0,96110.67537836423
2025-02-04 04:00:00,1039314.6516387286,0,96097.88573990115
2025-02-04 06:00:00,1039314.6516387286,0,96065.83731569897
2025-02-04 08:00:00,1039314.6516387286,0,96014.72502381589
2025-02-04 10:00:00,1039314.6516387286,0,96005.03440770076
2025-02-04 12:00:00,1039314.6516387286,0,95974.78614239718
2025-02-04 14:00:00,1039314.6516387286,0,95940.83701828444
2025-02-04 16:00:00,1039314.6516387286,0,95932.46534519299
2025-02-04 18:00:00,1039314.6516387286,0,95912.57700809186
2025-02-04 20:00:00,1039314.6516387286,0,95880.03628109541
2025-02-04 22:00:00,1039314.6516387286,0,95830.2055741743
2025-02-05 00:00:00,1039314.6516387286,0,95662.28654522673
2025-02-05 02:00:00,1039314.6516387286,0,95673.57473088008
2025-02-05 04:00:00,1039314.6516387286,0,95675.92055269895
2025-02-05 06:00:00,1039314.6516387286,0,95674.13912497068
2025-02-05 08:00:00,1039314.6516387286,0,95673.79328302677
2025-02-05 10:00:00,1039314.6516387286,0,95670.84783743988
2025-02-05 12:00:00,1039314.6516387286,0,95675.23926844184
2025-02-05 14:00:00,1039314.6516387286,0,95694.23704862934
2025-02-05 16:00:00,1039314.6516387286,0,95704.64471043201
2025-02-05 18:00:00,1039314.6516387286,0,95702.54810256038
2025-02-05 20:00:00,1039314.6516387286,0,95698.79619501322
2025-02-05 22:00:00,1039314.6516387286,0,95708.27997572291
2025-02-06 00:00:00,1039314.6516387286,0,95089.84050621232
2025-02-06 02:00:00,1039314.6516387286,0,95142.956596622
2025-02-06 04:00:00,1039314.6516387286,0,94888.57849738994
2025-02-06 06:00:00,1039314.6516387286,0,95112.44168487214
2025-02-06 08:00:00,1039314.6516387286,0,95298.99267423188
2025-02-06 10:00:00,1039314.6516387286,0,95460.68701682292
2025-02-06 12:00:00,1039314.6516387286,0,95396.53546122077
2025-02-06 14:00:00,1039314.6516387286,0,95540.4006136191
2025-02-06 16:00:00,1039314.6516387286,0,95537.7170391428
2025-02-06 18:00:00,1039314.6516387286,0,95471.17222290646
2025-02-06 20:00:00,1039314.6516387286,0,95351.6671212033
2025-02-06 22:00:00,1039314.6516387286,0,95271.39633119367
2025-02-07 00:00:00,1039314.6516387286,0,95061.94520090515
2025-02-07 02:00:00,1039314.6516387286,0,94926.23332432283
2025-02-07 04:00:00,1039314.6516387286,0,94918.33849954662
2025-02-07 06:00:00,1039314.6516387286,0,94820.30359406918
2025-02-07 08:00:00,1039314.6516387286,0,94846.19398683992
2025-02-07 10:00:00,1039314.6516387286,0,94850.66880056901
2025-02-07 12:00:00,1039314.6516387286,0,95010.16512529396
2025-02-07 14:00:00,1039314.6516387286,0,95009.97911867355
2025-02-07 16:00:00,1039314.6516387286,0,95001.4121258096
2025-02-07 18:00:00,1039314.6516387286,0,94861.2615205519
2025-02-07 20:00:00,1039314.6516387286,0,94831.61013925548
2025-02-07 22:00:00,1039314.6516387286,0,94726.72579115612
2025-02-08 00:00:00,1039314.6516387286,0,94567.00929053473
2025-02-08 02:00:00,1039314.6516387286,0,94560.2075016244
2025-02-08 04:00:00,1039314.6516387286,0,94508.79241037609
2025-02-08 06:00:00,1039314.6516387286,0,94566.49970617547
2025-02-08 08:00:00,1039314.6516387286,0,94412.61222734387
2025-02-08 10:00:00,1039314.6516387286,0,94360.70000123991
2025-02-08 12:00:00,1039314.6516387286,0,94323.16108482787
2025-02-08 14:00:00,1039314.6516387286,0,94297.01808075367
2025-02-08 16:00:00,1039314.6516387286,0,94360.17290871362
2025-02-08 18:00:00,1039314.6516387286,0,94287.27072568971
2025-02-08 20:00:00,1039314.6516387286,0,94347.59584358292
2025-02-08 22:00:00,1039314.6516387286,0,94236.04814828269
2025-02-09 00:00:00,1039314.6516387286,0,94131.79530339959
2025-02-09 02:00:00,1039314.6516387286,0,94124.62218040094
2025-02-09 04:00:00,1039314.6516387286,0,94310.89087709144
2025-02-09 06:00:00,1039314.6516387286,0,94204.36973955976
2025-02-09 08:00:00,1039314.6516387286,0,94005.63812054704
2025-02-09 10:00:00,1039314.6516387286,0,94155.47998238997
2025-02-09 12:00:00,1039314.6516387286,0,94047.40034115725
2025-02-09 14:00:00,1039314.6516387286,0,94138.2700213909
2025-02-09 16:00:00,1039314.6516387286,0,94041.11843545259
2025-02-09 18:00:00,1039314.6516387286,0,93886.43733084804
2025-02-09 20:00:00,1039314.6516387286,0,93478.18018783536
2025-02-09 22:00:00,1039314.6516387286,1,93360.89587292861
2025-02-10 00:00:00,1039842.2175474215,1,93410.78099957122
2025-02-10 02:00:00,1040097.4632274514,1,93434.91630259869
2025-02-10 04:00:00,1038192.6273263195,0,93441.52224797235
2025-02-10 06:00:00,1038192.6273263195,0,93391.71656161167
2025-02-10 08:00:00,1038192.6273263195,0,93494.73077520898
2025-02-10 10:00:00,1038192.6273263195,0,93494.42051367258
2025-02-10 12:00:00,1038192.6273263195,0,93490.94512459704
2025-02-10 14:00:00,1038192.6273263195,0,93481.29018897706
2025-02-10 16:00:00,1038192.6273263195,0,93485.93182617289
2025-02-10 18:00:00,1038192.6273263195,0,93567.90958387665
2025-02-10 20:00:00,1038192.6273263195,0,93572.66839523974
2025-02-10 22:00:00,1038192.6273263195,0,93624.74151324386
2025-02-11 00:00:00,1038192.6273263195,0,93835.7556797628
2025-02-11 02:00:00,1038192.6273263195,0,93800.88302173077
2025-02-11 04:00:00,1038192.6273263195,0,93771.90248906461
2025-02-11 06:00:00,1038192.6273263195,0,93762.60709662068
2025-02-11 08:00:00,1038192.6273263195,0,93746.79712933407
2025-02-11 10:00:00,1038192.6273263195,0,93766.93303052838
2025-02-11 12:00:00,1038192.6273263195,0,93755.59482288384
2025-02-11 14:00:00,1038192.6273263195,0,93744.92161048377
2025-02-11 16:00:00,1038192.6273263195,0,93685.69298915291
2025-02-11 18:00:00,1038192.6273263195,0,93675.28110411174
2025-02-11 20:00:00,1038192.6273263195,0,93616.50880880555
2025-02-11 22:00:00,1038192.6273263195,0,93614.65868376782
2025-02-12 00:00:00,1038192.6273263195,0,93155.61049015948
2025-02-12 02:00:00,1038192.6273263195,1,93305.78774470417
2025-02-12 04:00:00,1036281.5691961963,0,93311.60660148357
2025-02-12 06:00:00,1036281.5691961963,0,93305.897734029
2025-02-12 08:00:00,1036281.5691961963,0,93346.64078830549
2025-02-12 10:00:00,1036281.5691961963,0,93347.21722134794
2025-02-12 12:00:00,1036281.5691961963,0,93365.67083081252
2025-02-12 14:00:00,1036281.5691961963,0,93386.69545694914
2025-02-12 16:00:00,1036281.5691961963,0,93449.3497063873
2025-02-12 18:00:00,1036281.5691961963,0,93540.54294757055
2025-02-12 20:00:00,1036281.5691961963,0,93628.21100001204
2025-02-12 22:00:00,1036281.5691961963,0,93572.56507367305
2025-02-13 00:00:00,1036281.5691961963,0,93595.75180339838
2025-02-13 02:00:00,1036281.5691961963,0,93672.84101261092
2025-02-13 04:00:00,1036281.5691961963,0,93249.21623020477
2025-02-13 06:00:00,1036281.5691961963,0,92918.21626743904
2025-02-13 08:00:00,1036281.5691961963,1,92476.90375527601
2025-02-13 10:00:00,1032924.6020461029,1,92161.56380655247
2025-02-13 12:00:00,1027595.7712013648,0,91741.89249330355
2025-02-13 14:00:00,1027595.7712013648,1,91273.26108637638
2025-02-13 16:00:00,1032046.9273080615,1,91689.43080771563
2025-02-13 18:00:00,1038703.1146333672,1,92311.76432241459
2025-02-13 20:00:00,1040970.0349838779,0,92706.26108581814
2025-02-13 22:00:00,1040970.0349838779,0,92426.89358592029
2025-02-14 00:00:00,1040970.0349838779,0,93256.41706485872
2025-02-14 02:00:00,1040970.0349838779,0,94838.05199388928
2025-02-14 04:00:00,1040970.0349838779,-1,97624.78338195653
2025-02-14 06:00:00,1090660.9533228755,-1,92719.3738263291
2025-02-14 08:00:00,1090782.6746819918,0,92512.10811782155
2025-02-14 10:00:00,1090782.6746819918,0,89637.13149533287
2025-02-14 12:00:00,1090782.6746819918,1,89879.16172725755
2025-02-14 14:00:00,1158029.723749657,1,95711.87205064805
2025-02-14 16:00:00,1140966.9082325834,0,94411.67754951987
2025-02-14 18:00:00,1140966.9082325834,0,95710.97239328954
2025-02-14 20:00:00,1140966.9082325834,0,96479.08551097148
2025-02-14 22:00:00,1140966.9082325834,0,92214.96583080868
2025-02-15 00:00:00,1140966.9082325834,0,92762.88121832974
2025-02-15 02:00:00,1140966.9082325834,0,92970.6368026329
2025-02-15 04:00:00,1140966.9082325834,0,92973.85546200615
2025-02-15 06:00:00,1140966.9082325834,0,92681.46820982137
2025-02-15 08:00:00,1140966.9082325834,0,92788.41924985938
2025-02-15 10:00:00,1140966.9082325834,0,92888.13256580608
2025-02-15 12:00:00,1140966.9082325834,0,92878.72181131724
2025-02-15 14:00:00,1140966.9082325834,0,92924.89804015357
2025-02-15 16:00:00,1140966.9082325834,0,93176.41818065754
2025-02-15 18:00:00,1140966.9082325834,0,93337.9577489552
2025-02-15 20:00:00,1140966.9082325834,0,93211.93892320653
2025-02-15 22:00:00,1140966.9082325834,0,93127.87084372638
2025-02-16 00:00:00,1140966.9082325834,0,92981.87353746762
2025-02-16 02:00:00,1140966.9082325834,0,93033.88193323767
2025-02-16 04:00:00,1140966.9082325834,0,93003.60048959163
2025-02-16 06:00:00,1140966.9082325834,0,92999.5619376855
2025-02-16 08:00:00,1140966.9082325834,0,93205.37253042312
2025-02-16 10:00:00,1140966.9082325834,0,93286.91677109408
2025-02-16 12:00:00,1140966.9082325834,0,93230.58157634051
2025-02-16 14:00:00,1140966.9082325834,0,93121.56213455317
2025-02-16 16:00:00,1140966.9082325834,0,93268.3099410199
2025-02-16 18:00:00,1140966.9082325834,0,93375.06424839632
2025-02-16 20:00:00,1140966.9082325834,0,93429.6683801921
2025-02-16 22:00:00,1140966.9082325834,0,93606.22061401511
2025-02-17 00:00:00,1140966.9082325834,0,93644.70837309299
2025-02-17 02:00:00,1140966.9082325834,0,93777.91456900003
2025-02-17 04:00:00,1140966.9082325834,0,93816.93434478863
2025-02-17 06:00:00,1140966.9082325834,0,93818.86797944344
2025-02-17 08:00:00,1140966.9082325834,0,93849.91291066162
2025-02-17 10:00:00,1140966.9082325834,0,93753.67754289458
2025-02-17 12:00:00,1140966.9082325834,0,93814.48772656287
2025-02-17 14:00:00,1140966.9082325834,0,93913.65193856625
2025-02-17 16:00:00,1140966.9082325834,0,93955.53508021525
2025-02-17 18:00:00,1140966.9082325834,0,93960.19542711464
2025-02-17 20:00:00,1140966.9082325834,0,93954.5382614917
2025-02-17 22:00:00,1140966.9082325834,0,93968.37951026436
2025-02-18 00:00:00,1140966.9082325834,0,94830.79682878402
2025-02-18 02:00:00,1140966.9082325834,-1,95221.76398858028
2025-02-18 04:00:00,1152236.9889264375,-1,94231.69240869196
2025-02-18 06:00:00,1168613.9351457558,0,92602.54143419678
2025-02-18 08:00:00,1168613.9351457558,0,93850.70308693612
2025-02-18 10:00:00,1168613.9351457558,0,93646.50760489547
2025-02-18 12:00:00,1168613.9351457558,0,94090.12196533514
2025-02-18 14:00:00,1168613.9351457558,0,96084.41533910061
2025-02-18 16:00:00,1168613.9351457558,-1,95799.16316302461
2025-02-18 18:00:00,1152173.105631415,0,97026.26551125215
2025-02-18 20:00:00,1152173.105631415,-1,96600.83814946697
2025-02-18 22:00:00,1148856.517262004,-1,96893.54381534117
2025-02-19 00:00:00,1169662.2546383266,-1,95057.33246366786
2025-02-19 02:00:00,1165705.3719959985,0,95213.3456550597
2025-02-19 04:00:00,1165705.3719959985,0,95383.80287373086
2025-02-19 06:00:00,1165705.3719959985,0,94226.71757143723
2025-02-19 08:00:00,1165705.3719959985,0,95034.37378735702
2025-02-19 10:00:00,1165705.3719959985,0,94700.59583269784
2025-02-19 12:00:00,1165705.3719959985,0,96165.26803941585
2025-02-19 14:00:00,1165705.3719959985,0,92870.18005640608
2025-02-19 16:00:00,1165705.3719959985,0,94134.37330862934
2025-02-19 18:00:00,1165705.3719959985,0,96951.70099767152
2025-02-19 20:00:00,1165705.3719959985,0,97241.61078933984
2025-02-19 22:00:00,1165705.3719959985,0,95389.29015873396
2025-02-20 00:00:00,1165705.3719959985,0,94445.4997913388
2025-02-20 02:00:00,1165705.3719959985,0,94104.22498821143
2025-02-20 04:00:00,1165705.3719959985,0,94183.35138583313
2025-02-20 06:00:00,1165705.3719959985,0,94162.88977769653
2025-02-20 08:00:00,1165705.3719959985,0,94449.18536052786
2025-02-20 10:00:00,1165705.3719959985,0,94642.53614796205
2025-02-20 12:00:00,1165705.3719959985,0,94329.98605585172
2025-02-20 14:00:00,1165705.3719959985,0,94259.57436812644
2025-02-20 16:00:00,1165705.3719959985,0,94091.18803872292
2025-02-20 18:00:00,1165705.3719959985,0,93622.5109260176
2025-02-20 20:00:00,1165705.3719959985,0,93463.91432800629
2025-02-20 22:00:00,1165705.3719959985,0,93357.46212260409
2025-02-21 00:00:00,1165705.3719959985,0,93087.93378552448
2025-02-21 02:00:00,1165705.3719959985,0,93386.40137849188
2025-02-21 04:00:00,1165705.3719959985,0,93688.77564105821
2025-02-21 06:00:00,1165705.3719959985,0,94033.83742274443
2025-02-21 08:00:00,1165705.3719959985,0,94224.85779135054
2025-02-21 10:00:00,1165705.3719959985,0,94350.75569545584
2025-02-21 12:00:00,1165705.3719959985,0,94046.50336960804
2025-02-21 14:00:00,1165705.3719959985,0,94316.14108504493
2025-02-21 16:00:00,1165705.3719959985,0,94539.96518879541
2025-02-21 18:00:00,1165705.3719959985,0,94538.1610400888
2025-02-21 20:00:00,1165705.3719959985,0,94659.85719525616
2025-02-21 22:00:00,1165705.3719959985,0,94845.64795001336
2025-02-22 00:00:00,1165705.3719959985,0,95104.98084228966
2025-02-22 02:00:00,1165705.3719959985,0,93469.51197817334
2025-02-22 04:00:00,1165705.3719959985,0,96503.10459607236
2025-02-22 06:00:00,1165705.3719959985,-1,102408.96830818783
2025-02-22 08:00:00,1210985.902114412,-1,98221.63925424204
2025-02-22 10:00:00,1177331.8804026563,0,101128.98591744892
2025-02-22 12:00:00,1177331.8804026563,-1,107891.20883292482
2025-02-22 14:00:00,1182560.0104179382,-1,107386.8844929993
2025-02-22 16:00:00,1224983.3362933637,-1,103294.57696487156
2025-02-22 18:00:00,1252707.7059404105,0,100404.4015269044
2025-02-22 20:00:00,1252707.7059404105,0,95952.23241177094
2025-02-22 22:00:00,1252707.7059404105,0,91719.78267335176
2025-02-23 00:00:00,1252707.7059404105,0,92211.56390585961
2025-02-23 02:00:00,1252707.7059404105,0,91797.35335318142
2025-02-23 04:00:00,1252707.7059404105,0,92584.99270655421
2025-02-23 06:00:00,1252707.7059404105,0,92076.92339924915
2025-02-23 08:00:00,1252707.7059404105,0,91968.07274385607
2025-02-23 10:00:00,1252707.7059404105,0,92822.47366833882
2025-02-23 12:00:00,1252707.7059404105,0,92588.06451992484
2025-02-23 14:00:00,1252707.7059404105,0,92094.28798791039
2025-02-23 16:00:00,1252707.7059404105,0,91635.3725430649
2025-02-23 18:00:00,1252707.7059404105,0,91674.1264448179
2025-02-23 20:00:00,1252707.7059404105,0,91499.10090412103
2025-02-23 22:00:00,1252707.7059404105,0,90688.33284735678
2025-02-24 00:00:00,1252707.7059404105,0,90845.18196541695
2025-02-24 02:00:00,1252707.7059404105,0,92252.28301855084
2025-02-24 04:00:00,1252707.7059404105,0,92921.66514767315
2025-02-24 06:00:00,1252707.7059404105,0,91184.02670025273
2025-02-24 08:00:00,1252707.7059404105,0,89439.78623257279
2025-02-24 10:00:00,1252707.7059404105,0,88363.32895965995
2025-02-24 12:00:00,1252707.7059404105,0,88822.81814277945
2025-02-24 14:00:00,1252707.7059404105,0,88711.85560820073
2025-02-24 16:00:00,1252707.7059404105,0,88528.07914452214
2025-02-24 18:00:00,1252707.7059404105,0,85774.59273860043
2025-02-24 20:00:00,1252707.7059404105,0,85855.19807105565
2025-02-24 22:00:00,1252707.7059404105,0,87131.30473199028
2025-02-25 00:00:00,1252707.7059404105,0,78557.1551861332
2025-02-25 02:00:00,1252707.7059404105,1,76212.83230944863
2025-02-25 04:00:00,1372802.2784348673,1,83903.74937056194
2025-02-25 06:00:00,1266840.1161148408,0,77270.30465742364
2025-02-25 08:00:00,1266840.1161148408,1,75952.31620097208
2025-02-25 10:00:00,1252943.9768641656,1,75075.33604346361
2025-02-25 12:00:00,1240770.1473798782,1,74307.05021198039
2025-02-25 14:00:00,1310061.3306956135,1,78679.99090881669
2025-02-25 16:00:00,1347418.5153190112,0,81189.49350883461
2025-02-25 18:00:00,1347418.5153190112,0,84515.11644880948
2025-02-25 20:00:00,1347418.5153190112,0,83965.81677449608
2025-02-25 22:00:00,1347418.5153190112,0,84399.44605223712
2025-02-26 00:00:00,1347418.5153190112,0,91240.71906707519
2025-02-26 02:00:00,1347418.5153190112,0,87608.40008373764
2025-02-26 04:00:00,1347418.5153190112,0,93391.7488184743
2025-02-26 06:00:00,1347418.5153190112,0,90952.18182161418
2025-02-26 08:00:00,1347418.5153190112,0,85460.48661347629
2025-02-26 10:00:00,1347418.5153190112,0,82081.08368680127
2025-02-26 12:00:00,1347418.5153190112,0,82427.86235751017
2025-02-26 14:00:00,1347418.5153190112,0,81639.59891859033
2025-02-26 16:00:00,1347418.5153190112,0,76442.70020209296
2025-02-26 18:00:00,1347418.5153190112,0,79872.2452401408
2025-02-26 20:00:00,1347418.5153190112,0,80793.7884659948
2025-02-26 22:00:00,1347418.5153190112,0,84102.14595055227
2025-02-27 00:00:00,1347418.5153190112,0,86225.27455841495
2025-02-27 02:00:00,1347418.5153190112,0,85018.63220415179
2025-02-27 04:00:00,1347418.5153190112,0,85267.4074063375
2025-02-27 06:00:00,1347418.5153190112,0,85549.15909779025
2025-02-27 08:00:00,1347418.5153190112,0,82113.57563560663
2025-02-27 10:00:00,1347418.5153190112,0,82468.27313851984
2025-02-27 12:00:00,1347418.5153190112,0,84402.39840478463
2025-02-27 14:00:00,1347418.5153190112,0,84744.04183129703
2025-02-27 16:00:00,1347418.5153190112,0,84027.7482879623
2025-02-27 18:00:00,1347418.5153190112,0,84859.91016968228
2025-02-27 20:00:00,1347418.5153190112,0,84813.33668631046
2025-02-27 22:00:00,1347418.5153190112,0,83352.40749963502
2025-02-28 00:00:00,1347418.5153190112,0,82885.81931519175
2025-02-28 02:00:00,1347418.5153190112,0,83018.51762500194
2025-02-28 04:00:00,1347418.5153190112,0,83356.2796048145
2025-02-28 06:00:00,1347418.5153190112,0,82585.64776415956
2025-02-28 08:00:00,1347418.5153190112,0,82766.47577172486
2025-02-28 10:00:00,1347418.5153190112,0,82688.14535732879
2025-02-28 12:00:00,1347418.5153190112,0,82568.00538401143
2025-02-28 14:00:00,1347418.5153190112,0,81465.88111706331
2025-02-28 16:00:00,1347418.5153190112,0,82431.21704136669
2025-02-28 18:00:00,1347418.5153190112,0,82256.4353647121
2025-02-28 20:00:00,1347418.5153190112,0,82232.61970680884
2025-02-28 22:00:00,1347418.5153190112,0,82016.21612296483
2025-03-01 00:00:00,1347418.5153190112,0,82162.29091541616
2025-03-01 02:00:00,1347418.5153190112,0,82149.82337091611
2025-03-01 04:00:00,1347418.5153190112,0,82011.09349610336
2025-03-01 06:00:00,1347418.5153190112,0,82100.69786244234
2025-03-01 08:00:00,1347418.5153190112,0,82079.54930974403
2025-03-01 10:00:00,1347418.5153190112,0,82015.21483512985
2025-03-01 12:00:00,1347418.5153190112,0,81979.72348111865
2025-03-01 14:00:00,1347418.5153190112,0,81878.54882693826
2025-03-01 16:00:00,1347418.5153190112,0,82019.65744249514
2025-03-01 18:00:00,1347418.5153190112,0,81885.78626993064
2025-03-01 20:00:00,1347418.5153190112,0,82023.70027839005
2025-03-01 22:00:00,1347418.5153190112,0,82154.60232398304
2025-03-02 00:00:00,1347418.5153190112,0,82503.5480264711
2025-03-02 02:00:00,1347418.5153190112,0,82389.99593228042
2025-03-02 04:00:00,1347418.5153190112,0,81839.55132110666
2025-03-02 06:00:00,1347418.5153190112,0,81860.27575491574
2025-03-02 08:00:00,1347418.5153190112,0,81974.07507044995
2025-03-02 10:00:00,1347418.5153190112,0,81624.39039595777
2025-03-02 12:00:00,1347418.5153190112,0,81654.23629358527
2025-03-02 14:00:00,1347418.5153190112,0,81840.07527767752
2025-03-02 16:00:00,1347418.5153190112,0,81849.91563619394
2025-03-02 18:00:00,1347418.5153190112,0,81695.7489152362
2025-03-02 20:00:00,1347418.5153190112,0,81574.60314605891
2025-03-02 22:00:00,1347418.5153190112,0,81815.36579489229
2025-03-03 00:00:00,1347418.5153190112,0,81252.76595854259
2025-03-03 02:00:00,1347418.5153190112,0,80789.80887884958
2025-03-03 04:00:00,1347418.5153190112,1,80321.8413854164
2025-03-03 06:00:00,1345973.673516743,1,80231.17885457304
2025-03-03 08:00:00,1348791.6688047454,1,80408.0055385144
2025-03-03 10:00:00,1349768.7482440684,1,80469.31639944391
2025-03-03 12:00:00,1345168.5501380037,0,80341.30176542058
2025-03-03 14:00:00,1345168.5501380037,0,79891.43749062496
2025-03-03 16:00:00,1345168.5501380037,1,79804.85284322815
2025-03-03 18:00:00,1349333.0599664203,1,80064.92441487881
2025-03-03 20:00:00,1345840.9394589856,0,80006.45292825665
2025-03-03 22:00:00,1345840.9394589856,0,80057.64377559634
2025-03-04 00:00:00,1345840.9394589856,0,80001.54839436663
2025-03-04 02:00:00,1345840.9394589856,0,79851.62280917462
2025-03-04 04:00:00,1345840.9394589856,0,80225.63563016172
2025-03-04 06:00:00,1345840.9394589856,0,80240.22400598235
2025-03-04 08:00:00,1345840.9394589856,0,80431.35075979562
2025-03-04 10:00:00,1345840.9394589856,0,79906.32203659104
2025-03-04 12:00:00,1345840.9394589856,0,79379.03067097774
2025-03-04 14:00:00,1345840.9394589856,0,79752.06127657522
2025-03-04 16:00:00,1345840.9394589856,0,78756.22480791768
2025-03-04 18:00:00,1345840.9394589856,1,78484.66231008124
2025-03-04 20:00:00,1346487.9954781923,1,78524.38231880488
2025-03-04 22:00:00,1338333.0538141667,0,78180.754563078
2025-03-05 00:00:00,1338333.0538141667,1,78071.4000576124
2025-03-05 02:00:00,1335623.364631862,0,78061.15423162797
2025-03-05 04:00:00,1335623.364631862,0,78115.53642978668
2025-03-05 06:00:00,1335623.364631862,0,78210.2647035479
2025-03-05 08:00:00,1335623.364631862,0,77953.09256931693
2025-03-05 10:00:00,1335623.364631862,0,78091.92766301018
2025-03-05 12:00:00,1335623.364631862,0,77988.84297621479
2025-03-05 14:00:00,1335623.364631862,0,77882.6586440765
2025-03-05 16:00:00,1335623.364631862,0,78015.64454143321
2025-03-05 18:00:00,1335623.364631862,0,77904.36988129723
2025-03-05 20:00:00,1335623.364631862,0,77796.83532033731
2025-03-05 22:00:00,1335623.364631862,0,77864.49728854847
2025-03-06 00:00:00,1335623.364631862,0,78090.4709214897
2025-03-06 02:00:00,1335623.364631862,0,77836.12662589419
2025-03-06 04:00:00,1335623.364631862,0,77531.66333512336
2025-03-06 06:00:00,1335623.364631862,0,77343.12931429406
2025-03-06 08:00:00,1335623.364631862,0,77006.68989395058
2025-03-06 10:00:00,1335623.364631862,0,77029.63418704187
2025-03-06 12:00:00,1335623.364631862,0,76643.78453742574
2025-03-06 14:00:00,1335623.364631862,0,76684.99706287934
2025-03-06 16:00:00,1335623.364631862,0,76957.42582729865
2025-03-06 18:00:00,1335623.364631862,0,77203.91189363979
2025-03-06 20:00:00,1335623.364631862,0,77031.81535120656
2025-03-06 22:00:00,1335623.364631862,0,76644.89580174298
2025-03-07 00:00:00,1335623.364631862,0,76634.19672507205
2025-03-07 02:00:00,1335623.364631862,0,76863.78772960506
2025-03-07 04:00:00,1335623.364631862,0,76946.63114434834
2025-03-07 06:00:00,1335623.364631862,0,76911.93717212655
2025-03-07 08:00:00,1335623.364631862,0,76799.74931148713
2025-03-07 10:00:00,1335623.364631862,0,77153.59238143376
2025-03-07 12:00:00,1335623.364631862,0,77217.03573158634
2025-03-07 14:00:00,1335623.364631862,0,77357.32116447337
2025-03-07 16:00:00,1335623.364631862,0,77238.05910456172
2025-03-07 18:00:00,1335623.364631862,0,77163.22030240625
2025-03-07 20:00:00,1335623.364631862,0,77239.66228657897
2025-03-07 22:00:00,1335623.364631862,0,77398.41641143827
2025-03-08 00:00:00,1335623.364631862,0,76769.49784209467
2025-03-08 02:00:00,1335623.364631862,0,76697.01591129071
2025-03-08 04:00:00,1335623.364631862,0,77197.64071868232
2025-03-08 06:00:00,1335623.364631862,0,76737.60911737818
2025-03-08 08:00:00,1335623.364631862,0,76820.59639538941
2025-03-08 10:00:00,1335623.364631862,0,77237.03553676335
2025-03-08 12:00:00,1335623.364631862,0,76779.06537094795
2025-03-08 14:00:00,1335623.364631862,0,76851.70066392957
2025-03-08 16:00:00,1335623.364631862,0,75993.559003223
2025-03-08 18:00:00,1335623.364631862,1,75168.78138240942
2025-03-08 20:00:00,1340212.5107730974,1,75440.6516937855
2025-03-08 22:00:00,1355807.933053248,1,76364.55609361459
2025-03-09 00:00:00,1360877.7673735647,0,76815.24090897715
2025-03-09 02:00:00,1360877.7673735647,0,77387.6649056183
2025-03-09 04:00:00,1360877.7673735647,0,76431.01246564512
2025-03-09 06:00:00,1360877.7673735647,0,73963.81165119869
2025-03-09 08:00:00,1360877.7673735647,1,75532.60778094729
2025-03-09 10:00:00,1318306.8855984458,0,72713.87474121265
2025-03-09 12:00:00,1318306.8855984458,1,71682.03196057104
2025-03-09 14:00:00,1319592.1144691661,1,71755.59347384238
2025-03-09 16:00:00,1336394.8836444137,1,72717.31877883617
2025-03-09 18:00:00,1318053.1106003192,0,71810.87092836501
2025-03-09 20:00:00,1318053.1106003192,1,71836.17799498948
2025-03-09 22:00:00,1326800.17240112,0,72481.67142680235
2025-03-10 00:00:00,1326800.17240112,0,80997.32650237766
2025-03-10 02:00:00,1326800.17240112,-1,61940.47964533329
2025-03-10 04:00:00,1188229.2718535357,0,78996.66032025754
2025-03-10 06:00:00,1188229.2718535357,0,28595.948613573222
2025-03-10 08:00:00,1188229.2718535357,1,30159.086371718997
2025-03-10 10:00:00,727895.1214107187,1,17860.15088234504
2025-03-10 12:00:00,582149.5788946901,0,10989.85089707623
2025-03-10 14:00:00,582149.5788946901,1,14888.143621799221
2025-03-10 16:00:00,833072.1799252325,1,21643.09360198371
2025-03-10 18:00:00,356058.18652540224,0,8831.437303919063
2025-03-10 20:00:00,356058.18652540224,1,14467.685539260667
2025-03-10 22:00:00,460913.4983610998,0,18981.43986518706
2025-03-11 00:00:00,460913.4983610998,0,69096.02912687228
2025-03-11 02:00:00,460913.4983610998,0,69100.7144776748
2025-03-11 04:00:00,460913.4983610998,0,69151.69596247679
2025-03-11 06:00:00,460913.4983610998,0,69135.5576681151
2025-03-11 08:00:00,460913.4983610998,0,69184.49002443349
2025-03-11 10:00:00,460913.4983610998,0,69182.20198825416
2025-03-11 12:00:00,460913.4983610998,0,69189.70062076306
2025-03-11 14:00:00,460913.4983610998,0,69182.01921410343
2025-03-11 16:00:00,460913.4983610998,0,69135.21564847622
2025-03-11 18:00:00,460913.4983610998,0,69207.44954423192
2025-03-11 20:00:00,460913.4983610998,0,69254.6163713254
2025-03-11 22:00:00,460913.4983610998,0,69237.65713658911
2025-03-12 00:00:00,460913.4983610998,0,68103.46066978073
2025-03-12 02:00:00,460913.4983610998,0,68584.31365139973
2025-03-12 04:00:00,460913.4983610998,0,69321.76853226445
2025-03-12 06:00:00,460913.4983610998,0,72284.65029311125
2025-03-12 08:00:00,460913.4983610998,0,72356.31169496637
2025-03-12 10:00:00,460913.4983610998,0,72325.59190504423
2025-03-12 12:00:00,460913.4983610998,0,72367.1548542694
2025-03-12 14:00:00,460913.4983610998,0,72914.96224627935
2025-03-12 16:00:00,460913.4983610998,0,73771.79440465446
2025-03-12 18:00:00,460913.4983610998,0,71989.54762238363
2025-03-12 20:00:00,460913.4983610998,0,71427.29068071338
2025-03-12 22:00:00,460913.4983610998,0,70638.80726331944
2025-03-13 00:00:00,460913.4983610998,0,70788.74633732584
2025-03-13 02:00:00,460913.4983610998,0,70856.81443761801
2025-03-13 04:00:00,460913.4983610998,0,71342.44125808499
2025-03-13 06:00:00,460913.4983610998,0,71589.676740589
2025-03-13 08:00:00,460913.4983610998,0,71636.13449929572
2025-03-13 10:00:00,460913.4983610998,0,71703.38320711697
2025-03-13 12:00:00,460913.4983610998,0,71643.50617468175
2025-03-13 14:00:00,460913.4983610998,0,71860.2368550353
2025-03-13 16:00:00,460913.4983610998,0,71655.89884194198
2025-03-13 18:00:00,460913.4983610998,0,72130.52570775489
2025-03-13 20:00:00,460913.4983610998,0,72123.11772979397
2025-03-13 22:00:00,460913.4983610998,0,72068.49508324638
2025-03-14 00:00:00,460913.4983610998,0,69744.23381410347
2025-03-14 02:00:00,460913.4983610998,0,69897.75321222958
2025-03-14 04:00:00,460913.4983610998,0,71350.7397120216
2025-03-14 06:00:00,460913.4983610998,0,69447.71044144162
2025-03-14 08:00:00,460913.4983610998,0,70983.93655539486
2025-03-14 10:00:00,460913.4983610998,0,69226.48204759374
2025-03-14 12:00:00,460913.4983610998,0,71910.78782540036
2025-03-14 14:00:00,460913.4983610998,0,72993.17684068119
2025-03-14 16:00:00,460913.4983610998,0,72944.17094370772
2025-03-14 18:00:00,460913.4983610998,0,70667.07206197639
2025-03-14 20:00:00,460913.4983610998,0,73144.90707084778
2025-03-14 22:00:00,460913.4983610998,0,72957.81863766776
2025-03-15 00:00:00,460913.4983610998,0,73668.63300398577
2025-03-15 02:00:00,460913.4983610998,0,73733.71864505518
2025-03-15 04:00:00,460913.4983610998,0,73750.34348668947
2025-03-15 06:00:00,460913.4983610998,0,73701.4248175332
2025-03-15 08:00:00,460913.4983610998,0,73643.87282446134
2025-03-15 10:00:00,460913.4983610998,0,73621.50397406387
2025-03-15 12:00:00,460913.4983610998,0,73471.13962889349
2025-03-15 14:00:00,460913.4983610998,0,73477.11664698778
2025-03-15 16:00:00,460913.4983610998,0,73282.54126553687
2025-03-15 18:00:00,460913.4983610998,0,73022.08237244877
2025-03-15 20:00:00,460913.4983610998,0,72638.0870840951
2025-03-15 22:00:00,460913.4983610998,0,72789.22427737407
2025-03-16 00:00:00,460913.4983610998,0,72891.94356768974
2025-03-16 02:00:00,460913.4983610998,0,72753.73206233425
2025-03-16 04:00:00,460913.4983610998,0,72656.35863418695
2025-03-16 06:00:00,460913.4983610998,0,72720.31407122753
2025-03-16 08:00:00,460913.4983610998,0,72733.22078953775
2025-03-16 10:00:00,460913.4983610998,0,72757.94017588384
2025-03-16 12:00:00,460913.4983610998,0,72798.25041352159
2025-03-16 14:00:00,460913.4983610998,0,72678.82425196
2025-03-16 16:00:00,460913.4983610998,0,72679.60528249407
2025-03-16 18:00:00,460913.4983610998,0,72760.49983358351
2025-03-16 20:00:00,460913.4983610998,0,72783.33373957919
2025-03-16 22:00:00,460913.4983610998,0,72687.05132908006
2025-03-17 00:00:00,460913.4983610998,0,72846.65170080174
2025-03-17 02:00:00,460913.4983610998,0,72883.96842510064
2025-03-17 04:00:00,460913.4983610998,0,72832.05596596272
2025-03-17 06:00:00,460913.4983610998,0,73198.89546751052
2025-03-17 08:00:00,460913.4983610998,0,73163.50579463923
2025-03-17 10:00:00,460913.4983610998,0,73354.79656721794
2025-03-17 12:00:00,460913.4983610998,0,73353.52971855376
2025-03-17 14:00:00,460913.4983610998,0,73478.7182487168
2025-03-17 16:00:00,460913.4983610998,0,73370.51450728592
2025-03-17 18:00:00,460913.4983610998,0,73435.86033619932
2025-03-17 20:00:00,460913.4983610998,0,73771.03697689978
2025-03-17 22:00:00,460913.4983610998,-1,73529.52832287551
2025-03-18 00:00:00,460863.2110151091,0,73390.91383473501
2025-03-18 02:00:00,460863.2110151091,0,73532.27691571412
2025-03-18 04:00:00,460863.2110151091,0,73537.82136175764
2025-03-18 06:00:00,460863.2110151091,0,73385.2664126418
2025-03-18 08:00:00,460863.2110151091,0,73529.88591967465
2025-03-18 10:00:00,460863.2110151091,0,73551.74854612695
2025-03-18 12:00:00,460863.2110151091,0,73488.22807984769
2025-03-18 14:00:00,460863.2110151091,0,73510.8105915744
2025-03-18 16:00:00,460863.2110151091,0,73579.55798001771
2025-03-18 18:00:00,460863.2110151091,0,73626.14346273943
2025-03-18 20:00:00,460863.2110151091,0,73566.43408565955
2025-03-18 22:00:00,460863.2110151091,0,73611.33803683218
2025-03-19 00:00:00,460863.2110151091,0,74077.58258923284
2025-03-19 02:00:00,460863.2110151091,-1,75127.79582958463
2025-03-19 04:00:00,456056.2606307851,0,75886.57329777644
2025-03-19 06:00:00,456056.2606307851,-1,76308.3864608675
2025-03-19 08:00:00,460976.16861837654,-1,75441.84923617978
2025-03-19 10:00:00,465838.300827376,0,74432.87121400758
2025-03-19 12:00:00,465838.300827376,0,75487.84220184112
2025-03-19 14:00:00,465838.300827376,0,75956.59969970572
2025-03-19 16:00:00,465838.300827376,-1,75453.81061811258
2025-03-19 18:00:00,471123.0443524312,0,74401.85838344767
2025-03-19 20:00:00,471123.0443524312,0,74556.99546557925
2025-03-19 22:00:00,471123.0443524312,0,74827.97103798816
2025-03-20 00:00:00,471123.0443524312,0,74784.15980095003
2025-03-20 02:00:00,471123.0443524312,0,74599.21455479912
2025-03-20 04:00:00,471123.0443524312,0,74958.46362194157
2025-03-20 06:00:00,471123.0443524312,0,75037.53374348981
2025-03-20 08:00:00,471123.0443524312,0,75005.99334311727
2025-03-20 10:00:00,471123.0443524312,0,74562.004267396
2025-03-20 12:00:00,471123.0443524312,0,74297.24229643872
2025-03-20 14:00:00,471123.0443524312,0,73975.32635448674
2025-03-20 16:00:00,471123.0443524312,0,73844.0589903283
2025-03-20 18:00:00,471123.0443524312,0,74038.5306717834
2025-03-20 20:00:00,471123.0443524312,0,73695.19705235309
2025-03-20 22:00:00,471123.0443524312,0,74038.547409938
2025-03-21 00:00:00,471123.0443524312,0,72760.1716081531
2025-03-21 02:00:00,471123.0443524312,1,73220.8719673438
2025-03-21 04:00:00,468588.18118290347,0,72952.61616583355
2025-03-21 06:00:00,468588.18118290347,0,72863.40453458033
2025-03-21 08:00:00,468588.18118290347,0,73052.76716374286
2025-03-21 10:00:00,468588.18118290347,0,73837.22149633392
2025-03-21 12:00:00,468588.18118290347,0,73959.04678099893
2025-03-21 14:00:00,468588.18118290347,0,73468.84298113272
2025-03-21 16:00:00,468588.18118290347,0,73618.33833565298
2025-03-21 18:00:00,468588.18118290347,0,73557.92968036205
2025-03-21 20:00:00,468588.18118290347,0,73983.9749184518
2025-03-21 22:00:00,468588.18118290347,0,74372.51745473122
2025-03-22 00:00:00,468588.18118290347,0,74336.87810583458
2025-03-22 02:00:00,468588.18118290347,0,74366.95689975272
2025-03-22 04:00:00,468588.18118290347,0,74396.68893445787
2025-03-22 06:00:00,468588.18118290347,0,74418.39624935987
2025-03-22 08:00:00,468588.18118290347,0,74447.84335100379
2025-03-22 10:00:00,468588.18118290347,0,74460.62662949834
2025-03-22 12:00:00,468588.18118290347,0,74449.00933652003
2025-03-22 14:00:00,468588.18118290347,0,74471.85111452408
2025-03-22 16:00:00,468588.18118290347,0,74482.83146547357
2025-03-22 18:00:00,468588.18118290347,0,74537.90959087887
2025-03-22 20:00:00,468588.18118290347,0,74538.20141585432
2025-03-22 22:00:00,468588.18118290347,0,74553.26268304275
2025-03-23 00:00:00,468588.18118290347,0,74586.72801786367
2025-03-23 02:00:00,468588.18118290347,0,74324.81935145511
2025-03-23 04:00:00,468588.18118290347,0,74918.09866521643
2025-03-23 06:00:00,468588.18118290347,0,74823.78248514622
2025-03-23 08:00:00,468588.18118290347,0,74727.52734105037
2025-03-23 10:00:00,468588.18118290347,0,74605.53025974905
2025-03-23 12:00:00,468588.18118290347,0,74180.27508869511
2025-03-23 14:00:00,468588.18118290347,0,73734.5603027143
2025-03-23 16:00:00,468588.18118290347,0,74133.00325997415
2025-03-23 18:00:00,468588.18118290347,0,74230.81763002354
2025-03-23 20:00:00,468588.18118290347,0,74403.196353717
2025-03-23 22:00:00,468588.18118290347,0,74955.33799534985
2025-03-24 00:00:00,468588.18118290347,0,74984.9134853346
2025-03-24 02:00:00,468588.18118290347,0,74951.5649202325
2025-03-24 04:00:00,468588.18118290347,0,75074.14705246137
2025-03-24 06:00:00,468588.18118290347,0,75084.89699663669
2025-03-24 08:00:00,468588.18118290347,0,75075.85822249364
2025-03-24 10:00:00,468588.18118290347,0,75195.07193425791
2025-03-24 12:00:00,468588.18118290347,0,75062.84848108087
2025-03-24 14:00:00,468588.18118290347,0,74682.0773581706
2025-03-24 16:00:00,468588.18118290347,0,74896.0141347482
2025-03-24 18:00:00,468588.18118290347,0,74777.42823937871
2025-03-24 20:00:00,468588.18118290347,0,74448.84928844332
2025-03-24 22:00:00,468588.18118290347,0,74603.37238262854
2025-03-25 00:00:00,468588.18118290347,0,74167.08917084888
2025-03-25 02:00:00,468588.18118290347,0,74058.39447926151
2025-03-25 04:00:00,468588.18118290347,0,74144.61565314599
2025-03-25 06:00:00,468588.18118290347,0,74213.84827520215
2025-03-25 08:00:00,468588.18118290347,0,74462.354009063
2025-03-25 10:00:00,468588.18118290347,0,74550.055576129
2025-03-25 12:00:00,468588.18118290347,0,74747.10610953736
2025-03-25 14:00:00,468588.18118290347,0,74859.47379556825
2025-03-25 16:00:00,468588.18118290347,0,75109.17995443447
2025-03-25 18:00:00,468588.18118290347,0,74985.14397754798
2025-03-25 20:00:00,468588.18118290347,0,74932.87256887234
2025-03-25 22:00:00,468588.18118290347,0,75060.82209322465
2025-03-26 00:00:00,468588.18118290347,0,75302.4983842657
2025-03-26 02:00:00,468588.18118290347,0,75077.6589189412
2025-03-26 04:00:00,468588.18118290347,0,75122.21630957234
2025-03-26 06:00:00,468588.18118290347,0,75180.68148760516
2025-03-26 08:00:00,468588.18118290347,0,75167.61441296474
2025-03-26 10:00:00,468588.18118290347,0,75064.38769784338
2025-03-26 12:00:00,468588.18118290347,0,75200.16117047051
2025-03-26 14:00:00,468588.18118290347,0,75002.1486440611
2025-03-26 16:00:00,468588.18118290347,0,74964.45897573653
2025-03-26 18:00:00,468588.18118290347,0,74970.33038301687
2025-03-26 20:00:00,468588.18118290347,0,74787.19806601899
2025-03-26 22:00:00,468588.18118290347,0,74839.23029080924
2025-03-27 00:00:00,468588.18118290347,0,75058.44936362021
2025-03-27 02:00:00,468588.18118290347,0,74918.9033685359
2025-03-27 04:00:00,468588.18118290347,0,74864.20786639492
2025-03-27 06:00:00,468588.18118290347,0,74816.98209456797
2025-03-27 08:00:00,468588.18118290347,0,75060.56809993864
2025-03-27 10:00:00,468588.18118290347,0,74523.7911496487
2025-03-27 12:00:00,468588.18118290347,0,74824.95804978226
2025-03-27 14:00:00,468588.18118290347,0,74625.20144429622
2025-03-27 16:00:00,468588.18118290347,0,74853.36875995502
2025-03-27 18:00:00,468588.18118290347,0,74569.70265619052
2025-03-27 20:00:00,468588.18118290347,0,75004.43538534174
2025-03-27 22:00:00,468588.18118290347,0,75015.54870005888
2025-03-28 00:00:00,468588.18118290347,0,55273.70223933137
2025-03-28 02:00:00,468588.18118290347,1,36135.77724412556
2025-03-28 04:00:00,397848.0510427597,1,30393.44496845375
2025-03-28 06:00:00,378107.424774346,0,23312.644008160376
2025-03-28 08:00:00,378107.424774346,1,41343.631825382654
2025-03-28 10:00:00,356518.70250994293,0,38941.488682039686
2025-03-28 12:00:00,356518.70250994293,0,45183.03832714944
2025-03-28 14:00:00,356518.70250994293,0,50700.939371566434
2025-03-28 16:00:00,356518.70250994293,0,72827.83854829185
2025-03-28 18:00:00,356518.70250994293,0,60823.85870401327
2025-03-28 20:00:00,356518.70250994293,0,69162.59825612349
2025-03-28 22:00:00,356518.70250994293,0,41860.09223023889
2025-03-29 00:00:00,356518.70250994293,0,76577.57606272749
2025-03-29 02:00:00,356518.70250994293,0,75543.57624952261
2025-03-29 04:00:00,356518.70250994293,0,76124.8211623567
2025-03-29 06:00:00,356518.70250994293,0,75524.7638817512
2025-03-29 08:00:00,356518.70250994293,0,75590.48589605176
2025-03-29 10:00:00,356518.70250994293,0,74480.75076399923
2025-03-29 12:00:00,356518.70250994293,0,75040.28790941901
2025-03-29 14:00:00,356518.70250994293,0,75009.3752653833
2025-03-29 16:00:00,356518.70250994293,0,74188.03922186622
2025-03-29 18:00:00,356518.70250994293,0,74120.97323884175
2025-03-29 20:00:00,356518.70250994293,0,73744.9057816304
2025-03-29 22:00:00,356518.70250994293,0,75263.30586756715
2025-03-30 00:00:00,356518.70250994293,0,75488.67329000478
2025-03-30 02:00:00,356518.70250994293,0,75767.25521104151
2025-03-30 04:00:00,356518.70250994293,0,75724.12960345711
2025-03-30 06:00:00,356518.70250994293,0,75570.29838514312
2025-03-30 08:00:00,356518.70250994293,0,75632.90734549121
2025-03-30 10:00:00,356518.70250994293,0,75999.80551203176
2025-03-30 12:00:00,356518.70250994293,0,76056.4142564655
2025-03-30 14:00:00,356518.70250994293,0,76036.43413320516
2025-03-30 16:00:00,356518.70250994293,0,75961.25257676434
2025-03-30 18:00:00,356518.70250994293,0,76085.59509132193
2025-03-30 20:00:00,356518.70250994293,0,76102.70919548841
2025-03-30 22:00:00,356518.70250994293,0,76016.97539996321
2025-03-31 00:00:00,356518.70250994293,0,76116.80200360666
2025-03-31 02:00:00,356518.70250994293,0,76194.2508164703
2025-03-31 04:00:00,356518.70250994293,0,76475.38648514553
2025-03-31 06:00:00,356518.70250994293,0,76682.36975471744
2025-03-31 08:00:00,356518.70250994293,0,76843.46409800998
2025-03-31 10:00:00,356518.70250994293,0,76777.20139266248
2025-03-31 12:00:00,356518.70250994293,0,77214.3418943456
2025-03-31 14:00:00,356518.70250994293,0,77305.71241822572
2025-03-31 16:00:00,356518.70250994293,0,77099.71247319866
2025-03-31 18:00:00,356518.70250994293,0,77887.45108579341
2025-03-31 20:00:00,356518.70250994293,-1,77934.8192576678
2025-03-31 22:00:00,355745.94836996385,0,77956.76402804867
2025-04-01 00:00:00,355745.94836996385,0,77615.0468091069
2025-04-01 02:00:00,355745.94836996385,0,76759.63578134509
2025-04-01 04:00:00,355745.94836996385,0,76801.82511430063
2025-04-01 06:00:00,355745.94836996385,0,77050.2765105859
2025-04-01 08:00:00,355745.94836996385,0,77281.38823258955
2025-04-01 10:00:00,355745.94836996385,0,77050.80344437713
2025-04-01 12:00:00,355745.94836996385,0,77126.04646621255
2025-04-01 14:00:00,355745.94836996385,0,78148.93624571254
2025-04-01 16:00:00,355745.94836996385,0,78585.61356219358
2025-04-01 18:00:00,355745.94836996385,-1,78221.46645837782
2025-04-01 20:00:00,353585.5425806865,0,78565.05543323049
2025-04-01 22:00:00,353585.5425806865,0,78260.91971334408
2025-04-02 00:00:00,353585.5425806865,0,78483.75253690743
2025-04-02 02:00:00,353585.5425806865,0,78180.7410372545
2025-04-02 04:00:00,353585.5425806865,0,78251.03915054406
2025-04-02 06:00:00,353585.5425806865,0,78004.65240860959
2025-04-02 08:00:00,353585.5425806865,0,77879.18351653787
2025-04-02 10:00:00,353585.5425806865,0,78066.09446148515
2025-04-02 12:00:00,353585.5425806865,0,78102.37037535335
2025-04-02 14:00:00,353585.5425806865,0,77944.87512696888
2025-04-02 16:00:00,353585.5425806865,0,78049.11597966636
2025-04-02 18:00:00,353585.5425806865,0,77420.12820840656
2025-04-02 20:00:00,353585.5425806865,0,77274.90920371856
2025-04-02 22:00:00,353585.5425806865,0,76968.31141365145
2025-04-03 00:00:00,353585.5425806865,0,77204.79014746919
2025-04-03 02:00:00,353585.5425806865,0,77138.88054039923
2025-04-03 04:00:00,353585.5425806865,0,77220.83254957596
2025-04-03 06:00:00,353585.5425806865,0,77367.73211909605
2025-04-03 08:00:00,353585.5425806865,0,77059.16953550548
2025-04-03 10:00:00,353585.5425806865,0,76931.70401188005
2025-04-03 12:00:00,353585.5425806865,0,77149.42158415375
2025-04-03 14:00:00,353585.5425806865,0,77205.98750822345
2025-04-03 16:00:00,353585.5425806865,0,77345.01563467814
2025-04-03 18:00:00,353585.5425806865,0,77342.3857318785
2025-04-03 20:00:00,353585.5425806865,0,77403.48503084289
2025-04-03 22:00:00,353585.5425806865,0,77277.81239390296
2025-04-04 00:00:00,353585.5425806865,0,77823.61527598677
2025-04-04 02:00:00,353585.5425806865,0,78185.87001242438
2025-04-04 04:00:00,353585.5425806865,0,77777.13518826864
2025-04-04 06:00:00,353585.5425806865,0,77887.75240801371
2025-04-04 08:00:00,353585.5425806865,0,76935.86950909613
2025-04-04 10:00:00,353585.5425806865,0,75588.52641801005
2025-04-04 12:00:00,353585.5425806865,1,74391.59105209801
2025-04-04 14:00:00,353774.670429104,1,74433.4763129672
2025-04-04 16:00:00,352147.78217968123,1,74073.1769741746
2025-04-04 18:00:00,355324.04252298694,1,74776.60851099482
2025-04-04 20:00:00,355802.56781819154,0,75031.36845426803
2025-04-04 22:00:00,355802.56781819154,0,76168.17897418712
2025-04-05 00:00:00,355802.56781819154,0,75569.93848629866
2025-04-05 02:00:00,355802.56781819154,0,75649.91600102556
2025-04-05 04:00:00,355802.56781819154,0,75494.25950255334
2025-04-05 06:00:00,355802.56781819154,0,76007.58237606859
2025-04-05 08:00:00,355802.56781819154,0,75737.02409407607
2025-04-05 10:00:00,355802.56781819154,0,75749.92340521456
2025-04-05 12:00:00,355802.56781819154,0,76094.89413393685
2025-04-05 14:00:00,355802.56781819154,0,76459.48017090549
2025-04-05 16:00:00,355802.56781819154,0,76172.20669044301
2025-04-05 18:00:00,355802.56781819154,0,76458.13968786187
2025-04-05 20:00:00,355802.56781819154,0,76732.54311826278
2025-04-05 22:00:00,355802.56781819154,0,77123.15709718909
2025-04-06 00:00:00,355802.56781819154,0,76618.30698590392
2025-04-06 02:00:00,355802.56781819154,0,76528.22343184151
2025-04-06 04:00:00,355802.56781819154,0,76425.48847762878
2025-04-06 06:00:00,355802.56781819154,0,76711.56017787942
2025-04-06 08:00:00,355802.56781819154,0,76594.07056700304
2025-04-06 10:00:00,355802.56781819154,0,76380.46492917009
2025-04-06 12:00:00,355802.56781819154,0,75726.70278467253
2025-04-06 14:00:00,355802.56781819154,0,76058.72783463523
2025-04-06 16:00:00,355802.56781819154,0,76022.95296678811
2025-04-06 18:00:00,355802.56781819154,0,75901.1619252095
2025-04-06 20:00:00,355802.56781819154,0,75965.68927071379
2025-04-06 22:00:00,355802.56781819154,0,75541.27337850875
2025-04-07 00:00:00,355802.56781819154,0,82714.87324264363
2025-04-07 02:00:00,355802.56781819154,-1,68543.7264198107
2025-04-07 04:00:00,336013.6992361779,0,79424.01361972149
2025-04-07 06:00:00,336013.6992361779,0,43456.91092002509
2025-04-07 08:00:00,336013.6992361779,1,33960.01962222474
2025-04-07 10:00:00,426185.4803962259,1,43553.09797627374
2025-04-07 12:00:00,529714.5966909514,1,54567.219154361206
2025-04-07 14:00:00,633587.054975298,0,65685.78739340988
2025-04-07 16:00:00,633587.054975298,0,83488.20437288265
2025-04-07 18:00:00,633587.054975298,0,71465.18348962601
2025-04-07 20:00:00,633587.054975298,0,58363.757579694626
2025-04-07 22:00:00,633587.054975298,0,51594.673973617464
2025-04-08 00:00:00,633587.054975298,0,74126.79120933429
2025-04-08 02:00:00,633587.054975298,0,74242.06837877259
2025-04-08 04:00:00,633587.054975298,0,75496.1730017842
2025-04-08 06:00:00,633587.054975298,0,75188.58352424794
2025-04-08 08:00:00,633587.054975298,0,75418.16315758991
2025-04-08 10:00:00,633587.054975298,0,75212.81783763212
2025-04-08 12:00:00,633587.054975298,0,75423.4123875905
2025-04-08 14:00:00,633587.054975298,0,72761.38400089428
2025-04-08 16:00:00,633587.054975298,0,72490.78184194208
2025-04-08 18:00:00,633587.054975298,0,72611.9158878642
2025-04-08 20:00:00,633587.054975298,0,72724.2236745
2025-04-08 22:00:00,633587.054975298,0,72854.43752191421
2025-04-09 00:00:00,633587.054975298,0,68383.04143694435
2025-04-09 02:00:00,633587.054975298,0,68583.31801797966
2025-04-09 04:00:00,633587.054975298,0,63187.52467033883
2025-04-09 06:00:00,633587.054975298,0,67510.76552901359
2025-04-09 08:00:00,633587.054975298,0,68313.35376082275
2025-04-09 10:00:00,633587.054975298,0,76780.60184790345
2025-04-09 12:00:00,633587.054975298,0,74141.40069745184
2025-04-09 14:00:00,633587.054975298,0,72513.87404514788
2025-04-09 16:00:00,633587.054975298,0,65167.458723748554
2025-04-09 18:00:00,633587.054975298,0,67773.81230604804
2025-04-09 20:00:00,633587.054975298,0,73960.11416933435
2025-04-09 22:00:00,633587.054975298,0,74994.10142696918
2025-04-10 00:00:00,633587.054975298,0,76705.61861006629
2025-04-10 02:00:00,633587.054975298,0,75506.08770856551
2025-04-10 04:00:00,633587.054975298,0,74667.63105864316
2025-04-10 06:00:00,633587.054975298,0,73881.71678010195
2025-04-10 08:00:00,633587.054975298,0,73753.99261791943
2025-04-10 10:00:00,633587.054975298,0,74300.17285138271
2025-04-10 12:00:00,633587.054975298,0,74868.74228453972
2025-04-10 14:00:00,633587.054975298,0,75077.58567088636
2025-04-10 16:00:00,633587.054975298,0,73998.0738966293
2025-04-10 18:00:00,633587.054975298,0,75518.41496671655
2025-04-10 20:00:00,633587.054975298,0,74391.98540168679
2025-04-10 22:00:00,633587.054975298,0,75512.96898765658
2025-04-11 00:00:00,633587.054975298,0,76667.23922331382
2025-04-11 02:00:00,633587.054975298,0,77532.38781703598
2025-04-11 04:00:00,633587.054975298,0,78413.79186373853
2025-04-11 06:00:00,633587.054975298,0,78767.10218914313
2025-04-11 08:00:00,633587.054975298,0,78746.54639553481
2025-04-11 10:00:00,633587.054975298,0,77570.61998488985
2025-04-11 12:00:00,633587.054975298,0,76846.79262513423
2025-04-11 14:00:00,633587.054975298,0,76824.37075074094
2025-04-11 16:00:00,633587.054975298,0,77664.82445374361
2025-04-11 18:00:00,633587.054975298,0,77430.90607908617
2025-04-11 20:00:00,633587.054975298,0,76233.30282669693
2025-04-11 22:00:00,633587.054975298,0,76628.62321936378
2025-04-12 00:00:00,633587.054975298,0,76666.48042207233
2025-04-12 02:00:00,633587.054975298,0,76957.11176183536
2025-04-12 04:00:00,633587.054975298,0,76871.33688298841
2025-04-12 06:00:00,633587.054975298,0,76862.67123821792
2025-04-12 08:00:00,633587.054975298,0,76948.52478439274
2025-04-12 10:00:00,633587.054975298,0,76356.63413281128
2025-04-12 12:00:00,633587.054975298,0,76605.72976123437
2025-04-12 14:00:00,633587.054975298,0,76795.00472829051
2025-04-12 16:00:00,633587.054975298,0,76927.71483868106
2025-04-12 18:00:00,633587.054975298,0,77263.59332045513
2025-04-12 20:00:00,633587.054975298,0,77122.086928502
2025-04-12 22:00:00,633587.054975298,0,77246.36131249914
2025-04-13 00:00:00,633587.054975298,0,77557.82587084296
2025-04-13 02:00:00,633587.054975298,0,77701.1037645899
2025-04-13 04:00:00,633587.054975298,0,76933.1146761044
2025-04-13 06:00:00,633587.054975298,0,77762.13477709923
2025-04-13 08:00:00,633587.054975298,0,77457.64340053053
2025-04-13 10:00:00,633587.054975298,0,77474.87870512968
2025-04-13 12:00:00,633587.054975298,0,78064.78540734308
2025-04-13 14:00:00,633587.054975298,0,78154.30581443472
2025-04-13 16:00:00,633587.054975298,0,79252.1011461564
2025-04-13 18:00:00,633587.054975298,-1,79667.17358238061
2025-04-13 20:00:00,635928.7308878616,-1,79357.23453240702
2025-04-13 22:00:00,635474.4074425388,-1,79417.3677798255
2025-04-14 00:00:00,624509.0103271307,-1,80868.72351453608
2025-04-14 02:00:00,622257.2639543157,0,81271.85763023855
2025-04-14 04:00:00,622257.2639543157,-1,82800.29016431127
2025-04-14 06:00:00,609663.0496991394,0,85773.6465914516
2025-04-14 08:00:00,609663.0496991394,-1,81223.66685130876
2025-04-14 10:00:00,602947.5930684598,0,82002.98910378884
2025-04-14 12:00:00,602947.5930684598,0,78432.0219243078
2025-04-14 14:00:00,602947.5930684598,0,77697.63028877148
2025-04-14 16:00:00,602947.5930684598,0,76964.08347715386
2025-04-14 18:00:00,602947.5930684598,0,79312.4192074391
2025-04-14 20:00:00,602947.5930684598,0,78796.22066385938
2025-04-14 22:00:00,602947.5930684598,0,79803.86594722021
2025-04-15 00:00:00,602947.5930684598,0,80275.51407782691
2025-04-15 02:00:00,602947.5930684598,0,80442.69165605784
2025-04-15 04:00:00,602947.5930684598,0,80392.00493963358
2025-04-15 06:00:00,602947.5930684598,0,80531.34666201261
2025-04-15 08:00:00,602947.5930684598,0,80754.39380968263
2025-04-15 10:00:00,602947.5930684598,0,81352.6184235013
2025-04-15 12:00:00,602947.5930684598,0,81396.46362435522
2025-04-15 14:00:00,602947.5930684598,0,81411.90971247236
2025-04-15 16:00:00,602947.5930684598,0,81712.39932729663
2025-04-15 18:00:00,602947.5930684598,0,81882.4389231516
2025-04-15 20:00:00,602947.5930684598,0,81748.46041452915
2025-04-15 22:00:00,602947.5930684598,0,81652.45543156243
2025-04-16 00:00:00,602947.5930684598,0,82393.75462178362
2025-04-16 02:00:00,602947.5930684598,0,82247.74186369602
2025-04-16 04:00:00,602947.5930684598,0,82547.46460637322
2025-04-16 06:00:00,602947.5930684598,0,82738.19994702892
2025-04-16 08:00:00,602947.5930684598,0,82327.85965102285
2025-04-16 10:00:00,602947.5930684598,0,82238.28530141636
2025-04-16 12:00:00,602947.5930684598,0,82203.5150590626
2025-04-16 14:00:00,602947.5930684598,0,81584.8959793316
2025-04-16 16:00:00,602947.5930684598,0,82063.60983500745
2025-04-16 18:00:00,602947.5930684598,0,82077.75934029832
2025-04-16 20:00:00,602947.5930684598,0,82192.63696867958
2025-04-16 22:00:00,602947.5930684598,0,82322.38861955085
2025-04-17 00:00:00,602947.5930684598,0,82339.49960073855
2025-04-17 02:00:00,602947.5930684598,0,82306.80490364858
2025-04-17 04:00:00,602947.5930684598,0,82344.25957008831
2025-04-17 06:00:00,602947.5930684598,0,82333.14790057343
2025-04-17 08:00:00,602947.5930684598,0,82559.45720381668
2025-04-17 10:00:00,602947.5930684598,0,82588.9594575429
2025-04-17 12:00:00,602947.5930684598,0,82557.37013580692
2025-04-17 14:00:00,602947.5930684598,0,82866.78744531474
2025-04-17 16:00:00,602947.5930684598,0,82639.64716703426
2025-04-17 18:00:00,602947.5930684598,0,82657.98922492246
2025-04-17 20:00:00,602947.5930684598,0,82608.23539032307
2025-04-17 22:00:00,602947.5930684598,0,82470.24018617083
2025-04-18 00:00:00,602947.5930684598,0,81440.892124625
2025-04-18 02:00:00,602947.5930684598,1,83180.0928412225
2025-04-18 04:00:00,617749.3836100205,0,85495.91855193129
2025-04-18 06:00:00,617749.3836100205,-1,83388.51691392814
2025-04-18 08:00:00,610417.689002977,0,84263.51670138458
2025-04-18 10:00:00,610417.689002977,0,85146.6504130213
2025-04-18 12:00:00,610417.689002977,-1,83586.23557907846
2025-04-18 14:00:00,607367.4559930163,0,83858.72322147837
2025-04-18 16:00:00,607367.4559930163,0,84335.47984395508
2025-04-18 18:00:00,607367.4559930163,0,83621.14446563419
2025-04-18 20:00:00,607367.4559930163,0,84117.50467977715
2025-04-18 22:00:00,607367.4559930163,0,83310.90567225132
2025-04-19 00:00:00,607367.4559930163,0,83739.44302505054
2025-04-19 02:00:00,607367.4559930163,0,83617.38892514701
2025-04-19 04:00:00,607367.4559930163,0,83644.4456208521
2025-04-19 06:00:00,607367.4559930163,0,83788.09347507074
2025-04-19 08:00:00,607367.4559930163,0,83566.736340267
2025-04-19 10:00:00,607367.4559930163,0,83726.27776272835
2025-04-19 12:00:00,607367.4559930163,0,83944.93368122332
2025-04-19 14:00:00,607367.4559930163,0,84069.62100983733
2025-04-19 16:00:00,607367.4559930163,0,84044.70903371328
2025-04-19 18:00:00,607367.4559930163,0,84265.49645945869
2025-04-19 20:00:00,607367.4559930163,0,84468.60798178517
2025-04-19 22:00:00,607367.4559930163,0,84415.65704362089
2025-04-20 00:00:00,607367.4559930163,0,84590.37026510104
2025-04-20 02:00:00,607367.4559930163,0,84596.892292037
2025-04-20 04:00:00,607367.4559930163,0,84613.76415654829
2025-04-20 06:00:00,607367.4559930163,0,84654.61687715739
2025-04-20 08:00:00,607367.4559930163,0,84665.26783609157
2025-04-20 10:00:00,607367.4559930163,0,84677.44183710786
2025-04-20 12:00:00,607367.4559930163,0,84677.94795072486
2025-04-20 14:00:00,607367.4559930163,0,84661.20926494752
2025-04-20 16:00:00,607367.4559930163,0,84677.73264589968
2025-04-20 18:00:00,607367.4559930163,0,84671.91511400355
2025-04-20 20:00:00,607367.4559930163,0,84679.08484920446
2025-04-20 22:00:00,607367.4559930163,0,84723.5233397576
2025-04-21 00:00:00,607367.4559930163,0,85086.90880694393
2025-04-21 02:00:00,607367.4559930163,0,85031.95081469687
2025-04-21 04:00:00,607367.4559930163,0,85012.60686148232
2025-04-21 06:00:00,607367.4559930163,0,84980.96611373259
2025-04-21 08:00:00,607367.4559930163,0,84940.13676236675
2025-04-21 10:00:00,607367.4559930163,0,84855.47148975567
2025-04-21 12:00:00,607367.4559930163,0,84967.05557264578
2025-04-21 14:00:00,607367.4559930163,0,85079.6508384956
2025-04-21 16:00:00,607367.4559930163,0,85102.99350739198
2025-04-21 18:00:00,607367.4559930163,0,84917.22302007959
2025-04-21 20:00:00,607367.4559930163,0,84893.43240001323
2025-04-21 22:00:00,607367.4559930163,0,84873.08810364844
2025-04-22 00:00:00,607367.4559930163,0,84487.9634610545
2025-04-22 02:00:00,607367.4559930163,0,84566.15711600403
2025-04-22 04:00:00,607367.4559930163,0,84469.81722446167
2025-04-22 06:00:00,607367.4559930163,0,84664.74229497033
2025-04-22 08:00:00,607367.4559930163,0,84708.71880168939
2025-04-22 10:00:00,607367.4559930163,0,85070.83726137121
2025-04-22 12:00:00,607367.4559930163,0,85470.77343271984
2025-04-22 14:00:00,607367.4559930163,-1,85998.81733612667
2025-04-22 16:00:00,606899.8871321778,-1,86068.50612806159
2025-04-22 18:00:00,608700.9918744126,-1,85800.06050614927
2025-04-22 20:00:00,607415.6195350856,0,85819.64116724642
2025-04-22 22:00:00,607415.6195350856,0,85806.6742150973
2025-04-23 00:00:00,607415.6195350856,0,85603.74128363973
2025-04-23 02:00:00,607415.6195350856,0,85616.72515206663
2025-04-23 04:00:00,607415.6195350856,0,85628.0386217388
2025-04-23 06:00:00,607415.6195350856,0,85864.64907609319
2025-04-23 08:00:00,607415.6195350856,0,85900.013591632
2025-04-23 10:00:00,607415.6195350856,0,85928.18843659724
2025-04-23 12:00:00,607415.6195350856,0,85888.99567540636
2025-04-23 14:00:00,607415.6195350856,0,85814.87956060658
2025-04-23 16:00:00,607415.6195350856,0,85979.9481080396
2025-04-23 18:00:00,607415.6195350856,0,86054.72255581811
2025-04-23 20:00:00,607415.6195350856,0,86154.41682314166
2025-04-23 22:00:00,607415.6195350856,0,86390.49195767626
2025-04-24 00:00:00,607415.6195350856,0,86343.85200713934
2025-04-24 02:00:00,607415.6195350856,0,86708.99085418147
2025-04-24 04:00:00,607415.6195350856,0,86683.19805749033
2025-04-24 06:00:00,607415.6195350856,0,86565.37089860125
2025-04-24 08:00:00,607415.6195350856,0,86061.13808233144
2025-04-24 10:00:00,607415.6195350856,0,85338.95275986497
2025-04-24 12:00:00,607415.6195350856,0,85935.05233227096
2025-04-24 14:00:00,607415.6195350856,0,85596.18577623302
2025-04-24 16:00:00,607415.6195350856,0,85678.1507323244
2025-04-24 18:00:00,607415.6195350856,0,86304.94758391865
2025-04-24 20:00:00,607415.6195350856,0,86253.29717468123
2025-04-24 22:00:00,607415.6195350856,0,86380.19418468297
2025-04-25 00:00:00,607415.6195350856,0,86833.57394756292
2025-04-25 02:00:00,607415.6195350856,-1,86896.14254315433
2025-04-25 04:00:00,605603.2508940476,-1,87169.06387135795
2025-04-25 06:00:00,605131.8597206178,-1,87240.04981883177
2025-04-25 08:00:00,604428.8710833775,-1,87345.91161109816
2025-04-25 10:00:00,603610.5101061433,-1,87469.14711617115
2025-04-25 12:00:00,603680.9252072573,-1,87458.5434329654
2025-04-25 14:00:00,604621.8674410149,0,87143.05635224804
2025-04-25 16:00:00,604621.8674410149,0,87302.09842735562
2025-04-25 18:00:00,604621.8674410149,0,87433.49353740679
2025-04-25 20:00:00,604621.8674410149,0,87381.79582139518
2025-04-25 22:00:00,604621.8674410149,0,87361.37071101512
2025-04-26 00:00:00,604621.8674410149,0,87394.85460690322
2025-04-26 02:00:00,604621.8674410149,0,87868.7391597987
2025-04-26 04:00:00,604621.8674410149,0,87672.42363961693
2025-04-26 06:00:00,604621.8674410149,0,87489.98453261536
2025-04-26 08:00:00,604621.8674410149,0,87453.94634162352
2025-04-26 10:00:00,604621.8674410149,0,87486.59121862904
2025-04-26 12:00:00,604621.8674410149,0,87629.09304849677
2025-04-26 14:00:00,604621.8674410149,0,87618.72670062508
2025-04-26 16:00:00,604621.8674410149,0,87571.68184821734
2025-04-26 18:00:00,604621.8674410149,0,87396.45631246181
2025-04-26 20:00:00,604621.8674410149,0,87623.01330300962
2025-04-26 22:00:00,604621.8674410149,0,87753.01810088422
2025-04-27 00:00:00,604621.8674410149,0,87961.05669640377
2025-04-27 02:00:00,604621.8674410149,0,88117.99618951979
2025-04-27 04:00:00,604621.8674410149,0,88338.28312167851
2025-04-27 06:00:00,604621.8674410149,-1,88767.27021560444
2025-04-27 08:00:00,606037.7037018712,-1,88548.46461213318
2025-04-27 10:00:00,606444.6057137464,0,88308.04678305941
2025-04-27 12:00:00,606444.6057137464,0,88370.50354958783
2025-04-27 14:00:00,606444.6057137464,0,88497.47487619633
2025-04-27 16:00:00,606444.6057137464,0,88955.4785380208
2025-04-27 18:00:00,606444.6057137464,-1,88837.93516015474
2025-04-27 20:00:00,604545.5721695313,0,88953.08981692964
2025-04-27 22:00:00,604545.5721695313,0,89500.18087439449
2025-04-28 00:00:00,604545.5721695313,-1,89576.84748182818
2025-04-28 02:00:00,605045.6524632971,-1,89498.84958988297
2025-04-28 04:00:00,602845.6547477465,0,89662.83115986852
2025-04-28 06:00:00,602845.6547477465,0,89539.55801159766
2025-04-28 08:00:00,602845.6547477465,0,90093.39827669629
2025-04-28 10:00:00,602845.6547477465,-1,89869.02101945326
2025-04-28 12:00:00,601261.6620053615,0,89937.84424668078
2025-04-28 14:00:00,601261.6620053615,0,89952.90314042411
2025-04-28 16:00:00,601261.6620053615,0,89819.18327781321
2025-04-28 18:00:00,601261.6620053615,0,89696.44362147483
2025-04-28 20:00:00,601261.6620053615,0,89870.02313500541
2025-04-28 22:00:00,601261.6620053615,0,89928.04140084748
2025-04-29 00:00:00,601261.6620053615,0,89966.37942449986
2025-04-29 02:00:00,601261.6620053615,0,84330.100341229
2025-04-29 04:00:00,601261.6620053615,1,81299.70790704396
2025-04-29 06:00:00,671552.2521422028,1,91304.2924031977
2025-04-29 08:00:00,625126.7963910988,0,84859.07427287732
2025-04-29 10:00:00,625126.7963910988,0,72508.66111567405
2025-04-29 12:00:00,625126.7963910988,1,64627.798920363675
2025-04-29 14:00:00,661212.5750146713,1,68554.82445086849
2025-04-29 16:00:00,635957.9260291232,1,65806.49380336517
2025-04-29 18:00:00,619255.2015564913,1,63988.824130299945
2025-04-29 20:00:00,695012.623117687,1,72233.10594833705
2025-04-29 22:00:00,821169.2557164768,0,86091.32447714076
2025-04-30 00:00:00,821169.2557164768,0,91257.96534591648
2025-04-30 02:00:00,821169.2557164768,0,91279.3544745947
2025-04-30 04:00:00,821169.2557164768,0,91576.15014915573
2025-04-30 06:00:00,821169.2557164768,0,91214.83697950095
2025-04-30 08:00:00,821169.2557164768,0,91166.2301413501
2025-04-30 10:00:00,821169.2557164768,0,91135.62361545271
2025-04-30 12:00:00,821169.2557164768,0,91003.5679374278
2025-04-30 14:00:00,821169.2557164768,0,91208.04711452553
2025-04-30 16:00:00,821169.2557164768,0,91431.86955259506
2025-04-30 18:00:00,821169.2557164768,0,91125.87947664634
2025-04-30 20:00:00,821169.2557164768,0,91084.1396952769
2025-04-30 22:00:00,821169.2557164768,0,91069.27247454676
2025-05-01 00:00:00,821169.2557164768,0,90960.55748671936
2025-05-01 02:00:00,821169.2557164768,0,91029.85357791654
2025-05-01 04:00:00,821169.2557164768,0,91072.73416002818
2025-05-01 06:00:00,821169.2557164768,0,91165.23100928075
2025-05-01 08:00:00,821169.2557164768,0,91281.21630391109
2025-05-01 10:00:00,821169.2557164768,0,91485.55459906213
2025-05-01 12:00:00,821169.2557164768,0,91348.10890740044
2025-05-01 14:00:00,821169.2557164768,0,91178.80095632652
2025-05-01 16:00:00,821169.2557164768,0,91142.484964034
2025-05-01 18:00:00,821169.2557164768,0,90773.92909575305
2025-05-01 20:00:00,821169.2557164768,0,90913.39473325266
2025-05-01 22:00:00,821169.2557164768,0,90832.41407796174
2025-05-02 00:00:00,821169.2557164768,0,90341.09538556896
2025-05-02 02:00:00,821169.2557164768,0,89711.80970872972
2025-05-02 04:00:00,821169.2557164768,0,90190.789382848
2025-05-02 06:00:00,821169.2557164768,0,90960.44685768094
2025-05-02 08:00:00,821169.2557164768,0,91440.19634875697
2025-05-02 10:00:00,821169.2557164768,0,92426.10068446085
2025-05-02 12:00:00,821169.2557164768,-1,92617.85493971339
2025-05-02 14:00:00,818441.2150874649,-1,92941.73876946824
2025-05-02 16:00:00,819732.93822711,-1,92788.38026263297
2025-05-02 18:00:00,823058.9624692926,-1,92393.50144082974
2025-05-02 20:00:00,819781.326148527,0,92597.39974633984
2025-05-02 22:00:00,819781.326148527,0,92057.08723487232
2025-05-03 00:00:00,819781.326148527,0,92213.91037109969
2025-05-03 02:00:00,819781.326148527,0,91757.38840789102
2025-05-03 04:00:00,819781.326148527,0,91729.79716060159
2025-05-03 06:00:00,819781.326148527,0,91110.62249292897
2025-05-03 08:00:00,819781.326148527,0,90935.96661067502
2025-05-03 10:00:00,819781.326148527,0,91193.43754343824
2025-05-03 12:00:00,819781.326148527,0,91527.05586750108
2025-05-03 14:00:00,819781.326148527,0,91919.89104171099
2025-05-03 16:00:00,819781.326148527,0,91887.12510023727
2025-05-03 18:00:00,819781.326148527,0,92784.50182600407
2025-05-03 20:00:00,819781.326148527,0,92542.34918808735
2025-05-03 22:00:00,819781.326148527,0,93617.31300426542
2025-05-04 00:00:00,819781.326148527,-1,93592.40800516121
2025-05-04 02:00:00,816040.9992301067,0,93854.72201068887
2025-05-04 04:00:00,816040.9992301067,0,94077.73873843918
2025-05-04 06:00:00,816040.9992301067,0,94418.91403451687
2025-05-04 08:00:00,816040.9992301067,-1,94489.59362440936
2025-05-04 10:00:00,813052.0860818924,0,94664.91655203735
2025-05-04 12:00:00,813052.0860818924,0,94894.97316262728
2025-05-04 14:00:00,813052.0860818924,0,94649.89044122057
2025-05-04 16:00:00,813052.0860818924,0,94395.04173400189
2025-05-04 18:00:00,813052.0860818924,0,94447.96288279166
2025-05-04 20:00:00,813052.0860818924,0,94318.27503895438
2025-05-04 22:00:00,813052.0860818924,0,94229.94446160845
2025-05-05 00:00:00,813052.0860818924,0,94207.20754306013
2025-05-05 02:00:00,813052.0860818924,0,94302.2166604392
2025-05-05 04:00:00,813052.0860818924,0,93670.58836923561
2025-05-05 06:00:00,813052.0860818924,0,94285.69392412466
2025-05-05 08:00:00,813052.0860818924,0,94380.16557881763
2025-05-05 10:00:00,813052.0860818924,0,94648.27758899645
2025-05-05 12:00:00,813052.0860818924,0,94156.97873629545
2025-05-05 14:00:00,813052.0860818924,0,94647.17759898842
2025-05-05 16:00:00,813052.0860818924,0,94338.18534839428
2025-05-05 18:00:00,813052.0860818924,0,94760.05039874068
2025-05-05 20:00:00,813052.0860818924,0,94828.1671189493
2025-05-05 22:00:00,813052.0860818924,0,95117.03892839045
2025-05-06 00:00:00,813052.0860818924,0,95695.83721733169
2025-05-06 02:00:00,813052.0860818924,0,94930.5367524223
2025-05-06 04:00:00,813052.0860818924,0,94035.7179147686
2025-05-06 06:00:00,813052.0860818924,0,95586.6462619956
2025-05-06 08:00:00,813052.0860818924,0,95735.87118361995
2025-05-06 10:00:00,813052.0860818924,-1,96089.6878955883
2025-05-06 12:00:00,822192.0429482368,-1,94952.63948555476
2025-05-06 14:00:00,819111.574660773,0,95143.68309644058
2025-05-06 16:00:00,819111.574660773,0,95589.6406066672
2025-05-06 18:00:00,819111.574660773,0,96672.57963856969
2025-05-06 20:00:00,819111.574660773,-1,97854.33289706545
2025-05-06 22:00:00,832104.9730543271,-1,96220.39273786747
2025-05-07 00:00:00,830487.8733466697,0,96228.03688815258
2025-05-07 02:00:00,830487.8733466697,0,95638.98142529027
2025-05-07 04:00:00,830487.8733466697,0,97033.73822317588
2025-05-07 06:00:00,830487.8733466697,0,96105.34485394166
2025-05-07 08:00:00,830487.8733466697,0,96481.76187752023
2025-05-07 10:00:00,830487.8733466697,0,96559.17957702649
2025-05-07 12:00:00,830487.8733466697,0,97888.77090444166
2025-05-07 14:00:00,830487.8733466697,-1,98547.51145656293
2025-05-07 16:00:00,830018.301426997,-1,98606.16454422225
2025-05-07 18:00:00,828888.5603029185,-1,98747.27776331994
2025-05-07 20:00:00,832339.9093700746,-1,98316.17813640894
2025-05-07 22:00:00,831505.0334185689,0,98223.36544026367
2025-05-08 00:00:00,831505.0334185689,0,98179.07093604848
2025-05-08 02:00:00,831505.0334185689,0,98089.41355297674
2025-05-08 04:00:00,831505.0334185689,0,98088.58906066851
2025-05-08 06:00:00,831505.0334185689,0,98084.88948197213
2025-05-08 08:00:00,831505.0334185689,0,98166.19174168022
2025-05-08 10:00:00,831505.0334185689,0,98307.23163050368
2025-05-08 12:00:00,831505.0334185689,0,98266.31732121333
2025-05-08 14:00:00,831505.0334185689,0,98221.67135325841
2025-05-08 16:00:00,831505.0334185689,0,98181.10181770426
2025-05-08 18:00:00,831505.0334185689,0,98188.57260026649
2025-05-08 20:00:00,831505.0334185689,0,98321.84462264116
2025-05-08 22:00:00,831505.0334185689,0,98299.7059406162
2025-05-09 00:00:00,831505.0334185689,0,98525.0307331989
2025-05-09 02:00:00,831505.0334185689,0,98720.1963209033
2025-05-09 04:00:00,831505.0334185689,0,98535.13251862646
2025-05-09 06:00:00,831505.0334185689,0,99241.16175735541
2025-05-09 08:00:00,831505.0334185689,0,98970.18414964642
2025-05-09 10:00:00,831505.0334185689,0,99263.54451148184
2025-05-09 12:00:00,831505.0334185689,0,99054.30721251534
2025-05-09 14:00:00,831505.0334185689,0,99051.24727131173
2025-05-09 16:00:00,831505.0334185689,0,98825.47306528852
2025-05-09 18:00:00,831505.0334185689,0,98609.83140490984
2025-05-09 20:00:00,831505.0334185689,0,98907.98464835896
2025-05-09 22:00:00,831505.0334185689,0,99040.09157489681
2025-05-10 00:00:00,831505.0334185689,0,99325.24203807105
2025-05-10 02:00:00,831505.0334185689,0,99711.03908479153
2025-05-10 04:00:00,831505.0334185689,-1,99460.99500136926
2025-05-10 06:00:00,832861.6605573904,0,99091.2584805173
2025-05-10 08:00:00,832861.6605573904,0,99108.0076101889
2025-05-10 10:00:00,832861.6605573904,0,99230.89459388706
2025-05-10 12:00:00,832861.6605573904,0,101169.03651681759
2025-05-10 14:00:00,832861.6605573904,-1,100688.26905398676
2025-05-10 16:00:00,839006.0624461968,-1,99906.34960956765
2025-05-10 18:00:00,842289.7449854844,0,99287.1007914179
2025-05-10 20:00:00,842289.7449854844,0,99298.46297268884
2025-05-10 22:00:00,842289.7449854844,0,100774.08979062886
2025-05-11 00:00:00,842289.7449854844,-1,100961.68310559256
2025-05-11 02:00:00,842503.4691864687,-1,100934.71656939544
2025-05-11 04:00:00,841058.9426370015,0,100915.05556422942
2025-05-11 06:00:00,841058.9426370015,0,100815.74861375018
2025-05-11 08:00:00,841058.9426370015,0,100824.7095139053
2025-05-11 10:00:00,841058.9426370015,0,100801.43491439213
2025-05-11 12:00:00,841058.9426370015,0,100742.65609698869
2025-05-11 14:00:00,841058.9426370015,0,100719.86912780794
2025-05-11 16:00:00,841058.9426370015,0,100650.90007469957
2025-05-11 18:00:00,841058.9426370015,0,100645.42683894254
2025-05-11 20:00:00,841058.9426370015,0,100778.04089307974
2025-05-11 22:00:00,841058.9426370015,0,100742.72551863549
2025-05-12 00:00:00,841058.9426370015,0,101410.10483488168
2025-05-12 02:00:00,841058.9426370015,0,101350.66277601087
2025-05-12 04:00:00,841058.9426370015,0,101331.15266665131
2025-05-12 06:00:00,841058.9426370015,0,101309.7342835857
2025-05-12 08:00:00,841058.9426370015,0,101333.6327897551
2025-05-12 10:00:00,841058.9426370015,0,101330.61221013339
2025-05-12 12:00:00,841058.9426370015,0,101355.72675010316
2025-05-12 14:00:00,841058.9426370015,0,101385.57319615073
2025-05-12 16:00:00,841058.9426370015,0,101345.33136236163
2025-05-12 18:00:00,841058.9426370015,0,101307.0600919568
2025-05-12 20:00:00,841058.9426370015,0,101332.71762610151
2025-05-12 22:00:00,841058.9426370015,0,101282.78783317647
2025-05-13 00:00:00,841058.9426370015,0,101488.99936236897
2025-05-13 02:00:00,841058.9426370015,0,101518.72587478276
2025-05-13 04:00:00,841058.9426370015,0,101499.98322820639
2025-05-13 06:00:00,841058.9426370015,0,101539.6981223934
2025-05-13 08:00:00,841058.9426370015,0,101635.83160715173
2025-05-13 10:00:00,841058.9426370015,0,101648.84556052375
2025-05-13 12:00:00,841058.9426370015,0,101495.81198621703
2025-05-13 14:00:00,841058.9426370015,0,101697.29821320478
2025-05-13 16:00:00,841058.9426370015,0,101637.76120923321
2025-05-13 18:00:00,841058.9426370015,0,102052.59706345586
2025-05-13 20:00:00,841058.9426370015,-1,102099.97695557355
2025-05-13 22:00:00,841260.5299318397,-1,102074.21737645488
2025-05-14 00:00:00,839708.031244081,0,102068.40151619939
2025-05-14 02:00:00,839708.031244081,0,101843.10445157254
2025-05-14 04:00:00,839708.031244081,0,101774.7817823698
2025-05-14 06:00:00,839708.031244081,0,101805.42962621237
2025-05-14 08:00:00,839708.031244081,0,101385.10338228036
2025-05-14 10:00:00,839708.031244081,0,101266.0326980975
2025-05-14 12:00:00,839708.031244081,0,101399.37261419934
2025-05-14 14:00:00,839708.031244081,0,101709.88633881952
2025-05-14 16:00:00,839708.031244081,0,101819.43237516138
2025-05-14 18:00:00,839708.031244081,0,101910.66373372117
2025-05-14 20:00:00,839708.031244081,0,101944.00596354964
2025-05-14 22:00:00,839708.031244081,0,101752.25447998683
2025-05-15 00:00:00,839708.031244081,0,101717.22551506727
2025-05-15 02:00:00,839708.031244081,0,101713.26912873848
2025-05-15 04:00:00,839708.031244081,0,101606.30124339514
2025-05-15 06:00:00,839708.031244081,0,101603.21734936406
2025-05-15 08:00:00,839708.031244081,0,101655.84569834087
2025-05-15 10:00:00,839708.031244081,0,101578.16812933376
2025-05-15 12:00:00,839708.031244081,0,101675.70628516165
2025-05-15 14:00:00,839708.031244081,0,101826.16801669348
2025-05-15 16:00:00,839708.031244081,0,101846.0501893506
2025-05-15 18:00:00,839708.031244081,0,101851.98354434888
2025-05-15 20:00:00,839708.031244081,0,101888.09633320874
2025-05-15 22:00:00,839708.031244081,0,101825.13121486772
2025-05-16 00:00:00,839708.031244081,0,102919.76785333961
2025-05-16 02:00:00,839708.031244081,-1,103632.24930188444
2025-05-16 04:00:00,832852.4412436731,0,104459.80149768987
2025-05-16 06:00:00,832852.4412436731,-1,104312.09821766702
2025-05-16 08:00:00,838108.0591494638,-1,103619.2042243259
2025-05-16 10:00:00,840788.207439442,0,103057.23267945733
2025-05-16 12:00:00,840788.207439442,0,102373.14696395022
2025-05-16 14:00:00,840788.207439442,0,102955.24416649887
2025-05-16 16:00:00,840788.207439442,0,102153.483563926
2025-05-16 18:00:00,840788.207439442,0,101627.0559351241
2025-05-16 20:00:00,840788.207439442,0,102376.90133739832
2025-05-16 22:00:00,840788.207439442,0,102825.76645248031
2025-05-17 00:00:00,840788.207439442,0,102554.58930584183
2025-05-17 02:00:00,840788.207439442,0,103201.40576965893
2025-05-17 04:00:00,840788.207439442,0,102639.31233417429
2025-05-17 06:00:00,840788.207439442,0,102699.71405332562
2025-05-17 08:00:00,840788.207439442,0,102905.51841009493
2025-05-17 10:00:00,840788.207439442,0,102018.35963385623
2025-05-17 12:00:00,840788.207439442,0,102517.80624413089
2025-05-17 14:00:00,840788.207439442,0,101338.76442323603
2025-05-17 16:00:00,840788.207439442,0,101626.86157251851
2025-05-17 18:00:00,840788.207439442,0,101751.42545901016
2025-05-17 20:00:00,840788.207439442,0,103492.57175774255
2025-05-17 22:00:00,840788.207439442,0,103080.24593036881
2025-05-18 00:00:00,840788.207439442,0,103331.03024992139
2025-05-18 02:00:00,840788.207439442,0,103272.2701546268
2025-05-18 04:00:00,840788.207439442,0,103331.80949517203
2025-05-18 06:00:00,840788.207439442,0,103930.61818658719
2025-05-18 08:00:00,840788.207439442,0,103717.09125060617
2025-05-18 10:00:00,840788.207439442,0,103618.50628530336
2025-05-18 12:00:00,840788.207439442,0,103355.54009224876
2025-05-18 14:00:00,840788.207439442,0,103960.642166214
2025-05-18 16:00:00,840788.207439442,0,104313.8935469852
2025-05-18 18:00:00,840788.207439442,0,103772.34331422624
2025-05-18 20:00:00,840788.207439442,0,103762.69432751428
2025-05-18 22:00:00,840788.207439442,0,103658.25296531261
2025-05-19 00:00:00,840788.207439442,0,104263.72767414003
2025-05-19 02:00:00,840788.207439442,0,103384.82894797107
2025-05-19 04:00:00,840788.207439442,0,102171.2940688574
2025-05-19 06:00:00,840788.207439442,0,103087.96777497685
2025-05-19 08:00:00,840788.207439442,0,103518.51253154584
2025-05-19 10:00:00,840788.207439442,0,103881.1973210166
2025-05-19 12:00:00,840788.207439442,0,103997.4642252594
2025-05-19 14:00:00,840788.207439442,0,104126.46801316753
2025-05-19 16:00:00,840788.207439442,0,102931.22651096109
2025-05-19 18:00:00,840788.207439442,0,102100.05761129966
2025-05-19 20:00:00,840788.207439442,0,103420.63346328284
2025-05-19 22:00:00,840788.207439442,0,104462.86415167127
2025-05-20 00:00:00,840788.207439442,0,104991.53064538201
2025-05-20 02:00:00,840788.207439442,0,104882.55753770519
2025-05-20 04:00:00,840788.207439442,0,104493.5252169176
2025-05-20 06:00:00,840788.207439442,0,104526.23974216457
2025-05-20 08:00:00,840788.207439442,0,104729.9756088164
2025-05-20 10:00:00,840788.207439442,0,104937.2700584792
2025-05-20 12:00:00,840788.207439442,0,104993.62427109221
2025-05-20 14:00:00,840788.207439442,0,104968.7726236947
2025-05-20 16:00:00,840788.207439442,0,104780.2629155357
2025-05-20 18:00:00,840788.207439442,0,104645.06345084662
2025-05-20 20:00:00,840788.207439442,0,104735.91254774522
2025-05-20 22:00:00,840788.207439442,0,104657.81008231892
2025-05-21 00:00:00,840788.207439442,0,104846.81059715785
2025-05-21 02:00:00,840788.207439442,0,104687.2146032861
2025-05-21 04:00:00,840788.207439442,0,104488.51638183632
2025-05-21 06:00:00,840788.207439442,0,104668.41414118934
2025-05-21 08:00:00,840788.207439442,0,104727.04159579867
2025-05-21 10:00:00,840788.207439442,0,104420.82259129046
2025-05-21 12:00:00,840788.207439442,0,104507.16570976752
2025-05-21 14:00:00,840788.207439442,0,104406.95119750302
2025-05-21 16:00:00,840788.207439442,0,104304.61026016898
2025-05-21 18:00:00,840788.207439442,0,104311.43495839804
2025-05-21 20:00:00,840788.207439442,0,104363.73779080292
2025-05-21 22:00:00,840788.207439442,0,104264.42243174961
2025-05-22 00:00:00,840788.207439442,0,104043.56084171278
2025-05-22 02:00:00,840788.207439442,0,104794.04676664437
2025-05-22 04:00:00,840788.207439442,0,105693.51615066847
2025-05-22 06:00:00,840788.207439442,0,106056.50521574978
2025-05-22 08:00:00,840788.207439442,-1,106171.96619665502
2025-05-22 10:00:00,845545.8520149017,-1,105539.56652244464
2025-05-22 12:00:00,856110.2481741218,0,103922.97294858359
2025-05-22 14:00:00,856110.2481741218,0,102851.66283576078
2025-05-22 16:00:00,856110.2481741218,1,103973.37446688478
2025-05-22 18:00:00,855283.1159951972,0,104075.58013256763
2025-05-22 20:00:00,855283.1159951972,0,104380.11362152048
2025-05-22 22:00:00,855283.1159951972,0,104509.6984972763
2025-05-23 00:00:00,855283.1159951972,0,105185.5458754801
2025-05-23 02:00:00,855283.1159951972,0,105634.76547802097
2025-05-23 04:00:00,855283.1159951972,0,105383.28032415095
2025-05-23 06:00:00,855283.1159951972,0,105516.74239809351
2025-05-23 08:00:00,855283.1159951972,0,105196.91065759903
2025-05-23 10:00:00,855283.1159951972,0,104909.00585211007
2025-05-23 12:00:00,855283.1159951972,0,104815.71859064364
2025-05-23 14:00:00,855283.1159951972,0,104787.06593273165
2025-05-23 16:00:00,855283.1159951972,0,104844.42026213527
2025-05-23 18:00:00,855283.1159951972,0,104910.60170168377
2025-05-23 20:00:00,855283.1159951972,0,105614.20894528921
2025-05-23 22:00:00,855283.1159951972,0,105418.93147610033
2025-05-24 00:00:00,855283.1159951972,0,105560.41746932425
2025-05-24 02:00:00,855283.1159951972,0,105302.21883320699
2025-05-24 04:00:00,855283.1159951972,0,105309.93865647887
2025-05-24 06:00:00,855283.1159951972,0,105142.43196817426
2025-05-24 08:00:00,855283.1159951972,0,105378.40854912452
2025-05-24 10:00:00,855283.1159951972,0,105583.02977747243
2025-05-24 12:00:00,855283.1159951972,0,105573.19286082487
2025-05-24 14:00:00,855283.1159951972,0,105507.5489340184
2025-05-24 16:00:00,855283.1159951972,0,105556.04406290349
2025-05-24 18:00:00,855283.1159951972,0,105504.55836356724
2025-05-24 20:00:00,855283.1159951972,0,105608.99310016823
2025-05-24 22:00:00,855283.1159951972,0,105826.61590542707
2025-05-25 00:00:00,855283.1159951972,0,105690.30033954476
2025-05-25 02:00:00,855283.1159951972,0,104578.38321210774
2025-05-25 04:00:00,855283.1159951972,0,105721.79217055523
2025-05-25 06:00:00,855283.1159951972,0,106925.81925434418
2025-05-25 08:00:00,855283.1159951972,-1,106971.44775354362
2025-05-25 10:00:00,860534.2263861803,-1,106280.11757128913
2025-05-25 12:00:00,859971.8889295938,0,106140.20870428352
2025-05-25 14:00:00,859971.8889295938,0,107504.2177803142
2025-05-25 16:00:00,859971.8889295938,-1,107216.29464402971
2025-05-25 18:00:00,860610.7933385986,-1,107132.4473948873
2025-05-25 20:00:00,858177.8716357959,0,107237.30168057424
2025-05-25 22:00:00,858177.8716357959,0,107268.15610862184
2025-05-26 00:00:00,858177.8716357959,0,106937.63648328834
2025-05-26 02:00:00,858177.8716357959,0,108649.08670615328
2025-05-26 04:00:00,858177.8716357959,-1,107116.44786209488
2025-05-26 06:00:00,860197.0868158491,0,106636.91460124115
2025-05-26 08:00:00,860197.0868158491,0,106656.14438773006
2025-05-26 10:00:00,860197.0868158491,0,106661.90097029772
2025-05-26 12:00:00,860197.0868158491,0,106133.93059739754
2025-05-26 14:00:00,860197.0868158491,0,105410.70763835237
2025-05-26 16:00:00,860197.0868158491,0,106200.727943547
2025-05-26 18:00:00,860197.0868158491,0,106523.89238466322
2025-05-26 20:00:00,860197.0868158491,0,106168.71258305015
2025-05-26 22:00:00,860197.0868158491,0,106369.58256825093
2025-05-27 00:00:00,860197.0868158491,0,106675.07772896484
2025-05-27 02:00:00,860197.0868158491,0,106754.48421597242
2025-05-27 04:00:00,860197.0868158491,0,106137.61226094478
2025-05-27 06:00:00,860197.0868158491,0,106276.59248655032
2025-05-27 08:00:00,860197.0868158491,0,105892.01308234585
2025-05-27 10:00:00,860197.0868158491,0,105868.15980903814
2025-05-27 12:00:00,860197.0868158491,0,106053.34757311644
2025-05-27 14:00:00,860197.0868158491,0,105754.33446048491
2025-05-27 16:00:00,860197.0868158491,0,105755.91866335487
2025-05-27 18:00:00,860197.0868158491,0,105908.64838188389
2025-05-27 20:00:00,860197.0868158491,0,105691.88911068134
2025-05-27 22:00:00,860197.0868158491,0,105536.71495016057
2025-05-28 00:00:00,860197.0868158491,0,105318.23992561846
2025-05-28 02:00:00,860197.0868158491,0,105521.98491535704
2025-05-28 04:00:00,860197.0868158491,0,105722.12478367005
2025-05-28 06:00:00,860197.0868158491,0,105704.51960819871
2025-05-28 08:00:00,860197.0868158491,0,105874.18984816101
2025-05-28 10:00:00,860197.0868158491,0,105850.66662982352
2025-05-28 12:00:00,860197.0868158491,0,105927.19938755891
2025-05-28 14:00:00,860197.0868158491,0,105997.91955316343
2025-05-28 16:00:00,860197.0868158491,0,106075.83287481479
2025-05-28 18:00:00,860197.0868158491,0,106081.43938155609
2025-05-28 20:00:00,860197.0868158491,0,106050.70427262541
2025-05-28 22:00:00,860197.0868158491,0,106157.74052308183
2025-05-29 00:00:00,860197.0868158491,0,105898.7383921834
2025-05-29 02:00:00,860197.0868158491,0,105983.46314212141
2025-05-29 04:00:00,860197.0868158491,0,105998.9316277661
2025-05-29 06:00:00,860197.0868158491,0,106010.35354680958
2025-05-29 08:00:00,860197.0868158491,0,106036.17984434497
2025-05-29 10:00:00,860197.0868158491,0,105822.6850530777
2025-05-29 12:00:00,860197.0868158491,0,105847.59209459557
2025-05-29 14:00:00,860197.0868158491,0,105790.18871896082
2025-05-29 16:00:00,860197.0868158491,0,105783.67735622278
2025-05-29 18:00:00,860197.0868158491,0,105743.80748061002
2025-05-29 20:00:00,860197.0868158491,0,105687.22133077591
2025-05-29 22:00:00,860197.0868158491,0,105645.47014577451
2025-05-30 00:00:00,860197.0868158491,0,106008.25916258064
2025-05-30 02:00:00,860197.0868158491,0,105359.68335662306
2025-05-30 04:00:00,860197.0868158491,0,105459.89976794108
2025-05-30 06:00:00,860197.0868158491,0,104310.56918234852
2025-05-30 08:00:00,860197.0868158491,1,105322.73551024582
2025-05-30 10:00:00,857413.6588912462,0,105174.64037511799
2025-05-30 12:00:00,857413.6588912462,0,107648.70171762316
2025-05-30 14:00:00,857413.6588912462,-1,106015.94058954524
2025-05-30 16:00:00,861940.8421431067,0,105214.67817684088
2025-05-30 18:00:00,861940.8421431067,0,104802.05754793038
2025-05-30 20:00:00,861940.8421431067,0,104901.91893538876
2025-05-30 22:00:00,861940.8421431067,0,104368.77862399512
2025-05-31 00:00:00,861940.8421431067,1,103989.6001634655
2025-05-31 02:00:00,866563.3240968782,1,104576.63526114154
2025-05-31 04:00:00,866062.5873351218,0,104721.0230712181
2025-05-31 06:00:00,866062.5873351218,0,104753.23310143308
2025-05-31 08:00:00,866062.5873351218,0,103681.91693364999
2025-05-31 10:00:00,866062.5873351218,1,104097.82040656853
2025-05-31 12:00:00,867472.3475455425,0,104484.3828394974
2025-05-31 14:00:00,867472.3475455425,0,104649.23493295016
2025-05-31 16:00:00,867472.3475455425,0,103067.3860708286
2025-05-31 18:00:00,867472.3475455425,1,103296.71465837867
2025-05-31 20:00:00,868897.226918096,0,103681.90969522273
2025-05-31 22:00:00,868897.226918096,0,103752.4734968586
2025-06-01 00:00:00,868897.226918096,0,105830.80178256832
2025-06-01 02:00:00,868897.226918096,0,107447.05788738072
2025-06-01 04:00:00,868897.226918096,-1,107132.69379937205
2025-06-01 06:00:00,872497.9756180771,0,106451.09931561624
2025-06-01 08:00:00,872497.9756180771,0,104006.37514985546
2025-06-01 10:00:00,872497.9756180771,0,103435.61385194545
2025-06-01 12:00:00,872497.9756180771,0,104652.94210007184
2025-06-01 14:00:00,872497.9756180771,0,105071.3814169353
2025-06-01 16:00:00,872497.9756180771,0,105785.07356550173
2025-06-01 18:00:00,872497.9756180771,0,103364.53590448528
2025-06-01 20:00:00,872497.9756180771,0,103702.33290121668
2025-06-01 22:00:00,872497.9756180771,0,101097.82290926138
2025-06-02 00:00:00,872497.9756180771,1,101220.7360414691
2025-06-02 02:00:00,872868.4872248733,1,101265.9823627695
2025-06-02 04:00:00,873289.837039623,1,101317.43696971926
2025-06-02 06:00:00,872263.6929785722,0,101394.5672692636
2025-06-02 08:00:00,872263.6929785722,0,101546.33292350458
2025-06-02 10:00:00,872263.6929785722,0,101488.2378999901
2025-06-02 12:00:00,872263.6929785722,0,101572.248964036
2025-06-02 14:00:00,872263.6929785722,0,101681.79181402638
2025-06-02 16:00:00,872263.6929785722,0,101576.15598359526
2025-06-02 18:00:00,872263.6929785722,0,101655.14446948082
2025-06-02 20:00:00,872263.6929785722,0,101795.48813245849
2025-06-02 22:00:00,872263.6929785722,0,101896.07839577136
2025-06-03 00:00:00,872263.6929785722,0,101393.38388558484
2025-06-03 02:00:00,872263.6929785722,0,101640.30736559362
2025-06-03 04:00:00,872263.6929785722,0,101366.19513914995
2025-06-03 06:00:00,872263.6929785722,0,101055.36644067467
2025-06-03 08:00:00,872263.6929785722,0,100959.74800585063
2025-06-03 10:00:00,872263.6929785722,0,101186.9016341259
2025-06-03 12:00:00,872263.6929785722,0,101159.83623054002
2025-06-03 14:00:00,872263.6929785722,0,100906.81356859989
2025-06-03 16:00:00,872263.6929785722,0,100953.70580410346
2025-06-03 18:00:00,872263.6929785722,0,100775.8538884407
2025-06-03 20:00:00,872263.6929785722,0,100857.59325894185
2025-06-03 22:00:00,872263.6929785722,0,101511.75166578237
2025-06-04 00:00:00,872263.6929785722,0,100664.5469475787
2025-06-04 02:00:00,872263.6929785722,0,100637.22716911178
2025-06-04 04:00:00,872263.6929785722,0,100559.45581609402
2025-06-04 06:00:00,872263.6929785722,0,100365.50289989874
2025-06-04 08:00:00,872263.6929785722,0,101312.2569286227
2025-06-04 10:00:00,872263.6929785722,0,101600.04203022098
2025-06-04 12:00:00,872263.6929785722,0,101505.94830940617
2025-06-04 14:00:00,872263.6929785722,0,101087.53337593304
2025-06-04 16:00:00,872263.6929785722,0,101091.33216974144
2025-06-04 18:00:00,872263.6929785722,0,101185.5865574616
2025-06-04 20:00:00,872263.6929785722,0,100352.96716142005
2025-06-04 22:00:00,872263.6929785722,0,100029.074899596
2025-06-05 00:00:00,872263.6929785722,1,99578.35038700872
2025-06-05 02:00:00,874369.3386105478,1,99831.3843457453
2025-06-05 04:00:00,874232.7831649113,1,99814.97457362043
2025-06-05 06:00:00,872156.3970447683,0,99764.61341067275
2025-06-05 08:00:00,872156.3970447683,0,100007.97874354308
2025-06-05 10:00:00,872156.3970447683,0,100142.77044651074
2025-06-05 12:00:00,872156.3970447683,0,99719.33711695207
2025-06-05 14:00:00,872156.3970447683,0,100120.66785239584
2025-06-05 16:00:00,872156.3970447683,0,100245.80406946412
2025-06-05 18:00:00,872156.3970447683,0,100234.43122335878
2025-06-05 20:00:00,872156.3970447683,0,99909.51695065509
2025-06-05 22:00:00,872156.3970447683,0,100130.95261413953
2025-06-06 00:00:00,872156.3970447683,0,100341.7407456106
2025-06-06 02:00:00,872156.3970447683,0,100317.192910161
2025-06-06 04:00:00,872156.3970447683,0,100313.98139985432
2025-06-06 06:00:00,872156.3970447683,0,100305.8632973231
2025-06-06 08:00:00,872156.3970447683,0,100320.78242135531
2025-06-06 10:00:00,872156.3970447683,0,100275.78125992151
2025-06-06 12:00:00,872156.3970447683,0,100263.64399033957
2025-06-06 14:00:00,872156.3970447683,0,100253.27784370379
2025-06-06 16:00:00,872156.3970447683,0,100267.79279979711
2025-06-06 18:00:00,872156.3970447683,0,100221.95368713984
2025-06-06 20:00:00,872156.3970447683,0,100171.39367983147
2025-06-06 22:00:00,872156.3970447683,0,100126.33567037694
2025-06-07 00:00:00,872156.3970447683,0,100206.6177492674
2025-06-07 02:00:00,872156.3970447683,0,100167.31039874336
2025-06-07 04:00:00,872156.3970447683,0,100168.54415381668
2025-06-07 06:00:00,872156.3970447683,0,100310.13557349452
2025-06-07 08:00:00,872156.3970447683,0,100277.87888857916
2025-06-07 10:00:00,872156.3970447683,0,100525.77313216515
2025-06-07 12:00:00,872156.3970447683,0,100347.76041926112
2025-06-07 14:00:00,872156.3970447683,0,100429.04729239449
2025-06-07 16:00:00,872156.3970447683,0,100669.4072192663
2025-06-07 18:00:00,872156.3970447683,0,100984.75169561758
2025-06-07 20:00:00,872156.3970447683,-1,100967.46212238766
2025-06-07 22:00:00,871700.0546944416,-1,101023.07229448835
2025-06-08 00:00:00,870645.6263626888,-1,101151.56560867369
2025-06-08 02:00:00,871581.504338769,-1,101037.51891702256
2025-06-08 04:00:00,871750.3271064528,-1,101016.94606605073
2025-06-08 06:00:00,870319.3893285077,0,100989.3861390858
2025-06-08 08:00:00,870319.3893285077,0,101263.37896379206
2025-06-08 10:00:00,870319.3893285077,-1,101462.81887828078
2025-06-08 12:00:00,869801.9286532936,-1,101526.3200896989
2025-06-08 14:00:00,871624.8392934605,-1,101302.61800082099
2025-06-08 16:00:00,871559.9326776295,0,101107.65750695215
2025-06-08 18:00:00,871559.9326776295,0,101085.43365308197
2025-06-08 20:00:00,871559.9326776295,0,101180.01719045038
2025-06-08 22:00:00,871559.9326776295,0,100984.13741046801
2025-06-09 00:00:00,871559.9326776295,0,101135.34666061614
2025-06-09 02:00:00,871559.9326776295,0,101227.56727307916
2025-06-09 04:00:00,871559.9326776295,0,101208.00684774292
2025-06-09 06:00:00,871559.9326776295,0,101108.43836982432
2025-06-09 08:00:00,871559.9326776295,0,101073.96205050126
2025-06-09 10:00:00,871559.9326776295,0,100990.38362748605
2025-06-09 12:00:00,871559.9326776295,0,100842.44942840117
2025-06-09 14:00:00,871559.9326776295,0,100898.08270646253
2025-06-09 16:00:00,871559.9326776295,0,100885.80122984634
2025-06-09 18:00:00,871559.9326776295,0,100705.69533529197
2025-06-09 20:00:00,871559.9326776295,0,100277.76001715485
2025-06-09 22:00:00,871559.9326776295,1,100095.15908266648
2025-06-10 00:00:00,865507.896674952,0,97360.74309330812
2025-06-10 02:00:00,865507.896674952,1,94527.15249177224
2025-06-10 04:00:00,890474.9541700812,1,97397.46574967446
2025-06-10 06:00:00,965213.1561149003,0,106178.72408013593
2025-06-10 08:00:00,965213.1561149003,-1,106246.89972169325
2025-06-10 10:00:00,960005.4338940165,-1,106850.31630172432
2025-06-10 12:00:00,1015837.2020662599,-1,100381.11284219989
2025-06-10 14:00:00,1031962.1673592128,0,98300.22610674803
2025-06-10 16:00:00,1031962.1673592128,0,98759.83948191961
2025-06-10 18:00:00,1031962.1673592128,0,104293.89089440403
2025-06-10 20:00:00,1031962.1673592128,0,100570.42294370822
2025-06-10 22:00:00,1031962.1673592128,0,98210.64160607234
2025-06-11 00:00:00,1031962.1673592128,0,98982.05627577456
2025-06-11 02:00:00,1031962.1673592128,0,99177.68958372147
2025-06-11 04:00:00,1031962.1673592128,0,98757.90848374426
2025-06-11 06:00:00,1031962.1673592128,0,98572.0359538331
2025-06-11 08:00:00,1031962.1673592128,0,98701.24823170355
2025-06-11 10:00:00,1031962.1673592128,0,98873.84452276576
2025-06-11 12:00:00,1031962.1673592128,0,99293.48063614206
2025-06-11 14:00:00,1031962.1673592128,0,99679.30035397595
2025-06-11 16:00:00,1031962.1673592128,0,99504.74951097266
2025-06-11 18:00:00,1031962.1673592128,0,99625.61170990957
2025-06-11 20:00:00,1031962.1673592128,0,99812.19693112992
2025-06-11 22:00:00,1031962.1673592128,0,99784.30201543371
2025-06-12 00:00:00,1031962.1673592128,0,99666.82831077428
2025-06-12 02:00:00,1031962.1673592128,0,99606.20593224959
2025-06-12 04:00:00,1031962.1673592128,0,99504.84708973189
2025-06-12 06:00:00,1031962.1673592128,0,99536.32178565602
2025-06-12 08:00:00,1031962.1673592128,0,99568.65617224065
2025-06-12 10:00:00,1031962.1673592128,0,99537.56281108421
2025-06-12 12:00:00,1031962.1673592128,0,99734.98996235942
2025-06-12 14:00:00,1031962.1673592128,0,99642.39640363856
2025-06-12 16:00:00,1031962.1673592128,0,99596.93279504118
2025-06-12 18:00:00,1031962.1673592128,0,99560.54899700162
2025-06-12 20:00:00,1031962.1673592128,0,99490.09809613388
2025-06-12 22:00:00,1031962.1673592128,0,99254.12724811505
2025-06-13 00:00:00,1031962.1673592128,0,98089.31844447383
2025-06-13 02:00:00,1031962.1673592128,0,98214.59491785814
2025-06-13 04:00:00,1031962.1673592128,0,98186.26407528149
2025-06-13 06:00:00,1031962.1673592128,0,98688.68404557854
2025-06-13 08:00:00,1031962.1673592128,0,98727.1764027767
2025-06-13 10:00:00,1031962.1673592128,0,98877.5273589925
2025-06-13 12:00:00,1031962.1673592128,0,98875.27300860053
2025-06-13 14:00:00,1031962.1673592128,0,98960.53001713316
2025-06-13 16:00:00,1031962.1673592128,0,98770.96631187828
2025-06-13 18:00:00,1031962.1673592128,0,99452.3667455886
2025-06-13 20:00:00,1031962.1673592128,0,98887.82565412227
2025-06-13 22:00:00,1031962.1673592128,0,98908.91036317256
2025-06-14 00:00:00,1031962.1673592128,0,98648.64790225295
2025-06-14 02:00:00,1031962.1673592128,0,98658.35189602338
2025-06-14 04:00:00,1031962.1673592128,0,98655.36336952572
2025-06-14 06:00:00,1031962.1673592128,0,98654.6517525853
2025-06-14 08:00:00,1031962.1673592128,0,98670.45342840225
2025-06-14 10:00:00,1031962.1673592128,0,98680.99375023492
2025-06-14 12:00:00,1031962.1673592128,0,98685.71795227204
2025-06-14 14:00:00,1031962.1673592128,0,98682.63911699539
2025-06-14 16:00:00,1031962.1673592128,0,98686.3364140716
2025-06-14 18:00:00,1031962.1673592128,0,98684.26656359153
2025-06-14 20:00:00,1031962.1673592128,0,98680.68260477735
2025-06-14 22:00:00,1031962.1673592128,0,98691.55361684997
2025-06-15 00:00:00,1031962.1673592128,0,98514.69852610987
2025-06-15 02:00:00,1031962.1673592128,0,99284.16157243062
2025-06-15 04:00:00,1031962.1673592128,0,99272.8403275206
2025-06-15 06:00:00,1031962.1673592128,0,99265.14069115011
2025-06-15 08:00:00,1031962.1673592128,0,99397.72972866984
2025-06-15 10:00:00,1031962.1673592128,0,99808.37005799597
2025-06-15 12:00:00,1031962.1673592128,-1,99556.34816844862
2025-06-15 14:00:00,1033431.4046924392,0,99208.03385446033
2025-06-15 16:00:00,1033431.4046924392,0,99757.91138791062
2025-06-15 18:00:00,1033431.4046924392,-1,99086.51287805718
2025-06-15 20:00:00,1029266.3196277483,0,99308.71125110515
2025-06-15 22:00:00,1029266.3196277483,0,98505.53111162398
2025-06-16 00:00:00,1029266.3196277483,0,98721.10151952282
2025-06-16 02:00:00,1029266.3196277483,0,98339.35451710624
2025-06-16 04:00:00,1029266.3196277483,0,97654.7911693536
2025-06-16 06:00:00,1029266.3196277483,1,97134.83119553316
2025-06-16 08:00:00,1023478.6282379339,1,96559.88263834424
2025-06-16 10:00:00,1020567.5559885387,1,96270.69707592673
2025-06-16 12:00:00,1026641.4479165203,1,96874.07675969152
2025-06-16 14:00:00,1031426.6992003348,0,97543.71270133124
2025-06-16 16:00:00,1031426.6992003348,0,97178.46279627133
2025-06-16 18:00:00,1031426.6992003348,0,97592.41437583145
2025-06-16 20:00:00,1031426.6992003348,0,97046.46156263007
2025-06-16 22:00:00,1031426.6992003348,0,96773.95564084161
2025-06-17 00:00:00,1031426.6992003348,0,96915.29588000552
2025-06-17 02:00:00,1031426.6992003348,0,96970.19319160844
2025-06-17 04:00:00,1031426.6992003348,0,96933.95539746631
2025-06-17 06:00:00,1031426.6992003348,0,96847.92116935304
2025-06-17 08:00:00,1031426.6992003348,0,96864.31694704556
2025-06-17 10:00:00,1031426.6992003348,0,96729.28351218459
2025-06-17 12:00:00,1031426.6992003348,0,96700.72871719874
2025-06-17 14:00:00,1031426.6992003348,0,96788.49669414555
2025-06-17 16:00:00,1031426.6992003348,0,96887.7034201767
2025-06-17 18:00:00,1031426.6992003348,0,96927.57079444446
2025-06-17 20:00:00,1031426.6992003348,0,96825.23886191023
2025-06-17 22:00:00,1031426.6992003348,0,96837.25961804026
2025-06-18 00:00:00,1031426.6992003348,0,96348.28283591899
2025-06-18 02:00:00,1031426.6992003348,0,96571.62929475558
2025-06-18 04:00:00,1031426.6992003348,0,95449.55194774031
2025-06-18 06:00:00,1031426.6992003348,1,94742.74928748929
2025-06-18 08:00:00,1031291.6592680763,1,94729.69220282896
2025-06-18 10:00:00,1026074.4997003771,1,94225.2422003548
2025-06-18 12:00:00,1034419.0612276791,1,95032.08240304956
2025-06-18 14:00:00,1037786.2806716331,0,95547.14618513153
2025-06-18 16:00:00,1037786.2806716331,0,94897.58871530589
2025-06-18 18:00:00,1037786.2806716331,0,94632.61899755972
2025-06-18 20:00:00,1037786.2806716331,0,94709.54834533102
2025-06-18 22:00:00,1037786.2806716331,0,94797.16135180669
2025-06-19 00:00:00,1037786.2806716331,0,95059.69536166525
2025-06-19 02:00:00,1037786.2806716331,0,95089.04393427771
2025-06-19 04:00:00,1037786.2806716331,0,95108.15867894336
2025-06-19 06:00:00,1037786.2806716331,0,95044.02831153141
2025-06-19 08:00:00,1037786.2806716331,0,95082.6432201317
2025-06-19 10:00:00,1037786.2806716331,0,95070.04610827405
2025-06-19 12:00:00,1037786.2806716331,0,95117.7462141638
2025-06-19 14:00:00,1037786.2806716331,0,95130.50276254214
2025-06-19 16:00:00,1037786.2806716331,0,95111.37977505334
2025-06-19 18:00:00,1037786.2806716331,0,95073.66287667974
2025-06-19 20:00:00,1037786.2806716331,0,95038.58690923391
2025-06-19 22:00:00,1037786.2806716331,0,94999.73352723144
2025-06-20 00:00:00,1037786.2806716331,0,94754.80821039586
2025-06-20 02:00:00,1037786.2806716331,0,94454.80199206564
2025-06-20 04:00:00,1037786.2806716331,0,94851.23944552615
2025-06-20 06:00:00,1037786.2806716331,0,94095.27108661887
2025-06-20 08:00:00,1037786.2806716331,0,93940.71431719697
2025-06-20 10:00:00,1037786.2806716331,0,93935.89607500605
2025-06-20 12:00:00,1037786.2806716331,0,93984.26693924415
2025-06-20 14:00:00,1037786.2806716331,0,94612.82443307234
2025-06-20 16:00:00,1037786.2806716331,0,95199.35844144809
2025-06-20 18:00:00,1037786.2806716331,0,95475.20147963492
2025-06-20 20:00:00,1037786.2806716331,0,95452.6535403946
2025-06-20 22:00:00,1037786.2806716331,0,96103.9825459966
2025-06-21 00:00:00,1037786.2806716331,-1,95879.35916786123
2025-06-21 02:00:00,1037507.1867669539,0,95714.74258063434
2025-06-21 04:00:00,1037507.1867669539,0,95520.99989852856
2025-06-21 06:00:00,1037507.1867669539,0,95438.28830434557
2025-06-21 08:00:00,1037507.1867669539,0,95356.81906337713
2025-06-21 10:00:00,1037507.1867669539,0,95220.74583508492
2025-06-21 12:00:00,1037507.1867669539,0,95169.63458113423
2025-06-21 14:00:00,1037507.1867669539,0,95158.46010761839
2025-06-21 16:00:00,1037507.1867669539,0,94928.61416740046
2025-06-21 18:00:00,1037507.1867669539,0,95055.598105313
2025-06-21 20:00:00,1037507.1867669539,0,95004.94562218833
2025-06-21 22:00:00,1037507.1867669539,0,95048.14623620176
2025-06-22 00:00:00,1037507.1867669539,0,96628.94589028577
2025-06-22 02:00:00,1037507.1867669539,-1,95672.34526145365
2025-06-22 04:00:00,1043331.5146362543,0,94915.65041550674
2025-06-22 06:00:00,1043331.5146362543,0,96950.61589192298
2025-06-22 08:00:00,1043331.5146362543,-1,95461.87609327934
2025-06-22 10:00:00,1040238.3085307489,0,95568.86769945998
2025-06-22 12:00:00,1040238.3085307489,0,95654.97491538581
2025-06-22 14:00:00,1040238.3085307489,0,95181.64884534598
2025-06-22 16:00:00,1040238.3085307489,0,95441.74142113971
2025-06-22 18:00:00,1040238.3085307489,0,94468.11837059147
2025-06-22 20:00:00,1040238.3085307489,0,94286.27584119437
2025-06-22 22:00:00,1040238.3085307489,0,95627.94299600596
2025-06-23 00:00:00,1040238.3085307489,0,92334.44006085959
2025-06-23 02:00:00,1040238.3085307489,1,92118.80153888126
2025-06-23 04:00:00,1030977.0214329031,1,91255.49868225427
2025-06-23 06:00:00,1049036.393605366,1,92938.92641974486
2025-06-23 08:00:00,1040906.6268556255,0,92365.33729910571
2025-06-23 10:00:00,1040906.6268556255,0,93391.41027358765
2025-06-23 12:00:00,1040906.6268556255,0,93236.82252117312
2025-06-23 14:00:00,1040906.6268556255,0,92148.7249957463
2025-06-23 16:00:00,1040906.6268556255,0,94656.06954163202
2025-06-23 18:00:00,1040906.6268556255,0,95892.6728372585
2025-06-23 20:00:00,1040906.6268556255,0,96525.6765935155
2025-06-23 22:00:00,1040906.6268556255,0,98506.53697244565
2025-06-24 00:00:00,1040906.6268556255,-1,97565.58614231605
2025-06-24 02:00:00,1031400.2409272095,0,98308.3985617259
2025-06-24 04:00:00,1031400.2409272095,0,95846.6357689743
2025-06-24 06:00:00,1031400.2409272095,0,100948.95154773393
2025-06-24 08:00:00,1031400.2409272095,-1,94892.17703270142
2025-06-24 10:00:00,1020518.6485332143,0,95756.22625246654
2025-06-24 12:00:00,1020518.6485332143,0,92886.53610235432
2025-06-24 14:00:00,1020518.6485332143,0,92018.03547588139
2025-06-24 16:00:00,1020518.6485332143,0,93770.52466702518
2025-06-24 18:00:00,1020518.6485332143,0,94805.46506758154
2025-06-24 20:00:00,1020518.6485332143,0,93840.84764777767
2025-06-24 22:00:00,1020518.6485332143,0,96130.25750179507
2025-06-25 00:00:00,1020518.6485332143,0,95770.53670761627
2025-06-25 02:00:00,1020518.6485332143,0,95394.62712434717
2025-06-25 04:00:00,1020518.6485332143,0,94892.74286292931
2025-06-25 06:00:00,1020518.6485332143,0,95279.37718085095
2025-06-25 08:00:00,1020518.6485332143,0,95228.68024107424
2025-06-25 10:00:00,1020518.6485332143,0,94899.2120670627
2025-06-25 12:00:00,1020518.6485332143,0,95512.97724456752
2025-06-25 14:00:00,1020518.6485332143,0,94921.24973919164
2025-06-25 16:00:00,1020518.6485332143,0,95287.37880431392
2025-06-25 18:00:00,1020518.6485332143,0,96024.69485542286
2025-06-25 20:00:00,1020518.6485332143,0,96372.52398171912
2025-06-25 22:00:00,1020518.6485332143,0,96771.336078901
2025-06-26 00:00:00,1020518.6485332143,0,96455.3552295821
2025-06-26 02:00:00,1020518.6485332143,0,96191.8867356217
2025-06-26 04:00:00,1020518.6485332143,0,96420.65938719224
2025-06-26 06:00:00,1020518.6485332143,0,96154.49903715047
2025-06-26 08:00:00,1020518.6485332143,0,96058.70703767294
2025-06-26 10:00:00,1020518.6485332143,0,95982.07759445603
2025-06-26 12:00:00,1020518.6485332143,0,96112.42557810117
2025-06-26 14:00:00,1020518.6485332143,0,95608.77467654087
2025-06-26 16:00:00,1020518.6485332143,0,95966.24195994105
2025-06-26 18:00:00,1020518.6485332143,0,96638.94287932452
2025-06-26 20:00:00,1020518.6485332143,0,96948.02042833951
2025-06-26 22:00:00,1020518.6485332143,0,97156.03434737079
2025-06-27 00:00:00,1020518.6485332143,0,96534.50703607243
2025-06-27 02:00:00,1020518.6485332143,0,96043.16417116419
2025-06-27 04:00:00,1020518.6485332143,0,96686.79456595646
2025-06-27 06:00:00,1020518.6485332143,0,96924.57787880463
2025-06-27 08:00:00,1020518.6485332143,0,96379.66226048126
2025-06-27 10:00:00,1020518.6485332143,0,96200.98621065906
2025-06-27 12:00:00,1020518.6485332143,0,95519.98266170104
2025-06-27 14:00:00,1020518.6485332143,0,96329.70040832803
2025-06-27 16:00:00,1020518.6485332143,0,95882.94100260583
2025-06-27 18:00:00,1020518.6485332143,0,95366.55874007732
2025-06-27 20:00:00,1020518.6485332143,0,95163.24025416009
2025-06-27 22:00:00,1020518.6485332143,0,95372.53350447236
2025-06-28 00:00:00,1020518.6485332143,0,95135.22538227073
2025-06-28 02:00:00,1020518.6485332143,0,94281.9931275426
2025-06-28 04:00:00,1020518.6485332143,1,95451.3076771025
2025-06-28 06:00:00,1025379.9348936143,0,96120.82775124123
2025-06-28 08:00:00,1025379.9348936143,0,95501.93951994402
2025-06-28 10:00:00,1025379.9348936143,0,94519.80422264739
2025-06-28 12:00:00,1025379.9348936143,1,95524.03367199852
2025-06-28 14:00:00,1031081.8783584606,0,96274.23020816768
2025-06-28 16:00:00,1031081.8783584606,0,96015.73837218125
2025-06-28 18:00:00,1031081.8783584606,0,96418.22601979469
2025-06-28 20:00:00,1031081.8783584606,0,95845.5495233189
2025-06-28 22:00:00,1031081.8783584606,0,96545.54413187398
2025-06-29 00:00:00,1031081.8783584606,0,96450.73864075918
2025-06-29 02:00:00,1031081.8783584606,0,96408.81985593686
2025-06-29 04:00:00,1031081.8783584606,0,96389.36195235616
2025-06-29 06:00:00,1031081.8783584606,0,96396.82643909026
2025-06-29 08:00:00,1031081.8783584606,0,96380.92935284544
2025-06-29 10:00:00,1031081.8783584606,0,96339.80641991856
2025-06-29 12:00:00,1031081.8783584606,0,96340.24337856822
2025-06-29 14:00:00,1031081.8783584606,0,96353.26539911715
2025-06-29 16:00:00,1031081.8783584606,0,96376.38858674023
2025-06-29 18:00:00,1031081.8783584606,0,96365.89828448798
2025-06-29 20:00:00,1031081.8783584606,0,96350.18483275859
2025-06-29 22:00:00,1031081.8783584606,0,96361.79565111158
2025-06-30 00:00:00,1031081.8783584606,0,96603.07348459428
2025-06-30 02:00:00,1031081.8783584606,0,96451.46805419547
2025-06-30 04:00:00,1031081.8783584606,0,96400.48684212398
2025-06-30 06:00:00,1031081.8783584606,0,96415.92022775307
2025-06-30 08:00:00,1031081.8783584606,0,96544.00470093313
2025-06-30 10:00:00,1031081.8783584606,0,96290.15860863366
2025-06-30 12:00:00,1031081.8783584606,0,96211.03666431253
2025-06-30 14:00:00,1031081.8783584606,0,96202.54962957457
2025-06-30 16:00:00,1031081.8783584606,0,96290.71245202498
2025-06-30 18:00:00,1031081.8783584606,0,96152.65303796092
2025-06-30 20:00:00,1031081.8783584606,0,96062.79149426983
2025-06-30 22:00:00,1031081.8783584606,0,96017.98392719639
2025-07-01 00:00:00,1031081.8783584606,0,96406.27949151871
2025-07-01 02:00:00,1031081.8783584606,0,96399.89872446327
2025-07-01 04:00:00,1031081.8783584606,0,96391.58198610364
2025-07-01 06:00:00,1031081.8783584606,0,96411.19962925914
2025-07-01 08:00:00,1031081.8783584606,0,96417.08135326084
2025-07-01 10:00:00,1031081.8783584606,0,96415.70207929342
2025-07-01 12:00:00,1031081.8783584606,0,96411.77254468515
2025-07-01 14:00:00,1031081.8783584606,0,96414.14603406984
2025-07-01 16:00:00,1031081.8783584606,0,96416.12011459992
2025-07-01 18:00:00,1031081.8783584606,0,96414.6945395799
2025-07-01 20:00:00,1031081.8783584606,0,96419.21044533781
2025-07-01 22:00:00,1031081.8783584606,0,96425.22277364407
2025-07-02 00:00:00,1031081.8783584606,0,96010.62735172632
2025-07-02 02:00:00,1031081.8783584606,0,96050.36656401887
2025-07-02 04:00:00,1031081.8783584606,0,95984.99038030852
2025-07-02 06:00:00,1031081.8783584606,1,95856.86520377174
2025-07-02 08:00:00,1030905.2304934214,1,95839.57839388582
2025-07-02 10:00:00,1030806.1981282406,1,95829.88705870295
2025-07-02 12:00:00,1029434.3160453938,1,95695.6342912166
2025-07-02 14:00:00,1030060.0895252734,1,95756.87266042037
2025-07-02 16:00:00,1027910.8344897548,0,95738.2596869806
2025-07-02 18:00:00,1027910.8344897548,0,95912.17682927425
2025-07-02 20:00:00,1027910.8344897548,0,96004.66396408787
2025-07-02 22:00:00,1027910.8344897548,0,96222.15774791391
2025-07-03 00:00:00,1027910.8344897548,0,95520.32215741127
2025-07-03 02:00:00,1027910.8344897548,1,95262.9373747946
2025-07-03 04:00:00,1025254.1135227116,1,95003.76371414556
2025-07-03 06:00:00,1023621.2883659145,1,94844.4751481514
2025-07-03 08:00:00,1019411.0587811176,0,94120.7951478874
2025-07-03 10:00:00,1019411.0587811176,1,94115.42069217075
2025-07-03 12:00:00,1028094.0934817108,1,94959.25927471794
2025-07-03 14:00:00,1026376.4728970728,0,94980.56754012826
2025-07-03 16:00:00,1026376.4728970728,0,93987.54171298625
2025-07-03 18:00:00,1026376.4728970728,1,94263.12601560167
2025-07-03 20:00:00,1025594.8422259776,0,94376.08858121534
2025-07-03 22:00:00,1025594.8422259776,0,94864.706309215
2025-07-04 00:00:00,1025594.8422259776,0,95051.55887102504
2025-07-04 02:00:00,1025594.8422259776,0,94329.81975282179
2025-07-04 04:00:00,1025594.8422259776,0,93695.18222973343
2025-07-04 06:00:00,1025594.8422259776,0,93424.31335526265
2025-07-04 08:00:00,1025594.8422259776,1,94058.05069304744
2025-07-04 10:00:00,1028416.3953510172,0,94518.55278828385
2025-07-04 12:00:00,1028416.3953510172,0,94398.15726430503
2025-07-04 14:00:00,1028416.3953510172,0,94605.16521974318
2025-07-04 16:00:00,1028416.3953510172,0,93992.03786405065
2025-07-04 18:00:00,1028416.3953510172,0,95105.74868839294
2025-07-04 20:00:00,1028416.3953510172,0,95099.59184695577
2025-07-04 22:00:00,1028416.3953510172,0,94590.94169589705
2025-07-05 00:00:00,1028416.3953510172,0,94340.40841694544
2025-07-05 02:00:00,1028416.3953510172,0,93925.76604108982
2025-07-05 04:00:00,1028416.3953510172,0,94391.92736637447
2025-07-05 06:00:00,1028416.3953510172,0,94116.1316080025
2025-07-05 08:00:00,1028416.3953510172,0,94485.86204984062
2025-07-05 10:00:00,1028416.3953510172,0,94036.92604849968
2025-07-05 12:00:00,1028416.3953510172,0,94114.32394520057
2025-07-05 14:00:00,1028416.3953510172,0,93812.23783001318
2025-07-05 16:00:00,1028416.3953510172,0,94673.51575004304
2025-07-05 18:00:00,1028416.3953510172,0,95059.35031261011
2025-07-05 20:00:00,1028416.3953510172,0,94345.27056554383
2025-07-05 22:00:00,1028416.3953510172,0,94245.50884050514
2025-07-06 00:00:00,1028416.3953510172,0,94578.99622170469
2025-07-06 02:00:00,1028416.3953510172,0,94617.72183810681
2025-07-06 04:00:00,1028416.3953510172,0,94515.34456207317
2025-07-06 06:00:00,1028416.3953510172,0,94317.53388016204
2025-07-06 08:00:00,1028416.3953510172,0,94115.2286730567
2025-07-06 10:00:00,1028416.3953510172,0,94059.71896029158
2025-07-06 12:00:00,1028416.3953510172,0,94110.8326542452
2025-07-06 14:00:00,1028416.3953510172,0,93638.24251264593
2025-07-06 16:00:00,1028416.3953510172,0,93444.90343788282
2025-07-06 18:00:00,1028416.3953510172,0,93734.79723763521
2025-07-06 20:00:00,1028416.3953510172,0,93805.7492691955
2025-07-06 22:00:00,1028416.3953510172,0,93868.91439159078
2025-07-07 00:00:00,1028416.3953510172,0,94380.43618026855
2025-07-07 02:00:00,1028416.3953510172,0,94287.99865074543
2025-07-07 04:00:00,1028416.3953510172,0,93982.39940295379
2025-07-07 06:00:00,1028416.3953510172,0,93705.22096312702
2025-07-07 08:00:00,1028416.3953510172,0,93515.79361758054
2025-07-07 10:00:00,1028416.3953510172,0,93450.07900387624
2025-07-07 12:00:00,1028416.3953510172,0,93758.91593125316
2025-07-07 14:00:00,1028416.3953510172,0,93907.33405202374
2025-07-07 16:00:00,1028416.3953510172,0,93666.50745661628
2025-07-07 18:00:00,1028416.3953510172,0,93560.44855121363
2025-07-07 20:00:00,1028416.3953510172,0,93544.90350579169
2025-07-07 22:00:00,1028416.3953510172,0,93511.5371743761
2025-07-08 00:00:00,1028416.3953510172,0,93616.32756937835
2025-07-08 02:00:00,1028416.3953510172,0,93599.49781063669
2025-07-08 04:00:00,1028416.3953510172,0,93415.15866077872
2025-07-08 06:00:00,1028416.3953510172,0,93010.35732327109
2025-07-08 08:00:00,1028416.3953510172,0,93270.51228438767
2025-07-08 10:00:00,1028416.3953510172,0,92831.77838929655
2025-07-08 12:00:00,1028416.3953510172,1,93323.21676032715
2025-07-08 14:00:00,1023547.6654997212,0,93044.7991315171
2025-07-08 16:00:00,1023547.6654997212,0,92912.04558291953
2025-07-08 18:00:00,1023547.6654997212,0,92851.71384450921
2025-07-08 20:00:00,1023547.6654997212,0,92869.93439880942
2025-07-08 22:00:00,1023547.6654997212,0,93267.11484320015
2025-07-09 00:00:00,1023547.6654997212,0,90982.47090268778
2025-07-09 02:00:00,1023547.6654997212,1,90511.96028457952
2025-07-09 04:00:00,1059606.879942765,1,93868.49045135356
2025-07-09 06:00:00,1075074.5164846343,0,95489.30138512806
2025-07-09 08:00:00,1075074.5164846343,-1,94743.04341402778
2025-07-09 10:00:00,1073172.0294255647,0,94730.041949544
2025-07-09 12:00:00,1073172.0294255647,0,95491.70469942428
2025-07-09 14:00:00,1073172.0294255647,0,96084.02628534246
2025-07-09 16:00:00,1073172.0294255647,-1,95439.51956934253
2025-07-09 18:00:00,1105740.1498245974,0,92199.84717551783
2025-07-09 20:00:00,1105740.1498245974,0,92558.0045731911
2025-07-09 22:00:00,1105740.1498245974,0,93092.96804495623
2025-07-10 00:00:00,1105740.1498245974,0,91866.81055688407
2025-07-10 02:00:00,1105740.1498245974,0,90955.51437803879
2025-07-10 04:00:00,1105740.1498245974,0,90618.29691446868
2025-07-10 06:00:00,1105740.1498245974,0,91446.5041164514
2025-07-10 08:00:00,1105740.1498245974,0,91290.57051680498
2025-07-10 10:00:00,1105740.1498245974,0,90266.42643243687
2025-07-10 12:00:00,1105740.1498245974,0,90765.33369569763
2025-07-10 14:00:00,1105740.1498245974,0,91677.1242864376
2025-07-10 16:00:00,1105740.1498245974,0,91673.16690962127
2025-07-10 18:00:00,1105740.1498245974,0,90263.68156627828
2025-07-10 20:00:00,1105740.1498245974,0,90885.96810479823
2025-07-10 22:00:00,1105740.1498245974,0,90287.42257891128
2025-07-11 00:00:00,1105740.1498245974,0,89474.18941963442
2025-07-11 02:00:00,1105740.1498245974,0,90037.14647931297
2025-07-11 04:00:00,1105740.1498245974,0,90585.0570342968
2025-07-11 06:00:00,1105740.1498245974,0,90646.11264314788
2025-07-11 08:00:00,1105740.1498245974,0,90554.81165892039
2025-07-11 10:00:00,1105740.1498245974,0,90316.93695154291
2025-07-11 12:00:00,1105740.1498245974,0,90422.75924392078
2025-07-11 14:00:00,1105740.1498245974,0,90867.76930946516
2025-07-11 16:00:00,1105740.1498245974,0,90882.29603133746
2025-07-11 18:00:00,1105740.1498245974,0,90316.1557509993
2025-07-11 20:00:00,1105740.1498245974,0,89001.92487083063
2025-07-11 22:00:00,1105740.1498245974,0,88928.9018500989
2025-07-12 00:00:00,1105740.1498245974,0,88154.51389385737
2025-07-12 02:00:00,1105740.1498245974,0,85775.95884987214
2025-07-12 04:00:00,1105740.1498245974,1,82465.05245586138
2025-07-12 06:00:00,1101045.1293837375,1,82096.4733243098
2025-07-12 08:00:00,1138257.5408971736,1,85017.80636030613
2025-07-12 10:00:00,1173194.0237521003,0,87925.39939338539
2025-07-12 12:00:00,1173194.0237521003,0,89151.45082179313
2025-07-12 14:00:00,1173194.0237521003,0,91072.49297726079
2025-07-12 16:00:00,1173194.0237521003,0,90806.95467834752
2025-07-12 18:00:00,1173194.0237521003,0,91145.10439237153
2025-07-12 20:00:00,1173194.0237521003,0,88345.43183787652
2025-07-12 22:00:00,1173194.0237521003,0,87049.64619041153
2025-07-13 00:00:00,1173194.0237521003,0,87501.20247925518
2025-07-13 02:00:00,1173194.0237521003,0,87807.79785659176
2025-07-13 04:00:00,1173194.0237521003,0,88343.28541609898
2025-07-13 06:00:00,1173194.0237521003,0,88207.7598068674
2025-07-13 08:00:00,1173194.0237521003,0,87980.96477804148
2025-07-13 10:00:00,1173194.0237521003,0,88034.60368501824
2025-07-13 12:00:00,1173194.0237521003,0,88064.93069888712
2025-07-13 14:00:00,1173194.0237521003,0,88222.52457280092
2025-07-13 16:00:00,1173194.0237521003,0,88156.82640338197
2025-07-13 18:00:00,1173194.0237521003,0,87872.46545538575
2025-07-13 20:00:00,1173194.0237521003,0,87560.10453538914
2025-07-13 22:00:00,1173194.0237521003,0,87246.01787910152
2025-07-14 00:00:00,1173194.0237521003,0,87034.05823948226
2025-07-14 02:00:00,1173194.0237521003,0,87035.18077778781
2025-07-14 04:00:00,1173194.0237521003,0,87033.0353656821
2025-07-14 06:00:00,1173194.0237521003,0,87029.21165416279
2025-07-14 08:00:00,1173194.0237521003,0,87027.55406987605
2025-07-14 10:00:00,1173194.0237521003,0,87021.18004780506
2025-07-14 12:00:00,1173194.0237521003,0,87019.4182423301
2025-07-14 14:00:00,1173194.0237521003,0,87016.28486274173
2025-07-14 16:00:00,1173194.0237521003,0,87015.1709819795
2025-07-14 18:00:00,1173194.0237521003,0,87013.79006726445
2025-07-14 20:00:00,1173194.0237521003,0,87012.23626153069
2025-07-14 22:00:00,1173194.0237521003,0,87015.32935986988
2025-07-15 00:00:00,1173194.0237521003,0,87002.7660118747
2025-07-15 02:00:00,1173194.0237521003,0,86917.8610113639
2025-07-15 04:00:00,1173194.0237521003,0,86885.36681333442
2025-07-15 06:00:00,1173194.0237521003,0,86775.32205954228
2025-07-15 08:00:00,1173194.0237521003,0,86777.94396440963
2025-07-15 10:00:00,1173194.0237521003,0,86754.8763725323
2025-07-15 12:00:00,1173194.0237521003,0,86755.19519298547
2025-07-15 14:00:00,1173194.0237521003,0,86773.55735968228
2025-07-15 16:00:00,1173194.0237521003,0,86770.65624802906
2025-07-15 18:00:00,1173194.0237521003,0,86663.6631806887
2025-07-15 20:00:00,1173194.0237521003,0,86675.03363803258
2025-07-15 22:00:00,1173194.0237521003,0,86632.68115652728
2025-07-16 00:00:00,1173194.0237521003,0,83594.72912603145
2025-07-16 02:00:00,1173194.0237521003,1,84436.00778805083
2025-07-16 04:00:00,1159205.3417981993,0,83514.98524014048
2025-07-16 06:00:00,1159205.3417981993,1,83550.8411507112
2025-07-16 08:00:00,1183404.1721608364,1,85386.79272779069
2025-07-16 10:00:00,1181894.188965935,0,85439.33283887157
2025-07-16 12:00:00,1181894.188965935,0,86147.24655378524
2025-07-16 14:00:00,1181894.188965935,0,85824.49059747971
2025-07-16 16:00:00,1181894.188965935,0,86973.74572883373
2025-07-16 18:00:00,1181894.188965935,0,86684.11203921838
2025-07-16 20:00:00,1181894.188965935,0,84541.87496963712
2025-07-16 22:00:00,1181894.188965935,0,85609.23462388251
2025-07-17 00:00:00,1181894.188965935,0,85657.24451578829
2025-07-17 02:00:00,1181894.188965935,0,85775.41813654771
2025-07-17 04:00:00,1181894.188965935,0,86097.38323403495
2025-07-17 06:00:00,1181894.188965935,0,86170.51203777161
2025-07-17 08:00:00,1181894.188965935,0,86235.32666984551
2025-07-17 10:00:00,1181894.188965935,0,86451.1993870355
2025-07-17 12:00:00,1181894.188965935,0,85956.24803056977
2025-07-17 14:00:00,1181894.188965935,0,85692.7058796932
2025-07-17 16:00:00,1181894.188965935,0,86022.78189932855
2025-07-17 18:00:00,1181894.188965935,0,86081.80336791587
2025-07-17 20:00:00,1181894.188965935,0,86300.0279440257
2025-07-17 22:00:00,1181894.188965935,0,86191.29016009966
2025-07-18 00:00:00,1181894.188965935,0,87596.18731287894
2025-07-18 02:00:00,1181894.188965935,0,88142.63693530929
2025-07-18 04:00:00,1181894.188965935,-1,88457.69271170262
2025-07-18 06:00:00,1184041.5866009211,-1,88288.51393704997
2025-07-18 08:00:00,1198373.5050051464,0,86982.48470957633
2025-07-18 10:00:00,1198373.5050051464,0,88058.22309754786
2025-07-18 12:00:00,1198373.5050051464,0,88146.20755631579
2025-07-18 14:00:00,1198373.5050051464,0,87436.47294610324
2025-07-18 16:00:00,1198373.5050051464,0,87145.30563402019
2025-07-18 18:00:00,1198373.5050051464,0,87115.5563388314
2025-07-18 20:00:00,1198373.5050051464,0,87450.38035157428
2025-07-18 22:00:00,1198373.5050051464,0,86054.78652844497
2025-07-19 00:00:00,1198373.5050051464,0,87916.5896731497
2025-07-19 02:00:00,1198373.5050051464,0,88259.68601820958
2025-07-19 04:00:00,1198373.5050051464,0,88003.75960463414
2025-07-19 06:00:00,1198373.5050051464,0,87601.0591962639
2025-07-19 08:00:00,1198373.5050051464,0,87548.55730269126
2025-07-19 10:00:00,1198373.5050051464,0,86606.95269425905
2025-07-19 12:00:00,1198373.5050051464,0,86366.06688813353
2025-07-19 14:00:00,1198373.5050051464,0,86290.62198261522
2025-07-19 16:00:00,1198373.5050051464,0,85880.43037631568
2025-07-19 18:00:00,1198373.5050051464,0,87359.01971426711
2025-07-19 20:00:00,1198373.5050051464,0,85894.27549100158
2025-07-19 22:00:00,1198373.5050051464,0,86134.43394697968
2025-07-20 00:00:00,1198373.5050051464,0,89100.98983245884
2025-07-20 02:00:00,1198373.5050051464,-1,118839.80566957015
2025-07-20 04:00:00,1315751.054199951,-1,106587.1235501713
2025-07-20 06:00:00,1428557.6014867276,0,94573.91467984345
2025-07-20 08:00:00,1428557.6014867276,0,105334.61640935423
2025-07-20 10:00:00,1428557.6014867276,0,76965.29732973581
2025-07-20 12:00:00,1428557.6014867276,0,53875.995332947154
2025-07-20 14:00:00,1428557.6014867276,1,44744.477914891366
2025-07-20 16:00:00,1315496.3954877784,1,41016.85736761891
2025-07-20 18:00:00,1548144.744906343,1,48687.25819095457
2025-07-20 20:00:00,1887750.1628498945,1,59884.026549353264
2025-07-20 22:00:00,2147115.8642410804,0,68524.78567094177
2025-07-21 00:00:00,2147115.8642410804,0,86557.4854016732
2025-07-21 02:00:00,2147115.8642410804,0,86456.73982155579
2025-07-21 04:00:00,2147115.8642410804,0,86205.51555085252
2025-07-21 06:00:00,2147115.8642410804,0,86248.24090205734
2025-07-21 08:00:00,2147115.8642410804,0,86380.45087829322
2025-07-21 10:00:00,2147115.8642410804,0,86281.4081413184
2025-07-21 12:00:00,2147115.8642410804,0,86211.12491765775
2025-07-21 14:00:00,2147115.8642410804,0,85854.97262692516
2025-07-21 16:00:00,2147115.8642410804,0,86116.61728653531
2025-07-21 18:00:00,2147115.8642410804,0,86261.1655443851
2025-07-21 20:00:00,2147115.8642410804,0,86896.31007204764
2025-07-21 22:00:00,2147115.8642410804,0,87038.22520705905
2025-07-22 00:00:00,2147115.8642410804,0,88081.21108776669
2025-07-22 02:00:00,2147115.8642410804,0,87534.28444625915
2025-07-22 04:00:00,2147115.8642410804,0,86976.25021667026
2025-07-22 06:00:00,2147115.8642410804,0,87422.54838076449
2025-07-22 08:00:00,2147115.8642410804,0,87209.09111369624
2025-07-22 10:00:00,2147115.8642410804,0,87607.13230233714
2025-07-22 12:00:00,2147115.8642410804,0,87366.55717598152
2025-07-22 14:00:00,2147115.8642410804,0,87628.19796955248
2025-07-22 16:00:00,2147115.8642410804,0,87501.96486982756
2025-07-22 18:00:00,2147115.8642410804,0,88907.55348955527
2025-07-22 20:00:00,2147115.8642410804,0,88644.07787711233
2025-07-22 22:00:00,2147115.8642410804,0,87740.01184138884
2025-07-23 00:00:00,2147115.8642410804,0,87116.19957337876
2025-07-23 02:00:00,2147115.8642410804,0,87087.26011265068
2025-07-23 04:00:00,2147115.8642410804,0,86483.83013485374
2025-07-23 06:00:00,2147115.8642410804,0,86068.71500790335
2025-07-23 08:00:00,2147115.8642410804,0,86556.48411294885
2025-07-23 10:00:00,2147115.8642410804,0,86793.78236958547
2025-07-23 12:00:00,2147115.8642410804,0,87124.08857268715
2025-07-23 14:00:00,2147115.8642410804,0,87162.53697869167
2025-07-23 16:00:00,2147115.8642410804,0,87349.9482637168
2025-07-23 18:00:00,2147115.8642410804,0,87644.87462367762
2025-07-23 20:00:00,2147115.8642410804,0,86904.26071006327
2025-07-23 22:00:00,2147115.8642410804,0,87043.62482104579
2025-07-24 00:00:00,2147115.8642410804,0,86358.86256405605
2025-07-24 02:00:00,2147115.8642410804,0,86258.42516009833
2025-07-24 04:00:00,2147115.8642410804,0,86073.29134837797
2025-07-24 06:00:00,2147115.8642410804,0,86532.89161147087
2025-07-24 08:00:00,2147115.8642410804,0,86405.6128094893
2025-07-24 10:00:00,2147115.8642410804,0,86720.58426457652
2025-07-24 12:00:00,2147115.8642410804,0,88081.07640038955
2025-07-24 14:00:00,2147115.8642410804,0,89681.7998976878
2025-07-24 16:00:00,2147115.8642410804,-1,90032.34406364795
2025-07-24 18:00:00,2159188.519250815,-1,89499.47284754958
2025-07-24 20:00:00,2181904.0467033517,-1,88496.83914947827
2025-07-24 22:00:00,2183631.9296823866,0,88240.50796458025
2025-07-25 00:00:00,2183631.9296823866,0,88388.87392847333
2025-07-25 02:00:00,2183631.9296823866,0,88377.5134234162
2025-07-25 04:00:00,2183631.9296823866,0,88184.28058877384
2025-07-25 06:00:00,2183631.9296823866,0,88173.40520699199
2025-07-25 08:00:00,2183631.9296823866,0,88165.26698849048
2025-07-25 10:00:00,2183631.9296823866,0,88079.20141247993
2025-07-25 12:00:00,2183631.9296823866,0,88194.98248009356
2025-07-25 14:00:00,2183631.9296823866,0,88242.73346565395
2025-07-25 16:00:00,2183631.9296823866,0,88445.10120893229
2025-07-25 18:00:00,2183631.9296823866,0,88288.44664939045
2025-07-25 20:00:00,2183631.9296823866,0,88513.70288431703
2025-07-25 22:00:00,2183631.9296823866,0,88507.82932486369
2025-07-26 00:00:00,2183631.9296823866,0,87990.54540212578
2025-07-26 02:00:00,2183631.9296823866,0,87924.51246843144
2025-07-26 04:00:00,2183631.9296823866,0,88589.82635571533
2025-07-26 06:00:00,2183631.9296823866,0,88751.97703710971
2025-07-26 08:00:00,2183631.9296823866,0,89261.78121649257
2025-07-26 10:00:00,2183631.9296823866,0,89042.73899458085
2025-07-26 12:00:00,2183631.9296823866,0,88868.84037710424
2025-07-26 14:00:00,2183631.9296823866,0,87961.9393239615
2025-07-26 16:00:00,2183631.9296823866,0,88765.7606190425
2025-07-26 18:00:00,2183631.9296823866,0,89159.67182231898
2025-07-26 20:00:00,2183631.9296823866,0,89641.61821865555
2025-07-26 22:00:00,2183631.9296823866,0,90143.26162035618
2025-07-27 00:00:00,2183631.9296823866,-1,90062.47744231504
2025-07-27 02:00:00,2180934.4425362917,-1,90179.58912793035
2025-07-27 04:00:00,2182468.9989486597,-1,90112.96620133573
2025-07-27 06:00:00,2174617.3475469532,0,90273.72151045862
2025-07-27 08:00:00,2174617.3475469532,-1,90441.04453334477
2025-07-27 10:00:00,2180044.3527161693,-1,90203.45935095301
2025-07-27 12:00:00,2182155.3898913325,0,89930.15959566741
2025-07-27 14:00:00,2182155.3898913325,0,90269.52410265959
2025-07-27 16:00:00,2182155.3898913325,0,90151.72246304639
2025-07-27 18:00:00,2182155.3898913325,0,89984.0783215282
2025-07-27 20:00:00,2182155.3898913325,0,89842.33862257561
2025-07-27 22:00:00,2182155.3898913325,0,90283.70252544423
2025-07-28 00:00:00,2182155.3898913325,0,87924.0937126603
2025-07-28 02:00:00,2182155.3898913325,0,92429.14164198098
2025-07-28 04:00:00,2182155.3898913325,-1,88170.88455994696
2025-07-28 06:00:00,2149048.8974583265,0,89402.62849699943
2025-07-28 08:00:00,2149048.8974583265,0,87262.78489823599
2025-07-28 10:00:00,2149048.8974583265,0,85405.8855963571
2025-07-28 12:00:00,2149048.8974583265,1,89719.98766551282
2025-07-28 14:00:00,2072124.6778438876,0,86518.91626395217
2025-07-28 16:00:00,2072124.6778438876,1,87757.96309590072
2025-07-28 18:00:00,1968000.7175859732,0,81266.67113551118
2025-07-28 20:00:00,1968000.7175859732,1,87241.66626081638
2025-07-28 22:00:00,2034823.3501479826,0,90534.31159749512
2025-07-29 00:00:00,2034823.3501479826,0,91342.93943984988
2025-07-29 02:00:00,2034823.3501479826,0,91121.45927269688
2025-07-29 04:00:00,2034823.3501479826,0,91126.08681363187
2025-07-29 06:00:00,2034823.3501479826,0,91344.2527755823
2025-07-29 08:00:00,2034823.3501479826,0,90976.38978947932
2025-07-29 10:00:00,2034823.3501479826,0,91304.59781976636
2025-07-29 12:00:00,2034823.3501479826,0,90807.70916664295
2025-07-29 14:00:00,2034823.3501479826,0,91431.52761112411
2025-07-29 16:00:00,2034823.3501479826,0,91349.60864282072
2025-07-29 18:00:00,2034823.3501479826,0,91284.91001300425
2025-07-29 20:00:00,2034823.3501479826,0,91054.98347022268
2025-07-29 22:00:00,2034823.3501479826,0,90583.96436233466
2025-07-30 00:00:00,2034823.3501479826,0,90734.35166462247
2025-07-30 02:00:00,2034823.3501479826,0,91479.51149040418
2025-07-30 04:00:00,2034823.3501479826,0,90885.85047402889
2025-07-30 06:00:00,2034823.3501479826,0,91119.16836886431
2025-07-30 08:00:00,2034823.3501479826,0,90888.65604572669
2025-07-30 10:00:00,2034823.3501479826,0,90533.76871932867
2025-07-30 12:00:00,2034823.3501479826,0,90801.39524397664
2025-07-30 14:00:00,2034823.3501479826,0,91163.36362519371
2025-07-30 16:00:00,2034823.3501479826,0,90494.35766641147
2025-07-30 18:00:00,2034823.3501479826,0,90740.70967058207
2025-07-30 20:00:00,2034823.3501479826,0,91064.65141639969
2025-07-30 22:00:00,2034823.3501479826,0,91714.09377423245
2025-07-31 00:00:00,2034823.3501479826,0,91742.52600763054
2025-07-31 02:00:00,2034823.3501479826,0,91771.62708614045
2025-07-31 04:00:00,2034823.3501479826,0,91736.6933964529
2025-07-31 06:00:00,2034823.3501479826,0,91708.83265786857
2025-07-31 08:00:00,2034823.3501479826,0,91656.38008864387
2025-07-31 10:00:00,2034823.3501479826,0,91618.04936378483
2025-07-31 12:00:00,2034823.3501479826,0,91640.36182192745
2025-07-31 14:00:00,2034823.3501479826,0,91655.47991250308
2025-07-31 16:00:00,2034823.3501479826,0,91654.80116273688
2025-07-31 18:00:00,2034823.3501479826,0,91622.97003349938
2025-07-31 20:00:00,2034823.3501479826,0,91579.26458905477
2025-07-31 22:00:00,2034823.3501479826,0,91562.39479555677
2025-08-01 00:00:00,2034823.3501479826,0,91710.75114429806
2025-08-01 02:00:00,2034823.3501479826,0,91594.23586440115
2025-08-01 04:00:00,2034823.3501479826,0,91510.80056557675
2025-08-01 06:00:00,2034823.3501479826,0,91549.73730127703
2025-08-01 08:00:00,2034823.3501479826,0,91399.48409986516
2025-08-01 10:00:00,2034823.3501479826,0,91422.77440652085
2025-08-01 12:00:00,2034823.3501479826,0,91171.33380639061
2025-08-01 14:00:00,2034823.3501479826,0,91162.87120862832
2025-08-01 16:00:00,2034823.3501479826,0,91225.01689655537
2025-08-01 18:00:00,2034823.3501479826,0,91156.3800190337
2025-08-01 20:00:00,2034823.3501479826,0,91030.7129880795
2025-08-01 22:00:00,2034823.3501479826,0,90823.94083062852
2025-08-02 00:00:00,2034823.3501479826,0,90347.00781932502
2025-08-02 02:00:00,2034823.3501479826,1,90386.10099201986
2025-08-02 04:00:00,2034672.1686499831,1,90379.03212227959
2025-08-02 06:00:00,2032475.9850615736,1,90276.34405583233
2025-08-02 08:00:00,2035270.9198938215,1,90407.02823692007
2025-08-02 10:00:00,2032278.3104531732,0,90447.8734862059
2025-08-02 12:00:00,2032278.3104531732,0,90611.90965207524
2025-08-02 14:00:00,2032278.3104531732,0,90768.67115677222
2025-08-02 16:00:00,2032278.3104531732,0,90719.52905687333
2025-08-02 18:00:00,2032278.3104531732,0,90709.64352215038
2025-08-02 20:00:00,2032278.3104531732,0,90754.53249550275
2025-08-02 22:00:00,2032278.3104531732,0,91005.42338141715
2025-08-03 00:00:00,2032278.3104531732,0,90980.49890214087
2025-08-03 02:00:00,2032278.3104531732,0,90962.47922265514
2025-08-03 04:00:00,2032278.3104531732,0,90956.55894432294
2025-08-03 06:00:00,2032278.3104531732,0,90859.09935554005
2025-08-03 08:00:00,2032278.3104531732,0,90870.05642547825
2025-08-03 10:00:00,2032278.3104531732,0,90861.85966057189
2025-08-03 12:00:00,2032278.3104531732,0,90793.18276290788
2025-08-03 14:00:00,2032278.3104531732,0,90790.0547416987
2025-08-03 16:00:00,2032278.3104531732,0,90775.64404464183
2025-08-03 18:00:00,2032278.3104531732,0,90657.98571548429
2025-08-03 20:00:00,2032278.3104531732,0,90676.40522994974
2025-08-03 22:00:00,2032278.3104531732,0,90632.49678337667
2025-08-04 00:00:00,2032278.3104531732,0,90405.39789493277
2025-08-04 02:00:00,2032278.3104531732,0,90300.92735452711
2025-08-04 04:00:00,2032278.3104531732,0,90502.76902575501
2025-08-04 06:00:00,2032278.3104531732,0,90689.57821053853
2025-08-04 08:00:00,2032278.3104531732,0,90684.90135855334
2025-08-04 10:00:00,2032278.3104531732,0,90546.51023565138
2025-08-04 12:00:00,2032278.3104531732,0,90521.06717641657
2025-08-04 14:00:00,2032278.3104531732,0,90168.1005477723
2025-08-04 16:00:00,2032278.3104531732,1,89933.63629095987
2025-08-04 18:00:00,2032866.2396704943,1,89961.02303540609
2025-08-04 20:00:00,2031102.3808461546,1,89878.8594867369
2025-08-04 22:00:00,2036394.9521084465,1,90125.39647172339
2025-08-05 00:00:00,2032680.342913229,0,90132.23092037022
2025-08-05 02:00:00,2032680.342913229,0,89900.29797692048
2025-08-05 04:00:00,2032680.342913229,0,89898.67792322146
2025-08-05 06:00:00,2032680.342913229,0,90178.94902815267
2025-08-05 08:00:00,2032680.342913229,0,89981.15071776757
2025-08-05 10:00:00,2032680.342913229,0,90054.78341961808
2025-08-05 12:00:00,2032680.342913229,0,89760.90136269256
2025-08-05 14:00:00,2032680.342913229,0,89744.46410144155
2025-08-05 16:00:00,2032680.342913229,0,89465.88359753804
2025-08-05 18:00:00,2032680.342913229,1,89625.22431823307
2025-08-05 20:00:00,2020862.4483267532,0,89255.9734496569
2025-08-05 22:00:00,2020862.4483267532,1,89705.49969682515
2025-08-06 00:00:00,2018620.448912243,0,89780.15100603116
2025-08-06 02:00:00,2018620.448912243,0,89877.65976022118
2025-08-06 04:00:00,2018620.448912243,0,90725.63340540482
2025-08-06 06:00:00,2018620.448912243,0,88796.05986746648
2025-08-06 08:00:00,2018620.448912243,1,90095.09415548402
2025-08-06 10:00:00,1989092.7360478493,0,88026.24452649876
2025-08-06 12:00:00,1989092.7360478493,1,88808.37942857313
2025-08-06 14:00:00,2012478.5574524542,0,90085.07272561941
2025-08-06 16:00:00,2012478.5574524542,0,90427.25586934142
2025-08-06 18:00:00,2012478.5574524542,0,88727.02166585547
2025-08-06 20:00:00,2012478.5574524542,0,89894.16538052197
2025-08-06 22:00:00,2012478.5574524542,0,89100.6950995134
2025-08-07 00:00:00,2012478.5574524542,0,89243.13975562736
2025-08-07 02:00:00,2012478.5574524542,0,89262.37788743785
2025-08-07 04:00:00,2012478.5574524542,0,89280.85422366834
2025-08-07 06:00:00,2012478.5574524542,0,89198.60940568292
2025-08-07 08:00:00,2012478.5574524542,0,89231.42937615128
2025-08-07 10:00:00,2012478.5574524542,0,89154.90081835464
2025-08-07 12:00:00,2012478.5574524542,0,89078.49506129889
2025-08-07 14:00:00,2012478.5574524542,0,89083.77847133223
2025-08-07 16:00:00,2012478.5574524542,0,89094.81329381237
2025-08-07 18:00:00,2012478.5574524542,0,89006.91943494261
2025-08-07 20:00:00,2012478.5574524542,0,88967.55262768592
2025-08-07 22:00:00,2012478.5574524542,0,89013.01023127907
2025-08-08 00:00:00,2012478.5574524542,0,88887.13916776275
2025-08-08 02:00:00,2012478.5574524542,0,88485.90475375931
2025-08-08 04:00:00,2012478.5574524542,0,87799.10473230237
2025-08-08 06:00:00,2012478.5574524542,1,88691.51205331816
2025-08-08 08:00:00,1999264.5836956087,0,88255.89485523476
2025-08-08 10:00:00,1999264.5836956087,0,88060.17042750349
2025-08-08 12:00:00,1999264.5836956087,0,88332.66108581815
2025-08-08 14:00:00,1999264.5836956087,0,88379.61354137295
2025-08-08 16:00:00,1999264.5836956087,0,86869.86481835644
2025-08-08 18:00:00,1999264.5836956087,1,88215.04331471413
2025-08-08 20:00:00,2018570.705012485,0,89288.16645332424
2025-08-08 22:00:00,2018570.705012485,0,88967.49111651743
2025-08-09 00:00:00,2018570.705012485,0,88319.2399863612
2025-08-09 02:00:00,2018570.705012485,0,88143.8920310728
2025-08-09 04:00:00,2018570.705012485,0,88197.82860828542
2025-08-09 06:00:00,2018570.705012485,0,88046.12854253221
2025-08-09 08:00:00,2018570.705012485,0,87771.30890730322
2025-08-09 10:00:00,2018570.705012485,0,87981.10100309356
2025-08-09 12:00:00,2018570.705012485,0,88994.16685862612
2025-08-09 14:00:00,2018570.705012485,0,89834.55904341553
2025-08-09 16:00:00,2018570.705012485,0,89902.52930712399
2025-08-09 18:00:00,2018570.705012485,0,89314.35198427502
2025-08-09 20:00:00,2018570.705012485,0,89073.87099485102
2025-08-09 22:00:00,2018570.705012485,0,88311.00062162032
2025-08-10 00:00:00,2018570.705012485,0,87955.8191562368
2025-08-10 02:00:00,2018570.705012485,0,87897.20784779708
2025-08-10 04:00:00,2018570.705012485,0,87968.4002629251
2025-08-10 06:00:00,2018570.705012485,0,88051.7456981034
2025-08-10 08:00:00,2018570.705012485,0,87889.42840077497
2025-08-10 10:00:00,2018570.705012485,0,87914.0948772507
2025-08-10 12:00:00,2018570.705012485,0,87813.87885258785
2025-08-10 14:00:00,2018570.705012485,0,87726.76138115618
2025-08-10 16:00:00,2018570.705012485,0,87506.58694585692
2025-08-10 18:00:00,2018570.705012485,0,87533.69119148295
2025-08-10 20:00:00,2018570.705012485,0,87688.82601328152
2025-08-10 22:00:00,2018570.705012485,0,87727.22253374541
2025-08-11 00:00:00,2018570.705012485,0,88153.98107770385
2025-08-11 02:00:00,2018570.705012485,0,88099.4083852871
2025-08-11 04:00:00,2018570.705012485,0,88089.95065304398
2025-08-11 06:00:00,2018570.705012485,0,87979.5827410594
2025-08-11 08:00:00,2018570.705012485,0,88000.57009006036
2025-08-11 10:00:00,2018570.705012485,0,87876.47842956826
2025-08-11 12:00:00,2018570.705012485,0,87961.22222252462
2025-08-11 14:00:00,2018570.705012485,0,87938.76423520154
2025-08-11 16:00:00,2018570.705012485,0,87928.51376853774
2025-08-11 18:00:00,2018570.705012485,0,87831.57364583272
2025-08-11 20:00:00,2018570.705012485,0,87827.77174991528
2025-08-11 22:00:00,2018570.705012485,0,87663.3574425788
2025-08-12 00:00:00,2018570.705012485,0,88129.29186918958
2025-08-12 02:00:00,2018570.705012485,0,88527.18400963844
2025-08-12 04:00:00,2018570.705012485,0,89284.45999063633
2025-08-12 06:00:00,2018570.705012485,-1,89497.37380649307
2025-08-12 08:00:00,2021958.2147003207,-1,89339.27693858626
2025-08-12 10:00:00,2034950.5655614284,-1,88732.91705561285
2025-08-12 12:00:00,2034748.7801811718,0,88563.3397383684
2025-08-12 14:00:00,2034748.7801811718,0,88370.17500606114
2025-08-12 16:00:00,2034748.7801811718,0,88184.85813489465
2025-08-12 18:00:00,2034748.7801811718,0,87423.67830577659
2025-08-12 20:00:00,2034748.7801811718,0,87263.90791462372
2025-08-12 22:00:00,2034748.7801811718,0,87187.50547783132
2025-08-13 00:00:00,2034748.7801811718,0,87790.54469415425
2025-08-13 02:00:00,2034748.7801811718,0,90476.01945705198
2025-08-13 04:00:00,2034748.7801811718,-1,90134.04980817642
2025-08-13 06:00:00,2057833.3977571286,-1,89057.6411880737
2025-08-13 08:00:00,2042950.097390648,0,89571.36391405125
2025-08-13 10:00:00,2042950.097390648,0,88263.04541075975
2025-08-13 12:00:00,2042950.097390648,0,86101.9040317663
2025-08-13 14:00:00,2042950.097390648,1,85667.14042367943
2025-08-13 16:00:00,2031900.277826096,1,85179.40073910741
2025-08-13 18:00:00,2062816.87015008,1,86544.06094012246
2025-08-13 20:00:00,2067093.9904021258,0,86904.18756010463
2025-08-13 22:00:00,2067093.9904021258,0,85496.53035052659
2025-08-14 00:00:00,2067093.9904021258,0,85454.16132469487
2025-08-14 02:00:00,2067093.9904021258,0,85422.15049267706
2025-08-14 04:00:00,2067093.9904021258,0,85417.78307058389
2025-08-14 06:00:00,2067093.9904021258,0,85428.00559161698
2025-08-14 08:00:00,2067093.9904021258,0,85518.9164251027
2025-08-14 10:00:00,2067093.9904021258,0,85398.3278983094
2025-08-14 12:00:00,2067093.9904021258,0,85438.07808053259
2025-08-14 14:00:00,2067093.9904021258,0,85352.62646258372
2025-08-14 16:00:00,2067093.9904021258,0,85248.14928419089
2025-08-14 18:00:00,2067093.9904021258,0,85211.25763709206
2025-08-14 20:00:00,2067093.9904021258,0,85206.49178919678
2025-08-14 22:00:00,2067093.9904021258,0,85337.78063363142
2025-08-15 00:00:00,2067093.9904021258,0,85965.38085839951
2025-08-15 02:00:00,2067093.9904021258,0,86352.78896320706
2025-08-15 04:00:00,2067093.9904021258,0,86660.95809830548
2025-08-15 06:00:00,2067093.9904021258,0,86757.01469116836
2025-08-15 08:00:00,2067093.9904021258,0,86671.69950176726
2025-08-15 10:00:00,2067093.9904021258,0,86168.16338157968
2025-08-15 12:00:00,2067093.9904021258,0,85785.51458687562
2025-08-15 14:00:00,2067093.9904021258,0,85983.81276709659
2025-08-15 16:00:00,2067093.9904021258,0,85246.83410677183
2025-08-15 18:00:00,2067093.9904021258,0,85069.6836178826
2025-08-15 20:00:00,2067093.9904021258,0,84768.38486084351
2025-08-15 22:00:00,2067093.9904021258,0,84784.53983466428
2025-08-16 00:00:00,2067093.9904021258,0,84682.06196850745
2025-08-16 02:00:00,2067093.9904021258,0,84662.19819300208
2025-08-16 04:00:00,2067093.9904021258,0,84815.87768241727
2025-08-16 06:00:00,2067093.9904021258,0,84820.83844367218
2025-08-16 08:00:00,2067093.9904021258,0,84767.99153003095
2025-08-16 10:00:00,2067093.9904021258,0,84918.89939123463
2025-08-16 12:00:00,2067093.9904021258,0,85225.41702265415
2025-08-16 14:00:00,2067093.9904021258,0,85431.71538555557
2025-08-16 16:00:00,2067093.9904021258,0,85359.9377073351
2025-08-16 18:00:00,2067093.9904021258,0,85319.82000456873
2025-08-16 20:00:00,2067093.9904021258,0,85220.34058717944
2025-08-16 22:00:00,2067093.9904021258,0,85174.31684535589
2025-08-17 00:00:00,2067093.9904021258,0,85528.93357878653
2025-08-17 02:00:00,2067093.9904021258,0,85587.86944911808
2025-08-17 04:00:00,2067093.9904021258,0,85121.81275570166
2025-08-17 06:00:00,2067093.9904021258,0,84767.15904649641
2025-08-17 08:00:00,2067093.9904021258,0,84808.06581893435
2025-08-17 10:00:00,2067093.9904021258,0,84851.54083585083
2025-08-17 12:00:00,2067093.9904021258,0,85123.02085801552
2025-08-17 14:00:00,2067093.9904021258,0,85466.01853502402
2025-08-17 16:00:00,2067093.9904021258,0,86059.8598564668
2025-08-17 18:00:00,2067093.9904021258,0,85711.6135759105
2025-08-17 20:00:00,2067093.9904021258,0,85584.16932072968
2025-08-17 22:00:00,2067093.9904021258,0,85606.91701385721
2025-08-18 00:00:00,2067093.9904021258,0,85380.65565041505
2025-08-18 02:00:00,2067093.9904021258,0,85548.77391557716
2025-08-18 04:00:00,2067093.9904021258,0,86183.88295374071
2025-08-18 06:00:00,2067093.9904021258,-1,86003.19127757126
2025-08-18 08:00:00,2056817.8625225916,0,86281.23434695706
2025-08-18 10:00:00,2056817.8625225916,-1,86949.29837469154
2025-08-18 12:00:00,2063010.4972197101,-1,86673.734613993
2025-08-18 14:00:00,2065613.0866840836,-1,86557.92294812955
2025-08-18 16:00:00,2070763.140085975,0,86154.85403008157
2025-08-18 18:00:00,2070763.140085975,0,86652.66808610322
2025-08-18 20:00:00,2070763.140085975,0,87041.91143785002
2025-08-18 22:00:00,2070763.140085975,-1,86886.06980899362
2025-08-19 00:00:00,2058789.1704905909,0,87241.1498175044
2025-08-19 02:00:00,2058789.1704905909,-1,87474.46838856858
2025-08-19 04:00:00,2051646.4733167079,-1,87793.92219645747
2025-08-19 06:00:00,2043550.0582300432,-1,88156.0305942685
2025-08-19 08:00:00,2037706.066369625,-1,88417.40041124861
2025-08-19 10:00:00,2052574.0821400362,-1,87752.43532341362
2025-08-19 12:00:00,2053253.1166922818,0,87547.11688221508
2025-08-19 14:00:00,2053253.1166922818,0,87779.63328084444
2025-08-19 16:00:00,2053253.1166922818,0,87224.38313009668
2025-08-19 18:00:00,2053253.1166922818,0,87334.7505157292
2025-08-19 20:00:00,2053253.1166922818,0,87649.75168368607
2025-08-19 22:00:00,2053253.1166922818,0,87761.01673310962
2025-08-20 00:00:00,2053253.1166922818,0,87652.5883409219
2025-08-20 02:00:00,2053253.1166922818,0,87571.7885544432
2025-08-20 04:00:00,2053253.1166922818,0,87372.21866776355
2025-08-20 06:00:00,2053253.1166922818,0,87359.78519114848
2025-08-20 08:00:00,2053253.1166922818,0,87489.22888119727
2025-08-20 10:00:00,2053253.1166922818,0,87636.49371003313
2025-08-20 12:00:00,2053253.1166922818,0,87496.70770711456
2025-08-20 14:00:00,2053253.1166922818,0,87389.99453402011
2025-08-20 16:00:00,2053253.1166922818,0,87176.8568220814
2025-08-20 18:00:00,2053253.1166922818,0,87003.57137233012
2025-08-20 20:00:00,2053253.1166922818,0,87014.65144100442
2025-08-20 22:00:00,2053253.1166922818,0,86842.9010544955
2025-08-21 00:00:00,2053253.1166922818,0,86279.31109636131
2025-08-21 02:00:00,2053253.1166922818,1,85655.54934797599
2025-08-21 04:00:00,2105969.282622273,1,87970.45462556412
2025-08-21 06:00:00,2067944.929486767,0,86472.01652688568
2025-08-21 08:00:00,2067944.929486767,0,85897.84048850626
2025-08-21 10:00:00,2067944.929486767,1,86284.59284527309
2025-08-21 12:00:00,2076807.1445552225,0,86846.39799886663
2025-08-21 14:00:00,2076807.1445552225,0,88380.34129230525
2025-08-21 16:00:00,2076807.1445552225,0,89239.75051037714
2025-08-21 18:00:00,2076807.1445552225,-1,91750.45703288064
2025-08-21 20:00:00,2140825.74999987,-1,88773.34847439826
2025-08-21 22:00:00,2192010.156712843,0,86209.57803981335
2025-08-22 00:00:00,2192010.156712843,0,86425.35384148087
2025-08-22 02:00:00,2192010.156712843,0,86343.34253177283
2025-08-22 04:00:00,2192010.156712843,0,86295.61296186829
2025-08-22 06:00:00,2192010.156712843,0,86274.18616337863
2025-08-22 08:00:00,2192010.156712843,0,86320.5688651124
2025-08-22 10:00:00,2192010.156712843,0,86273.1504897146
2025-08-22 12:00:00,2192010.156712843,0,86284.3751736568
2025-08-22 14:00:00,2192010.156712843,0,86267.52279545457
2025-08-22 16:00:00,2192010.156712843,0,86256.67665301812
2025-08-22 18:00:00,2192010.156712843,0,86226.25051953444
2025-08-22 20:00:00,2192010.156712843,0,86265.37726482016
2025-08-22 22:00:00,2192010.156712843,0,86320.56470870432
2025-08-23 00:00:00,2192010.156712843,0,87057.7293512584
2025-08-23 02:00:00,2192010.156712843,0,87033.53935526936
2025-08-23 04:00:00,2192010.156712843,0,87418.03630791805
2025-08-23 06:00:00,2192010.156712843,0,87395.20451974953
2025-08-23 08:00:00,2192010.156712843,0,87710.15875646108
2025-08-23 10:00:00,2192010.156712843,0,87513.7014455001
2025-08-23 12:00:00,2192010.156712843,0,87462.62944956323
2025-08-23 14:00:00,2192010.156712843,0,87413.51853543433
2025-08-23 16:00:00,2192010.156712843,0,87415.27470903446
2025-08-23 18:00:00,2192010.156712843,0,87478.30566918041
2025-08-23 20:00:00,2192010.156712843,0,87584.39108581691
2025-08-23 22:00:00,2192010.156712843,0,87767.72328188094
2025-08-24 00:00:00,2192010.156712843,0,90048.29146538983
2025-08-24 02:00:00,2192010.156712843,-1,91628.17950310367
2025-08-24 04:00:00,2186305.166981495,-1,91879.20495501184
2025-08-24 06:00:00,2237221.7449641437,-1,89638.82283346655
2025-08-24 08:00:00,2238533.164845367,0,89397.86264258198
2025-08-24 10:00:00,2238533.164845367,0,87079.43207091696
2025-08-24 12:00:00,2238533.164845367,0,89496.56557589484
2025-08-24 14:00:00,2238533.164845367,0,89510.93469371388
2025-08-24 16:00:00,2238533.164845367,0,87551.7222979946
2025-08-24 18:00:00,2238533.164845367,0,89403.76648273836
2025-08-24 20:00:00,2238533.164845367,0,90812.82716509879
2025-08-24 22:00:00,2238533.164845367,0,88813.01093152378
2025-08-25 00:00:00,2238533.164845367,0,88984.88083963194
2025-08-25 02:00:00,2238533.164845367,0,88655.99807857072
2025-08-25 04:00:00,2238533.164845367,0,88833.56057923363
2025-08-25 06:00:00,2238533.164845367,0,88385.2441544438
2025-08-25 08:00:00,2238533.164845367,0,87904.12333948298
2025-08-25 10:00:00,2238533.164845367,0,87955.09505060855
2025-08-25 12:00:00,2238533.164845367,0,87852.53505377032
2025-08-25 14:00:00,2238533.164845367,0,88267.48489885278
2025-08-25 16:00:00,2238533.164845367,0,87738.81506658484
2025-08-25 18:00:00,2238533.164845367,0,87955.2916901294
2025-08-25 20:00:00,2238533.164845367,0,88179.5303586392
2025-08-25 22:00:00,2238533.164845367,0,88350.93920422389
2025-08-26 00:00:00,2238533.164845367,0,88194.29681658176
2025-08-26 02:00:00,2238533.164845367,0,88211.16541856021
2025-08-26 04:00:00,2238533.164845367,0,88240.12471779031
2025-08-26 06:00:00,2238533.164845367,0,88311.6619677432
2025-08-26 08:00:00,2238533.164845367,0,88350.54616749186
2025-08-26 10:00:00,2238533.164845367,0,88413.63271088556
2025-08-26 12:00:00,2238533.164845367,0,88490.1230295081
2025-08-26 14:00:00,2238533.164845367,0,88587.49839189566
2025-08-26 16:00:00,2238533.164845367,0,88653.03639448549
2025-08-26 18:00:00,2238533.164845367,0,88593.83969371371
2025-08-26 20:00:00,2238533.164845367,0,88574.32552744301
2025-08-26 22:00:00,2238533.164845367,0,88615.19286226657
2025-08-27 00:00:00,2238533.164845367,0,88417.21474972072
2025-08-27 02:00:00,2238533.164845367,0,88144.70562966277
2025-08-27 04:00:00,2238533.164845367,0,88583.56205305998
2025-08-27 06:00:00,2238533.164845367,0,89249.08532640141
2025-08-27 08:00:00,2238533.164845367,0,89081.18615754538
2025-08-27 10:00:00,2238533.164845367,0,88837.40536701075
2025-08-27 12:00:00,2238533.164845367,0,88234.53424878523
2025-08-27 14:00:00,2238533.164845367,0,87753.17754511004
2025-08-27 16:00:00,2238533.164845367,0,88117.39495082617
2025-08-27 18:00:00,2238533.164845367,0,88399.34525119382
2025-08-27 20:00:00,2238533.164845367,0,88544.57871626914
2025-08-27 22:00:00,2238533.164845367,0,88558.94877179834
2025-08-28 00:00:00,2238533.164845367,0,88281.44564479946
2025-08-28 02:00:00,2238533.164845367,0,88321.32152927667
2025-08-28 04:00:00,2238533.164845367,0,88618.76294831844
2025-08-28 06:00:00,2238533.164845367,0,89034.34216286684
2025-08-28 08:00:00,2238533.164845367,0,89643.5070452587
2025-08-28 10:00:00,2238533.164845367,-1,88905.25518693005
2025-08-28 12:00:00,2210709.498244218,0,89890.64537764051
2025-08-28 14:00:00,2210709.498244218,-1,90524.31976617147
2025-08-28 16:00:00,2201959.625701691,-1,90901.46768398845
2025-08-28 18:00:00,2196699.629104875,-1,91128.19061675937
2025-08-28 20:00:00,2196453.5750195263,-1,91138.79634678671
2025-08-28 22:00:00,2226270.264313102,-1,89853.60022208751
2025-08-29 00:00:00,2226797.8792464887,0,89649.80966573651
2025-08-29 02:00:00,2226797.8792464887,0,89602.23177769744
2025-08-29 04:00:00,2226797.8792464887,0,89464.43622660065
2025-08-29 06:00:00,2226797.8792464887,0,89472.4554524863
2025-08-29 08:00:00,2226797.8792464887,0,89499.20621251603
2025-08-29 10:00:00,2226797.8792464887,0,89372.7769428326
2025-08-29 12:00:00,2226797.8792464887,0,89437.96435790761
2025-08-29 14:00:00,2226797.8792464887,0,89453.11824070124
2025-08-29 16:00:00,2226797.8792464887,0,89596.75417600767
2025-08-29 18:00:00,2226797.8792464887,0,89618.9052335322
2025-08-29 20:00:00,2226797.8792464887,0,89509.47725931261
2025-08-29 22:00:00,2226797.8792464887,0,89520.51732608656
2025-08-30 00:00:00,2226797.8792464887,0,90121.68283275048
2025-08-30 02:00:00,2226797.8792464887,0,89907.02031372939
2025-08-30 04:00:00,2226797.8792464887,0,90031.54532009661
2025-08-30 06:00:00,2226797.8792464887,0,90022.00413069464
2025-08-30 08:00:00,2226797.8792464887,0,90130.15145090286
2025-08-30 10:00:00,2226797.8792464887,0,90209.48778598083
2025-08-30 12:00:00,2226797.8792464887,0,90271.5427525403
2025-08-30 14:00:00,2226797.8792464887,0,90090.37112364039
2025-08-30 16:00:00,2226797.8792464887,0,90349.2758163091
2025-08-30 18:00:00,2226797.8792464887,0,90369.33553258942
2025-08-30 20:00:00,2226797.8792464887,0,90584.66168817387
2025-08-30 22:00:00,2226797.8792464887,0,90659.71890588518
2025-08-31 00:00:00,2226797.8792464887,0,90450.20754616839
2025-08-31 02:00:00,2226797.8792464887,0,90979.66956894398
2025-08-31 04:00:00,2226797.8792464887,0,91721.65032907401
2025-08-31 06:00:00,2226797.8792464887,-1,91655.14217830959
2025-08-31 08:00:00,2257101.8162324666,-1,90342.18220825409
2025-08-31 10:00:00,2246598.4875714006,0,90613.94316070402
2025-08-31 12:00:00,2246598.4875714006,0,89815.33112679406
2025-08-31 14:00:00,2246598.4875714006,0,90419.86525883096
2025-08-31 16:00:00,2246598.4875714006,0,90760.43658112436
2025-08-31 18:00:00,2246598.4875714006,0,91453.3704817689
2025-08-31 20:00:00,2246598.4875714006,0,91281.27044602462
2025-08-31 22:00:00,2246598.4875714006,0,91554.09355272545
2025-09-01 00:00:00,2246598.4875714006,0,91510.21581971295
2025-09-01 02:00:00,2246598.4875714006,0,91523.25697406569
2025-09-01 04:00:00,2246598.4875714006,0,91496.70807281473
2025-09-01 06:00:00,2246598.4875714006,0,91561.93262623069
2025-09-01 08:00:00,2246598.4875714006,0,91611.28535504617
2025-09-01 10:00:00,2246598.4875714006,0,91640.82967217325
2025-09-01 12:00:00,2246598.4875714006,0,91598.50926924867
2025-09-01 14:00:00,2246598.4875714006,0,91626.83998471737
2025-09-01 16:00:00,2246598.4875714006,0,91695.04863242191
2025-09-01 18:00:00,2246598.4875714006,0,91645.45539807472
2025-09-01 20:00:00,2246598.4875714006,0,91657.20013012852
2025-09-01 22:00:00,2246598.4875714006,0,91674.90336254735
2025-09-02 00:00:00,2246598.4875714006,0,92196.86321081249
2025-09-02 02:00:00,2246598.4875714006,0,92560.37128446002
2025-09-02 04:00:00,2246598.4875714006,-1,92105.56630121525
2025-09-02 06:00:00,2243514.5883788625,0,92054.44258152944
2025-09-02 08:00:00,2243514.5883788625,0,91833.80868875228
2025-09-02 10:00:00,2243514.5883788625,0,90224.06933907073
2025-09-02 12:00:00,2243514.5883788625,0,90393.65673049449
2025-09-02 14:00:00,2243514.5883788625,0,91471.2896363996
2025-09-02 16:00:00,2243514.5883788625,0,90611.16158782052
2025-09-02 18:00:00,2243514.5883788625,0,89910.11198273484
2025-09-02 20:00:00,2243514.5883788625,0,90441.03848355952
2025-09-02 22:00:00,2243514.5883788625,0,90775.91606970107
2025-09-03 00:00:00,2243514.5883788625,0,90782.05660599122
2025-09-03 02:00:00,2243514.5883788625,0,90476.60644032127
2025-09-03 04:00:00,2243514.5883788625,0,90152.29319718813
2025-09-03 06:00:00,2243514.5883788625,0,90022.34337205635
2025-09-03 08:00:00,2243514.5883788625,0,89852.94678551551
2025-09-03 10:00:00,2243514.5883788625,0,89970.54141316353
2025-09-03 12:00:00,2243514.5883788625,0,90119.6290978271
2025-09-03 14:00:00,2243514.5883788625,0,90208.99671904815
2025-09-03 16:00:00,2243514.5883788625,0,90156.34095295187
2025-09-03 18:00:00,2243514.5883788625,0,90198.16976724296
2025-09-03 20:00:00,2243514.5883788625,0,90544.05028633542
2025-09-03 22:00:00,2243514.5883788625,0,90333.40583476446
2025-09-04 00:00:00,2243514.5883788625,0,90486.16184530237
2025-09-04 02:00:00,2243514.5883788625,0,90914.4255228757
2025-09-04 04:00:00,2243514.5883788625,0,90952.04566821145
2025-09-04 06:00:00,2243514.5883788625,0,90913.85787270046
2025-09-04 08:00:00,2243514.5883788625,0,91048.36608015868
2025-09-04 10:00:00,2243514.5883788625,0,91062.81851649364
2025-09-04 12:00:00,2243514.5883788625,0,90924.86593130302
2025-09-04 14:00:00,2243514.5883788625,0,90762.97805159102
2025-09-04 16:00:00,2243514.5883788625,0,90899.53081989766
2025-09-04 18:00:00,2243514.5883788625,0,90816.41076786886
2025-09-04 20:00:00,2243514.5883788625,0,90912.67038014076
2025-09-04 22:00:00,2243514.5883788625,0,90770.25947620573
2025-09-05 00:00:00,2243514.5883788625,0,90793.52785047785
2025-09-05 02:00:00,2243514.5883788625,0,90776.17583607651
2025-09-05 04:00:00,2243514.5883788625,0,90742.05326520665
2025-09-05 06:00:00,2243514.5883788625,0,90720.80944506235
2025-09-05 08:00:00,2243514.5883788625,0,90700.0859812031
2025-09-05 10:00:00,2243514.5883788625,0,90704.1128765456
2025-09-05 12:00:00,2243514.5883788625,0,90712.37416728723
2025-09-05 14:00:00,2243514.5883788625,0,90705.23187854468
2025-09-05 16:00:00,2243514.5883788625,0,90691.92945710928
2025-09-05 18:00:00,2243514.5883788625,0,90675.54015592324
2025-09-05 20:00:00,2243514.5883788625,0,90669.6665793717
2025-09-05 22:00:00,2243514.5883788625,0,90667.51696422044
2025-09-06 00:00:00,2243514.5883788625,0,91172.79385168377
2025-09-06 02:00:00,2243514.5883788625,0,90625.09300612574
2025-09-06 04:00:00,2243514.5883788625,0,91961.47691648998
2025-09-06 06:00:00,2243514.5883788625,-1,90806.67979736194
2025-09-06 08:00:00,2269336.095678539,0,89524.92915298502
2025-09-06 10:00:00,2269336.095678539,1,88966.75812377608
2025-09-06 12:00:00,2268211.721031135,1,88920.35829438076
2025-09-06 14:00:00,2244900.921131132,1,87958.38610750726
2025-09-06 16:00:00,2251348.227097654,1,88224.44857840758
2025-09-06 18:00:00,2272407.475462291,1,89093.50546577932
2025-09-06 20:00:00,2289532.172737745,0,89978.12783690453
2025-09-06 22:00:00,2289532.172737745,0,89863.08689577901
2025-09-07 00:00:00,2289532.172737745,0,89756.25718176972
2025-09-07 02:00:00,2289532.172737745,0,89779.43361682916
2025-09-07 04:00:00,2289532.172737745,0,89701.63475000566
2025-09-07 06:00:00,2289532.172737745,0,89549.53853048616
2025-09-07 08:00:00,2289532.172737745,0,89494.16557663753
2025-09-07 10:00:00,2289532.172737745,0,89435.48338144916
2025-09-07 12:00:00,2289532.172737745,0,89587.59990886046
2025-09-07 14:00:00,2289532.172737745,0,89414.38681468327
2025-09-07 16:00:00,2289532.172737745,0,89565.02270264366
2025-09-07 18:00:00,2289532.172737745,0,89580.82666677271
2025-09-07 20:00:00,2289532.172737745,0,89682.77689327416
2025-09-07 22:00:00,2289532.172737745,0,89576.25615014638
2025-09-08 00:00:00,2289532.172737745,0,89388.62907745327
2025-09-08 02:00:00,2289532.172737745,0,89581.29099245887
2025-09-08 04:00:00,2289532.172737745,0,89514.96100248749
2025-09-08 06:00:00,2289532.172737745,0,89710.09479439857
2025-09-08 08:00:00,2289532.172737745,0,89540.14085483126
2025-09-08 10:00:00,2289532.172737745,0,89878.4432876364
2025-09-08 12:00:00,2289532.172737745,0,89838.23030608098
2025-09-08 14:00:00,2289532.172737745,0,89977.2661777286
2025-09-08 16:00:00,2289532.172737745,0,90071.27213742187
2025-09-08 18:00:00,2289532.172737745,0,89681.0335667928
2025-09-08 20:00:00,2289532.172737745,0,88957.86506314817
2025-09-08 22:00:00,2289532.172737745,0,89140.17795024531
2025-09-09 00:00:00,2289532.172737745,0,90141.89110465323
2025-09-09 02:00:00,2289532.172737745,0,90440.08226769647
2025-09-09 04:00:00,2289532.172737745,-1,89944.40739651714
2025-09-09 06:00:00,2298344.5053105378,0,89400.10488851875
2025-09-09 08:00:00,2298344.5053105378,0,88332.83531298867
2025-09-09 10:00:00,2298344.5053105378,1,88744.87463499373
2025-09-09 12:00:00,2298452.77224183,1,88749.27511827635
2025-09-09 14:00:00,2297930.626568268,0,88905.54238271025
2025-09-09 16:00:00,2297930.626568268,0,89265.96453675345
2025-09-09 18:00:00,2297930.626568268,0,89965.93875839723
2025-09-09 20:00:00,2297930.626568268,0,88975.3977638348
2025-09-09 22:00:00,2297930.626568268,0,88747.93313143216
2025-09-10 00:00:00,2297930.626568268,0,88309.89672421805
2025-09-10 02:00:00,2297930.626568268,1,88186.22168409778
2025-09-10 04:00:00,2299852.7792433267,1,88263.86929495416
2025-09-10 06:00:00,2295208.6695916164,0,88252.63748414969
2025-09-10 08:00:00,2295208.6695916164,0,88187.67693901855
2025-09-10 10:00:00,2295208.6695916164,0,88301.59205694924
2025-09-10 12:00:00,2295208.6695916164,0,88209.68187658716
2025-09-10 14:00:00,2295208.6695916164,0,88152.62228127061
2025-09-10 16:00:00,2295208.6695916164,0,88179.60367454641
2025-09-10 18:00:00,2295208.6695916164,0,88219.85971886724
2025-09-10 20:00:00,2295208.6695916164,0,88204.15543078593
2025-09-10 22:00:00,2295208.6695916164,0,88173.07540711323
2025-09-11 00:00:00,2295208.6695916164,0,88243.033495448
2025-09-11 02:00:00,2295208.6695916164,0,88257.50994788889
2025-09-11 04:00:00,2295208.6695916164,0,88269.28846680786
2025-09-11 06:00:00,2295208.6695916164,0,88278.85594478312
2025-09-11 08:00:00,2295208.6695916164,0,88264.2604979332
2025-09-11 10:00:00,2295208.6695916164,0,88271.99470299609
2025-09-11 12:00:00,2295208.6695916164,0,88271.88762054441
2025-09-11 14:00:00,2295208.6695916164,0,88274.97941239749
2025-09-11 16:00:00,2295208.6695916164,0,88279.15982703435
2025-09-11 18:00:00,2295208.6695916164,0,88261.12577702614
2025-09-11 20:00:00,2295208.6695916164,0,88256.31765096632
2025-09-11 22:00:00,2295208.6695916164,0,88267.33567160196
2025-09-12 00:00:00,2295208.6695916164,0,88387.49636048957
2025-09-12 02:00:00,2295208.6695916164,0,88601.38214281245
2025-09-12 04:00:00,2295208.6695916164,0,88611.44752882277
2025-09-12 06:00:00,2295208.6695916164,0,88241.03857291021
2025-09-12 08:00:00,2295208.6695916164,0,87758.26909186659
2025-09-12 10:00:00,2295208.6695916164,1,87313.79414842381
2025-09-12 12:00:00,2307949.4730758606,1,87823.98644479881
2025-09-12 14:00:00,2304692.9065024797,0,87868.20819327355
2025-09-12 16:00:00,2304692.9065024797,0,88148.44211335592
2025-09-12 18:00:00,2304692.9065024797,0,87965.57113675437
2025-09-12 20:00:00,2304692.9065024797,0,87528.82711208868
2025-09-12 22:00:00,2304692.9065024797,1,87711.61107667915
2025-09-13 00:00:00,2290904.9966965658,0,87334.67858422468
2025-09-13 02:00:00,2290904.9966965658,1,87357.2964436633
2025-09-13 04:00:00,2287574.7225843994,1,87223.62197037153
2025-09-13 06:00:00,2287828.5029264744,1,87233.8085052981
2025-09-13 08:00:00,2316001.316818827,0,88539.35675672707
2025-09-13 10:00:00,2316001.316818827,0,87712.63579292125
2025-09-13 12:00:00,2316001.316818827,0,87919.31442175889
2025-09-13 14:00:00,2316001.316818827,0,88131.11007173859
2025-09-13 16:00:00,2316001.316818827,0,87932.84294210347
2025-09-13 18:00:00,2316001.316818827,0,87851.4772576529
2025-09-13 20:00:00,2316001.316818827,0,87030.11248990381
2025-09-13 22:00:00,2316001.316818827,1,87556.38123432206
2025-09-14 00:00:00,2314159.0754586495,0,87658.18252731234
2025-09-14 02:00:00,2314159.0754586495,0,87458.41586613032
2025-09-14 04:00:00,2314159.0754586495,0,87497.05406296943
2025-09-14 06:00:00,2314159.0754586495,0,87474.68751825576
2025-09-14 08:00:00,2314159.0754586495,0,87685.16649593487
2025-09-14 10:00:00,2314159.0754586495,0,87997.44268852145
2025-09-14 12:00:00,2314159.0754586495,0,87768.69349357391
2025-09-14 14:00:00,2314159.0754586495,0,87717.01077617747
2025-09-14 16:00:00,2314159.0754586495,0,87874.30220210759
2025-09-14 18:00:00,2314159.0754586495,0,88075.90251619223
2025-09-14 20:00:00,2314159.0754586495,0,88549.78247473006
2025-09-14 22:00:00,2314159.0754586495,-1,88420.81205269054
2025-09-15 00:00:00,2313895.415096197,0,88254.57474137802
2025-09-15 02:00:00,2313895.415096197,0,88067.69418957816
2025-09-15 04:00:00,2313895.415096197,0,87791.15678105709
2025-09-15 06:00:00,2313895.415096197,0,88766.43946169445
2025-09-15 08:00:00,2313895.415096197,-1,88459.3048250542
2025-09-15 10:00:00,2299489.7056639777,0,88862.09628198341
2025-09-15 12:00:00,2299489.7056639777,-1,89166.84180834696
2025-09-15 14:00:00,2314997.8132262053,-1,88533.83684649233
2025-09-15 16:00:00,2314343.837943546,0,88382.19691626834
2025-09-15 18:00:00,2314343.837943546,0,88724.55373231771
2025-09-15 20:00:00,2314343.837943546,0,88684.34223287925
2025-09-15 22:00:00,2314343.837943546,0,89450.9799667114
2025-09-16 00:00:00,2314343.837943546,-1,89504.40021096994
2025-09-16 02:00:00,2311510.7317899414,-1,89619.73378407494
2025-09-16 04:00:00,2309766.6958426996,-1,89690.73214647763
2025-09-16 06:00:00,2307067.0705165043,0,89621.62301731182
2025-09-16 08:00:00,2307067.0705165043,0,89836.83729662154
2025-09-16 10:00:00,2307067.0705165043,0,89934.50599393767
2025-09-16 12:00:00,2307067.0705165043,0,89966.82491532543
2025-09-16 14:00:00,2307067.0705165043,0,89805.30397343934
2025-09-16 16:00:00,2307067.0705165043,0,89659.61449103389
2025-09-16 18:00:00,2307067.0705165043,0,89740.97890929085
2025-09-16 20:00:00,2307067.0705165043,0,89811.33840930056
2025-09-16 22:00:00,2307067.0705165043,0,90066.74775276406
2025-09-17 00:00:00,2307067.0705165043,0,91522.86481029818
2025-09-17 02:00:00,2307067.0705165043,-1,91114.3488791292
2025-09-17 04:00:00,2283688.3955060784,0,92789.89781594875
2025-09-17 06:00:00,2283688.3955060784,-1,93355.40714071757
2025-09-17 08:00:00,2284634.6060239146,-1,93314.69098203724
2025-09-17 10:00:00,2270964.6633299696,-1,93902.91901944089
2025-09-17 12:00:00,2283730.4265289567,-1,93353.5985138161
2025-09-17 14:00:00,2300982.922639912,0,92424.4996621542
2025-09-17 16:00:00,2300982.922639912,0,92605.77810805253
2025-09-17 18:00:00,2300982.922639912,0,92247.58026659502
2025-09-17 20:00:00,2300982.922639912,0,91250.6672776002
2025-09-17 22:00:00,2300982.922639912,0,90168.56209583751
2025-09-18 00:00:00,2300982.922639912,0,90276.01032307553
2025-09-18 02:00:00,2300982.922639912,0,90268.96244455794
2025-09-18 04:00:00,2300982.922639912,0,90186.60169414176
2025-09-18 06:00:00,2300982.922639912,0,90249.97477805195
2025-09-18 08:00:00,2300982.922639912,0,90258.22358004191
2025-09-18 10:00:00,2300982.922639912,0,90328.18835097243
2025-09-18 12:00:00,2300982.922639912,0,90350.04548680258
2025-09-18 14:00:00,2300982.922639912,0,90247.32275903408
2025-09-18 16:00:00,2300982.922639912,0,90285.5366960046
2025-09-18 18:00:00,2300982.922639912,0,90180.71972498011
2025-09-18 20:00:00,2300982.922639912,0,90198.42875914577
2025-09-18 22:00:00,2300982.922639912,0,90199.08056309243
2025-09-19 00:00:00,2300982.922639912,0,90358.23167323117
2025-09-19 02:00:00,2300982.922639912,0,90003.43950657971
2025-09-19 04:00:00,2300982.922639912,0,90814.46838306413
2025-09-19 06:00:00,2300982.922639912,0,90276.10497151964
2025-09-19 08:00:00,2300982.922639912,0,90646.86193539728
2025-09-19 10:00:00,2300982.922639912,0,90311.22422190782
2025-09-19 12:00:00,2300982.922639912,0,91075.082351247
2025-09-19 14:00:00,2300982.922639912,0,91014.84833979905
2025-09-19 16:00:00,2300982.922639912,0,91464.59972769549
2025-09-19 18:00:00,2300982.922639912,0,91291.0437065159
2025-09-19 20:00:00,2300982.922639912,0,90620.73062281638
2025-09-19 22:00:00,2300982.922639912,0,90877.28113154997
2025-09-20 00:00:00,2300982.922639912,0,95876.95274489874
2025-09-20 02:00:00,2300982.922639912,-1,95124.55540971458
2025-09-20 04:00:00,2359725.224541542,-1,92568.28613377041
2025-09-20 06:00:00,2326294.6704363828,0,93832.82336210254
2025-09-20 08:00:00,2326294.6704363828,0,93813.8556971898
2025-09-20 10:00:00,2326294.6704363828,0,91968.53100715663
2025-09-20 12:00:00,2326294.6704363828,0,86680.47664685576
2025-09-20 14:00:00,2326294.6704363828,1,87171.63107067528
2025-09-20 16:00:00,2387630.0031203255,1,89590.97475023217
2025-09-20 18:00:00,2322989.083856817,0,87215.58700713422
2025-09-20 20:00:00,2322989.083856817,0,88301.07941283722
2025-09-20 22:00:00,2322989.083856817,0,90944.76429176213
2025-09-21 00:00:00,2322989.083856817,0,91361.9509686831
2025-09-21 02:00:00,2322989.083856817,0,91479.2734331518
2025-09-21 04:00:00,2322989.083856817,0,91643.7255787525
2025-09-21 06:00:00,2322989.083856817,0,91368.3902446983
2025-09-21 08:00:00,2322989.083856817,0,91440.0114834834
2025-09-21 10:00:00,2322989.083856817,0,91499.21336540015
2025-09-21 12:00:00,2322989.083856817,0,91151.40959825358
2025-09-21 14:00:00,2322989.083856817,0,91405.83926273845
2025-09-21 16:00:00,2322989.083856817,0,91442.62003357244
2025-09-21 18:00:00,2322989.083856817,0,91706.24668130312
2025-09-21 20:00:00,2322989.083856817,0,91663.93456818488
2025-09-21 22:00:00,2322989.083856817,0,91799.18943759207
2025-09-22 00:00:00,2322989.083856817,0,91218.76582382376
2025-09-22 02:00:00,2322989.083856817,0,91987.42611336593
2025-09-22 04:00:00,2322989.083856817,0,90842.88904325807
2025-09-22 06:00:00,2322989.083856817,0,91471.94117503775
2025-09-22 08:00:00,2322989.083856817,0,90679.24564052162
2025-09-22 10:00:00,2322989.083856817,0,89070.90707764115
2025-09-22 12:00:00,2322989.083856817,0,90616.0664673216
2025-09-22 14:00:00,2322989.083856817,0,92318.40983731224
2025-09-22 16:00:00,2322989.083856817,0,91126.87196409512
2025-09-22 18:00:00,2322989.083856817,0,89208.16829099819
2025-09-22 20:00:00,2322989.083856817,0,89741.59677610722
2025-09-22 22:00:00,2322989.083856817,0,89748.11433686507
2025-09-23 00:00:00,2322989.083856817,0,89988.09604605752
2025-09-23 02:00:00,2322989.083856817,0,89822.92226830815
2025-09-23 04:00:00,2322989.083856817,0,89486.30971582652
2025-09-23 06:00:00,2322989.083856817,0,89725.29665848431
2025-09-23 08:00:00,2322989.083856817,0,89879.11994790439
2025-09-23 10:00:00,2322989.083856817,0,90037.46371748875
2025-09-23 12:00:00,2322989.083856817,0,90053.62852899668
2025-09-23 14:00:00,2322989.083856817,0,90106.40263724852
2025-09-23 16:00:00,2322989.083856817,0,90077.4216735491
2025-09-23 18:00:00,2322989.083856817,0,90226.86686448284
2025-09-23 20:00:00,2322989.083856817,0,90336.74184149089
2025-09-23 22:00:00,2322989.083856817,0,90192.61761453249
2025-09-24 00:00:00,2322989.083856817,0,90544.64465739441
2025-09-24 02:00:00,2322989.083856817,0,90712.61537297786
2025-09-24 04:00:00,2322989.083856817,0,90864.68703994619
2025-09-24 06:00:00,2322989.083856817,0,90984.13642303784
2025-09-24 08:00:00,2322989.083856817,0,91099.3689136588
2025-09-24 10:00:00,2322989.083856817,0,91116.32370506215
2025-09-24 12:00:00,2322989.083856817,0,91128.85951949972
2025-09-24 14:00:00,2322989.083856817,0,91300.10031778198
2025-09-24 16:00:00,2322989.083856817,0,91358.11149810185
2025-09-24 18:00:00,2322989.083856817,0,91126.39425104193
2025-09-24 20:00:00,2322989.083856817,0,90988.82550616637
2025-09-24 22:00:00,2322989.083856817,0,90939.52494548855
2025-09-25 00:00:00,2322989.083856817,0,90645.91419149362
2025-09-25 02:00:00,2322989.083856817,0,91029.21891569026
2025-09-25 04:00:00,2322989.083856817,0,91030.21720000451
2025-09-25 06:00:00,2322989.083856817,0,91086.03603469887
2025-09-25 08:00:00,2322989.083856817,0,90776.44470769078
2025-09-25 10:00:00,2322989.083856817,0,90933.52432805215
2025-09-25 12:00:00,2322989.083856817,0,90915.8848766935
2025-09-25 14:00:00,2322989.083856817,0,90707.4283607143
2025-09-25 16:00:00,2322989.083856817,0,90829.90538205279
2025-09-25 18:00:00,2322989.083856817,0,90730.60942131748
2025-09-25 20:00:00,2322989.083856817,0,90944.21266427875
2025-09-25 22:00:00,2322989.083856817,0,91195.26752676601
2025-09-26 00:00:00,2322989.083856817,0,91325.31014903598
2025-09-26 02:00:00,2322989.083856817,0,91265.27375281748
2025-09-26 04:00:00,2322989.083856817,0,91430.11230517199
2025-09-26 06:00:00,2322989.083856817,0,91467.70615752779
2025-09-26 08:00:00,2322989.083856817,0,91512.28362640446
2025-09-26 10:00:00,2322989.083856817,0,91407.22371003467
2025-09-26 12:00:00,2322989.083856817,0,91359.67420636771
2025-09-26 14:00:00,2322989.083856817,0,91325.8744670153
2025-09-26 16:00:00,2322989.083856817,0,91354.39190132308
2025-09-26 18:00:00,2322989.083856817,0,91245.05100268067
2025-09-26 20:00:00,2322989.083856817,0,91103.02536706295
2025-09-26 22:00:00,2322989.083856817,0,91116.72988464664
2025-09-27 00:00:00,2322989.083856817,0,90558.25027625929
2025-09-27 02:00:00,2322989.083856817,1,92619.13894283655
2025-09-27 04:00:00,2299433.2066996214,0,91016.8314670373
2025-09-27 06:00:00,2299433.2066996214,0,91194.60714210176
2025-09-27 08:00:00,2299433.2066996214,0,90717.98813624689
2025-09-27 10:00:00,2299433.2066996214,0,91541.59783321343
2025-09-27 12:00:00,2299433.2066996214,0,92573.33033750422
2025-09-27 14:00:00,2299433.2066996214,-1,94307.94369070258
2025-09-27 16:00:00,2303292.0313418214,-1,94141.34985998283
2025-09-27 18:00:00,2283084.1964821923,-1,95013.76592755996
2025-09-27 20:00:00,2340748.3716539657,-1,92524.27839498215
2025-09-27 22:00:00,2329653.06141591,0,92814.6711195412
2025-09-28 00:00:00,2329653.06141591,0,94157.99756405536
2025-09-28 02:00:00,2329653.06141591,0,93332.23634104758
2025-09-28 04:00:00,2329653.06141591,0,93672.846076778
2025-09-28 06:00:00,2329653.06141591,0,94033.27440116757
2025-09-28 08:00:00,2329653.06141591,0,92090.7526756001
2025-09-28 10:00:00,2329653.06141591,0,95875.87792992637
2025-09-28 12:00:00,2329653.06141591,-1,94402.35709559577
2025-09-28 14:00:00,2327067.100168256,0,94323.85605988133
2025-09-28 16:00:00,2327067.100168256,0,94433.51837751945
2025-09-28 18:00:00,2327067.100168256,0,93707.67074384494
2025-09-28 20:00:00,2327067.100168256,0,91954.28107340388
2025-09-28 22:00:00,2327067.100168256,0,93677.9207557683
2025-09-29 00:00:00,2327067.100168256,0,93731.15142380031
2025-09-29 02:00:00,2327067.100168256,0,93511.1036328652
2025-09-29 04:00:00,2327067.100168256,0,93551.85842429867
2025-09-29 06:00:00,2327067.100168256,0,93747.84396423386
2025-09-29 08:00:00,2327067.100168256,0,93796.59864695596
2025-09-29 10:00:00,2327067.100168256,0,93355.88733720817
2025-09-29 12:00:00,2327067.100168256,0,93552.02392504917
2025-09-29 14:00:00,2327067.100168256,0,93968.72239619729
2025-09-29 16:00:00,2327067.100168256,0,94286.18024984714
2025-09-29 18:00:00,2327067.100168256,0,94362.46825363573
2025-09-29 20:00:00,2327067.100168256,0,94803.12100693311
2025-09-29 22:00:00,2327067.100168256,0,94477.98528252172
2025-09-30 00:00:00,2327067.100168256,0,94370.86278566168
2025-09-30 02:00:00,2327067.100168256,0,93953.09237258695
2025-09-30 04:00:00,2327067.100168256,0,94212.70145187381
2025-09-30 06:00:00,2327067.100168256,0,94351.78218135629
2025-09-30 08:00:00,2327067.100168256,0,94172.43649954566
2025-09-30 10:00:00,2327067.100168256,0,94567.51718547055
2025-09-30 12:00:00,2327067.100168256,0,94573.26649163643
2025-09-30 14:00:00,2327067.100168256,0,94432.9776098005
2025-09-30 16:00:00,2327067.100168256,0,94479.77791260406
2025-09-30 18:00:00,2327067.100168256,0,94605.96966602888
2025-09-30 20:00:00,2327067.100168256,0,94976.84203881038
2025-09-30 22:00:00,2327067.100168256,0,95041.84470799925
2025-10-01 00:00:00,2327067.100168256,0,93064.32208494763
2025-10-01 02:00:00,2327067.100168256,0,95351.46411159763
2025-10-01 04:00:00,2327067.100168256,0,96065.78534171675
2025-10-01 06:00:00,2327067.100168256,-1,94871.56896284567
2025-10-01 08:00:00,2349784.7810639725,0,93706.90899794833
2025-10-01 10:00:00,2349784.7810639725,0,93316.90316874623
2025-10-01 12:00:00,2349784.7810639725,0,94280.28278071909
2025-10-01 14:00:00,2349784.7810639725,0,94143.15346223288
2025-10-01 16:00:00,2349784.7810639725,0,95356.42899251037
2025-10-01 18:00:00,2349784.7810639725,0,95709.3739815617
2025-10-01 20:00:00,2349784.7810639725,0,94247.70781112247
2025-10-01 22:00:00,2349784.7810639725,0,94481.07325513748
2025-10-02 00:00:00,2349784.7810639725,0,95865.81114980583
2025-10-02 02:00:00,2349784.7810639725,0,97386.35307834289
2025-10-02 04:00:00,2349784.7810639725,-1,96933.95167978817
2025-10-02 06:00:00,2294595.0161511637,0,99408.08747373536
2025-10-02 08:00:00,2294595.0161511637,-1,96442.71590928976
2025-10-02 10:00:00,2282213.770762119,0,96797.6078794248
2025-10-02 12:00:00,2282213.770762119,0,96250.56855597462
2025-10-02 14:00:00,2282213.770762119,0,97654.51237645016
2025-10-02 16:00:00,2282213.770762119,0,96479.18557780133
2025-10-02 18:00:00,2282213.770762119,0,96688.11973755922
2025-10-02 20:00:00,2282213.770762119,0,96336.23733718833
2025-10-02 22:00:00,2282213.770762119,0,95851.18566400773
2025-10-03 00:00:00,2282213.770762119,0,107238.48943032078
2025-10-03 02:00:00,2282213.770762119,-1,104692.01087669413
2025-10-03 04:00:00,2197955.261549828,-1,108760.6332753388
2025-10-03 06:00:00,2229023.352963227,-1,107260.43663301256
2025-10-03 08:00:00,2299388.717899517,-1,103862.67772954935
2025-10-03 10:00:00,2420097.4799112403,0,97824.58421097606
2025-10-03 12:00:00,2420097.4799112403,0,93047.69714945731
2025-10-03 14:00:00,2420097.4799112403,0,93935.66406202436
2025-10-03 16:00:00,2420097.4799112403,0,86464.91995650633
2025-10-03 18:00:00,2420097.4799112403,1,86099.6353189582
2025-10-03 20:00:00,2465066.220601516,1,87783.68761168586
2025-10-03 22:00:00,2605095.914613555,0,93199.91470323013
2025-10-04 00:00:00,2605095.914613555,0,94670.27003150106
2025-10-04 02:00:00,2605095.914613555,0,94677.61275700318
2025-10-04 04:00:00,2605095.914613555,0,94699.95799384796
2025-10-04 06:00:00,2605095.914613555,0,94698.2095817425
2025-10-04 08:00:00,2605095.914613555,0,94701.61157201295
2025-10-04 10:00:00,2605095.914613555,0,94708.27539122406
2025-10-04 12:00:00,2605095.914613555,0,94707.88050105685
2025-10-04 14:00:00,2605095.914613555,0,94712.5001935063
2025-10-04 16:00:00,2605095.914613555,0,94700.87145855205
2025-10-04 18:00:00,2605095.914613555,0,94688.88827154507
2025-10-04 20:00:00,2605095.914613555,0,94698.90573897611
2025-10-04 22:00:00,2605095.914613555,0,94701.39344596108
2025-10-05 00:00:00,2605095.914613555,0,110835.36545575646
2025-10-05 02:00:00,2605095.914613555,-1,114331.82879758335
2025-10-05 04:00:00,2788593.760568288,-1,105854.6606479399
2025-10-05 06:00:00,2528617.3087028954,0,124775.32565677275
2025-10-05 08:00:00,2528617.3087028954,-1,123891.26032387369
2025-10-05 10:00:00,2777560.71121826,-1,111052.16035585167
2025-10-05 12:00:00,2921655.8668257315,0,103372.76049142703
2025-10-05 14:00:00,2921655.8668257315,0,105128.27556549561
2025-10-05 16:00:00,2921655.8668257315,0,88391.6347421772
2025-10-05 18:00:00,2921655.8668257315,0,89293.50429374911
2025-10-05 20:00:00,2921655.8668257315,0,85016.38313857433
2025-10-05 22:00:00,2921655.8668257315,0,89973.60444365253
2025-10-06 00:00:00,2921655.8668257315,0,94274.08811922498
2025-10-06 02:00:00,2921655.8668257315,0,95094.50526492964
2025-10-06 04:00:00,2921655.8668257315,0,93050.96671594885
2025-10-06 06:00:00,2921655.8668257315,0,95602.08269033718
2025-10-06 08:00:00,2921655.8668257315,0,95570.0877814277
2025-10-06 10:00:00,2921655.8668257315,0,95833.47395415958
2025-10-06 12:00:00,2921655.8668257315,0,96482.56868943479
2025-10-06 14:00:00,2921655.8668257315,0,97085.59442159106
2025-10-06 16:00:00,2921655.8668257315,0,95728.63017280064
2025-10-06 18:00:00,2921655.8668257315,0,95971.16122449182
2025-10-06 20:00:00,2921655.8668257315,0,94728.29623775542
2025-10-06 22:00:00,2921655.8668257315,0,95784.55074059937
2025-10-07 00:00:00,2921655.8668257315,0,95843.64952675869
2025-10-07 02:00:00,2921655.8668257315,0,95799.78616613818
2025-10-07 04:00:00,2921655.8668257315,0,95993.42759901231
2025-10-07 06:00:00,2921655.8668257315,0,96192.83126313413
2025-10-07 08:00:00,2921655.8668257315,0,96340.2524860556
2025-10-07 10:00:00,2921655.8668257315,0,96401.14283109366
2025-10-07 12:00:00,2921655.8668257315,0,96362.79433508885
2025-10-07 14:00:00,2921655.8668257315,0,96484.85273458641
2025-10-07 16:00:00,2921655.8668257315,0,96245.35106555658
2025-10-07 18:00:00,2921655.8668257315,0,96779.32543772775
2025-10-07 20:00:00,2921655.8668257315,0,96727.4275722949
2025-10-07 22:00:00,2921655.8668257315,0,96807.60662738665
2025-10-08 00:00:00,2921655.8668257315,0,97585.54491883145
2025-10-08 02:00:00,2921655.8668257315,0,98016.31708975883
2025-10-08 04:00:00,2921655.8668257315,0,97332.41272000172
2025-10-08 06:00:00,2921655.8668257315,0,96952.59545002291
2025-10-08 08:00:00,2921655.8668257315,0,97513.25546949638
2025-10-08 10:00:00,2921655.8668257315,0,96746.83867289902
2025-10-08 12:00:00,2921655.8668257315,0,96962.9739833272
2025-10-08 14:00:00,2921655.8668257315,0,97513.05253445907
2025-10-08 16:00:00,2921655.8668257315,0,96848.73067485256
2025-10-08 18:00:00,2921655.8668257315,0,98815.97202999389
2025-10-08 20:00:00,2921655.8668257315,-1,97934.70488720282
2025-10-08 22:00:00,2920952.784408174,0,97763.64338817401
2025-10-09 00:00:00,2920952.784408174,0,98000.05996440304
2025-10-09 02:00:00,2920952.784408174,0,98566.69310028519
2025-10-09 04:00:00,2920952.784408174,0,98668.64392742053
2025-10-09 06:00:00,2920952.784408174,0,98664.47962754515
2025-10-09 08:00:00,2920952.784408174,0,98459.75399253985
2025-10-09 10:00:00,2920952.784408174,0,98649.75845374451
2025-10-09 12:00:00,2920952.784408174,0,99301.66799565278
2025-10-09 14:00:00,2920952.784408174,0,99327.99016006003
2025-10-09 16:00:00,2920952.784408174,0,99096.02361372928
2025-10-09 18:00:00,2920952.784408174,0,98935.9911614594
2025-10-09 20:00:00,2920952.784408174,0,98740.06017068263
2025-10-09 22:00:00,2920952.784408174,0,98761.9462482513
2025-10-10 00:00:00,2920952.784408174,0,98961.54012540031
2025-10-10 02:00:00,2920952.784408174,0,98894.06639960974
2025-10-10 04:00:00,2920952.784408174,0,98865.88213485193
2025-10-10 06:00:00,2920952.784408174,0,98944.1133505586
2025-10-10 08:00:00,2920952.784408174,0,98918.77433747008
2025-10-10 10:00:00,2920952.784408174,0,98961.7787945569
2025-10-10 12:00:00,2920952.784408174,0,98955.4546219898
2025-10-10 14:00:00,2920952.784408174,0,99000.3831277287
2025-10-10 16:00:00,2920952.784408174,0,98941.35180929684
2025-10-10 18:00:00,2920952.784408174,0,98942.45538103004
2025-10-10 20:00:00,2920952.784408174,0,98931.13367720101
2025-10-10 22:00:00,2920952.784408174,0,98908.0548234252
2025-10-11 00:00:00,2920952.784408174,0,98706.31743799345
2025-10-11 02:00:00,2920952.784408174,0,98449.50414023548
2025-10-11 04:00:00,2920952.784408174,0,98881.51349164064
2025-10-11 06:00:00,2920952.784408174,0,98757.4581741181
2025-10-11 08:00:00,2920952.784408174,0,98401.31353392186
2025-10-11 10:00:00,2920952.784408174,0,98277.86877852691
2025-10-11 12:00:00,2920952.784408174,0,98122.13636709134
2025-10-11 14:00:00,2920952.784408174,1,98988.00914988921
2025-10-11 16:00:00,2922304.1540052122,0,99234.19200014809
2025-10-11 18:00:00,2922304.1540052122,0,98889.7922625055
2025-10-11 20:00:00,2922304.1540052122,0,99314.12371972844
2025-10-11 22:00:00,2922304.1540052122,0,99300.718496679
2025-10-12 00:00:00,2922304.1540052122,0,98915.2514134663
2025-10-12 02:00:00,2922304.1540052122,0,98888.83689591063
2025-10-12 04:00:00,2922304.1540052122,0,98958.93553887059
2025-10-12 06:00:00,2922304.1540052122,0,99054.63692607137
2025-10-12 08:00:00,2922304.1540052122,0,99208.32994138995
2025-10-12 10:00:00,2922304.1540052122,0,99253.99582914151
2025-10-12 12:00:00,2922304.1540052122,0,99301.72917322525
2025-10-12 14:00:00,2922304.1540052122,0,99352.55329142553
2025-10-12 16:00:00,2922304.1540052122,0,99305.46583038202
2025-10-12 18:00:00,2922304.1540052122,0,99079.65064448456
2025-10-12 20:00:00,2922304.1540052122,0,98969.7917135445
2025-10-12 22:00:00,2922304.1540052122,0,98943.74420733834
2025-10-13 00:00:00,2922304.1540052122,0,99185.9793939884
2025-10-13 02:00:00,2922304.1540052122,0,99106.51513137776
2025-10-13 04:00:00,2922304.1540052122,0,99253.0943565788
2025-10-13 06:00:00,2922304.1540052122,0,99044.85294033676
2025-10-13 08:00:00,2922304.1540052122,0,98860.49803263418
2025-10-13 10:00:00,2922304.1540052122,0,99009.44619010428
2025-10-13 12:00:00,2922304.1540052122,0,99017.83224602719
2025-10-13 14:00:00,2922304.1540052122,0,98621.70667626226
2025-10-13 16:00:00,2922304.1540052122,0,98712.02669108736
2025-10-13 18:00:00,2922304.1540052122,0,98607.5302646982
2025-10-13 20:00:00,2922304.1540052122,0,98665.42246669263
2025-10-13 22:00:00,2922304.1540052122,0,98256.98798184107
2025-10-14 00:00:00,2922304.1540052122,1,98694.57478907434
2025-10-14 02:00:00,2927035.5193012017,0,99060.16577760909
2025-10-14 04:00:00,2927035.5193012017,0,99145.65781925204
2025-10-14 06:00:00,2927035.5193012017,0,99130.93938607896
2025-10-14 08:00:00,2927035.5193012017,0,99081.80421183087
2025-10-14 10:00:00,2927035.5193012017,0,99017.95926734924
2025-10-14 12:00:00,2927035.5193012017,0,99388.67249030535
2025-10-14 14:00:00,2927035.5193012017,0,100367.64354995094
2025-10-14 16:00:00,2927035.5193012017,-1,100390.92934315804
2025-10-14 18:00:00,2923618.944132429,-1,100514.27783871631
2025-10-14 20:00:00,2908856.248948352,-1,101047.25491411761
2025-10-14 22:00:00,2922265.304753493,-1,100563.14823455783
2025-10-15 00:00:00,2921877.273214032,0,100376.37546516629
2025-10-15 02:00:00,2921877.273214032,0,100227.20598864138
2025-10-15 04:00:00,2921877.273214032,0,99101.77839642846
2025-10-15 06:00:00,2921877.273214032,0,99711.21138990132
2025-10-15 08:00:00,2921877.273214032,0,100589.3472170975
2025-10-15 10:00:00,2921877.273214032,0,100684.99298016261
2025-10-15 12:00:00,2921877.273214032,0,100971.44371809963
2025-10-15 14:00:00,2921877.273214032,0,99628.62186257877
2025-10-15 16:00:00,2921877.273214032,0,99578.77588222276
2025-10-15 18:00:00,2921877.273214032,0,100430.31826450031
2025-10-15 20:00:00,2921877.273214032,0,101384.68506519198
2025-10-15 22:00:00,2921877.273214032,0,102332.31212584526
2025-10-16 00:00:00,2921877.273214032,-1,103696.5643216157
2025-10-16 02:00:00,2876274.370362217,-1,105400.1786355245
2025-10-16 04:00:00,2879904.17878983,-1,105264.57775910394
2025-10-16 06:00:00,2927934.147574962,-1,103470.29412358999
2025-10-16 08:00:00,3019879.630894529,0,99828.03979781042
2025-10-16 10:00:00,3019879.630894529,0,98679.82161782261
2025-10-16 12:00:00,3019879.630894529,0,99541.2722369238
2025-10-16 14:00:00,3019879.630894529,0,97627.37541544078
2025-10-16 16:00:00,3019879.630894529,0,96932.35079945115
2025-10-16 18:00:00,3019879.630894529,0,97417.08680979055
2025-10-16 20:00:00,3019879.630894529,0,99719.55108956699
2025-10-16 22:00:00,3019879.630894529,0,100275.76747918081
2025-10-17 00:00:00,3019879.630894529,0,101018.83473030549
2025-10-17 02:00:00,3019879.630894529,0,100590.34990070628
2025-10-17 04:00:00,3019879.630894529,0,101331.37296686166
2025-10-17 06:00:00,3019879.630894529,0,102089.6011759861
2025-10-17 08:00:00,3019879.630894529,0,102316.47126250288
2025-10-17 10:00:00,3019879.630894529,0,102111.0420837111
2025-10-17 12:00:00,3019879.630894529,0,101916.93119959357
2025-10-17 14:00:00,3019879.630894529,0,101414.90123705406
2025-10-17 16:00:00,3019879.630894529,0,101310.66975236544
2025-10-17 18:00:00,3019879.630894529,0,100877.22019103673
2025-10-17 20:00:00,3019879.630894529,0,101107.86262204342
2025-10-17 22:00:00,3019879.630894529,0,100697.67789285797
2025-10-18 00:00:00,3019879.630894529,0,101085.89792038931
2025-10-18 02:00:00,3019879.630894529,0,101075.1222709284
2025-10-18 04:00:00,3019879.630894529,0,100842.35258918478
2025-10-18 06:00:00,3019879.630894529,0,101001.42539286554
2025-10-18 08:00:00,3019879.630894529,0,100752.45069691956
2025-10-18 10:00:00,3019879.630894529,0,100839.48919627575
2025-10-18 12:00:00,3019879.630894529,0,101468.45677530045
2025-10-18 14:00:00,3019879.630894529,0,101302.0642228316
2025-10-18 16:00:00,3019879.630894529,0,101474.75014677305
2025-10-18 18:00:00,3019879.630894529,0,101904.38312057055
2025-10-18 20:00:00,3019879.630894529,0,101889.54068206622
2025-10-18 22:00:00,3019879.630894529,0,101910.44983546068
2025-10-19 00:00:00,3019879.630894529,0,98607.97701708117
2025-10-19 02:00:00,3019879.630894529,0,98389.66148697081
2025-10-19 04:00:00,3019879.630894529,0,98034.0060551682
2025-10-19 06:00:00,3019879.630894529,1,94759.16670554898
2025-10-19 08:00:00,3002014.943840716,1,94169.09687859076
2025-10-19 10:00:00,3078101.981040239,1,96682.24836783014
2025-10-19 12:00:00,3120314.840628502,0,98266.05559517074
2025-10-19 14:00:00,3120314.840628502,0,100334.85042101434
2025-10-19 16:00:00,3120314.840628502,0,98064.95578510546
2025-10-19 18:00:00,3120314.840628502,0,98864.139430662
2025-10-19 20:00:00,3120314.840628502,0,100148.10840066828
2025-10-19 22:00:00,3120314.840628502,0,99246.85811805709
2025-10-20 00:00:00,3120314.840628502,0,96328.66307799044
2025-10-20 02:00:00,3120314.840628502,0,92241.1927172436
2025-10-20 04:00:00,3120314.840628502,1,88601.1648773233
2025-10-20 06:00:00,2953217.8209086005,0,83512.48043981228
2025-10-20 08:00:00,2953217.8209086005,1,82494.38783053988
2025-10-20 10:00:00,3193895.8254842944,1,89571.2660219641
2025-10-20 12:00:00,3187708.5795617476,0,89554.32547753029
2025-10-20 14:00:00,3187708.5795617476,0,92690.94646577169
2025-10-20 16:00:00,3187708.5795617476,0,87966.46816693604
2025-10-20 18:00:00,3187708.5795617476,0,86914.86647607593
2025-10-20 20:00:00,3187708.5795617476,0,90653.27437155518
2025-10-20 22:00:00,3187708.5795617476,0,96680.23273025658
2025-10-21 00:00:00,3187708.5795617476,0,96782.52786750923
2025-10-21 02:00:00,3187708.5795617476,0,95933.04784452727
2025-10-21 04:00:00,3187708.5795617476,0,97363.86377613708
2025-10-21 06:00:00,3187708.5795617476,0,96421.12150478373
2025-10-21 08:00:00,3187708.5795617476,0,96888.1012956149
2025-10-21 10:00:00,3187708.5795617476,0,96048.27892780188
2025-10-21 12:00:00,3187708.5795617476,0,95638.3560672103
2025-10-21 14:00:00,3187708.5795617476,0,95874.51328799255
2025-10-21 16:00:00,3187708.5795617476,0,96213.56739366769
2025-10-21 18:00:00,3187708.5795617476,0,95278.31071844732
2025-10-21 20:00:00,3187708.5795617476,0,95464.11975986417
2025-10-21 22:00:00,3187708.5795617476,0,96346.14989304962
2025-10-22 00:00:00,3187708.5795617476,0,96493.25589198279
2025-10-22 02:00:00,3187708.5795617476,0,96514.33569365162
2025-10-22 04:00:00,3187708.5795617476,0,96480.28775456666
2025-10-22 06:00:00,3187708.5795617476,0,96541.16198146786
2025-10-22 08:00:00,3187708.5795617476,0,96721.44151156102
2025-10-22 10:00:00,3187708.5795617476,0,96807.50492392939
2025-10-22 12:00:00,3187708.5795617476,0,96849.41607712721
2025-10-22 14:00:00,3187708.5795617476,0,96919.12540899201
2025-10-22 16:00:00,3187708.5795617476,0,96885.21920359285
2025-10-22 18:00:00,3187708.5795617476,0,96841.61687305845
2025-10-22 20:00:00,3187708.5795617476,0,96922.66081143361
2025-10-22 22:00:00,3187708.5795617476,0,96929.28752507732
2025-10-23 00:00:00,3187708.5795617476,0,96153.46523787554
2025-10-23 02:00:00,3187708.5795617476,0,96844.93720456562
2025-10-23 04:00:00,3187708.5795617476,0,96744.39109446618
2025-10-23 06:00:00,3187708.5795617476,0,95793.82714080854
2025-10-23 08:00:00,3187708.5795617476,0,95413.64356717354
2025-10-23 10:00:00,3187708.5795617476,0,94608.34527759005
2025-10-23 12:00:00,3187708.5795617476,1,95034.15747827833
2025-10-23 14:00:00,3183912.1388281914,0,95105.08674215304
2025-10-23 16:00:00,3183912.1388281914,0,95373.41436094251
2025-10-23 18:00:00,3183912.1388281914,0,94881.55391808276
2025-10-23 20:00:00,3183912.1388281914,0,96348.16189380175
2025-10-23 22:00:00,3183912.1388281914,0,95636.83276547334
2025-10-24 00:00:00,3183912.1388281914,0,95528.81523024733
2025-10-24 02:00:00,3183912.1388281914,0,95335.24307418363
2025-10-24 04:00:00,3183912.1388281914,0,95715.12433777978
2025-10-24 06:00:00,3183912.1388281914,0,95679.64785611742
2025-10-24 08:00:00,3183912.1388281914,0,95645.00429407445
2025-10-24 10:00:00,3183912.1388281914,0,95697.27798890547
2025-10-24 12:00:00,3183912.1388281914,0,95738.83380655007
2025-10-24 14:00:00,3183912.1388281914,0,95683.57320568978
2025-10-24 16:00:00,3183912.1388281914,0,95687.55431405209
2025-10-24 18:00:00,3183912.1388281914,0,95399.27877062146
2025-10-24 20:00:00,3183912.1388281914,0,95419.80609568837
2025-10-24 22:00:00,3183912.1388281914,0,95146.89956085304
2025-10-25 00:00:00,3183912.1388281914,0,95265.44372246947
2025-10-25 02:00:00,3183912.1388281914,0,95256.22551243566
2025-10-25 04:00:00,3183912.1388281914,0,95283.0490035355
2025-10-25 06:00:00,3183912.1388281914,0,95320.87750823858
2025-10-25 08:00:00,3183912.1388281914,0,95377.14578766741
2025-10-25 10:00:00,3183912.1388281914,0,95324.74643255939
2025-10-25 12:00:00,3183912.1388281914,0,95381.00172308348
2025-10-25 14:00:00,3183912.1388281914,0,95410.41107517935
2025-10-25 16:00:00,3183912.1388281914,0,95403.07866111904
2025-10-25 18:00:00,3183912.1388281914,0,95364.6346246482
2025-10-25 20:00:00,3183912.1388281914,0,95391.60960077323
2025-10-25 22:00:00,3183912.1388281914,0,95431.43751821168
2025-10-26 00:00:00,3183912.1388281914,0,89622.66490660775
2025-10-26 02:00:00,3183912.1388281914,1,88134.66966278506
2025-10-26 04:00:00,3310643.113674601,1,91827.37689216755
2025-10-26 06:00:00,3232020.422272374,0,89712.72578930149
2025-10-26 08:00:00,3232020.422272374,1,89514.25753182934
2025-10-26 10:00:00,3233786.1780560566,1,89565.73594481072
2025-10-26 12:00:00,3185607.7942656763,0,88340.18362233412
2025-10-26 14:00:00,3185607.7942656763,1,90446.33781519979
2025-10-26 16:00:00,3235271.3816262935,0,92111.50135748397
2025-10-26 18:00:00,3235271.3816262935,0,92305.78520431998
2025-10-26 20:00:00,3235271.3816262935,0,95544.30271144686
2025-10-26 22:00:00,3235271.3816262935,0,100876.96355821248
2025-10-27 00:00:00,3235271.3816262935,-1,101224.70544016674
2025-10-27 02:00:00,3258302.206217092,-1,100466.19478152055
2025-10-27 04:00:00,3240610.200115711,0,100846.42425596734
2025-10-27 06:00:00,3240610.200115711,0,101510.10362052299
2025-10-27 08:00:00,3240610.200115711,0,101284.92741666433
2025-10-27 10:00:00,3240610.200115711,0,101247.81740406886
2025-10-27 12:00:00,3240610.200115711,0,101259.44896888557
2025-10-27 14:00:00,3240610.200115711,0,102214.0477639928
2025-10-27 16:00:00,3240610.200115711,0,101720.0529991623
2025-10-27 18:00:00,3240610.200115711,0,101962.46093887993
2025-10-27 20:00:00,3240610.200115711,0,102074.62444494436
2025-10-27 22:00:00,3240610.200115711,0,102819.92010843441
2025-10-28 00:00:00,3240610.200115711,0,99251.39128307944
2025-10-28 02:00:00,3240610.200115711,0,100577.83959955788
2025-10-28 04:00:00,3240610.200115711,0,96792.81464313692
2025-10-28 06:00:00,3240610.200115711,0,100756.42490083203
2025-10-28 08:00:00,3240610.200115711,0,104227.01358908921
2025-10-28 10:00:00,3240610.200115711,0,110811.5776421532
2025-10-28 12:00:00,3240610.200115711,-1,109110.10027504474
2025-10-28 14:00:00,3267497.856391663,0,107938.93580546865
2025-10-28 16:00:00,3267497.856391663,0,107795.59881839069
2025-10-28 18:00:00,3267497.856391663,0,106587.82884285288
2025-10-28 20:00:00,3267497.856391663,0,104636.34142201954
2025-10-28 22:00:00,3267497.856391663,0,100997.25308261924
2025-10-29 00:00:00,3267497.856391663,0,101890.61563188238
2025-10-29 02:00:00,3267497.856391663,0,102264.91946357363
2025-10-29 04:00:00,3267497.856391663,0,101997.17427156013
2025-10-29 06:00:00,3267497.856391663,0,102455.97052302273
2025-10-29 08:00:00,3267497.856391663,0,102701.27043086199
2025-10-29 10:00:00,3267497.856391663,0,103090.44834762401
2025-10-29 12:00:00,3267497.856391663,0,103512.31762666865
2025-10-29 14:00:00,3267497.856391663,0,103168.98009929991
2025-10-29 16:00:00,3267497.856391663,0,102881.0608500248
2025-10-29 18:00:00,3267497.856391663,0,102501.62625214255
2025-10-29 20:00:00,3267497.856391663,0,102821.12788457471
2025-10-29 22:00:00,3267497.856391663,0,102981.89225169823
2025-10-30 00:00:00,3267497.856391663,0,105991.85276530414
2025-10-30 02:00:00,3267497.856391663,0,104017.8208149531
2025-10-30 04:00:00,3267497.856391663,0,102025.6528428196
2025-10-30 06:00:00,3267497.856391663,0,101897.4896183838
2025-10-30 08:00:00,3267497.856391663,0,101948.46292425069
2025-10-30 10:00:00,3267497.856391663,0,102186.02481599819
2025-10-30 12:00:00,3267497.856391663,0,105915.63276551526
2025-10-30 14:00:00,3267497.856391663,0,102363.48186497153
2025-10-30 16:00:00,3267497.856391663,0,105135.54665706182
2025-10-30 18:00:00,3267497.856391663,0,106671.75978834003
2025-10-30 20:00:00,3267497.856391663,0,101978.39759519768
2025-10-30 22:00:00,3267497.856391663,0,101395.85007545358
2025-10-31 00:00:00,3267497.856391663,0,99741.27278027509
2025-10-31 02:00:00,3267497.856391663,0,102395.02162585309
2025-10-31 04:00:00,3267497.856391663,0,103954.58775073664
2025-10-31 06:00:00,3267497.856391663,0,105728.27242789962
2025-10-31 08:00:00,3267497.856391663,0,101312.30977792741
2025-10-31 10:00:00,3267497.856391663,0,106960.39246322754
2025-10-31 12:00:00,3267497.856391663,-1,103117.19122466983
2025-10-31 14:00:00,3200521.0543553834,0,105135.88793684579
2025-10-31 16:00:00,3200521.0543553834,0,104831.50820011018
2025-10-31 18:00:00,3200521.0543553834,0,100790.33200180299
2025-10-31 20:00:00,3200521.0543553834,0,105445.91170068814
2025-10-31 22:00:00,3200521.0543553834,0,102918.9036910267
2025-11-01 00:00:00,3200521.0543553834,0,103212.36531853277
2025-11-01 02:00:00,3200521.0543553834,0,103213.02256457412
2025-11-01 04:00:00,3200521.0543553834,0,103211.56724564095
2025-11-01 06:00:00,3200521.0543553834,0,103211.30769744092
2025-11-01 08:00:00,3200521.0543553834,0,103213.01861795271
2025-11-01 10:00:00,3200521.0543553834,0,103214.25785512206
2025-11-01 12:00:00,3200521.0543553834,0,103214.75147685235
2025-11-01 14:00:00,3200521.0543553834,0,103216.0738141833
2025-11-01 16:00:00,3200521.0543553834,0,103217.64723570223
2025-11-01 18:00:00,3200521.0543553834,0,103214.8334951753
2025-11-01 20:00:00,3200521.0543553834,0,103214.99298949359
2025-11-01 22:00:00,3200521.0543553834,0,103215.77424378863
2025-11-02 00:00:00,3200521.0543553834,0,107626.05418933975
2025-11-02 02:00:00,3200521.0543553834,-1,111461.23025263511
2025-11-02 04:00:00,3149440.2245998713,0,117683.8462555406
2025-11-02 06:00:00,3149440.2245998713,-1,109725.70465086083
2025-11-02 08:00:00,3142474.713213816,0,109761.70236086231
2025-11-02 10:00:00,3142474.713213816,0,108251.82211789128
2025-11-02 12:00:00,3142474.713213816,0,115427.69471466898
2025-11-02 14:00:00,3142474.713213816,-1,122946.77172296295
2025-11-02 16:00:00,3165318.975235758,-1,122005.96835039156
2025-11-02 18:00:00,3488187.381383029,-1,108709.16387895182
2025-11-02 20:00:00,3690548.7692633257,0,100129.34928289556
2025-11-02 22:00:00,3690548.7692633257,0,103534.96624439169
2025-11-03 00:00:00,3690548.7692633257,0,105109.34577060783
2025-11-03 02:00:00,3690548.7692633257,0,105158.45490212797
2025-11-03 04:00:00,3690548.7692633257,0,105116.09555198748
2025-11-03 06:00:00,3690548.7692633257,0,105046.68697779783
2025-11-03 08:00:00,3690548.7692633257,0,105064.61044792633
2025-11-03 10:00:00,3690548.7692633257,0,105115.92696589048
2025-11-03 12:00:00,3690548.7692633257,0,105049.6925168626
2025-11-03 14:00:00,3690548.7692633257,0,104974.1977186304
2025-11-03 16:00:00,3690548.7692633257,0,104965.6477879985
2025-11-03 18:00:00,3690548.7692633257,0,104981.16606596942
2025-11-03 20:00:00,3690548.7692633257,0,104928.97653235198
2025-11-03 22:00:00,3690548.7692633257,0,104909.91308133314
2025-11-04 00:00:00,3690548.7692633257,0,105916.57067619408
2025-11-04 02:00:00,3690548.7692633257,0,105797.84016844751
2025-11-04 04:00:00,3690548.7692633257,0,105812.49353096013
2025-11-04 06:00:00,3690548.7692633257,0,107123.0383851442
2025-11-04 08:00:00,3690548.7692633257,0,105415.31407721066
2025-11-04 10:00:00,3690548.7692633257,0,105519.88302316901
2025-11-04 12:00:00,3690548.7692633257,0,105207.60180216192
2025-11-04 14:00:00,3690548.7692633257,0,106967.92342463588
2025-11-04 16:00:00,3690548.7692633257,0,107307.503152791
2025-11-04 18:00:00,3690548.7692633257,0,105943.10208556437
2025-11-04 20:00:00,3690548.7692633257,0,107110.0110607048
2025-11-04 22:00:00,3690548.7692633257,0,105476.44013300039
2025-11-05 00:00:00,3690548.7692633257,0,105395.85599438607
2025-11-05 02:00:00,3690548.7692633257,0,105342.4391633491
2025-11-05 04:00:00,3690548.7692633257,0,105192.75265303599
2025-11-05 06:00:00,3690548.7692633257,0,105023.087296865
2025-11-05 08:00:00,3690548.7692633257,0,104972.86704529665
2025-11-05 10:00:00,3690548.7692633257,0,104890.59388589827
2025-11-05 12:00:00,3690548.7692633257,0,104873.08918912665
2025-11-05 14:00:00,3690548.7692633257,0,105008.9450092859
2025-11-05 16:00:00,3690548.7692633257,0,105064.8584652335
2025-11-05 18:00:00,3690548.7692633257,0,105063.0906109523
2025-11-05 20:00:00,3690548.7692633257,0,105097.18611857243
2025-11-05 22:00:00,3690548.7692633257,0,105072.92495744034
2025-11-06 00:00:00,3690548.7692633257,0,105121.88190073869
2025-11-06 02:00:00,3690548.7692633257,0,105006.23525615837
2025-11-06 04:00:00,3690548.7692633257,0,105004.67317111687
2025-11-06 06:00:00,3690548.7692633257,0,104978.62139938449
2025-11-06 08:00:00,3690548.7692633257,0,104857.70447613928
2025-11-06 10:00:00,3690548.7692633257,0,104775.10298404765
2025-11-06 12:00:00,3690548.7692633257,0,104679.75528432133
2025-11-06 14:00:00,3690548.7692633257,0,104627.51831387836
2025-11-06 16:00:00,3690548.7692633257,0,104477.91446741176
2025-11-06 18:00:00,3690548.7692633257,0,104434.9099510454
2025-11-06 20:00:00,3690548.7692633257,0,104272.22820723
2025-11-06 22:00:00,3690548.7692633257,0,104179.40938558306
2025-11-07 00:00:00,3690548.7692633257,0,104702.21247232452
2025-11-07 02:00:00,3690548.7692633257,0,104651.92198558427
2025-11-07 04:00:00,3690548.7692633257,0,104851.11414490412
2025-11-07 06:00:00,3690548.7692633257,0,104935.72094234782
2025-11-07 08:00:00,3690548.7692633257,0,105225.69447771486
2025-11-07 10:00:00,3690548.7692633257,0,105201.67711984177
2025-11-07 12:00:00,3690548.7692633257,0,104931.40001827656
2025-11-07 14:00:00,3690548.7692633257,0,105056.37837823306
2025-11-07 16:00:00,3690548.7692633257,0,104628.57290363204
2025-11-07 18:00:00,3690548.7692633257,0,104628.31882391883
2025-11-07 20:00:00,3690548.7692633257,0,104797.16700363581
2025-11-07 22:00:00,3690548.7692633257,0,104666.42315975278
2025-11-08 00:00:00,3690548.7692633257,0,106067.25668416379
2025-11-08 02:00:00,3690548.7692633257,-1,106156.69531769743
2025-11-08 04:00:00,3725975.315416716,-1,105084.0363942831
2025-11-08 06:00:00,3768393.751632206,0,103587.3608779463
2025-11-08 08:00:00,3768393.751632206,1,104103.28411482985
2025-11-08 10:00:00,3768578.98618873,0,104316.87718176612
2025-11-08 12:00:00,3768578.98618873,0,104342.58852281707
2025-11-08 14:00:00,3768578.98618873,0,103860.70625311237
2025-11-08 16:00:00,3768578.98618873,0,104780.3458342766
2025-11-08 18:00:00,3768578.98618873,0,105973.89132845777
2025-11-08 20:00:00,3768578.98618873,-1,105587.18922521769
2025-11-08 22:00:00,3798775.030453733,0,104485.46126470536
2025-11-09 00:00:00,3798775.030453733,0,111004.11636545892
2025-11-09 02:00:00,3798775.030453733,-1,105155.59698612343
2025-11-09 04:00:00,3655458.451758609,0,119562.2978078079
2025-11-09 06:00:00,3655458.451758609,-1,124093.12911958735
2025-11-09 08:00:00,4234234.93892468,-1,103411.09939073006
2025-11-09 10:00:00,4270584.733605215,0,101863.98763898692
2025-11-09 12:00:00,4270584.733605215,0,119339.64424473427
2025-11-09 14:00:00,4270584.733605215,0,114480.8313156414
2025-11-09 16:00:00,4270584.733605215,0,115130.59976211104
2025-11-09 18:00:00,4270584.733605215,0,106034.45039937021
2025-11-09 20:00:00,4270584.733605215,0,96653.52568656494
2025-11-09 22:00:00,4270584.733605215,0,101019.54400866515
2025-11-10 00:00:00,4270584.733605215,0,106525.019164479
2025-11-10 02:00:00,4270584.733605215,0,106557.71896822071
2025-11-10 04:00:00,4270584.733605215,0,106441.87350667545
2025-11-10 06:00:00,4270584.733605215,0,106580.46744745405
2025-11-10 08:00:00,4270584.733605215,0,106610.0626088553
2025-11-10 10:00:00,4270584.733605215,0,106503.97127824594
2025-11-10 12:00:00,4270584.733605215,0,106545.93747928522
2025-11-10 14:00:00,4270584.733605215,0,106552.86222003977
2025-11-10 16:00:00,4270584.733605215,0,106525.65298160315
2025-11-10 18:00:00,4270584.733605215,0,106450.80731149351
2025-11-10 20:00:00,4270584.733605215,0,106307.40504685116
2025-11-10 22:00:00,4270584.733605215,0,106205.08951638396
2025-11-11 00:00:00,4270584.733605215,0,106446.40070476859
2025-11-11 02:00:00,4270584.733605215,0,106315.31015807654
2025-11-11 04:00:00,4270584.733605215,0,106362.62611796992
2025-11-11 06:00:00,4270584.733605215,0,106423.22847818777
2025-11-11 08:00:00,4270584.733605215,0,106389.89931591444
2025-11-11 10:00:00,4270584.733605215,0,106439.55079728438
2025-11-11 12:00:00,4270584.733605215,0,106426.2568884394
2025-11-11 14:00:00,4270584.733605215,0,106428.44372922853
2025-11-11 16:00:00,4270584.733605215,0,106388.38827421419
2025-11-11 18:00:00,4270584.733605215,0,106437.00952156475
2025-11-11 20:00:00,4270584.733605215,0,106376.57683650695
2025-11-11 22:00:00,4270584.733605215,0,106371.00257267056
2025-11-12 00:00:00,4270584.733605215,0,106763.34532929327
2025-11-12 02:00:00,4270584.733605215,0,106545.37503036132
2025-11-12 04:00:00,4270584.733605215,0,106595.4559008407
2025-11-12 06:00:00,4270584.733605215,0,106656.47997217759
2025-11-12 08:00:00,4270584.733605215,0,106722.92076154126
2025-11-12 10:00:00,4270584.733605215,0,106565.63479064371
2025-11-12 12:00:00,4270584.733605215,0,106682.1008551949
2025-11-12 14:00:00,4270584.733605215,0,106658.7696188258
2025-11-12 16:00:00,4270584.733605215,0,106754.75304056097
2025-11-12 18:00:00,4270584.733605215,0,106835.51776127184
2025-11-12 20:00:00,4270584.733605215,-1,107004.32969974958
2025-11-12 22:00:00,4263215.109468722,-1,107198.70261169577
2025-11-13 00:00:00,4259342.721664839,-1,107300.83635416144
2025-11-13 02:00:00,4258926.695807012,-1,107311.80898396361
2025-11-13 04:00:00,4243664.576181341,0,107337.28378343914
2025-11-13 06:00:00,4243664.576181341,-1,107316.98140296865
2025-11-13 08:00:00,4235482.386313305,0,107320.15519920789
2025-11-13 10:00:00,4235482.386313305,0,107349.34418248528
2025-11-13 12:00:00,4235482.386313305,0,107355.2293979789
2025-11-13 14:00:00,4235482.386313305,0,107339.6497134232
2025-11-13 16:00:00,4235482.386313305,0,107349.42572636815
2025-11-13 18:00:00,4235482.386313305,0,107331.4555439857
2025-11-13 20:00:00,4235482.386313305,0,107337.97166117461
2025-11-13 22:00:00,4235482.386313305,0,107360.93224223629
2025-11-14 00:00:00,4235482.386313305,0,107646.42897122381
2025-11-14 02:00:00,4235482.386313305,0,107585.4826230288
2025-11-14 04:00:00,4235482.386313305,0,107584.42142585336
2025-11-14 06:00:00,4235482.386313305,0,107571.00785839405
2025-11-14 08:00:00,4235482.386313305,0,107515.24460611604
2025-11-14 10:00:00,4235482.386313305,0,107607.886736405
2025-11-14 12:00:00,4235482.386313305,0,107573.65941083581
2025-11-14 14:00:00,4235482.386313305,0,107559.87011291501
2025-11-14 16:00:00,4235482.386313305,0,107522.06656958528
2025-11-14 18:00:00,4235482.386313305,0,107533.44390636995
2025-11-14 20:00:00,4235482.386313305,0,107532.32295899701
2025-11-14 22:00:00,4235482.386313305,0,107570.04565252276
2025-11-15 00:00:00,4235482.386313305,0,108011.95640998769
2025-11-15 02:00:00,4235482.386313305,-1,107679.83396934041
2025-11-15 04:00:00,4241302.64142914,0,107308.71646237728
2025-11-15 06:00:00,4241302.64142914,0,107170.15756670936
2025-11-15 08:00:00,4241302.64142914,0,107235.45457052163
2025-11-15 10:00:00,4241302.64142914,0,107316.12838298506
2025-11-15 12:00:00,4241302.64142914,0,107456.87738826536
2025-11-15 14:00:00,4241302.64142914,0,107257.70087409187
2025-11-15 16:00:00,4241302.64142914,0,107236.5063334373
2025-11-15 18:00:00,4241302.64142914,0,107245.50062050813
2025-11-15 20:00:00,4241302.64142914,0,107345.04255502415
2025-11-15 22:00:00,4241302.64142914,0,107241.67982992009
2025-11-16 00:00:00,4241302.64142914,0,106778.84999183171
2025-11-16 02:00:00,4241302.64142914,1,106956.3142576443
2025-11-16 04:00:00,4234531.640962204,0,106990.49033498872
2025-11-16 06:00:00,4234531.640962204,0,107246.48058242012
2025-11-16 08:00:00,4234531.640962204,0,107564.67382589431
2025-11-16 10:00:00,4234531.640962204,0,107760.96733900206
2025-11-16 12:00:00,4234531.640962204,0,107911.194759871
2025-11-16 14:00:00,4234531.640962204,0,107520.2833815552
2025-11-16 16:00:00,4234531.640962204,0,107294.00717218917
2025-11-16 18:00:00,4234531.640962204,0,107170.18318719465
2025-11-16 20:00:00,4234531.640962204,0,107122.93840635059
2025-11-16 22:00:00,4234531.640962204,0,107156.07063153207
2025-11-17 00:00:00,4234531.640962204,0,108124.37725990165
2025-11-17 02:00:00,4234531.640962204,-1,108163.02403469858
2025-11-17 04:00:00,4252347.360255513,-1,107684.00453315758
2025-11-17 06:00:00,4241543.385915495,0,107758.1699503955
2025-11-17 08:00:00,4241543.385915495,0,107641.95116275921
2025-11-17 10:00:00,4241543.385915495,0,107751.98426217253
2025-11-17 12:00:00,4241543.385915495,0,108201.0712876739
2025-11-17 14:00:00,4241543.385915495,-1,107668.75076371711
2025-11-17 16:00:00,4228450.896650312,0,107803.24916793707
2025-11-17 18:00:00,4228450.896650312,0,107440.68600143562
2025-11-17 20:00:00,4228450.896650312,0,106650.40557608128
2025-11-17 22:00:00,4228450.896650312,1,107108.04167247901
2025-11-18 00:00:00,4219143.398920821,0,107074.08727571629
2025-11-18 02:00:00,4219143.398920821,0,107136.11039534357
2025-11-18 04:00:00,4219143.398920821,0,106968.34127823007
2025-11-18 06:00:00,4219143.398920821,0,107050.20265036022
2025-11-18 08:00:00,4219143.398920821,0,107090.15642360848
2025-11-18 10:00:00,4219143.398920821,0,106993.90318804825
2025-11-18 12:00:00,4219143.398920821,0,106876.96716764185
2025-11-18 14:00:00,4219143.398920821,0,106857.31444393283
2025-11-18 16:00:00,4219143.398920821,0,106869.21344443422
2025-11-18 18:00:00,4219143.398920821,0,106825.21834713046
2025-11-18 20:00:00,4219143.398920821,0,106777.38880982796
2025-11-18 22:00:00,4219143.398920821,0,106712.71327290773
2025-11-19 00:00:00,4219143.398920821,0,106644.4315254622
2025-11-19 02:00:00,4219143.398920821,0,106662.76561056626
2025-11-19 04:00:00,4219143.398920821,0,106644.29296004091
2025-11-19 06:00:00,4219143.398920821,0,106671.76166467607
2025-11-19 08:00:00,4219143.398920821,0,106763.0154098147
2025-11-19 10:00:00,4219143.398920821,0,106778.74541947701
2025-11-19 12:00:00,4219143.398920821,0,106817.29308974414
2025-11-19 14:00:00,4219143.398920821,0,106745.91317446993
2025-11-19 16:00:00,4219143.398920821,0,106756.47765996717
2025-11-19 18:00:00,4219143.398920821,0,106737.63225484142
2025-11-19 20:00:00,4219143.398920821,0,106747.69464663247
2025-11-19 22:00:00,4219143.398920821,0,106685.47107332041
2025-11-20 00:00:00,4219143.398920821,0,106731.50521652267
2025-11-20 02:00:00,4219143.398920821,0,106781.0619758413
2025-11-20 04:00:00,4219143.398920821,0,106939.70976249521
2025-11-20 06:00:00,4219143.398920821,0,106846.91043293092
2025-11-20 08:00:00,4219143.398920821,0,106648.08341395852
2025-11-20 10:00:00,4219143.398920821,0,106347.18148089302
2025-11-20 12:00:00,4219143.398920821,0,106324.87476383398
2025-11-20 14:00:00,4219143.398920821,0,106081.47567293202
2025-11-20 16:00:00,4219143.398920821,1,106249.3785921743
2025-11-20 18:00:00,4190474.3715444407,0,105663.05724018035
2025-11-20 20:00:00,4190474.3715444407,1,106009.59283048901
2025-11-20 22:00:00,4175269.0647790795,0,105816.70662556014
2025-11-21 00:00:00,4175269.0647790795,1,105795.24859652817
2025-11-21 02:00:00,4165288.5732898777,0,105740.63788751503
2025-11-21 04:00:00,4165288.5732898777,1,105751.22007457144
2025-11-21 06:00:00,4152295.5046972604,0,105615.48357809489
2025-11-21 08:00:00,4152295.5046972604,0,105631.00425768371
2025-11-21 10:00:00,4152295.5046972604,0,105824.77421958683
2025-11-21 12:00:00,4152295.5046972604,0,105809.60390799103
2025-11-21 14:00:00,4152295.5046972604,0,105752.83460223068
2025-11-21 16:00:00,4152295.5046972604,0,105981.54270243275
2025-11-21 18:00:00,4152295.5046972604,0,105868.2411329716
2025-11-21 20:00:00,4152295.5046972604,0,105943.88158943261
2025-11-21 22:00:00,4152295.5046972604,0,105738.75565913599
2025-11-22 00:00:00,4152295.5046972604,0,105212.30304112396
2025-11-22 02:00:00,4152295.5046972604,0,104841.042132829
2025-11-22 04:00:00,4152295.5046972604,1,104553.66827314853
2025-11-22 06:00:00,4172886.3815589203,1,105099.42897128763
2025-11-22 08:00:00,4173399.525807221,0,105322.13718384714
2025-11-22 10:00:00,4173399.525807221,0,105324.20155690944
2025-11-22 12:00:00,4173399.525807221,0,105561.42760363959
2025-11-22 14:00:00,4173399.525807221,0,105696.55236236
2025-11-22 16:00:00,4173399.525807221,0,105602.1244256477
2025-11-22 18:00:00,4173399.525807221,0,105882.33062447504
2025-11-22 20:00:00,4173399.525807221,0,105876.40638061012
2025-11-22 22:00:00,4173399.525807221,0,105751.52759977465
2025-11-23 00:00:00,4173399.525807221,0,105689.70501502376
2025-11-23 02:00:00,4173399.525807221,0,105078.79886219965
2025-11-23 04:00:00,4173399.525807221,0,104675.98154691856
2025-11-23 06:00:00,4173399.525807221,1,104418.11914427587
2025-11-23 08:00:00,4155321.366394147,1,103941.99905085521
2025-11-23 10:00:00,4157623.6838979158,1,104002.63462773732
2025-11-23 12:00:00,4162663.462174955,1,104135.36604409755
2025-11-23 14:00:00,4167971.621026224,0,104484.0019727423
2025-11-23 16:00:00,4167971.621026224,0,104497.62196867874
2025-11-23 18:00:00,4167971.621026224,0,105017.17839580617
2025-11-23 20:00:00,4167971.621026224,0,104693.84135844285
2025-11-23 22:00:00,4167971.621026224,0,105404.25729478298
2025-11-24 00:00:00,4167971.621026224,0,105150.89991487404
2025-11-24 02:00:00,4167971.621026224,0,105058.77555058764
2025-11-24 04:00:00,4167971.621026224,0,105065.33971424698
2025-11-24 06:00:00,4167971.621026224,0,105078.90557561175
2025-11-24 08:00:00,4167971.621026224,0,104986.40507139551
2025-11-24 10:00:00,4167971.621026224,0,104955.89824479113
2025-11-24 12:00:00,4167971.621026224,0,104836.46499657446
2025-11-24 14:00:00,4167971.621026224,0,104854.13328135601
2025-11-24 16:00:00,4167971.621026224,0,104902.64717712942
2025-11-24 18:00:00,4167971.621026224,0,105011.06104139613
2025-11-24 20:00:00,4167971.621026224,0,104964.3325979289
2025-11-24 22:00:00,4167971.621026224,0,104928.08353831175
2025-11-25 00:00:00,4167971.621026224,0,111231.2574409206
2025-11-25 02:00:00,4167971.621026224,-1,109361.18199541849
2025-11-25 04:00:00,4093462.0797907882,0,113035.04258717556
2025-11-25 06:00:00,4093462.0797907882,-1,109353.15175578489
2025-11-25 08:00:00,4025994.5154707963,0,111031.64040051735
2025-11-25 10:00:00,4025994.5154707963,-1,114657.21154524479
2025-11-25 12:00:00,4108136.337120327,-1,112194.75303824128
2025-11-25 14:00:00,4082534.695577747,0,112732.92804676775
2025-11-25 16:00:00,4082534.695577747,0,110427.55886149756
2025-11-25 18:00:00,4082534.695577747,0,105382.1177133768
2025-11-25 20:00:00,4082534.695577747,0,102142.88445150813
2025-11-25 22:00:00,4082534.695577747,0,103654.19254809179
2025-11-26 00:00:00,4082534.695577747,0,103852.03980544666
2025-11-26 02:00:00,4082534.695577747,0,104128.78297899323
2025-11-26 04:00:00,4082534.695577747,0,104311.71820737622
2025-11-26 06:00:00,4082534.695577747,0,103797.73778217714
2025-11-26 08:00:00,4082534.695577747,0,103567.29669111918
2025-11-26 10:00:00,4082534.695577747,0,103901.95218732471
2025-11-26 12:00:00,4082534.695577747,0,103929.25034407845
2025-11-26 14:00:00,4082534.695577747,0,103414.20059754091
2025-11-26 16:00:00,4082534.695577747,0,103302.1042614562
2025-11-26 18:00:00,4082534.695577747,0,103491.95465488335
2025-11-26 20:00:00,4082534.695577747,0,103603.34327661357
2025-11-26 22:00:00,4082534.695577747,0,103612.04511897737
2025-11-27 00:00:00,4082534.695577747,0,103826.61132313179
2025-11-27 02:00:00,4082534.695577747,0,104019.37100692716
2025-11-27 04:00:00,4082534.695577747,0,103755.1341542277
2025-11-27 06:00:00,4082534.695577747,0,103747.50862014855
2025-11-27 08:00:00,4082534.695577747,0,103752.16306243144
2025-11-27 10:00:00,4082534.695577747,0,103604.34812605123
2025-11-27 12:00:00,4082534.695577747,0,103523.62357058102
2025-11-27 14:00:00,4082534.695577747,0,103559.87749587336
2025-11-27 16:00:00,4082534.695577747,0,103239.25209359618
2025-11-27 18:00:00,4082534.695577747,0,103218.78304410448
2025-11-27 20:00:00,4082534.695577747,0,103120.63265989676
2025-11-27 22:00:00,4082534.695577747,0,103004.86318724482
2025-11-28 00:00:00,4082534.695577747,0,103226.3857252569
2025-11-28 02:00:00,4082534.695577747,0,103066.90091562229
2025-11-28 04:00:00,4082534.695577747,0,103099.49927747867
2025-11-28 06:00:00,4082534.695577747,0,103265.61822278876
2025-11-28 08:00:00,4082534.695577747,0,102767.40555234604
2025-11-28 10:00:00,4082534.695577747,1,102720.50160397011
2025-11-28 12:00:00,4083672.8161639064,1,102750.6449820463
2025-11-28 14:00:00,4074011.2040421986,0,102700.19602899488
2025-11-28 16:00:00,4074011.2040421986,0,102486.0613771363
2025-11-28 18:00:00,4074011.2040421986,1,102241.53419118207
2025-11-28 20:00:00,4084259.8216982814,1,102512.27070019188
2025-11-28 22:00:00,4088019.4392691934,0,102816.07113707383
2025-11-29 00:00:00,4088019.4392691934,0,103160.40970941562
2025-11-29 02:00:00,4088019.4392691934,0,103141.80903867511
2025-11-29 04:00:00,4088019.4392691934,0,102802.44244403362
2025-11-29 06:00:00,4088019.4392691934,0,103087.29826647392
2025-11-29 08:00:00,4088019.4392691934,0,103053.48129197251
2025-11-29 10:00:00,4088019.4392691934,0,102758.46922427301
2025-11-29 12:00:00,4088019.4392691934,0,102668.50140607725
2025-11-29 14:00:00,4088019.4392691934,0,102610.58907516413
2025-11-29 16:00:00,4088019.4392691934,0,102685.90573673345
2025-11-29 18:00:00,4088019.4392691934,0,102715.79578875248
2025-11-29 20:00:00,4088019.4392691934,0,102628.94408774852
2025-11-29 22:00:00,4088019.4392691934,0,102615.63606545496
2025-11-30 00:00:00,4088019.4392691934,0,102447.90217963948
2025-11-30 02:00:00,4088019.4392691934,0,102295.25981664796
2025-11-30 04:00:00,4088019.4392691934,0,102249.02800120275
2025-11-30 06:00:00,4088019.4392691934,0,102418.8450903678
2025-11-30 08:00:00,4088019.4392691934,0,102542.8359543559
2025-11-30 10:00:00,4088019.4392691934,0,102393.72778838397
2025-11-30 12:00:00,4088019.4392691934,0,102464.2629168948
2025-11-30 14:00:00,4088019.4392691934,0,102758.29156436195
2025-11-30 16:00:00,4088019.4392691934,0,102684.54456239111
2025-11-30 18:00:00,4088019.4392691934,0,102734.6541296688
2025-11-30 20:00:00,4088019.4392691934,0,102678.50081879509
2025-11-30 22:00:00,4088019.4392691934,0,102652.80068032323
2025-12-01 00:00:00,4088019.4392691934,0,102488.5626572297
2025-12-01 02:00:00,4088019.4392691934,0,102626.08588528217
2025-12-01 04:00:00,4088019.4392691934,0,102496.26615043217
2025-12-01 06:00:00,4088019.4392691934,0,102620.33050430236
2025-12-01 08:00:00,4088019.4392691934,0,102783.5793778381
2025-12-01 10:00:00,4088019.4392691934,0,103156.93867128648
2025-12-01 12:00:00,4088019.4392691934,0,103050.89615498541
2025-12-01 14:00:00,4088019.4392691934,0,103188.49014233737
2025-12-01 16:00:00,4088019.4392691934,-1,103440.29469528313
2025-12-01 18:00:00,4087744.2766942973,-1,103447.62365874233
2025-12-01 20:00:00,4092147.2913480494,-1,103330.3492309977
2025-12-01 22:00:00,4089121.5493823197,0,103204.05936987816
2025-12-02 00:00:00,4089121.5493823197,0,102882.2222671399
2025-12-02 02:00:00,4089121.5493823197,0,102935.39587906182
2025-12-02 04:00:00,4089121.5493823197,0,102893.70084060269
2025-12-02 06:00:00,4089121.5493823197,0,102828.29891022973
2025-12-02 08:00:00,4089121.5493823197,0,102922.75700540433
2025-12-02 10:00:00,4089121.5493823197,0,102952.1339132336
2025-12-02 12:00:00,4089121.5493823197,0,102908.0655370841
2025-12-02 14:00:00,4089121.5493823197,0,103012.56018244779
2025-12-02 16:00:00,4089121.5493823197,0,103166.5426611878
2025-12-02 18:00:00,4089121.5493823197,0,103119.21443151853
2025-12-02 20:00:00,4089121.5493823197,0,103158.13042766557
2025-12-02 22:00:00,4089121.5493823197,0,103166.75497302417
2025-12-03 00:00:00,4089121.5493823197,0,103388.959305017
2025-12-03 02:00:00,4089121.5493823197,0,103292.91205357961
2025-12-03 04:00:00,4089121.5493823197,0,103374.53877014571
2025-12-03 06:00:00,4089121.5493823197,0,103356.34295535731
2025-12-03 08:00:00,4089121.5493823197,0,103363.36614986038
2025-12-03 10:00:00,4089121.5493823197,0,103327.8871883437
2025-12-03 12:00:00,4089121.5493823197,0,103426.0338788234
2025-12-03 14:00:00,4089121.5493823197,0,103542.52734732405
2025-12-03 16:00:00,4089121.5493823197,0,103578.27694320856
2025-12-03 18:00:00,4089121.5493823197,0,103665.02992646028
2025-12-03 20:00:00,4089121.5493823197,0,103689.975622593
2025-12-03 22:00:00,4089121.5493823197,0,103774.33360514324
2025-12-04 00:00:00,4089121.5493823197,-1,103904.50896712249
2025-12-04 02:00:00,4086973.3056524107,-1,103961.96879513387
2025-12-04 04:00:00,4086281.066118086,-1,103980.484368591
2025-12-04 06:00:00,4078556.8016453427,0,103979.27895989298
2025-12-04 08:00:00,4078556.8016453427,0,103990.80494249745
2025-12-04 10:00:00,4078556.8016453427,0,104001.66103784718
2025-12-04 12:00:00,4078556.8016453427,0,103960.25667080504
2025-12-04 14:00:00,4078556.8016453427,0,103963.38226253323
2025-12-04 16:00:00,4078556.8016453427,0,104000.80874760721
2025-12-04 18:00:00,4078556.8016453427,0,104032.4273404853
2025-12-04 20:00:00,4078556.8016453427,0,104058.77538530808
2025-12-04 22:00:00,4078556.8016453427,0,104073.0039857046
2025-12-05 00:00:00,4078556.8016453427,0,104611.04583975405
2025-12-05 02:00:00,4078556.8016453427,-1,105300.36057780217
2025-12-05 04:00:00,4075296.632372188,-1,105388.96183573252
2025-12-05 06:00:00,4073873.499784444,-1,105427.63815187171
2025-12-05 08:00:00,4094912.3759212545,-1,104855.86695382024
2025-12-05 10:00:00,4058825.9681971963,0,105625.98252395255
2025-12-05 12:00:00,4058825.9681971963,-1,103440.13704305702
2025-12-05 14:00:00,4031051.298145187,0,103978.35573394176
2025-12-05 16:00:00,4031051.298145187,0,103486.27883802602
2025-12-05 18:00:00,4031051.298145187,0,103468.67012781918
2025-12-05 20:00:00,4031051.298145187,0,104358.89135336051
2025-12-05 22:00:00,4031051.298145187,0,104564.74610519696
2025-12-06 00:00:00,4031051.298145187,0,104590.04089034884
2025-12-06 02:00:00,4031051.298145187,0,104575.06845444131
2025-12-06 04:00:00,4031051.298145187,0,104710.65142169708
2025-12-06 06:00:00,4031051.298145187,0,104884.78881432053
2025-12-06 08:00:00,4031051.298145187,0,104716.75778048798
2025-12-06 10:00:00,4031051.298145187,0,104948.53827454119
2025-12-06 12:00:00,4031051.298145187,0,105324.3532330855
2025-12-06 14:00:00,4031051.298145187,0,105340.39038079015
2025-12-06 16:00:00,4031051.298145187,0,105337.1585633063
2025-12-06 18:00:00,4031051.298145187,0,105661.7172523284
2025-12-06 20:00:00,4031051.298145187,0,106046.84185953952
2025-12-06 22:00:00,4031051.298145187,0,105711.99485278284
2025-12-07 00:00:00,4031051.298145187,0,105859.04693168907
2025-12-07 02:00:00,4031051.298145187,0,107232.89015126094
2025-12-07 04:00:00,4031051.298145187,-1,106853.34158492416
2025-12-07 06:00:00,4032906.5743056443,-1,106801.57437696373
2025-12-07 08:00:00,4019396.043758989,0,106964.84792960524
2025-12-07 10:00:00,4019396.043758989,0,107933.36549759375
2025-12-07 12:00:00,4019396.043758989,-1,107970.5580776947
2025-12-07 14:00:00,3989089.184880694,-1,108827.52067423424
2025-12-07 16:00:00,3974598.643285721,0,109192.06330969601
2025-12-07 18:00:00,3974598.643285721,-1,108006.63982043059
2025-12-07 20:00:00,3951855.135618619,0,108441.192020892
2025-12-07 22:00:00,3951855.135618619,0,106547.29572312042
2025-12-08 00:00:00,3951855.135618619,0,106370.98901894504
2025-12-08 02:00:00,3951855.135618619,0,106349.20767661718
2025-12-08 04:00:00,3951855.135618619,0,106366.1664936867
2025-12-08 06:00:00,3951855.135618619,0,106419.9066279184
2025-12-08 08:00:00,3951855.135618619,0,106424.58723903744
2025-12-08 10:00:00,3951855.135618619,0,106482.74019374518
2025-12-08 12:00:00,3951855.135618619,0,106434.57124989812
2025-12-08 14:00:00,3951855.135618619,0,106420.57153625939
2025-12-08 16:00:00,3951855.135618619,0,106334.53214804412
2025-12-08 18:00:00,3951855.135618619,0,106288.29579935917
2025-12-08 20:00:00,3951855.135618619,0,106288.48300815484
2025-12-08 22:00:00,3951855.135618619,0,106353.13223058831
2025-12-09 00:00:00,3951855.135618619,0,105975.96931263909
2025-12-09 02:00:00,3951855.135618619,0,106587.76880061165
2025-12-09 04:00:00,3951855.135618619,0,106507.6935513214
2025-12-09 06:00:00,3951855.135618619,0,107164.98668842485
2025-12-09 08:00:00,3951855.135618619,0,107418.84231615814
2025-12-09 10:00:00,3951855.135618619,0,107216.57028359223
2025-12-09 12:00:00,3951855.135618619,0,107604.5548232804
2025-12-09 14:00:00,3951855.135618619,0,107776.94053709526
2025-12-09 16:00:00,3951855.135618619,0,107790.0782819994
2025-12-09 18:00:00,3951855.135618619,0,108077.49099582311
2025-12-09 20:00:00,3951855.135618619,0,107363.82945237901
2025-12-09 22:00:00,3951855.135618619,0,107183.52720827963
2025-12-10 00:00:00,3951855.135618619,0,107067.15507907711
2025-12-10 02:00:00,3951855.135618619,0,107357.16625327515
2025-12-10 04:00:00,3951855.135618619,0,107394.57476272261
2025-12-10 06:00:00,3951855.135618619,0,106656.61042609792
2025-12-10 08:00:00,3951855.135618619,0,107267.53651622214
2025-12-10 10:00:00,3951855.135618619,0,107398.30801643663
2025-12-10 12:00:00,3951855.135618619,0,107458.40733937376
2025-12-10 14:00:00,3951855.135618619,0,107234.107913985
2025-12-10 16:00:00,3951855.135618619,0,106923.55996513317
2025-12-10 18:00:00,3951855.135618619,0,107272.7341210064
2025-12-10 20:00:00,3951855.135618619,0,107400.83887497263
2025-12-10 22:00:00,3951855.135618619,0,107132.97513210024
2025-12-11 00:00:00,3951855.135618619,0,106861.88339111576
2025-12-11 02:00:00,3951855.135618619,0,107011.50565802013
2025-12-11 04:00:00,3951855.135618619,0,107085.19701077323
2025-12-11 06:00:00,3951855.135618619,0,107033.8995806728
2025-12-11 08:00:00,3951855.135618619,0,107228.75524839848
2025-12-11 10:00:00,3951855.135618619,0,107035.95760602769
2025-12-11 12:00:00,3951855.135618619,0,107285.27957359042
2025-12-11 14:00:00,3951855.135618619,0,107683.91892426544
2025-12-11 16:00:00,3951855.135618619,0,107825.87702998382
2025-12-11 18:00:00,3951855.135618619,0,107874.81121710855
2025-12-11 20:00:00,3951855.135618619,0,107989.99730016859
2025-12-11 22:00:00,3951855.135618619,0,107972.64637166954
2025-12-12 00:00:00,3951855.135618619,0,107626.49970484372
2025-12-12 02:00:00,3951855.135618619,0,107353.8176588814
2025-12-12 04:00:00,3951855.135618619,0,106495.79934100903
2025-12-12 06:00:00,3951855.135618619,1,107116.06771877377
2025-12-12 08:00:00,3957926.489355301,0,107503.52683527395
2025-12-12 10:00:00,3957926.489355301,0,107550.27624035161
2025-12-12 12:00:00,3957926.489355301,0,107779.31912390458
2025-12-12 14:00:00,3957926.489355301,0,108052.28788832457
2025-12-12 16:00:00,3957926.489355301,0,108868.67935043885
2025-12-12 18:00:00,3957926.489355301,-1,109162.19424661108
2025-12-12 20:00:00,3991914.4869685457,-1,108175.44567417739
2025-12-12 22:00:00,3974083.053029402,0,108474.80821105452
2025-12-13 00:00:00,3974083.053029402,0,108159.23838601292
2025-12-13 02:00:00,3974083.053029402,0,108083.64571030144
2025-12-13 04:00:00,3974083.053029402,0,107991.17199878406
2025-12-13 06:00:00,3974083.053029402,0,108025.21760242134
2025-12-13 08:00:00,3974083.053029402,0,108046.11916372998
2025-12-13 10:00:00,3974083.053029402,0,107846.93755427985
2025-12-13 12:00:00,3974083.053029402,0,107764.9538780019
2025-12-13 14:00:00,3974083.053029402,0,107748.4374013006
2025-12-13 16:00:00,3974083.053029402,0,107746.83707203133
2025-12-13 18:00:00,3974083.053029402,0,107659.22482378484
2025-12-13 20:00:00,3974083.053029402,0,107746.79653633822
2025-12-13 22:00:00,3974083.053029402,0,107703.1938874815
2025-12-14 00:00:00,3974083.053029402,0,107960.72539371037
2025-12-14 02:00:00,3974083.053029402,0,107019.32695345252
2025-12-14 04:00:00,3974083.053029402,0,102819.1530684145
2025-12-14 06:00:00,3974083.053029402,1,101837.5829087966
2025-12-14 08:00:00,3912172.694974343,0,97900.31039615527
2025-12-14 10:00:00,3912172.694974343,1,98719.35834280487
2025-12-14 12:00:00,3989944.556333398,1,100785.13418470585
2025-12-14 14:00:00,4048101.672758747,0,102527.3419739928
2025-12-14 16:00:00,4048101.672758747,0,101867.36150066527
2025-12-14 18:00:00,4048101.672758747,0,106198.97401183793
2025-12-14 20:00:00,4048101.672758747,0,103721.53156879277
2025-12-14 22:00:00,4048101.672758747,0,107150.13131077077
2025-12-15 00:00:00,4048101.672758747,0,108141.23174062569
2025-12-15 02:00:00,4048101.672758747,0,107858.78351585439
2025-12-15 04:00:00,4048101.672758747,0,108160.83356797934
2025-12-15 06:00:00,4048101.672758747,0,108395.5099744611
2025-12-15 08:00:00,4048101.672758747,0,108222.98178563989
2025-12-15 10:00:00,4048101.672758747,0,108411.73052957472
2025-12-15 12:00:00,4048101.672758747,0,108574.84206629674
2025-12-15 14:00:00,4048101.672758747,0,108517.4086595849
2025-12-15 16:00:00,4048101.672758747,0,108558.43448815455
2025-12-15 18:00:00,4048101.672758747,0,108180.04997558768
2025-12-15 20:00:00,4048101.672758747,0,108188.3047023576
2025-12-15 22:00:00,4048101.672758747,0,108340.29531229453
2025-12-16 00:00:00,4048101.672758747,0,108192.41905856591
2025-12-16 02:00:00,4048101.672758747,0,108331.07001117848
2025-12-16 04:00:00,4048101.672758747,0,108346.86138680039
2025-12-16 06:00:00,4048101.672758747,0,108371.20285471516
2025-12-16 08:00:00,4048101.672758747,0,108557.18683988413
2025-12-16 10:00:00,4048101.672758747,0,108717.36785643424
2025-12-16 12:00:00,4048101.672758747,0,108637.58491844559
2025-12-16 14:00:00,4048101.672758747,0,108627.26686494309
2025-12-16 16:00:00,4048101.672758747,0,108588.99335485154
2025-12-16 18:00:00,4048101.672758747,0,108531.9918794466
2025-12-16 20:00:00,4048101.672758747,0,108572.9724114767
2025-12-16 22:00:00,4048101.672758747,0,108795.65758536327
2025-12-17 00:00:00,4048101.672758747,0,108587.81678483686
2025-12-17 02:00:00,4048101.672758747,0,108623.37067881282
2025-12-17 04:00:00,4048101.672758747,0,108067.46650660802
2025-12-17 06:00:00,4048101.672758747,0,108123.49149186237
2025-12-17 08:00:00,4048101.672758747,0,108837.82021747915
2025-12-17 10:00:00,4048101.672758747,0,108805.93308993889
2025-12-17 12:00:00,4048101.672758747,0,108211.85751948088
2025-12-17 14:00:00,4048101.672758747,0,107921.39950397347
2025-12-17 16:00:00,4048101.672758747,1,108072.75098822473
2025-12-17 18:00:00,4053368.0952570094,0,108436.8948447421
2025-12-17 20:00:00,4053368.0952570094,0,108302.53621519607
2025-12-17 22:00:00,4053368.0952570094,0,108402.0553960583
2025-12-18 00:00:00,4053368.0952570094,0,107131.7457009562
2025-12-18 02:00:00,4053368.0952570094,1,106468.05216649442
2025-12-18 04:00:00,4034577.154960788,1,105948.50118290192
2025-12-18 06:00:00,4025864.626018158,1,105707.6083425031
2025-12-18 08:00:00,4062956.108057662,1,106733.15127291212
2025-12-18 10:00:00,4036171.674200484,0,106205.52417305764
2025-12-18 12:00:00,4036171.674200484,1,106693.9254672094
2025-12-18 14:00:00,4042374.7293730606,0,107079.91781350141
2025-12-18 16:00:00,4042374.7293730606,0,107956.84909539059
2025-12-18 18:00:00,4042374.7293730606,0,107451.2875631265
2025-12-18 20:00:00,4042374.7293730606,0,106563.55879927664
2025-12-18 22:00:00,4042374.7293730606,0,106719.47561692356
2025-12-19 00:00:00,4042374.7293730606,0,107582.89477694985
2025-12-19 02:00:00,4042374.7293730606,0,107474.45753689788
2025-12-19 04:00:00,4042374.7293730606,0,107275.20084222849
2025-12-19 06:00:00,4042374.7293730606,0,107831.05802080661
2025-12-19 08:00:00,4042374.7293730606,0,107445.50262543804
2025-12-19 10:00:00,4042374.7293730606,0,107705.22760760729
2025-12-19 12:00:00,4042374.7293730606,0,107515.39362632652
2025-12-19 14:00:00,4042374.7293730606,0,107212.10363444716
2025-12-19 16:00:00,4042374.7293730606,0,106660.49253486868
2025-12-19 18:00:00,4042374.7293730606,0,106370.58078730016
2025-12-19 20:00:00,4042374.7293730606,0,105788.29258736108
2025-12-19 22:00:00,4042374.7293730606,0,105752.37626332107
2025-12-20 00:00:00,4042374.7293730606,0,107081.38282282761
2025-12-20 02:00:00,4042374.7293730606,0,107236.02692922643
2025-12-20 04:00:00,4042374.7293730606,0,106875.26988640317
2025-12-20 06:00:00,4042374.7293730606,0,106905.59459619138
2025-12-20 08:00:00,4042374.7293730606,0,106759.22014887258
2025-12-20 10:00:00,4042374.7293730606,0,106659.76991180488
2025-12-20 12:00:00,4042374.7293730606,0,106642.0057798801
2025-12-20 14:00:00,4042374.7293730606,0,106220.13938349353
2025-12-20 16:00:00,4042374.7293730606,0,105983.11193674465
2025-12-20 18:00:00,4042374.7293730606,0,106198.16206359123
2025-12-20 20:00:00,4042374.7293730606,0,105312.06360057097
2025-12-20 22:00:00,4042374.7293730606,1,105642.85292231012
2025-12-21 00:00:00,4177610.719237135,0,109574.38952117093
2025-12-21 02:00:00,4177610.719237135,-1,115115.83934112753
2025-12-21 04:00:00,4081341.233322441,0,118627.37994032356
2025-12-21 06:00:00,4081341.233322441,-1,115163.19541999503
2025-12-21 08:00:00,3960995.4592766333,0,118758.8214161754
2025-12-21 10:00:00,3960995.4592766333,-1,115967.33789668173
2025-12-21 12:00:00,3968554.7001818847,0,115502.44077141951
2025-12-21 14:00:00,3968554.7001818847,0,114661.70072743698
2025-12-21 16:00:00,3968554.7001818847,0,114652.90625161138
2025-12-21 18:00:00,3968554.7001818847,0,109792.89336222969
2025-12-21 20:00:00,3968554.7001818847,0,105599.48845552524
2025-12-21 22:00:00,3968554.7001818847,0,105136.84941842483
2025-12-22 00:00:00,3968554.7001818847,0,105345.09253505911
2025-12-22 02:00:00,3968554.7001818847,0,105414.31975980668
2025-12-22 04:00:00,3968554.7001818847,0,105332.26253221226
2025-12-22 06:00:00,3968554.7001818847,0,105415.17814144384
2025-12-22 08:00:00,3968554.7001818847,0,105633.97813294096
2025-12-22 10:00:00,3968554.7001818847,0,105903.18327960254
2025-12-22 12:00:00,3968554.7001818847,0,105907.04685787993
2025-12-22 14:00:00,3968554.7001818847,0,105710.76475884802
2025-12-22 16:00:00,3968554.7001818847,0,105604.22888748824
2025-12-22 18:00:00,3968554.7001818847,0,105359.04678180054
2025-12-22 20:00:00,3968554.7001818847,0,105418.83751511753
2025-12-22 22:00:00,3968554.7001818847,0,105539.81729214519
2025-12-23 00:00:00,3968554.7001818847,0,105856.86252108075
2025-12-23 02:00:00,3968554.7001818847,0,105726.09496226528
2025-12-23 04:00:00,3968554.7001818847,0,105625.40593761532
2025-12-23 06:00:00,3968554.7001818847,0,105677.11062979538
2025-12-23 08:00:00,3968554.7001818847,0,105981.18880279173
2025-12-23 10:00:00,3968554.7001818847,0,106209.2566998653
2025-12-23 12:00:00,3968554.7001818847,0,106161.1085481611
2025-12-23 14:00:00,3968554.7001818847,0,105938.9720101974
2025-12-23 16:00:00,3968554.7001818847,0,105929.36067648995
2025-12-23 18:00:00,3968554.7001818847,0,105836.17118599056
2025-12-23 20:00:00,3968554.7001818847,0,105693.40391029652
2025-12-23 22:00:00,3968554.7001818847,0,105248.11433990508
2025-12-24 00:00:00,3968554.7001818847,0,105575.14073147863
2025-12-24 02:00:00,3968554.7001818847,0,105389.71540576118
2025-12-24 04:00:00,3968554.7001818847,0,105368.24069195172
2025-12-24 06:00:00,3968554.7001818847,0,105220.74892405598
2025-12-24 08:00:00,3968554.7001818847,0,105131.74962734156
2025-12-24 10:00:00,3968554.7001818847,0,105113.10767832285
2025-12-24 12:00:00,3968554.7001818847,0,105209.79496179365
2025-12-24 14:00:00,3968554.7001818847,0,105235.36338011875
2025-12-24 16:00:00,3968554.7001818847,0,105391.38013801859
2025-12-24 18:00:00,3968554.7001818847,0,105241.0024051354
2025-12-24 20:00:00,3968554.7001818847,0,105331.68944297956
2025-12-24 22:00:00,3968554.7001818847,0,105275.43981527745
2025-12-25 00:00:00,3968554.7001818847,0,105322.15397457583
2025-12-25 02:00:00,3968554.7001818847,0,105215.85407462133
2025-12-25 04:00:00,3968554.7001818847,0,104982.81594150532
2025-12-25 06:00:00,3968554.7001818847,0,104429.94267691804
2025-12-25 08:00:00,3968554.7001818847,1,104188.00982415232
2025-12-25 10:00:00,3983430.5802363516,1,104599.1069441101
2025-12-25 12:00:00,3989987.1812727014,0,104988.67559188438
2025-12-25 14:00:00,3989987.1812727014,0,105007.5543398345
2025-12-25 16:00:00,3989987.1812727014,0,104993.16147161032
2025-12-25 18:00:00,3989987.1812727014,0,104936.31866524476
2025-12-25 20:00:00,3989987.1812727014,0,105247.14625255212
2025-12-25 22:00:00,3989987.1812727014,0,105104.89402564667
2025-12-26 00:00:00,3989987.1812727014,0,105323.55843055781
2025-12-26 02:00:00,3989987.1812727014,0,105720.69418053425
2025-12-26 04:00:00,3989987.1812727014,0,105496.17669712387
2025-12-26 06:00:00,3989987.1812727014,0,105449.73142429095
2025-12-26 08:00:00,3989987.1812727014,0,105531.01668023557
2025-12-26 10:00:00,3989987.1812727014,0,105201.76637811682
2025-12-26 12:00:00,3989987.1812727014,0,104973.2892829861
2025-12-26 14:00:00,3989987.1812727014,0,105286.48392364032
2025-12-26 16:00:00,3989987.1812727014,0,105415.25331229865
2025-12-26 18:00:00,3989987.1812727014,0,105324.53002207227
2025-12-26 20:00:00,3989987.1812727014,0,105213.08717532073
2025-12-26 22:00:00,3989987.1812727014,0,105188.60331300116
2025-12-27 00:00:00,3989987.1812727014,0,105572.34633528856
2025-12-27 02:00:00,3989987.1812727014,0,105154.58918355036
2025-12-27 04:00:00,3989987.1812727014,0,105676.98659247589
2025-12-27 06:00:00,3989987.1812727014,0,106163.51395692297
2025-12-27 08:00:00,3989987.1812727014,-1,105297.97887110345
2025-12-27 10:00:00,3971575.5388285215,0,105598.84972924451
2025-12-27 12:00:00,3971575.5388285215,0,105588.33231015263
2025-12-27 14:00:00,3971575.5388285215,0,104353.7932232946
2025-12-27 16:00:00,3971575.5388285215,0,104048.27004560512
2025-12-27 18:00:00,3971575.5388285215,1,103922.51130549336
2025-12-27 20:00:00,3987639.9911870263,1,104364.98670030612
2025-12-27 22:00:00,3980038.4248949187,0,104363.45601740076
2025-12-28 00:00:00,3980038.4248949187,0,103622.3555235529
2025-12-28 02:00:00,3980038.4248949187,1,102446.9353477674
2025-12-28 04:00:00,3983075.7115139733,1,102529.23042891633
2025-12-28 06:00:00,3965536.3265728704,1,102054.0019476874
2025-12-28 08:00:00,3987291.8437138326,1,102643.46625353204
2025-12-28 10:00:00,3977088.641159557,0,102571.90502219168
2025-12-28 12:00:00,3977088.641159557,0,102400.22220355948
2025-12-28 14:00:00,3977088.641159557,0,102949.52552664041
2025-12-28 16:00:00,3977088.641159557,0,103091.96487745983
2025-12-28 18:00:00,3977088.641159557,0,102736.33332379877
2025-12-28 20:00:00,3977088.641159557,0,102775.39491636891
2025-12-28 22:00:00,3977088.641159557,0,102890.77818989899
2025-12-29 00:00:00,3977088.641159557,0,103733.65553772458
2025-12-29 02:00:00,3977088.641159557,0,103394.2768214163
2025-12-29 04:00:00,3977088.641159557,0,102771.5493187401
2025-12-29 06:00:00,3977088.641159557,0,102598.74037647517
2025-12-29 08:00:00,3977088.641159557,0,102347.61141652739
2025-12-29 10:00:00,3977088.641159557,0,102209.10323304863
2025-12-29 12:00:00,3977088.641159557,0,102680.08772198597
2025-12-29 14:00:00,3977088.641159557,0,102726.02199889756
2025-12-29 16:00:00,3977088.641159557,0,102989.69323258082
2025-12-29 18:00:00,3977088.641159557,0,102604.97781766133
2025-12-29 20:00:00,3977088.641159557,0,102912.73680079097
2025-12-29 22:00:00,3977088.641159557,0,102433.18266950385
2025-12-30 00:00:00,3977088.641159557,0,101978.07625826268
2025-12-30 02:00:00,3977088.641159557,0,102072.7803069376
2025-12-30 04:00:00,3977088.641159557,0,102125.38332062947
2025-12-30 06:00:00,3977088.641159557,0,101866.2415489001
2025-12-30 08:00:00,3977088.641159557,0,101800.58716935918
2025-12-30 10:00:00,3977088.641159557,0,101593.90167223549
2025-12-30 12:00:00,3977088.641159557,0,101574.82731670051
2025-12-30 14:00:00,3977088.641159557,0,101428.67653057995
2025-12-30 16:00:00,3977088.641159557,0,101367.97043571598
2025-12-30 18:00:00,3977088.641159557,0,101173.45756355504
2025-12-30 20:00:00,3977088.641159557,1,101402.07229135382
2025-12-30 22:00:00,3965525.276513199,0,101294.53327749054
2025-12-31 00:00:00,3965525.276513199,0,101304.49922982638
2025-12-31 02:00:00,3965525.276513199,0,101304.29885104619
2025-12-31 04:00:00,3965525.276513199,0,101307.51806592804
2025-12-31 06:00:00,3965525.276513199,0,101306.54668943341
2025-12-31 08:00:00,3965525.276513199,0,101317.30758733593
2025-12-31 10:00:00,3965525.276513199,0,101317.48662735398
2025-12-31 12:00:00,3965525.276513199,0,101317.84404420356
2025-12-31 14:00:00,3965525.276513199,0,101319.78973643272
2025-12-31 16:00:00,3965525.276513199,0,101314.31150519518
2025-12-31 18:00:00,3965525.276513199,0,101314.70266178947
2025-12-31 20:00:00,3965525.276513199,0,101315.19025010317
2025-12-31 22:00:00,3965525.276513199,0,101310.58181478846
2026-01-01 00:00:00,3965525.276513199,0,101905.02690946672
2026-01-01 02:00:00,3965525.276513199,0,104406.77581025267
2026-01-01 04:00:00,3965525.276513199,-1,102064.34461894378
2026-01-01 06:00:00,3978167.7026754576,0,101517.70049303085
2026-01-01 08:00:00,3978167.7026754576,0,100929.35658476524
2026-01-01 10:00:00,3978167.7026754576,0,100522.0666603097
2026-01-01 12:00:00,3978167.7026754576,0,100602.04507051824
2026-01-01 14:00:00,3978167.7026754576,0,100687.80424055737
2026-01-01 16:00:00,3978167.7026754576,0,99501.61057570696
2026-01-01 18:00:00,3978167.7026754576,1,101048.14382326257
2026-01-01 20:00:00,4015709.3390260753,0,102254.01157790264
2026-01-01 22:00:00,4015709.3390260753,0,101098.08669564668
2026-01-02 00:00:00,4015709.3390260753,0,101163.38966113441
2026-01-02 02:00:00,4015709.3390260753,0,100876.41164002586
2026-01-02 04:00:00,4015709.3390260753,0,101093.97539259121
2026-01-02 06:00:00,4015709.3390260753,0,100806.71700430904
2026-01-02 08:00:00,4015709.3390260753,0,100807.28916975005
2026-01-02 10:00:00,4015709.3390260753,0,100888.95387641083
2026-01-02 12:00:00,4015709.3390260753,0,100583.38405168512
2026-01-02 14:00:00,4015709.3390260753,0,100971.50744935547
2026-01-02 16:00:00,4015709.3390260753,0,100872.43212637541
2026-01-02 18:00:00,4015709.3390260753,0,100828.58173103718
2026-01-02 20:00:00,4015709.3390260753,0,100921.33005478173
2026-01-02 22:00:00,4015709.3390260753,0,100992.16865477698
2026-01-03 00:00:00,4015709.3390260753,0,101466.41766523499
2026-01-03 02:00:00,4015709.3390260753,0,101358.1694517021
2026-01-03 04:00:00,4015709.3390260753,0,101342.19913949215
2026-01-03 06:00:00,4015709.3390260753,0,101283.186995399
2026-01-03 08:00:00,4015709.3390260753,0,101334.75493253682
2026-01-03 10:00:00,4015709.3390260753,0,101320.82036062653
2026-01-03 12:00:00,4015709.3390260753,0,101262.66199894533
2026-01-03 14:00:00,4015709.3390260753,0,101266.63666511273
2026-01-03 16:00:00,4015709.3390260753,0,101202.37929873347
2026-01-03 18:00:00,4015709.3390260753,0,101165.92827752858
2026-01-03 20:00:00,4015709.3390260753,0,101116.41979469985
2026-01-03 22:00:00,4015709.3390260753,0,101121.33158875814
2026-01-04 00:00:00,4015709.3390260753,0,99178.40674106537
2026-01-04 02:00:00,4015709.3390260753,1,104638.1036905984
2026-01-04 04:00:00,3955001.6394067677,0,101599.00106299226
2026-01-04 06:00:00,3955001.6394067677,0,103173.10659959828
2026-01-04 08:00:00,3955001.6394067677,0,96549.95489005747
2026-01-04 10:00:00,3955001.6394067677,1,99019.56159631831
2026-01-04 12:00:00,3864130.104357205,0,96822.74921046491
2026-01-04 14:00:00,3864130.104357205,1,97682.50481418823
2026-01-04 16:00:00,3890202.9297008775,0,98571.66222193405
2026-01-04 18:00:00,3890202.9297008775,0,95839.98160317176
2026-01-04 20:00:00,3890202.9297008775,1,99120.4109139054
2026-01-04 22:00:00,3909850.874946698,0,99845.61989045223
2026-01-05 00:00:00,3909850.874946698,0,100408.09273269927
2026-01-05 02:00:00,3909850.874946698,0,100504.64149669827
2026-01-05 04:00:00,3909850.874946698,0,100596.26838155888
2026-01-05 06:00:00,3909850.874946698,0,100599.19810507355
2026-01-05 08:00:00,3909850.874946698,0,100608.33928714874
2026-01-05 10:00:00,3909850.874946698,0,100459.12961318318
2026-01-05 12:00:00,3909850.874946698,0,100478.47880153719
2026-01-05 14:00:00,3909850.874946698,0,100493.17974100422
2026-01-05 16:00:00,3909850.874946698,0,100497.31371876104
2026-01-05 18:00:00,3909850.874946698,0,100396.19410960776
2026-01-05 20:00:00,3909850.874946698,0,100216.28163179682
2026-01-05 22:00:00,3909850.874946698,0,100272.21547357315
2026-01-06 00:00:00,3909850.874946698,0,100029.26910251196
2026-01-06 02:00:00,3909850.874946698,0,100495.76100878954
2026-01-06 04:00:00,3909850.874946698,0,100768.33059753587
2026-01-06 06:00:00,3909850.874946698,0,100411.3556738699
2026-01-06 08:00:00,3909850.874946698,0,100443.6289903856
2026-01-06 10:00:00,3909850.874946698,0,99724.09738269304
2026-01-06 12:00:00,3909850.874946698,0,99810.19278520552
2026-01-06 14:00:00,3909850.874946698,0,99246.46673985742
2026-01-06 16:00:00,3909850.874946698,0,99532.55854428999
2026-01-06 18:00:00,3909850.874946698,0,99998.96383581897
2026-01-06 20:00:00,3909850.874946698,0,99985.95555929471
2026-01-06 22:00:00,3909850.874946698,0,100189.78484485301
2026-01-07 00:00:00,3909850.874946698,0,100587.1695607042
2026-01-07 02:00:00,3909850.874946698,0,100600.08060613816
2026-01-07 04:00:00,3909850.874946698,0,100678.73359402268
2026-01-07 06:00:00,3909850.874946698,0,100914.59666672177
2026-01-07 08:00:00,3909850.874946698,0,101334.94257173149
2026-01-07 10:00:00,3909850.874946698,-1,101037.3936349926
2026-01-07 12:00:00,3894211.5098975687,0,101260.73840657277
2026-01-07 14:00:00,3894211.5098975687,0,101553.71226590256
2026-01-07 16:00:00,3894211.5098975687,-1,101321.69030568736
2026-01-07 18:00:00,3878845.919980765,0,101539.87869955585
2026-01-07 20:00:00,3878845.919980765,0,101462.75439693512
2026-01-07 22:00:00,3878845.919980765,0,101283.84953048178
2026-01-08 00:00:00,3878845.919980765,0,101974.09230772473
2026-01-08 02:00:00,3878845.919980765,-1,101637.9979228688
2026-01-08 04:00:00,3885539.53782874,0,101250.09676817186
2026-01-08 06:00:00,3885539.53782874,0,101854.91018793103
2026-01-08 08:00:00,3885539.53782874,0,100482.99361958723
2026-01-08 10:00:00,3885539.53782874,0,100174.45069040175
2026-01-08 12:00:00,3885539.53782874,0,100258.41797345983
2026-01-08 14:00:00,3885539.53782874,0,99831.72805807502
2026-01-08 16:00:00,3885539.53782874,0,99195.49966399267
2026-01-08 18:00:00,3885539.53782874,0,99673.37857391697
2026-01-08 20:00:00,3885539.53782874,0,99186.06839602305
2026-01-08 22:00:00,3885539.53782874,0,100406.62101515371
2026-01-09 00:00:00,3885539.53782874,0,100009.3592716063
2026-01-09 02:00:00,3885539.53782874,0,99651.31547774948
2026-01-09 04:00:00,3885539.53782874,0,99384.15197023765
2026-01-09 06:00:00,3885539.53782874,0,99723.46051739252
2026-01-09 08:00:00,3885539.53782874,0,99708.26343911595
2026-01-09 10:00:00,3885539.53782874,0,99594.93892596578
2026-01-09 12:00:00,3885539.53782874,0,99926.32841261897
2026-01-09 14:00:00,3885539.53782874,0,100087.03605185026
2026-01-09 16:00:00,3885539.53782874,0,100061.97872045914
2026-01-09 18:00:00,3885539.53782874,0,100340.89293213449
2026-01-09 20:00:00,3885539.53782874,0,100728.89576394475
2026-01-09 22:00:00,3885539.53782874,0,100715.26715648183
2026-01-10 00:00:00,3885539.53782874,0,100753.47337886292
2026-01-10 02:00:00,3885539.53782874,0,100738.88282059626
2026-01-10 04:00:00,3885539.53782874,0,100754.04463022975
2026-01-10 06:00:00,3885539.53782874,0,100701.5237818465
2026-01-10 08:00:00,3885539.53782874,0,100674.14903514941
2026-01-10 10:00:00,3885539.53782874,0,100665.43079114906
2026-01-10 12:00:00,3885539.53782874,0,100695.07912017095
2026-01-10 14:00:00,3885539.53782874,0,100694.80170677237
2026-01-10 16:00:00,3885539.53782874,0,100611.22083274028
2026-01-10 18:00:00,3885539.53782874,0,100524.57182693387
2026-01-10 20:00:00,3885539.53782874,0,100469.75803512288
2026-01-10 22:00:00,3885539.53782874,0,100407.63841009651
2026-01-11 00:00:00,3885539.53782874,0,100523.90519590412
2026-01-11 02:00:00,3885539.53782874,0,100521.47363604013
2026-01-11 04:00:00,3885539.53782874,0,100460.17497619006
2026-01-11 06:00:00,3885539.53782874,0,100417.16065121783
2026-01-11 08:00:00,3885539.53782874,0,100456.22982804936
2026-01-11 10:00:00,3885539.53782874,0,100447.17321112343
2026-01-11 12:00:00,3885539.53782874,0,100491.82662527324
2026-01-11 14:00:00,3885539.53782874,0,100502.57697352512
2026-01-11 16:00:00,3885539.53782874,0,100473.48493398882
2026-01-11 18:00:00,3885539.53782874,0,100501.37813022063
2026-01-11 20:00:00,3885539.53782874,0,100514.19175728432
2026-01-11 22:00:00,3885539.53782874,0,100493.43086740316
2026-01-12 00:00:00,3885539.53782874,0,100381.0597066372
2026-01-12 02:00:00,3885539.53782874,0,100277.89656255256
2026-01-12 04:00:00,3885539.53782874,0,100228.2529142565
2026-01-12 06:00:00,3885539.53782874,1,100349.26001927235
2026-01-12 08:00:00,3877351.2455462893,0,100327.35473971642
2026-01-12 10:00:00,3877351.2455462893,0,100349.45347372426
2026-01-12 12:00:00,3877351.2455462893,0,100291.0420786788
2026-01-12 14:00:00,3877351.2455462893,0,100121.74985954787
2026-01-12 16:00:00,3877351.2455462893,1,100201.30704260818
2026-01-12 18:00:00,3867245.303192726,0,100126.79907752514
2026-01-12 20:00:00,3867245.303192726,0,99944.69414784912
2026-01-12 22:00:00,3867245.303192726,1,99826.62236375074
2026-01-13 00:00:00,3862494.8304189485,1,99697.54268246316
2026-01-13 02:00:00,3864071.9376676,1,99740.3957858713
2026-01-13 04:00:00,3866256.6472142055,1,99799.7586378254
2026-01-13 06:00:00,3858349.2176097278,0,99784.55147986117
2026-01-13 08:00:00,3858349.2176097278,0,99726.99319942476
2026-01-13 10:00:00,3858349.2176097278,0,99756.29789231259
2026-01-13 12:00:00,3858349.2176097278,0,99689.86324480176
2026-01-13 14:00:00,3858349.2176097278,0,99795.81086740571
2026-01-13 16:00:00,3858349.2176097278,0,99776.48516543083
2026-01-13 18:00:00,3858349.2176097278,0,99776.96094348303
2026-01-13 20:00:00,3858349.2176097278,0,99776.65066142127
2026-01-13 22:00:00,3858349.2176097278,0,99669.03856201604
2026-01-14 00:00:00,3858349.2176097278,0,100054.20506986741
2026-01-14 02:00:00,3858349.2176097278,0,99313.53277010178
2026-01-14 04:00:00,3858349.2176097278,1,99354.97503779751
2026-01-14 06:00:00,3859584.6208556304,0,99587.1717547275
2026-01-14 08:00:00,3859584.6208556304,0,99487.21519884952
2026-01-14 10:00:00,3859584.6208556304,0,99237.32440382999
2026-01-14 12:00:00,3859584.6208556304,0,99713.15874267192
2026-01-14 14:00:00,3859584.6208556304,0,99828.99149828823
2026-01-14 16:00:00,3859584.6208556304,0,99318.85425033484
2026-01-14 18:00:00,3859584.6208556304,0,99413.39734628744
2026-01-14 20:00:00,3859584.6208556304,0,98696.8767299138
2026-01-14 22:00:00,3859584.6208556304,0,98716.11891672353
2026-01-15 00:00:00,3859584.6208556304,0,98998.1170348156
2026-01-15 02:00:00,3859584.6208556304,0,98943.27071484603
2026-01-15 04:00:00,3859584.6208556304,0,98949.18528544679
2026-01-15 06:00:00,3859584.6208556304,0,98967.95790826528
2026-01-15 08:00:00,3859584.6208556304,0,98878.09473903252
2026-01-15 10:00:00,3859584.6208556304,0,98845.64397236271
2026-01-15 12:00:00,3859584.6208556304,0,98881.24072508914
2026-01-15 14:00:00,3859584.6208556304,0,98873.82034260598
2026-01-15 16:00:00,3859584.6208556304,0,98967.01085107824
2026-01-15 18:00:00,3859584.6208556304,0,98931.27234915759
2026-01-15 20:00:00,3859584.6208556304,0,98925.42999489109
2026-01-15 22:00:00,3859584.6208556304,0,98810.00338584311
2026-01-16 00:00:00,3859584.6208556304,0,98593.58808052736
2026-01-16 02:00:00,3859584.6208556304,0,98654.00226486586
2026-01-16 04:00:00,3859584.6208556304,0,98650.82217541625
2026-01-16 06:00:00,3859584.6208556304,0,98629.99209266964
2026-01-16 08:00:00,3859584.6208556304,0,98615.28283231972
2026-01-16 10:00:00,3859584.6208556304,0,98558.32816876018
2026-01-16 12:00:00,3859584.6208556304,0,98747.48386451864
2026-01-16 14:00:00,3859584.6208556304,0,98804.68317372621
2026-01-16 16:00:00,3859584.6208556304,0,98867.03705091469
2026-01-16 18:00:00,3859584.6208556304,0,98887.20195612442
2026-01-16 20:00:00,3859584.6208556304,0,98933.05158236113
2026-01-16 22:00:00,3859584.6208556304,0,99063.16202043889
2026-01-17 00:00:00,3859584.6208556304,0,99095.2140426559
2026-01-17 02:00:00,3859584.6208556304,0,99535.83118704073
2026-01-17 04:00:00,3859584.6208556304,0,98959.03061706961
2026-01-17 06:00:00,3859584.6208556304,0,99555.61734044168
2026-01-17 08:00:00,3859584.6208556304,0,98354.83422640439
2026-01-17 10:00:00,3859584.6208556304,1,98061.84881984319
2026-01-17 12:00:00,3857955.8576468783,1,98018.28821962596
2026-01-17 14:00:00,3837404.7353125745,1,97468.65692932573
2026-01-17 16:00:00,3841804.889458421,1,97586.33723706566
2026-01-17 18:00:00,3880758.1733883354,1,98628.12674907164
2026-01-17 20:00:00,3868643.317618792,0,98500.24362605704
2026-01-17 22:00:00,3868643.317618792,0,98380.05187016443
2026-01-18 00:00:00,3868643.317618792,0,98572.41914292524
2026-01-18 02:00:00,3868643.317618792,0,98549.62533091672
2026-01-18 04:00:00,3868643.317618792,0,98401.66346513746
2026-01-18 06:00:00,3868643.317618792,0,98346.01057497918
2026-01-18 08:00:00,3868643.317618792,0,98299.7264074371
2026-01-18 10:00:00,3868643.317618792,0,98151.10287805417
2026-01-18 12:00:00,3868643.317618792,0,98084.96182731255
2026-01-18 14:00:00,3868643.317618792,0,98274.99672190232
2026-01-18 16:00:00,3868643.317618792,0,98339.23236810179
2026-01-18 18:00:00,3868643.317618792,0,98440.1978915099
2026-01-18 20:00:00,3868643.317618792,0,98534.06573600008
2026-01-18 22:00:00,3868643.317618792,0,98367.7243316461
2026-01-19 00:00:00,3868643.317618792,0,97115.01432137175
2026-01-19 02:00:00,3868643.317618792,1,97871.29596076248
2026-01-19 04:00:00,3851732.539225652,0,97616.7025777675
2026-01-19 06:00:00,3851732.539225652,0,96587.29664552337
2026-01-19 08:00:00,3851732.539225652,1,96505.9761917751
2026-01-19 10:00:00,3833526.8852993743,1,96025.82195729206
2026-01-19 12:00:00,3839849.500803485,1,96192.57403439956
2026-01-19 14:00:00,3832747.9504513135,1,96005.27840158144
2026-01-19 16:00:00,3872522.3791029095,1,97054.28550775531
2026-01-19 18:00:00,3863513.1754994756,0,97009.68955673557
2026-01-19 20:00:00,3863513.1754994756,0,97392.97062437575
2026-01-19 22:00:00,3863513.1754994756,0,96783.96113517729
2026-01-20 00:00:00,3863513.1754994756,0,98977.32644403353
2026-01-20 02:00:00,3863513.1754994756,0,98036.50030463639
2026-01-20 04:00:00,3863513.1754994756,0,98465.07235842555
2026-01-20 06:00:00,3863513.1754994756,0,95880.52165399636
2026-01-20 08:00:00,3863513.1754994756,0,94184.48445377109
2026-01-20 10:00:00,3863513.1754994756,1,95403.70678304248
2026-01-20 12:00:00,3862250.7987465346,0,95561.70102315012
2026-01-20 14:00:00,3862250.7987465346,0,96329.64735287684
2026-01-20 16:00:00,3862250.7987465346,0,95899.59006036253
2026-01-20 18:00:00,3862250.7987465346,0,95030.99031772824
2026-01-20 20:00:00,3862250.7987465346,0,95422.73203786265
2026-01-20 22:00:00,3862250.7987465346,0,95539.88094937408
2026-01-21 00:00:00,3862250.7987465346,0,95122.72134290516
2026-01-21 02:00:00,3862250.7987465346,0,95115.29918601616
2026-01-21 04:00:00,3862250.7987465346,0,95107.19282050633
2026-01-21 06:00:00,3862250.7987465346,0,94965.49249831557
2026-01-21 08:00:00,3862250.7987465346,0,94946.86922126732
2026-01-21 10:00:00,3862250.7987465346,0,94743.15029639826
2026-01-21 12:00:00,3862250.7987465346,0,94699.04665773884
2026-01-21 14:00:00,3862250.7987465346,0,94631.00684099764
2026-01-21 16:00:00,3862250.7987465346,0,94952.86918418921
2026-01-21 18:00:00,3862250.7987465346,0,94695.7906428189
2026-01-21 20:00:00,3862250.7987465346,0,94890.53154691865
2026-01-21 22:00:00,3862250.7987465346,0,94560.84850451225
2026-01-22 00:00:00,3862250.7987465346,0,94449.08620763144
2026-01-22 02:00:00,3862250.7987465346,0,94524.63605485788
2026-01-22 04:00:00,3862250.7987465346,0,94440.47475772945
2026-01-22 06:00:00,3862250.7987465346,0,94629.93839091052
2026-01-22 08:00:00,3862250.7987465346,0,94609.07911147033
2026-01-22 10:00:00,3862250.7987465346,0,94636.00882246351
2026-01-22 12:00:00,3862250.7987465346,0,94642.93398262402
2026-01-22 14:00:00,3862250.7987465346,0,94764.25308389476
2026-01-22 16:00:00,3862250.7987465346,0,94745.34898716147
2026-01-22 18:00:00,3862250.7987465346,0,94588.49920839886
2026-01-22 20:00:00,3862250.7987465346,0,94558.15155679248
2026-01-22 22:00:00,3862250.7987465346,0,94590.67895733005
2026-01-23 00:00:00,3862250.7987465346,0,94038.30829265245
2026-01-23 02:00:00,3862250.7987465346,0,94310.87202822215
2026-01-23 04:00:00,3862250.7987465346,0,93641.69371045951
2026-01-23 06:00:00,3862250.7987465346,1,93689.41839883298
2026-01-23 08:00:00,3851899.5207183543,1,93425.10423301585
2026-01-23 10:00:00,3856615.6884001577,1,93545.52896929247
2026-01-23 12:00:00,3833522.3499277793,0,92611.99330814971
2026-01-23 14:00:00,3833522.3499277793,1,93486.09543084494
2026-01-23 16:00:00,3849131.908986727,0,94073.76458546722
2026-01-23 18:00:00,3849131.908986727,0,94143.49452114377
2026-01-23 20:00:00,3849131.908986727,0,93140.75733457213
2026-01-23 22:00:00,3849131.908986727,0,94151.93858395498
2026-01-24 00:00:00,3849131.908986727,0,94626.1223547059
2026-01-24 02:00:00,3849131.908986727,0,94628.44912661686
2026-01-24 04:00:00,3849131.908986727,0,94146.51470046658
2026-01-24 06:00:00,3849131.908986727,0,94002.42728537128
2026-01-24 08:00:00,3849131.908986727,0,93155.20151238755
2026-01-24 10:00:00,3849131.908986727,0,93151.11930425071
2026-01-24 12:00:00,3849131.908986727,0,93502.98589657013
2026-01-24 14:00:00,3849131.908986727,0,92983.32817392248
2026-01-24 16:00:00,3849131.908986727,0,92741.04598732358
2026-01-24 18:00:00,3849131.908986727,0,92780.48030111165
2026-01-24 20:00:00,3849131.908986727,0,91710.3487935216
2026-01-24 22:00:00,3849131.908986727,1,92167.70056169305
2026-01-25 00:00:00,3827668.565590581,0,91811.04535315931
2026-01-25 02:00:00,3827668.565590581,1,91872.80569897307
2026-01-25 04:00:00,3818808.722996454,0,91832.70236386744
2026-01-25 06:00:00,3818808.722996454,0,91771.52251059347
2026-01-25 08:00:00,3818808.722996454,0,91592.64834879623
2026-01-25 10:00:00,3818808.722996454,0,91500.76046241994
2026-01-25 12:00:00,3818808.722996454,0,91355.1300164271
2026-01-25 14:00:00,3818808.722996454,0,91431.20537338688
2026-01-25 16:00:00,3818808.722996454,0,91373.78393840198
2026-01-25 18:00:00,3818808.722996454,0,91538.95712284939
2026-01-25 20:00:00,3818808.722996454,0,91824.72931132105
2026-01-25 22:00:00,3818808.722996454,0,91900.85272028776
2026-01-26 00:00:00,3818808.722996454,0,92311.97087999411
2026-01-26 02:00:00,3818808.722996454,0,92615.30446601784
2026-01-26 04:00:00,3818808.722996454,0,93205.31025033287
2026-01-26 06:00:00,3818808.722996454,0,92094.99638110738
2026-01-26 08:00:00,3818808.722996454,0,90344.17493871682
2026-01-26 10:00:00,3818808.722996454,0,89940.82237614703
2026-01-26 12:00:00,3818808.722996454,1,90040.2048412541
2026-01-26 14:00:00,3866854.637695341,0,91412.73868618341
2026-01-26 16:00:00,3866854.637695341,0,92121.17050619746
2026-01-26 18:00:00,3866854.637695341,0,92043.94978719654
2026-01-26 20:00:00,3866854.637695341,0,92484.19921134762
2026-01-26 22:00:00,3866854.637695341,0,92788.25497923748
2026-01-27 00:00:00,3866854.637695341,0,92192.16365513408
2026-01-27 02:00:00,3866854.637695341,0,92074.40715909332
2026-01-27 04:00:00,3866854.637695341,0,91916.37638296543
2026-01-27 06:00:00,3866854.637695341,0,91516.64934861497
2026-01-27 08:00:00,3866854.637695341,0,91212.808064108
2026-01-27 10:00:00,3866854.637695341,0,91309.72998536522
2026-01-27 12:00:00,3866854.637695341,0,91014.5976575542
2026-01-27 14:00:00,3866854.637695341,0,91154.0520883399
2026-01-27 16:00:00,3866854.637695341,0,91051.61008312144
2026-01-27 18:00:00,3866854.637695341,0,91091.00097788255
2026-01-27 20:00:00,3866854.637695341,0,91453.81671217119
2026-01-27 22:00:00,3866854.637695341,0,91498.48677271359
2026-01-28 00:00:00,3866854.637695341,0,91492.66413213276
2026-01-28 02:00:00,3866854.637695341,0,91541.35057699106
2026-01-28 04:00:00,3866854.637695341,0,91482.9941515267
2026-01-28 06:00:00,3866854.637695341,0,91514.70135601121
2026-01-28 08:00:00,3866854.637695341,0,91541.94139844156
2026-01-28 10:00:00,3866854.637695341,0,91379.11768717309
2026-01-28 12:00:00,3866854.637695341,0,91394.60163734654
2026-01-28 14:00:00,3866854.637695341,0,91399.8471560849
2026-01-28 16:00:00,3866854.637695341,0,91410.87131861235
2026-01-28 18:00:00,3866854.637695341,0,91405.4920961505
2026-01-28 20:00:00,3866854.637695341,0,91404.60960224803
2026-01-28 22:00:00,3866854.637695341,0,91545.9072211996
2026-01-29 00:00:00,3866854.637695341,0,91416.77145875881
2026-01-29 02:00:00,3866854.637695341,0,91634.9569969212
2026-01-29 04:00:00,3866854.637695341,0,91567.69460703997
2026-01-29 06:00:00,3866854.637695341,0,91691.6632398847
2026-01-29 08:00:00,3866854.637695341,0,92001.4827281692
2026-01-29 10:00:00,3866854.637695341,0,92099.5383509611
2026-01-29 12:00:00,3866854.637695341,0,92037.82634354351
2026-01-29 14:00:00,3866854.637695341,0,91919.47816998446
2026-01-29 16:00:00,3866854.637695341,0,91834.35448979131
2026-01-29 18:00:00,3866854.637695341,0,91556.4363657279
2026-01-29 20:00:00,3866854.637695341,0,91359.63190966111
2026-01-29 22:00:00,3866854.637695341,0,91290.96066917201
2026-01-30 00:00:00,3866854.637695341,0,90138.96871501666
2026-01-30 02:00:00,3866854.637695341,1,92022.10658030666
2026-01-30 04:00:00,3914986.0105195614,0,93411.84998090725
2026-01-30 06:00:00,3914986.0105195614,-1,91977.75867030877
2026-01-30 08:00:00,4062762.3024510443,0,88139.2543365551
2026-01-30 10:00:00,4062762.3024510443,1,87578.5268573424
2026-01-30 12:00:00,4068097.9434481016,1,87699.59760301138
2026-01-30 14:00:00,4075425.189269253,1,87865.85974766393
2026-01-30 16:00:00,4024604.9081817865,1,86712.69945637736
2026-01-30 18:00:00,4037910.0851452695,1,87014.60651817465
2026-01-30 20:00:00,4210621.592955018,1,90933.59414265573
2026-01-30 22:00:00,4179950.308018769,0,90412.79070354384
2026-01-31 00:00:00,4179950.308018769,0,90623.6787870565
2026-01-31 02:00:00,4179950.308018769,0,90617.09353723431
2026-01-31 04:00:00,4179950.308018769,0,90614.7846504087
2026-01-31 06:00:00,4179950.308018769,0,90603.22023224148
2026-01-31 08:00:00,4179950.308018769,0,90598.02811546283
2026-01-31 10:00:00,4179950.308018769,0,90613.39079355382
2026-01-31 12:00:00,4179950.308018769,0,90622.8161289937
2026-01-31 14:00:00,4179950.308018769,0,90642.69506806222
2026-01-31 16:00:00,4179950.308018769,0,90648.38649928688
2026-01-31 18:00:00,4179950.308018769,0,90661.74147725514
2026-01-31 20:00:00,4179950.308018769,0,90665.80126331653
2026-01-31 22:00:00,4179950.308018769,0,90658.89578530552
2026-02-01 00:00:00,4179950.308018769,0,90292.73683512537
2026-02-01 02:00:00,4179950.308018769,0,90293.1279397485
2026-02-01 04:00:00,4179950.308018769,0,90293.30027807323
2026-02-01 06:00:00,4179950.308018769,0,90293.97222202945
2026-02-01 08:00:00,4179950.308018769,0,90294.41718300204
2026-02-01 10:00:00,4179950.308018769,0,90295.21559540696
2026-02-01 12:00:00,4179950.308018769,0,90296.24650718123
2026-02-01 14:00:00,4179950.308018769,0,90295.79037596157
2026-02-01 16:00:00,4179950.308018769,0,90295.24012939824
2026-02-01 18:00:00,4179950.308018769,0,90294.94078719191
2026-02-01 20:00:00,4179950.308018769,0,90294.19646018428
2026-02-01 22:00:00,4179950.308018769,0,90294.04592157919
2026-02-02 00:00:00,4179950.308018769,0,90241.21862716343
2026-02-02 02:00:00,4179950.308018769,0,90280.0454102087
2026-02-02 04:00:00,4179950.308018769,0,90432.27148690252
2026-02-02 06:00:00,4179950.308018769,0,90239.75277112743
2026-02-02 08:00:00,4179950.308018769,0,90202.65859885159
2026-02-02 10:00:00,4179950.308018769,0,90176.06876305737
2026-02-02 12:00:00,4179950.308018769,0,90204.74950781756
2026-02-02 14:00:00,4179950.308018769,0,90209.88363891027
2026-02-02 16:00:00,4179950.308018769,0,90168.69220794497
2026-02-02 18:00:00,4179950.308018769,0,90115.35627898765
2026-02-02 20:00:00,4179950.308018769,0,89999.50834294037
2026-02-02 22:00:00,4179950.308018769,0,89975.46994425669
2026-02-03 00:00:00,4179950.308018769,0,89618.24839059013
2026-02-03 02:00:00,4179950.308018769,1,91949.3744828064
2026-02-03 04:00:00,4136648.8302096394,0,90862.38937761428
2026-02-03 06:00:00,4136648.8302096394,0,89702.00050563851
2026-02-03 08:00:00,4136648.8302096394,0,89411.33355083813
2026-02-03 10:00:00,4136648.8302096394,1,87343.20673683369
2026-02-03 12:00:00,4209051.12950334,1,88952.40380100624
2026-02-03 14:00:00,4282213.522735232,0,90753.18095393296
2026-02-03 16:00:00,4282213.522735232,0,90744.8933897426
2026-02-03 18:00:00,4282213.522735232,0,92033.63289955514
2026-02-03 20:00:00,4282213.522735232,-1,89391.20255644119
2026-02-03 22:00:00,4240464.853842126,0,90129.79216924714
2026-02-04 00:00:00,4240464.853842126,0,90071.4955458888
2026-02-04 02:00:00,4240464.853842126,0,89976.00692437752
2026-02-04 04:00:00,4240464.853842126,0,91242.89340986956
2026-02-04 06:00:00,4240464.853842126,0,92336.64583470616
2026-02-04 08:00:00,4240464.853842126,-1,92252.27095729597
2026-02-04 10:00:00,4242921.060031205,0,92011.51870950554
2026-02-04 12:00:00,4242921.060031205,0,94153.66820375487
2026-02-04 14:00:00,4242921.060031205,-1,94559.56332990671
2026-02-04 16:00:00,4361864.736176388,-1,91769.21604991038
2026-02-04 18:00:00,4397136.810500546,0,90752.63522171287
2026-02-04 20:00:00,4397136.810500546,0,90558.51828430156
2026-02-04 22:00:00,4397136.810500546,0,90080.89502001606
2026-02-05 00:00:00,4397136.810500546,0,90137.71225240451
2026-02-05 02:00:00,4397136.810500546,0,89861.85432627886
2026-02-05 04:00:00,4397136.810500546,0,89693.12339023694
2026-02-05 06:00:00,4397136.810500546,0,89585.47316671997
2026-02-05 08:00:00,4397136.810500546,0,89661.85750603079
2026-02-05 10:00:00,4397136.810500546,0,89460.74738304519
2026-02-05 12:00:00,4397136.810500546,0,89531.12538690954
2026-02-05 14:00:00,4397136.810500546,0,89440.90480715662
2026-02-05 16:00:00,4397136.810500546,0,89670.4980660683
2026-02-05 18:00:00,4397136.810500546,0,89618.93144749566
2026-02-05 20:00:00,4397136.810500546,0,89403.41403075116
2026-02-05 22:00:00,4397136.810500546,0,89446.81983591843
2026-02-06 00:00:00,4397136.810500546,0,89309.94762938112
2026-02-06 02:00:00,4397136.810500546,0,89218.23007496771
2026-02-06 04:00:00,4397136.810500546,0,89348.93927243553
2026-02-06 06:00:00,4397136.810500546,0,89445.84158798736
2026-02-06 08:00:00,4397136.810500546,0,88977.62182918315
2026-02-06 10:00:00,4397136.810500546,0,88668.83595780224
2026-02-06 12:00:00,4397136.810500546,0,88777.02046811368
2026-02-06 14:00:00,4397136.810500546,0,88992.79581657886
2026-02-06 16:00:00,4397136.810500546,0,89129.44988766428
2026-02-06 18:00:00,4397136.810500546,0,89076.67156473204
2026-02-06 20:00:00,4397136.810500546,0,88875.72051500948
2026-02-06 22:00:00,4397136.810500546,0,88920.22982883219
2026-02-07 00:00:00,4397136.810500546,0,88755.91556701566
2026-02-07 02:00:00,4397136.810500546,0,88361.60201982236
2026-02-07 04:00:00,4397136.810500546,0,88008.36629537928
2026-02-07 06:00:00,4397136.810500546,1,87875.2336647514
2026-02-07 08:00:00,4396240.698735827,1,87856.38263458812
2026-02-07 10:00:00,4407087.238309685,1,88084.55556203316
2026-02-07 12:00:00,4411229.897283625,0,88347.4529594092
2026-02-07 14:00:00,4411229.897283625,0,88288.01869457331
2026-02-07 16:00:00,4411229.897283625,0,88415.95581168272
2026-02-07 18:00:00,4411229.897283625,0,88398.31617746271
2026-02-07 20:00:00,4411229.897283625,0,88387.03077222231
2026-02-07 22:00:00,4411229.897283625,0,88251.17646376143
2026-02-08 00:00:00,4411229.897283625,0,88782.50352709804
2026-02-08 02:00:00,4411229.897283625,0,88566.16974875049
2026-02-08 04:00:00,4411229.897283625,0,88436.3314064921
2026-02-08 06:00:00,4411229.897283625,0,88664.2665021374
2026-02-08 08:00:00,4411229.897283625,0,88570.09535882766
2026-02-08 10:00:00,4411229.897283625,0,88606.49617726816
2026-02-08 12:00:00,4411229.897283625,0,88634.77836239812
2026-02-08 14:00:00,4411229.897283625,0,88557.07202558384
2026-02-08 16:00:00,4411229.897283625,0,88554.82061029748
2026-02-08 18:00:00,4411229.897283625,0,88387.37331299917
2026-02-08 20:00:00,4411229.897283625,0,88349.2562680516
2026-02-08 22:00:00,4411229.897283625,0,88310.37754678412
2026-02-09 00:00:00,4411229.897283625,0,88280.54522645888
2026-02-09 02:00:00,4411229.897283625,0,88465.93362345026
2026-02-09 04:00:00,4411229.897283625,0,88632.72718237259
2026-02-09 06:00:00,4411229.897283625,0,88340.3267358668
2026-02-09 08:00:00,4411229.897283625,0,88549.47530108724
2026-02-09 10:00:00,4411229.897283625,0,88492.3092481742
2026-02-09 12:00:00,4411229.897283625,0,88681.0940201044
2026-02-09 14:00:00,4411229.897283625,0,88668.11760112688
2026-02-09 16:00:00,4411229.897283625,0,88442.51744835923
2026-02-09 18:00:00,4411229.897283625,0,88548.9879104061
2026-02-09 20:00:00,4411229.897283625,0,88502.67256701778
2026-02-09 22:00:00,4411229.897283625,0,88581.0334695097
2026-02-10 00:00:00,4411229.897283625,0,88830.30520550758
2026-02-10 02:00:00,4411229.897283625,-1,85895.24412296864
2026-02-10 04:00:00,4480384.295575526,1,84306.01055570686
2026-02-10 06:00:00,4479172.218862268,1,84282.00289888174
2026-02-10 08:00:00,4502381.587598398,1,84741.71188730648
2026-02-10 10:00:00,4522499.235785896,1,85140.18303070137
2026-02-10 12:00:00,4603263.3108778205,0,86908.49264306056
2026-02-10 14:00:00,4603263.3108778205,0,84500.62622170332
2026-02-10 16:00:00,4603263.3108778205,1,85285.46339319913
2026-02-10 18:00:00,4697314.430538179,0,87290.24644783755
2026-02-10 20:00:00,4697314.430538179,0,88674.52439090528
2026-02-10 22:00:00,4697314.430538179,0,89505.71816545895
2026-02-11 00:00:00,4697314.430538179,0,90108.96596621578
2026-02-11 02:00:00,4697314.430538179,0,90324.28251197294
2026-02-11 04:00:00,4697314.430538179,0,89512.95602694499
2026-02-11 06:00:00,4697314.430538179,0,89515.00121304113
2026-02-11 08:00:00,4697314.430538179,0,89734.82033573193
2026-02-11 10:00:00,4697314.430538179,0,88712.02882171232
2026-02-11 12:00:00,4697314.430538179,0,87809.68968895209
2026-02-11 14:00:00,4697314.430538179,0,87691.91464137792
2026-02-11 16:00:00,4697314.430538179,0,88169.91650426072
2026-02-11 18:00:00,4697314.430538179,0,88446.90274753886
2026-02-11 20:00:00,4697314.430538179,0,88487.92323054162
2026-02-11 22:00:00,4697314.430538179,0,89495.29993162537
2026-02-12 00:00:00,4697314.430538179,0,89357.84668557637
2026-02-12 02:00:00,4697314.430538179,0,89361.56930542912
2026-02-12 04:00:00,4697314.430538179,0,89343.65013285699
2026-02-12 06:00:00,4697314.430538179,0,89307.3732286919
2026-02-12 08:00:00,4697314.430538179,0,89304.1154959697
2026-02-12 10:00:00,4697314.430538179,0,89295.72839760095
2026-02-12 12:00:00,4697314.430538179,0,89324.40465076211
2026-02-12 14:00:00,4697314.430538179,0,89285.17570758617
2026-02-12 16:00:00,4697314.430538179,0,89256.77757222399
2026-02-12 18:00:00,4697314.430538179,0,89256.92755356613
2026-02-12 20:00:00,4697314.430538179,0,89265.30028636123
2026-02-12 22:00:00,4697314.430538179,0,89269.85021453044
2026-02-13 00:00:00,4697314.430538179,0,88179.99873063185
2026-02-13 02:00:00,4697314.430538179,0,88106.87011284729
2026-02-13 04:00:00,4697314.430538179,0,88320.84861005742
2026-02-13 06:00:00,4697314.430538179,0,87640.97190457559
2026-02-13 08:00:00,4697314.430538179,0,86858.26287270711
2026-02-13 10:00:00,4697314.430538179,1,86988.74180886871
2026-02-13 12:00:00,4751494.251632984,1,88044.89612588067
2026-02-13 14:00:00,4775826.997858275,0,88693.20398658894
2026-02-13 16:00:00,4775826.997858275,0,88464.2787596565
2026-02-13 18:00:00,4775826.997858275,0,88581.04437216578
2026-02-13 20:00:00,4775826.997858275,0,89555.43358511545
2026-02-13 22:00:00,4775826.997858275,0,88541.74286718892
2026-02-14 00:00:00,4775826.997858275,0,88612.78945500687
2026-02-14 02:00:00,4775826.997858275,0,88506.6455811946
2026-02-14 04:00:00,4775826.997858275,0,88617.42768322221
2026-02-14 06:00:00,4775826.997858275,0,88519.86465015983
2026-02-14 08:00:00,4775826.997858275,0,88459.18791065895
2026-02-14 10:00:00,4775826.997858275,0,88473.09229183005
2026-02-14 12:00:00,4775826.997858275,0,88254.83697577381
2026-02-14 14:00:00,4775826.997858275,0,88407.5027322121
2026-02-14 16:00:00,4775826.997858275,0,88270.42444985254
2026-02-14 18:00:00,4775826.997858275,0,88207.62717580098
2026-02-14 20:00:00,4775826.997858275,0,88019.18696023781
2026-02-14 22:00:00,4775826.997858275,0,87761.67726341846
