entry_date,exit_date,direction,entry_price,exit_price,pnl_pct,pnl_dollar,bars_held,exit_reason
2024-02-02 06:00:00,2024-02-02 08:00:00,SHORT,43312.94695077659,43598.729381198136,-0.8598,-818.07,1,stop_loss
2024-02-02 10:00:00,2024-02-02 12:00:00,SHORT,43337.47298865586,43113.322494702996,0.3172,298.89,1,signal
2024-02-03 20:00:00,2024-02-04 00:00:00,SHORT,44279.18395002322,44566.08853538917,-0.8479,-802.59,2,stop_loss
2024-02-04 02:00:00,2024-02-04 10:00:00,SHORT,45502.67039424981,43686.51425944175,3.7913,3554.15,4,signal
2024-02-04 14:00:00,2024-02-04 16:00:00,LONG,43897.12712054717,43633.91248801509,-0.7996,-776.59,1,signal
2024-02-05 02:00:00,2024-02-05 04:00:00,LONG,42505.968088145266,43986.06969010337,3.2821,3163.39,1,signal
2024-02-05 20:00:00,2024-02-06 00:00:00,SHORT,46634.68037496654,44385.29234829767,4.6234,4595.14,2,signal
2024-02-08 02:00:00,2024-02-08 12:00:00,SHORT,47487.19901927293,47693.98638968003,-0.6355,-659.31,5,signal
2024-02-09 04:00:00,2024-02-09 10:00:00,SHORT,48109.412978400236,48539.994306955516,-1.095,-1131.09,3,stop_loss
2024-02-09 12:00:00,2024-02-09 16:00:00,SHORT,49004.2598388644,48378.34848263743,1.0773,1099.37,2,signal
2024-02-10 06:00:00,2024-02-10 14:00:00,SHORT,49479.769719874865,49094.57619567879,0.5785,596.4,4,signal
2024-02-10 20:00:00,2024-02-10 22:00:00,SHORT,49754.18552597084,49280.61830889332,0.7518,779.36,1,signal
2024-02-11 04:00:00,2024-02-11 06:00:00,SHORT,51488.930060617306,50042.88048722955,2.6085,2723.35,1,signal
2024-02-11 10:00:00,2024-02-11 14:00:00,LONG,48005.37249133721,48317.26051210018,0.4497,481.13,2,signal
2024-02-13 08:00:00,2024-02-13 12:00:00,SHORT,51712.76720819369,52199.1294866207,-1.1405,-1227.48,2,stop_loss
2024-02-13 14:00:00,2024-02-13 20:00:00,SHORT,52679.712961465695,51940.153486319905,1.2039,1279.51,3,signal
2024-02-15 02:00:00,2024-02-15 04:00:00,SHORT,51861.17762861323,51932.461071678525,-0.3375,-362.75,1,signal
2024-02-15 08:00:00,2024-02-15 12:00:00,SHORT,52335.62063998741,52495.944645229385,-0.5063,-542.56,2,signal
2024-02-15 14:00:00,2024-02-15 18:00:00,SHORT,52653.04555223801,52728.116751200956,-0.3426,-365.32,2,signal
2024-02-15 20:00:00,2024-02-16 02:00:00,SHORT,52940.226652780824,52860.70208840243,-0.0498,-52.92,3,signal
2024-02-16 12:00:00,2024-02-16 20:00:00,SHORT,53567.950967394085,53571.51726250006,-0.2067,-219.55,4,signal
2024-02-17 16:00:00,2024-02-18 00:00:00,SHORT,54125.264645929936,54459.20034069081,-0.817,-867.55,4,stop_loss
2024-02-18 02:00:00,2024-02-18 04:00:00,SHORT,54559.69658135703,53942.70314460912,0.9309,979.34,1,signal
2024-02-18 08:00:00,2024-02-18 10:00:00,SHORT,53646.79035371721,53519.99817506892,0.0363,38.58,1,signal
2024-02-18 14:00:00,2024-02-18 16:00:00,LONG,53992.987483980185,54078.5953327467,-0.0414,-44.01,1,signal
2024-02-19 22:00:00,2024-02-20 00:00:00,SHORT,54877.010772068905,54974.74414974457,-0.3781,-401.28,1,signal
2024-02-20 02:00:00,2024-02-20 06:00:00,SHORT,55041.60292115838,54969.6857041351,-0.0693,-73.33,2,signal
2024-02-20 16:00:00,2024-02-20 18:00:00,SHORT,55307.732745418936,55484.49084949332,-0.5196,-549.11,1,signal
2024-02-20 20:00:00,2024-02-21 00:00:00,SHORT,55610.65570185241,54660.59195108654,1.5084,1586.26,2,signal
2024-02-21 02:00:00,2024-02-21 04:00:00,LONG,54769.05818465639,54400.05028889982,-0.8738,-932.01,1,signal
2024-02-21 06:00:00,2024-02-21 08:00:00,LONG,55405.79872771007,55339.57534399817,-0.3195,-338.0,1,signal
2024-02-21 12:00:00,2024-02-21 22:00:00,SHORT,56787.9249447651,56248.55194379082,0.7498,790.75,5,signal
2024-02-22 02:00:00,2024-02-22 04:00:00,LONG,56230.63688652825,55022.32302331159,-2.3489,-2494.76,1,signal
2024-02-22 08:00:00,2024-02-22 12:00:00,LONG,45350.97573323695,41914.47800190412,-7.7776,-8060.63,2,stop_loss
2024-02-22 14:00:00,2024-02-22 20:00:00,LONG,39063.2097105919,55373.24786683114,41.5529,39967.42,3,signal
2024-02-24 06:00:00,2024-02-24 08:00:00,LONG,55647.286065158165,55245.69146736698,-0.9217,-1234.53,1,stop_loss
2024-02-24 10:00:00,2024-02-24 12:00:00,LONG,54850.80196411276,54198.158608380385,-1.3899,-1845.07,1,stop_loss
2024-02-24 14:00:00,2024-02-24 16:00:00,LONG,54646.13551424586,56771.44277990314,3.6892,4841.28,1,signal
2024-02-25 00:00:00,2024-02-25 04:00:00,SHORT,57867.000661943326,57974.59668231027,-0.3859,-524.21,2,signal
2024-02-26 04:00:00,2024-02-26 10:00:00,SHORT,59530.73223391291,58590.98110861958,1.3786,1865.64,3,signal
2024-02-27 04:00:00,2024-02-27 08:00:00,SHORT,59980.95241921892,60637.868203426384,-1.2952,-1778.75,2,stop_loss
2024-02-27 10:00:00,2024-02-27 12:00:00,SHORT,60211.091152464214,59477.670244192246,1.0181,1378.6,1,signal
2024-02-28 18:00:00,2024-02-28 20:00:00,SHORT,59961.42687191566,60034.25178339938,-0.3215,-439.49,1,signal
2024-02-29 00:00:00,2024-02-29 06:00:00,SHORT,60478.17543425473,60866.22975790291,-0.8416,-1148.94,3,stop_loss
2024-02-29 08:00:00,2024-02-29 12:00:00,SHORT,60935.36633445583,60634.615707011726,0.2936,396.92,2,signal
2024-02-29 18:00:00,2024-02-29 22:00:00,SHORT,61327.32158484925,61003.914641427364,0.3273,443.85,2,signal
2024-03-01 04:00:00,2024-03-01 06:00:00,LONG,59469.05960666658,59232.44533666444,-0.5979,-813.18,1,signal
2024-03-01 10:00:00,2024-03-01 12:00:00,SHORT,62840.186594183964,64601.53155845947,-3.0029,-4068.65,1,stop_loss
2024-03-01 14:00:00,2024-03-01 16:00:00,SHORT,60209.37546360129,59055.423231001725,1.7166,2255.11,1,signal
2024-03-03 06:00:00,2024-03-03 16:00:00,SHORT,61807.369651034365,61831.03997317443,-0.2383,-318.16,5,signal
2024-03-03 20:00:00,2024-03-04 00:00:00,SHORT,61960.94572177376,62169.86120081149,-0.5372,-716.48,2,stop_loss
2024-03-04 02:00:00,2024-03-04 08:00:00,SHORT,62863.292072393255,60897.57236941894,2.927,3879.2,3,signal
2024-03-04 10:00:00,2024-03-04 12:00:00,LONG,61159.75834635782,60691.56267058938,-0.9655,-1315.22,1,signal
2024-03-04 14:00:00,2024-03-04 16:00:00,LONG,61031.37981636041,61975.07258442598,1.3462,1817.0,1,signal
2024-03-05 16:00:00,2024-03-05 20:00:00,SHORT,64402.5205499565,63975.614481492856,0.4629,632.72,2,signal
2024-03-06 22:00:00,2024-03-07 02:00:00,SHORT,64352.40294374967,63936.44592895694,0.4464,612.85,2,signal
2024-03-08 00:00:00,2024-03-08 04:00:00,SHORT,65202.58560800893,65614.48360763838,-0.8317,-1148.5,2,stop_loss
2024-03-08 06:00:00,2024-03-08 10:00:00,SHORT,65724.52122588317,65419.70523078509,0.2638,360.81,2,signal
2024-03-10 04:00:00,2024-03-10 06:00:00,SHORT,64864.03703431895,64874.93099325696,-0.2168,-297.29,1,signal
2024-03-10 10:00:00,2024-03-10 12:00:00,LONG,64867.39099040248,65768.33670558233,1.1889,1626.98,1,signal
2024-03-10 18:00:00,2024-03-11 00:00:00,SHORT,66472.07063356902,67101.5816488416,-1.147,-1590.03,3,stop_loss
2024-03-11 02:00:00,2024-03-11 04:00:00,LONG,65519.386245310336,66232.67517268493,0.8887,1216.43,1,signal
2024-03-11 08:00:00,2024-03-11 12:00:00,SHORT,72020.46421295067,67800.47215518024,5.6594,7812.16,2,signal
2024-03-12 02:00:00,2024-03-12 06:00:00,SHORT,103553.49468407324,99096.81612878658,4.1037,5969.28,2,signal
2024-03-12 08:00:00,2024-03-12 10:00:00,SHORT,26938.11913744173,42294.36673158116,-57.2056,-86455.01,1,signal
2024-03-12 10:00:00,2024-03-12 12:00:00,LONG,42294.36673158116,35617.83468242927,-15.9859,-11029.92,1,signal
2024-03-12 14:00:00,2024-03-12 16:00:00,LONG,42155.54350816457,28563.733753818375,-32.442,-18984.93,1,signal
2024-03-14 16:00:00,2024-03-14 22:00:00,SHORT,69684.06217085043,69580.92296398088,-0.052,-21.05,3,signal
2024-03-15 20:00:00,2024-03-15 22:00:00,LONG,69103.70288852963,69100.39416843785,-0.2048,-82.87,1,signal
2024-03-17 02:00:00,2024-03-17 04:00:00,LONG,68735.71139952743,68778.6181053718,-0.1376,-55.56,1,signal
2024-03-17 12:00:00,2024-03-17 16:00:00,SHORT,69539.08879676404,69536.94953781432,-0.1969,-79.42,2,signal
2024-03-17 18:00:00,2024-03-17 22:00:00,SHORT,69702.5762582115,69905.81422807022,-0.4916,-197.89,2,signal
2024-03-18 00:00:00,2024-03-18 06:00:00,SHORT,70218.44590234579,70066.64733588474,0.0162,6.48,3,signal
2024-03-18 20:00:00,2024-03-19 02:00:00,LONG,68298.87355783823,67647.84494899638,-1.1532,-461.38,3,stop_loss
2024-03-19 04:00:00,2024-03-19 06:00:00,LONG,67963.66981774027,67825.27205123943,-0.4036,-159.99,1,signal
2024-03-20 04:00:00,2024-03-20 06:00:00,SHORT,67905.54348961907,68410.64820250265,-0.9438,-373.26,1,stop_loss
2024-03-20 08:00:00,2024-03-20 12:00:00,SHORT,68520.26946450642,68993.3143044051,-0.8904,-348.94,2,stop_loss
2024-03-20 14:00:00,2024-03-20 20:00:00,SHORT,69475.6533213615,69304.37317402603,0.0465,18.05,3,signal
2024-03-21 02:00:00,2024-03-21 04:00:00,LONG,67728.3038268237,68686.13645862692,1.2142,471.31,1,signal
2024-03-21 16:00:00,2024-03-21 18:00:00,SHORT,69152.95276322606,66757.12026100737,3.2645,1281.77,1,signal
2024-03-21 20:00:00,2024-03-22 00:00:00,LONG,65924.23867965298,66177.40283531255,0.184,74.49,2,signal
2024-03-22 08:00:00,2024-03-22 10:00:00,LONG,65782.30958739572,65842.3458774923,-0.1087,-44.09,1,signal
2024-03-23 16:00:00,2024-03-23 22:00:00,SHORT,67025.73332774299,66881.19718018353,0.0156,6.34,3,signal
2024-03-24 16:00:00,2024-03-24 18:00:00,LONG,66345.27799701098,66314.7320993683,-0.246,-99.69,1,signal
2024-03-24 22:00:00,2024-03-25 04:00:00,LONG,65876.68386731425,65386.816206141964,-0.9436,-380.82,3,stop_loss
2024-03-25 06:00:00,2024-03-25 10:00:00,LONG,65435.9108455323,65358.2920714004,-0.3186,-127.64,2,signal
2024-03-27 02:00:00,2024-03-27 06:00:00,SHORT,66175.64521511782,65827.51023935855,0.3261,130.23,2,signal
2024-03-27 10:00:00,2024-03-27 12:00:00,SHORT,66590.5211416657,66966.00332884437,-0.7639,-306.47,1,stop_loss
2024-03-27 14:00:00,2024-03-27 18:00:00,SHORT,67013.58313703572,65732.89736297204,1.7111,680.51,2,signal
2024-03-27 22:00:00,2024-03-28 00:00:00,LONG,65525.850162160445,65604.79174986531,-0.0795,-32.14,1,signal
2024-03-28 06:00:00,2024-03-28 08:00:00,LONG,64958.91286978117,65022.401078063696,-0.1023,-41.3,1,signal
2024-03-30 02:00:00,2024-03-30 04:00:00,LONG,65732.85892966967,65094.26714839525,-1.1715,-471.89,1,stop_loss
2024-03-30 08:00:00,2024-03-30 12:00:00,LONG,60247.43197810952,63406.03173422257,5.0427,2012.01,2,signal
2024-04-03 02:00:00,2024-04-03 14:00:00,LONG,65849.83283485005,65756.90657047048,-0.3411,-142.62,6,signal
2024-04-04 12:00:00,2024-04-04 14:00:00,LONG,65645.38847550302,65404.459973485966,-0.567,-236.31,1,signal
2024-04-04 16:00:00,2024-04-04 18:00:00,LONG,65448.097937255916,65583.67789925926,0.0072,2.97,1,signal
2024-04-05 00:00:00,2024-04-05 04:00:00,SHORT,66398.91353448565,65286.48444903661,1.4754,611.6,2,signal
2024-04-05 04:00:00,2024-04-05 06:00:00,LONG,65286.48444903661,65585.66399078471,0.2583,108.56,1,signal
2024-04-05 10:00:00,2024-04-05 20:00:00,LONG,64789.963657275875,65259.10897963773,0.5241,220.84,5,signal
2024-04-08 02:00:00,2024-04-08 04:00:00,SHORT,64334.82239335968,64310.33313030361,-0.1619,-68.58,1,signal
2024-04-08 04:00:00,2024-04-08 12:00:00,LONG,64310.33313030361,63939.52243248753,-0.7766,-328.36,4,signal
2024-04-08 14:00:00,2024-04-08 16:00:00,LONG,64505.40265495854,63882.88333697766,-1.1651,-488.98,1,signal
2024-04-08 20:00:00,2024-04-08 22:00:00,LONG,63213.98702592579,64156.51015650144,1.291,535.84,1,signal
2024-04-09 02:00:00,2024-04-09 04:00:00,SHORT,59840.902014364394,64971.38151146562,-8.7735,-3693.41,1,stop_loss
2024-04-09 10:00:00,2024-04-09 12:00:00,LONG,53502.61140232623,55092.23873857891,2.7711,1067.06,1,signal
2024-04-09 20:00:00,2024-04-09 22:00:00,LONG,55782.31605899823,41732.77533122626,-25.3864,-10032.69,1,signal
2024-04-12 04:00:00,2024-04-12 06:00:00,SHORT,63065.53373872426,62486.38022071641,0.7183,215.42,1,signal
2024-04-12 08:00:00,2024-04-12 10:00:00,LONG,62770.70938453589,62631.24437272418,-0.4222,-127.47,1,signal
2024-04-12 12:00:00,2024-04-12 14:00:00,LONG,62965.64585163418,62715.16903406485,-0.5978,-179.77,1,signal
2024-04-12 18:00:00,2024-04-12 22:00:00,LONG,61180.447654119744,62529.92955614798,2.0057,599.75,2,signal
2024-04-13 02:00:00,2024-04-13 04:00:00,SHORT,63864.59043326081,64394.37859023676,-1.0295,-313.72,1,signal
2024-04-13 06:00:00,2024-04-13 10:00:00,SHORT,65575.05591101892,64199.50696116296,1.8977,572.59,2,signal
2024-04-14 04:00:00,2024-04-14 08:00:00,LONG,61482.170616134325,61861.782447286205,0.4174,128.22,2,signal
2024-04-15 20:00:00,2024-04-16 00:00:00,SHORT,62362.41772915039,62050.742696913294,0.2998,92.45,2,signal
2024-04-17 02:00:00,2024-04-17 04:00:00,LONG,60009.01099001209,59595.892950399575,-0.8884,-274.34,1,stop_loss
2024-04-17 06:00:00,2024-04-17 08:00:00,LONG,58102.64268672043,57443.33538886375,-1.3347,-408.62,1,stop_loss
2024-04-17 10:00:00,2024-04-17 16:00:00,LONG,56230.89198791942,59451.09056404523,5.5267,1673.4,3,signal
2024-04-20 10:00:00,2024-04-20 12:00:00,SHORT,62263.33610993722,61723.2995881662,0.6673,212.67,1,signal
2024-04-20 20:00:00,2024-04-21 00:00:00,LONG,59205.551716035356,60679.7049433914,2.2899,734.37,2,signal
2024-04-22 00:00:00,2024-04-22 04:00:00,LONG,57500.11947762937,59977.422908391156,4.1083,1346.21,2,signal
2024-04-22 18:00:00,2024-04-23 00:00:00,SHORT,63098.783270989894,61448.236707718075,2.4158,822.5,3,signal
2024-04-24 14:00:00,2024-04-24 16:00:00,LONG,59911.00119978643,60718.27882805423,1.1475,399.64,1,signal
2024-04-24 20:00:00,2024-04-24 22:00:00,SHORT,60026.83257075464,59879.98421689789,0.0446,15.72,1,signal
2024-04-26 10:00:00,2024-04-26 14:00:00,SHORT,59857.42112146192,59460.68218159232,0.4628,163.01,2,signal
2024-04-26 20:00:00,2024-04-26 22:00:00,LONG,58452.22093691837,58287.40935665758,-0.482,-170.5,1,signal
2024-04-27 02:00:00,2024-04-27 04:00:00,LONG,58128.24541340035,57904.53785576038,-0.5849,-205.96,1,signal
2024-04-28 02:00:00,2024-04-28 08:00:00,LONG,56871.99099867379,56909.68959428982,-0.1337,-46.83,3,signal
2024-04-29 06:00:00,2024-04-29 08:00:00,LONG,56873.2721654732,56700.1825496006,-0.5043,-176.4,1,signal
2024-04-29 10:00:00,2024-04-29 12:00:00,LONG,56823.17004373241,56670.71550350498,-0.4683,-163.0,1,signal
2024-04-29 14:00:00,2024-04-29 18:00:00,LONG,56635.06066938855,56620.90770832457,-0.225,-77.97,2,signal
2024-04-29 22:00:00,2024-04-30 00:00:00,LONG,56325.94529979507,56025.25326896758,-0.7338,-253.38,1,stop_loss
2024-04-30 02:00:00,2024-04-30 04:00:00,LONG,49634.72571865484,48584.824297923726,-2.3153,-793.56,1,stop_loss
2024-04-30 06:00:00,2024-04-30 08:00:00,LONG,45551.14317096148,48937.968578878834,7.2352,2429.88,1,signal
2024-05-02 06:00:00,2024-05-02 08:00:00,SHORT,55643.08115908786,55841.62399949256,-0.5568,-199.85,1,signal
2024-05-02 10:00:00,2024-05-02 14:00:00,SHORT,55882.88451977014,55974.24908006115,-0.3635,-129.78,2,signal
2024-05-02 16:00:00,2024-05-02 18:00:00,SHORT,55909.30710668657,56088.40692618405,-0.5203,-185.13,1,signal
2024-05-02 20:00:00,2024-05-02 22:00:00,SHORT,55961.484666751756,56033.78478396777,-0.3292,-116.55,1,signal
2024-05-03 02:00:00,2024-05-03 06:00:00,SHORT,56290.8647883506,56307.59530346083,-0.2297,-81.08,2,signal
2024-05-03 08:00:00,2024-05-03 18:00:00,SHORT,56437.70608657262,56543.78445351008,-0.388,-136.62,5,signal
2024-05-04 02:00:00,2024-05-04 12:00:00,SHORT,57291.75452773871,57398.60072712726,-0.3865,-135.61,5,signal
2024-05-05 02:00:00,2024-05-05 04:00:00,SHORT,58036.125818895314,58303.498424694284,-0.6607,-231.28,1,stop_loss
2024-05-05 06:00:00,2024-05-05 12:00:00,SHORT,59098.72726329083,57938.34096427829,1.7635,612.58,3,signal
2024-05-07 02:00:00,2024-05-07 04:00:00,SHORT,58584.57393458829,58614.05345310744,-0.2503,-88.41,1,signal
2024-05-07 16:00:00,2024-05-07 20:00:00,SHORT,58837.51178026703,59086.57366375125,-0.6233,-219.92,2,stop_loss
2024-05-07 22:00:00,2024-05-08 00:00:00,SHORT,58909.32517296047,58853.17600004051,-0.1047,-36.67,1,signal
2024-05-08 04:00:00,2024-05-08 06:00:00,SHORT,59016.50612089916,59249.07480257996,-0.5941,-208.15,1,stop_loss
2024-05-08 18:00:00,2024-05-08 20:00:00,SHORT,59177.7966304806,59545.20619822695,-0.8209,-286.04,1,stop_loss
2024-05-08 22:00:00,2024-05-09 00:00:00,SHORT,59388.425936443484,59360.761775826766,-0.1534,-52.96,1,signal
2024-05-09 04:00:00,2024-05-09 12:00:00,SHORT,59672.428497682835,59821.3761769108,-0.4496,-154.99,4,signal
2024-05-10 02:00:00,2024-05-10 08:00:00,SHORT,60352.19940665143,60456.41520702924,-0.3727,-127.92,3,signal
2024-05-10 10:00:00,2024-05-10 12:00:00,SHORT,60455.47302787529,60793.319518304015,-0.7588,-259.93,1,stop_loss
2024-05-10 14:00:00,2024-05-10 22:00:00,SHORT,61148.60843571521,61250.36254532851,-0.3664,-124.42,4,signal
2024-05-12 06:00:00,2024-05-12 14:00:00,SHORT,62028.20682105818,62148.60943582923,-0.3941,-133.36,4,signal
2024-05-13 02:00:00,2024-05-13 04:00:00,SHORT,66447.36071317592,67296.97118606512,-1.4786,-499.32,1,stop_loss
2024-05-13 06:00:00,2024-05-13 10:00:00,SHORT,66212.0810965229,67345.4056027196,-1.9117,-636.51,2,stop_loss
2024-05-13 12:00:00,2024-05-13 14:00:00,SHORT,64255.87651486978,64965.966043103566,-1.3051,-425.88,1,signal
2024-05-16 04:00:00,2024-05-16 06:00:00,SHORT,65166.102008899536,65444.67702117532,-0.6275,-202.5,1,stop_loss
2024-05-16 10:00:00,2024-05-16 12:00:00,SHORT,65298.905503803035,65640.3372545892,-0.7229,-231.91,1,stop_loss
2024-05-16 14:00:00,2024-05-16 16:00:00,SHORT,65379.2817407406,65488.436084728826,-0.367,-116.75,1,signal
2024-05-17 02:00:00,2024-05-17 04:00:00,LONG,65332.77442642419,65524.85939195945,0.094,29.8,1,signal
2024-05-18 02:00:00,2024-05-18 04:00:00,SHORT,65618.01751331157,65583.98770048073,-0.1481,-47.01,1,signal
2024-05-18 22:00:00,2024-05-19 06:00:00,SHORT,66416.8450143423,66699.34455636072,-0.6253,-198.16,4,signal
2024-05-20 06:00:00,2024-05-20 16:00:00,SHORT,67952.01799743892,66527.43352690391,1.8965,597.37,5,signal
2024-05-22 04:00:00,2024-05-22 08:00:00,SHORT,67346.20939925392,67267.28108450527,-0.0828,-26.55,2,signal
2024-05-23 00:00:00,2024-05-23 02:00:00,LONG,66654.37608338904,66660.18335051781,-0.1913,-61.29,1,signal
2024-05-23 10:00:00,2024-05-23 12:00:00,SHORT,67158.92332384223,66939.54940522039,0.1266,40.51,1,signal
2024-05-23 22:00:00,2024-05-24 02:00:00,SHORT,67605.3963189153,67366.83023979873,0.1529,48.96,2,signal
2024-05-24 06:00:00,2024-05-24 08:00:00,LONG,67223.12030634639,67462.49550811076,0.1561,50.06,1,signal
2024-05-25 02:00:00,2024-05-25 04:00:00,LONG,67686.24440354564,68193.80866409399,0.5499,176.6,1,signal
2024-05-25 06:00:00,2024-05-25 10:00:00,SHORT,69748.29940464908,69197.07434750111,0.5903,190.57,2,signal
2024-05-25 12:00:00,2024-05-25 14:00:00,SHORT,67826.3007702606,69208.28696739454,-2.2375,-726.41,1,signal
2024-05-25 20:00:00,2024-05-26 00:00:00,LONG,64395.54279781594,66700.22083371555,3.3789,1073.65,2,signal
2024-05-27 12:00:00,2024-05-27 14:00:00,SHORT,66304.15888709898,66362.88333700172,-0.2886,-94.64,1,signal
2024-05-28 00:00:00,2024-05-28 02:00:00,SHORT,66825.01024777592,67276.52277871182,-0.8757,-286.83,1,stop_loss
2024-05-28 04:00:00,2024-05-28 08:00:00,SHORT,68069.79632742249,67129.63661561091,1.1812,383.08,2,signal
2024-05-28 22:00:00,2024-05-29 00:00:00,SHORT,67538.20673116147,67369.19545537885,0.0502,16.48,1,signal
2024-05-29 06:00:00,2024-05-29 10:00:00,SHORT,69385.40389764811,68655.00351740846,0.8527,279.78,2,signal
2024-05-31 02:00:00,2024-05-31 04:00:00,SHORT,68329.47448391476,68029.10458205239,0.2396,79.25,1,signal
2024-05-31 16:00:00,2024-05-31 20:00:00,LONG,67724.03845404147,67449.34790732054,-0.6056,-200.51,2,stop_loss
2024-05-31 22:00:00,2024-06-01 00:00:00,LONG,67488.9832237692,67545.08053105084,-0.1169,-38.53,1,signal
2024-06-01 08:00:00,2024-06-01 10:00:00,SHORT,68060.82702604962,68461.71875394137,-0.789,-260.18,1,stop_loss
2024-06-01 12:00:00,2024-06-01 14:00:00,SHORT,68129.9343873397,67908.15515764216,0.1255,41.02,1,signal
2024-06-01 20:00:00,2024-06-02 00:00:00,LONG,66830.30318767684,67064.80719223435,0.1509,49.37,2,signal
2024-06-04 02:00:00,2024-06-04 04:00:00,LONG,66238.3693453596,65597.84534784866,-1.167,-381.73,1,stop_loss
2024-06-04 06:00:00,2024-06-04 08:00:00,LONG,65958.00916418491,66231.154380928,0.2141,69.38,1,signal
2024-06-04 20:00:00,2024-06-05 00:00:00,SHORT,68993.08802903448,68387.61826792346,0.6776,220.0,2,signal
2024-06-06 10:00:00,2024-06-06 12:00:00,SHORT,70803.15359567622,71458.39402624521,-1.1254,-368.36,1,stop_loss
2024-06-06 14:00:00,2024-06-06 16:00:00,SHORT,70778.75471490732,70721.2010321821,-0.1187,-38.37,1,signal
2024-06-06 22:00:00,2024-06-07 00:00:00,SHORT,71518.78833079078,72447.51443976074,-1.4986,-484.74,1,stop_loss
2024-06-07 02:00:00,2024-06-07 08:00:00,SHORT,76923.7246375942,74831.48466682095,2.5199,802.08,3,signal
2024-06-08 00:00:00,2024-06-08 02:00:00,LONG,69999.81840392838,69999.2154653792,-0.2009,-65.46,1,signal
2024-06-09 02:00:00,2024-06-09 04:00:00,SHORT,71573.06562576555,71962.31533446285,-0.7438,-242.33,1,stop_loss
2024-06-09 06:00:00,2024-06-09 14:00:00,SHORT,72927.8804112543,73444.91597442981,-0.909,-294.05,4,stop_loss
2024-06-09 16:00:00,2024-06-09 18:00:00,SHORT,71976.71215028173,69900.00864408,2.6852,859.82,1,signal
2024-06-09 22:00:00,2024-06-10 02:00:00,LONG,67970.00235459399,67910.37679788319,-0.2877,-94.48,2,signal
2024-06-11 02:00:00,2024-06-11 08:00:00,SHORT,68932.25845728272,68933.06664022777,-0.2012,-65.88,3,signal
2024-06-12 02:00:00,2024-06-12 06:00:00,LONG,68277.54014525919,68084.931086565,-0.4821,-157.39,2,stop_loss
2024-06-12 08:00:00,2024-06-12 12:00:00,LONG,68020.75806073476,68078.61486011525,-0.1149,-37.4,2,signal
2024-06-14 02:00:00,2024-06-14 04:00:00,SHORT,66709.33130958164,66640.63665922632,-0.097,-31.53,1,signal
2024-06-14 04:00:00,2024-06-14 06:00:00,LONG,66640.63665922632,65760.06190463432,-1.5214,-493.13,1,stop_loss
2024-06-14 08:00:00,2024-06-14 10:00:00,LONG,60867.41444264226,59162.27736213857,-3.0014,-958.69,1,stop_loss
2024-06-14 12:00:00,2024-06-14 16:00:00,LONG,57495.3946009274,58926.690009591,2.2894,711.79,2,signal
2024-06-15 04:00:00,2024-06-15 06:00:00,LONG,56575.24936911942,58569.513928212626,3.325,1056.23,1,signal
2024-06-15 18:00:00,2024-06-15 20:00:00,SHORT,61026.91419372861,62915.426642912986,-3.2946,-1079.63,1,signal
2024-06-17 02:00:00,2024-06-17 04:00:00,SHORT,64226.54037013569,63215.202163825634,1.3746,436.37,1,signal
2024-06-18 16:00:00,2024-06-18 18:00:00,LONG,62559.33174317381,63594.43634149183,1.4546,467.78,1,signal
2024-06-18 22:00:00,2024-06-19 00:00:00,SHORT,64091.58881587183,64841.476655966035,-1.37,-446.67,1,signal
2024-06-19 02:00:00,2024-06-19 06:00:00,SHORT,65140.396419333694,64992.546070371056,0.027,8.68,2,signal
2024-06-21 10:00:00,2024-06-21 12:00:00,LONG,62399.01714732585,62523.48384366914,-0.0005,-0.17,1,signal
2024-06-21 16:00:00,2024-06-21 20:00:00,LONG,61696.38921753903,61813.06430294546,-0.0109,-3.5,2,signal
2024-06-22 02:00:00,2024-06-22 04:00:00,SHORT,68618.23579037485,70042.71235847972,-2.2759,-733.82,1,stop_loss
2024-06-22 06:00:00,2024-06-22 08:00:00,SHORT,80976.03039356979,83815.78959481337,-3.7069,-1169.39,1,stop_loss
2024-06-22 10:00:00,2024-06-22 12:00:00,SHORT,95834.89970900436,100551.6660251885,-5.1218,-1558.76,1,stop_loss
2024-06-22 14:00:00,2024-06-22 18:00:00,SHORT,101411.88347100565,58440.55976434965,42.1731,12185.87,2,signal
2024-06-24 12:00:00,2024-06-24 18:00:00,LONG,61281.632090414394,61426.407756449225,0.0362,14.67,3,signal
2024-06-24 22:00:00,2024-06-25 00:00:00,LONG,61586.55171113498,61498.92172238579,-0.3423,-138.58,1,signal
2024-06-25 18:00:00,2024-06-25 20:00:00,LONG,60796.20969749271,60660.57928531959,-0.4231,-170.73,1,signal
2024-06-26 02:00:00,2024-06-26 04:00:00,LONG,48684.84399613207,46203.43235498275,-5.2969,-2124.81,1,stop_loss
2024-06-26 06:00:00,2024-06-26 10:00:00,LONG,34037.50318534042,41283.42726679715,21.0881,8049.95,2,signal
2024-06-28 06:00:00,2024-06-28 12:00:00,SHORT,64186.09617327919,61238.40632771787,4.3924,2012.62,3,signal
2024-06-28 20:00:00,2024-06-29 00:00:00,LONG,58578.34238200674,60224.483105510444,2.6102,1245.89,2,signal
2024-06-30 08:00:00,2024-06-30 14:00:00,LONG,60184.544037903295,60102.626691825935,-0.3361,-164.41,3,signal
2024-06-30 16:00:00,2024-06-30 18:00:00,LONG,60133.46228644181,60108.150494795205,-0.2421,-118.04,1,signal
2024-07-01 14:00:00,2024-07-01 16:00:00,LONG,59790.549811786426,59868.838612673215,-0.0691,-33.6,1,signal
2024-07-02 08:00:00,2024-07-02 10:00:00,SHORT,60559.60510879386,60855.05469298937,-0.6879,-334.41,1,signal
2024-07-02 12:00:00,2024-07-02 16:00:00,SHORT,61016.22779510358,59686.516461288,1.9793,955.95,2,signal
2024-07-02 20:00:00,2024-07-02 22:00:00,LONG,60054.75390655406,59756.99735205708,-0.6958,-342.38,1,signal
2024-07-04 06:00:00,2024-07-04 12:00:00,SHORT,61292.00433130376,58862.13696777245,3.7644,1840.08,3,signal
2024-07-04 14:00:00,2024-07-04 18:00:00,LONG,57777.28645293132,57721.298330126636,-0.2969,-150.32,2,signal
2024-07-04 20:00:00,2024-07-04 22:00:00,LONG,58530.01617093675,58718.55250919746,0.1221,61.65,1,signal
2024-07-06 02:00:00,2024-07-06 06:00:00,SHORT,59191.31617214595,58721.86506526911,0.5931,299.79,2,signal
2024-07-07 00:00:00,2024-07-07 02:00:00,LONG,58684.868928099975,58639.19690255478,-0.2778,-141.22,1,signal
2024-07-07 22:00:00,2024-07-08 00:00:00,LONG,58505.3858712781,58286.15504012046,-0.5747,-290.98,1,stop_loss
2024-07-08 04:00:00,2024-07-08 06:00:00,SHORT,58788.87563482135,59054.29568997083,-0.6515,-328.93,1,stop_loss
2024-07-08 08:00:00,2024-07-08 10:00:00,SHORT,59134.68879199804,59149.470912890654,-0.225,-112.74,1,signal
2024-07-08 20:00:00,2024-07-08 22:00:00,LONG,58202.76578284263,58496.39478088069,0.3045,152.25,1,signal
2024-07-09 06:00:00,2024-07-09 10:00:00,LONG,57748.00357926373,58780.43220015023,1.5878,796.2,2,signal
2024-07-09 16:00:00,2024-07-09 20:00:00,SHORT,59493.98587225233,59327.43429416033,0.0799,40.69,2,signal
2024-07-12 00:00:00,2024-07-12 02:00:00,SHORT,59487.917613619196,59514.09268035697,-0.244,-124.29,1,signal
2024-07-12 06:00:00,2024-07-12 10:00:00,SHORT,59725.112993912124,59711.13989160625,-0.1766,-89.75,2,signal
2024-07-12 12:00:00,2024-07-12 14:00:00,SHORT,59719.53454834585,59726.23246595,-0.2112,-107.16,1,signal
2024-07-13 02:00:00,2024-07-13 06:00:00,LONG,59234.30426706635,59991.920848785565,1.079,546.35,2,signal
2024-07-13 08:00:00,2024-07-13 16:00:00,SHORT,60215.24691958031,60159.89832227202,-0.1081,-55.29,4,signal
2024-07-14 22:00:00,2024-07-15 02:00:00,SHORT,60296.69932782451,60214.53665298762,-0.0637,-32.57,2,signal
2024-07-16 00:00:00,2024-07-16 02:00:00,SHORT,60275.942059869936,60273.93679054327,-0.1967,-100.44,1,signal
2024-07-17 02:00:00,2024-07-17 04:00:00,SHORT,60446.93220063049,60430.41337756978,-0.1727,-88.02,1,signal
2024-07-17 08:00:00,2024-07-17 10:00:00,SHORT,60521.09912054338,60667.78687143387,-0.4424,-225.37,1,stop_loss
2024-07-17 12:00:00,2024-07-17 18:00:00,SHORT,60709.49500646564,60671.64276527026,-0.1377,-69.76,3,signal
2024-07-18 12:00:00,2024-07-18 16:00:00,SHORT,60839.96040163767,60660.199777912676,0.0955,48.31,2,signal
2024-07-19 16:00:00,2024-07-19 18:00:00,SHORT,60835.88317958635,60868.35213375611,-0.2534,-128.35,1,signal
2024-07-20 02:00:00,2024-07-20 04:00:00,LONG,60655.64854340933,60347.49618083246,-0.708,-357.8,1,signal
2024-07-20 06:00:00,2024-07-20 10:00:00,LONG,60383.8829182311,60590.19076806457,0.1417,71.11,2,signal
2024-07-21 02:00:00,2024-07-21 04:00:00,SHORT,60636.779485088904,60364.36296727025,0.2493,125.28,1,signal
2024-07-21 08:00:00,2024-07-21 10:00:00,LONG,60261.27055977091,60081.93040805056,-0.4976,-250.7,1,signal
2024-07-21 12:00:00,2024-07-21 14:00:00,LONG,60138.98731257457,60122.90198810747,-0.2267,-113.7,1,signal
2024-07-22 00:00:00,2024-07-22 02:00:00,SHORT,65140.542536697874,66114.77083146361,-1.6956,-849.87,1,stop_loss
2024-07-22 04:00:00,2024-07-22 08:00:00,SHORT,66674.57196799383,62524.68217927099,6.0241,2965.5,2,signal
2024-07-25 02:00:00,2024-07-25 06:00:00,LONG,59748.13041105617,60256.44126707359,0.6508,338.68,2,signal
2024-07-25 12:00:00,2024-07-25 14:00:00,LONG,59930.36709480338,60087.4811740117,0.0622,32.55,1,signal
2024-07-26 00:00:00,2024-07-26 02:00:00,SHORT,61011.508983284104,61069.38606031164,-0.2949,-154.5,1,signal
2024-07-26 22:00:00,2024-07-27 02:00:00,SHORT,62255.16650998024,62039.350595236894,0.1467,76.63,2,signal
2024-07-28 16:00:00,2024-07-29 00:00:00,SHORT,62587.0840478985,62837.66198875938,-0.6004,-314.55,4,stop_loss
2024-07-29 02:00:00,2024-07-29 04:00:00,SHORT,62414.98488595412,62075.099003068266,0.3446,179.25,1,signal
2024-07-29 06:00:00,2024-07-29 10:00:00,LONG,61808.61977347526,62222.45211404875,0.4695,245.07,2,signal
2024-07-29 14:00:00,2024-07-29 16:00:00,LONG,61927.428258826054,62092.28746700564,0.0662,34.71,1,signal
2024-07-30 00:00:00,2024-07-30 02:00:00,LONG,62222.28995487886,61649.96630946998,-1.1198,-587.45,1,signal
2024-07-30 08:00:00,2024-07-30 12:00:00,LONG,60546.1047232976,59790.42004838859,-1.4481,-750.31,2,stop_loss
2024-07-30 14:00:00,2024-07-30 18:00:00,LONG,60098.66693366372,59312.81166774012,-1.5076,-770.4,2,stop_loss
2024-07-30 20:00:00,2024-07-31 00:00:00,LONG,58778.550000893396,59212.78029688682,0.5388,271.84,2,signal
2024-07-31 04:00:00,2024-07-31 10:00:00,LONG,57641.92209624633,57087.64942914529,-1.1616,-589.11,3,signal
2024-08-01 04:00:00,2024-08-01 06:00:00,LONG,56673.96678192632,56804.68936454607,0.0307,15.38,1,signal
2024-08-01 12:00:00,2024-08-01 16:00:00,LONG,55673.68859415767,56151.197088201945,0.6577,329.97,2,signal
2024-08-02 04:00:00,2024-08-02 08:00:00,LONG,54843.44059064755,54171.21043889258,-1.4257,-719.77,2,signal
2024-08-02 10:00:00,2024-08-02 12:00:00,LONG,54802.45267427089,55421.54822765634,0.9297,462.99,1,signal
2024-08-03 00:00:00,2024-08-03 02:00:00,LONG,55420.06949085843,54229.25700798115,-2.3487,-1177.84,1,stop_loss
2024-08-04 00:00:00,2024-08-04 08:00:00,LONG,51858.17874730495,51584.7987173315,-0.7272,-357.2,4,signal
2024-08-04 12:00:00,2024-08-04 20:00:00,LONG,49138.63558175766,50629.26333211065,2.8335,1382.25,4,signal
2024-08-06 00:00:00,2024-08-06 02:00:00,LONG,49118.34402661203,49169.10221133602,-0.0967,-48.42,1,signal
2024-08-07 04:00:00,2024-08-07 06:00:00,LONG,48492.80571010874,48067.22161355493,-1.0776,-538.46,1,stop_loss
2024-08-07 08:00:00,2024-08-07 10:00:00,LONG,48335.47159358878,48988.71704550408,1.1515,570.42,1,signal
2024-08-07 18:00:00,2024-08-07 20:00:00,SHORT,49722.39504609003,49257.604275187325,0.7348,367.97,1,signal
2024-08-08 00:00:00,2024-08-08 08:00:00,SHORT,50236.91587036861,50792.827471259894,-1.3066,-658.9,4,signal
2024-08-09 02:00:00,2024-08-09 06:00:00,SHORT,51569.56865232152,51039.56321576617,0.8277,412.25,2,signal
2024-08-09 12:00:00,2024-08-09 14:00:00,SHORT,51617.33152075003,52218.01862649729,-1.3637,-685.69,1,stop_loss
2024-08-09 16:00:00,2024-08-09 18:00:00,SHORT,51586.54428528161,51680.72643860224,-0.3826,-189.54,1,signal
2024-08-10 22:00:00,2024-08-11 06:00:00,SHORT,51846.51093737348,52162.835059986806,-0.8101,-400.5,4,stop_loss
2024-08-11 08:00:00,2024-08-11 12:00:00,SHORT,52347.78598797155,52668.695177034606,-0.813,-398.85,2,stop_loss
2024-08-11 14:00:00,2024-08-11 20:00:00,SHORT,52755.02320392036,52953.500751400934,-0.5762,-280.07,3,signal
2024-08-12 16:00:00,2024-08-12 22:00:00,LONG,51893.788257699416,51850.78838762315,-0.2829,-136.73,3,signal
2024-08-13 22:00:00,2024-08-14 00:00:00,SHORT,51876.180065201705,51902.910465187015,-0.2515,-121.26,1,signal
2024-08-14 10:00:00,2024-08-14 14:00:00,LONG,51720.001197267426,51724.164322700795,-0.192,-92.31,2,signal
2024-08-14 18:00:00,2024-08-14 22:00:00,LONG,51600.83435144246,51551.576663530446,-0.2955,-141.84,2,signal
2024-08-15 00:00:00,2024-08-15 02:00:00,LONG,55119.751877387935,54556.00244114263,-1.2228,-584.37,1,stop_loss
2024-08-15 04:00:00,2024-08-15 10:00:00,SHORT,65791.16099804794,50484.588479487524,23.0654,10913.46,3,signal
2024-08-15 18:00:00,2024-08-15 22:00:00,LONG,40738.3514630129,50294.482092155595,23.2573,13415.54,2,signal
2024-08-18 00:00:00,2024-08-18 06:00:00,LONG,54863.4543437287,54793.129359033104,-0.3282,-231.13,3,signal
2024-08-18 10:00:00,2024-08-18 12:00:00,LONG,54714.079606270505,54933.87466947137,0.2017,141.62,1,signal
2024-08-19 02:00:00,2024-08-19 06:00:00,LONG,45841.3792935948,44570.81270259221,-2.9717,-2086.45,2,stop_loss
2024-08-19 08:00:00,2024-08-19 10:00:00,LONG,48737.14736427595,49566.95537704085,1.5026,1027.2,1,signal
2024-08-20 06:00:00,2024-08-20 08:00:00,SHORT,60133.21482960889,65095.505147711716,-8.4522,-5871.88,1,stop_loss
2024-08-20 10:00:00,2024-08-20 12:00:00,SHORT,58099.46319419168,53700.18619381801,7.372,4700.24,1,signal
2024-08-24 00:00:00,2024-08-24 02:00:00,SHORT,54492.836986698516,54444.47898206026,-0.1113,-75.9,1,signal
2024-08-24 12:00:00,2024-08-24 14:00:00,SHORT,54537.73483270737,54465.44774684459,-0.0675,-45.97,1,signal
2024-08-25 02:00:00,2024-08-25 04:00:00,SHORT,54569.91039773647,54458.6225321492,0.0039,2.68,1,signal
2024-08-25 08:00:00,2024-08-25 10:00:00,SHORT,54816.33862623244,54958.824027812734,-0.4599,-313.26,1,signal
2024-08-25 14:00:00,2024-08-25 22:00:00,SHORT,55360.816631078866,55510.8191657446,-0.471,-319.37,4,signal
2024-08-27 04:00:00,2024-08-27 10:00:00,LONG,55412.20845988776,55410.385035683044,-0.2033,-137.24,3,signal
2024-08-27 14:00:00,2024-08-27 16:00:00,LONG,55502.90079617183,55304.51481739093,-0.5574,-375.11,1,stop_loss
2024-08-27 20:00:00,2024-08-27 22:00:00,LONG,55313.820010957235,55223.08057859328,-0.364,-243.99,1,signal
2024-08-28 00:00:00,2024-08-28 02:00:00,LONG,55199.36522914191,55130.91038130908,-0.324,-216.41,1,signal
2024-08-28 04:00:00,2024-08-28 06:00:00,LONG,54714.13494721716,54968.541240773295,0.265,176.43,1,signal
2024-08-28 20:00:00,2024-08-29 00:00:00,LONG,53975.35996877619,53443.837886700945,-1.1847,-789.54,2,stop_loss
2024-08-29 04:00:00,2024-08-29 06:00:00,LONG,53686.715447678806,53674.68722742302,-0.2224,-146.79,1,signal
2024-08-29 12:00:00,2024-08-29 14:00:00,SHORT,55648.87831831088,55052.70969949894,0.8713,573.87,1,signal
2024-08-31 22:00:00,2024-09-01 00:00:00,LONG,54168.44753400238,53624.54253463686,-1.2041,-798.29,1,stop_loss
2024-09-01 02:00:00,2024-09-01 04:00:00,LONG,53978.23073580983,53915.00612127109,-0.3171,-208.2,1,signal
2024-09-01 08:00:00,2024-09-01 18:00:00,LONG,53534.0430918414,53792.0246134406,0.2819,184.51,5,signal
2024-09-03 02:00:00,2024-09-03 04:00:00,SHORT,53750.43989303038,53071.697691661626,1.0628,697.47,1,signal
2024-09-03 06:00:00,2024-09-03 08:00:00,LONG,53405.06392429964,53037.88475114737,-0.8875,-588.35,1,signal
2024-09-03 10:00:00,2024-09-03 14:00:00,LONG,51054.62962633143,51394.0032723108,0.4647,305.47,2,signal
2024-09-03 16:00:00,2024-09-03 18:00:00,LONG,51736.07060144433,51726.187768017764,-0.2191,-144.65,1,signal
2024-09-05 06:00:00,2024-09-05 08:00:00,SHORT,55544.369884915795,55816.23625394376,-0.6895,-454.89,1,stop_loss
2024-09-05 10:00:00,2024-09-05 14:00:00,SHORT,55825.60433346624,55715.82839372675,-0.0034,-2.2,2,signal
2024-09-06 02:00:00,2024-09-06 06:00:00,SHORT,56451.7487348489,56464.81137735087,-0.2231,-146.04,2,signal
2024-09-07 04:00:00,2024-09-07 08:00:00,SHORT,56866.87640810914,57015.51896399741,-0.4614,-301.68,2,stop_loss
2024-09-07 10:00:00,2024-09-07 14:00:00,SHORT,57108.50532537842,57304.062910789624,-0.5424,-353.16,2,stop_loss
2024-09-07 16:00:00,2024-09-07 22:00:00,SHORT,57433.77645360313,57380.47791604228,-0.1072,-69.35,3,signal
2024-09-08 06:00:00,2024-09-08 16:00:00,SHORT,58136.852479626505,58370.254777657836,-0.6015,-388.69,5,signal
2024-09-10 02:00:00,2024-09-10 10:00:00,SHORT,57887.45431631948,58047.456648013576,-0.4764,-306.46,4,stop_loss
2024-09-11 02:00:00,2024-09-11 04:00:00,SHORT,58291.31370780203,58569.812694616245,-0.6778,-434.13,1,stop_loss
2024-09-11 06:00:00,2024-09-11 08:00:00,SHORT,58413.366035179104,58317.36987676016,-0.0357,-22.66,1,signal
2024-09-11 14:00:00,2024-09-11 16:00:00,SHORT,58548.37537198392,58465.475309587426,-0.0584,-37.11,1,signal
2024-09-13 02:00:00,2024-09-13 04:00:00,SHORT,58642.813105318644,58926.9960991642,-0.6846,-435.29,1,stop_loss
2024-09-13 06:00:00,2024-09-13 08:00:00,SHORT,58808.934405797605,58824.49978987365,-0.2265,-142.86,1,signal
2024-09-13 12:00:00,2024-09-13 14:00:00,SHORT,58951.25757138067,59281.849032273465,-0.7608,-479.58,1,stop_loss
2024-09-13 16:00:00,2024-09-13 20:00:00,SHORT,59481.6443176036,59429.368782970414,-0.1121,-70.06,2,signal
2024-09-15 02:00:00,2024-09-15 08:00:00,SHORT,66212.3857204298,55913.13016463673,15.3549,9584.82,3,signal
2024-09-15 10:00:00,2024-09-15 12:00:00,LONG,55150.74319365991,52787.69251874063,-4.4847,-3201.68,1,stop_loss
2024-09-15 14:00:00,2024-09-15 18:00:00,LONG,49203.69848992966,58907.47817308684,19.5216,13369.6,2,signal
2024-09-17 06:00:00,2024-09-17 08:00:00,LONG,60323.034841432986,60467.965191294934,0.0403,32.68,1,signal
2024-09-17 18:00:00,2024-09-18 00:00:00,SHORT,60823.56352602882,60849.62865953587,-0.2429,-197.24,3,signal
2024-09-19 04:00:00,2024-09-19 10:00:00,SHORT,63844.92748525553,64391.01907873257,-1.0553,-856.54,3,stop_loss
2024-09-19 12:00:00,2024-09-19 16:00:00,SHORT,65060.48520379224,64405.64351329696,0.8065,646.96,2,signal
2024-09-20 02:00:00,2024-09-20 04:00:00,LONG,60918.38352487873,60281.52731972217,-1.2454,-1006.7,1,signal
2024-09-20 14:00:00,2024-09-20 16:00:00,LONG,57834.870826286286,58909.911786966,1.6588,1324.98,1,signal
2024-09-23 02:00:00,2024-09-23 04:00:00,SHORT,61167.73255464381,60618.67993766668,0.6976,566.01,1,signal
2024-09-23 22:00:00,2024-09-24 10:00:00,SHORT,61878.6895951024,62438.085308071604,-1.104,-901.67,6,signal
2024-09-25 04:00:00,2024-09-25 08:00:00,SHORT,64185.61675598158,63890.31824499199,0.2601,210.18,2,signal
2024-09-25 10:00:00,2024-09-25 14:00:00,SHORT,64125.456655315385,63585.30376996852,0.6423,520.39,2,signal
2024-09-27 08:00:00,2024-09-27 10:00:00,SHORT,63260.02897224568,63202.337250166944,-0.1088,-88.68,1,signal
2024-09-27 20:00:00,2024-09-27 22:00:00,LONG,62719.19385362094,62530.94719055194,-0.5001,-407.24,1,signal
2024-09-28 00:00:00,2024-09-28 02:00:00,LONG,62737.392609559996,62947.790031820856,0.1354,109.69,1,signal
2024-09-28 10:00:00,2024-09-28 18:00:00,LONG,62320.72963805228,62251.390501607384,-0.3113,-252.56,4,signal
2024-09-29 02:00:00,2024-09-29 08:00:00,LONG,60628.96334908931,60054.93318990034,-1.1468,-926.25,3,stop_loss
2024-09-29 10:00:00,2024-09-29 12:00:00,LONG,60902.11797953797,60350.60924759996,-1.1056,-884.7,1,signal
2024-10-01 00:00:00,2024-10-01 02:00:00,SHORT,60967.595757773066,60604.96419514827,0.3948,312.61,1,signal
2024-10-01 18:00:00,2024-10-01 20:00:00,SHORT,61005.44892918755,60482.688527077655,0.6569,522.1,1,signal
2024-10-02 04:00:00,2024-10-02 08:00:00,LONG,59851.34511794505,60149.12495617112,0.2975,237.95,2,signal
2024-10-03 06:00:00,2024-10-03 10:00:00,LONG,59552.29842988023,60996.20931417914,2.2246,1784.16,2,signal
2024-10-04 04:00:00,2024-10-04 12:00:00,SHORT,61869.11182592689,61725.750746267404,0.0317,25.97,4,signal
2024-10-04 20:00:00,2024-10-05 00:00:00,SHORT,62617.17331840846,62779.06930829735,-0.4585,-375.65,2,signal
2024-10-05 02:00:00,2024-10-05 06:00:00,SHORT,62807.21068962095,62556.72444156082,0.1988,162.16,2,signal
2024-10-06 02:00:00,2024-10-06 06:00:00,SHORT,63567.94563324743,63157.09556810468,0.4463,364.72,2,signal
2024-10-06 12:00:00,2024-10-06 14:00:00,SHORT,63274.18744862194,63532.838534327595,-0.6088,-499.59,1,signal
2024-10-07 00:00:00,2024-10-07 02:00:00,LONG,62264.318584690256,61626.648545988246,-1.2241,-997.1,1,stop_loss
2024-10-07 04:00:00,2024-10-07 06:00:00,SHORT,62623.23241444598,63677.78636678155,-1.884,-1521.99,1,stop_loss
2024-10-07 08:00:00,2024-10-07 14:00:00,SHORT,65828.18058401004,65424.43090163382,0.4133,327.35,3,signal
2024-10-10 00:00:00,2024-10-10 02:00:00,LONG,63149.125970925474,63025.98792295105,-0.395,-314.05,1,signal
2024-10-10 04:00:00,2024-10-10 06:00:00,LONG,63144.46437227281,63206.98652192716,-0.101,-79.99,1,signal
2024-10-10 14:00:00,2024-10-10 16:00:00,SHORT,63299.233380770325,63569.61612916573,-0.6272,-496.96,1,stop_loss
2024-10-10 18:00:00,2024-10-11 02:00:00,SHORT,63667.734499123806,63667.930418029755,-0.2003,-157.56,4,signal
2024-10-11 10:00:00,2024-10-11 14:00:00,SHORT,65075.2319854286,64235.69787481017,1.0901,855.85,2,signal
2024-10-12 14:00:00,2024-10-12 18:00:00,LONG,64091.68993473714,65065.69790363916,1.3197,1046.85,2,signal
2024-10-14 00:00:00,2024-10-14 02:00:00,SHORT,64913.68018005684,65250.31742041598,-0.7186,-578.0,1,stop_loss
2024-10-14 04:00:00,2024-10-14 08:00:00,SHORT,67097.40546773834,65192.903128051075,2.6384,2104.66,2,signal
2024-10-14 16:00:00,2024-10-14 18:00:00,SHORT,66981.43939711378,66801.98263633503,0.0679,55.54,1,signal
2024-10-16 08:00:00,2024-10-16 16:00:00,SHORT,67195.7419812104,67267.23983792533,-0.3064,-250.7,4,signal
2024-10-16 20:00:00,2024-10-16 22:00:00,SHORT,67427.59540176023,67245.29810641469,0.0704,57.4,1,signal
2024-10-18 04:00:00,2024-10-18 08:00:00,SHORT,67909.03434519663,67919.96365289157,-0.2161,-176.42,2,signal
2024-10-19 04:00:00,2024-10-19 06:00:00,SHORT,67950.92501615941,67879.12904758083,-0.0943,-76.86,1,signal
2024-10-19 16:00:00,2024-10-20 00:00:00,SHORT,68283.34075821545,68416.84335782968,-0.3955,-321.94,4,signal
2024-10-22 02:00:00,2024-10-22 10:00:00,LONG,62559.086942833506,65776.8006282427,4.9435,4008.76,4,signal
2024-10-22 14:00:00,2024-10-22 18:00:00,SHORT,72573.96005755675,73325.69138110505,-1.2358,-1049.21,2,signal
2024-10-22 20:00:00,2024-10-22 22:00:00,SHORT,71424.90876842003,68493.09249737214,3.9048,3276.23,1,signal
2024-10-25 06:00:00,2024-10-25 14:00:00,LONG,69559.85696581121,70286.53340291018,0.8447,735.0,4,signal
2024-10-25 16:00:00,2024-10-25 18:00:00,SHORT,70066.80692285138,70482.32979726658,-0.793,-696.65,1,stop_loss
2024-10-25 20:00:00,2024-10-26 00:00:00,SHORT,71256.62587379321,70569.09250816288,0.7649,665.84,2,signal
2024-10-26 20:00:00,2024-10-26 22:00:00,SHORT,71088.35371307394,71084.6067960164,-0.1947,-170.75,1,signal
2024-10-27 22:00:00,2024-10-28 00:00:00,SHORT,71291.1783874082,71553.20242247787,-0.5675,-497.37,1,stop_loss
2024-10-28 02:00:00,2024-10-28 04:00:00,SHORT,72727.14022681626,73131.11511917386,-0.7555,-658.6,1,stop_loss
2024-10-28 06:00:00,2024-10-28 08:00:00,SHORT,71981.24879138252,72527.92645373868,-0.9595,-830.53,1,stop_loss
2024-10-28 10:00:00,2024-10-28 12:00:00,SHORT,71824.91239812846,71794.35397779816,-0.1575,-134.84,1,signal
2024-10-30 04:00:00,2024-10-30 10:00:00,SHORT,72407.46596707084,71847.47411716434,0.5734,490.29,3,signal
2024-10-30 18:00:00,2024-10-30 20:00:00,LONG,71356.70879496913,71415.53983417722,-0.1176,-101.06,1,signal
2024-10-31 02:00:00,2024-10-31 06:00:00,LONG,70667.84162852836,71618.66560335463,1.1455,983.71,2,signal
2024-11-02 06:00:00,2024-11-02 10:00:00,LONG,69210.62331015778,69543.20007331354,0.2805,243.53,2,signal
2024-11-03 02:00:00,2024-11-03 04:00:00,LONG,75303.21574207328,72600.01893386032,-3.7897,-3292.47,1,stop_loss
2024-11-03 10:00:00,2024-11-03 16:00:00,SHORT,87788.32263109223,70400.56372515927,19.6065,16452.81,3,signal
2024-11-05 10:00:00,2024-11-05 14:00:00,SHORT,69477.84017059514,69136.4530411497,0.2914,290.04,2,signal
2024-11-05 22:00:00,2024-11-06 02:00:00,LONG,67982.02875227871,68512.19270474583,0.5799,578.82,2,signal
2024-11-06 16:00:00,2024-11-06 18:00:00,SHORT,69431.6031967939,69213.35935753387,0.1143,114.75,1,signal
2024-11-06 22:00:00,2024-11-07 00:00:00,SHORT,70082.66456016753,70912.7701824264,-1.3845,-1393.49,1,stop_loss
2024-11-07 02:00:00,2024-11-07 04:00:00,LONG,72480.88951394858,70134.24136419353,-3.4376,-3402.18,1,stop_loss
2024-11-07 06:00:00,2024-11-07 10:00:00,LONG,53345.059752429144,82780.85674132666,54.98,52738.98,2,signal
2024-11-07 12:00:00,2024-11-07 16:00:00,SHORT,93186.79942660657,77828.72022519897,16.281,23774.43,2,signal
2024-11-09 06:00:00,2024-11-09 08:00:00,LONG,73047.18796562204,72914.63728619496,-0.3815,-643.18,1,signal
2024-11-09 12:00:00,2024-11-09 18:00:00,SHORT,75507.6556207397,75932.57352783305,-0.7627,-1281.42,3,signal
2024-11-09 22:00:00,2024-11-10 00:00:00,SHORT,76486.8710373646,77386.9849400506,-1.3768,-2296.31,1,signal
2024-11-11 02:00:00,2024-11-11 04:00:00,SHORT,79787.13032182155,80053.9395803359,-0.5344,-879.63,1,signal
2024-11-11 08:00:00,2024-11-11 12:00:00,SHORT,80968.18314936856,81047.06699852292,-0.2974,-487.08,2,signal
2024-11-11 16:00:00,2024-11-11 18:00:00,SHORT,81383.86397282174,81519.4223947126,-0.3666,-598.62,1,signal
2024-11-12 04:00:00,2024-11-12 08:00:00,SHORT,88604.54535708172,90248.78952703107,-2.0557,-3351.4,2,stop_loss
2024-11-12 10:00:00,2024-11-12 14:00:00,SHORT,90871.45430156599,85010.20465539602,6.25,9972.01,2,signal
2024-11-12 22:00:00,2024-11-13 00:00:00,LONG,80929.13659651202,82047.24006513134,1.1816,1997.16,1,signal
2024-11-15 02:00:00,2024-11-15 06:00:00,SHORT,85811.80706471938,86465.93313804513,-0.9623,-1647.35,2,stop_loss
2024-11-15 08:00:00,2024-11-15 10:00:00,SHORT,85976.52053402532,85512.20689193519,0.34,575.89,1,signal
2024-11-15 20:00:00,2024-11-16 02:00:00,SHORT,86748.12412698727,85718.18193568819,0.9873,1677.42,3,signal
2024-11-16 06:00:00,2024-11-16 08:00:00,LONG,85417.255097198,85484.72634716476,-0.121,-207.53,1,signal
2024-11-16 16:00:00,2024-11-16 20:00:00,LONG,83619.33548603987,88362.08740866507,5.4718,9373.27,2,signal
2024-11-16 20:00:00,2024-11-17 00:00:00,SHORT,88362.08740866507,88118.51734747729,0.0756,136.32,2,signal
2024-11-18 08:00:00,2024-11-18 14:00:00,LONG,87923.68550111624,88068.03025321693,-0.0358,-64.61,3,signal
2024-11-19 04:00:00,2024-11-19 06:00:00,SHORT,88503.91784067501,89103.55041655421,-0.8775,-1584.38,1,stop_loss
2024-11-19 08:00:00,2024-11-19 16:00:00,SHORT,89744.83985575564,89937.70792183449,-0.4149,-741.72,4,signal
2024-11-20 02:00:00,2024-11-20 06:00:00,SHORT,91573.91658283985,91638.35678089666,-0.2704,-481.43,2,signal
2024-11-20 08:00:00,2024-11-20 10:00:00,SHORT,91671.7905457549,92424.80111855049,-1.0214,-1814.1,1,signal
2024-11-20 12:00:00,2024-11-20 18:00:00,SHORT,92776.58720472547,91630.59742890042,1.0352,1820.76,3,signal
2024-11-22 00:00:00,2024-11-22 02:00:00,SHORT,92566.93103771181,93089.98835817492,-0.7651,-1360.84,1,stop_loss
2024-11-22 04:00:00,2024-11-22 08:00:00,LONG,89827.58195294734,93762.45797614986,4.1805,7370.99,2,signal
2024-11-22 10:00:00,2024-11-22 18:00:00,SHORT,94590.35235098231,96145.9261548463,-1.8445,-3387.47,4,stop_loss
2024-11-22 20:00:00,2024-11-22 22:00:00,SHORT,93012.1415164903,95478.86384566624,-2.852,-5146.19,1,stop_loss
2024-11-25 02:00:00,2024-11-25 08:00:00,LONG,87050.04086697001,90154.90470136832,3.3668,5899.06,3,signal
2024-11-28 02:00:00,2024-11-28 08:00:00,LONG,93538.35366810994,93208.29912915261,-0.5529,-998.39,3,stop_loss
2024-11-29 02:00:00,2024-11-29 10:00:00,LONG,92864.06822991943,92747.16081367564,-0.3259,-586.18,4,signal
2024-11-29 12:00:00,2024-11-29 14:00:00,LONG,92850.46313869422,92749.19129875323,-0.3091,-554.2,1,signal
2024-11-29 20:00:00,2024-11-29 22:00:00,LONG,92468.75028631384,92224.17466420651,-0.4645,-830.46,1,signal
2024-11-30 00:00:00,2024-11-30 02:00:00,LONG,92228.528266694,92217.04300022675,-0.2125,-378.16,1,signal
2024-11-30 20:00:00,2024-11-30 22:00:00,LONG,91784.11480377633,91408.36590154801,-0.6094,-1081.05,1,stop_loss
2024-12-01 00:00:00,2024-12-01 02:00:00,LONG,91731.66613065483,91715.03881148856,-0.2181,-385.24,1,signal
2024-12-01 06:00:00,2024-12-01 08:00:00,SHORT,92450.51787578098,91306.58679135871,1.0373,1828.28,1,signal
2024-12-01 10:00:00,2024-12-01 12:00:00,LONG,92029.93373905109,91196.64772533954,-1.1055,-1964.29,1,stop_loss
2024-12-01 14:00:00,2024-12-01 16:00:00,LONG,93609.05138297933,93101.74783959401,-0.7419,-1306.68,1,signal
2024-12-01 16:00:00,2024-12-01 18:00:00,SHORT,93101.74783959401,93059.55301970831,-0.1547,-270.5,1,signal
2024-12-02 00:00:00,2024-12-02 04:00:00,LONG,90406.56384271068,91700.65788764424,1.2314,2150.28,2,signal
2024-12-04 02:00:00,2024-12-04 06:00:00,LONG,90991.37180426857,94048.28881131455,3.1596,5581.73,2,signal
2024-12-04 08:00:00,2024-12-04 10:00:00,SHORT,93652.54474644379,94394.33577936336,-0.9921,-1808.08,1,stop_loss
2024-12-04 12:00:00,2024-12-04 16:00:00,SHORT,94486.07554959919,92048.92529315583,2.3794,4288.73,2,signal
2024-12-06 02:00:00,2024-12-06 06:00:00,SHORT,95557.54624745555,94741.0612706043,0.6544,1206.27,2,signal
2024-12-07 20:00:00,2024-12-07 22:00:00,LONG,93966.77874509909,93880.7636556779,-0.2915,-540.7,1,signal
2024-12-08 02:00:00,2024-12-08 04:00:00,LONG,93853.37911029636,93843.42878041565,-0.2106,-389.51,1,signal
2024-12-08 16:00:00,2024-12-08 22:00:00,SHORT,94225.46621405639,93530.16785096047,0.5379,992.89,3,signal
2024-12-09 02:00:00,2024-12-09 06:00:00,LONG,93118.25274618546,93075.79133183423,-0.2456,-455.65,2,signal
2024-12-10 02:00:00,2024-12-10 04:00:00,LONG,93087.56971891125,93814.60339292847,0.581,1075.43,1,signal
2024-12-10 06:00:00,2024-12-10 08:00:00,SHORT,90523.94499413534,89916.53143431405,0.471,876.6,1,signal
2024-12-10 08:00:00,2024-12-10 12:00:00,LONG,89916.53143431405,95543.2281426364,6.0577,11324.69,2,signal
2024-12-10 14:00:00,2024-12-10 20:00:00,SHORT,101795.69123273846,97970.05181698874,3.5582,7034.68,3,signal
2024-12-12 04:00:00,2024-12-12 06:00:00,SHORT,95741.24876041918,95431.90182806672,0.1231,251.62,1,signal
2024-12-12 10:00:00,2024-12-12 12:00:00,SHORT,95074.3437905876,95495.20612868888,-0.6427,-1315.07,1,signal
2024-12-12 18:00:00,2024-12-13 00:00:00,SHORT,97017.79362496358,95903.71921067122,0.9483,1928.68,3,signal
2024-12-13 18:00:00,2024-12-13 20:00:00,SHORT,97448.51028064074,96805.35629099823,0.46,943.96,1,signal
2024-12-14 02:00:00,2024-12-14 06:00:00,LONG,93883.8639247489,95014.26801315598,1.004,2069.41,2,signal
2024-12-14 10:00:00,2024-12-14 12:00:00,LONG,95490.04824376038,99265.61368103078,3.7539,7810.84,1,signal
2024-12-14 14:00:00,2024-12-14 20:00:00,SHORT,99172.9562610257,97508.57497088132,1.4783,3185.56,3,signal
2024-12-15 04:00:00,2024-12-15 08:00:00,SHORT,101751.88649427805,96218.36105411389,5.2383,11446.63,2,signal
2024-12-15 20:00:00,2024-12-15 22:00:00,SHORT,101404.23425632312,99517.67108620824,1.6604,3808.95,1,signal
2024-12-17 20:00:00,2024-12-17 22:00:00,SHORT,101438.65028270886,101385.80014273844,-0.1479,-344.62,1,signal
2024-12-18 08:00:00,2024-12-18 18:00:00,LONG,100363.45838760768,100095.04205077297,-0.4674,-1087.67,5,signal
2024-12-19 02:00:00,2024-12-19 04:00:00,LONG,100869.70866145147,99280.37541793534,-1.7756,-4105.98,1,stop_loss
2024-12-19 16:00:00,2024-12-19 18:00:00,SHORT,96766.19470003243,95400.62049647297,1.2112,2758.55,1,signal
2024-12-19 18:00:00,2024-12-19 22:00:00,LONG,95400.62049647297,97505.9001091912,2.0068,4623.06,2,signal
2024-12-20 06:00:00,2024-12-20 10:00:00,SHORT,162463.14143335517,129818.44318582969,19.8936,46703.01,2,signal
2024-12-20 22:00:00,2024-12-21 00:00:00,LONG,76149.52318838908,94367.89214558172,23.7245,66222.55,1,signal
2024-12-22 08:00:00,2024-12-22 10:00:00,SHORT,93153.95316423319,94364.42481213018,-1.4994,-5128.7,1,signal
2024-12-22 12:00:00,2024-12-22 20:00:00,SHORT,96388.2864310957,94622.15162975817,1.6323,5503.69,4,signal
2024-12-24 04:00:00,2024-12-24 06:00:00,LONG,89595.81995488817,89354.73413499616,-0.4691,-1606.13,1,signal
2024-12-24 22:00:00,2024-12-25 02:00:00,LONG,87579.50771796344,87831.44105838123,0.0877,298.82,2,signal
2024-12-26 08:00:00,2024-12-26 10:00:00,LONG,87099.25038093088,87204.73677297137,-0.0789,-269.14,1,signal
2024-12-27 00:00:00,2024-12-27 08:00:00,SHORT,88396.16576044171,89108.29271955836,-1.0056,-3433.63,4,stop_loss
2024-12-27 10:00:00,2024-12-27 14:00:00,SHORT,89231.68167742253,88776.69843152112,0.3099,1046.31,2,signal
2024-12-28 10:00:00,2024-12-28 12:00:00,SHORT,89272.87084835979,89212.94866900868,-0.1329,-449.97,1,signal
2024-12-29 02:00:00,2024-12-29 04:00:00,SHORT,89670.84052504788,89724.47228514962,-0.2598,-878.69,1,signal
2024-12-29 08:00:00,2024-12-29 16:00:00,SHORT,89860.08323553177,89845.65783499616,-0.1839,-620.58,4,signal
2024-12-30 06:00:00,2024-12-30 08:00:00,SHORT,90197.55957591686,90052.17120561156,-0.0388,-130.71,1,signal
2024-12-30 14:00:00,2024-12-30 16:00:00,LONG,89620.74483857838,89697.67635195331,-0.1142,-384.32,1,signal
2024-12-31 14:00:00,2024-12-31 16:00:00,LONG,89416.58525424595,89491.37444074106,-0.1164,-391.31,1,signal
2025-01-01 08:00:00,2025-01-01 16:00:00,SHORT,90000.88562875731,90152.05198075336,-0.368,-1236.06,4,signal
2025-01-01 22:00:00,2025-01-02 00:00:00,SHORT,90439.84621767058,90812.11218148681,-0.6116,-2050.13,1,stop_loss
2025-01-02 04:00:00,2025-01-02 06:00:00,SHORT,91371.9586215209,91947.71460615496,-0.8301,-2766.84,1,stop_loss
2025-01-02 08:00:00,2025-01-02 10:00:00,SHORT,90976.75540260342,90597.83844865626,0.2165,714.82,1,signal
2025-01-03 18:00:00,2025-01-03 20:00:00,LONG,90978.256277973,91271.19860450512,0.122,403.61,1,signal
2025-01-04 02:00:00,2025-01-04 04:00:00,LONG,90701.57474844118,90991.94899274691,0.1201,397.95,1,signal
2025-01-04 18:00:00,2025-01-04 20:00:00,LONG,90641.4942737581,90846.7372667083,0.0264,87.66,1,signal
2025-01-05 10:00:00,2025-01-05 12:00:00,LONG,90645.41559592314,91065.08596183466,0.263,872.29,1,signal
2025-01-05 16:00:00,2025-01-06 00:00:00,SHORT,91648.53940684345,91497.78692274085,-0.0355,-118.08,4,signal
2025-01-06 06:00:00,2025-01-06 08:00:00,SHORT,92251.01066955231,92673.51898754462,-0.658,-2187.26,1,signal
2025-01-06 10:00:00,2025-01-06 14:00:00,SHORT,93257.73311878006,92347.77908760168,0.7757,2562.53,2,signal
2025-01-06 22:00:00,2025-01-07 00:00:00,SHORT,93191.7904410019,85329.83956869817,8.2363,27407.78,1,signal
2025-01-07 02:00:00,2025-01-07 04:00:00,LONG,83604.63105195426,81588.38307532547,-2.6116,-9353.41,1,stop_loss
2025-01-07 06:00:00,2025-01-07 10:00:00,LONG,59957.329865632186,54885.1019998476,-8.6597,-30242.85,2,stop_loss
2025-01-07 12:00:00,2025-01-07 14:00:00,LONG,58216.0459842594,54473.76626785169,-6.6283,-21289.22,1,signal
2025-01-10 22:00:00,2025-01-11 04:00:00,SHORT,94394.18728920931,94423.28583559516,-0.2308,-694.7,3,signal
2025-01-12 06:00:00,2025-01-12 08:00:00,LONG,94346.5299535295,94426.23909527599,-0.1155,-346.89,1,signal
2025-01-12 12:00:00,2025-01-12 14:00:00,LONG,94460.37594603185,94501.22885774636,-0.1568,-470.21,1,signal
2025-01-12 22:00:00,2025-01-13 06:00:00,SHORT,94916.54297038192,95033.71311835448,-0.3234,-968.81,4,signal
2025-01-14 04:00:00,2025-01-14 06:00:00,SHORT,94734.54723499648,95335.12885173004,-0.834,-2494.06,1,stop_loss
2025-01-14 08:00:00,2025-01-14 10:00:00,SHORT,95658.52216782245,96173.10626938714,-0.7379,-2186.05,1,signal
2025-01-14 12:00:00,2025-01-14 16:00:00,SHORT,96562.90943949387,95646.20598476075,0.7493,2204.25,2,signal
2025-01-14 20:00:00,2025-01-14 22:00:00,SHORT,96114.18152801233,95855.06199639742,0.0696,206.18,1,signal
2025-01-16 00:00:00,2025-01-16 02:00:00,SHORT,98286.07370375874,98985.54934971727,-0.9117,-2706.88,1,stop_loss
2025-01-16 04:00:00,2025-01-16 06:00:00,SHORT,97279.95583120469,97334.75872392814,-0.2563,-753.32,1,signal
2025-01-16 12:00:00,2025-01-16 14:00:00,LONG,96270.83489463473,94977.51749762864,-1.5434,-4524.74,1,signal
2025-01-18 06:00:00,2025-01-18 08:00:00,SHORT,99589.34970708977,100142.1595148507,-0.7551,-2184.4,1,stop_loss
2025-01-18 10:00:00,2025-01-18 14:00:00,SHORT,100143.95425063213,100328.77200279161,-0.3846,-1102.86,2,signal
2025-01-18 16:00:00,2025-01-18 18:00:00,SHORT,101083.91723999758,101735.28071480688,-0.8444,-2416.43,1,stop_loss
2025-01-18 20:00:00,2025-01-19 00:00:00,SHORT,101489.52693257306,102247.36754557429,-0.9467,-2687.67,2,stop_loss
2025-01-19 02:00:00,2025-01-19 06:00:00,LONG,88885.11371131586,99199.23049315788,11.4039,32032.74,2,signal
2025-01-19 12:00:00,2025-01-19 14:00:00,SHORT,108139.18016503847,113804.42462654406,-5.4388,-16965.08,1,stop_loss
2025-01-19 16:00:00,2025-01-19 18:00:00,SHORT,103133.74767650166,98998.16003068112,3.8099,11247.2,1,signal
2025-01-20 22:00:00,2025-01-21 00:00:00,SHORT,103813.01835573776,101301.27368179007,2.2195,6789.25,1,signal
2025-01-21 14:00:00,2025-01-21 16:00:00,SHORT,104580.82157198436,105481.54564272251,-1.0613,-3314.8,1,signal
2025-01-22 02:00:00,2025-01-22 04:00:00,SHORT,106553.45360015881,97797.98327554803,8.017,24787.95,1,signal
2025-01-22 06:00:00,2025-01-22 08:00:00,LONG,100592.91444385094,100700.6092758064,-0.0929,-309.25,1,signal
2025-01-22 12:00:00,2025-01-22 14:00:00,LONG,97344.23019242569,96238.76433941629,-1.3356,-4440.26,1,signal
2025-01-24 14:00:00,2025-01-24 16:00:00,LONG,101476.63041999452,101454.49508118216,-0.2218,-728.06,1,signal
2025-01-24 22:00:00,2025-01-25 00:00:00,LONG,101572.04683176702,101696.83681969298,-0.0771,-252.67,1,signal
2025-01-25 22:00:00,2025-01-26 00:00:00,LONG,101265.65003319309,100769.24087675224,-0.6902,-2255.82,1,stop_loss
2025-01-26 02:00:00,2025-01-26 08:00:00,LONG,100694.853705211,100202.14673751922,-0.6893,-2238.14,3,stop_loss
2025-01-26 10:00:00,2025-01-26 12:00:00,LONG,100306.92361861472,99970.34393860298,-0.5355,-1729.98,1,signal
2025-01-26 14:00:00,2025-01-26 16:00:00,LONG,100104.3434883941,100235.51460179634,-0.069,-221.65,1,signal
2025-01-27 10:00:00,2025-01-27 12:00:00,LONG,98958.52331050519,98353.41925713726,-0.8115,-2602.32,1,stop_loss
2025-01-27 14:00:00,2025-01-27 18:00:00,LONG,97260.0932043156,98553.83519746995,1.1302,3601.94,2,signal
2025-01-29 02:00:00,2025-01-29 06:00:00,LONG,98460.40591860922,98670.5338694295,0.0134,43.21,2,signal
2025-01-30 02:00:00,2025-01-30 04:00:00,LONG,98438.7541683224,98374.43144177528,-0.2653,-854.84,1,signal
2025-02-01 04:00:00,2025-02-01 06:00:00,LONG,97489.47377953514,96995.45088376562,-0.7067,-2267.89,1,stop_loss
2025-02-01 08:00:00,2025-02-01 12:00:00,LONG,96939.28792796042,97640.23473944598,0.5231,1669.66,2,signal
2025-02-03 04:00:00,2025-02-03 08:00:00,SHORT,98668.22460120163,97962.9984320464,0.5147,1651.23,2,signal
2025-02-03 12:00:00,2025-02-03 14:00:00,SHORT,96656.83518903416,95529.43912689161,0.9664,3115.2,1,signal
2025-02-03 16:00:00,2025-02-03 18:00:00,LONG,97544.83525324902,95888.62032574047,-1.8979,-6163.08,1,stop_loss
2025-02-03 20:00:00,2025-02-03 22:00:00,LONG,95312.30488663587,96023.70514460086,0.5464,1745.48,1,signal
2025-02-05 04:00:00,2025-02-05 08:00:00,LONG,95675.92055269895,95673.79328302677,-0.2022,-649.37,2,signal
2025-02-06 02:00:00,2025-02-06 04:00:00,LONG,95142.956596622,94991.37046103706,-0.3593,-1150.61,1,stop_loss
2025-02-06 06:00:00,2025-02-06 08:00:00,LONG,95112.44168487214,95298.99267423188,-0.0039,-12.34,1,signal
2025-02-07 08:00:00,2025-02-07 10:00:00,LONG,94846.19398683992,94850.66880056901,-0.1953,-623.72,1,signal
2025-02-08 02:00:00,2025-02-08 08:00:00,LONG,94560.2075016244,94412.61222734387,-0.3561,-1135.21,3,signal
2025-02-08 10:00:00,2025-02-08 16:00:00,LONG,94360.70000123991,94360.17290871362,-0.2006,-637.22,3,signal
2025-02-09 02:00:00,2025-02-09 06:00:00,LONG,94124.62218040094,94204.36973955976,-0.1153,-365.56,2,signal
2025-02-09 20:00:00,2025-02-10 04:00:00,LONG,93478.18018783536,93441.52224797235,-0.2392,-757.77,4,signal
2025-02-11 02:00:00,2025-02-11 06:00:00,SHORT,93800.88302173077,93762.60709662068,-0.1592,-503.14,2,signal
2025-02-12 02:00:00,2025-02-12 04:00:00,LONG,93305.78774470417,93311.60660148357,-0.1938,-611.47,1,signal
2025-02-13 08:00:00,2025-02-13 12:00:00,LONG,92476.90375527601,92002.73916939541,-0.7127,-2241.84,2,stop_loss
2025-02-13 14:00:00,2025-02-13 18:00:00,LONG,91273.26108637638,92311.76432241459,0.9378,2934.01,2,signal
2025-02-14 04:00:00,2025-02-14 08:00:00,SHORT,97624.78338195653,92512.10811782155,5.0371,15899.5,2,signal
2025-02-14 12:00:00,2025-02-14 14:00:00,LONG,89879.16172725755,95711.87205064805,6.2895,20802.81,1,signal
2025-02-16 22:00:00,2025-02-17 02:00:00,SHORT,93606.22061401511,93777.91456900003,-0.3834,-1343.96,2,signal
2025-02-17 04:00:00,2025-02-17 10:00:00,SHORT,93816.93434478863,93753.67754289458,-0.1326,-463.0,3,signal
2025-02-18 02:00:00,2025-02-18 06:00:00,SHORT,95221.76398858028,92602.54143419678,2.5507,8896.7,2,signal
2025-02-18 08:00:00,2025-02-18 10:00:00,LONG,93850.70308693612,93646.50760489547,-0.4176,-1491.8,1,signal
2025-02-18 16:00:00,2025-02-18 18:00:00,SHORT,95799.16316302461,97026.26551125215,-1.4809,-5269.6,1,signal
2025-02-18 20:00:00,2025-02-19 02:00:00,SHORT,96600.83814946697,95213.3456550597,1.2363,4337.35,3,signal
2025-02-19 16:00:00,2025-02-19 18:00:00,LONG,94134.37330862934,96951.70099767152,2.7929,9913.31,1,signal
2025-02-22 00:00:00,2025-02-22 04:00:00,SHORT,95104.98084228966,95738.40183872476,-0.866,-3160.36,2,stop_loss
2025-02-22 06:00:00,2025-02-22 10:00:00,SHORT,102408.96830818783,101128.98591744892,1.0499,3793.87,2,signal
2025-02-22 12:00:00,2025-02-22 18:00:00,SHORT,107891.20883292482,100404.4015269044,6.7392,24596.07,3,signal
2025-02-24 10:00:00,2025-02-24 18:00:00,LONG,88363.32895965995,86926.66743645372,-1.8259,-7077.82,4,stop_loss
2025-02-24 20:00:00,2025-02-25 00:00:00,LONG,85855.19807105565,84058.43456491947,-2.2928,-8733.55,2,stop_loss
2025-02-25 02:00:00,2025-02-25 06:00:00,LONG,76212.83230944863,77270.30465742364,1.1875,4433.2,2,signal
2025-02-25 08:00:00,2025-02-25 14:00:00,LONG,75952.31620097208,78679.99090881669,3.3913,12803.04,3,signal
2025-02-26 02:00:00,2025-02-26 04:00:00,SHORT,87608.40008373764,93391.7488184743,-6.8014,-26504.16,1,signal
2025-02-26 06:00:00,2025-02-26 08:00:00,SHORT,90952.18182161418,85460.48661347629,5.838,21280.11,1,signal
2025-02-28 16:00:00,2025-02-28 18:00:00,LONG,82431.21704136669,82256.4353647121,-0.412,-1585.2,1,signal
2025-03-02 02:00:00,2025-03-02 06:00:00,SHORT,82389.99593228042,81860.27575491574,0.4429,1697.44,2,signal
2025-03-02 12:00:00,2025-03-02 14:00:00,LONG,81654.23629358527,81840.07527767752,0.0276,106.19,1,signal
2025-03-03 04:00:00,2025-03-03 12:00:00,LONG,80321.8413854164,80341.30176542058,-0.1758,-676.61,4,signal
2025-03-03 16:00:00,2025-03-03 18:00:00,LONG,79804.85284322815,80064.92441487881,0.1259,483.76,1,signal
2025-03-04 14:00:00,2025-03-04 16:00:00,LONG,79752.06127657522,79056.94147634327,-1.0716,-4116.28,1,stop_loss
2025-03-04 18:00:00,2025-03-05 04:00:00,LONG,78484.66231008124,78115.53642978668,-0.6703,-2552.83,5,signal
2025-03-06 10:00:00,2025-03-06 18:00:00,LONG,77029.63418704187,77203.91189363979,0.0262,99.32,4,signal
2025-03-07 14:00:00,2025-03-07 18:00:00,SHORT,77357.32116447337,77163.22030240625,0.0509,192.72,2,signal
2025-03-08 18:00:00,2025-03-09 00:00:00,LONG,75168.78138240942,76815.24090897715,1.9904,7537.3,3,signal
2025-03-09 08:00:00,2025-03-09 10:00:00,LONG,75532.60778094729,73777.02261849653,-2.5243,-9722.04,1,stop_loss
2025-03-09 12:00:00,2025-03-09 18:00:00,LONG,71682.03196057104,71810.87092836501,-0.0203,-76.31,3,signal
2025-03-10 02:00:00,2025-03-10 04:00:00,SHORT,61940.47964533329,66944.71197505607,-8.2791,-31235.31,1,stop_loss
2025-03-10 08:00:00,2025-03-10 10:00:00,LONG,30159.086371718997,18035.41866443347,-40.3991,-139853.6,1,stop_loss
2025-03-10 12:00:00,2025-03-10 18:00:00,LONG,10989.85089707623,8831.437303919063,-19.8401,-42459.67,3,signal
2025-03-12 08:00:00,2025-03-12 16:00:00,SHORT,72356.31169496637,73184.83502754351,-1.3451,-2339.98,4,stop_loss
2025-03-12 18:00:00,2025-03-12 20:00:00,SHORT,71989.54762238363,71427.29068071338,0.581,996.17,1,signal
2025-03-14 02:00:00,2025-03-14 06:00:00,LONG,69897.75321222958,69447.71044144162,-0.8439,-1454.78,2,signal
2025-03-14 08:00:00,2025-03-14 10:00:00,LONG,70983.93655539486,69814.01895806714,-1.8481,-3154.96,1,stop_loss
2025-03-14 12:00:00,2025-03-14 14:00:00,LONG,71910.78782540036,72993.17684068119,1.3052,2192.93,1,signal
2025-03-14 16:00:00,2025-03-14 18:00:00,SHORT,72944.17094370772,70667.07206197639,2.9217,4969.83,1,signal
2025-03-17 04:00:00,2025-03-17 06:00:00,SHORT,72832.05596596272,73066.99458226061,-0.5226,-914.7,1,stop_loss
2025-03-17 12:00:00,2025-03-17 18:00:00,SHORT,73353.52971855376,73435.86033619932,-0.3122,-543.15,3,signal
2025-03-17 22:00:00,2025-03-18 00:00:00,SHORT,73529.52832287551,73390.91383473501,-0.0115,-19.92,1,signal
2025-03-19 04:00:00,2025-03-19 10:00:00,SHORT,75886.57329777644,74432.87121400758,1.7156,2975.2,3,signal
2025-03-20 16:00:00,2025-03-20 20:00:00,LONG,73844.0589903283,73695.19705235309,-0.4016,-707.78,2,signal
2025-03-20 22:00:00,2025-03-21 00:00:00,LONG,74038.547409938,73441.17966359448,-1.0068,-1764.88,1,stop_loss
2025-03-21 02:00:00,2025-03-21 08:00:00,LONG,73220.8719673438,73052.76716374286,-0.4296,-747.03,3,signal
2025-03-22 00:00:00,2025-03-22 02:00:00,SHORT,74336.87810583458,74366.95689975272,-0.2405,-416.45,1,signal
2025-03-23 04:00:00,2025-03-23 06:00:00,LONG,74918.09866521643,74823.78248514622,-0.3259,-563.11,1,signal
2025-03-23 06:00:00,2025-03-23 08:00:00,SHORT,74823.78248514622,74727.52734105037,-0.0714,-122.92,1,signal
2025-03-23 14:00:00,2025-03-23 18:00:00,LONG,73734.5603027143,74230.81763002354,0.473,814.27,2,signal
2025-03-25 02:00:00,2025-03-25 08:00:00,LONG,74058.39447926151,74462.354009063,0.3455,597.34,3,signal
2025-03-25 18:00:00,2025-03-25 20:00:00,SHORT,74985.14397754798,74932.87256887234,-0.1303,-226.03,1,signal
2025-03-26 02:00:00,2025-03-26 04:00:00,SHORT,75077.6589189412,75122.21630957234,-0.2593,-449.36,1,signal
2025-03-26 22:00:00,2025-03-27 00:00:00,LONG,74839.23029080924,75058.44936362021,0.0929,160.6,1,signal
2025-03-27 12:00:00,2025-03-27 14:00:00,LONG,74824.95804978226,74625.20144429622,-0.467,-807.8,1,signal
2025-03-27 16:00:00,2025-03-27 18:00:00,LONG,74853.36875995502,74569.70265619052,-0.579,-997.11,1,signal
2025-03-27 20:00:00,2025-03-27 22:00:00,LONG,75004.43538534174,75015.54870005888,-0.1852,-317.17,1,signal
2025-03-28 02:00:00,2025-03-28 04:00:00,LONG,36135.77724412556,30670.46661611525,-15.3244,-26149.03,1,stop_loss
2025-03-28 06:00:00,2025-03-28 10:00:00,LONG,23312.644008160376,38941.488682039686,66.8402,97675.43,2,signal
2025-03-31 06:00:00,2025-03-31 12:00:00,SHORT,76682.36975471744,77097.22203167215,-0.741,-1773.02,3,stop_loss
2025-03-31 14:00:00,2025-03-31 18:00:00,SHORT,77305.71241822572,77766.49561230703,-0.7961,-1891.39,2,stop_loss
2025-03-31 20:00:00,2025-04-01 02:00:00,SHORT,77934.8192576678,76759.63578134509,1.3079,3079.37,3,signal
2025-04-01 16:00:00,2025-04-01 20:00:00,SHORT,78585.61356219358,78565.05543323049,-0.1738,-414.38,2,signal
2025-04-01 22:00:00,2025-04-02 00:00:00,SHORT,78260.91971334408,78483.75253690743,-0.4847,-1153.54,1,signal
2025-04-02 22:00:00,2025-04-03 02:00:00,LONG,76968.31141365145,77138.88054039923,0.0216,51.19,2,signal
2025-04-04 02:00:00,2025-04-04 06:00:00,SHORT,78185.87001242438,77887.75240801371,0.1813,429.53,2,signal
2025-04-04 12:00:00,2025-04-04 20:00:00,LONG,74391.59105209801,75031.36845426803,0.66,1566.45,4,signal
2025-04-06 00:00:00,2025-04-06 02:00:00,SHORT,76618.30698590392,76528.22343184151,-0.0824,-196.85,1,signal
2025-04-06 14:00:00,2025-04-06 16:00:00,LONG,76058.72783463523,76022.95296678811,-0.247,-589.52,1,signal
2025-04-07 00:00:00,2025-04-07 02:00:00,LONG,82714.87324264363,81263.32317465573,-1.9549,-4645.77,1,stop_loss
2025-04-07 04:00:00,2025-04-07 06:00:00,LONG,79424.01361972149,75432.7125305367,-5.2253,-12186.15,1,stop_loss
2025-04-07 08:00:00,2025-04-07 14:00:00,LONG,33960.01962222474,65685.78739340988,93.2209,207031.15,3,signal
2025-04-09 06:00:00,2025-04-09 08:00:00,LONG,67510.76552901359,68313.35376082275,0.9888,4140.89,1,signal
2025-04-11 02:00:00,2025-04-11 12:00:00,SHORT,77532.38781703598,76846.79262513423,0.6843,2892.41,5,signal
2025-04-13 02:00:00,2025-04-13 06:00:00,SHORT,77701.1037645899,77762.13477709923,-0.2785,-1185.07,2,signal
2025-04-13 08:00:00,2025-04-13 10:00:00,SHORT,77457.64340053053,77474.87870512968,-0.2223,-943.06,1,signal
2025-04-13 14:00:00,2025-04-13 16:00:00,SHORT,78154.30581443472,79013.69753712932,-1.2996,-5512.19,1,stop_loss
2025-04-13 18:00:00,2025-04-14 00:00:00,SHORT,79667.17358238061,80670.35603730418,-1.4592,-6112.82,3,stop_loss
2025-04-14 02:00:00,2025-04-14 04:00:00,SHORT,81271.85763023855,82378.27631016361,-1.5614,-6450.08,1,stop_loss
2025-04-14 06:00:00,2025-04-14 10:00:00,SHORT,85773.6465914516,82002.98910378884,4.1961,17046.67,2,signal
2025-04-16 02:00:00,2025-04-16 04:00:00,SHORT,82247.74186369602,82547.46460637322,-0.5644,-2384.36,1,signal
2025-04-16 06:00:00,2025-04-16 10:00:00,SHORT,82738.19994702892,82238.28530141636,0.4042,1698.44,2,signal
2025-04-17 16:00:00,2025-04-17 18:00:00,SHORT,82639.64716703426,82657.98922492246,-0.2222,-937.21,1,signal
2025-04-18 02:00:00,2025-04-18 04:00:00,LONG,83180.0928412225,85495.91855193129,2.5841,10876.7,1,signal
2025-04-18 06:00:00,2025-04-18 08:00:00,SHORT,83388.51691392814,84263.51670138458,-1.2493,-5387.5,1,signal
2025-04-18 12:00:00,2025-04-18 14:00:00,SHORT,83586.23557907846,83858.72322147837,-0.526,-2241.38,1,signal
2025-04-19 22:00:00,2025-04-20 06:00:00,SHORT,84415.65704362089,84654.61687715739,-0.4831,-2048.2,4,signal
2025-04-21 02:00:00,2025-04-21 04:00:00,SHORT,85031.95081469687,85012.60686148232,-0.1773,-748.08,1,signal
2025-04-22 02:00:00,2025-04-22 08:00:00,LONG,84566.15711600403,84708.71880168939,-0.0314,-132.38,3,signal
2025-04-22 14:00:00,2025-04-22 20:00:00,SHORT,85998.81733612667,85819.64116724642,0.0083,35.16,3,signal
2025-04-23 22:00:00,2025-04-24 00:00:00,SHORT,86390.49195767626,86711.28948595183,-0.5713,-2409.84,1,stop_loss
2025-04-24 04:00:00,2025-04-24 06:00:00,SHORT,86683.19805749033,86565.37089860125,-0.0641,-268.43,1,signal
2025-04-24 12:00:00,2025-04-24 14:00:00,LONG,85935.05233227096,85596.18577623302,-0.5943,-2488.45,1,signal
2025-04-25 06:00:00,2025-04-25 10:00:00,SHORT,87240.04981883177,87469.14711617115,-0.4626,-1925.99,2,signal
2025-04-26 04:00:00,2025-04-26 06:00:00,SHORT,87672.42363961693,87489.98453261536,0.0081,33.54,1,signal
2025-04-27 02:00:00,2025-04-27 06:00:00,SHORT,88117.99618951979,88706.50072723824,-0.8679,-3603.14,2,stop_loss
2025-04-27 08:00:00,2025-04-27 10:00:00,SHORT,88548.46461213318,88308.04678305941,0.0715,293.99,1,signal
2025-04-27 18:00:00,2025-04-27 20:00:00,SHORT,88837.93516015474,88953.08981692964,-0.3296,-1356.05,1,signal
2025-04-28 00:00:00,2025-04-28 04:00:00,SHORT,89576.84748182818,89662.83115986852,-0.296,-1213.87,2,signal
2025-04-28 06:00:00,2025-04-28 08:00:00,SHORT,89539.55801159766,90158.33048299882,-0.8911,-3649.66,1,stop_loss
2025-04-28 10:00:00,2025-04-28 12:00:00,SHORT,89869.02101945326,89937.84424668078,-0.2766,-1121.5,1,signal
2025-04-29 04:00:00,2025-04-29 08:00:00,LONG,81299.70790704396,84859.07427287732,4.1781,16896.98,2,signal
2025-04-29 12:00:00,2025-04-29 22:00:00,LONG,64627.798920363675,86091.32447714076,33.011,138801.88,5,signal
2025-05-01 12:00:00,2025-05-01 14:00:00,SHORT,91348.10890740044,91178.80095632652,-0.0147,-80.95,1,signal
2025-05-01 20:00:00,2025-05-01 22:00:00,LONG,90913.39473325266,90832.41407796174,-0.2891,-1596.43,1,signal
2025-05-02 02:00:00,2025-05-02 06:00:00,LONG,89711.80970872972,90960.44685768094,1.1918,6563.89,2,signal
2025-05-02 12:00:00,2025-05-02 20:00:00,SHORT,92617.85493971339,92597.39974633984,-0.1779,-990.94,4,signal
2025-05-04 00:00:00,2025-05-04 06:00:00,SHORT,93592.40800516121,94423.58915345922,-1.0881,-6060.01,3,stop_loss
2025-05-04 08:00:00,2025-05-04 10:00:00,SHORT,94489.59362440936,94664.91655203735,-0.3855,-2121.58,1,signal
2025-05-05 06:00:00,2025-05-05 08:00:00,LONG,94285.69392412466,94380.16557881763,-0.0998,-547.18,1,signal
2025-05-05 22:00:00,2025-05-06 02:00:00,SHORT,95117.03892839045,95837.51296254857,-0.9575,-5252.71,2,stop_loss
2025-05-06 10:00:00,2025-05-06 14:00:00,SHORT,96089.6878955883,95143.68309644058,0.7845,4257.9,2,signal
2025-05-06 20:00:00,2025-05-07 00:00:00,SHORT,97854.33289706545,96228.03688815258,1.462,7993.93,2,signal
2025-05-07 14:00:00,2025-05-07 22:00:00,SHORT,98547.51145656293,98223.36544026367,0.1289,714.74,4,signal
2025-05-09 02:00:00,2025-05-09 06:00:00,SHORT,98720.1963209033,99024.08726031809,-0.5078,-2822.23,2,stop_loss
2025-05-09 08:00:00,2025-05-09 10:00:00,SHORT,98970.18414964642,99263.54451148184,-0.4964,-2742.13,1,signal
2025-05-09 12:00:00,2025-05-09 14:00:00,SHORT,99054.30721251534,99051.24727131173,-0.1969,-1082.58,1,signal
2025-05-10 04:00:00,2025-05-10 06:00:00,SHORT,99460.99500136926,99091.2584805173,0.1717,942.43,1,signal
2025-05-10 14:00:00,2025-05-10 18:00:00,SHORT,100688.26905398676,99287.1007914179,1.1916,6549.59,2,signal
2025-05-11 00:00:00,2025-05-11 04:00:00,SHORT,100961.68310559256,100915.05556422942,-0.1538,-855.03,2,signal
2025-05-12 02:00:00,2025-05-12 08:00:00,SHORT,101350.66277601087,101333.6327897551,-0.1832,-1016.85,3,signal
2025-05-13 20:00:00,2025-05-14 00:00:00,SHORT,102099.97695557355,102068.40151619939,-0.1691,-936.83,2,signal
2025-05-14 10:00:00,2025-05-14 14:00:00,LONG,101266.0326980975,101709.88633881952,0.2383,1318.31,2,signal
2025-05-16 02:00:00,2025-05-16 04:00:00,SHORT,103632.24930188444,104143.7358880047,-0.6936,-3850.96,1,stop_loss
2025-05-16 06:00:00,2025-05-16 10:00:00,SHORT,104312.09821766702,103057.23267945733,1.003,5524.46,2,signal
2025-05-17 16:00:00,2025-05-17 18:00:00,LONG,101626.86157251851,101751.42545901016,-0.0774,-430.55,1,signal
2025-05-17 22:00:00,2025-05-18 00:00:00,SHORT,103080.24593036881,103331.03024992139,-0.4433,-2463.09,1,signal
2025-05-18 08:00:00,2025-05-18 10:00:00,SHORT,103717.09125060617,103618.50628530336,-0.1049,-580.68,1,signal
2025-05-19 06:00:00,2025-05-19 08:00:00,LONG,103087.96777497685,103518.51253154584,0.2176,1203.04,1,signal
2025-05-19 20:00:00,2025-05-19 22:00:00,LONG,103420.63346328284,104462.86415167127,0.8078,4474.09,1,signal
2025-05-20 02:00:00,2025-05-20 04:00:00,SHORT,104882.55753770519,104493.5252169176,0.1709,953.98,1,signal
2025-05-21 06:00:00,2025-05-21 08:00:00,LONG,104668.41414118934,104727.04159579867,-0.144,-804.96,1,signal
2025-05-21 12:00:00,2025-05-21 14:00:00,LONG,104507.16570976752,104406.95119750302,-0.2959,-1651.91,1,signal
2025-05-21 16:00:00,2025-05-21 20:00:00,LONG,104304.61026016898,104363.73779080292,-0.1433,-797.84,2,signal
2025-05-22 06:00:00,2025-05-22 12:00:00,SHORT,106056.50521574978,103922.97294858359,1.8117,10072.19,3,signal
2025-05-22 16:00:00,2025-05-22 18:00:00,LONG,103973.37446688478,104075.58013256763,-0.1017,-575.14,1,signal
2025-05-25 00:00:00,2025-05-25 02:00:00,SHORT,105690.30033954476,106028.81758873872,-0.5203,-2943.14,1,stop_loss
2025-05-25 04:00:00,2025-05-25 06:00:00,LONG,105721.79217055523,105121.4365740919,-0.7679,-4310.39,1,stop_loss
2025-05-25 08:00:00,2025-05-25 12:00:00,SHORT,106971.44775354362,106140.20870428352,0.5771,3220.52,2,signal
2025-05-25 16:00:00,2025-05-25 18:00:00,SHORT,107216.29464402971,107132.4473948873,-0.1218,-683.45,1,signal
2025-05-26 04:00:00,2025-05-26 06:00:00,SHORT,107116.44786209488,106636.91460124115,0.2477,1388.21,1,signal
2025-05-26 16:00:00,2025-05-26 18:00:00,LONG,106200.727943547,106523.89238466322,0.1043,585.95,1,signal
2025-05-28 00:00:00,2025-05-28 04:00:00,LONG,105318.23992561846,105722.12478367005,0.1835,1031.89,2,signal
2025-05-29 16:00:00,2025-05-30 00:00:00,LONG,105783.67735622278,105423.09056095964,-0.5409,-3043.17,4,stop_loss
2025-05-30 08:00:00,2025-05-30 10:00:00,LONG,105322.73551024582,105174.64037511799,-0.3406,-1908.99,1,signal
2025-05-30 14:00:00,2025-05-30 16:00:00,SHORT,106015.94058954524,105214.67817684088,0.5558,3104.93,1,signal
2025-05-31 02:00:00,2025-05-31 04:00:00,LONG,104576.63526114154,104721.0230712181,-0.0619,-347.8,1,signal
2025-05-31 18:00:00,2025-05-31 22:00:00,LONG,103296.71465837867,103752.4734968586,0.2412,1353.85,2,signal
2025-06-01 02:00:00,2025-06-01 08:00:00,SHORT,107447.05788738072,104006.37514985546,3.0022,16889.01,3,signal
2025-06-02 00:00:00,2025-06-02 04:00:00,LONG,101220.7360414691,101317.43696971926,-0.1045,-604.43,2,signal
2025-06-03 08:00:00,2025-06-03 12:00:00,LONG,100959.74800585063,101159.83623054002,-0.0018,-10.48,2,signal
2025-06-03 16:00:00,2025-06-03 18:00:00,LONG,100953.70580410346,100775.8538884407,-0.3762,-2174.32,1,signal
2025-06-03 20:00:00,2025-06-03 22:00:00,LONG,100857.59325894185,101511.75166578237,0.4486,2583.68,1,signal
2025-06-04 08:00:00,2025-06-04 10:00:00,LONG,101312.2569286227,101600.04203022098,0.0841,486.19,1,signal
2025-06-04 12:00:00,2025-06-04 14:00:00,SHORT,101505.94830940617,101087.53337593304,0.2122,1228.39,1,signal
2025-06-05 00:00:00,2025-06-05 04:00:00,LONG,99578.35038700872,99814.97457362043,0.0376,218.24,2,signal
2025-06-07 20:00:00,2025-06-08 04:00:00,SHORT,100967.46212238766,101016.94606605073,-0.249,-1444.85,4,signal
2025-06-08 12:00:00,2025-06-08 16:00:00,SHORT,101526.3200896989,101107.65750695215,0.2124,1229.33,2,signal
2025-06-09 14:00:00,2025-06-09 16:00:00,LONG,100898.08270646253,100885.80122984634,-0.2122,-1230.67,1,signal
2025-06-09 20:00:00,2025-06-10 00:00:00,LONG,100277.76001715485,99897.7464728461,-0.579,-3347.01,2,stop_loss
2025-06-10 02:00:00,2025-06-10 06:00:00,LONG,94527.15249177224,106178.72408013593,12.1262,69808.4,2,signal
2025-06-10 08:00:00,2025-06-10 14:00:00,SHORT,106246.89972169325,98300.22610674803,7.2794,46734.16,3,signal
2025-06-13 00:00:00,2025-06-13 08:00:00,LONG,98089.31844447383,98727.1764027767,0.4503,3090.74,4,signal
2025-06-15 04:00:00,2025-06-15 10:00:00,SHORT,99272.8403275206,99544.9106800562,-0.4741,-3271.67,3,stop_loss
2025-06-15 12:00:00,2025-06-15 14:00:00,SHORT,99556.34816844862,99208.03385446033,0.1499,1028.43,1,signal
2025-06-15 18:00:00,2025-06-15 20:00:00,SHORT,99086.51287805718,99308.71125110515,-0.4242,-2915.44,1,signal
2025-06-16 04:00:00,2025-06-16 08:00:00,LONG,97654.7911693536,96813.7431973042,-1.0612,-7251.75,2,stop_loss
2025-06-16 10:00:00,2025-06-16 14:00:00,LONG,96270.69707592673,97543.71270133124,1.1223,7604.3,2,signal
2025-06-18 02:00:00,2025-06-18 04:00:00,LONG,96571.62929475558,96061.78910465735,-0.7279,-4977.48,1,stop_loss
2025-06-18 06:00:00,2025-06-18 14:00:00,LONG,94742.74928748929,95547.14618513153,0.649,4413.69,4,signal
2025-06-20 02:00:00,2025-06-20 06:00:00,LONG,94454.80199206564,94109.65244340473,-0.5654,-3863.75,2,stop_loss
2025-06-20 08:00:00,2025-06-20 14:00:00,LONG,93940.71431719697,94612.82443307234,0.5155,3508.05,3,signal
2025-06-21 00:00:00,2025-06-21 02:00:00,SHORT,95879.35916786123,95714.74258063434,-0.0283,-193.6,1,signal
2025-06-22 02:00:00,2025-06-22 04:00:00,SHORT,95672.34526145365,94915.65041550674,0.5909,4040.22,1,signal
2025-06-22 08:00:00,2025-06-22 10:00:00,SHORT,95461.87609327934,95568.86769945998,-0.3121,-2145.69,1,signal
2025-06-23 02:00:00,2025-06-23 08:00:00,LONG,92118.80153888126,92365.33729910571,0.0676,463.6,3,signal
2025-06-23 22:00:00,2025-06-24 02:00:00,SHORT,98506.53697244565,98308.3985617259,0.0011,7.84,2,signal
2025-06-24 04:00:00,2025-06-24 06:00:00,SHORT,95846.6357689743,98180.92473585092,-2.6354,-18111.49,1,stop_loss
2025-06-24 08:00:00,2025-06-24 10:00:00,SHORT,94892.17703270142,95756.22625246654,-1.1106,-7426.91,1,signal
2025-06-25 22:00:00,2025-06-26 02:00:00,SHORT,96771.336078901,96191.8867356217,0.3988,2638.74,2,signal
2025-06-26 22:00:00,2025-06-27 02:00:00,SHORT,97156.03434737079,96043.16417116419,0.9454,6279.71,2,signal
2025-06-27 14:00:00,2025-06-27 16:00:00,LONG,96329.70040832803,95882.94100260583,-0.6638,-4448.47,1,signal
2025-06-27 20:00:00,2025-06-28 00:00:00,LONG,95163.24025416009,95135.22538227073,-0.2294,-1527.94,2,signal
2025-06-28 04:00:00,2025-06-28 06:00:00,LONG,95451.3076771025,96120.82775124123,0.5014,3331.94,1,signal
2025-06-28 12:00:00,2025-06-28 14:00:00,LONG,95524.03367199852,96274.23020816768,0.5853,3908.13,1,signal
2025-06-30 14:00:00,2025-06-30 18:00:00,LONG,96202.54962957457,96152.65303796092,-0.2519,-1690.96,2,signal
2025-06-30 20:00:00,2025-06-30 22:00:00,LONG,96062.79149426983,96017.98392719639,-0.2466,-1651.94,1,signal
2025-07-02 02:00:00,2025-07-02 04:00:00,LONG,96050.36656401887,95984.99038030852,-0.2681,-1791.2,1,signal
2025-07-02 06:00:00,2025-07-02 16:00:00,LONG,95856.86520377174,95738.2596869806,-0.3237,-2157.65,5,signal
2025-07-03 02:00:00,2025-07-03 08:00:00,LONG,95262.9373747946,94782.98176174093,-0.7038,-4669.81,3,stop_loss
2025-07-03 10:00:00,2025-07-03 14:00:00,LONG,94115.42069217075,94980.56754012826,0.7192,4747.04,2,signal
2025-07-03 18:00:00,2025-07-03 20:00:00,LONG,94263.12601560167,94376.08858121534,-0.0802,-532.69,1,signal
2025-07-04 06:00:00,2025-07-04 10:00:00,LONG,93424.31335526265,94518.55278828385,0.9713,6449.27,2,signal
2025-07-06 16:00:00,2025-07-06 20:00:00,LONG,93444.90343788282,93805.7492691955,0.1862,1247.52,2,signal
2025-07-08 12:00:00,2025-07-08 14:00:00,LONG,93323.21676032715,93044.7991315171,-0.4983,-3345.45,1,signal
2025-07-09 02:00:00,2025-07-09 06:00:00,LONG,90511.96028457952,95489.30138512806,5.2991,35405.69,2,signal
2025-07-09 08:00:00,2025-07-09 10:00:00,SHORT,94743.04341402778,94730.041949544,-0.1863,-1307.26,1,signal
2025-07-09 14:00:00,2025-07-09 18:00:00,SHORT,96084.02628534246,92199.84717551783,3.8425,26918.09,2,signal
2025-07-11 02:00:00,2025-07-11 04:00:00,LONG,90037.14647931297,90585.0570342968,0.4085,2966.44,1,signal
2025-07-11 22:00:00,2025-07-12 02:00:00,LONG,88928.9018500989,87875.43379013163,-1.3846,-10075.62,2,stop_loss
2025-07-12 04:00:00,2025-07-12 10:00:00,LONG,82465.05245586138,87925.39939338539,6.4214,46192.88,3,signal
2025-07-14 02:00:00,2025-07-14 08:00:00,LONG,87035.18077778781,87027.55406987605,-0.2088,-1593.36,3,signal
2025-07-15 04:00:00,2025-07-15 06:00:00,LONG,86885.36681333442,86765.85757100218,-0.3375,-2569.1,1,stop_loss
2025-07-15 12:00:00,2025-07-15 16:00:00,LONG,86755.19519298547,86770.65624802906,-0.1822,-1383.26,2,signal
2025-07-15 20:00:00,2025-07-15 22:00:00,LONG,86675.03363803258,86632.68115652728,-0.2489,-1886.32,1,signal
2025-07-16 02:00:00,2025-07-16 04:00:00,LONG,84436.00778805083,83766.49634047932,-0.9929,-7496.29,1,stop_loss
2025-07-16 06:00:00,2025-07-16 10:00:00,LONG,83550.8411507112,85439.33283887157,2.0603,15432.79,2,signal
2025-07-18 02:00:00,2025-07-18 10:00:00,SHORT,88142.63693530929,88058.22309754786,-0.1042,-796.03,4,signal
2025-07-20 02:00:00,2025-07-20 06:00:00,SHORT,118839.80566957015,94573.91467984345,20.219,154263.59,2,signal
2025-07-20 14:00:00,2025-07-20 20:00:00,LONG,44744.477914891366,59884.026549353264,33.6356,305920.28,3,signal
2025-07-22 20:00:00,2025-07-23 00:00:00,SHORT,88644.07787711233,87116.19957337876,1.5236,18285.43,2,signal
2025-07-23 06:00:00,2025-07-23 10:00:00,LONG,86068.71500790335,86793.78236958547,0.6424,7821.63,2,signal
2025-07-24 06:00:00,2025-07-24 08:00:00,LONG,86532.89161147087,86405.6128094893,-0.3471,-4251.61,1,signal
2025-07-24 14:00:00,2025-07-24 22:00:00,SHORT,89681.7998976878,88240.50796458025,1.4071,17179.51,4,signal
2025-07-26 02:00:00,2025-07-26 06:00:00,LONG,87924.51246843144,88751.97703710971,0.7411,9169.15,2,signal
2025-07-26 08:00:00,2025-07-26 12:00:00,SHORT,89261.78121649257,88868.84037710424,0.2402,2992.88,2,signal
2025-07-26 22:00:00,2025-07-27 06:00:00,SHORT,90143.26162035618,90273.72151045862,-0.3447,-4304.84,4,signal
2025-07-28 02:00:00,2025-07-28 04:00:00,LONG,92429.14164198098,91200.79721160232,-1.529,-18997.64,1,stop_loss
2025-07-28 06:00:00,2025-07-28 08:00:00,LONG,89402.62849699943,87600.44956104303,-2.2158,-27130.41,1,stop_loss
2025-07-28 10:00:00,2025-07-28 14:00:00,LONG,85405.8855963571,86518.91626395217,1.1032,13248.23,2,signal
2025-07-28 20:00:00,2025-07-28 22:00:00,LONG,87241.66626081638,90534.31159749512,3.5742,43370.72,1,signal
2025-07-31 00:00:00,2025-07-31 06:00:00,SHORT,91742.52600763054,91708.83265786857,-0.1633,-2048.52,3,signal
2025-08-01 06:00:00,2025-08-01 08:00:00,LONG,91549.73730127703,91399.48409986516,-0.3641,-4561.38,1,signal
2025-08-01 10:00:00,2025-08-01 12:00:00,LONG,91422.77440652085,91167.07239032011,-0.4797,-5981.36,1,stop_loss
2025-08-01 14:00:00,2025-08-01 18:00:00,LONG,91162.87120862832,91156.3800190337,-0.2071,-2573.87,2,signal
2025-08-01 20:00:00,2025-08-02 00:00:00,LONG,91030.7129880795,90739.81656836659,-0.5196,-6435.87,2,stop_loss
2025-08-02 02:00:00,2025-08-02 10:00:00,LONG,90386.10099201986,90447.8734862059,-0.1317,-1624.82,4,signal
2025-08-03 20:00:00,2025-08-03 22:00:00,LONG,90676.40522994974,90632.49678337667,-0.2484,-3062.03,1,signal
2025-08-04 02:00:00,2025-08-04 06:00:00,LONG,90300.92735452711,90689.57821053853,0.2304,2833.12,2,signal
2025-08-04 16:00:00,2025-08-05 00:00:00,LONG,89933.63629095987,90132.23092037022,0.0208,256.62,4,signal
2025-08-05 18:00:00,2025-08-05 20:00:00,LONG,89625.22431823307,89255.9734496569,-0.612,-7543.53,1,signal
2025-08-05 22:00:00,2025-08-06 00:00:00,LONG,89705.49969682515,89780.15100603116,-0.1168,-1431.1,1,signal
2025-08-06 06:00:00,2025-08-06 08:00:00,SHORT,88796.05986746648,89586.3326058612,-1.09,-13364.18,1,stop_loss
2025-08-06 12:00:00,2025-08-06 14:00:00,LONG,88808.37942857313,90085.07272561941,1.2376,14991.97,1,signal
2025-08-08 04:00:00,2025-08-08 08:00:00,LONG,87799.10473230237,88255.89485523476,0.3203,3925.31,2,signal
2025-08-08 12:00:00,2025-08-08 14:00:00,LONG,88332.66108581815,88379.61354137295,-0.1468,-1805.27,1,signal
2025-08-08 18:00:00,2025-08-08 20:00:00,LONG,88215.04331471413,89288.16645332424,1.0165,12478.87,1,signal
2025-08-09 16:00:00,2025-08-09 20:00:00,SHORT,89902.52930712399,89073.87099485102,0.7217,8945.87,2,signal
2025-08-12 04:00:00,2025-08-12 12:00:00,SHORT,89284.45999063633,88563.3397383684,0.6077,7583.69,4,signal
2025-08-12 22:00:00,2025-08-13 00:00:00,LONG,87187.50547783132,87790.54469415425,0.4917,6171.32,1,signal
2025-08-13 04:00:00,2025-08-13 08:00:00,SHORT,90134.04980817642,89571.36391405125,0.4243,5350.42,2,signal
2025-08-13 14:00:00,2025-08-13 20:00:00,LONG,85667.14042367943,86904.18756010463,1.244,15751.14,3,signal
2025-08-15 04:00:00,2025-08-15 12:00:00,SHORT,86660.95809830548,85785.51458687562,0.8102,10379.52,4,signal
2025-08-15 22:00:00,2025-08-16 00:00:00,LONG,84784.53983466428,84682.06196850745,-0.3209,-4142.34,1,signal
2025-08-17 02:00:00,2025-08-17 06:00:00,SHORT,85587.86944911808,84767.15904649641,0.7589,9767.48,2,signal
2025-08-17 18:00:00,2025-08-17 20:00:00,SHORT,85711.6135759105,85584.16932072968,-0.0513,-665.15,1,signal
2025-08-18 06:00:00,2025-08-18 08:00:00,SHORT,86003.19127757126,86281.23434695706,-0.5233,-6780.26,1,signal
2025-08-18 10:00:00,2025-08-18 14:00:00,SHORT,86949.29837469154,86557.92294812955,0.2501,3224.65,2,signal
2025-08-18 22:00:00,2025-08-19 00:00:00,SHORT,86886.06980899362,87241.1498175044,-0.6087,-7865.95,1,signal
2025-08-19 02:00:00,2025-08-19 08:00:00,SHORT,87474.46838856858,88372.28815485713,-1.2264,-15783.36,3,stop_loss
2025-08-19 10:00:00,2025-08-19 12:00:00,SHORT,87752.43532341362,87547.11688221508,0.034,431.42,1,signal
2025-08-20 18:00:00,2025-08-21 00:00:00,LONG,87003.57137233012,86491.19440187264,-0.7889,-10006.26,3,stop_loss
2025-08-21 02:00:00,2025-08-21 06:00:00,LONG,85655.54934797599,86472.01652688568,0.7532,9495.93,2,signal
2025-08-21 10:00:00,2025-08-21 12:00:00,LONG,86284.59284527309,86846.39799886663,0.4511,5728.02,1,signal
2025-08-21 16:00:00,2025-08-21 18:00:00,SHORT,89239.75051037714,90698.8206241546,-1.835,-23441.81,1,stop_loss
2025-08-21 20:00:00,2025-08-21 22:00:00,SHORT,88773.34847439826,86209.57803981335,2.688,33678.99,1,signal
2025-08-23 04:00:00,2025-08-23 08:00:00,SHORT,87418.03630791805,87726.96373048957,-0.5534,-7119.8,2,stop_loss
2025-08-23 10:00:00,2025-08-23 12:00:00,SHORT,87513.7014455001,87462.62944956323,-0.1416,-1810.42,1,signal
2025-08-24 02:00:00,2025-08-24 08:00:00,SHORT,91628.17950310367,89397.86264258198,2.2341,28517.15,3,signal
2025-08-26 16:00:00,2025-08-26 18:00:00,SHORT,88653.03639448549,88593.83969371371,-0.1332,-1736.67,1,signal
2025-08-27 04:00:00,2025-08-27 06:00:00,LONG,88583.56205305998,89249.08532640141,0.5513,7177.27,1,signal
2025-08-27 08:00:00,2025-08-27 10:00:00,SHORT,89081.18615754538,88837.40536701075,0.0737,964.02,1,signal
2025-08-27 16:00:00,2025-08-27 18:00:00,LONG,88117.39495082617,88399.34525119382,0.12,1571.18,1,signal
2025-08-28 10:00:00,2025-08-28 12:00:00,SHORT,88905.25518693005,89780.48426905923,-1.1845,-15555.4,1,stop_loss
2025-08-28 14:00:00,2025-08-29 00:00:00,SHORT,90524.31976617147,89649.80966573651,0.766,9930.63,5,signal
2025-08-30 06:00:00,2025-08-30 16:00:00,SHORT,90022.00413069464,90402.44489172004,-0.6226,-8140.92,5,stop_loss
2025-08-30 22:00:00,2025-08-31 02:00:00,SHORT,90659.71890588518,91065.6856281762,-0.6478,-8420.24,2,stop_loss
2025-08-31 04:00:00,2025-08-31 06:00:00,SHORT,91721.65032907401,91655.14217830959,-0.1275,-1644.67,1,signal
2025-09-02 02:00:00,2025-09-02 06:00:00,SHORT,92560.37128446002,92054.44258152944,0.3466,4465.79,2,signal
2025-09-02 12:00:00,2025-09-02 16:00:00,LONG,90393.65673049449,90611.16158782052,0.0406,525.1,2,signal
2025-09-02 20:00:00,2025-09-02 22:00:00,LONG,90441.03848355952,90775.91606970107,0.1703,2201.99,1,signal
2025-09-04 04:00:00,2025-09-04 12:00:00,SHORT,90952.04566821145,90924.86593130302,-0.1701,-2203.54,4,signal
2025-09-06 02:00:00,2025-09-06 04:00:00,SHORT,90625.09300612574,91034.9959995061,-0.6523,-8447.46,1,stop_loss
2025-09-06 06:00:00,2025-09-06 08:00:00,SHORT,90806.67979736194,89524.92915298502,1.2115,15570.35,1,signal
2025-09-06 10:00:00,2025-09-06 14:00:00,LONG,88966.75812377608,88105.8128156826,-1.1677,-15155.0,2,stop_loss
2025-09-06 16:00:00,2025-09-06 20:00:00,LONG,88224.44857840758,89978.12783690453,1.7877,22983.12,2,signal
2025-09-08 12:00:00,2025-09-08 14:00:00,SHORT,89838.23030608098,89977.2661777286,-0.3548,-4638.25,1,signal
2025-09-08 16:00:00,2025-09-08 20:00:00,SHORT,90071.27213742187,88957.86506314817,1.0361,13501.09,2,signal
2025-09-08 22:00:00,2025-09-09 00:00:00,LONG,89140.17795024531,90141.89110465323,0.9238,12155.12,1,signal
2025-09-09 02:00:00,2025-09-09 06:00:00,SHORT,90440.08226769647,89400.10488851875,0.9499,12608.99,2,signal
2025-09-09 10:00:00,2025-09-09 12:00:00,LONG,88744.87463499373,88749.27511827635,-0.195,-2612.33,1,signal
2025-09-12 04:00:00,2025-09-12 06:00:00,SHORT,88611.44752882277,88241.03857291021,0.218,2914.61,1,signal
2025-09-12 10:00:00,2025-09-12 14:00:00,LONG,87313.79414842381,87868.20819327355,0.435,5827.07,2,signal
2025-09-12 22:00:00,2025-09-13 00:00:00,LONG,87711.61107667915,87334.67858422468,-0.6297,-8471.23,1,signal
2025-09-13 02:00:00,2025-09-13 04:00:00,LONG,87357.2964436633,87223.62197037153,-0.353,-4720.4,1,signal
2025-09-13 10:00:00,2025-09-13 12:00:00,SHORT,87712.63579292125,87919.31442175889,-0.4356,-5805.49,1,signal
2025-09-13 22:00:00,2025-09-14 00:00:00,LONG,87556.38123432206,87658.18252731234,-0.0837,-1111.23,1,signal
2025-09-14 22:00:00,2025-09-15 02:00:00,SHORT,88420.81205269054,88067.69418957816,0.1994,2643.7,2,signal
2025-09-15 08:00:00,2025-09-15 10:00:00,SHORT,88459.3048250542,88862.09628198341,-0.6553,-8706.87,1,signal
2025-09-15 12:00:00,2025-09-15 16:00:00,SHORT,89166.84180834696,88382.19691626834,0.68,8977.9,2,signal
2025-09-16 00:00:00,2025-09-16 08:00:00,SHORT,89504.40021096994,89836.83729662154,-0.5714,-7593.37,4,signal
2025-09-17 02:00:00,2025-09-17 04:00:00,SHORT,91114.3488791292,91705.42232701361,-0.8487,-11234.17,1,stop_loss
2025-09-17 06:00:00,2025-09-17 14:00:00,SHORT,93355.40714071757,92424.4996621542,0.7972,10450.62,4,signal
2025-09-19 04:00:00,2025-09-19 06:00:00,LONG,90814.46838306413,90351.22574645397,-0.7101,-9366.21,1,stop_loss
2025-09-19 14:00:00,2025-09-19 22:00:00,SHORT,91014.84833979905,90877.28113154997,-0.0489,-640.94,4,signal
2025-09-20 02:00:00,2025-09-20 06:00:00,SHORT,95124.55540971458,93832.82336210254,1.1579,15185.13,2,signal
2025-09-20 14:00:00,2025-09-20 18:00:00,LONG,87171.63107067528,87215.58700713422,-0.1496,-1983.1,2,signal
2025-09-22 04:00:00,2025-09-22 06:00:00,SHORT,90842.88904325807,91471.94117503775,-0.8925,-11815.62,1,signal
2025-09-22 12:00:00,2025-09-22 14:00:00,LONG,90616.0664673216,92318.40983731224,1.6786,22035.61,1,signal
2025-09-22 20:00:00,2025-09-22 22:00:00,LONG,89741.59677610722,89748.11433686507,-0.1927,-2570.43,1,signal
2025-09-24 02:00:00,2025-09-24 14:00:00,SHORT,90712.61537297786,91194.54758517149,-0.7313,-9748.88,6,stop_loss
2025-09-24 16:00:00,2025-09-24 18:00:00,SHORT,91358.11149810185,91126.39425104193,0.0536,709.04,1,signal
2025-09-26 00:00:00,2025-09-26 12:00:00,SHORT,91325.31014903598,91359.67420636771,-0.2376,-3142.91,6,signal
2025-09-27 02:00:00,2025-09-27 04:00:00,LONG,92619.13894283655,92015.39541409902,-0.8519,-11224.14,1,stop_loss
2025-09-27 14:00:00,2025-09-27 22:00:00,SHORT,94307.94369070258,92814.6711195412,1.3834,18108.26,4,signal
2025-09-28 12:00:00,2025-09-28 14:00:00,SHORT,94402.35709559577,94323.85605988133,-0.1168,-1549.55,1,signal
2025-09-28 22:00:00,2025-09-29 00:00:00,LONG,93677.9207557683,93731.15142380031,-0.1432,-1896.66,1,signal
2025-09-29 22:00:00,2025-09-30 00:00:00,SHORT,94477.98528252172,94370.86278566168,-0.0866,-1145.85,1,signal
2025-09-30 22:00:00,2025-10-01 02:00:00,SHORT,95041.84470799925,95351.46411159763,-0.5258,-6949.69,2,signal
2025-10-01 02:00:00,2025-10-01 04:00:00,LONG,95351.46411159763,96065.78534171675,0.5491,7222.39,1,signal
2025-10-01 04:00:00,2025-10-01 08:00:00,SHORT,96065.78534171675,93706.90899794833,2.2555,29818.94,2,signal
2025-10-01 12:00:00,2025-10-01 14:00:00,LONG,94280.28278071909,94143.15346223288,-0.3454,-4664.92,1,signal
2025-10-02 04:00:00,2025-10-02 06:00:00,SHORT,96933.95167978817,98582.6504414873,-1.9008,-25630.48,1,stop_loss
2025-10-02 08:00:00,2025-10-02 10:00:00,SHORT,96442.71590928976,96797.6078794248,-0.568,-7506.53,1,signal
2025-10-03 02:00:00,2025-10-03 04:00:00,SHORT,104692.01087669413,108240.30046968539,-3.5893,-47269.36,1,stop_loss
2025-10-03 06:00:00,2025-10-03 10:00:00,SHORT,107260.43663301256,97824.58421097606,8.5971,109147.29,2,signal
2025-10-03 18:00:00,2025-10-03 22:00:00,LONG,86099.6353189582,93199.91470323013,8.0466,110501.05,2,signal
2025-10-05 02:00:00,2025-10-05 06:00:00,SHORT,114331.82879758335,116805.23279957083,-2.3634,-35000.08,2,stop_loss
2025-10-05 08:00:00,2025-10-05 12:00:00,SHORT,123891.26032387369,103372.76049142703,16.3617,236425.33,2,signal
2025-10-08 02:00:00,2025-10-08 06:00:00,SHORT,98016.31708975883,96952.59545002291,0.8852,14780.09,2,signal
2025-10-08 20:00:00,2025-10-08 22:00:00,SHORT,97934.70488720282,97763.64338817401,-0.0253,-426.48,1,signal
2025-10-09 04:00:00,2025-10-09 06:00:00,SHORT,98668.64392742053,98664.47962754515,-0.1958,-3295.42,1,signal
2025-10-09 14:00:00,2025-10-09 16:00:00,SHORT,99327.99016006003,99096.02361372928,0.0335,563.44,1,signal
2025-10-11 02:00:00,2025-10-11 06:00:00,LONG,98449.50414023548,98757.4581741181,0.1128,1895.83,2,signal
2025-10-11 10:00:00,2025-10-11 16:00:00,LONG,98277.86877852691,99234.19200014809,0.7731,13006.61,3,signal
2025-10-11 22:00:00,2025-10-12 00:00:00,SHORT,99300.718496679,98915.2514134663,0.1882,3189.29,1,signal
2025-10-13 10:00:00,2025-10-13 12:00:00,LONG,99009.44619010428,99017.83224602719,-0.1915,-3251.84,1,signal
2025-10-14 00:00:00,2025-10-14 02:00:00,LONG,98694.57478907434,99060.16577760909,0.1704,2888.28,1,signal
2025-10-14 14:00:00,2025-10-14 20:00:00,SHORT,100367.64354995094,101020.35211237625,-0.8503,-14456.04,3,stop_loss
2025-10-14 22:00:00,2025-10-15 00:00:00,SHORT,100563.14823455783,100376.37546516629,-0.0143,-240.32,1,signal
2025-10-15 22:00:00,2025-10-16 02:00:00,SHORT,102332.31212584526,103856.92547081625,-1.6899,-28499.33,2,stop_loss
2025-10-16 04:00:00,2025-10-16 08:00:00,SHORT,105264.57775910394,99828.03979781042,4.9646,82236.45,2,signal
2025-10-16 16:00:00,2025-10-16 20:00:00,LONG,96932.35079945115,99719.55108956699,2.6754,46406.75,2,signal
2025-10-18 20:00:00,2025-10-19 02:00:00,SHORT,101889.54068206622,98389.66148697081,3.235,57538.99,3,signal
2025-10-19 02:00:00,2025-10-19 06:00:00,LONG,98389.66148697081,97396.59159527918,-1.2093,-22133.71,2,stop_loss
2025-10-19 08:00:00,2025-10-19 12:00:00,LONG,94169.09687859076,98266.05559517074,4.1506,75221.59,2,signal
2025-10-20 04:00:00,2025-10-20 06:00:00,LONG,88601.1648773233,84981.00221858402,-4.2859,-80581.84,1,stop_loss
2025-10-20 08:00:00,2025-10-20 12:00:00,LONG,82494.38783053988,89554.32547753029,8.3581,151046.98,2,signal
2025-10-23 10:00:00,2025-10-23 16:00:00,LONG,94608.34527759005,95373.41436094251,0.6087,11873.27,3,signal
2025-10-26 02:00:00,2025-10-26 06:00:00,LONG,88134.66966278506,89712.72578930149,1.5905,31205.26,2,signal
2025-10-26 08:00:00,2025-10-26 10:00:00,LONG,89514.25753182934,89565.73594481072,-0.1425,-2837.88,1,signal
2025-10-27 00:00:00,2025-10-27 06:00:00,SHORT,101224.70544016674,101510.10362052299,-0.4819,-9585.5,3,signal
2025-10-28 06:00:00,2025-10-28 08:00:00,LONG,100756.42490083203,104227.01358908921,3.2445,64235.71,1,signal
2025-10-28 10:00:00,2025-10-28 16:00:00,SHORT,110811.5776421532,107795.59881839069,2.5217,51464.17,3,signal
2025-10-30 02:00:00,2025-10-30 04:00:00,SHORT,104017.8208149531,102025.6528428196,1.7152,35843.4,1,signal
2025-10-30 14:00:00,2025-10-30 16:00:00,SHORT,102363.48186497153,104740.24583731258,-2.5219,-53657.94,1,stop_loss
2025-10-30 20:00:00,2025-10-30 22:00:00,SHORT,101978.39759519768,101395.85007545358,0.3712,7695.2,1,signal
2025-10-31 02:00:00,2025-10-31 04:00:00,LONG,102395.02162585309,103954.58775073664,1.3231,27521.75,1,signal
2025-10-31 12:00:00,2025-10-31 14:00:00,SHORT,103117.19122466983,105135.88793684579,-2.1577,-45446.21,1,signal
2025-11-02 02:00:00,2025-11-02 04:00:00,SHORT,111461.23025263511,112695.99450446678,-1.3078,-27026.7,1,stop_loss
2025-11-02 06:00:00,2025-11-02 08:00:00,SHORT,109725.70465086083,109761.70236086231,-0.2328,-4743.24,1,signal
2025-11-02 14:00:00,2025-11-02 20:00:00,SHORT,122946.77172296295,100129.34928289556,18.3588,373216.68,3,signal
2025-11-04 08:00:00,2025-11-04 10:00:00,SHORT,105415.31407721066,105519.88302316901,-0.2992,-7143.22,1,signal
2025-11-04 16:00:00,2025-11-04 20:00:00,SHORT,107307.503152791,107110.0110607048,-0.016,-379.88,2,signal
2025-11-06 12:00:00,2025-11-06 18:00:00,LONG,104679.75528432133,104406.4391663081,-0.4611,-10963.14,3,stop_loss
2025-11-06 22:00:00,2025-11-07 02:00:00,LONG,104179.40938558306,104651.92198558427,0.2536,6009.04,2,signal
2025-11-07 10:00:00,2025-11-07 14:00:00,SHORT,105201.67711984177,105056.37837823306,-0.0619,-1470.16,2,signal
2025-11-08 02:00:00,2025-11-08 06:00:00,SHORT,106156.69531769743,103587.3608779463,2.2203,52715.15,2,signal
2025-11-08 08:00:00,2025-11-08 10:00:00,LONG,104103.28411482985,104316.87718176612,0.0052,125.44,1,signal
2025-11-08 20:00:00,2025-11-08 22:00:00,SHORT,105587.18922521769,104485.46126470536,0.8434,20448.19,1,signal
2025-11-09 02:00:00,2025-11-09 04:00:00,SHORT,105155.59698612343,108123.93524573292,-3.0228,-74010.38,1,stop_loss
2025-11-09 06:00:00,2025-11-09 10:00:00,SHORT,124093.12911958735,101863.98763898692,17.7133,420429.12,2,signal
2025-11-09 22:00:00,2025-11-10 00:00:00,LONG,101019.54400866515,106525.019164479,5.2499,145576.54,1,signal
2025-11-12 22:00:00,2025-11-13 08:00:00,SHORT,107198.70261169577,107320.15519920789,-0.3133,-9120.79,5,signal
2025-11-14 02:00:00,2025-11-14 04:00:00,SHORT,107585.4826230288,107584.42142585336,-0.199,-5776.5,1,signal
2025-11-15 02:00:00,2025-11-15 04:00:00,SHORT,107679.83396934041,107308.71646237728,0.1446,4190.6,1,signal
2025-11-15 06:00:00,2025-11-15 12:00:00,LONG,107170.15756670936,107456.87738826536,0.0675,1959.29,3,signal
2025-11-16 02:00:00,2025-11-16 04:00:00,LONG,106956.3142576443,106990.49033498872,-0.168,-4878.26,1,signal
2025-11-16 10:00:00,2025-11-16 16:00:00,SHORT,107760.96733900206,107294.00717218917,0.2333,6762.56,3,signal
2025-11-17 02:00:00,2025-11-17 06:00:00,SHORT,108163.02403469858,107758.1699503955,0.1743,5062.91,2,signal
2025-11-17 14:00:00,2025-11-17 16:00:00,SHORT,107668.75076371711,107803.24916793707,-0.3249,-9453.58,1,signal
2025-11-17 22:00:00,2025-11-18 00:00:00,LONG,107108.04167247901,107074.08727571629,-0.2317,-6720.58,1,signal
2025-11-20 06:00:00,2025-11-20 08:00:00,SHORT,106846.91043293092,106648.08341395852,-0.0139,-402.7,1,signal
2025-11-20 16:00:00,2025-11-20 18:00:00,LONG,106249.3785921743,105837.95885937463,-0.5872,-16970.43,1,stop_loss
2025-11-20 20:00:00,2025-11-20 22:00:00,LONG,106009.59283048901,105816.70662556014,-0.382,-10991.24,1,signal
2025-11-21 00:00:00,2025-11-21 02:00:00,LONG,105795.24859652817,105740.63788751503,-0.2516,-7214.45,1,signal
2025-11-22 04:00:00,2025-11-22 08:00:00,LONG,104553.66827314853,105322.13718384714,0.535,15302.89,2,signal
2025-11-23 06:00:00,2025-11-23 14:00:00,LONG,104418.11914427587,104484.0019727423,-0.1369,-3935.87,4,signal
2025-11-25 02:00:00,2025-11-25 04:00:00,SHORT,109361.18199541849,110737.8206847162,-1.4588,-41956.69,1,stop_loss
2025-11-25 06:00:00,2025-11-25 08:00:00,SHORT,109353.15175578489,111031.64040051735,-1.7349,-49120.85,1,signal
2025-11-25 12:00:00,2025-11-25 14:00:00,SHORT,112194.75303824128,112732.92804676775,-0.6797,-18926.56,1,signal
2025-11-25 22:00:00,2025-11-26 00:00:00,LONG,103654.19254809179,103852.03980544666,-0.0091,-252.53,1,signal
2025-11-27 18:00:00,2025-11-28 02:00:00,LONG,103218.78304410448,103066.90091562229,-0.3471,-9603.48,4,signal
2025-11-28 10:00:00,2025-11-28 14:00:00,LONG,102720.50160397011,102700.19602899488,-0.2198,-6059.63,2,signal
2025-11-28 18:00:00,2025-11-28 22:00:00,LONG,102241.53419118207,102816.07113707383,0.3619,9958.91,2,signal
2025-11-30 04:00:00,2025-11-30 08:00:00,LONG,102249.02800120275,102542.8359543559,0.0873,2411.6,2,signal
2025-12-01 12:00:00,2025-12-01 14:00:00,SHORT,103050.89615498541,103188.49014233737,-0.3335,-9216.11,1,signal
2025-12-01 16:00:00,2025-12-01 22:00:00,SHORT,103440.29469528313,103204.05936987816,0.0284,781.69,3,signal
2025-12-03 02:00:00,2025-12-03 04:00:00,SHORT,103292.91205357961,103374.53877014571,-0.279,-7687.88,1,signal
2025-12-03 06:00:00,2025-12-03 08:00:00,SHORT,103356.34295535731,103363.36614986038,-0.2068,-5682.66,1,signal
2025-12-03 22:00:00,2025-12-04 00:00:00,SHORT,103774.33360514324,103904.50896712249,-0.3254,-8925.44,1,signal
2025-12-04 02:00:00,2025-12-04 08:00:00,SHORT,103961.96879513387,103990.80494249745,-0.2277,-6226.54,3,signal
2025-12-05 02:00:00,2025-12-05 10:00:00,SHORT,105300.36057780217,105625.98252395255,-0.5092,-13892.72,4,signal
2025-12-05 12:00:00,2025-12-05 14:00:00,SHORT,103440.13704305702,103978.35573394176,-0.7203,-19556.48,1,signal
2025-12-06 20:00:00,2025-12-07 00:00:00,SHORT,106046.84185953952,105859.04693168907,-0.0229,-617.83,2,signal
2025-12-07 04:00:00,2025-12-07 08:00:00,SHORT,106853.34158492416,106964.84792960524,-0.3044,-8204.82,2,signal
2025-12-07 12:00:00,2025-12-07 14:00:00,SHORT,107970.5580776947,108757.05421086132,-0.9284,-24995.66,1,stop_loss
2025-12-07 16:00:00,2025-12-07 20:00:00,SHORT,109192.06330969601,108441.192020892,0.4877,12992.6,2,signal
2025-12-09 04:00:00,2025-12-09 06:00:00,SHORT,106507.6935513214,106914.66741134254,-0.5821,-15601.22,1,stop_loss
2025-12-09 08:00:00,2025-12-09 18:00:00,SHORT,107418.84231615814,107958.25008786586,-0.7022,-18716.6,5,stop_loss
2025-12-09 20:00:00,2025-12-09 22:00:00,SHORT,107363.82945237901,107183.52720827963,-0.0321,-847.78,1,signal
2025-12-11 18:00:00,2025-12-12 02:00:00,SHORT,107874.81121710855,107353.8176588814,0.283,7479.25,4,signal
2025-12-12 06:00:00,2025-12-12 08:00:00,LONG,107116.06771877377,107503.52683527395,0.1617,4286.05,1,signal
2025-12-12 18:00:00,2025-12-12 22:00:00,SHORT,109162.19424661108,108474.80821105452,0.4297,11405.68,2,signal
2025-12-14 06:00:00,2025-12-14 08:00:00,LONG,101837.5829087966,100735.65161940925,-1.282,-34111.68,1,stop_loss
2025-12-14 10:00:00,2025-12-14 14:00:00,LONG,98719.35834280487,102527.3419739928,3.6574,96291.99,2,signal
2025-12-16 12:00:00,2025-12-16 14:00:00,SHORT,108637.58491844559,108627.26686494309,-0.1905,-5189.83,1,signal
2025-12-17 00:00:00,2025-12-17 02:00:00,SHORT,108587.81678483686,108623.37067881282,-0.2327,-6329.09,1,signal
2025-12-17 06:00:00,2025-12-17 10:00:00,LONG,108123.49149186237,108805.93308993889,0.4312,11699.1,2,signal
2025-12-17 16:00:00,2025-12-17 18:00:00,LONG,108072.75098822473,108436.8948447421,0.1369,3730.96,1,signal
2025-12-18 02:00:00,2025-12-18 10:00:00,LONG,106468.05216649442,106205.52417305764,-0.4466,-12182.7,4,signal
2025-12-19 20:00:00,2025-12-20 02:00:00,LONG,105788.29258736108,107236.02692922643,1.1685,31742.05,3,signal
2025-12-20 22:00:00,2025-12-21 00:00:00,LONG,105642.85292231012,109574.38952117093,3.5215,96722.0,1,signal
2025-12-21 02:00:00,2025-12-21 04:00:00,SHORT,115115.83934112753,117033.60369300914,-1.8659,-53058.84,1,stop_loss
2025-12-21 06:00:00,2025-12-21 08:00:00,SHORT,115163.19541999503,117666.33624519742,-2.3736,-66297.61,1,stop_loss
2025-12-21 10:00:00,2025-12-21 12:00:00,SHORT,115967.33789668173,115502.44077141951,0.2009,5474.32,1,signal
2025-12-23 12:00:00,2025-12-23 16:00:00,SHORT,106161.1085481611,105929.36067648995,0.0183,499.59,2,signal
2025-12-24 00:00:00,2025-12-24 02:00:00,LONG,105575.14073147863,105389.71540576118,-0.3756,-10257.64,1,signal
2025-12-24 08:00:00,2025-12-24 12:00:00,LONG,105131.74962734156,105209.79496179365,-0.1258,-3422.06,2,signal
2025-12-25 06:00:00,2025-12-25 12:00:00,LONG,104429.94267691804,104988.67559188438,0.335,9105.36,3,signal
2025-12-26 04:00:00,2025-12-26 06:00:00,SHORT,105496.17669712387,105449.73142429095,-0.156,-4252.51,1,signal
2025-12-27 08:00:00,2025-12-27 10:00:00,SHORT,105297.97887110345,105598.84972924451,-0.4857,-13223.46,1,signal
2025-12-27 16:00:00,2025-12-27 22:00:00,LONG,104048.27004560512,104363.45601740076,0.1029,2789.01,3,signal
2025-12-28 02:00:00,2025-12-28 10:00:00,LONG,102446.9353477674,102571.90502219168,-0.078,-2116.13,4,signal
2025-12-30 02:00:00,2025-12-30 04:00:00,LONG,102072.7803069376,102125.38332062947,-0.1485,-4024.07,1,signal
2025-12-30 08:00:00,2025-12-30 18:00:00,LONG,101800.58716935918,101071.34714309419,-0.9163,-24763.17,5,stop_loss
2025-12-30 20:00:00,2025-12-30 22:00:00,LONG,101402.07229135382,101294.53327749054,-0.3061,-8211.69,1,signal
2026-01-01 04:00:00,2026-01-01 06:00:00,SHORT,102064.34461894378,101517.70049303085,0.3356,8977.98,1,signal
2026-01-01 18:00:00,2026-01-01 20:00:00,LONG,101048.14382326257,102254.01157790264,0.9934,26660.08,1,signal
2026-01-03 04:00:00,2026-01-03 06:00:00,SHORT,101342.19913949215,101283.186995399,-0.1418,-3840.76,1,signal
2026-01-04 02:00:00,2026-01-04 04:00:00,LONG,104638.1036905984,103544.0262961233,-1.2456,-33642.75,1,stop_loss
2026-01-04 10:00:00,2026-01-04 12:00:00,LONG,99019.56159631831,96822.74921046491,-2.4186,-64661.46,1,signal
2026-01-04 14:00:00,2026-01-04 16:00:00,LONG,97682.50481418823,98571.66222193405,0.7103,18552.64,1,signal
2026-01-04 20:00:00,2026-01-04 22:00:00,LONG,99120.4109139054,99845.61989045223,0.5316,13980.89,1,signal
2026-01-06 06:00:00,2026-01-06 08:00:00,SHORT,100411.3556738699,100443.6289903856,-0.2321,-6135.55,1,signal
2026-01-06 12:00:00,2026-01-06 14:00:00,LONG,99810.19278520552,99313.39026244449,-0.6977,-18374.72,1,stop_loss
2026-01-06 16:00:00,2026-01-06 20:00:00,LONG,99532.55854428999,99985.95555929471,0.2555,6694.13,2,signal
2026-01-07 10:00:00,2026-01-07 12:00:00,SHORT,101037.3936349926,101260.73840657277,-0.4211,-11057.24,1,signal
2026-01-07 16:00:00,2026-01-07 18:00:00,SHORT,101321.69030568736,101539.87869955585,-0.4153,-10863.68,1,signal
2026-01-08 02:00:00,2026-01-08 04:00:00,SHORT,101637.9979228688,101250.09676817186,0.1816,4732.48,1,signal
2026-01-08 10:00:00,2026-01-08 16:00:00,LONG,100174.45069040175,99396.86041608891,-0.9762,-25437.02,3,stop_loss
2026-01-08 18:00:00,2026-01-08 20:00:00,LONG,99673.37857391697,99186.06839602305,-0.6889,-17812.43,1,signal
2026-01-08 22:00:00,2026-01-09 00:00:00,LONG,100406.62101515371,100009.3592716063,-0.5957,-15300.45,1,signal
2026-01-09 20:00:00,2026-01-10 02:00:00,SHORT,100728.89576394475,100738.88282059626,-0.2099,-5361.54,3,signal
2026-01-12 06:00:00,2026-01-12 08:00:00,LONG,100349.26001927235,100327.35473971642,-0.2218,-5654.55,1,signal
2026-01-12 16:00:00,2026-01-12 18:00:00,LONG,100201.30704260818,100126.79907752514,-0.2744,-6978.81,1,signal
2026-01-12 22:00:00,2026-01-13 06:00:00,LONG,99826.62236375074,99784.55147986117,-0.2421,-6143.32,4,signal
2026-01-14 02:00:00,2026-01-14 04:00:00,SHORT,99313.53277010178,99354.97503779751,-0.2417,-6118.68,1,signal
2026-01-14 04:00:00,2026-01-14 08:00:00,LONG,99354.97503779751,99487.21519884952,-0.0669,-1689.53,2,signal
2026-01-14 12:00:00,2026-01-14 14:00:00,LONG,99713.15874267192,99828.99149828823,-0.0838,-2115.8,1,signal
2026-01-16 02:00:00,2026-01-16 04:00:00,LONG,98654.00226486586,98650.82217541625,-0.2032,-5124.87,1,signal
2026-01-16 12:00:00,2026-01-16 14:00:00,LONG,98747.48386451864,98804.68317372621,-0.1421,-3575.92,1,signal
2026-01-17 00:00:00,2026-01-17 02:00:00,SHORT,99095.2140426559,99464.35047976817,-0.5725,-14408.82,1,stop_loss
2026-01-17 10:00:00,2026-01-17 20:00:00,LONG,98061.84881984319,98500.24362605704,0.2471,6176.08,5,signal
2026-01-19 02:00:00,2026-01-19 04:00:00,LONG,97871.29596076248,97616.7025777675,-0.4601,-11529.51,1,signal
2026-01-19 08:00:00,2026-01-19 18:00:00,LONG,96505.9761917751,97009.68955673557,0.322,8031.86,5,signal
2026-01-20 02:00:00,2026-01-20 04:00:00,SHORT,98036.50030463639,98465.07235842555,-0.6372,-15944.06,1,signal
2026-01-20 10:00:00,2026-01-20 12:00:00,LONG,95403.70678304248,95561.70102315012,-0.0344,-855.46,1,signal
2026-01-22 02:00:00,2026-01-22 04:00:00,LONG,94524.63605485788,94440.47475772945,-0.289,-7186.66,1,signal
2026-01-23 02:00:00,2026-01-23 04:00:00,LONG,94310.87202822215,93996.47110243798,-0.5334,-13208.79,1,stop_loss
2026-01-23 06:00:00,2026-01-23 12:00:00,LONG,93689.41839883298,93278.95780321692,-0.6381,-15720.79,3,stop_loss
2026-01-23 14:00:00,2026-01-23 16:00:00,LONG,93486.09543084494,94073.76458546722,0.4286,10510.15,1,signal
2026-01-24 22:00:00,2026-01-25 00:00:00,LONG,92167.70056169305,91811.04535315931,-0.587,-14451.6,1,signal
2026-01-25 02:00:00,2026-01-25 04:00:00,LONG,91872.80569897307,91832.70236386744,-0.2437,-5965.47,1,signal
2026-01-26 02:00:00,2026-01-26 04:00:00,SHORT,92615.30446601784,93054.51003809263,-0.6742,-16492.47,1,stop_loss
2026-01-26 06:00:00,2026-01-26 08:00:00,SHORT,92094.99638110738,90344.17493871682,1.7011,41286.32,1,signal
2026-01-26 10:00:00,2026-01-26 16:00:00,LONG,89940.82237614703,92121.17050619746,2.2242,54854.48,3,signal
2026-01-29 04:00:00,2026-01-29 06:00:00,SHORT,91567.69460703997,91691.6632398847,-0.3354,-8446.21,1,signal
2026-01-29 08:00:00,2026-01-29 10:00:00,SHORT,92001.4827281692,92099.5383509611,-0.3066,-7696.22,1,signal
2026-01-29 12:00:00,2026-01-29 16:00:00,SHORT,92037.82634354351,91834.35448979131,0.0211,527.49,2,signal
2026-01-30 02:00:00,2026-01-30 04:00:00,LONG,92022.10658030666,93411.84998090725,1.3102,32801.95,1,signal
2026-01-30 06:00:00,2026-01-30 08:00:00,SHORT,91977.75867030877,88139.2543365551,3.9733,100710.84,1,signal
2026-01-30 10:00:00,2026-01-30 16:00:00,LONG,87578.5268573424,86712.69945637736,-1.1886,-31265.34,3,signal
2026-01-30 18:00:00,2026-01-30 20:00:00,LONG,87014.60651817465,90933.59414265573,4.3038,111928.16,1,signal
2026-02-02 12:00:00,2026-02-02 14:00:00,LONG,90204.74950781756,90209.88363891027,-0.1943,-5259.92,1,signal
2026-02-02 20:00:00,2026-02-03 00:00:00,LONG,89999.50834294037,89744.67493125705,-0.4831,-13039.41,2,stop_loss
2026-02-03 02:00:00,2026-02-03 04:00:00,LONG,91949.3744828064,91334.06759103025,-0.8692,-23341.58,1,stop_loss
2026-02-03 12:00:00,2026-02-03 14:00:00,LONG,88952.40380100624,90753.18095393296,1.8244,48665.49,1,signal
2026-02-03 20:00:00,2026-02-03 22:00:00,SHORT,89391.20255644119,90129.79216924714,-1.0262,-27848.89,1,signal
2026-02-04 08:00:00,2026-02-04 10:00:00,SHORT,92252.27095729597,92011.51870950554,0.061,1638.44,1,signal
2026-02-04 14:00:00,2026-02-04 18:00:00,SHORT,94559.56332990671,90752.63522171287,3.826,102871.24,2,signal
2026-02-06 10:00:00,2026-02-06 14:00:00,LONG,88668.83595780224,88992.79581657886,0.1654,4607.74,2,signal
2026-02-07 04:00:00,2026-02-07 12:00:00,LONG,88008.36629537928,88347.4529594092,0.1853,5171.19,4,signal
2026-02-10 02:00:00,2026-02-10 04:00:00,SHORT,85895.24412296864,84306.01055570686,1.6502,46136.1,1,signal
2026-02-10 04:00:00,2026-02-10 12:00:00,LONG,84306.01055570686,86908.49264306056,2.8869,81978.27,4,signal
2026-02-11 02:00:00,2026-02-11 06:00:00,SHORT,90324.28251197294,89515.00121304113,0.696,20305.0,2,signal
2026-02-13 02:00:00,2026-02-13 06:00:00,LONG,88106.87011284729,87799.81297549307,-0.5485,-16087.96,2,stop_loss
2026-02-13 08:00:00,2026-02-13 14:00:00,LONG,86858.26287270711,88693.20398658894,1.9126,55875.78,3,signal
